t,x,z,yaw,time_s
1780859443.4297712,-2.9349022435224694,4.838805384725555,-0.07579750697129611,2.7593250274658203
1780859443.464886,-2.6462650146171045,4.9845979526287,-0.14480391273343143,2.7944397926330566
1780859443.5037174,-2.669990326840893,4.959690112564762,-0.13461522800523193,2.8332712650299072
1780859443.5409343,-2.6581741105876886,4.974785133214088,-0.13522996922008207,2.870488166809082
1780859443.5763857,-2.662695084057162,4.964762178227208,-0.13020111345262866,2.9059395790100098
1780859443.6155593,-2.6614811424131855,4.972814205297841,-0.12797629731284452,2.945113182067871
1780859443.6519797,-2.662673268934926,4.968735964675639,-0.12386812367753366,2.9815335273742676
1780859443.6903799,-2.6388764794686987,4.983980412971227,-0.12650399174542043,3.0199337005615234
1780859443.726139,-2.6915562771971775,4.955070151255526,-0.1096899574657515,3.0556929111480713
1780859443.7653146,-2.6674071076026085,4.981973678906459,-0.11316101888125978,3.0948684215545654
1780859443.8004897,-2.6527490472405852,5.006073145933172,-0.11443315998045975,3.1300435066223145
1780859443.8342772,-2.6904914017884995,4.9706070272946405,-0.09959614217408917,3.1638309955596924
1780859443.8701172,-2.6497201796471126,5.015644810620373,-0.10783719710007239,3.1996710300445557
1780859443.9079173,-2.7021094302975817,4.982703019916151,-0.0902952004742779,3.237471103668213
1780859443.944523,-2.6641760854690792,5.016419017473206,-0.0965555305439488,3.2740769386291504
1780859443.9769232,-2.7303929282056507,4.969501612911741,-0.07477755002180149,3.3064770698547363
1780859444.0111775,-2.6677797114234387,5.032897474591014,-0.08843960308920737,3.340731382369995
1780859444.0506935,-2.6866218810140174,5.015720881533008,-0.06356794562944197,3.3802473545074463
1780859444.091717,-2.7036781790210567,4.993015003230061,-0.053369452992334,3.4212708473205566
1780859444.1267292,-2.7496402468199683,4.94014934713604,-0.03633538230212366,3.4562830924987793
1780859444.1692858,-2.7087915945860352,4.9955639225012956,-0.042208208507311065,3.4988396167755127
1780859444.2133245,-2.7595568682522473,4.931712203263169,-0.022530396911413005,3.5428783893585205
1780859444.2362175,-2.781295177389839,4.92509351407149,-0.012113027754398903,3.5657713413238525
1780859444.2744694,-2.6791129327088212,5.009677993882935,-0.03131125437521757,3.6040232181549072
1780859444.3068717,-2.806089204879341,4.917206170244777,0.0016356463151899804,3.636425495147705
1780859444.34289,-2.765346947616651,4.94804230133236,-0.004495388569807815,3.6724438667297363
1780859444.38179,-2.7117773537755516,4.978529926516938,-0.011328068791462982,3.711343765258789
1780859444.4155269,-2.7290119429986497,4.985599962516782,-0.005503690547150264,3.7450807094573975
1780859444.4470773,-2.7487510115913736,4.987764652414064,-0.0005547332403006191,3.7766311168670654
1780859444.4833264,-2.7524168722046127,4.997892491759894,0.00283061031142103,3.812880277633667
1780859444.517252,-2.8030939398297186,4.943426063439569,0.01774750901025319,3.8468058109283447
1780859444.5523338,-2.7604652663078806,4.968632567424734,0.009462099615294694,3.881887674331665
1780859444.587583,-2.7385765252387273,4.993009888143319,0.006257670736570631,3.9171369075775146
1780859444.620401,-2.7791786973175485,4.960453043155401,0.01734712984408916,3.9499547481536865
1780859444.6590304,-2.7372140398915175,5.009094428285902,0.009790596156747896,3.988584280014038
1780859444.696027,-2.800449990405407,4.964287427952609,0.024181846314316455,4.025580883026123
1780859444.7329814,-2.7867248901837156,4.976078525151945,0.021951269883332153,4.062535285949707
1780859444.770797,-2.8246047370614265,4.970514548130016,0.030930437395340314,4.100350856781006
1780859444.8047519,-2.7799773034325783,4.969549131093791,0.026282859321857272,4.134305715560913
1780859444.8526313,-2.7998785320676283,4.98127977190465,0.02825336572873596,4.182185173034668
1780859444.8787692,-2.7305134593792992,5.008525087474203,0.01881724829160868,4.208323001861572
1780859444.916771,-2.817108955157298,4.95908956976487,0.03705637602279383,4.246324777603149
1780859444.9549441,-2.753625825427041,4.970931870228801,0.029496376552167563,4.284497976303101
1780859444.9983702,-2.777841935744074,4.994509090691711,0.030288353157772997,4.327924013137817
1780859445.0271637,-2.839182332190031,4.941055243789522,0.0448606493262401,4.356717586517334
1780859445.0665212,-2.7304789000410308,5.015013120635377,0.024612980282939134,4.396075010299683
1780859445.1005034,-2.792890855641363,5.0137322992950395,0.03450453279391238,4.4300572872161865
1780859445.1393158,-2.7576276875318118,4.99547238469865,0.03356925825361532,4.468869686126709
1780859445.1741467,-2.8366947166032386,4.961581613440989,0.048606917148269396,4.503700494766235
1780859445.2176142,-2.7210389132882553,5.0441711099902085,0.026796050881962123,4.547168016433716
1780859445.2502856,-2.8687003811426566,4.93659161239309,0.05995981912236888,4.579839468002319
1780859445.28652,-2.8147848851225286,4.963080325458735,0.05207265740612801,4.616073846817017
1780859445.3237991,-2.8614804580576076,4.963106692665639,0.060588141808007485,4.653352975845337
1780859445.3583136,-2.8509239944171902,4.952108539281946,0.06232626436590495,4.6878674030303955
1780859445.3956926,-2.67992880027268,5.068629364248097,0.029215767089187245,4.725246429443359
1780859445.4357235,-2.8498011409927058,4.979589513044308,0.06299874466872837,4.76527738571167
1780859445.4694302,-2.816665514998685,4.973944811543471,0.059303228190661535,4.798984050750732
1780859445.5050194,-2.78557285946785,4.971498547246595,0.05797414500731967,4.834573268890381
1780859445.5429204,-2.8780865997969296,4.946845087954877,0.07656466429479376,4.872474193572998
1780859445.5773408,-2.816369104784919,5.010802635415423,0.06416385641061689,4.906894683837891
1780859445.617607,-2.7358587631125917,5.0349154379921455,0.05336163690237811,4.947160959243774
1780859445.6579008,-2.881299959229695,4.95153004634931,0.08330565698937213,4.987454652786255
1780859445.69133,-2.8913769640930074,4.939077455328626,0.08952717473659545,5.020883798599243
1780859445.7277439,-2.741292179034832,5.049830934878264,0.06043061471300177,5.057297706604004
1780859445.7721295,-2.836915459958383,4.9910303381525205,0.08103450861753057,5.1016833782196045
1780859445.7969413,-2.8808082965201107,4.946637991114759,0.09253076877605416,5.126495122909546
1780859445.832037,-2.896854604033919,4.9204500754318765,0.1022579711136544,5.161590814590454
1780859445.8693013,-2.9175323523242858,4.919619359204731,0.10850378262834663,5.19885516166687
1780859445.9029787,-2.737469311641827,5.040770695325811,0.07155852621723774,5.232532501220703
1780859445.9396734,-2.8732090518050084,4.958218045308799,0.10016177391963896,5.2692272663116455
1780859446.0115297,-2.885087468849583,4.961309748686256,0.10855779895966769,5.341083526611328
1780859446.0611112,-2.8589276176661866,4.9804679931587135,0.10625856500110205,5.390665054321289
1780859446.082028,-2.863993458323301,4.960901274997015,0.11164822605675558,5.411581754684448
1780859446.1199715,-2.9060945835451006,4.956810678066304,0.12437821448149486,5.449525356292725
1780859446.1569016,-2.786843348492212,5.022000749582167,0.11072055968110157,5.48645544052124
1780859446.1918821,-2.6836060684841154,5.050854407188455,0.10067255645624826,5.521435976028442
1780859446.2290716,-2.9688729250408694,4.904145265354068,0.16491346657171604,5.5586254596710205
1780859446.260881,-3.010241945731422,4.921390326022985,0.17549632256760694,5.590434789657593
1780859446.3001952,-2.7094438820736535,5.071287941244778,0.1310779198371583,5.629749059677124
1780859446.3442912,-2.990499996940576,4.933305399234346,0.18631546270736532,5.673845052719116
1780859446.3809583,-2.984947833461129,4.931052052435659,0.20051550570843985,5.710512161254883
1780859446.413415,-2.9779003667043353,4.913939785534534,0.20772155074531176,5.742968797683716
1780859446.486866,-2.885609692377465,4.956700466057715,0.21119832552283777,5.816419839859009
1780859446.5237184,-2.888586821727505,4.926119591902389,0.21919788241848584,5.853272199630737
1780859446.5627162,-2.822810923076948,4.989594158958113,0.2046575885726057,5.892270088195801
1780859446.6353996,-2.9105943684523163,4.955762067760631,0.23356131889971715,5.964953422546387
1780859446.6695375,-2.869213001260335,4.947425242582206,0.2318156540909644,5.999091386795044
1780859446.7055237,-2.883929142000833,4.95558073127593,0.23674229036379793,6.0350775718688965
1780859446.7392347,-2.847639030051937,4.963772001059284,0.2350686936841776,6.068788528442383
1780859446.7758098,-2.9148812367241392,4.955810883866697,0.2498754326447527,6.105363607406616
1780859446.8543413,-2.938489605212972,4.935210848855899,0.26204400140758943,6.183895111083984
1780859446.9177272,-2.9212388831566094,4.955943511282513,0.2608889166500034,6.247281074523926
1780859447.065508,-2.84180856690543,5.009387546627007,0.2453848339565096,6.395061731338501
1780859447.1172612,-2.8749655124509292,4.95559500161149,0.2577948190905149,6.446815013885498
1780859447.141336,-2.8780123885221878,4.981492720849854,0.25521705994788524,6.4708898067474365
1780859447.2452013,-2.903035922014216,5.008258680527339,0.25907272507248064,6.5747551918029785
1780859447.319615,-2.893648250518552,4.973072591064696,0.261648429615921,6.6491687297821045
1780859447.3581724,-2.908743883058094,4.945751181975362,0.2669480197123205,6.687726259231567
1780859447.5026295,-2.926933015606293,4.946246430193534,0.2702536808770918,6.832183361053467
1780859447.5375524,-2.9310680805043074,4.962451200155053,0.26908678393258806,6.867106199264526
1780859447.573565,-2.9239962645451505,4.965232089931087,0.2685537697376832,6.903118848800659
1780859447.6442568,-2.927499892004078,4.9400984333742315,0.27261299679011647,6.97381067276001
1780859447.6814623,-2.9146778352437535,5.008003453022427,0.26255005823864364,7.011016130447388
1780859447.7186444,-2.928755074152788,4.955494399165101,0.27118769252595387,7.048198223114014
1780859447.7668474,-2.9179432990706173,5.003139502124656,0.2648882947069687,7.096401214599609
1780859447.7934287,-2.9368137253485544,4.967553132733325,0.27237491949777426,7.122982501983643
1780859447.8284745,-2.8890122877632827,4.999327186586181,0.2614572106141846,7.1580283641815186
1780859447.8695884,-2.927637469888893,4.929230732022072,0.2779160440703478,7.199142217636108
1780859447.903856,-2.965012760842476,4.906653395491057,0.2880615837102042,7.233409881591797
1780859447.9434352,-2.9172295119080216,4.975008425486632,0.27416992472672874,7.27298903465271
1780859448.0127516,-2.917779538628002,4.986038366728083,0.27581971004754957,7.342305421829224
1780859448.0514095,-2.917906290402164,4.967164297531442,0.28142935675322445,7.380963325500488
1780859448.0900242,-2.9191329568997038,4.962635096449079,0.2825082263020354,7.4195780754089355
1780859448.1225555,-2.9207317162813804,4.981232378220975,0.2841756114243133,7.452109336853027
1780859448.1613295,-2.945506953495583,4.9755825732430825,0.2882192839186207,7.4908833503723145
1780859448.197655,-2.881780592036832,5.003625001551738,0.273916414251465,7.5272088050842285
1780859448.2447696,-2.887626962900896,4.993028114083589,0.28015323858834223,7.574323415756226
1780859448.2736032,-3.044631383442999,4.964221698431448,0.2919930196209949,7.603157043457031
1780859448.3159673,-2.866851476792223,5.004352719437057,0.27765517890423724,7.64552116394043
1780859448.3478754,-2.9529445342186307,4.977024821710797,0.2958709141694891,7.67742919921875
1780859448.3823555,-2.901601803203313,4.9470932711389075,0.2920150126203174,7.711909294128418
1780859448.4241054,-2.97445134044076,4.956386473343555,0.3055435279828387,7.753659248352051
1780859448.4597065,-2.9406243219495414,5.007609559024543,0.2742803996433821,7.789260387420654
1780859448.542808,-2.930637043981742,4.985972108050092,0.3004664192640661,7.872361898422241
1780859448.578221,-2.900754755416872,4.973010708343345,0.2954508050062566,7.907774925231934
1780859448.6188188,-3.008366765036941,4.97386547457629,0.2973738124302274,7.9483726024627686
1780859448.6641443,-2.9274981880768385,4.990885257742432,0.3029108649350608,7.9936981201171875
1780859448.7237976,-2.907087585054965,4.9925665314599135,0.30208281475290993,8.053351402282715
1780859448.8708208,-2.94345584692949,4.915497406947551,0.31981638308795624,8.200374603271484
1780859448.917407,-3.079393735105513,4.923323223984826,0.32446722984327825,8.246960878372192
1780859448.9524162,-2.9563370209243507,4.938460538970472,0.3200886652888076,8.281970024108887
1780859449.026317,-3.099751521502263,4.886058474378996,0.3328845564253291,8.355870723724365
1780859449.063607,-2.9485283282572845,4.970688330552803,0.2967529926228157,8.393160820007324
1780859449.1345625,-3.0281159465531537,4.947239726131853,0.3150080269730939,8.464116334915161
1780859449.1690304,-3.0507695654896074,4.893680346171721,0.3245657817784765,8.498584270477295
1780859449.2034662,-3.009910584938779,4.941321977748232,0.31185358582166467,8.53302001953125
1780859449.2551095,-2.900841848012896,5.010439223264566,0.28366481093657375,8.584663391113281
1780859449.277284,-2.8560473748114723,4.990943225020325,0.27590527662498554,8.606837749481201
1780859449.432905,-2.842439057688089,5.015854513231023,0.2711902422149679,8.762458801269531
1780859449.4586318,-3.0458084253123516,4.886586123543654,0.32428672340878645,8.788185596466064
1780859449.6003363,-3.0119499450567058,4.938316849596117,0.3131302350432953,8.929890155792236
1780859449.638669,-3.035426968852477,4.890255598490795,0.32218743541388006,8.968222856521606
1780859449.667747,-2.9348557301245863,4.946490845459865,0.29645039062549156,8.997300863265991
1780859449.7088487,-2.7867854416070514,5.034207545440454,0.25850721638385693,9.038402557373047
1780859449.7809641,-2.8074230774620084,4.9754280408385565,0.2916055152254616,9.110517978668213
1780859449.8166633,-2.912083868680187,4.976343944671106,0.2892147917532423,9.146217107772827
1780859449.8525896,-3.0005774059126957,4.943687449553896,0.3103288263481912,9.182143449783325
1780859449.8893685,-2.9146660817631815,4.937191395108787,0.3196201908910006,9.21892237663269
1780859449.924323,-2.9452367341841277,4.949987555173502,0.3019603168930043,9.25387692451477
1780859450.0462024,-3.001844006236316,4.933751078495536,0.3182957101246,9.37575626373291
1780859450.1049035,-3.0818830254368663,4.895926959004064,0.33956357252702274,9.434457302093506
1780859450.1400719,-3.0497569421991093,4.906030666638997,0.3319116755487632,9.46962571144104
1780859450.1877182,-2.8804293457867662,4.99311496948323,0.31402287614507407,9.517271995544434
1780859450.2106638,-3.006018630174404,4.947887272787241,0.3189882718914833,9.540217638015747
1780859450.2487624,-3.053858023537745,4.922960534874001,0.33211006296969836,9.57831621170044
1780859450.328878,-3.033753363662741,4.906357895708891,0.33233450291370237,9.658431768417358
1780859450.4029505,-2.9368427300147073,4.942057443316756,0.31217765354347077,9.73250436782837
1780859450.498288,-2.925855710098014,4.904663347005621,0.30909049328795546,9.827841758728027
1780859450.5360088,-2.8841879091491793,4.965396373848129,0.2998038684644734,9.865562677383423
1780859450.5776267,-2.885643339628819,4.937562926713086,0.32847903286624686,9.907180547714233
1780859450.6115623,-3.07730118970395,4.883706116891448,0.3474282740431161,9.941116094589233
1780859450.6474442,-2.849760441091072,5.014095239874673,0.29202358514062277,9.976998090744019
1780859450.6850927,-2.9913388440034705,4.948412229469125,0.32670349902207046,10.014646530151367
1780859450.721233,-2.995540848804774,4.947371669327649,0.32822932688309187,10.05078673362732
1780859450.7612493,-2.998107874758534,4.92946030508591,0.3311964193324328,10.090803146362305
1780859450.7910607,-2.846076560454817,4.993631302799481,0.29707917313477344,10.120614528656006
1780859450.8288126,-3.033899512970121,4.89212090108722,0.34432246673087935,10.158366441726685
1780859450.865566,-3.0790149507551807,4.886246901924063,0.35498887870429124,10.195119857788086
1780859450.9038765,-3.028677850530348,4.940745740747301,0.34028254363000415,10.2334303855896
1780859450.9370873,-2.7892338249667574,5.037107585043342,0.28505023327537216,10.26664113998413
1780859450.9712877,-2.936781491112464,4.966542989053062,0.32167990538876073,10.300841569900513
1780859451.008775,-3.0520411920382875,4.881671696943487,0.3528911350572622,10.338328838348389
1780859451.0463707,-3.0307343345042446,4.938062508405793,0.34409109858086706,10.375924587249756
1780859451.0814335,-3.0429688041343694,4.922371864628354,0.34829971564799705,10.410987377166748
1780859451.1166115,-3.060112344054764,4.898467121132885,0.35373942625394733,10.446165323257446
1780859451.1531932,-3.0201179951112125,4.898354287949514,0.3449266732101883,10.482747077941895
1780859451.1894054,-3.040301203996777,4.879142408966214,0.35050939649585666,10.518959283828735
1780859451.2266917,-2.8475381248747778,5.008067350044008,0.29982634927071344,10.556245565414429
1780859451.2648184,-3.0712143591216488,4.882382254030313,0.35402995590416936,10.594372272491455
1780859451.3001654,-3.056351937773764,4.878971739535141,0.34994648837166165,10.629719257354736
1780859451.3372438,-2.8548916795536567,5.013185442952171,0.2968988687218018,10.666797637939453
1780859451.3745224,-3.0730984731304654,4.893590342267362,0.3490261398794005,10.704076290130615
1780859451.412797,-2.99036929289017,4.918430469960271,0.3290720596098427,10.742350816726685
1780859451.4850423,-3.054822671000449,4.89920900226103,0.34007198408266326,10.814596176147461
1780859451.532845,-2.920780859554634,4.949584781996408,0.3080078989446062,10.862398862838745
1780859451.5612662,-3.062559732759552,4.926634559761323,0.3361304235299933,10.890820026397705
1780859451.5911787,-2.9857472845978963,4.9281507723084506,0.3194199546133949,10.920732498168945
1780859451.6294613,-3.014397536724188,4.888743412289282,0.326373016044081,10.959015130996704
1780859451.6741433,-3.009624380275877,4.9412165714767635,0.31980503752383616,11.003697156906128
1780859451.6989255,-3.034386392786726,4.896474206654967,0.3285423610607366,11.02847933769226
1780859451.7399004,-2.8292260989131353,5.027957913358512,0.2751341171219832,11.069454193115234
1780859451.7777762,-3.0906556141795076,4.882229282782757,0.3387875997444462,11.107330083847046
1780859451.814766,-3.078072317985763,4.880177471495913,0.33564051416903873,11.144319772720337
1780859451.8845317,-2.9972404438333227,4.925746579579548,0.3142203096186091,11.214085578918457
1780859451.9217248,-2.9266201436756396,4.883789771502283,0.3263382732661772,11.251278638839722
1780859451.9566932,-2.830347758213134,5.02080403039524,0.2719492757962147,11.28624701499939
1780859451.9949176,-3.07071845787612,4.903741251349396,0.32943260769018623,11.324471473693848
1780859452.033028,-3.1022584612846567,4.865807383341111,0.3391532563041132,11.362581729888916
1780859452.071245,-3.0506351696205467,4.937969583583732,0.3219144860742694,11.400798797607422
1780859452.106853,-3.0847478658771355,4.8977825520349,0.3323146562433665,11.43640685081482
1780859452.143933,-3.1096945825874363,4.87079196137927,0.3399294986875382,11.47348690032959
1780859452.1785994,-3.0299140283065222,4.962654765065935,0.315564207479133,11.508153200149536
1780859452.2141516,-3.063126324595455,4.920291099897817,0.3262321424223176,11.543705463409424
1780859452.2510536,-3.0726979258270206,4.90759130691969,0.32955902233689915,11.580607414245605
1780859452.3320332,-2.907346166254121,4.9466026458670225,0.31593174090394316,11.661586999893188
1780859452.3597772,-3.0004980618047625,4.944585558654515,0.3130959652576307,11.6893310546875
1780859452.434265,-3.0554997670205286,4.948414001170813,0.3289891730475345,11.763818740844727
1780859452.5070565,-3.008702300157105,4.937028343357377,0.331165117146956,11.836610317230225
1780859452.5546072,-3.0517856645810895,4.943604215390595,0.34388279292676843,11.884160995483398
1780859452.578553,-3.028082532679446,4.958492370683901,0.34234310243018495,11.908106803894043
1780859452.6142848,-2.845692623696848,5.039178019543836,0.30391393237146086,11.943838596343994
1780859452.655305,-2.945974209250431,4.977332511307141,0.33338222865841316,11.984858751296997
1780859452.688724,-3.0000870318782127,4.953775309410855,0.3493635031098184,12.018277883529663
1780859452.726222,-3.0090189407367824,4.932766422871791,0.35554052638877803,12.055775880813599
1780859452.7637146,-3.0662844111021372,4.908988330934977,0.37332317664184933,12.093268394470215
1780859452.7947385,-3.057980798839089,4.922417583472893,0.3733113906447933,12.124292373657227
1780859452.832718,-2.9451042750537515,4.964856545311934,0.34977653876521686,12.162271738052368
1780859452.8688922,-3.08820453092225,4.882962963815902,0.38767040032179545,12.198446035385132
1780859452.9040473,-3.009792356848124,4.947912877718214,0.36831665738267183,12.233601093292236
1780859452.941554,-3.051230524584305,4.9259331961378034,0.37977569895204655,12.271107912063599
1780859452.9781322,-2.8565876876775516,5.0180265978107155,0.33451210090120614,12.30768609046936
1780859453.0145838,-3.037475268669306,4.917741738189151,0.3803839985135986,12.34413766860962
1780859453.0499895,-3.06952611346976,4.905978785382276,0.38939755437768175,12.37954330444336
1780859453.08368,-2.9371722927305672,4.976725695979421,0.3581681581419466,12.413233757019043
1780859453.1209273,-3.040898326162873,4.910484027050023,0.3854915330795545,12.450481176376343
1780859453.155759,-3.071651655871651,4.896638773337478,0.3940008836165728,12.485312938690186
1780859453.1970868,-3.0177833620915377,4.939849593700381,0.380299574775552,12.52664065361023
1780859453.2493877,-2.9205004195527735,4.9575741586159126,0.36053079159123014,12.578941583633423
1780859453.2713072,-3.000674751030263,4.923134658637392,0.3802760435003499,12.600861072540283
1780859453.3245163,-3.062331923682078,4.8771973440181755,0.3971007012022242,12.654070138931274
1780859453.3492155,-3.0416728565141455,4.9222148460827135,0.38897677460472063,12.67876935005188
1780859453.3906443,-3.0660660319990956,4.896496599184831,0.396415168796853,12.720198154449463
1780859453.429156,-3.0772255489471623,4.885352657125561,0.39955235335704026,12.758709907531738
1780859453.4695895,-3.0477015421386358,4.899387472531568,0.39190468400822215,12.799143314361572
1780859453.5046196,-3.010818786496866,4.930811969913095,0.3814348895918609,12.834173440933228
1780859453.5404522,-2.894805383675658,4.993785599552259,0.3522402196307141,12.870006084442139
1780859453.5775867,-2.902959680275785,4.910251847185633,0.3566551854963819,12.907140493392944
1780859453.6134984,-3.0413895067682524,4.917703821288045,0.38654570489425394,12.943052291870117
1780859453.6523025,-3.0780461449626886,4.867222529158526,0.39793397438891925,12.981856346130371
1780859453.6947193,-3.033658423293704,4.89437931713545,0.3860141911340389,13.024273157119751
1780859453.7281058,-2.9935445919544796,4.9252476328852675,0.3745701536787174,13.05765962600708
1780859453.7687721,-2.9594465667577285,4.944265381734868,0.3656363806180342,13.098325967788696
1780859453.7990897,-2.9363015511226416,4.929705919428591,0.35963213197159205,13.12864351272583
1780859453.8382123,-3.05631513543896,4.8869136865085645,0.38865416165207156,13.167766094207764
1780859453.8717835,-3.0451720156154867,4.9050197988818285,0.38435061662965686,13.201337337493896
1780859453.9073565,-3.0711873665911833,4.87281912968807,0.3922034745750646,13.236910343170166
1780859453.9400816,-3.0302142239108796,4.913092682977067,0.3797882326266276,13.269635438919067
1780859453.9757352,-2.9832415386856566,4.9437527290817505,0.36734479322368013,13.305289030075073
1780859454.0108125,-3.024353080832907,4.888454432600015,0.3804837313391861,13.34036636352539
1780859454.0619934,-3.0147370230308175,4.902748277703725,0.37708828488462576,13.391547203063965
1780859454.083086,-3.0120968322525257,4.90323321183123,0.3765552492229754,13.412639856338501
1780859454.1248684,-2.9975539748386715,4.917983859349943,0.372212668091771,13.454422235488892
1780859454.160679,-3.0028704818695386,4.906760100684307,0.3743476366289271,13.490232944488525
1780859454.1976295,-3.017700152614295,4.887566248199439,0.37858647875647583,13.527183294296265
1780859454.231281,-2.9474655142947714,4.936734851070513,0.3602116284500344,13.560834884643555
1780859454.272959,-2.969698681040459,4.917450477410392,0.3662426466316974,13.602512836456299
1780859454.3120568,-2.9447286654072578,4.9175653037070495,0.36143425476607643,13.641610622406006
1780859454.3465354,-2.9543560683789516,4.936669292558977,0.36161052732239585,13.6760892868042
1780859454.3929982,-3.0060146759044195,4.8899647169604,0.3763182726467801,13.722552061080933
1780859454.4234736,-3.0253080022486336,4.880991542926117,0.3811775891736603,13.753027439117432
1780859454.45623,-3.037514414531105,4.86457676001183,0.3852223054897906,13.785783767700195
1780859454.4914908,-3.0046227001684254,4.901811535166462,0.3751360817291943,13.821044683456421
1780859454.5262935,-3.0209646692493237,4.875077726559097,0.38119416577566045,13.855847358703613
1780859454.5614393,-3.0430143939595915,4.81388158793429,0.3917526210164166,13.890993118286133
1780859454.6062126,-3.0048017501874154,4.858649578408063,0.3800457313545834,13.935766458511353
1780859454.6312482,-3.054040419969728,4.858286728467262,0.39023249090354806,13.96080207824707
1780859454.6694326,-3.057284661665297,4.851666871616815,0.39200110877295224,13.99898648262024
1780859454.7071044,-3.0249097673350893,4.852166435085183,0.38587374300792915,14.03665828704834
1780859454.7425613,-2.901823993605312,4.890022965466605,0.358613381801396,14.072115182876587
1780859454.778863,-2.880848645677915,4.929600252220852,0.35106375434187026,14.10841679573059
1780859454.8151822,-2.9454559556786375,4.8723471265112375,0.36950009624276436,14.144736051559448
1780859454.8538027,-2.907593078924184,4.924946629878615,0.35703008845883466,14.183356523513794
1780859454.8909397,-3.0583034225242605,4.797232039928991,0.3997294877901067,14.22049355506897
1780859454.9261172,-3.0316308136384507,4.83424662263182,0.3914009943648814,14.25567102432251
1780859454.9612448,-3.0818602291008834,4.807374642610625,0.40472098050416355,14.290798664093018
1780859454.9986365,-3.038310872555525,4.856412888016112,0.3916430196896718,14.328190326690674
1780859455.0337777,-2.944488270661433,4.833175447772153,0.37347811570337497,14.36333155632019
1780859455.0700247,-2.8308665017032313,4.934300694235523,0.34408893511753474,14.39957857131958
1780859455.106428,-2.987008363416143,4.832626124345721,0.3853442862529463,14.435981750488281
1780859455.1414125,-2.9877280209514825,4.837767592020835,0.3854835866584763,14.470966339111328
1780859455.1795704,-3.024073273084806,4.825481923754375,0.3945937374810461,14.509124279022217
1780859455.2184856,-3.029846362418946,4.835102398386485,0.3956265583344472,14.548039436340332
1780859455.257134,-2.9063901873345657,4.817289276783385,0.36927215818122117,14.586687803268433
1780859455.2898328,-2.879105301517939,4.886496519343545,0.3624877556571925,14.619386672973633
1780859455.3344493,-2.959348379765429,4.846739372548482,0.382362719504719,14.664003133773804
1780859455.3638384,-3.039291923921746,4.778168451091721,0.4055634775156016,14.693392276763916
1780859455.3977194,-2.9945359016112856,4.829186164229741,0.39221637204009974,14.727273225784302
1780859455.4338858,-3.0580418036964394,4.79724551674286,0.4088818768659634,14.763439655303955
1780859455.4691076,-2.7308400132474926,4.950774431164064,0.33031384721057166,14.798661470413208
1780859455.5051336,-2.926159004907426,4.878767616679886,0.3767225248977928,14.83468747138977
1780859455.542252,-3.0215092712239366,4.800630053786536,0.4045463798303155,14.871805906295776
1780859455.5884101,-3.0751919134518415,4.770899355715082,0.41852607574463485,14.917963981628418
1780859455.619255,-2.949091415826003,4.821255336782314,0.3875898336017698,14.948808908462524
1780859455.6533315,-2.8474572299741485,4.890970498167856,0.363157114717801,14.982885360717773
1780859455.6889646,-2.9519115896039265,4.857609519246004,0.38769841344683886,15.018518447875977
1780859455.72126,-3.034407514226131,4.792532482827497,0.411969892016725,15.050813913345337
1780859455.7619374,-2.985460600902055,4.781975502870436,0.40333364820465895,15.091491222381592
1780859455.7962465,-2.968087739919327,4.811393965863344,0.3992122234783171,15.125800371170044
1780859455.8331478,-3.0019225532739253,4.807478197081958,0.4068681182390554,15.162701606750488
1780859455.8689785,-3.0312507361430345,4.797634868606828,0.41439398402584143,15.198532342910767
1780859455.903815,-2.7591551374294427,4.908611869103212,0.3502600554004525,15.233368873596191
1780859455.939625,-2.946970219393557,4.837134671639207,0.3961959788771717,15.269178867340088
1780859455.978207,-3.019441733211512,4.796922639122024,0.4158380393564042,15.307760953903198
1780859456.0159183,-2.930490679503294,4.832895544957394,0.39378631450757573,15.34547209739685
1780859456.0576017,-2.9178235171999605,4.858482469476341,0.39189942742769995,15.387155532836914
1780859456.0913665,-2.972186368724784,4.830516905531417,0.40631315448843064,15.420920372009277
1780859456.1292481,-3.0294732227749956,4.799404219160415,0.4222511216086286,15.458801984786987
1780859456.1745398,-2.8701175362437743,4.863119868089798,0.3856562485688695,15.504093647003174
1780859456.1976037,-2.953989552258978,4.83281218554904,0.4065031092085432,15.527157545089722
1780859456.2360117,-2.928916323838185,4.841060453582429,0.40163497103601004,15.565565586090088
1780859456.2706187,-2.9331927458730434,4.831258059212578,0.4049436094259817,15.600172519683838
1780859456.3072288,-2.9754117725258817,4.811102650314041,0.4169982914260617,15.6367826461792
1780859456.3427892,-2.6914418112808023,4.924058406549176,0.35098464707446914,15.672343015670776
1780859456.3754191,-2.957115936388552,4.816967414579003,0.41565830101744167,15.704972982406616
1780859456.414009,-2.9879397359575695,4.792439527860041,0.42560188820843325,15.743562936782837
1780859456.452465,-2.9385412841686485,4.810060785329107,0.4160206974039683,15.782018899917603
1780859456.4893463,-2.979316757229343,4.792832400738574,0.42723243916086284,15.818900108337402
1780859456.5220735,-2.8244828528213604,4.847976462225446,0.3924970202372883,15.851627349853516
1780859456.5607514,-2.990799010122219,4.774068573645375,0.43461710245146595,15.890305280685425
1780859456.6069121,-2.849071801939525,4.803291311142384,0.40539536046354163,15.936465978622437
1780859456.6422346,-2.9864874516743463,4.7762523367901295,0.4369948148264805,15.97178840637207
1780859456.6689913,-3.0080290281585387,4.761116672073524,0.44455896521648236,15.998545169830322
1780859456.7049556,-2.9118579813200647,4.816444618946343,0.4214700723299439,16.034509420394897
1780859456.7407377,-2.986872690267834,4.771713606098007,0.44257631849496637,16.07029151916504
1780859456.7818072,-2.93188024506129,4.798584258189408,0.4310629779964931,16.111361026763916
1780859456.8165333,-3.0190634862496446,4.751690797133611,0.4545935998504038,16.146087169647217
1780859456.8523636,-2.9688081723331354,4.765930422335562,0.44548415855202733,16.181917428970337
1780859456.886456,-2.9781254688051133,4.770133399259098,0.44869781049609486,16.216009855270386
1780859456.9208076,-2.95421499685171,4.7886128211637145,0.4440003131402048,16.250361442565918
1780859456.9572017,-2.9779830005306405,4.7836009008376825,0.45080798252379534,16.286755561828613
1780859456.991576,-2.9349243221771255,4.796469507349496,0.443306582347409,16.32112979888916
1780859457.0256126,-2.989061623201553,4.769965092022114,0.4584210747700363,16.3551664352417
1780859457.060628,-3.0070679158329114,4.731913490684825,0.4682973218586318,16.39018177986145
1780859457.0965674,-3.081796913024551,4.687560927778193,0.49021985061212364,16.4261212348938
1780859457.1323318,-2.982437018814382,4.759489979057881,0.4649400153914152,16.461885690689087
1780859457.168554,-2.7506208920619617,4.872561112269888,0.4092131586246666,16.49810791015625
1780859457.2009504,-2.9506369445014187,4.787502363626264,0.45956502049196973,16.53050422668457
1780859457.2380524,-2.868633710777223,4.805835451296119,0.44387593635601136,16.567606210708618
1780859457.278611,-2.970104067321261,4.755315641080593,0.47114143590303476,16.60816478729248
1780859457.3160748,-3.0097317294870516,4.707211504458066,0.48660629931122096,16.645628690719604
1780859457.351759,-2.982654560690916,4.751591995197375,0.4785488364176534,16.681312799453735
1780859457.3843088,-2.9445860531501165,4.776043898954399,0.4704220092050476,16.713862657546997
1780859457.423899,-2.8197575275563453,4.831682990156437,0.4426142759943613,16.75345277786255
1780859457.465094,-2.956399383296496,4.760563712484393,0.47921204099793846,16.794647932052612
1780859457.5051405,-2.9847668876896236,4.722778370182274,0.49130757185740054,16.834694385528564
1780859457.5414906,-2.9982416249704196,4.713608295802116,0.4968207205757856,16.871044397354126
1780859457.5792687,-2.950279233161889,4.746789997675732,0.4863268165223526,16.908822536468506
1780859457.618227,-2.9052688648401013,4.779474418462191,0.4761978304548129,16.94778084754944
1780859457.6530828,-2.930805348706195,4.77884085639576,0.4838300971502848,16.98263669013977
1780859457.6922467,-2.9525847090188684,4.739854869297705,0.49455658431207766,17.02180051803589
1780859457.7335994,-2.8509196790067506,4.746931803134101,0.47510369077629866,17.06315326690674
1780859457.770708,-2.976284736839787,4.710422700698828,0.5071788344300551,17.100261926651
1780859457.8069859,-2.983282243833256,4.693811593886553,0.5129966219374044,17.136539697647095
1780859457.8455205,-2.8667415241531304,4.724024840119327,0.48734907733328736,17.175074338912964
1780859457.8797002,-2.9338223647202404,4.725931955418826,0.5044192928884264,17.209254026412964
1780859457.9177256,-2.902344143900492,4.767556039614458,0.49651682654924423,17.247279405593872
1780859457.9555464,-2.8159636835375315,4.8125273887370525,0.47666174837889325,17.28510022163391
1780859457.9975686,-2.9213650031261036,4.739144342591102,0.507749707369576,17.327122449874878
1780859458.0257466,-2.9241151441822835,4.735972741598209,0.5114345004718129,17.355300426483154
1780859458.067113,-2.9537895012709927,4.707523585296659,0.5225457252257734,17.396666765213013
1780859458.1034486,-2.971958752858307,4.68644347475841,0.5310238223922455,17.433002471923828
1780859458.1400495,-2.954944981553017,4.697014866063995,0.5293114132714564,17.469603300094604
1780859458.1748397,-2.960195642829988,4.681207866233747,0.5340009226780944,17.504393577575684
1780859458.2159889,-2.9474273624105267,4.690463662220112,0.5331456693064446,17.54554271697998
1780859458.2543213,-2.9672672195598375,4.676776626433468,0.541347902267119,17.58387517929077
1780859458.2953432,-2.9471363087708404,4.684863871998244,0.538711794695226,17.624897003173828
1780859458.3331733,-2.9537170178416385,4.677532919954443,0.5435602318510767,17.662727117538452
1780859458.367989,-2.945588171752185,4.698446535273293,0.5424308420780398,17.697542905807495
1780859458.4094315,-2.9167319367088513,4.701462334203079,0.5384553898073309,17.738985300064087
1780859458.4466007,-2.934133231343622,4.689566404123053,0.5459786359209777,17.77615451812744
1780859458.4828463,-2.945790294090662,4.689947633044593,0.5509385071217078,17.812400102615356
1780859458.5242329,-2.8922954707191435,4.720861553220917,0.5390497115730636,17.85378670692444
1780859458.5586436,-2.898274311024453,4.713397150040567,0.5437141347808426,17.888197422027588
1780859458.5916762,-2.8844912223812513,4.711093457855188,0.5434597469921829,17.92123007774353
1780859458.6315305,-2.814542520836891,4.734148900381456,0.5296277124684486,17.961084365844727
1780859458.6684885,-2.9130774063432066,4.692937525211037,0.5565351164206997,17.998042345046997
1780859458.7041466,-2.895384908957626,4.6945474452145035,0.5550168792530147,18.033700466156006
1780859458.7396042,-2.8310965196564037,4.712578760297828,0.5426747024573874,18.06915807723999
1780859458.7735786,-2.924666125774323,4.661896729812964,0.5695786444094452,18.103132486343384
1780859458.811292,-2.908448137450898,4.6659881563139205,0.5679832061986779,18.140845775604248
1780859458.8481898,-2.8083457815414703,4.736403232118743,0.5429055158322323,18.177743673324585
1780859458.8860683,-2.890876668245844,4.696297343660407,0.5665203565158846,18.215622186660767
1780859458.9203038,-2.8894174318175256,4.6900508447592575,0.5694201960453648,18.249857664108276
1780859458.955381,-2.808483928162611,4.74268775168127,0.5501475706339807,18.284934759140015
1780859458.9931955,-2.899883091824745,4.700075155346969,0.5756954790679163,18.322749376296997
1780859459.0295305,-2.8480867231119564,4.720201913746636,0.565297310067564,18.359084367752075
1780859459.0674825,-2.7927387076141574,4.736912630863165,0.554827119250318,18.39703631401062
1780859459.100979,-2.894084817691126,4.688227524183565,0.5831368282951179,18.430532932281494
1780859459.1355991,-2.8091441185261106,4.737829322786892,0.5628878236361551,18.465152978897095
1780859459.1726513,-2.7948782823838734,4.728963416220425,0.5635394316324773,18.50220513343811
1780859459.211163,-2.9037441221065157,4.669291160301009,0.5945969804414933,18.540716886520386
1780859459.2454371,-2.839707693008662,4.691292336326697,0.5813951123384075,18.57499098777771
1780859459.282223,-2.8123107942648766,4.691904036239498,0.5781090845515299,18.61177682876587
1780859459.3194537,-2.9004800357803084,4.653232201017296,0.6028707042290958,18.649007558822632
1780859459.3549323,-2.823616443892681,4.691951720952471,0.5852168710486779,18.684486150741577
1780859459.393495,-2.770293514645642,4.725656596671822,0.5733350563411646,18.72304892539978
1780859459.440752,-2.8535697059042646,4.685295452655236,0.5970757262668054,18.7703058719635
1780859459.4666235,-2.8390931716975008,4.653209238639298,0.5998155535731794,18.79617738723755
1780859459.501697,-2.8144149579195448,4.664582420565176,0.5959516541787254,18.8312509059906
1780859459.5458026,-2.8055412505071504,4.67922120067908,0.601875941395823,18.875356435775757
1780859459.5806887,-2.8117451504905167,4.669755468546723,0.5993726809778627,18.910242557525635
1780859459.6151104,-2.7891834792577126,4.672008511858176,0.5971463159209084,18.944664239883423
1780859459.6489437,-2.7876279688077354,4.6715627390191585,0.5987728852760326,18.97849750518799
1780859459.686267,-2.80090302562341,4.665626328519783,0.6046010893862701,19.015820741653442
1780859459.7234724,-2.776764274931121,4.685227029936854,0.6002053512137494,19.05302619934082
1780859459.757566,-2.7740128923712355,4.672840624074704,0.6030293030589453,19.087119817733765
1780859459.7945175,-2.8328566182820794,4.616524205113754,0.6236143927090048,19.1240713596344
1780859459.8293993,-2.7655830510880652,4.639187914988379,0.6091672278545367,19.158953189849854
1780859459.8646317,-2.77686275665348,4.643163637974167,0.6135445347753166,19.194185495376587
1780859459.900395,-2.809691868784289,4.642306847435221,0.6232372065498877,19.22994875907898
1780859459.935706,-2.689646518491041,4.675636124302054,0.5959219783464255,19.265259742736816
1780859459.9705477,-2.7406962584595176,4.664841675786017,0.6108443431440271,19.30010151863098
1780859460.0076084,-2.7923947048524114,4.636896927226365,0.6271592536063586,19.337162256240845
1780859460.041822,-2.7345579014390817,4.653002750271492,0.6155167012334669,19.371375799179077
1780859460.0772617,-2.754941974905102,4.627843263946602,0.6247733079870877,19.40681552886963
1780859460.1170228,-2.7577542376765143,4.6222615808751755,0.6282259666621609,19.446576595306396
1780859460.150437,-2.7339174993381317,4.624371733627319,0.6251882903663938,19.47999095916748
1780859460.1899343,-2.769673206627132,4.600864267971268,0.6377414482254584,19.519488096237183
1780859460.222574,-2.703796042929502,4.640100172177565,0.621851112767878,19.552127838134766
1780859460.2643929,-2.7565744851184917,4.612214143825492,0.6422387295952345,19.59394669532776
1780859460.2968526,-2.749942858641516,4.623098625879535,0.6385074590441535,19.62640643119812
1780859460.333128,-2.6652128666741524,4.671254842907838,0.6177122986192868,19.662681818008423
1780859460.3693821,-2.69160405001574,4.649939812877642,0.6280136007757459,19.698935985565186
1780859460.4048238,-2.7290909145401394,4.632030939076871,0.6405150321700233,19.73437762260437
1780859460.4418468,-2.6789692045528692,4.637172534447448,0.6322168580952786,19.771400690078735
1780859460.477116,-2.660049241478588,4.627030977541791,0.6324261361008049,19.80666995048523
1780859460.5114937,-2.6723881568503476,4.622405040223377,0.6388434224305867,19.841047525405884
1780859460.5479088,-2.6994908053719455,4.605838064584344,0.6495617308693785,19.87746262550354
1780859460.5851576,-2.688608349657061,4.622191972795998,0.6489373901489923,19.914711475372314
1780859460.6233528,-2.672615463193463,4.616874005170528,0.6491079530225362,19.952906608581543
1780859460.6642845,-2.68898925952754,4.600076628270282,0.6574529957299926,19.9938383102417
1780859460.696169,-2.7177617258371463,4.583334456919414,0.6684877447629993,20.02572274208069
1780859460.7333272,-2.6290383253921923,4.640448682619571,0.6464701572567525,20.062880992889404
1780859460.7678914,-2.6473673527953157,4.622181345654136,0.6553645312549645,20.097445249557495
1780859460.813074,-2.644504997687446,4.615849504769005,0.6583857650999502,20.142627954483032
1780859460.843738,-2.647672560129372,4.6145645466121845,0.6622250756826339,20.1732919216156
1780859460.8803098,-2.6718860818178087,4.598969583032343,0.6721309275565254,20.209863662719727
1780859460.9177094,-2.6444072879911977,4.601006500954071,0.6687180829211171,20.247263193130493
1780859460.9575992,-2.576512383356814,4.631498375758841,0.6537956851081141,20.287153005599976
1780859460.9904516,-2.6209856768335107,4.61901422195352,0.667642131032356,20.320005416870117
1780859461.0286038,-2.6143103380791572,4.611944324007096,0.6699407398092913,20.358157634735107
1780859461.0631764,-2.718215530275749,4.55072795361748,0.7049934989639849,20.392730236053467
1780859461.0986943,-2.633147526331272,4.580517431979047,0.6822513196208634,20.428248167037964
1780859461.1331913,-2.5734870549872473,4.60753259894269,0.6698037404855757,20.462745189666748
1780859461.1739552,-2.7086689961094867,4.537194135200668,0.711233701795904,20.503509044647217
1780859461.2038455,-2.611998263988662,4.58287230329651,0.6862875838229376,20.5333993434906
1780859461.245835,-2.5985687985803425,4.610452438578996,0.6936971729475776,20.57538890838623
1780859461.2848055,-2.556142899280707,4.598688403303451,0.6779236592084327,20.614359378814697
1780859461.3225741,-2.676143286656062,4.572847946441056,0.7135924859047966,20.652127981185913
1780859461.3570907,-2.6000669808540864,4.586469655379052,0.7016002592117839,20.686644554138184
1780859461.396057,-2.5810142955030093,4.583903334579444,0.6932257567475657,20.725610733032227
1780859461.4338038,-2.6580840055326425,4.5464913350877945,0.7186441211673554,20.763357639312744
1780859461.4677608,-2.552261811371115,4.579233018713595,0.692423370755207,20.797314643859863
1780859461.50601,-2.522064114044631,4.5931723679059235,0.6999864275958301,20.835563898086548
1780859461.5427847,-2.6761567260419525,4.504875735383086,0.735809729439462,20.87233853340149
1780859461.576677,-2.632908648812103,4.535094286467689,0.725562753525187,20.906230926513672
1780859461.6153393,-2.5600902646946633,4.58429819408412,0.7132174031652805,20.94489312171936
1780859461.6512165,-2.0176278221590263,5.1173979047201845,0.5947501576619153,20.980770349502563
1780859461.6896546,-2.5997750256381904,4.568284792938671,0.7260364476703318,21.019208431243896
1780859461.7251148,-2.5133258775906877,4.587748676830861,0.7114907419843656,21.05466866493225
1780859461.7625241,-2.4797646769147272,4.5842633850916865,0.709360333765492,21.09207797050476
1780859461.7999687,-2.6212513669373854,4.51095014779033,0.7424075461187867,21.129522562026978
1780859461.8355837,-2.5223493441154607,4.564618274154673,0.7217015278800496,21.16513752937317
1780859461.869722,-2.5706128027150013,4.51191106301898,0.7363566737484284,21.199275732040405
1780859461.9045148,-2.607745311446833,4.504431546417827,0.7468771026783241,21.234068632125854
1780859461.9398687,-2.487389858390409,4.584618349189493,0.7222662656695296,21.26942253112793
1780859461.9748797,-2.5807760392007326,4.513964197905656,0.7450396096903439,21.304433584213257
1780859462.0158782,-2.5640508525466172,4.516836171387464,0.7446013298813262,21.34543204307556
1780859462.0522838,-2.5177830741859912,4.53320855507362,0.7396588274342706,21.381837606430054
1780859462.086369,-2.5536344595011,4.510872876515763,0.7464946570681268,21.41592288017273
1780859462.1282275,-2.5541938926058645,4.500829478339534,0.7512082102604121,21.457781314849854
1780859462.1645656,-2.537242485271208,4.5231090960612095,0.7485953802197582,21.49411940574646
1780859462.1977866,-2.5262010721887562,4.536290374689081,0.7466027051637558,21.527340412139893
1780859462.2319195,-2.5344779687260743,4.510780526011379,0.7531152230651446,21.56147336959839
1780859462.271871,-2.4510377692508483,4.55251601286643,0.7388960783772898,21.60142493247986
1780859462.3035886,-2.506222180240017,4.506180497699674,0.7506895706430833,21.633142471313477
1780859462.338827,-2.545772026833027,4.482035365163627,0.763453328424087,21.668380737304688
1780859462.3784401,-2.507795364107024,4.534051049733818,0.7555896402116913,21.707993984222412
1780859462.4121187,-2.46318125983451,4.543643550641219,0.7474576323006156,21.74167251586914
1780859462.4526355,-2.345037635720558,4.576759671626377,0.7282904388738138,21.78218936920166
1780859462.4868267,-2.5116903286814436,4.495524283827393,0.7657918624510591,21.816380500793457
1780859462.5250318,-2.4578040776780488,4.505841131289776,0.7558989771506907,21.854585647583008
1780859462.562281,-2.472117651925543,4.488356703526314,0.7608370992066148,21.89183473587036
1780859462.6032357,-2.503311065470078,4.470135746485485,0.7716172758486683,21.93278956413269
1780859462.6299107,-2.3846654754777505,4.551475287361603,0.7454227594876873,21.95946455001831
1780859462.667402,-2.4461138323238596,4.516742998714241,0.7613370969234151,21.99695587158203
1780859462.7061956,-2.3883610877461763,4.545199043819456,0.7518059584644871,22.035749435424805
1780859462.744608,-2.4416661668909336,4.50286971708468,0.7656432691312184,22.074161767959595
1780859462.7782032,-2.4443782903672435,4.49346477259151,0.7687052617890964,22.107757091522217
1780859462.8234968,-2.2696278281519566,4.573218319701665,0.7335876467128964,22.153050661087036
1780859462.8594158,-2.442051993698027,4.48358520090617,0.7727184401323276,22.188969612121582
1780859462.8955731,-2.369304291244556,4.493936315818869,0.761466727337105,22.22512698173523
1780859462.9327025,-2.4199853611063116,4.478550307086177,0.7718379975989234,22.262256383895874
1780859462.9673715,-2.391931703583693,4.482911036481553,0.769500275501548,22.29692530632019
1780859463.0047224,-2.4318369848188857,4.466516604257377,0.7794459364731517,22.33427619934082
1780859463.0409513,-2.3554496851674607,4.504093119687367,0.7637316169611962,22.3705050945282
1780859463.0765986,-2.4216291148464855,4.4621735565866025,0.7819548990796653,22.406152486801147
1780859463.1144242,-2.3712706571762223,4.473487801707776,0.7728735873994766,22.44397807121277
1780859463.1559079,-2.368955443219463,4.480187722762202,0.7723622708772235,22.485461711883545
1780859463.2017267,-2.3544676620803893,4.486904593053678,0.7727002242558024,22.531280517578125
1780859463.2272055,-2.350847241175739,4.492193924078021,0.7721311139455496,22.556759357452393
1780859463.2652986,-2.3422453516954684,4.481439216871032,0.7742176649627167,22.594852447509766
1780859463.301795,-2.353252304814589,4.471121851414983,0.7779239511377337,22.631348848342896
1780859463.3370318,-2.3361249511044937,4.470095899989598,0.7775599805071598,22.666585683822632
1780859463.3735766,-2.3506896324143023,4.449543862870923,0.7824246486854847,22.70313048362732
1780859463.4058495,-2.3204594019801057,4.45586638630729,0.7783291101602512,22.735403299331665
1780859463.4429395,-2.287400695320473,4.459805709207101,0.7719001061799027,22.772493362426758
1780859463.4877381,-2.3161183911058765,4.443098023227305,0.7819286336210384,22.817291975021362
1780859463.5224261,-2.3047446801381497,4.444983376949616,0.7810441546508576,22.851979970932007
1780859463.555731,-2.2991480160816797,4.442058439817879,0.7815734762889651,22.885284900665283
1780859463.5948684,-2.2875565966803366,4.446213449538416,0.7805459284662348,22.92442226409912
1780859463.638692,-2.276989198542343,4.438589257765254,0.7802681808728338,22.9682457447052
1780859463.6713345,-2.279702639881678,4.445755385752628,0.7831281922335017,23.000888347625732
1780859463.700458,-2.27456923894058,4.432889534376116,0.7840859725629509,23.030011892318726
1780859463.7366562,-2.244781504699654,4.439880887348602,0.7788481508190707,23.0662100315094
1780859463.783922,-2.214627693465416,4.454908647402833,0.7740425649522329,23.113475799560547
1780859463.8087523,-2.268121661820895,4.408504147826685,0.7892679767554579,23.138306140899658
1780859463.8469582,-2.2288489164069483,4.430339152586345,0.7814713161757092,23.176512002944946
1780859463.8824332,-2.2481252070623934,4.412901555232963,0.7878876178723603,23.211987018585205
1780859463.9220376,-2.1719540110294013,4.437067368673915,0.772018441552463,23.251591444015503
1780859463.9567666,-2.245976230617997,4.395697520352504,0.7911912113911738,23.286320447921753
1780859463.994108,-2.1541244819112193,4.437755081909641,0.7730168162416331,23.32366180419922
1780859464.0305471,-2.1875655301210695,4.413667950613816,0.781690720484102,23.360100984573364
1780859464.0643506,-2.210783769254523,4.396370063762218,0.7890954436386396,23.393904447555542
1780859464.103428,-2.189583003402327,4.4007846355069455,0.7857183731333419,23.432981729507446
1780859464.1510577,-2.216566131103826,4.379281124423589,0.7941942821341359,23.480611562728882
1780859464.1758587,-2.1525942483969107,4.394890163521281,0.781897343000792,23.505412578582764
1780859464.2137303,-2.1699659605328114,4.398680412631165,0.7877501612897185,23.54328417778015
1780859464.2496579,-2.1079984958794844,4.423859357631709,0.7748475739440409,23.579211711883545
1780859464.2845542,-2.141665722129731,4.414318687237822,0.7830676551436504,23.614108085632324
1780859464.3196332,-2.1739297973886895,4.371775554936388,0.792968375491994,23.649187088012695
1780859464.3550591,-2.1607211761904055,4.366547819775926,0.7933480327746835,23.68461298942566
1780859464.3953028,-2.136636813951261,4.3743518870117875,0.7886384962899606,23.72485661506653
1780859464.4317439,-2.127614761607554,4.366407185128303,0.7885329212158291,23.761297702789307
1780859464.4634333,-2.1275260338190063,4.3729771534350075,0.7895436622906655,23.79298710823059
1780859464.5061662,-2.1384655779174686,4.367162501142986,0.7924435953525396,23.83572006225586
1780859464.5433123,-2.102545536342317,4.377690396434903,0.7863902568622891,23.87286615371704
1780859464.579096,-2.0931211754313237,4.380254869996199,0.7858454437936243,23.908649921417236
1780859464.6253202,-2.084492889907364,4.38087844284399,0.7856576954390131,23.95487403869629
1780859464.652936,-2.073490800561327,4.378446926339637,0.7848571397685618,23.982489824295044
1780859464.689377,-2.0691007560763257,4.358581691152786,0.7853981738572526,24.018930912017822
1780859464.7260058,-2.1003870116912586,4.338732297758148,0.7947868674450217,24.055559635162354
1780859464.7621078,-2.076085686345006,4.333491806308388,0.7915168000360854,24.09166169166565
1780859464.7982872,-2.0669843866905473,4.3280348387809635,0.7913207513545081,24.127840995788574
1780859464.8334792,-2.0624580226545524,4.341791670055748,0.7901116205081041,24.16303300857544
1780859464.869119,-2.04097573044277,4.35201831602407,0.7861928584302436,24.198672771453857
1780859464.9067862,-2.0307520502486907,4.357266681974943,0.7848966919039911,24.236340045928955
1780859464.9423044,-2.0417986544051683,4.336857041328615,0.7897750059362274,24.27185821533203
1780859464.9807718,-2.046896170381531,4.316314180068347,0.7939495627221704,24.310325622558594
1780859465.0129178,-2.070954525749922,4.290409919590941,0.8017254486542841,24.342471599578857
1780859465.0626953,-2.0317435718923984,4.315486474207129,0.7931427469963154,24.39224910736084
1780859465.0921116,-2.0102718776823636,4.297937120184771,0.7913034997662728,24.42166543006897
1780859465.1272802,-2.033912162749804,4.294619043117061,0.7967171239185856,24.456834077835083
1780859465.1661468,-2.020186942042042,4.303391431543663,0.7950456755227382,24.49570059776306
1780859465.2126942,-1.979483768599719,4.315589188237167,0.7870037935967664,24.542248010635376
1780859465.2435791,-1.9934828577926442,4.311578582302854,0.7902982525678146,24.57313299179077
1780859465.2801225,-1.9853611383434946,4.32149124783272,0.7889940130328568,24.609676361083984
1780859465.3258667,-1.9486393688876436,4.331549840056409,0.7832701625634227,24.655420541763306
1780859465.3488066,-1.9607743394979997,4.3085990527876845,0.7869494171578275,24.67836046218872
1780859465.3916607,-1.9995384861511498,4.293942215704984,0.7970333272153389,24.721214532852173
1780859465.4319305,-2.1019334218838397,4.288241166102062,0.8299315294234033,24.761484384536743
1780859465.4707055,-2.1788422180913933,4.239701435617967,0.8543085635888118,24.800259351730347
1780859465.5036664,-2.1911445786958805,4.313246111760518,0.8600821269554223,24.83322024345398
1780859465.5479934,-2.112329639969601,4.343038405264501,0.8443247510294432,24.87754726409912
1780859465.5746975,-2.115331068380824,4.331975600310371,0.8466907294278886,24.90425133705139
1780859465.6121123,-2.1117439349146316,4.333277682455143,0.8469493607271407,24.94166612625122
1780859465.6492262,-2.143769946931467,4.304647546660863,0.855960822314399,24.978780031204224
1780859465.6818762,-2.0892588819632762,4.336850715967334,0.8445123247139832,25.011430025100708
1780859465.720237,-2.0678354597747797,4.3500336102664585,0.840624196535937,25.049790859222412
1780859465.7564893,-2.1204107516204815,4.314079693935347,0.854009310899862,25.086043119430542
1780859465.794148,-2.0705614173994027,4.341843851617495,0.8435444291940926,25.123701810836792
1780859465.8309708,-2.0314587349116957,4.356935136740799,0.8360958379143029,25.160524606704712
1780859465.8698375,-2.0291734823682726,4.355110333739182,0.8365901964838863,25.19939136505127
1780859465.9053621,-2.0529049393153542,4.3426548775021825,0.8430896512882989,25.23491597175598
1780859465.9437947,-2.038013456490149,4.3258611534199725,0.8424515851507095,25.273348569869995
1780859465.9788425,-2.0306488543489296,4.327999768115894,0.8418624494133349,25.308396339416504
1780859466.0213964,-2.0357449450043505,4.307206587162736,0.8447706616740985,25.350950241088867
1780859466.0589006,-2.073640349660316,4.281013252599461,0.8550137576969098,25.38845443725586
1780859466.0956473,-2.0252748940303165,4.308118018540919,0.8447961333464684,25.425201177597046
1780859466.1333575,-2.010618750674613,4.312681354570845,0.8425882024892994,25.462911367416382
1780859466.1686175,-1.9781236163677798,4.321660503047366,0.8367992667930823,25.49817132949829
1780859466.2041903,-2.04914854345865,4.2670863885812045,0.8550224239001574,25.53374409675598
1780859466.2373762,-2.0067430976807117,4.294426518411818,0.8459587310009098,25.566930055618286
1780859466.273731,-2.000281186749987,4.2782269812527955,0.8464675001235449,25.60328483581543
1780859466.309322,-1.9592773080096704,4.298892961379156,0.8383511263529614,25.63887596130371
1780859466.349955,-2.0167168460219633,4.253230502552938,0.8531145847856094,25.679508924484253
1780859466.3871043,-2.010027425339164,4.26814205392614,0.8518144451754013,25.716658115386963
1780859466.4216516,-1.9841502021248552,4.2605672097650595,0.8477865145128559,25.751205444335938
1780859466.4609454,-2.127422534821039,4.245347030034361,0.8873803001552351,25.790499210357666
1780859466.5029626,-2.080431909659339,4.2922390617612916,0.8740991188415923,25.83251643180847
1780859466.5393984,-2.0097692638516893,4.236412699070457,0.8571521260388533,25.86895227432251
1780859466.5821698,-1.9661234847271878,4.272941066823256,0.8466167270604832,25.911723613739014
1780859466.6178923,-1.8924524154159827,4.3055342240076895,0.8307789336732686,25.94744610786438
1780859466.6562405,-1.9072693932516673,4.297940294013499,0.8348636172394189,25.98579430580139
1780859466.6913404,-1.8823302684832637,4.294885097329959,0.8310234009206675,26.020894289016724
1780859466.73203,-1.9576889988476687,4.245845183923678,0.8496124641965827,26.061583757400513
1780859466.7705376,-2.155410614512086,4.207997835561107,0.8996370826527726,26.100091457366943
1780859466.9205308,-1.8727566975325673,4.262007501763156,0.8353483165859376,26.25008463859558
1780859466.958238,-1.930802873413534,4.220511516717983,0.8500231933163048,26.28779172897339
1780859466.9969325,-1.9612767932059274,4.171755819341191,0.8596767209007543,26.326486349105835
1780859467.0311449,-1.9041927363237665,4.218060644238769,0.8442603856990804,26.360698699951172
1780859467.068384,-1.9419253312424756,4.20974085493653,0.8502681659575362,26.397937774658203
1780859467.1045375,-1.8704077036456632,4.252246110048021,0.8313062874965096,26.434091329574585
1780859467.1461706,-2.0475970654162587,4.233101022635782,0.8729554777093287,26.475724458694458
1780859467.1799488,-1.8895243141192426,4.212058594239758,0.8343827431006534,26.50950264930725
1780859467.2179453,-2.087524341742953,4.185892750184022,0.88180713098135,26.547499179840088
1780859467.2522857,-1.8838529965608328,4.195396461677318,0.8327220553618534,26.581839561462402
1780859467.4004974,-2.041632749716139,4.178453633907904,0.8748053713513019,26.730051279067993
1780859467.436046,-1.8440455838711276,4.203288131550415,0.8249978172640915,26.765599727630615
1780859467.471267,-1.8650336263388785,4.184024829483222,0.8298079424356678,26.80082082748413
1780859467.5041187,-1.8708891255933549,4.198467066390515,0.829297186705034,26.833672523498535
1780859467.5386853,-1.8038584890005587,4.249315200868437,0.8123910822003507,26.868239164352417
1780859467.5746176,-1.8395915127516462,4.208157948174302,0.822981174906631,26.904171466827393
1780859467.6117907,-1.8183830793485207,4.214789922511607,0.8189901243705565,26.941344499588013
1780859467.645757,-1.8548361183661741,4.181845850313682,0.8295461608555885,26.975310802459717
1780859467.693104,-1.8777085236737834,4.1561420343773685,0.837100491928489,27.022657871246338
1780859467.7185624,-2.054130087666974,4.146537478882248,0.880787421334944,27.048116207122803
1780859467.7572682,-2.0350541945296694,4.13266176480253,0.8800583105378181,27.086822032928467
1780859467.7958283,-1.7900538327468196,4.211880703838031,0.8166178859703815,27.1253821849823
1780859467.8363862,-2.0244898304423486,4.137756981553185,0.8779083702466162,27.165940046310425
1780859467.873522,-1.9723359519334358,4.18814232202978,0.8631256700790105,27.203075885772705
1780859467.908475,-1.970945056572941,4.183307155793367,0.8629979897389396,27.23802876472473
1780859467.9454224,-2.0274118424735814,4.133110405698252,0.8803527202181298,27.27497625350952
1780859467.9926326,-2.0050746713671685,4.116633938516142,0.8794490315258877,27.32218647003174
1780859468.0153186,-1.7989782814503164,4.164382198460866,0.8256344982168757,27.34487247467041
1780859468.052932,-1.9955413864400664,4.1471307025896715,0.8739117545437254,27.38248586654663
1780859468.0901527,-1.9664780875802519,4.137408703489202,0.8710481603895612,27.41970658302307
1780859468.1302736,-2.0166673099644,4.116634957835046,0.8828075562053591,27.459827423095703
1780859468.1642807,-2.000596510053775,4.129113231459233,0.8786083618475661,27.493834495544434
1780859468.1958945,-1.9406339242364803,4.156537569233485,0.8660290601011578,27.525448322296143
1780859468.2350285,-1.9528717702100291,4.142631871032634,0.870112632047528,27.564582347869873
1780859468.2724667,-1.9885867393755436,4.1243663762932785,0.8794919686094836,27.602020502090454
1780859468.3072364,-1.9793478259821347,4.108100743588993,0.8809435814312641,27.63679027557373
1780859468.3479075,-1.9655477247394075,4.111412416663004,0.8784431951926647,27.67746138572693
1780859468.387267,-1.9617956603920432,4.109596793709607,0.8782984654456102,27.71682095527649
1780859468.420312,-1.9645483786292275,4.0917358964476485,0.881428025079121,27.749865770339966
1780859468.4554904,-1.939831669889794,4.146363239371537,0.8713218403432157,27.785044193267822
1780859468.4893258,-1.9564077027512807,4.09366319924403,0.8814391830097633,27.8188796043396
1780859468.5254061,-1.9504002866980548,4.111069344408218,0.8785375868529388,27.854959964752197
1780859468.5604615,-1.940896102639086,4.095039937288924,0.8791511378618801,27.890015363693237
1780859468.5959947,-1.9576360683559009,4.086044593898499,0.8840662122857387,27.925548553466797
1780859468.6306887,-1.939030120633792,4.088979551487852,0.8803952616907501,27.96024250984192
1780859468.6656291,-1.9289072611590008,4.10451062412838,0.8777124798353937,27.995182991027832
1780859468.6989276,-1.8796480216717546,4.142049985332941,0.8647135306947522,28.028481483459473
1780859468.7395859,-1.9076028331456047,4.115872976540295,0.8736870156539396,28.0691397190094
1780859468.7753437,-1.9062521065510385,4.09805235615554,0.877043177631208,28.104897499084473
1780859468.820308,-1.9159471278975904,4.077221613163106,0.8810994308498528,28.149861812591553
1780859468.8476796,-1.9003886630076061,4.078360035457486,0.87866389862575,28.177233457565308
1780859468.8837059,-1.9163321199927008,4.064970783906963,0.8831317586210955,28.21325969696045
1780859468.920092,-1.891642982477506,4.092291216944041,0.8766731859331269,28.249645948410034
1780859468.960895,-1.8651665936911233,4.09883446164071,0.8715200258784017,28.290448904037476
1780859468.99641,-1.8716633668015086,4.1008314227961975,0.8729947893130358,28.325963735580444
1780859469.034418,-1.8530407747217086,4.105449522517322,0.869608966766412,28.363971948623657
1780859469.0695233,-1.688010534330093,4.0633002782060315,0.8330868044768027,28.39907717704773
1780859469.1076708,-1.8885062962048256,4.04209796230791,0.8857352081026652,28.437224626541138
1780859469.1524704,-1.8787904199848975,4.041827381132581,0.8839976791155011,28.48202419281006
1780859469.1791425,-1.8700547219313528,4.040659977257084,0.8831855196100169,28.50869631767273
1780859469.218782,-1.8723769965065844,4.0352637481041445,0.8840183418545215,28.548335790634155
1780859469.2596185,-1.8727849692727316,4.052372353626906,0.8819053057487197,28.58917236328125
1780859469.294964,-1.887675451747074,4.045035517432426,0.8858103552213861,28.624517917633057
1780859469.3336594,-1.855455800114511,4.053838632402119,0.8795380613440972,28.66321325302124
1780859469.3723965,-1.7942961427095878,4.108855681240749,0.8614498821335874,28.701950311660767
1780859469.4144402,-1.8384665629367842,4.065838221994735,0.875058223809421,28.743993997573853
1780859469.4499454,-1.805420865709654,4.056235484505599,0.8712099062377281,28.779499292373657
1780859469.4883664,-1.7956821505848088,4.0380199974182105,0.8724124342840637,28.817920207977295
1780859469.5276792,-1.8413741065956333,4.014225434614838,0.8831798629342557,28.85723304748535
1780859469.5645533,-1.8434662301362248,4.009797886735452,0.8848858860151628,28.89410710334778
1780859469.59756,-1.8261881697627862,4.046306817463867,0.8769009574338344,28.9271137714386
1780859469.6374335,-1.8209173948829531,4.038684827629247,0.8770173781548707,28.966987371444702
1780859469.6730237,-1.7949746003940397,4.062777918092152,0.8693572090591846,29.002577543258667
1780859469.7134945,-1.79475025124882,4.044374997563359,0.8723365801059719,29.04304838180542
1780859469.7478318,-1.8064720036095372,4.001775990698912,0.8803084269885685,29.077385663986206
1780859469.7917898,-1.8325225760386914,3.9859284644596715,0.8870951346429159,29.1213436126709
1780859469.821137,-1.832258679901983,3.9887204177425657,0.8879487727589662,29.15069079399109
1780859469.8582785,-1.831109248947275,3.9850246224532335,0.8884474740249212,29.187832355499268
1780859469.8928564,-1.8098541920835818,3.982391584678834,0.8843267991977568,29.222410202026367
1780859469.926475,-1.792006416256375,3.9918822835404875,0.8803883959281807,29.25602889060974
1780859469.9629633,-1.8107157710714086,3.9925397023935947,0.8830548112941783,29.29251718521118
1780859469.9988186,-1.7958694346919102,3.9891620434761927,0.8820269148863492,29.328372478485107
1780859470.042816,-1.7766810969846474,3.9954012641334207,0.8777281181651928,29.37236976623535
1780859470.0687156,-1.7671960185275448,3.9986524688518514,0.8750680761937352,29.398269414901733
1780859470.1075513,-1.7743093501771448,4.004628539985566,0.875381831494839,29.437105178833008
1780859470.141601,-1.7789499631382615,3.986310437229643,0.879028348630754,29.471154928207397
1780859470.1764843,-1.7459758869613506,4.005919660152556,0.8715565057084456,29.506038188934326
1780859470.2158613,-1.7527842091055736,3.994818061580075,0.8740102595671131,29.54541516304016
1780859470.2600887,-1.7403823647864898,4.003908425484825,0.8706877883407214,29.58964252471924
1780859470.2833593,-1.7406162864871024,4.015307935928272,0.8687769150414173,29.612913131713867
1780859470.3244257,-1.7408846306793113,3.9918590482887835,0.8729443090019053,29.653979539871216
1780859470.36047,-1.7338610378335253,3.9909180040084458,0.8715251909293391,29.69002389907837
1780859470.39894,-1.7563927509393897,3.963143666052421,0.8785891608588114,29.7284939289093
1780859470.4293823,-1.7421379849877987,3.971683868662336,0.8766422889247234,29.758936166763306
1780859470.469024,-1.7311593843803483,3.989441459207785,0.8723490757112597,29.798577785491943
1780859470.5086505,-1.728435967844487,3.988034664863253,0.8720470426511657,29.838204383850098
1780859470.5467248,-1.7393899627566989,3.974413005674302,0.875843589097257,29.87627863883972
1780859470.583501,-1.7262606732092247,3.975264006583743,0.8735321244317877,29.913054943084717
1780859470.6229734,-1.7092820563051614,3.97792843235233,0.8698094861587495,29.952527284622192
1780859470.6601155,-1.7106511055170648,3.968031003637803,0.8718338263046003,29.98966932296753
1780859470.698794,-1.7438714621062292,3.945706301193356,0.8811109954641214,30.028347730636597
1780859470.7371612,-1.7316333044912753,3.9585710031435966,0.8782409491147771,30.066715002059937
1780859470.7719436,-1.7405932335212837,3.9425920145049944,0.8812333893205011,30.101497411727905
1780859470.8157003,-1.7088033626983765,3.9609012651450275,0.8739953062184525,30.145254135131836
1780859470.8422701,-1.6818692539631261,3.95877808112113,0.8693764611005593,30.171823978424072
1780859470.8774908,-1.6827114723753767,3.951769266230049,0.8701672121468677,30.20704460144043
1780859470.913537,-1.6527432444863828,3.9651111828069676,0.8642197341896335,30.243090867996216
1780859470.9488018,-1.6720298786254708,3.9486521785892537,0.8695489493948863,30.278355598449707
1780859470.9856985,-1.693008506814906,3.934395026456241,0.8750831501392351,30.31525230407715
1780859471.0270863,-1.7020840635762955,3.937962074101037,0.8767184094944329,30.356640100479126
1780859471.0652003,-1.6934919073494306,3.939322346728674,0.8753212555848404,30.39475417137146
1780859471.0994534,-1.6890761364755562,3.9429008064970246,0.8736897185814558,30.429007291793823
1780859471.1354942,-1.6865263352622857,3.939531090572905,0.8732494636525039,30.46504807472229
1780859471.1727061,-1.6763872046066082,3.937699248925588,0.8718582512375492,30.502259969711304
1780859471.2053418,-1.6807470943262561,3.927345757612697,0.8729316558803519,30.534895658493042
1780859471.2507713,-1.6410535774389996,3.950902655782393,0.8637161993168332,30.58032512664795
1780859471.2869387,-1.6394619148532876,3.9496343399241534,0.8634770976189435,30.61649250984192
1780859471.3218143,-1.6685016972803655,3.921137036368072,0.8724605288075692,30.651368141174316
1780859471.3580732,-1.6559099439858167,3.9328881375372013,0.8682193037750897,30.68762707710266
1780859471.3962133,-1.650374292139265,3.9318686710206077,0.8670814778563614,30.725767135620117
1780859471.4321735,-1.6558711426988226,3.9206911596431326,0.8699192200454695,30.761727333068848
1780859471.4679582,-1.6252150427153043,3.9483852261004304,0.8598792698713289,30.79751205444336
1780859471.5063493,-1.616866747706892,3.950520529496111,0.8578015551149888,30.83590316772461
1780859471.5473719,-1.6323997682950846,3.928205140619581,0.863789508434575,30.876925706863403
1780859471.5850322,-1.6313263522301336,3.9242869528332927,0.863966492609771,30.914586067199707
1780859471.618351,-1.6242694996443228,3.922972953052197,0.8627550807177926,30.94790482521057
1780859471.653367,-1.6267464100922573,3.917135040968327,0.8635645504441088,30.98292088508606
1780859471.690971,-1.6240886535731456,3.913512050555119,0.8633972903288464,31.020524740219116
1780859471.7308187,-1.618277409909056,3.9082683747365667,0.8628401861051523,31.060372591018677
1780859471.7661963,-1.618331711729435,3.903947069263289,0.8632359748667118,31.095750093460083
1780859471.801216,-1.6148415882658829,3.904648541140104,0.862319371072958,31.130769729614258
1780859471.854093,-1.6160103889951118,3.899997204068056,0.8629742820281513,31.18364691734314
1780859471.877292,-1.630874960372843,3.889766449310489,0.866972551998787,31.20684576034546
1780859471.9132597,-1.6264257169655694,3.8913538766982927,0.8658393481979925,31.24281358718872
1780859471.94874,-1.5932290920335133,3.915392572712837,0.8561488455020075,31.27829384803772
1780859471.9818447,-1.5879500416477108,3.92231955589712,0.8538303989785223,31.31139850616455
1780859472.019185,-1.5911289854952724,3.897951594397032,0.8568683514470485,31.3487389087677
1780859472.058677,-1.6230016896611996,3.877539438804666,0.8648197163546695,31.388230800628662
1780859472.0931013,-1.6176048679534514,3.866625337393009,0.8650427554979478,31.42265510559082
1780859472.1311343,-1.6015970703883053,3.868753629505841,0.8620921944734006,31.46068811416626
1780859472.164552,-1.5951593965693505,3.8665234429745277,0.8610325248373969,31.49410581588745
1780859472.1994345,-1.604611744366756,3.8547966922185455,0.8640350959078621,31.528988361358643
1780859472.2408297,-1.5843016008087605,3.8763808476305996,0.8562165246576817,31.570383548736572
1780859472.273909,-1.5857916934316072,3.8859463526141704,0.8539689115527113,31.60346293449402
1780859472.3100095,-1.588491559516478,3.8797580300799757,0.8554206574778236,31.63956332206726
1780859472.3482957,-1.583607365873707,3.8735938831726378,0.8548201270202107,31.677849531173706
1780859472.3825002,-1.5842629120425782,3.8590633579837617,0.8557352748261933,31.712054014205933
1780859472.4209824,-1.6030114231716386,3.8379942057512935,0.8610521135665882,31.7505362033844
1780859472.456942,-1.5728242102220085,3.858996592746334,0.8528575039011043,31.78649592399597
1780859472.4955025,-1.5558830126783203,3.881812328512111,0.845934227682035,31.825056314468384
1780859472.5293984,-1.5685526506437504,3.8673223305980526,0.8496052395821921,31.858952283859253
1780859472.5655868,-1.5770317252344248,3.8598298598048597,0.8519566127703504,31.895140647888184
1780859472.6026611,-1.5692285457178272,3.864269425814634,0.8491204228446787,31.932214975357056
1780859472.636621,-1.5867411167269683,3.8419986630746608,0.8534906273725175,31.966174840927124
1780859472.6697588,-1.555088444213871,3.8753058111633467,0.8432652970083843,31.99931263923645
1780859472.7075367,-1.5490103359932759,3.8797053565989685,0.8408725097525875,32.03709053993225
1780859472.7447112,-1.5642163211202296,3.8514357768958662,0.8473283129091256,32.074265003204346
1780859472.78287,-1.5727162249524564,3.840605040683099,0.8500886097644619,32.11242389678955
1780859472.81863,-1.5830357701645354,3.8165627354042746,0.853770891405565,32.148183822631836
1780859472.856198,-1.5375562451320088,3.844261749934873,0.8411794752910624,32.18575191497803
1780859472.8889468,-1.5349113091231241,3.8468500528912406,0.8396449976919382,32.21850061416626
1780859472.929178,-1.556797047688048,3.827413340535055,0.8457471900276807,32.258731842041016
1780859472.9637656,-1.5567206148011876,3.822740483404099,0.8455024599482367,32.29331946372986
1780859473.0024836,-1.5295884057618665,3.8334498842883558,0.8368804592179608,32.33203744888306
1780859473.0414505,-1.536002566865465,3.837371710999209,0.8376435413534583,32.37100434303284
1780859473.076471,-1.5561836766479424,3.8167584096107094,0.8430647380129672,32.40602493286133
1780859473.1143112,-1.5621383014719263,3.812497296581477,0.8446064343745199,32.443865060806274
1780859473.1542048,-1.552371253321967,3.8070749566404265,0.8402962938633199,32.48375868797302
1780859473.1907654,-1.5318853052019703,3.824514554986564,0.8349378271872684,32.52031922340393
1780859473.2283573,-1.5464545472113658,3.8150068237186767,0.8377590036386775,32.55791115760803
1780859473.268518,-1.5473626964891576,3.8084382402175017,0.8386852309845905,32.598071813583374
1780859473.308934,-1.546378066308991,3.7990461314800097,0.8371321429350264,32.638487815856934
1780859473.3443775,-1.525920687253151,3.8132006500716686,0.8317178168254311,32.67393136024475
1780859473.3793163,-1.542418567063256,3.7950552888185776,0.8364950978365976,32.70887017250061
1780859473.4209013,-1.5341216808535978,3.7983446820224707,0.8339405093021576,32.750455141067505
1780859473.458084,-1.5149953309853688,3.8052566374794012,0.827595803944419,32.78763794898987
1780859473.4941423,-1.516153094629825,3.8029013484598746,0.8275744505736188,32.82369613647461
1780859473.5312676,-1.535534595063608,3.787039733379247,0.8327085017621705,32.86082148551941
1780859473.569911,-1.5558598665634966,3.7617335294701113,0.8375152625803557,32.89946484565735
1780859473.6059885,-1.5122188003477288,3.7999704714604725,0.8241451092261647,32.935542345047
1780859473.643277,-1.509688400476012,3.7826064492205953,0.8247465242277024,32.9728307723999
1780859473.6817734,-1.5288150483326062,3.7825991166104305,0.8282526755337146,33.011327266693115
1780859473.718823,-1.5199506804670198,3.7901628267128133,0.8231301561176457,33.04837679862976
1780859473.7579112,-1.5157423712922555,3.7902012772536553,0.8219596553387641,33.087465047836304
1780859473.7906578,-1.5274162090633379,3.7790990989607325,0.8249713855825348,33.120211601257324
1780859473.8276882,-1.5345517006216443,3.76198271575426,0.8262057858552386,33.15724205970764
1780859473.865087,-1.5037400857663619,3.7908159684254885,0.8165061865992088,33.19464087486267
1780859473.8978999,-1.5056016526252132,3.784366119364629,0.816654418819228,33.22745370864868
1780859473.9337614,-1.5149012543907716,3.7706801690113014,0.8194033326920063,33.263315200805664
1780859473.968724,-1.490050976699775,3.790757661893739,0.8106514426071261,33.298277854919434
1780859474.0068429,-1.4977729879816313,3.7786886237861035,0.8129757981033499,33.33639669418335
1780859474.0413692,-1.5080902847459714,3.7648955303603318,0.8161696058175405,33.37092304229736
1780859474.086907,-1.4964323866388023,3.7700664216877042,0.8117897035869467,33.41646075248718
1780859474.120269,-1.5078453559575768,3.7566145447409864,0.814596476385026,33.44982290267944
1780859474.1552885,-1.5055428481906883,3.7487684369737915,0.8148820890927656,33.48484230041504
1780859474.1960034,-1.4978584343800367,3.766409819416827,0.8087708047942802,33.52555727958679
1780859474.2324111,-1.5027029531620206,3.755944439636596,0.8102278337630043,33.561964988708496
1780859474.2693229,-1.5008520540057484,3.762429662054556,0.8083131665329136,33.59887671470642
1780859474.3074508,-1.5013926365194545,3.7522960878603904,0.8074819714768006,33.63700461387634
1780859474.3414178,-1.5062750424657785,3.7403287783077532,0.8094691391633283,33.670971632003784
1780859474.3791075,-1.4907614091089476,3.7395509914085876,0.8060947901180063,33.70866131782532
1780859474.4223938,-1.5017956864711395,3.727236845877591,0.8077498468669145,33.75194764137268
1780859474.4538372,-1.490498032328584,3.7288356414110906,0.8047808087390829,33.78339099884033
1780859474.491388,-1.4800265398738968,3.7262564710454855,0.8020510974987395,33.82094192504883
1780859474.5243874,-1.5123011146881518,3.7149410038737853,0.8082668672808418,33.853941202163696
1780859474.5629475,-1.4870933309058834,3.7355699957488797,0.7992675974666208,33.89250135421753
1780859474.5969017,-1.4644960102029105,3.7590758960189867,0.7906758704130108,33.9264554977417
1780859474.6347108,-1.488070421471766,3.738572168321735,0.796174781876861,33.96426463127136
1780859474.6679773,-1.4835073140023733,3.7296077478523095,0.7963834581271365,33.9975311756134
1780859474.7049363,-1.4898235794638852,3.7310601074212335,0.7961732145425613,34.03449010848999
1780859474.743058,-1.4611221254884958,3.7333081503491163,0.788657505377567,34.072611808776855
1780859474.7833748,-1.4928782377875238,3.6931834957547744,0.7997277180462121,34.11292862892151
1780859474.8183491,-1.5138689732489423,3.6862083265158923,0.8036078675410535,34.147902965545654
1780859474.859939,-1.4772843759077467,3.7154595178778287,0.7905509197007357,34.18949294090271
1780859474.9011374,-1.4897097857326538,3.702145123339372,0.793563885824613,34.2306911945343
1780859474.9310396,-1.507068552813784,3.700541692384215,0.7958482085704058,34.26059341430664
1780859474.9658613,-1.462431230902863,3.722761485813065,0.7825055575499488,34.29541516304016
1780859475.0051935,-1.4660087925226506,3.710246180054384,0.7838023231171146,34.334747314453125
1780859475.0343537,-1.504262599654875,3.685286031043036,0.7932382637498911,34.3639075756073
1780859475.0751126,-1.46449678358927,3.7089677788051647,0.7809729386532742,34.40466642379761
1780859475.109097,-1.4894412637317918,3.6896158750179127,0.7873998694642033,34.43865084648132
1780859475.1475883,-1.495766157202856,3.675670772242812,0.7895398125883086,34.477142095565796
1780859475.1815944,-1.4615218352251782,3.699487562812898,0.7782960795573208,34.51114821434021
1780859475.217495,-1.4966744047298002,3.6865167658331526,0.7860290653380695,34.547048807144165
1780859475.2573955,-1.4610554364829822,3.700758986834666,0.7747764730764728,34.58694934844971
1780859475.2917256,-1.4677812033911417,3.68535180358218,0.776985444500091,34.62127947807312
1780859475.3294826,-1.4769550392626036,3.6867463175668247,0.7774937342099262,34.65903639793396
1780859475.3624125,-1.4534915217928157,3.6897000014610364,0.771121908508121,34.69196629524231
1780859475.4027936,-1.485071420740968,3.664030506667097,0.7801776554445139,34.73234748840332
1780859475.4345982,-1.4960206016619195,3.6464190347055583,0.783021502640214,34.76415205001831
1780859475.4699917,-1.4639604279843588,3.665509886324843,0.772606970186697,34.79954552650452
1780859475.50709,-1.4853945885455133,3.649374000776846,0.7787557098809232,34.83664393424988
1780859475.5448573,-1.4600226102704166,3.666766004384021,0.7692158507122419,34.87441110610962
1780859475.5779307,-1.483626431644582,3.646854905551902,0.7755371152309763,34.90748453140259
1780859475.612213,-1.485039259653655,3.643862558703037,0.7739192792564002,34.9417667388916
1780859475.6474996,-1.4711045529123488,3.6586391536348257,0.7675654430429828,34.97705340385437
1780859475.6838217,-1.483739631813416,3.6505832826320854,0.7700092643739335,35.01337552070618
1780859475.7250643,-1.4514958517020462,3.6626423035125137,0.7600802095604796,35.05461812019348
1780859475.759943,-1.4690936968016663,3.658350546309563,0.7628786143636843,35.08949685096741
1780859475.7960129,-1.4526721384103638,3.65563554460999,0.7575084559609302,35.125566720962524
1780859475.8324053,-1.4664138230891073,3.6534232839173213,0.7594103365006832,35.161959171295166
1780859475.8668544,-1.470347010778633,3.6475706019785887,0.7595322452532985,35.19640827178955
1780859475.902506,-1.4278856543641947,3.6692233561967216,0.7465304543611342,35.232059955596924
1780859475.942196,-1.46325854593108,3.6393252803798157,0.7547522141651337,35.27174973487854
1780859475.9759512,-1.4603586091608458,3.650918089008288,0.7512891690232126,35.30550503730774
1780859476.0119307,-1.4438452660553232,3.6494466544490436,0.7453426459848407,35.34148454666138
1780859476.05724,-1.475733975664163,3.624599812036246,0.7528089839829896,35.38679385185242
1780859476.0835595,-1.458028681652428,3.640430228708589,0.7455250139220784,35.4131133556366
1780859476.119252,-1.4606629006067395,3.6222791633741016,0.7456984859557442,35.448805809020996
1780859476.158353,-1.4759788826813818,3.6255313190168703,0.7472444866668274,35.48790693283081
1780859476.1995103,-1.4651346196199022,3.632292373499961,0.7414631483980992,35.5290641784668
1780859476.2268732,-1.4291933546334246,3.6347324741831364,0.7313550446608621,35.556427001953125
1780859476.2616155,-1.4621979184355587,3.630102304612702,0.7369312283133478,35.591169357299805
1780859476.2982936,-1.459825606578094,3.620384769663264,0.7359133811053803,35.62784743309021
1780859476.332649,-1.482473121687277,3.6066573279532292,0.7398011747624781,35.66220283508301
1780859476.3675134,-1.4726925822866201,3.6013563400514963,0.7371759543241398,35.69706726074219
1780859476.4044998,-1.4497629755730956,3.6062807673655364,0.7290320827293238,35.73405361175537
1780859476.443357,-1.4828833873337364,3.584012342148921,0.7376381796314334,35.772910833358765
1780859476.4773464,-1.4644293330478892,3.588439363684148,0.7309925324964067,35.80690026283264
1780859476.524195,-1.4719705055288597,3.587822981744941,0.7308561671397323,35.85374879837036
1780859476.5474603,-1.4653534306438454,3.58334281639491,0.7283659516620614,35.87701416015625
1780859476.5837946,-1.448213509526359,3.602394620883044,0.7199767454564672,35.91334843635559
1780859476.6179008,-1.4552610057456956,3.5877696999905098,0.7217194716314687,35.94745469093323
1780859476.6629467,-1.4419693566605059,3.594568248549635,0.7151575667994188,35.99250054359436
1780859476.6872134,-1.4684390049547995,3.572102498672968,0.7228223307996998,36.016767263412476
1780859476.7319221,-1.4715430272279026,3.5602048785666276,0.7213327876310299,36.06147599220276
1780859476.7576978,-1.4744543388808018,3.5563955492781343,0.7224520503805741,36.08725166320801
1780859476.7950153,-1.4460204751221912,3.569660418605907,0.7119919964975906,36.12456917762756
1780859476.8326817,-1.4650249127410135,3.5492877183296807,0.7181217397222689,36.162235498428345
1780859476.8687,-1.4257151008601152,3.580989614336805,0.702644945636676,36.198253870010376
1780859476.9172583,-1.4490775015404884,3.573688699740856,0.7067560774090393,36.24681210517883
1780859476.943915,-1.4251493467458314,3.5785935346540376,0.6990066177579528,36.27346873283386
1780859476.977427,-1.4629737936726195,3.546147944925859,0.7106656630979361,36.30698084831238
1780859477.013104,-1.456173858688627,3.547796357688572,0.7064015194663819,36.342657804489136
1780859477.049466,-1.4517641403009776,3.5478909888869405,0.704187333515698,36.37901973724365
1780859477.0873652,-1.4285823523972772,3.5599267706751645,0.6956245861453676,36.416918992996216
1780859477.1226149,-1.4329744004398324,3.5646410548090395,0.693736162352065,36.452168703079224
1780859477.1584256,-1.43153402631834,3.5593966509650827,0.6921386405682506,36.48797941207886
1780859477.199621,-1.4413408191641617,3.549531435217966,0.6938292079715702,36.5291748046875
1780859477.2433488,-1.4549820981553019,3.52588077103744,0.6981194539440283,36.57290267944336
1780859477.2715218,-1.4421552132234863,3.5287512541364245,0.694038584047199,36.601075649261475
1780859477.3152776,-1.4553857025047223,3.521531184086923,0.6956923290717225,36.64483141899109
1780859477.3542848,-1.4265532445136497,3.5418472159107197,0.685280322700908,36.68383860588074
1780859477.3895981,-1.4563681347317572,3.5219037987098334,0.6928188236958112,36.719151973724365
1780859477.4219756,-1.4340745851728554,3.5089553205571593,0.6890935757061137,36.75152945518494
1780859477.4570146,-1.4354954870031273,3.5077803189722863,0.6874452639267657,36.78656840324402
1780859477.495597,-1.4262746840528135,3.5081598464103765,0.6840737308613334,36.82515072822571
1780859477.535361,-1.4213463982516383,3.5218466312937524,0.6788701191014231,36.864914894104004
1780859477.5714853,-1.4390244661693705,3.496499762175209,0.6847155773655078,36.901039123535156
1780859477.6092386,-1.4245079938184793,3.513973117134954,0.6771844499021437,36.93879246711731
1780859477.6434274,-1.457738936033873,3.489745037774706,0.6865111215682522,36.972981214523315
1780859477.6835,-1.4100657234465213,3.509372797128652,0.6716399424222187,37.01305389404297
1780859477.7314582,-1.413884684335918,3.5007494419957537,0.6719005811390402,37.06101202964783
1780859477.7574012,-1.3868400153139342,3.510806360937165,0.6629452915629273,37.086955070495605
1780859477.796832,-1.419015332617748,3.4857240463514874,0.6722584294967783,37.12638592720032
1780859477.8361819,-1.4476851687274475,3.4644843134403907,0.6796345403987301,37.165735721588135
1780859477.8731086,-1.4324931185872982,3.456573504243102,0.6762203156429564,37.20266246795654
1780859477.9084988,-1.4030401275206623,3.4786016778389737,0.6652608423257812,37.23805260658264
1780859477.9434564,-1.386985489316291,3.49011896905556,0.6581839836307841,37.27301025390625
1780859477.9813056,-1.2583989646680473,3.513882998171428,0.6097091146349927,37.3108594417572
1780859478.0150926,-1.4690373840415278,3.3189046494235814,0.6842434819254949,37.34464645385742
1780859478.0583212,-1.2590802081435895,3.5027821184283243,0.6080934285685147,37.38787508010864
1780859478.0918949,-1.2570526237839723,3.496375129800007,0.606904566856883,37.421448707580566
1780859478.126394,-1.2824116483366392,3.480721820377198,0.6122343516564231,37.45594787597656
1780859478.16357,-1.2741495400771399,3.487746215428464,0.608972726556178,37.49312376976013
1780859478.1974318,-1.2388552470112546,3.495758635500452,0.5987405546365454,37.52698564529419
1780859478.2341866,-1.2230203719428752,3.498362863160887,0.5927960838169332,37.563740491867065
1780859478.2706957,-1.2703759828546448,3.477541677760139,0.6047846027757338,37.60024952888489
1780859478.3075726,-1.3082115545719404,3.4622379633406926,0.6142258191856053,37.637126445770264
1780859478.3439918,-1.2660739203676505,3.460840755218647,0.6029081711192577,37.673545598983765
1780859478.380321,-1.3037609629713884,3.4345498404573283,0.6129905517768991,37.709874868392944
1780859478.416914,-1.3405379921179355,3.4233945136141366,0.6216466305754319,37.74646782875061
1780859478.461339,-1.2566881743559137,3.456743040780669,0.5973198580588129,37.79089283943176
1780859478.4863205,-1.2657727303534307,3.45144772395916,0.5986370919197238,37.815874338150024
1780859478.5278509,-1.3108263531435997,3.4324994495139056,0.6101297821713374,37.857404708862305
1780859478.5613854,-1.2306220480570857,3.462392286290099,0.5868975799184851,37.890939235687256
1780859478.5992737,-1.2424265797542682,3.4542493283809628,0.5894066713670612,37.92882752418518
1780859478.6422837,-1.3016814463358362,3.4268444387094066,0.6049990232512757,37.971837520599365
1780859478.6721897,-1.2259421558635528,3.4493681319709864,0.5832869270283847,38.00174355506897
1780859478.708187,-1.243684085719826,3.438334381038872,0.5876072014049449,38.03774094581604
1780859478.7574973,-1.236605330083579,3.4374770815458833,0.5849494453182791,38.08705115318298
1780859478.7786863,-1.2167368859103656,3.4399628609854536,0.5785264347928402,38.10824012756348
1780859478.8168914,-1.2518698663072483,3.4248230445578187,0.5873360811340705,38.14644527435303
1780859478.8562,-1.2143424567531962,3.4400394542488395,0.5760657268446766,38.18575382232666
1780859478.8975413,-1.2472668406814558,3.4165189551139887,0.5845461103397228,38.22709512710571
1780859478.9317904,-1.2220856124669965,3.423908282678995,0.5770256781197922,38.26134419441223
1780859478.969836,-1.2280877236475465,3.418156706839728,0.5781202007219972,38.29938983917236
1780859479.0001385,-1.2277616039792614,3.4145164048824252,0.5774369695920627,38.329692363739014
1780859479.039252,-1.2049353897028823,3.4128076066493254,0.5706365464976971,38.36880588531494
1780859479.0736504,-1.2263937630435633,3.407569442645159,0.5754457208053425,38.40320420265198
1780859479.1128798,-1.213570366665226,3.404509990277467,0.5718064933073665,38.44243359565735
1780859479.14734,-1.1668276455600621,3.411834441733858,0.5587298533340169,38.47689390182495
1780859479.1795523,-1.2004256029086706,3.400114641538653,0.5668421738211321,38.509106159210205
1780859479.2179098,-1.2320890210507343,3.3767141555607165,0.5757753360357601,38.5474636554718
1780859479.252813,-1.213884357462301,3.3859040323918768,0.5698374374398927,38.582366943359375
1780859479.290879,-1.213082665595828,3.368870306595249,0.5697715520247445,38.62043285369873
1780859479.326354,-1.2095653671818192,3.3739340586065527,0.5677185401961912,38.65590786933899
1780859479.3681393,-1.235834452624601,3.362258383238127,0.5745117983425279,38.69769310951233
1780859479.4016848,-1.2288935899263835,3.357150902227404,0.57252463910504,38.73123860359192
1780859479.4412594,-1.2156634457856759,3.353283701898479,0.5685638654748127,38.77081322669983
1780859479.477108,-1.203321030074733,3.3546069178590656,0.5644291766264433,38.80666184425354
1780859479.5178435,-1.2283494229505134,3.342155257468658,0.5709574294132952,38.847397327423096
1780859479.5489407,-1.229547117666827,3.3348110329057663,0.5711896904829412,38.87849450111389
1780859479.5868351,-1.249873061446548,3.3224543419014116,0.5767766925848347,38.91638898849487
1780859479.6235058,-1.1671987833055233,3.3564448899838912,0.5549532132547447,38.953059673309326
1780859479.6628253,-1.2173931801308377,3.326516288945812,0.5664595425530258,38.9923791885376
1780859479.6962237,-1.2072668461850025,3.330825681773011,0.5628338532199447,39.02577757835388
1780859479.737597,-1.2313449087910855,3.315802681611513,0.5696221037379834,39.067150831222534
1780859479.7674503,-1.2162741120588176,3.3087629660304536,0.5650808806241063,39.09700417518616
1780859479.8064122,-1.1456955945699339,3.3350499379136527,0.5448256284905469,39.135966062545776
1780859479.83877,-1.2271691778803209,3.299623184557269,0.5677908192287127,39.16832375526428
1780859479.8754122,-1.2217740759309867,3.291578149409021,0.5663863371022264,39.20496606826782
1780859479.9124331,-1.2379381686073354,3.2789879835216773,0.5710214217312812,39.241986989974976
1780859479.94919,-1.2233765791693656,3.279304606923735,0.566138392513492,39.278743743896484
1780859479.9881177,-1.1673540886031735,3.308268443446972,0.5519730846165608,39.31767153739929
1780859480.032675,-1.2108010086245145,3.28638255691883,0.5608582250171693,39.362228870391846
1780859480.0582018,-1.1997204337342335,3.2858505443421353,0.5575045415330668,39.38775563240051
1780859480.0941625,-1.2084492372946514,3.280033072691384,0.5597326458080739,39.4237163066864
1780859480.1286807,-1.1641225115795781,3.276664761097904,0.5470846495600479,39.458234548568726
1780859480.1655774,-1.1470222954926645,3.291356443517725,0.5438720857683712,39.49513125419617
1780859480.2012546,-1.1592976762619218,3.2699240177859905,0.546039792392365,39.530808448791504
1780859480.240622,-1.189943242684399,3.2650285283006766,0.5534471185916847,39.570175886154175
1780859480.2764907,-1.193584575516207,3.2631234241699176,0.5554693922892507,39.60604453086853
1780859480.3082442,-1.2033583166394906,3.2439197544619134,0.5575367400967675,39.63779807090759
1780859480.3493364,-1.1559613564085556,3.2622192269823804,0.5462147863599514,39.678890228271484
1780859480.3811445,-1.1649940446773586,3.256308007444467,0.549760285464546,39.71069836616516
1780859480.4181046,-1.1651459275051628,3.1918001502592688,0.5491237185965432,39.747658491134644
1780859480.4540496,-1.1842083396387784,3.2426327418391985,0.5527986134823489,39.78360342979431
1780859480.4933152,-1.1924603332132018,3.23173268251111,0.5556734861226286,39.822869062423706
1780859480.5245876,-1.1849759588930695,3.2305880588766316,0.5549459690102426,39.85414147377014
1780859480.5609994,-1.1234178740675755,3.2467737797112557,0.5344512727267388,39.89055323600769
1780859480.5978425,-1.1489406402991806,3.2246492693371978,0.5428277205113377,39.927396297454834
1780859480.6354463,-1.1548584604242467,3.2170920755469203,0.543762969071485,39.96500015258789
1780859480.6722014,-1.1553214253773607,3.212333356619397,0.545596411224361,40.001755237579346
1780859480.7068274,-1.1589779473059236,3.1872106337090553,0.5443182501528646,40.036381244659424
1780859480.7445753,-1.2092724330197568,3.173488278005843,0.5590526189363209,40.07412910461426
1780859480.7808778,-1.1884398741923212,3.1684710381206806,0.5530222066379401,40.11043167114258
1780859480.8197093,-1.1432955976693482,3.190784619606375,0.5403561005720222,40.14926314353943
1780859480.8565948,-1.148480802818186,3.1905478050382032,0.542513947995938,40.18614864349365
1780859480.8943975,-1.1676588297231785,3.177071168078377,0.5474826529737881,40.22395133972168
1780859480.9302204,-1.1674864795050455,3.171677798393728,0.5504898350205178,40.25977420806885
1780859480.9634335,-1.1400225695944965,3.186338939604451,0.5412415861222651,40.29298734664917
1780859481.003374,-1.144233888730555,3.1778962834354987,0.5435497841663725,40.332927942276
1780859481.0493088,-1.1503467676080037,3.166510192211243,0.5461979035053134,40.378862619400024
1780859481.079054,-1.1544037333765773,3.153806516293785,0.5490456184692643,40.408607959747314
1780859481.1132798,-1.1272532806415474,3.09752694207222,0.5382346043446226,40.44283366203308
1780859481.1480365,-1.1358479784561457,3.088903217353515,0.5412754246639548,40.47759032249451
1780859481.182521,-1.1473864427189069,3.062988448710076,0.5468784575943743,40.51207494735718
1780859481.2261567,-1.1346655755039612,3.0755298603960513,0.5414853683528674,40.555710554122925
1780859481.2635877,-1.1378169359030876,3.063193896686369,0.5433997334141372,40.59314155578613
1780859481.2993906,-1.1302278249792157,3.1482267064565885,0.5396664807719841,40.628944396972656
1780859481.3356776,-1.1423117431886727,3.0664271040260696,0.543984243931372,40.665231466293335
1780859481.368912,-1.132201655824433,3.0679583206333856,0.5406969776643409,40.6984658241272
1780859481.4056578,-1.129601007229286,3.00845749163212,0.5448107141062646,40.73521161079407
1780859481.4408014,-1.184152913362893,2.8988348637848067,0.5671574261609504,40.770355224609375
1780859481.4860144,-1.1270048590705515,3.0209467207937792,0.5422605541405341,40.81556820869446
1780859481.519432,-1.1144327956185103,3.068876511667127,0.5343191760940919,40.84898591041565
1780859481.545373,-1.129409616861051,3.0366529553465575,0.5414109894713603,40.874926805496216
1780859481.582784,-1.1262799444567297,3.0237992708305788,0.5415237466209472,40.91233777999878
1780859481.6164627,-1.1198448135599248,3.0172298138225893,0.5396721342482094,40.94601655006409
1780859481.6495786,-1.1160376354277182,3.016469337567988,0.5386042276584821,40.979132413864136
1780859481.6913505,-1.114059850349334,3.0309133169143685,0.5366606786468339,41.020904302597046
1780859481.7243736,-1.102637498996803,3.0932505820839515,0.5282491271327051,41.053927421569824
1780859481.7681088,-1.1018027180292578,3.08761679118408,0.528211991402648,41.097662687301636
1780859481.8067236,-1.0835287482428053,3.086534453175375,0.5228952602973951,41.13627743721008
1780859481.8399098,-1.1304485663083919,3.060150147524801,0.5571571918679584,41.16946363449097
1780859481.876831,-1.1333689037733137,3.0509719679422727,0.5586924609105767,41.206384897232056
1780859481.907634,-1.134571367476091,3.0439957532190443,0.5597895352006831,41.23718786239624
1780859481.9536219,-1.1216454872765638,3.0516922383821763,0.5542799225292796,41.2831757068634
1780859481.9795227,-1.1138059826084312,3.0442420032187605,0.5531494713530611,41.30907654762268
1780859482.0151093,-1.1079656838964769,3.041356672427929,0.5516615143804371,41.34466314315796
1780859482.059835,-1.1250561789900653,3.0260821017747936,0.557970019301279,41.38938879966736
1780859482.0891318,-1.1209769283311783,3.031170572635097,0.5551857072721791,41.41868567466736
1780859482.1198504,-1.1334990641611724,3.0187913399876156,0.559967031964587,41.44940423965454
1780859482.1564264,-1.1297238660012878,3.0152766621143128,0.559038775187288,41.48598027229309
1780859482.190978,-1.1339249481345657,3.0040819348593497,0.561724423562786,41.52053189277649
1780859482.2255642,-1.1229398913131843,3.00253731403784,0.5586098483585252,41.55511808395386
1780859482.2654417,-1.1062379540227136,3.0044838634538333,0.5532175697527637,41.59499549865723
1780859482.300646,-1.0953715718634116,3.000773449212784,0.5506598762307531,41.630199909210205
1780859482.3395,-1.0824580457082653,3.0049754399120348,0.5466201739843448,41.66905379295349
1780859482.3756988,-1.088906908662415,2.993424305080329,0.5501716760226162,41.7052526473999
1780859482.416977,-1.0773376537486792,3.001326098797842,0.5449319438637722,41.74653077125549
1780859482.4562712,-1.0719885680286203,2.995553373764519,0.5442401871559855,41.78582501411438
1780859482.4892433,-1.075117261415176,2.9868247499223948,0.5458960022160381,41.81879711151123
1780859482.5283356,-1.0737552328296185,2.980155505598809,0.5462658679537696,41.85788941383362
1780859482.5644279,-1.0740533368904246,2.9739729908045702,0.5470151038348547,41.89398169517517
1780859482.6069798,-1.0711935965467236,2.9669193701753414,0.5467950796149753,41.9365336894989
1780859482.651441,-1.0696483531802443,2.9621766028192904,0.5469205207271027,41.98099493980408
1780859482.68552,-1.0754498377653583,2.954907865190742,0.5493236292277189,42.01507377624512
1780859482.7215226,-1.0774283866595944,2.9471813987921656,0.5509515059524215,42.05107641220093
1780859482.7578032,-1.0690856226687473,2.953478806660991,0.5467300620446818,42.08735704421997
1780859482.795175,-1.0764872181351788,2.938485276990515,0.5510584338568356,42.12472891807556
1780859482.8306024,-1.0704566718866535,2.937615275654066,0.548875470149947,42.16015625
1780859482.8731112,-1.0683692665975864,2.9292919014823475,0.549386653822896,42.20266509056091
1780859482.9159698,-1.062786703002957,2.928766292687338,0.5475388406889692,42.24552369117737
1780859482.9438686,-1.0532711381046498,2.930419115561481,0.5439771217982305,42.27342247962952
1780859482.9789824,-1.0589270483755548,2.9194777978827706,0.5471522563595502,42.30853629112244
1780859483.0166147,-1.0490544067014518,2.91736930244187,0.5443026774243249,42.346168518066406
1780859483.0541918,-1.0547185669723231,2.9067753108581016,0.5473366498668428,42.3837456703186
1780859483.093751,-1.0436354912669845,2.9055555153071566,0.5438204895429211,42.42330479621887
1780859483.1265142,-1.031359476171314,2.9065079099698643,0.5399018574771671,42.45606803894043
1780859483.1598468,-1.0293453408633602,2.90249528105573,0.5400900014463763,42.48940062522888
1780859483.1969478,-1.0282080898273165,2.895349189937959,0.5407712163881283,42.52650165557861
1780859483.2314754,-1.0273268217839109,2.889844726049203,0.5412815618941411,42.56102919578552
1780859483.270368,-1.0191692701512616,2.8949347024526073,0.5373715875602849,42.5999219417572
1780859483.3055906,-1.0187508976865132,2.8867835546200507,0.5383651901984875,42.63514447212219
1780859483.3395758,-1.0119245484841077,2.8849917187839234,0.5365840970328576,42.669129610061646
1780859483.379004,-1.0139006350326378,2.8783305881348733,0.5378834917086218,42.70855784416199
1780859483.4123795,-1.0075259424559986,2.875029205631771,0.5364295218926444,42.74193334579468
1780859483.4462461,-0.9980412940862406,2.8779765222680016,0.5324867696243636,42.77579998970032
1780859483.480225,-0.9992990654105116,2.8696512813335757,0.534179181964613,42.809778928756714
1780859483.528792,-0.9951318746945699,2.8670160938127243,0.5331222919897838,42.85834574699402
1780859483.5532787,-0.9976435131532166,2.856701964334923,0.5354366288759266,42.882832527160645
1780859483.587563,-0.9897460104221376,2.8597125632404636,0.5324002059152537,42.91711688041687
1780859483.6205466,-0.9812148255455878,2.8619324319445223,0.5290085319796854,42.95010042190552
1780859483.6571085,-0.9869337863426796,2.846189449045763,0.5335674375997359,42.9866623878479
1780859483.6932917,-0.98433162409798,2.84712832521762,0.5318324262753743,43.02284550666809
1780859483.7306771,-0.988195871224254,2.8377634034805865,0.5346331931165619,43.06023097038269
1780859483.7711685,-0.9791993128530722,2.8425889412412197,0.5303667886089767,43.100722312927246
1780859483.8087144,-0.9740359302784078,2.8383474146733563,0.5294892110417364,43.13826823234558
1780859483.8461154,-0.9726989598621363,2.8333080369999655,0.5296725074076292,43.17566919326782
1780859483.8816547,-0.9681004537499277,2.83125503478138,0.528277201771638,43.21120858192444
1780859483.9176497,-0.9685266800146424,2.822534927874802,0.5300259922012668,43.24720358848572
1780859483.9570234,-0.962151982070441,2.823314825546012,0.5269633018056205,43.286577224731445
1780859483.998174,-0.9616073371973635,2.818107352209455,0.5274934711023737,43.32772779464722
1780859484.030669,-0.9567992763719626,2.8167625297792624,0.5258833051810861,43.360222816467285
1780859484.0651586,-0.9630020209799974,2.802328813845466,0.5295719964759685,43.39471244812012
1780859484.1006453,-0.9593754414626552,2.7965577634645715,0.529369416372212,43.43019914627075
1780859484.145113,-0.9518755503751519,2.7977065374467576,0.5260973241812346,43.47466683387756
1780859484.188957,-0.9473443338030656,2.791775593696346,0.5257540021338656,43.518510818481445
1780859484.2252696,-0.9358502479030145,2.795501642442434,0.5217010026537574,43.55482339859009
1780859484.25445,-0.9432540840450924,2.782576929066998,0.5257816768101472,43.584003925323486
1780859484.288186,-0.9386379399702993,2.7812478220386088,0.5244303766550431,43.61773991584778
1780859484.3320723,-0.9369690439566922,2.778963543034049,0.5236041367809351,43.66162610054016
1780859484.3570707,-0.9405424650851125,2.7714372171219175,0.525916115812758,43.68662452697754
1780859484.3954089,-0.9398438142806957,2.76553790928941,0.5260104601375984,43.72496271133423
1780859484.4301512,-0.9418481692049534,2.759019129360688,0.5274304737145775,43.75970506668091
1780859484.46353,-0.9339549389836481,2.7625467869471727,0.523706501918496,43.793083906173706
1780859484.4993422,-0.9296383300799684,2.758466523327102,0.5229979003815719,43.828896045684814
1780859484.5331562,-0.9307911194435873,2.7497962566423384,0.5246333247504884,43.86270999908447
1780859484.5705838,-0.9293397252089397,2.7471413556422464,0.5243332329258256,43.90013766288757
1780859484.6031632,-0.9353264234426566,2.7357553941767336,0.5279166628728785,43.932717084884644
1780859484.6429763,-0.9296388013657603,2.7372350940721883,0.5251105106286941,43.972530126571655
1780859484.6762655,-0.9275878539589115,2.7370443666073463,0.5248997917454092,44.00581932067871
1780859484.7112517,-0.9226915915399322,2.734348884560357,0.5238230310482148,44.04080557823181
1780859484.74812,-0.9148735996622555,2.7296784574867887,0.5221080928783578,44.07767391204834
1780859484.795626,-0.9056202949839922,2.7260021752418053,0.5198853710480836,44.12517976760864
1780859484.8381932,-0.8973892542153796,2.7282190221844473,0.5163938994233864,44.167747020721436
1780859484.8601172,-0.89978064814578,2.718089446894116,0.5190230365045133,44.1896710395813
1780859484.8968878,-0.8977595594809535,2.715267606909435,0.5184819078791957,44.226441621780396
1780859484.9354036,-0.9011850811998829,2.7061332320797327,0.5211262458781272,44.264957427978516
1780859484.9719274,-0.89885299666585,2.708783321417817,0.5191053708146175,44.30148124694824
1780859485.0075529,-0.8935758496589619,2.7066248179206296,0.517585213352003,44.337106704711914
1780859485.049106,-0.8964462453895465,2.7004189763144355,0.5190995833669259,44.37865972518921
1780859485.081443,-0.8989298113300846,2.6970210795155953,0.51972324019457,44.41099691390991
1780859485.1185236,-0.9028627059232917,2.68783316388332,0.5225136270218987,44.44807744026184
1780859485.1568384,-0.8957672182080774,2.6890610167777815,0.5194190112889207,44.48639225959778
1780859485.191602,-0.8960293974517989,2.684030431437233,0.5198994941846597,44.521155834198
1780859485.2247066,-0.8968164960140785,2.6774580002317796,0.521067696803938,44.55426049232483
1780859485.2619712,-0.8976354694680373,2.6704179620986848,0.5223887395254904,44.591525077819824
1780859485.301919,-0.8964392728963102,2.6647338196198036,0.5228479733945712,44.63147282600403
1780859485.3364458,-0.888173253323966,2.6672597630561965,0.5191834645391665,44.6659996509552
1780859485.3738458,-0.8876925052445186,2.6608742596931587,0.519956648840002,44.703399658203125
1780859485.413333,-0.8879477706338548,2.65665364050555,0.5202972037355204,44.742886781692505
1780859485.453662,-0.8937531227282975,2.6471490830038027,0.5234772113769173,44.78321576118469
1780859485.489097,-0.8971696824194914,2.641258693710691,0.5256752659766886,44.81865096092224
1780859485.5208623,-0.8902066198423498,2.64569537917326,0.5222828167057327,44.85041618347168
1780859485.558511,-0.8848901495497763,2.6435988666266743,0.5212329914761422,44.88806486129761
1780859485.5965717,-0.8819348722299283,2.636078112636733,0.5215080694090788,44.92612552642822
1780859485.633973,-0.875357090780652,2.6360754616696713,0.5190404616670896,44.96352672576904
1780859485.672621,-0.8721949954174789,2.6306109249931966,0.519343825108914,45.002174854278564
1780859485.7127037,-0.8679170608789216,2.6273778882305834,0.5184235540098366,45.04225754737854
1780859485.7456253,-0.8604109149168095,2.628839163450487,0.5154196360820541,45.07517910003662
1780859485.7893598,-0.8595959744341638,2.6216123589884566,0.5166440385785659,45.118913650512695
1780859485.8149989,-0.8554523167813591,2.6183338785140853,0.5157229902534488,45.14455270767212
1780859485.8508813,-0.8549482274267328,2.61371441756574,0.5161716372938016,45.18043518066406
1780859485.8871665,-0.8564107111942303,2.6079877182116613,0.5174069337401946,45.21672034263611
1780859485.9255235,-0.8545987322310352,2.606125794908463,0.5165720770999819,45.25507736206055
1780859485.9623568,-0.8564826105754841,2.601358668184885,0.5176765962494863,45.29191064834595
1780859485.998451,-0.859004999387512,2.5971614023542764,0.5187472745248617,45.32800483703613
1780859486.0392854,-0.8570798693176362,2.5929262818473497,0.5186571546552952,45.368839263916016
1780859486.0713787,-0.8565871310021278,2.5873050835212847,0.5193918268063112,45.4009325504303
1780859486.1075985,-0.8527493673403054,2.5884056036012146,0.5171637752805655,45.43715238571167
1780859486.1419578,-0.8517122788624012,2.5811578490479947,0.5180147863767791,45.47151160240173
1780859486.176925,-0.8481999664074713,2.577871591498461,0.5178237250933372,45.506478786468506
1780859486.2112231,-0.8483801370865178,2.5726323646933,0.5178938011197964,45.54077696800232
1780859486.2505994,-0.8461691100576267,2.5679473484181488,0.517892556390466,45.58015322685242
1780859486.2862296,-0.842246971778304,2.56938633708399,0.5159426392367006,45.61578345298767
1780859486.3264396,-0.8435439872450117,2.560666165818998,0.5174168402358467,45.65599346160889
1780859486.3600807,-0.8398731865034403,2.5558056859780125,0.516943187826361,45.689634561538696
1780859486.4040582,-0.8364994652864248,2.550120965605788,0.5168630395734651,45.733612060546875
1780859486.439297,-0.8309326319181993,2.5504345822879237,0.5141964015004863,45.768850803375244
1780859486.470211,-0.8211097566518146,2.549067323321415,0.5112335268482927,45.79976487159729
1780859486.5058055,-0.8212966218834462,2.544288139470676,0.5121078369530597,45.83535933494568
1780859486.5434663,-0.8129608256225607,2.5412373145723137,0.5103920042182924,45.87302017211914
1780859486.5768874,-0.8086945448209175,2.539519531134721,0.5090807462463717,45.90644121170044
1780859486.6137187,-0.7950365686242831,2.5441833265839193,0.5036277767736148,45.94327259063721
1780859486.6522186,-0.7966647385796259,2.537885763664179,0.5050071573384766,45.98177242279053
1780859486.6874132,-0.7962055959028813,2.5321937963802275,0.5059757025147119,46.01696705818176
1780859486.7204,-0.7962647673217371,2.5275613049279317,0.5066059857601073,46.04995393753052
1780859486.7700994,-0.7942766816696712,2.524550357958244,0.5060126186000086,46.099653244018555
1780859486.7960372,-0.7896904353636256,2.5223292227671834,0.5046780914192213,46.12559103965759
1780859486.8318021,-0.7892921244575287,2.5174994146678493,0.5052900049065869,46.16135597229004
1780859486.8693733,-0.7856581540141321,2.5145233397017672,0.5044452486333483,46.19892716407776
1780859486.902937,-0.7873905987936347,2.508096544364959,0.5060208733996673,46.23249077796936
1780859486.9451056,-0.7789901533313854,2.510064630814574,0.5022269641892568,46.274659395217896
1780859486.9780838,-0.7770970727260491,2.5050704740135052,0.5024490773757118,46.3076376914978
1780859487.0143328,-0.7751998909099405,2.5031383988104947,0.5017167287552606,46.343886613845825
1780859487.054523,-0.7719580407322223,2.5000387629268,0.5009654515523917,46.384076833724976
1780859487.0901988,-0.7678243795092834,2.4970213601059386,0.49972070472481306,46.41975259780884
1780859487.1265914,-0.7621169257686417,2.494795403939791,0.4977391547983884,46.45614528656006
1780859487.1637871,-0.7594280349632688,2.49178409504683,0.4972407155975851,46.49334096908569
1780859487.2020962,-0.7522160085952421,2.4899781788697,0.4951489839866236,46.53165006637573
1780859487.2435014,-0.7602044878893062,2.485113291015539,0.49769833163257415,46.573055267333984
1780859487.2861576,-0.7546092995212853,2.4839011513351545,0.49610846454533736,46.61571145057678
1780859487.3213906,-0.778405211366249,2.4665757737720018,0.5057893115804307,46.65094447135925
1780859487.3547761,-0.7672494670394808,2.4676435245964177,0.5021186442766128,46.684329986572266
1780859487.3902507,-0.7740104241850891,2.4617998730238284,0.5047819755491563,46.719804525375366
1780859487.424684,-0.7750308133254178,2.4554852341413023,0.5053716141805104,46.75423789024353
1780859487.4604611,-0.7676317020921486,2.4553165591428208,0.5032817761646089,46.79001498222351
1780859487.4984412,-0.7742678790189379,2.449095438350983,0.5059151947767649,46.82799506187439
1780859487.5319395,-0.771588777142533,2.4458610135322725,0.5051748047866548,46.86149334907532
1780859487.56786,-0.7664374091191255,2.4455423658141653,0.5030557830790087,46.89741373062134
1780859487.6056943,-0.7621267236925843,2.4418001115357555,0.5022774391183242,46.935248136520386
1780859487.6394558,-0.7552571779403446,2.440796278294319,0.5000110226331377,46.96900963783264
1780859487.673122,-0.7507904192286806,2.439981804401471,0.4986599964278294,47.00267577171326
1780859487.7101297,-0.7434841494240114,2.440363392510146,0.49569117648580463,47.03968358039856
1780859487.744339,-0.7458790536579349,2.435064279136382,0.4974580557366476,47.07389283180237
1780859487.7802346,-0.7494370690258458,2.429381699205435,0.49921228810460505,47.10978841781616
1780859487.8207471,-0.7480841637811334,2.4246315593343497,0.4997937787986851,47.15030097961426
1780859487.8540463,-0.7506451384372905,2.420418801987765,0.5008105335149967,47.183600187301636
1780859487.8871999,-0.7481908541761415,2.4180128610810847,0.5001796331184649,47.21675372123718
1780859487.928187,-0.7514926944257968,2.4091986508532353,0.5026328666403374,47.25774073600769
1780859487.9638371,-0.7490419747497414,2.407702759500282,0.5015448918041352,47.29339098930359
1780859488.0029817,-0.7453230304144833,2.404417537442321,0.5002853413726499,47.3325355052948
1780859488.0406528,-0.739323350154107,2.402023433233821,0.49824457219919677,47.37020659446716
1780859488.0792425,-0.7334183975628792,2.398349748760407,0.4967749455156991,47.408796310424805
1780859488.1243422,-0.7229343186277544,2.401516135353735,0.49222333890327125,47.453896045684814
1780859488.1504202,-0.7197520731051816,2.3989069485365526,0.4917021630141767,47.479974031448364
1780859488.187101,-0.7213307594075117,2.3965140306327704,0.4921214954810639,47.51665472984314
1780859488.224084,-0.7249617626162357,2.390571668731819,0.4942255317293212,47.553637742996216
1780859488.2618258,-0.7221516388131868,2.3898368287184373,0.49259409691573997,47.59137964248657
1780859488.3049588,-0.7218137027279581,2.383834808711877,0.4932643282439456,47.63451266288757
1780859488.3411207,-0.7179413130026715,2.3803938005250425,0.49212131390774433,47.670674562454224
1780859488.3768692,-0.7152217600420127,2.3766199307292144,0.4912738716884721,47.70642304420471
1780859488.413621,-0.7097131146126618,2.373804924994766,0.48949051073532945,47.74317479133606
1780859488.4509847,-0.7029877988109652,2.3713301748782807,0.4872961323947464,47.78053855895996
1780859488.4867096,-0.6924395911059406,2.3703488297570754,0.48375699491321417,47.81626343727112
1780859488.5235162,-0.6952249463113188,2.3693770924886106,0.48447981632656745,47.85307002067566
1780859488.5613039,-0.6973014098128356,2.3640980408840955,0.4858224957682088,47.8908576965332
1780859488.5955293,-0.703826659270631,2.3581108873560495,0.4887413837045172,47.92508316040039
1780859488.6370666,-0.7061107757947789,2.3539610392620918,0.48973659113098666,47.966620445251465
1780859488.677867,-0.7127698529969648,2.344311617025995,0.4928698174695869,48.007420778274536
1780859488.7105582,-0.7114413622635503,2.341638469359663,0.49270835734160334,48.040112018585205
1780859488.7428725,-0.7125288014653284,2.3347042427708744,0.4937046702400027,48.072426319122314
1780859488.793306,-0.703993199952097,2.337313989185586,0.489910284471398,48.122859954833984
1780859488.8171122,-0.6988131243459067,2.3330170048194443,0.48865415516224864,48.146666049957275
1780859488.8546824,-0.6972831271019988,2.3304921300004633,0.4884139129083646,48.18423628807068
1780859488.8900683,-0.6994193109196764,2.327348268996837,0.4895041153690418,48.21962213516235
1780859488.9376395,-0.6988378898615542,2.3261871532084895,0.4889763280504188,48.26719331741333
1780859488.9610682,-0.7019351962246064,2.3171046203510857,0.4909625206891081,48.2906219959259
1780859488.999881,-0.6976273931917686,2.3141493278181855,0.4895555026728539,48.329434871673584
1780859489.0367436,-0.6952934833067732,2.309893592820221,0.48894281878490536,48.366297483444214
1780859489.0734818,-0.6877957345732896,2.3090979217287027,0.4860240952860495,48.40303564071655
1780859489.1065361,-0.6803934090522735,2.305583517720067,0.4839348203538232,48.43608999252319
1780859489.148195,-0.6634174261552667,2.312030786319278,0.47683858373763627,48.47774887084961
1780859489.1832287,-0.6641585088068495,2.307174046264103,0.4774954712088596,48.51278257369995
1780859489.2167437,-0.6614778226459066,2.3052625366933412,0.47674794754466293,48.546297550201416
1780859489.2543445,-0.6627008646605769,2.3010284121623616,0.4773570442580471,48.583898305892944
1780859489.2934992,-0.6614893427387321,2.2974667345542037,0.47716075936303076,48.62305307388306
1780859489.329129,-0.6645937043602892,2.292385785516381,0.47876371937825807,48.65868282318115
1780859489.3650863,-0.6562041709740302,2.28941149145271,0.47576011101976373,48.694640159606934
1780859489.4021146,-0.6672474771879215,2.2806690094034505,0.4802063679465551,48.73166847229004
1780859489.44141,-0.6585576440906866,2.279599733446376,0.4772877105993879,48.77096390724182
1780859489.4794781,-0.6622309691146424,2.2776062657036036,0.478599192617232,48.80903196334839
1780859489.5178597,-0.6637373722140598,2.2736977084137626,0.479659317917617,48.847413539886475
1780859489.553456,-0.6631932135908416,2.269762915492576,0.4800278732191956,48.883009910583496
1780859489.589085,-0.66097045908525,2.267568117991804,0.47876378735613456,48.918638944625854
1780859489.6295364,-0.6574876149100582,2.262969572418504,0.478181755779011,48.95909023284912
1780859489.6671023,-0.6502881356101221,2.2606446472223203,0.47562193429830996,48.9966561794281
1780859489.699812,-0.640870735903537,2.2590706755804995,0.47183528242985034,49.02936577796936
1780859489.736232,-0.6359924460824223,2.25709811527431,0.47037761832832353,49.06578588485718
1780859489.7768958,-0.6413789772612165,2.250226927336076,0.4729654584166788,49.106449604034424
1780859489.809273,-0.6432860711605157,2.2457569303271363,0.4739065758896148,49.138826847076416
1780859489.8423746,-0.6483833178083888,2.2399167369916917,0.47629262480947304,49.17192840576172
1780859489.878402,-0.6483253583199953,2.2357945905458045,0.47658860792016816,49.207955837249756
1780859489.9141889,-0.6478371260097316,2.232691707759046,0.4766260243250194,49.24374270439148
1780859489.949117,-0.6418378480482481,2.2300362388680313,0.4743241344267033,49.27867078781128
1780859489.9845006,-0.6359669592501315,2.227284600460667,0.472613675667655,49.31405448913574
1780859490.022852,-0.6334119875014667,2.225966846802004,0.47164102166486815,49.35240578651428
1780859490.0577455,-0.6341821705440711,2.2215294804669563,0.4724970766939909,49.38729929924011
1780859490.092908,-0.6382364471388735,2.216694820026423,0.4743185971326333,49.42246174812317
1780859490.133566,-0.6337714774592813,2.213118734775533,0.4728675951472845,49.46311974525452
1780859490.168312,-0.6279396323335822,2.2113489200439074,0.4707569809942008,49.49786591529846
1780859490.2053237,-0.6220552591647159,2.20755634752362,0.46881718161556846,49.53487753868103
1780859490.240341,-0.607560724256872,2.2070367600198475,0.46304788809709674,49.569894790649414
1780859490.2793908,-0.6007242847174501,2.2058355039811595,0.4607728606261566,49.60894465446472
1780859490.3174982,-0.6046231874566124,2.2004348632856288,0.4626801453523713,49.64705204963684
1780859490.3573964,-0.6054691374926215,2.1962405444379005,0.46335777044323445,49.68695020675659
1780859490.3915443,-0.609353327679427,2.190459729416817,0.4651184364648986,49.72109818458557
1780859490.4276183,-0.6070980922201618,2.186086429230984,0.46468523611131685,49.75717210769653
1780859490.4605803,-0.6054362243659387,2.181727085127951,0.46420530254666126,49.79013419151306
1780859490.4990685,-0.6119521420733893,2.1731320617239125,0.4670713313053456,49.828622341156006
1780859490.5349784,-0.6080023805535754,2.174793598687912,0.46565421779101557,49.864532232284546
1780859490.58298,-0.6092060560624232,2.1720355113175014,0.4664228518651417,49.9125337600708
1780859490.6088963,-0.6102981184693949,2.168017811624502,0.46728556365257806,49.93845009803772
1780859490.644674,-0.6089835188951118,2.165821617621732,0.4666323386069663,49.97422790527344
1780859490.679371,-0.6099078713232743,2.1600594798292896,0.46761275615108144,50.00892496109009
1780859490.7149823,-0.6047309822264901,2.156295728350033,0.46606087184104583,50.044536113739014
1780859490.7519789,-0.601345244125271,2.1544431848540957,0.46392485883391094,50.0815327167511
1780859490.7956042,-0.5960657695495633,2.1515626352272834,0.46251234296856814,50.125158071517944
1780859490.8219235,-0.598800474564158,2.149103432188081,0.4630062492395172,50.151477336883545
1780859490.8562222,-0.6025530836451422,2.1437339431315405,0.46489960139180386,50.18577599525452
1780859490.891389,-0.6050379424226122,2.140613400621347,0.46565364968888,50.220942735672
1780859490.92939,-0.6045481052493616,2.1382339799892556,0.4651853161579948,50.25894379615784
1780859490.966861,-0.605524334172315,2.1294679796394433,0.4676938137984881,50.296414852142334
1780859491.001731,-0.5995803942938541,2.1291997517147543,0.464296954426678,50.33128476142883
1780859491.0353067,-0.5934622541779906,2.1294587257188597,0.461615706393712,50.36486053466797
1780859491.071824,-0.5952563078482083,2.1259350939622097,0.4626686679721222,50.40137791633606
1780859491.108666,-0.5954865662068533,2.121145889145688,0.4634981951647636,50.43821978569031
1780859491.1440365,-0.5952565363000573,2.116369500634984,0.46393941799398025,50.47359037399292
1780859491.1823745,-0.5916829018643788,2.114745545654227,0.4616899457373669,50.51192831993103
1780859491.2269926,-0.5828839690966121,2.1105042398703966,0.45936409559941405,50.556546449661255
1780859491.2622213,-0.5773329680852239,2.1089820565119286,0.45620276068429416,50.5917751789093
1780859491.2872992,-0.567474417226921,2.1067075900049943,0.45335566108298414,50.61685299873352
1780859491.3245952,-0.5678692315277524,2.1049005370361638,0.4536041586169945,50.65414905548096
1780859491.358825,-0.5729932446841117,2.0997365491904416,0.4554506473986233,50.68837881088257
1780859491.3961267,-0.5760444296589768,2.0944886980752417,0.45728003719964544,50.7256805896759
1780859491.4328113,-0.5870867958351913,2.0869468452226414,0.46186986753460046,50.762365102767944
1780859491.4685054,-0.5827707008638519,2.083620743358284,0.46119270273651897,50.7980592250824
1780859491.505069,-0.5748194424354929,2.0836156986531806,0.4570531889017592,50.834622859954834
1780859491.538289,-0.5721749017979103,2.0812977749558152,0.4567666963390611,50.86784291267395
1780859491.5741203,-0.5737804927665565,2.0780456418570186,0.45756546520449903,50.90367412567139
1780859491.6120617,-0.5716391354187081,2.0758034311865057,0.4565407774630099,50.94161558151245
1780859491.6466491,-0.5685432430134495,2.069586947436806,0.4563189301215116,50.976202964782715
1780859491.6819506,-0.5649432210001,2.0681911789046614,0.4544579922445026,51.01150441169739
1780859491.719488,-0.5588677704650444,2.063632452817291,0.4522847106058038,51.049041748046875
1780859491.7551022,-0.5543859186819002,2.063837603228876,0.4499627610005241,51.08465600013733
1780859491.789017,-0.5603469788451806,2.0587478996010633,0.45268469414650375,51.11857080459595
1780859491.826509,-0.5634888056839099,2.054047649801671,0.45464648042156086,51.156062841415405
1780859491.8767436,-0.5626112011163422,2.049895598114985,0.4546773418914764,51.206297397613525
1780859491.8981538,-0.559073376674536,2.0495486040846727,0.4525437930398015,51.227707624435425
1780859491.936446,-0.5527803442277212,2.0459926412161376,0.4501478260956821,51.26599979400635
1780859491.982578,-0.5433664675289058,2.0458474699696,0.4464933058298247,51.31213188171387
1780859492.0092814,-0.5414151896264436,2.044899990973032,0.44532017345801445,51.3388352394104
1780859492.044594,-0.5430747555217363,2.0409024361830315,0.446098564419806,51.37414789199829
1780859492.0910463,-0.5391354207137027,2.037537584512106,0.4447433635508122,51.420600175857544
1780859492.1275134,-0.5342464008511038,2.0343963921395916,0.44279837506222286,51.457067251205444
1780859492.1611137,-0.5390063837633727,2.0270303461550436,0.44508677802175656,51.49066758155823
1780859492.1983244,-0.5297115588810839,2.0290640578668606,0.4407943713263339,51.527878284454346
1780859492.2369936,-0.5349575784690167,2.024993750769593,0.4434135910626639,51.56654739379883
1780859492.2737012,-0.5392126122426758,2.021376865938378,0.4452841026637425,51.60325503349304
1780859492.3187258,-0.5413127337148338,2.0170019189042874,0.4463267379035602,51.648279666900635
1780859492.3520503,-0.5386323602471788,2.0135166987629747,0.44547129066019214,51.6816041469574
1780859492.3810096,-0.5305885415268731,2.0118660673759257,0.44188086685343586,51.71056342124939
1780859492.4238348,-0.5231101951437687,2.010382412308972,0.43917101971127004,51.75338864326477
1780859492.460942,-0.5228966211166022,2.0074707692001534,0.4391926217518299,51.79049587249756
1780859492.5028462,-0.5262943528951848,2.0026580575674306,0.4408682768750432,51.83240008354187
1780859492.538935,-0.5265420860052623,1.9981234745903198,0.44100892657587154,51.868488788604736
1780859492.5716748,-0.529446800560389,1.9919469282372173,0.44256643494876546,51.90122866630554
1780859492.612886,-0.5253535934919678,1.9881608318497799,0.4409054056411085,51.942439794540405
1780859492.66068,-0.5190509904180884,1.9897620869891788,0.4378494094390558,51.99023389816284
1780859492.6880004,-0.5175963226088174,1.9853617275967321,0.43781426487715586,52.01755428314209
1780859492.7277684,-0.5193729544198669,1.9828279974516487,0.43837544125963485,52.05732226371765
1780859492.7580578,-0.5222897731375304,1.9776482917585674,0.44012676753680074,52.08761167526245
1780859492.79695,-0.5160026125282747,1.976004053413837,0.437324826879566,52.12650394439697
1780859492.8356833,-0.5066697621089792,1.974014337295249,0.43354088481181147,52.16523718833923
1780859492.8726928,-0.4977858551778884,1.972190231345425,0.4303578259110528,52.20224666595459
1780859492.9165044,-0.4995615741235345,1.9696795023903082,0.4306949513311926,52.246058225631714
1780859492.9463465,-0.5020347315438376,1.9632533721627932,0.43275977016042283,52.27590036392212
1780859492.9814088,-0.49844053113495695,1.95965288396705,0.4313321731991941,52.31096267700195
1780859493.0253313,-0.4939715450228273,1.957935030973585,0.4287548718360054,52.35488510131836
1780859493.0538416,-0.4823586026420289,1.9563248452514295,0.423833381871621,52.3833954334259
1780859493.0844944,-0.5016460575740663,1.9503346327155806,0.43257731452110787,52.414048194885254
1780859493.123046,-0.50636386939284,1.9471608707890005,0.43496697361363423,52.45259976387024
1780859493.158775,-0.5096624140456616,1.9439341078331305,0.43632665629778705,52.48832893371582
1780859493.202234,-0.5071528466192607,1.9418725453711994,0.435079693397084,52.53178787231445
1780859493.2282286,-0.5035086188170037,1.935469480618195,0.43376911841900573,52.55778241157532
1780859493.269907,-0.4930232590836708,1.934362267415008,0.42903761850074645,52.59946084022522
1780859493.3095348,-0.4921101518775296,1.9311686009682347,0.4290675062017289,52.63908863067627
1780859493.3457189,-0.4961666583064611,1.9274459744262304,0.43071277099278055,52.675272703170776
1780859493.3818562,-0.5001186850290326,1.9207360449479671,0.4330206317792218,52.71141004562378
1780859493.420957,-0.49848567354781426,1.9170832894367853,0.4323659825011195,52.750510931015015
1780859493.455,-0.5001884862116004,1.913569399435222,0.4332855317132885,52.78455376625061
1780859493.487219,-0.48692648215414425,1.913379727770912,0.42720653798614994,52.81677293777466
1780859493.521519,-0.487512359381879,1.9106527716726764,0.4278816756646381,52.851072788238525
1780859493.5570734,-0.48600345552747143,1.9081092953103673,0.42718154016953475,52.886627197265625
1780859493.6021473,-0.4908485298775453,1.9027288345014108,0.42987831769546125,52.93170118331909
1780859493.6268783,-0.48154947591346886,1.9013880907728322,0.425732700404015,52.95643210411072
1780859493.6614437,-0.4768651016999739,1.8975714033123277,0.42381384159771174,52.990997552871704
1780859493.6977246,-0.4643201945885061,1.8975418854391521,0.41820267623544266,53.027278423309326
1780859493.7357345,-0.46575873459001127,1.8936481606358504,0.4191572141047581,53.06528830528259
1780859493.771937,-0.46533350602305595,1.8896407270237872,0.41930699421451245,53.10149073600769
1780859493.8064501,-0.4656643803007827,1.885737571953962,0.41951091336822255,53.13600397109985
1780859493.8398075,-0.4620832235244391,1.8813092751764169,0.4183876791827978,53.16936135292053
1780859493.8902502,-0.46047232270871813,1.8757342780593325,0.41767655849878466,53.21980404853821
1780859493.9132392,-0.4636684404603435,1.8716276755996877,0.4194719851989449,53.24279308319092
1780859493.9572432,-0.46880915722642835,1.869793140372383,0.4218179013767666,53.28679704666138
1780859493.9826467,-0.4670590296614649,1.8681993366758105,0.42118953959072597,53.31220054626465
1780859494.0185537,-0.46623470056485605,1.8651230543654258,0.42089840582948296,53.34810757637024
1780859494.0584314,-0.45999790125569595,1.8626656948737317,0.4180834145377616,53.38798522949219
1780859494.0907896,-0.45077967676597075,1.8604567861113108,0.4138633659797768,53.42034339904785
1780859494.1264756,-0.44951507335391516,1.8584047728102204,0.4134761974184676,53.456029415130615
1780859494.1640766,-0.454787851020936,1.8542728065299692,0.4161231208236798,53.49363040924072
1780859494.202222,-0.45858482607819656,1.8401399116172077,0.4217637402752531,53.5317759513855
1780859494.2370844,-0.4574891542855569,1.8978231357158466,0.3725076758259108,53.566638231277466
1780859494.27779,-0.45433956553930105,1.8944772853161134,0.3710689647980239,53.607343912124634
1780859494.3095946,-0.4427922814698172,1.8923186464806412,0.3657377574737889,53.639148473739624
1780859494.3451033,-0.4448733655069717,1.8919144769884417,0.3667994218605887,53.674657106399536
1780859494.3827763,-0.45324725563288926,1.8861821062525916,0.3709749878452662,53.71233010292053
1780859494.4221857,-0.4550476497535013,1.8810091980908494,0.3721153850459777,53.751739501953125
1780859494.4580142,-0.4474627142414911,1.8785024015481289,0.36857900674378125,53.78756809234619
1780859494.506651,-0.43372053845208147,1.8756937997111633,0.36217187567560644,53.83620476722717
1780859494.532091,-0.42670513239463514,1.8759987624765817,0.35879442694380376,53.86164474487305
1780859494.5686243,-0.43723393900322277,1.868228340867536,0.3637776576091189,53.89817810058594
1780859494.6137843,-0.43389571188145604,1.8637719125378307,0.3622902276000921,53.94333815574646
1780859494.6623647,-0.4553524242513397,1.8481957715969572,0.3725863508530901,53.99191856384277
1780859494.6854753,-0.4425986230317056,1.8585485160797648,0.36602820430749117,54.015029191970825
1780859494.7216256,-0.44753315495548013,1.8538410030664314,0.3685572312971724,54.0511794090271
1780859494.7574327,-0.4552375124543378,1.845821696105843,0.3724404481145248,54.08698654174805
1780859494.7924807,-0.4539597142683616,1.8391510088511154,0.37185528988701716,54.122034549713135
1780859494.8307827,-0.4449855252072713,1.8412242800699075,0.36735690467849597,54.1603364944458
1780859494.862453,-0.45680415095625176,1.83663169107128,0.3731440510530006,54.19200682640076
1780859494.8995805,-0.4566804821880807,1.8325510662895168,0.3730674441269417,54.22913432121277
1780859494.938698,-0.4468880487006326,1.8322522676292927,0.3683624493503267,54.26825189590454
1780859494.9733362,-0.42865935928740584,1.8305448187878983,0.3595012026245636,54.30289006233215
1780859495.0135345,-0.4294463663818938,1.8282469093776907,0.3600350113851027,54.34308838844299
1780859495.0479784,-0.45521259107276635,1.8165858735202167,0.37280959014261345,54.37753224372864
1780859495.084085,-0.462686469300454,1.810000866176056,0.37649515379097437,54.41363883018494
1780859495.1212127,-0.4635664737004794,1.8062858080501705,0.37688148024419643,54.45076656341553
1780859495.1578846,-0.4444668901495888,1.8120475380630603,0.36725080082828016,54.487438440322876
1780859495.1938426,-0.45483176487752447,1.8078490807051633,0.37247879288977076,54.523396492004395
1780859495.2319736,-0.45756328384064626,1.804550301573059,0.37387430523963944,54.561527490615845
1780859495.2774682,-0.45206236484824736,1.7999713993364612,0.37132233399667103,54.60702204704285
1780859495.3052146,-0.43185668330266275,1.8025055578154443,0.3612670186062497,54.63476848602295
1780859495.3382394,-0.41856955026143666,1.8012906445814914,0.3548740564340122,54.66779327392578
1780859495.3748612,-0.42889966826232767,1.797724794801697,0.3600132580557326,54.70441508293152
1780859495.4118176,-0.437450500226738,1.7916173554039947,0.3643849181251105,54.741371393203735
1780859495.4514325,-0.4335978562911425,1.7896934663758175,0.36238321817643115,54.780986309051514
1780859495.5020988,-0.4248310046887293,1.7870666658326075,0.35800686694869094,54.83165264129639
1780859495.5244682,-0.41552705930443784,1.7854067079480742,0.35334801205056193,54.85402202606201
1780859495.5575876,-0.4175310708103479,1.7851556284891683,0.35440547354581,54.88714146614075
1780859495.5948093,-0.42878740869288245,1.779058684077364,0.36029339147590067,54.924363136291504
1780859495.6292253,-0.43317639836207755,1.7709759602739257,0.3628425339435346,54.958779096603394
1780859495.6630924,-0.42265133593881166,1.7697145521486355,0.3575841420167324,54.99264621734619
1780859495.7005475,-0.4133607447515278,1.7684188079717802,0.35303073968979587,55.03010129928589
1780859495.7413058,-0.4007254132516853,1.7671812689736326,0.3467824328792478,55.07085967063904
1780859495.7759857,-0.39661680610373234,1.7676555052899192,0.3447937159824248,55.10553956031799
1780859495.81749,-0.3988442725997132,1.7637619865799403,0.3460893238309152,55.14704394340515
1780859495.8533359,-0.39896739280943083,1.7592808448386343,0.3463023972178987,55.18288969993591
1780859495.8867447,-0.3936462643941297,1.7563169200884061,0.34375347075914386,55.21629858016968
1780859495.9237013,-0.3902557683731655,1.7497981183211788,0.34235568536147776,55.253255128860474
1780859495.9589462,-0.3853241009625376,1.7451209728327062,0.34010160586230204,55.2885000705719
1780859495.993233,-0.38492992089306527,1.7446264279505295,0.33998189581038996,55.322786808013916
1780859496.0369487,-0.38984653019771853,1.7393219997220495,0.3427887537449239,55.36650252342224
1780859496.0633361,-0.39185638374160103,1.7341430026076876,0.3439173531626803,55.392889976501465
1780859496.0992992,-0.3857728564358227,1.7310113295209928,0.3409881754011111,55.428853034973145
1780859496.1354232,-0.381437295394766,1.7294811887548767,0.3387637351626906,55.46497702598572
1780859496.1742115,-0.39846120321947764,1.7215271901235798,0.34747541592090847,55.50376534461975
1780859496.211818,-0.3937992800463536,1.7217535319069772,0.34515655235266723,55.54137182235718
1780859496.2572384,-0.3986813126299989,1.7179266198326753,0.3479615157603651,55.58679223060608
1780859496.2890873,-0.4060009478199061,1.7124988088295585,0.35200096825014954,55.61864113807678
1780859496.3267145,-0.4115175665865692,1.7076981867087213,0.3550919103491273,55.65626835823059
1780859496.3610234,-0.40587896211246133,1.705771240358948,0.3523010850372966,55.690577268600464
1780859496.3960094,-0.4041693003899213,1.7029626042614685,0.35156692674919776,55.725563287734985
1780859496.4345384,-0.40083713076664224,1.699646705754358,0.35006896086094647,55.764092206954956
1780859496.470471,-0.38801823168912336,1.700503385690577,0.34349740075648155,55.80002474784851
1780859496.5088372,-0.39411377959389265,1.6978294589211302,0.3468924387170443,55.838391065597534
1780859496.5461817,-0.3991480044456597,1.693516683227141,0.3497886311645371,55.87573552131653
1780859496.5831327,-0.4060236837529145,1.6875473073363576,0.35368673279064666,55.912686586380005
1780859496.6182537,-0.40404263351702874,1.6823603654736443,0.3529100223889893,55.9478075504303
1780859496.6571856,-0.3997105259348521,1.6796052951202611,0.35093571133509405,55.98673939704895
1780859496.6955523,-0.39716375469881615,1.6734004195644467,0.3500142053293881,56.02510619163513
1780859496.729384,-0.39148139466470183,1.6710856874297455,0.3472493083146926,56.058937788009644
1780859496.7687955,-0.3879762177496483,1.6698641900881295,0.3456287677380843,56.09834933280945
1780859496.80406,-0.390693816930045,1.6662719044362464,0.3473190504631474,56.13361382484436
1780859496.8436568,-0.3949518962417418,1.6610892042410852,0.34988703629712825,56.17321062088013
1780859496.8800607,-0.3968642909215822,1.6580416300567755,0.3511397662092536,56.209614515304565
1780859496.9219317,-0.3950037868174076,1.6543995671390601,0.3504010629932779,56.25148558616638
1780859496.955259,-0.38838025685998034,1.651731723493409,0.34710452727288843,56.284812927246094
1780859496.9922702,-0.384077553764563,1.6485079016392652,0.34504858220031304,56.321824073791504
1780859497.0275383,-0.37865095462392784,1.645025890515566,0.34238950798062756,56.3570921421051
1780859497.0652273,-0.3712026631462618,1.6460686847612371,0.3385560003278631,56.3947811126709
1780859497.1009073,-0.3732885135134769,1.643409846917449,0.33982943775039753,56.430461168289185
1780859497.1340735,-0.3791678963119497,1.6372448846209502,0.3434309643949487,56.463627338409424
1780859497.1728003,-0.38233917205125123,1.6337524210909145,0.3453394356405954,56.50235414505005
1780859497.2113862,-0.3837794465614748,1.6281443770457313,0.3464152261243471,56.540940046310425
1780859497.2477236,-0.38137036343476693,1.6253908013791896,0.34526835076689194,56.577277421951294
1780859497.283155,-0.3706471346515665,1.6239937033425353,0.33968413512947626,56.61270880699158
1780859497.3311691,-0.36592720373171894,1.621654203865709,0.337278318326256,56.660722970962524
1780859497.3556654,-0.3590389042844816,1.6211103456162568,0.33379378334876425,56.685219287872314
1780859497.3910234,-0.3582067963775697,1.6201230268924016,0.3334869512667845,56.720577239990234
1780859497.4277096,-0.3611316685724686,1.6162785022412,0.33534130275832913,56.75726342201233
1780859497.4738936,-0.36550837786161516,1.6107173666628523,0.33808791254247833,56.80344748497009
1780859497.4994712,-0.36646186820036675,1.6071427496688642,0.33881423710325237,56.82902503013611
1780859497.5348194,-0.368670683813897,1.6028053298134453,0.3403574859600326,56.864373207092285
1780859497.5695496,-0.3696930217151487,1.599744996529905,0.34113945675674384,56.89910340309143
1780859497.604021,-0.36605080629959064,1.5957848493811813,0.33948519918365644,56.93357491493225
1780859497.6453435,-0.3672232269020762,1.591174287853473,0.3403860424990888,56.974897384643555
1780859497.6818845,-0.36185404400974075,1.5899498358933326,0.33768154372904396,57.01143836975098
1780859497.7181008,-0.3622876368983511,1.5872729908290593,0.3382486705866771,57.04765462875366
1780859497.7600346,-0.36626833596093644,1.582699298531871,0.3408250705916101,57.08958840370178
1780859497.7893817,-0.3689071822629291,1.5782228060367343,0.3426191595592835,57.11893558502197
1780859497.829961,-0.37027092055654287,1.573682291653077,0.34370912948564875,57.15951490402222
1780859497.8651965,-0.3690589238564705,1.567648063199867,0.3434287382534759,57.19475030899048
1780859497.9040616,-0.36322750014978855,1.566263305465375,0.34044692992983383,57.23361539840698
1780859497.9420907,-0.3612373675917148,1.5628222952786675,0.3396349990614912,57.271644592285156
1780859497.976004,-0.35522194621079795,1.5599872010680444,0.33647188651606297,57.30555772781372
1780859498.010744,-0.3538823846035069,1.5559390664787172,0.33609484149632496,57.34029793739319
1780859498.0572593,-0.3484990801739241,1.555380213679843,0.3332922063579601,57.386813163757324
1780859498.0860076,-0.3499575214126805,1.552082220548491,0.33447403555836724,57.41556143760681
1780859498.1229823,-0.34918696588121045,1.5479202530087897,0.33437119950501876,57.45253610610962
1780859498.1546314,-0.35051703276675694,1.543231019656376,0.3355198709226259,57.484185218811035
1780859498.1878731,-0.349492209112549,1.5399223578930938,0.33523998627985047,57.51742696762085
1780859498.2275383,-0.34839035279451835,1.537162579048038,0.3349036831579951,57.55709218978882
1780859498.2620065,-0.34272819493370765,1.5354010543323164,0.33204329544628775,57.59156036376953
1780859498.3009777,-0.3341613894183366,1.534145844128057,0.32748826117703933,57.630531549453735
1780859498.3394198,-0.33168664795819985,1.5306314386950246,0.3264657093560825,57.66897368431091
1780859498.375405,-0.33236528298629914,1.5275673762776716,0.3270805741998877,57.70495891571045
1780859498.4159634,-0.3279401137591036,1.526259131964347,0.32484834960202874,57.74551725387573
1780859498.4578896,-0.330512210536283,1.5235866794118016,0.32660286074534545,57.78744339942932
1780859498.4932256,-0.33402099755262765,1.5166893736812563,0.32920318072249866,57.822779417037964
1780859498.5348155,-0.3375196903102359,1.5131597614537582,0.3314888110386645,57.86436939239502
1780859498.5713425,-0.3436627666955153,1.50723201244126,0.3354519400056406,57.900896310806274
1780859498.6043465,-0.3434182225567747,1.503535490798966,0.33559319042063884,57.933900356292725
1780859498.6449804,-0.34095174396538724,1.5010622421223436,0.3344949602872367,57.97453427314758
1780859498.676624,-0.3400743750689872,1.4976033764661159,0.33429058967203157,58.00617790222168
1780859498.7139347,-0.34214184382788293,1.4929328374939057,0.3358956380811079,58.04348850250244
1780859498.7499928,-0.3383072207643345,1.4888132977899093,0.33398934309686384,58.07954668998718
1780859498.7838814,-0.3363245379905965,1.485446207752208,0.33322071542892917,58.1134352684021
1780859498.8224623,-0.3337291263795631,1.4834145838834367,0.33198483425958236,58.152016162872314
1780859498.859018,-0.33233429422835165,1.4809841849004288,0.3315339466076508,58.18857192993164
1780859498.8946755,-0.329251744743271,1.4774300259583149,0.33004463848329646,58.22422933578491
1780859498.9402409,-0.3346022069834287,1.4733237556527472,0.33361665740615,58.26979470252991
1780859498.9632783,-0.3307603755772858,1.4708842793127916,0.33160603084565915,58.292832136154175
1780859499.0005736,-0.33137974239728735,1.4670425585006268,0.33237448386077845,58.330127477645874
1780859499.0385132,-0.32833242626020565,1.4637415380958771,0.3308893252017054,58.368067026138306
1780859499.0785146,-0.3256524146046099,1.4613076318863976,0.3296476341089021,58.40806841850281
1780859499.1118007,-0.32184860887182626,1.4589835655978414,0.3277335951848548,58.441354513168335
1780859499.1478565,-0.3196734530051324,1.4555842412518263,0.3267455219828504,58.477410316467285
1780859499.1796498,-0.3170405275002744,1.4528064905527387,0.3255453512630395,58.50920367240906
1780859499.216509,-0.31720736854295606,1.4504188362565087,0.3259845324299379,58.54606294631958
1780859499.2550964,-0.31776894271055733,1.447101694111175,0.32668219872356175,58.58465027809143
1780859499.3040657,-0.31918612386108347,1.4432549133837305,0.32793266743069965,58.63361954689026
1780859499.3261378,-0.31881747028058205,1.4394345280531944,0.32802196627446406,58.655691623687744
1780859499.363004,-0.3198600635695058,1.4352225909221785,0.32905076545581324,58.69255781173706
1780859499.398042,-0.32098288821909926,1.4304056900676214,0.3301096838305142,58.727595806121826
1780859499.436091,-0.3201940249706132,1.4267564134771098,0.3299900222382725,58.765644788742065
1780859499.4695385,-0.3187775350530457,1.4233514756583718,0.32952091479975887,58.799092292785645
1780859499.5117466,-0.3163050307288843,1.4191558342670343,0.32854185523991675,58.84130048751831
1780859499.5440204,-0.30842525118667685,1.4172677120680972,0.32418871851939635,58.87357425689697
1780859499.5817535,-0.3003090888496738,1.4151433396264985,0.319634465815043,58.9113073348999
1780859499.6214168,-0.2945369023507234,1.4144446012139367,0.31643420285086904,58.95097064971924
1780859499.6592598,-0.29223343671332314,1.4134254484993418,0.3152586026402588,58.988813638687134
1780859499.6928687,-0.29775344417812644,1.4085878931542826,0.3190707657820356,59.022422552108765
1780859499.7261932,-0.30023255651573355,1.4039601008820977,0.3209772775387384,59.05574703216553
1780859499.7654278,-0.30353200693532745,1.3993227852980235,0.3234710087406424,59.09498167037964
1780859499.8031867,-0.30493336028718754,1.3953528554399468,0.32460483476782576,59.13274049758911
1780859499.841558,-0.3054492408699186,1.391656192239013,0.3253424775138499,59.171111822128296
1780859499.8805466,-0.3054129914240407,1.387514601143427,0.3256987973893861,59.210100412368774
1780859499.911218,-0.3074744896114069,1.3829164241822158,0.3274572540345696,59.240771770477295
1780859499.9497163,-0.30372100800822704,1.3804521152151292,0.32549569084785096,59.27927017211914
1780859499.985446,-0.30330717128584345,1.3763141022328764,0.3257496768732387,59.31499981880188
1780859500.0199053,-0.2980006196686937,1.3734592171044333,0.32279126642195727,59.349459171295166
1780859500.0566342,-0.2932024840713322,1.371289311952705,0.3202056831580911,59.38618803024292
1780859500.0971208,-0.2893624114769498,1.3705534193007958,0.31809979908269587,59.426674604415894
1780859500.130589,-0.2916150577238742,1.3664091320889804,0.3199230490617237,59.460142850875854
1780859500.1701164,-0.2989255821070126,1.3582581970128274,0.32525100439471705,59.4996702671051
1780859500.2070699,-0.28359124348034187,1.3593132474870926,0.31591968440121504,59.53662371635437
1780859500.2453578,-0.2870002486444903,1.3549752809350986,0.3184719805886575,59.57491159439087
1780859500.2797766,-0.28788544321003484,1.350662474263766,0.3194051408862161,59.60933041572571
1780859500.3152792,-0.28956906091533063,1.3468975634544884,0.3209662712720498,59.64483308792114
1780859500.3543708,-0.2860193065656852,1.3452760525297245,0.31914376824023555,59.68392467498779
1780859500.3920393,-0.28900733335487816,1.340943934163916,0.32169758654312014,59.721593141555786
1780859500.4307976,-0.28985054565573026,1.33808831986986,0.3226636129907121,59.76035141944885
1780859500.4647863,-0.29217290619569203,1.3344154480802677,0.32464181064667436,59.79434013366699
1780859500.4985602,-0.2927716929889233,1.3302772027336303,0.32551842086227517,59.82811403274536
1780859500.5473967,-0.2910067708505416,1.3267935048512551,0.32497043430076705,59.87695050239563
1780859500.5718741,-0.291883910300646,1.3229376889557105,0.32623537904418937,59.90142798423767
1780859500.611526,-0.28838306868553154,1.3214379619283236,0.32442414108775125,59.94107985496521
1780859500.649776,-0.28929592868159093,1.3177637282241146,0.32557800887312327,59.97932982444763
1780859500.692195,-0.2894716211078471,1.3124082850273513,0.3262671631014973,60.021748781204224
1780859500.7256017,-0.28082803610549667,1.309147438685159,0.32140038272611243,60.055155515670776
1780859500.76175,-0.2798495834052789,1.3058211030389857,0.3212430546686887,60.09130382537842
1780859500.7960773,-0.2800502196696619,1.3026802840915637,0.3218824667389109,60.12563109397888
1780859500.8313828,-0.27731842591564326,1.3005957401435695,0.3205335068675083,60.1609365940094
1780859500.8673296,-0.277143800366513,1.2974313742302785,0.32093777965444675,60.1968834400177
1780859500.9062963,-0.276684730833073,1.2937350855593073,0.3210304036535234,60.2358500957489
1780859500.9452066,-0.2801866255191958,1.2881452176150656,0.32396830842923063,60.274760484695435
1780859500.9832468,-0.28008061626556463,1.2842245332462199,0.3244284724686063,60.31280064582825
1780859501.0201278,-0.277783150208195,1.2811995514358865,0.32354747357799574,60.34968161582947
1780859501.0569232,-0.27093534849225387,1.2799280468238066,0.3194415293903571,60.38647699356079
1780859501.0928547,-0.268319979899055,1.276880802567723,0.31821911406087927,60.42240858078003
1780859501.1354094,-0.2676638477386103,1.2738719330511774,0.3181214161125136,60.46496319770813
1780859501.1711733,-0.26781060163891607,1.2703030393264023,0.3188392307484673,60.50072717666626
1780859501.2081606,-0.2673072623272126,1.2670801625125325,0.31905095991855625,60.53771448135376
1780859501.2480953,-0.259634246021,1.2650297141417088,0.3144970978366821,60.57764911651611
1780859501.286681,-0.2588485026714815,1.2619736134637256,0.31451024846713127,60.61623477935791
1780859501.326208,-0.25566248393914137,1.2605097963215723,0.31271066442678586,60.65576195716858
1780859501.3622582,-0.2582980185482776,1.2566758044045276,0.31495303137629305,60.69181203842163
1780859501.3969274,-0.26350074325192374,1.2516265132073985,0.3189535088749045,60.726481199264526
1780859501.4302325,-0.2643516531700329,1.247250244072206,0.32008646541934327,60.75978636741638
1780859501.4643977,-0.2636867359988083,1.2440482637044659,0.3201852073901652,60.79395151138306
1780859501.5027468,-0.2609797631062205,1.2413577906052344,0.31885296916279554,60.832300662994385
1780859501.5373526,-0.2563151922148456,1.2390842025514184,0.31615618152425273,60.86690640449524
1780859501.581924,-0.25655429833055876,1.2363818897548722,0.31671214402637304,60.91147780418396
1780859501.6115232,-0.2602744890346304,1.2319209452760052,0.31975860681777446,60.94107699394226
1780859501.6522229,-0.26365739691549694,1.2268208913385843,0.3226299265170308,60.98177671432495
1780859501.690929,-0.2652746690188963,1.2225178061315607,0.3242911525220764,61.020482778549194
1780859501.7381248,-0.25590884010685466,1.2203981870827991,0.31839451599666607,61.067678689956665
1780859501.7634811,-0.2555741976432182,1.2173425044486266,0.31861294827263537,61.093034982681274
1780859501.795843,-0.25266569495745167,1.2140679427955376,0.3170669177072937,61.125396728515625
1780859501.8399673,-0.24876373039670627,1.2120792051676006,0.3147328442177799,61.16952109336853
1780859501.8744662,-0.2515417870636932,1.207993953238896,0.31710130572938233,61.20402002334595
1780859501.910433,-0.2501665191769392,1.205771817730822,0.3165905645045227,61.23998689651489
1780859501.9473958,-0.25207435742447093,1.2014330887051072,0.31849364328852103,61.276949644088745
1780859501.9810019,-0.25009881800020706,1.1980490963325172,0.317671432047544,61.31055569648743
1780859502.0245032,-0.24800375312785783,1.19469899074998,0.31668057646538933,61.35405707359314
1780859502.0525541,-0.24471448188381484,1.1917052404249548,0.31487824445536783,61.382107973098755
1780859502.0889208,-0.23662917312037207,1.1894037160410966,0.3097450141076916,61.41847467422485
1780859502.1237376,-0.24392263055699798,1.1834032171082993,0.314423806822594,61.45329141616821
1780859502.1572742,-0.24989737734319878,1.1817879220259249,0.31801079813930416,61.486828088760376
1780859502.2022777,-0.23709530025793304,1.1807605639641898,0.3082635406758251,61.53183150291443
1780859502.2306225,-0.23921566290988605,1.1766433331119621,0.3096637905154158,61.560176372528076
1780859502.2643888,-0.2428693250749828,1.1714577821856595,0.31224295350382614,61.593942642211914
1780859502.3003776,-0.23686299670844865,1.171002070957501,0.30783989777653015,61.62993144989014
1780859502.3349123,-0.2414480022395743,1.166406618152814,0.31117366305388205,61.66446614265442
1780859502.3758192,-0.23916164801992487,1.1648926100755128,0.30949556493842423,61.70537304878235
1780859502.420761,-0.2343038577502047,1.161329438267569,0.3059316837221278,61.75031495094299
1780859502.448043,-0.23543923308248782,1.1599839447528573,0.3068458036871949,61.777596950531006
1780859502.48393,-0.23633709974259734,1.1556948917042567,0.30759005174163495,61.81348395347595
1780859502.524515,-0.23359146532598987,1.1518746955516501,0.3056010334824871,61.854068756103516
1780859502.564734,-0.2263894696808992,1.151575216688904,0.3004043956943304,61.89428782463074
1780859502.599548,-0.23351596253989867,1.1465119272253033,0.305781844516826,61.92910194396973
1780859502.6389606,-0.23240095236554106,1.144360144453236,0.30498197298363344,61.96851444244385
1780859502.6773832,-0.23126788776252766,1.1405151519593388,0.30419718457814204,62.00693702697754
1780859502.7156327,-0.22881358025775642,1.1383951593388724,0.30250971673708765,62.0451865196228
1780859502.7533426,-0.23188787679093237,1.1348321466674676,0.30494682841842746,62.08289647102356
1780859502.7937138,-0.23149510750869792,1.1312986215205225,0.30479355139108033,62.12326765060425
1780859502.8293908,-0.22997236892848666,1.1286224465863306,0.3037202989804819,62.158944606781006
1780859502.875293,-0.22458315078750898,1.1263694391340755,0.29982727540321596,62.20484685897827
1780859502.900339,-0.22205790663481037,1.1237726117878746,0.2981033158398252,62.22989273071289
1780859502.9375215,-0.23071088224553746,1.1205905127793252,0.30472271566130055,62.267075300216675
1780859502.9709673,-0.22566018477908648,1.1177805193552257,0.301133141496551,62.3005211353302
1780859503.0092123,-0.224185156561864,1.1137637965899219,0.3001740508838121,62.33876609802246
1780859503.0475914,-0.21717324914252512,1.1130330379689368,0.29500999558091867,62.377145290374756
1780859503.085134,-0.21994799400209225,1.1098725096151376,0.29727978862696264,62.41468787193298
1780859503.1203067,-0.21787594652033584,1.1079835189241696,0.2958522924374611,62.44986057281494
1780859503.1552956,-0.21997442163773256,1.1049417033873923,0.29761220567602226,62.48484945297241
1780859503.195102,-0.21906989516948305,1.1014325396433262,0.29715011878933584,62.52465581893921
1780859503.2290225,-0.21413172483160972,1.0987484406289756,0.293542764646042,62.558576345443726
1780859503.2659757,-0.21190859219526292,1.0980682621497495,0.29198230453643126,62.595529556274414
1780859503.30302,-0.21242700336698542,1.0955488972879162,0.29258144155513227,62.63257384300232
1780859503.3438122,-0.21485130629690527,1.0925863109984444,0.2946397026276568,62.6733660697937
1780859503.377266,-0.21506247351932312,1.089897224281644,0.2950322057565876,62.70681977272034
1780859503.4141006,-0.21383325804446898,1.0868253553015352,0.2943284029707464,62.74365448951721
1780859503.4522007,-0.21051993041231837,1.083250394047011,0.29195801788719516,62.78175449371338
1780859503.5011787,-0.20612530024075998,1.082929703900334,0.288797368966822,62.830732583999634
1780859503.527713,-0.20573239139888633,1.0806415890524612,0.28871392688075076,62.857266902923584
1780859503.5652146,-0.2095514180603722,1.0771250558309327,0.29190885602677075,62.894768476486206
1780859503.6016707,-0.20823046861635416,1.0753955216259392,0.29112979479765966,62.93122458457947
1780859503.6396792,-0.20563775351628466,1.0735024107730673,0.2893085318254446,62.96923303604126
1780859503.6757836,-0.20684565899768295,1.070509843905587,0.29045643457163267,63.00533747673035
1780859503.714347,-0.20656091578469055,1.0669312894377356,0.2904592169730861,63.04390072822571
1780859503.7525237,-0.20510267459773768,1.0643687595842286,0.2895578278128599,63.082077503204346
1780859503.7895787,-0.20320924713115956,1.0636463626472008,0.2883112551352613,63.11913251876831
1780859503.8285482,-0.203785223405461,1.060815617684171,0.2890449100191924,63.15810203552246
1780859503.8627489,-0.20378191056601955,1.0584086880338175,0.2893192100567653,63.19230270385742
1780859503.9082482,-0.20205369105578683,1.0560705118743074,0.2882602556301577,63.237802028656006
1780859503.9340584,-0.20135191345265024,1.0541282782687482,0.28800456246224954,63.263612270355225
1780859503.9679513,-0.2014072930121588,1.0513724365206965,0.28837462667361546,63.297505140304565
1780859504.0064232,-0.19840836719722063,1.0490821093094522,0.28629939495687146,63.33597707748413
1780859504.0397139,-0.1975540726304818,1.0457341729478482,0.28586973588734016,63.36926770210266
1780859504.0761483,-0.1948514723122063,1.0436274082615042,0.2839874843219778,63.405702114105225
1780859504.1101968,-0.19479038556368886,1.0419096521493416,0.284260133774937,63.43975067138672
1780859504.143586,-0.19547132680500476,1.0401827300364777,0.28500446925469186,63.47313976287842
1780859504.1823833,-0.1970589249471562,1.0378250544357377,0.28652781937773136,63.51193714141846
1780859504.2179284,-0.1986385030834185,1.0349291924001753,0.2880785770333075,63.54748225212097
1780859504.2546532,-0.19814111801196885,1.0328711166211397,0.2879323881268594,63.58420705795288
1780859504.289869,-0.20175042620754602,1.029165445118901,0.2912631831450517,63.619422912597656
1780859504.3230956,-0.19828839019422806,1.0277186625558568,0.28870828691531175,63.65264940261841
1780859504.358434,-0.19712753402440336,1.0252613062500402,0.28813576986460837,63.68798780441284
1780859504.3952599,-0.19441640872107538,1.0238000553606732,0.2863098752510856,63.72481369972229
1780859504.4326105,-0.1918564808448217,1.021552369454631,0.2845174102752795,63.76216435432434
1780859504.4700646,-0.19323818708879864,1.0179186759281942,0.28596604752171884,63.79961848258972
1780859504.5027895,-0.18399061843024184,1.017471861254716,0.27890214622575005,63.832343339920044
1780859504.5395112,-0.186769086913568,1.0149534792626653,0.2814343909948698,63.869065046310425
1780859504.578094,-0.18875924625422458,1.013195702158432,0.2833127334330853,63.90764784812927
1780859504.6138644,-0.186914408734085,1.011512670977288,0.2820905994064372,63.94341826438904
1780859504.6479242,-0.18789219132156137,1.0096280618853395,0.2831973315927964,63.97747802734375
1780859504.682763,-0.18938565575619462,1.007562695631918,0.2847029954184191,64.01231694221497
1780859504.71917,-0.1879216838673686,1.0059162414872738,0.2837998714784325,64.04872393608093
1780859504.7558198,-0.19032355290937047,1.003797749614932,0.28606046434563054,64.08537364006042
1780859504.7930536,-0.18975143403487116,1.0016510430813654,0.2859033247734491,64.12260746955872
1780859504.825112,-0.1920268309647434,0.9987782467276582,0.2880961665837512,64.15466594696045
1780859504.8604074,-0.19194968721082972,0.9967355355819909,0.2883591185477726,64.18996119499207
1780859504.8983965,-0.19204060254860483,0.9943975999513255,0.2887917249900633,64.22795033454895
1780859504.9368286,-0.19184094137340194,0.9925443339948228,0.28894410165728224,64.2663824558258
1780859504.9714403,-0.18961447376585078,0.9913224404383316,0.28739807860505623,64.30099415779114
1780859505.0085826,-0.18801487814356285,0.9895102655642345,0.2864132557082844,64.33813643455505
1780859505.0456157,-0.18946448690911327,0.9869508347121316,0.2879196891717554,64.37516951560974
1780859505.0841265,-0.18928378984360125,0.9843088218499731,0.28813040634868914,64.4136803150177
1780859505.1246052,-0.18866835179893654,0.9820327514532154,0.28794541741828716,64.45415902137756
1780859505.1561108,-0.1824901631685049,0.9810459567379899,0.283179433810393,64.48566460609436
1780859505.1959856,-0.18305464636813593,0.978690440180324,0.2840309632073555,64.52553939819336
1780859505.2331314,-0.18186808888456038,0.9769276983615827,0.28339089035344966,64.56268525123596
1780859505.267605,-0.1796485093667008,0.9760796409684711,0.2818642126423324,64.597158908844
1780859505.3030145,-0.1806790065429608,0.9742584075170184,0.28301229994064203,64.632568359375
1780859505.3376336,-0.18085166240560982,0.9716200306273195,0.28352845720754666,64.66718745231628
1780859505.3723662,-0.18092887055410287,0.9703459990640577,0.28391570747217737,64.70192003250122
1780859505.4098587,-0.1814176729690828,0.9682259564473079,0.2846731968694996,64.73941254615784
1780859505.4485097,-0.17955095683555375,0.9669881561616571,0.2834002522198359,64.77806353569031
1780859505.4850986,-0.17852939282567987,0.9655403132534448,0.2828969061885346,64.81465244293213
1780859505.5186331,-0.17775115984373682,0.96354217886199,0.28261096852931716,64.84818696975708
1780859505.5555143,-0.17775099561250454,0.9619938033144022,0.28291020756406277,64.88506817817688
1780859505.5900118,-0.17889879515004442,0.9596025110081245,0.28426665604756945,64.91956567764282
1780859505.6290908,-0.17986079132453156,0.9572246895905094,0.2854426523494282,64.95864462852478
1780859505.663559,-0.1748352511781965,0.9560332374519687,0.2815749458913183,64.9931128025055
1780859505.6991014,-0.1767434614005475,0.9534755281917244,0.2835531394051882,65.02865529060364
1780859505.7398043,-0.17810454813768078,0.9523120438987012,0.28498882769402306,65.06935811042786
1780859505.7779617,-0.1751490190890844,0.9506481793368435,0.28282115521260204,65.10751557350159
1780859505.812611,-0.17695705730195388,0.9491764471406992,0.28462830446868265,65.14216494560242
1780859505.8472607,-0.1780182387304045,0.946794912996215,0.2859043409758872,65.17681455612183
1780859505.8956008,-0.17975654485667739,0.9450076506715872,0.2876898726062538,65.2251546382904
1780859505.918281,-0.17525334358789801,0.9439953978672937,0.28423073171219965,65.24783492088318
1780859505.9545243,-0.17637315536125142,0.942031556408762,0.2855014843745926,65.2840781211853
1780859505.9919467,-0.17721041322954922,0.939500401073095,0.28663568221510144,65.32150053977966
1780859506.0378416,-0.1769690919264595,0.9381440996214117,0.286741312399601,65.36739540100098
1780859506.0626018,-0.17680504442292447,0.9361880461510355,0.28694657610094726,65.39215564727783
1780859506.1021743,-0.17504622672884876,0.9348056758123493,0.2857933270500807,65.43172812461853
1780859506.140492,-0.1745296404339889,0.933145394301869,0.28571180144372227,65.47004580497742
1780859506.1751451,-0.17382837271791937,0.9314649912312518,0.28548720956771273,65.50469899177551
1780859506.2114446,-0.17394172359956328,0.9298450713507536,0.2859320055458807,65.5409984588623
1780859506.2479758,-0.1732047091671014,0.9284930452030709,0.2856392275224781,65.57752966880798
1780859506.2839727,-0.17267725295855962,0.9265847129685181,0.28551896395379545,65.6135265827179
1780859506.336065,-0.17395551836855758,0.9248491322597856,0.2869309428340611,65.66561889648438
1780859506.3641045,-0.1739873535196987,0.9230447466333502,0.2873275189718089,65.6936583518982
1780859506.3999338,-0.17307176079290637,0.9218384582476518,0.2868457241752011,65.729487657547
1780859506.438424,-0.17403193323478044,0.9199063265742242,0.28803674150247127,65.76797795295715
1780859506.4753792,-0.1727797590990311,0.9185670213377091,0.28728055176915923,65.80493307113647
1780859506.5179708,-0.17132010310006351,0.9172863225290753,0.2863370122065441,65.84752464294434
1780859506.550941,-0.17309052345756124,0.9152380855381319,0.2882384150909723,65.88049483299255
1780859506.577362,-0.16919186088823032,0.9142670953058136,0.2851940099764017,65.90691590309143
1780859506.6154776,-0.16820974187471266,0.9128402510957208,0.2846560573971656,65.94503140449524
1780859506.6538265,-0.1691114822224844,0.9106190262477303,0.28584245769947414,65.98338031768799
1780859506.6882806,-0.16775068068784024,0.910118886283815,0.28486949303042725,66.01783442497253
1780859506.7238247,-0.1678399019552903,0.9081702329751633,0.2853171869021228,66.05337858200073
1780859506.7627943,-0.16960515965053963,0.9067055210590418,0.28719878867515114,66.09234809875488
1780859506.7991655,-0.16888803810617872,0.9053855792524486,0.28686487468996896,66.12871932983398
1780859506.8389935,-0.16768981334330124,0.9042583368795032,0.28613776857630036,66.16854739189148
1780859506.8758843,-0.16867044368393672,0.9024680950796289,0.2873329158838302,66.20543813705444
1780859506.911633,-0.1675068054865976,0.9010319615756552,0.2866820042375967,66.24118685722351
1780859506.949308,-0.16578180583244137,0.9000401175895854,0.2854749902988702,66.27886176109314
1780859506.9870636,-0.1672754283732591,0.8985143911714895,0.2871200496116454,66.31661748886108
1780859507.0273256,-0.16694696114875263,0.8969279570178732,0.28714251295536847,66.35687947273254
1780859507.0612965,-0.16559891570970772,0.8958450692479194,0.2862655078920044,66.39085030555725
1780859507.098419,-0.1627092782067993,0.8941141445756877,0.2841065167253717,66.4279727935791
1780859507.1348877,-0.16157069921421371,0.8934987809608885,0.2833730743255919,66.46444153785706
1780859507.175171,-0.16104260449522342,0.892013837141753,0.28322424947260616,66.50472474098206
1780859507.2126524,-0.16188494090258598,0.890675169759775,0.28431755820940097,66.54220628738403
1780859507.2461288,-0.16199763928162708,0.8893346836500136,0.28471839454367626,66.57568264007568
1780859507.282353,-0.1634475054702206,0.8879135264570122,0.28630529180889563,66.61190676689148
1780859507.3190436,-0.16071717251484577,0.8868407994703362,0.28414807330312397,66.64859747886658
1780859507.3542778,-0.16157112335027676,0.8852651932068922,0.28525247964722983,66.68383169174194
1780859507.3888645,-0.15991448909990463,0.8843116022384594,0.2840918948064647,66.71841835975647
1780859507.4243817,-0.1589668099034461,0.8831562434495985,0.2835377078635836,66.75393557548523
1780859507.4646287,-0.15957817169304075,0.8816546228624229,0.28442876554320295,66.7941825389862
1780859507.502593,-0.15873452192188234,0.8808935602758943,0.2838877774686586,66.83214688301086
1780859507.5346904,-0.15640460600273304,0.879319264479731,0.28221059464085974,66.86424422264099
1780859507.575076,-0.15588006963361795,0.8781141030784223,0.2820511234750352,66.904629945755
1780859507.6120806,-0.15843826545106798,0.8763785907147732,0.28467640843939307,66.9416344165802
1780859507.6577446,-0.15500081038166144,0.8763764474311739,0.28181078757596956,66.98729848861694
1780859507.6813772,-0.15690137918792796,0.874574720911669,0.2838581710939789,67.01093101501465
1780859507.7183902,-0.15779121323037104,0.873058150821296,0.2849552711630195,67.04794406890869
1780859507.7534893,-0.15502772611261992,0.8728856521759005,0.28269304153231284,67.0830430984497
1780859507.7886262,-0.15683661850131927,0.8708982632680478,0.2846969728364971,67.1181800365448
1780859507.825829,-0.1548389281875867,0.8701805577791228,0.2831975010555625,67.15538287162781
1780859507.860505,-0.1539551934473868,0.8690575251767771,0.2826555574522774,67.1900589466095
1780859507.897239,-0.15411162164895073,0.8677849290556017,0.28315168969768534,67.22679281234741
1780859507.9325373,-0.15365975387530148,0.8664897030151075,0.2830151980234495,67.26209115982056
1780859507.9700265,-0.1546561734400813,0.8652521294252995,0.2841935914479891,67.29958033561707
1780859508.0075681,-0.1509345320482438,0.8641393056341873,0.2812491842458408,67.33712196350098
1780859508.0521321,-0.15020522334395434,0.8632020826240845,0.28084842938134413,67.38168597221375
1780859508.0749817,-0.1514162080584058,0.8617933289324493,0.2822390982146313,67.40453553199768
1780859508.1135154,-0.15022295452369855,0.8607047565207075,0.28147413215172373,67.44306921958923
1780859508.1494412,-0.1491273784477902,0.8600624749738988,0.2807393069268457,67.47899508476257
1780859508.1848829,-0.15123455615075207,0.8583342081815375,0.28296686646856567,67.51443672180176
1780859508.2291434,-0.15029706078223426,0.8574915536831984,0.2823845249283214,67.55869722366333
1780859508.2565088,-0.1505380163749155,0.8560224197921553,0.2829391891674275,67.58606266975403
1780859508.294495,-0.1508984991502155,0.854813095351576,0.2835702759503981,67.62404894828796
1780859508.331567,-0.14962939163868122,0.8535162372921041,0.28272530510639937,67.66112089157104
1780859508.3686657,-0.1493615588788859,0.8526024943663146,0.28274177084133895,67.69821953773499
1780859508.4062502,-0.1499606510455444,0.851307423051942,0.2836201140859237,67.73580408096313
1780859508.4421508,-0.14857256557565932,0.8498147249969332,0.28265024515747894,67.77170467376709
1780859508.479384,-0.14643813121515256,0.8488772661860007,0.2809868475060794,67.80893778800964
1780859508.518059,-0.1474363978750563,0.8479086614996303,0.2822038333242026,67.8476128578186
1780859508.551242,-0.14720399063183182,0.8464705470768592,0.282262170818781,67.88079595565796
1780859508.5853019,-0.1480654533833234,0.8448893314849997,0.28340344607935897,67.91485571861267
1780859508.622732,-0.14690513061671878,0.8446881167830007,0.2825375062242988,67.95228576660156
1780859508.6583278,-0.14762139936893584,0.8430742667823445,0.2834897480696003,67.98788166046143
1780859508.6982903,-0.14745307527035426,0.8419748838650158,0.28363390670223104,68.02784419059753
1780859508.7469766,-0.14813465903008868,0.8409251841554957,0.284571086603775,68.07653045654297
1780859508.7706182,-0.14754580305306023,0.8402390917756828,0.28432949763520987,68.10017204284668
1780859508.8066635,-0.14726123006667063,0.8390558308228333,0.2843156023573028,68.13621735572815
1780859508.8413663,-0.14704793867831684,0.8381100133888681,0.284444168771309,68.1709201335907
1780859508.8771348,-0.14629206824143542,0.837363508600798,0.28401561116462487,68.20668864250183
1780859508.9172544,-0.14699782203867548,0.8359041579874675,0.28497996663578384,68.24680829048157
1780859508.9503734,-0.14420208047946495,0.834873153087383,0.2827127629384362,68.27992725372314
1780859508.9861524,-0.1443709508549095,0.8339223866114811,0.28311628186865057,68.31570625305176
1780859509.0224743,-0.14376168958318836,0.8328160536541687,0.28283247215659807,68.35202813148499
1780859509.0587502,-0.1430724174805518,0.8325949336581269,0.28243507682512853,68.38830399513245
1780859509.0931647,-0.1437061278086437,0.8313491387357017,0.28330894597876694,68.42271852493286
1780859509.128885,-0.14374973837188182,0.8305593119942745,0.2836458038075353,68.45843887329102
1780859509.1670318,-0.14325408773202342,0.8296872451599608,0.28346008493878133,68.49658560752869
1780859509.2019417,-0.143937548596192,0.8285111692463736,0.28437131261696574,68.53149557113647
1780859509.23775,-0.14292339384001645,0.8275314594033754,0.2836695688604568,68.56730389595032
1780859509.2744863,-0.14248912025938013,0.8262224718650439,0.2835711788411488,68.60404014587402
1780859509.313213,-0.1420824784871308,0.8253738179917018,0.283450014515219,68.64276695251465
1780859509.3450782,-0.1414024941272301,0.824396453659582,0.28307696793189274,68.67463207244873
1780859509.380952,-0.14049880082816504,0.8234906976199772,0.2824759756386861,68.71050572395325
1780859509.4233105,-0.1411271638520823,0.8221038149514417,0.2834236019764328,68.75286436080933
1780859509.4714243,-0.14096446390620082,0.820755080352227,0.2836006442202462,68.80097818374634
1780859509.4965816,-0.14003281710289592,0.8202273081487734,0.2829355313816987,68.8261353969574
1780859509.5375965,-0.13954026530281377,0.819377878180416,0.2827277517422092,68.86715030670166
1780859509.5757065,-0.13921396439144249,0.8184840510253639,0.28268650302438214,68.90526032447815
1780859509.6103451,-0.13872242118801115,0.817619900349869,0.2824798850102054,68.93989896774292
1780859509.6457574,-0.13923768455041166,0.8167297700536027,0.2832047362660233,68.97531127929688
1780859509.6795168,-0.13901509907840065,0.8157509517719344,0.2832715568083001,69.00907063484192
1780859509.7215245,-0.1394509520965872,0.8146090804454376,0.28398531676026334,69.05107831954956
1780859509.7569592,-0.13952722036167675,0.8135038623669988,0.2843234664640613,69.08651304244995
1780859509.7938902,-0.1387828869775787,0.8129162957289633,0.2838710043590325,69.12344408035278
1780859509.8274002,-0.13882625785644892,0.811764553340413,0.28418319960923233,69.15695405006409
1780859509.8660192,-0.13740333729819143,0.8111141455047297,0.2830818961826059,69.19557309150696
1780859509.9038804,-0.13719036192914555,0.8102898191392771,0.28309715380615097,69.23343420028687
1780859509.9425385,-0.13563546984601021,0.8091470947141897,0.28194713958434636,69.27209234237671
1780859509.9799824,-0.13651760029919457,0.8080425385254542,0.2830326287271823,69.30953621864319
1780859510.0164914,-0.136043593651206,0.8073409131846496,0.28282884145515996,69.34604525566101
1780859510.0540767,-0.13595294314047415,0.8064241469827649,0.28297661556195736,69.3836305141449
1780859510.090167,-0.13649085794382473,0.8054475911725734,0.2837645663785118,69.41972088813782
1780859510.1257253,-0.13596193958651367,0.8045360682784184,0.2835009627390949,69.45527911186218
1780859510.1609488,-0.13509510290683066,0.8041378952455205,0.2828731956872297,69.49050259590149
1780859510.19868,-0.13591020958149871,0.8030170684201863,0.28395299680203295,69.52823376655579
1780859510.232427,-0.1348970970593393,0.8022215892616156,0.2831871499149637,69.56198072433472
1780859510.2672448,-0.13572738007723706,0.8008612026659863,0.2842847334558878,69.59679865837097
1780859510.3014183,-0.13542419876652767,0.8003158675657291,0.2842416029073712,69.63097214698792
1780859510.3366103,-0.1358773315320679,0.7988619687293173,0.2849706535831424,69.66616415977478
1780859510.3752959,-0.1340238365488278,0.7984173531132113,0.2833787154299011,69.70484972000122
1780859510.415588,-0.13453329104223813,0.7973847234774742,0.28411434046858025,69.74514174461365
1780859510.4521902,-0.13483493689540857,0.796322458185446,0.2847048033312037,69.7817440032959
1780859510.4870398,-0.13397199102960083,0.794986020488188,0.28420311691609357,69.81659364700317
1780859510.5243328,-0.13300144877811462,0.7945929647274401,0.28346120414896264,69.85388660430908
1780859510.562724,-0.13280905436754606,0.7943632457622019,0.28351175942106127,69.89227795600891
1780859510.6078076,-0.13380265755788856,0.7930963599644429,0.2847417369053138,69.93736147880554
1780859510.6436303,-0.13309612114678898,0.792836571545545,0.28425936055859713,69.97318410873413
1780859510.6841075,-0.13244230690951714,0.7924387774201687,0.28381850945781106,70.01366138458252
1780859510.7172515,-0.13213151364127135,0.7917556957442582,0.2837611327581159,70.0468053817749
1780859510.7538574,-0.13250599686640338,0.790677922195925,0.28439062189574404,70.08341121673584
1780859510.7903168,-0.13216388353939326,0.7898227372325455,0.2842903666974071,70.11987066268921
1780859510.8275397,-0.13210513591981807,0.7890104099172253,0.2844617800265673,70.15709352493286
1780859510.8633738,-0.13227746983045277,0.7879603029645939,0.2848919335860433,70.19292759895325
1780859510.8979402,-0.13171755497124824,0.7873675387882269,0.2845760480738567,70.22749400138855
1780859510.93705,-0.1323888298611082,0.7859912381689886,0.2854994790688719,70.26660394668579
1780859510.9694655,-0.13181708526923933,0.7854864275260274,0.28515571969903597,70.29901933670044
1780859511.0070539,-0.1310453515964205,0.7849159537601995,0.28461316859524105,70.33660769462585
1780859511.0420892,-0.129808222113545,0.7838264095176053,0.2836942747477097,70.37164306640625
1780859511.0794814,-0.1296096771112841,0.7831290501572794,0.2837109464338951,70.40903520584106
1780859511.114922,-0.1310364682398012,0.7818598785046862,0.2853882839217563,70.44447588920593
1780859511.1527464,-0.13088129368721213,0.7812171125881762,0.28543366831881484,70.48230028152466
1780859511.1909485,-0.13008073314656066,0.780790506856246,0.2848402427893215,70.52050232887268
1780859511.2230062,-0.12919428004929023,0.7802883033728472,0.28415723932860387,70.55256009101868
1780859511.262372,-0.13048597470076234,0.7790876824853139,0.2856953631788764,70.5919258594513
1780859511.3000555,-0.12928937104655747,0.7789249247883117,0.28466906628175875,70.62960934638977
1780859511.335187,-0.1292498502798166,0.7780814342179225,0.2848640126661284,70.66474080085754
1780859511.3733535,-0.12928713365164674,0.7774243646047398,0.28513487991313113,70.70290732383728
1780859511.409685,-0.12962169396539824,0.7765910963091314,0.28571225768596037,70.73923873901367
1780859511.4476435,-0.12938193780060436,0.7758447938194899,0.2856777614777053,70.77719736099243
1780859511.4848316,-0.12978082915175407,0.7749061516701536,0.28634242305990465,70.81438541412354
1780859511.5198278,-0.12936633480262497,0.7743101200979665,0.2861358062224936,70.84938168525696
1780859511.5598211,-0.12917835833664182,0.7736271360389517,0.28614148345741763,70.88937497138977
1780859511.5970728,-0.12774399258986657,0.7732219767457889,0.28493099164896524,70.9266266822815
1780859511.6344335,-0.12642882814351308,0.7726713716322722,0.28386302103928723,70.96398735046387
1780859511.6728714,-0.12697731526455164,0.7717117578962951,0.28461994750076447,71.00242519378662
1780859511.7107658,-0.1270247252928584,0.7713711491861002,0.2848421887873584,71.0403196811676
1780859511.7551048,-0.12686123507797137,0.7707674256946668,0.2848831444218937,71.0846586227417
1780859511.7899103,-0.12652080140774763,0.7702080682922039,0.28475628713193446,71.11946415901184
1780859511.8371863,-0.12640955655666586,0.7694622573432941,0.2848439641655392,71.16674017906189
1780859511.8622932,-0.1257039462507944,0.7690978391490453,0.2843490159765981,71.19184708595276
1780859511.8984237,-0.1270044887381158,0.7680234721658836,0.2858602328020596,71.22797751426697
1780859511.939133,-0.1258827518418509,0.7674066734353948,0.28495672870196614,71.26868677139282
1780859511.9745448,-0.12714812254519442,0.766416380105172,0.28643483593945085,71.30409860610962
1780859512.013901,-0.12688669320253068,0.7656965402157043,0.28636792803373995,71.34345483779907
1780859512.0547168,-0.1258068332943751,0.7652647380362456,0.28545766137414963,71.38427066802979
1780859512.0899255,-0.12560597771529397,0.7648601357396749,0.28543641959045046,71.41947937011719
1780859512.1418211,-0.1261906162301331,0.76343325567895,0.28627802404974345,71.47137498855591
1780859512.1652784,-0.12466884334884382,0.7635026404461507,0.28487711785779524,71.49483227729797
1780859512.1995666,-0.12482692514760119,0.7625600374019661,0.285271375280787,71.52912044525146
1780859512.2389026,-0.12514324149086514,0.7614477291182484,0.2858479461607619,71.5684564113617
1780859512.2716753,-0.12407863042509182,0.7607480996304969,0.2850017992023574,71.60122919082642
1780859512.3197923,-0.12434091464824898,0.760222062913213,0.28545262882053113,71.64934611320496
1780859512.349733,-0.12426397066726214,0.7597534329623177,0.2855682343586675,71.67928695678711
1780859512.3852897,-0.1253822041570392,0.7587112885050915,0.28687763499127994,71.71484351158142
1780859512.424237,-0.12437216812052862,0.7587882224300115,0.2860613052136253,71.75379085540771
1780859512.4614441,-0.12436758141155457,0.7582061434529732,0.2862302251032342,71.79099798202515
1780859512.5012825,-0.12435434360638992,0.7578233859360051,0.2864093716184445,71.83083629608154
1780859512.5376537,-0.12374028788951394,0.7572651140478213,0.2859366418199896,71.86720752716064
1780859512.5735133,-0.12289832279973609,0.7570597157009342,0.2852789606077388,71.903067111969
1780859512.6194932,-0.12327084203108823,0.756577942577848,0.2858171202311497,71.94904708862305
1780859512.6564896,-0.12308634615280786,0.7559432594596065,0.28583443173830675,71.98604345321655
1780859512.6931934,-0.12374263971670274,0.7550772678787698,0.2866947610798687,72.0227472782135
1780859512.7252302,-0.12201033616277962,0.7546552426954203,0.2851321237059316,72.05478405952454
1780859512.7639985,-0.12207926826277535,0.7540093814922584,0.28540209625222784,72.09355235099792
1780859512.8012674,-0.12198812089947786,0.753324065539998,0.28548160692268953,72.13082122802734
1780859512.8363793,-0.12190327583609825,0.7525797561913534,0.2855824813949408,72.16593313217163
1780859512.8793352,-0.12090673241670413,0.7522085553463513,0.284733052846132,72.20888900756836
1780859512.91607,-0.11989522407309025,0.751831502450184,0.2838549628594378,72.24562382698059
1780859512.9558225,-0.11928541350926161,0.7511261154448341,0.28344532379747817,72.28537631034851
1780859512.9948926,-0.11805770484901851,0.7503834371238876,0.2824023842399922,72.32444643974304
1780859513.0334213,-0.11822595543256706,0.7498441935235007,0.2827194478981822,72.36297512054443
1780859513.0799322,-0.11818176380719941,0.7494246345632745,0.2828321555718557,72.40948605537415
1780859513.1021802,-0.11812043076145748,0.7487437985825618,0.2829541895345498,72.43173408508301
1780859513.1415126,-0.11923199598538042,0.7478725016997145,0.284275575197845,72.47106647491455
1780859513.1789935,-0.11907909855042467,0.7474220504902096,0.284278436758401,72.50854730606079
1780859513.215385,-0.11962157334152254,0.7467546191349539,0.28501677080722143,72.54493880271912
1780859513.252383,-0.11948390337923237,0.7462272313749969,0.2850616547409806,72.58193683624268
1780859513.2885792,-0.11927431820433754,0.7457813867241587,0.2850073269554588,72.61813306808472
1780859513.3235953,-0.11825959825672619,0.7454603033093494,0.28410844815261377,72.6531491279602
1780859513.3677742,-0.1185061215972428,0.7448847304565203,0.2845489860371463,72.69732809066772
1780859513.4013422,-0.11844034655351443,0.7444000783618538,0.2846605127999284,72.73089599609375
1780859513.436219,-0.11752370874199061,0.7441748815122553,0.2838287844713344,72.76577281951904
1780859513.4738133,-0.11753470014230921,0.7436741592409981,0.28401185935330425,72.80336713790894
1780859513.5049515,-0.11762360990031825,0.7431593801430325,0.28427751607452345,72.83450531959534
1780859513.5430908,-0.11714469715726417,0.7427016363071637,0.2839730838732073,72.87264466285706
1780859513.5805933,-0.11729673906329682,0.7420979598112638,0.28432244080692104,72.910147190094
1780859513.6153147,-0.11778050913319935,0.7415372563926692,0.28498668116740095,72.94486856460571
1780859513.6504078,-0.11740309687714459,0.7410508484098337,0.28475717996033895,72.97996163368225
1780859513.6858513,-0.11707333207751863,0.7402414447710834,0.284613975965458,73.01540517807007
1780859513.7223537,-0.1151986348389753,0.7396575178840705,0.2828983199671267,73.05190753936768
1780859513.7658608,-0.1152319509902763,0.7391489375931375,0.2830678222414381,73.09541463851929
1780859513.8010476,-0.11503117252330455,0.7390037210026252,0.28302942502001505,73.13060140609741
1780859513.8367202,-0.11575977727094447,0.7382633700580943,0.2839195323852428,73.16627407073975
1780859513.8718765,-0.11651048084266055,0.7375158759186704,0.28487817038239094,73.20143032073975
1780859513.9108062,-0.11669069091999418,0.7370790766654722,0.2852418508418408,73.24036002159119
1780859513.9442146,-0.11604510482619221,0.7367545401112667,0.2846969671879952,73.2737684249878
1780859513.978668,-0.11432679187970085,0.7367638965853456,0.2830588554842714,73.3082218170166
1780859514.0140634,-0.1141525492288055,0.7362393315398845,0.283028798043533,73.34361720085144
1780859514.0589252,-0.11473730812980912,0.7355091421005848,0.2838327719748886,73.3884789943695
1780859514.0833125,-0.11473940947439232,0.7349429362117392,0.28400114101555685,73.41286635398865
1780859514.1215594,-0.11521932777552812,0.7342351734681043,0.2846807651084145,73.45111322402954
1780859514.154951,-0.11473197132321672,0.7338187064261321,0.28429427165514265,73.48450493812561
1780859514.189549,-0.11466208025625671,0.7332401305889444,0.2843824291164745,73.51910281181335
1780859514.2271907,-0.11509845280976116,0.7325866692244092,0.2850046547397972,73.55674457550049
1780859514.2606075,-0.11480834949195465,0.7321264871901549,0.2848810017981387,73.59016132354736
1780859514.300599,-0.11489237619765436,0.7313982556919763,0.28513636525767455,73.63015294075012
1780859514.3312984,-0.11564701712032055,0.730874209101853,0.2860718672266496,73.6608521938324
1780859514.3706553,-0.11543814745029535,0.7300308845096788,0.2860808333983294,73.70020914077759
1780859514.4031513,-0.11579755407399597,0.7292964064802776,0.2865982489572245,73.73270511627197
1780859514.4387558,-0.11405913173869134,0.7292860260004397,0.2848807569783215,73.76830959320068
1780859514.4727106,-0.11256513614884045,0.7287448089979567,0.28355707052177287,73.80226445198059
1780859514.514879,-0.11348596126822996,0.7280684250218281,0.2846652687979759,73.84443283081055
1780859514.5501685,-0.11402653100488758,0.7278197097650119,0.2854046163484405,73.87972235679626
1780859514.5843415,-0.11508698274319326,0.727139871611866,0.28663584720441504,73.91389536857605
1780859514.6215136,-0.11396396542037318,0.7272649804281088,0.28561893706092134,73.95106744766235
1780859514.6577024,-0.11482457812838676,0.7265706525429421,0.28665162052597537,73.98725628852844
1780859514.6927178,-0.11385934238653178,0.7262342344040706,0.2857934637066429,74.0222716331482
1780859514.7273428,-0.11305593599342664,0.7263162303260517,0.2851035645477128,74.05689668655396
1780859514.766861,-0.11454126735640904,0.7251859473384834,0.28681061087219567,74.09641480445862
1780859514.798305,-0.11302294220829032,0.7252153446668872,0.2853711172480454,74.127858877182
1780859514.8355122,-0.11322073150630099,0.7248640701202966,0.28569708871598154,74.16506600379944
1780859514.872425,-0.11245256436525322,0.7243430321018312,0.28504799871772857,74.20197892189026
1780859514.907999,-0.11333502575143872,0.7239383800012358,0.2861161897728538,74.23755288124084
1780859514.9430895,-0.11248246288405384,0.7234694006086719,0.28535857692254946,74.27264332771301
1780859514.984627,-0.11294360947497431,0.7229510357579676,0.2859837978848601,74.31418085098267
1780859515.017619,-0.11311691278342073,0.7223222330392074,0.2863143987278703,74.34717273712158
1780859515.0550106,-0.11268130896608167,0.7220682481293934,0.2860190328796701,74.38456439971924
1780859515.092442,-0.1125438684793299,0.7214740733758009,0.2860228496430409,74.4219958782196
1780859515.1325958,-0.1124203471072503,0.7208628335478049,0.286052251259292,74.46214962005615
1780859515.168688,-0.11277930569450814,0.7199270533190343,0.28661294201229826,74.4982419013977
1780859515.2017508,-0.11170861025292436,0.719653946289452,0.2856249765965355,74.53130459785461
1780859515.241097,-0.11155423366124628,0.7187166292243861,0.28565091300120454,74.57065081596375
1780859515.2794507,-0.11016027275029935,0.7186567302191622,0.2843037448239686,74.60900449752808
1780859515.3147671,-0.11068196331132421,0.7179960095287923,0.2849939458801458,74.64432096481323
1780859515.349719,-0.11075542250059792,0.7176594823594573,0.28520513255087904,74.67927289009094
1780859515.3892186,-0.11158522320552478,0.7171035412102966,0.2862115911582741,74.71877241134644
1780859515.4225948,-0.1121665501820259,0.7165509623804791,0.2869644172373114,74.75214862823486
1780859515.4592907,-0.1122397217109038,0.7161954674694662,0.28718333505388605,74.7888445854187
1780859515.5002527,-0.11190451883248079,0.7157575820042035,0.28692944438715967,74.8298065662384
1780859515.536409,-0.11191697450028953,0.7152948099028282,0.2870962711668016,74.86596274375916
1780859515.5792017,-0.11157449466899588,0.7149140790417372,0.28686148960999086,74.90875554084778
1780859515.610662,-0.1117872562415716,0.714346138600497,0.2872357885724179,74.94021582603455
1780859515.6558232,-0.11163626338409383,0.7139584198978539,0.28720546724360124,74.98537707328796
1780859515.6925201,-0.11079688901367954,0.7138381088458263,0.28644675775835055,75.02207398414612
1780859515.7223363,-0.11060914669965793,0.7133749282872333,0.2863561641706604,75.0518901348114
1780859515.757971,-0.11046227077235393,0.7131035063610132,0.2863423448532043,75.08752489089966
1780859515.8030412,-0.11073256325263783,0.712774094586804,0.28676045532532835,75.13259506225586
1780859515.8301666,-0.11100004428580579,0.7123124874552196,0.287190519252942,75.1597204208374
1780859515.8685834,-0.11159556412771043,0.7119913116245957,0.2879665293871252,75.1981372833252
1780859515.9123383,-0.11135296049404211,0.7115730721965736,0.2878189227475331,75.2418920993805
1780859515.949563,-0.1110667316817032,0.7112964391738033,0.28766031985457263,75.27911686897278
1780859515.9853575,-0.11074661752359227,0.7108003253227744,0.28744060663715176,75.31491136550903
1780859516.018921,-0.11064904869300415,0.710403936440356,0.2874759471538588,75.34847474098206
1780859516.0600104,-0.11045395716083672,0.7100709459371979,0.28740931094439853,75.38956427574158
1780859516.1052418,-0.11042548639564559,0.7097261969245905,0.2874761144863818,75.43479561805725
1780859516.1315544,-0.10958212622271477,0.7096573988304877,0.2866967457531345,75.46110820770264
1780859516.171727,-0.10928034973639172,0.7092047068368519,0.2865275749421775,75.50128078460693
1780859516.2081761,-0.1081068459619498,0.7088514256743881,0.2854393150897878,75.5377299785614
1780859516.2443802,-0.10786082175929484,0.708574972770079,0.28529781812658583,75.57393407821655
1780859516.2869337,-0.10798519926305342,0.7082747271501815,0.28553804195339527,75.61648750305176
1780859516.3145435,-0.10839271029141148,0.7080743761895227,0.286065921985654,75.64409732818604
1780859516.3503175,-0.10830045922288051,0.707666654022741,0.2860979160409087,75.67987132072449
1780859516.3869689,-0.10894911544123206,0.707183515816245,0.28690281497001613,75.71652269363403
1780859516.4234016,-0.10826653988568707,0.7074571245872736,0.2863036036216496,75.75295543670654
1780859516.4603388,-0.10840436408148094,0.7070338826147238,0.28653986922521335,75.78989267349243
1780859516.4957414,-0.10747501022568276,0.7068965449205773,0.2856721255053873,75.82529520988464
1780859516.5330744,-0.10768101287973128,0.7063891845877557,0.2860282744270275,75.86262822151184
1780859516.571253,-0.10761335291018209,0.7057063981534055,0.28608633074104955,75.90080690383911
1780859516.6102328,-0.10787103714191792,0.7053069128780955,0.28648596108700014,75.93978667259216
1780859516.6432693,-0.10790464984217357,0.7048312327850514,0.2866334260534483,75.97282314300537
1780859516.6804764,-0.10802418507594264,0.7043478328515822,0.28688630620441896,76.0100302696228
1780859516.7165174,-0.10818351872965795,0.704048992799488,0.28718126482097206,76.04607129096985
1780859516.7587967,-0.1080821382307624,0.7036876435080621,0.28717627890491904,76.08835053443909
1780859516.8059366,-0.10830836251830764,0.7032889594632299,0.28752638139084996,76.13549041748047
1780859516.8325925,-0.10906368923820622,0.702751031840031,0.28846467733117476,76.16214632987976
1780859516.8657968,-0.10783639088970062,0.7028230805637905,0.2872097976872736,76.19535064697266
1780859516.9106183,-0.10863060762781448,0.7022357521795728,0.28820080223385974,76.24017214775085
1780859516.9402533,-0.1085286051007458,0.701719170843258,0.28821091654535647,76.26980710029602
1780859516.9738398,-0.10866087123498111,0.7013686891342061,0.2884698282812399,76.30339360237122
1780859517.0112846,-0.10833034035608108,0.7009398745063853,0.28823315878248124,76.34083843231201
1780859517.0443344,-0.10829342734780589,0.7006970733252322,0.2883017397518762,76.37388825416565
1780859517.082703,-0.10794492819724902,0.7003884482337193,0.28803762118531995,76.41225695610046
1780859517.118101,-0.10820364117461628,0.699899936089087,0.28843746874410675,76.4476547241211
1780859517.156271,-0.10804160248145947,0.6996414507276139,0.28837081688761296,76.48582482337952
1780859517.1920793,-0.10787618352572984,0.6991977808459959,0.2883137705675978,76.52163314819336
1780859517.2281966,-0.10677870541399492,0.6989075681100716,0.28728939302724515,76.55775046348572
1780859517.2609704,-0.10693432803025371,0.6985768581862302,0.2875569286110846,76.59052419662476
1780859517.2978976,-0.10717524435329409,0.6981732934692455,0.287917553646928,76.62745141983032
1780859517.3362556,-0.10716241686190381,0.6978358719592404,0.2880005423402434,76.66580939292908
1780859517.3695216,-0.10723708936046386,0.6978176720601621,0.2881702012409196,76.69907546043396
1780859517.4064424,-0.10753681472575424,0.6973830137046948,0.28858583182012104,76.73599624633789
1780859517.4485326,-0.107625553723224,0.6972218411271838,0.28879081285656777,76.7780864238739
1780859517.487074,-0.10730818185463714,0.6969550841651715,0.2885541109289253,76.81662774085999
1780859517.5110388,-0.10724562158722611,0.6966330888572891,0.2885830321411633,76.84059262275696
1780859517.54978,-0.10730493250560211,0.6961563242198561,0.28875961736587175,76.87933373451233
1780859517.5864277,-0.10700852659485058,0.6959017333081492,0.2885454087588423,76.91598153114319
1780859517.6227198,-0.10673993836747325,0.6957623329565188,0.2883470264414578,76.95227360725403
1780859517.6570973,-0.10680246579051306,0.6954941619383403,0.2885201352003215,76.98665118217468
1780859517.6944416,-0.10677588946290834,0.6949416705494347,0.2885979799039631,77.0239953994751
1780859517.7327018,-0.10661831469010752,0.6946464954894744,0.2885115770779193,77.06225562095642
1780859517.7695599,-0.10577188438176538,0.69464534364689,0.2876950273181442,77.09911370277405
1780859517.808892,-0.1055577370049269,0.6944850546527266,0.28755039231582885,77.13844585418701
1780859517.8469958,-0.10541868451940312,0.6942348888023282,0.28749045231585096,77.17654967308044
1780859517.8809192,-0.10541092822416379,0.6939137876217136,0.2875863093693464,77.21047306060791
1780859517.9203012,-0.1050653518126512,0.6938250361986662,0.2873056517129472,77.2498550415039
1780859517.9544492,-0.10515314499858008,0.6934992971868565,0.2874919711178004,77.28400301933289
1780859517.9917543,-0.10510097856536033,0.693376512256711,0.28752779381055066,77.32130813598633
1780859518.0285895,-0.10535272326116332,0.692997416654443,0.287902259823673,77.35814332962036
1780859518.069226,-0.10530497842649261,0.6926284375468823,0.2879535719852766,77.39877986907959
1780859518.1039422,-0.10518705042282134,0.6922812556720999,0.28792591840363685,77.43349599838257
1780859518.1386952,-0.10562697654286798,0.6918475213456843,0.2884942965336108,77.46824908256531
1780859518.1759865,-0.10528260355348387,0.6915671165734687,0.28822110666735384,77.50554037094116
1780859518.211684,-0.10529216243617845,0.6912390921138623,0.2883327260032398,77.54123783111572
1780859518.2512255,-0.10525885264543794,0.690807004527147,0.2883948716135515,77.58077931404114
1780859518.2987335,-0.10513858717700003,0.6906174925853092,0.2883484839644128,77.62828731536865
1780859518.3245919,-0.1050263055463112,0.690206549517757,0.2883157844959307,77.65414571762085
1780859518.3634288,-0.10333836652929321,0.6897600612569046,0.28663919978402963,77.69298267364502
1780859518.3962562,-0.10334283778136022,0.6896037864288258,0.2867141428244613,77.72581005096436
1780859518.431724,-0.10343414291670341,0.6892846569026068,0.28689482725121457,77.76127791404724
1780859518.4676368,-0.10386975572685317,0.6889489606262964,0.2874549787324764,77.79719066619873
1780859518.506924,-0.10396300809972162,0.6887727674823969,0.28763843003954437,77.83647775650024
1780859518.5475879,-0.10402652946885255,0.6885216872600051,0.28779304271865125,77.87714171409607
1780859518.5817657,-0.10499576009820502,0.6879652105275778,0.28895473576723785,77.91131949424744
1780859518.6202838,-0.1047356753404072,0.6879042340069721,0.28873382943335874,77.94983768463135
1780859518.6612363,-0.10552596302409545,0.6873091714508475,0.28972082783923747,77.99079012870789
1780859518.6935456,-0.10492642004035574,0.687237502808937,0.28912227696251785,78.02309942245483
1780859518.7313802,-0.10512125246259485,0.6868435431746782,0.28945618272679324,78.06093406677246
1780859518.7689633,-0.1042365657991764,0.6868221430349055,0.2885316660216347,78.09851717948914
1780859518.80756,-0.1050848335133514,0.6863126028924145,0.28960270819050804,78.13711380958557
1780859518.8520496,-0.10502790234315834,0.6860523907206804,0.28958393431704815,78.18160343170166
1780859518.881398,-0.10436436060923018,0.6859109410056012,0.2889636498199916,78.21095180511475
1780859518.9158947,-0.10431075791698613,0.6857306012255968,0.28896360720550057,78.24544858932495
1780859518.9508293,-0.10411887291512972,0.6854768908237197,0.2888615304780858,78.28038311004639
1780859518.9885628,-0.10393237247268247,0.6852129652150476,0.2887155523956746,78.31811666488647
1780859519.0232575,-0.10421639877398481,0.6849357217008154,0.2891340613677846,78.35281133651733
1780859519.0572226,-0.10427983730738966,0.6846174753375793,0.2892788492389087,78.38677644729614
1780859519.093326,-0.10460549416913478,0.6844162053230913,0.2897449961806233,78.42287993431091
1780859519.1412044,-0.10479880005603343,0.6840943267485753,0.2900280767988886,78.47075819969177
1780859519.1675754,-0.1042281157885464,0.6840002532172569,0.28950243585178786,78.49712920188904
1780859519.2035913,-0.10422333370803591,0.683875140795936,0.289576332444737,78.53314518928528
1780859519.244088,-0.10418289394784472,0.6835781276186377,0.28960431934021963,78.57364177703857
1780859519.2809012,-0.10441282616114347,0.6832825855862279,0.289937772854853,78.61045503616333
1780859519.32517,-0.10408280701705597,0.6830934520481049,0.28966571055609885,78.65472388267517
1780859519.3515942,-0.10371693389966236,0.6828424949839937,0.28933183040330046,78.68114805221558
1780859519.3921144,-0.10370410862044704,0.6826350734435398,0.2894245927189524,78.7216682434082
1780859519.4252708,-0.10391703981583242,0.6823153355264853,0.28974086585851466,78.7548246383667
1780859519.4650931,-0.10377457555135611,0.682176054286892,0.2896606083792561,78.7946469783783
1780859519.5019956,-0.10359956799152797,0.6819485065794304,0.28955627988195903,78.83154940605164
1780859519.5369103,-0.10392636392947471,0.681548205476181,0.2900070821839516,78.866464138031
1780859519.571031,-0.10400061963235574,0.681229671745291,0.29017194470473406,78.90058493614197
1780859519.6092918,-0.10358437961519423,0.6810371294064999,0.28979765828941856,78.93884563446045
1780859519.644691,-0.10359429079521423,0.6807176168351026,0.28989628015960384,78.97424483299255
1780859519.6795099,-0.10322953755120584,0.6805316584517793,0.2895749804954836,79.00906372070312
1780859519.7166822,-0.10283340204490413,0.6801730551509033,0.28923525396058564,79.04623603820801
1780859519.7548375,-0.10223684088984553,0.6798738999534579,0.28869057540788545,79.08439135551453
1780859519.7938108,-0.10237578184886817,0.6797293346529771,0.2889171287686995,79.12336468696594
1780859519.8284602,-0.10213327411594261,0.6796647574468238,0.28871198471118614,79.15801405906677
1780859519.8672526,-0.10205088524359932,0.6794265135526005,0.28869090707141265,79.19680643081665
1780859519.902391,-0.10229043986767594,0.6793014716798189,0.28902467897546846,79.23194479942322
1780859519.9364693,-0.10241208146486666,0.6790161339219833,0.28922523584520315,79.2660231590271
1780859519.9736867,-0.1024496403408956,0.678882535385229,0.28932950153862846,79.30324053764343
1780859520.0094976,-0.10283236617289687,0.6785482673136298,0.28985413960420375,79.33905148506165
1780859520.0445943,-0.10305608537900326,0.6781770622992447,0.2901840172144129,79.37414813041687
1780859520.082857,-0.102842888434485,0.6779981162350752,0.2900289605804684,79.41241073608398
1780859520.124955,-0.10300023642173009,0.6777368722942181,0.2902769007700344,79.4545087814331
1780859520.1571646,-0.10278985130730095,0.6774681874584749,0.2901276015350057,79.48671841621399
1780859520.1966066,-0.10286595009846325,0.6773111604128401,0.2902889514644493,79.52616047859192
1780859520.2287807,-0.1030681435113445,0.6770395402967642,0.29057559058197635,79.55833458900452
1780859520.2697103,-0.10283609778304034,0.6767682397489552,0.2904457794658867,79.59926414489746
1780859520.3046613,-0.10278870067718845,0.6765695303533175,0.2904301865056683,79.63421511650085
1780859520.344722,-0.10267676345350929,0.6762470837006358,0.2904312373223768,79.67427587509155
1780859520.3801434,-0.10297228966137234,0.6759442065094554,0.29080137568804854,79.70969724655151
1780859520.4188218,-0.10280912219929217,0.6757880698441667,0.2907247335689694,79.74837565422058
1780859520.4581413,-0.10249733109623216,0.6756310030607608,0.29041652399410195,79.78769516944885
1780859520.4920788,-0.10269232149865526,0.6753460956680888,0.2907337322711424,79.82163262367249
1780859520.5317013,-0.10253577588169738,0.6751410902276558,0.290594236344963,79.8612551689148
1780859520.5653706,-0.10280501912020332,0.6748518409546849,0.2910119224089126,79.89492440223694
1780859520.60157,-0.10226603171405041,0.6747922307242966,0.29044445930751717,79.93112373352051
1780859520.6471856,-0.10249179458267643,0.6744318128668039,0.2908097905808676,79.9767394065857
1780859520.6825624,-0.1022321694721588,0.6743910607566483,0.29055093418929884,80.01211619377136
1780859520.707058,-0.10283219340659094,0.6739314443263387,0.2913154889360615,80.03661179542542
1780859520.744597,-0.10253287126260768,0.6737910758673746,0.2910632306487928,80.07415080070496
1780859520.7802212,-0.10243749602703323,0.6736132599958593,0.2909823618033606,80.10977506637573
1780859520.8170447,-0.1024382498741952,0.6733980612956751,0.2911040277612227,80.14659857749939
1780859520.8524842,-0.10263193621213954,0.6732909974203911,0.2913560508372438,80.18203806877136
1780859520.8894093,-0.1026429416694615,0.6729228981165845,0.2914425842040954,80.21896314620972
1780859520.9247983,-0.10243739780127264,0.6726354812058513,0.29132417168086117,80.25435209274292
1780859520.963695,-0.10288480308814374,0.6723427794547978,0.2918739420158526,80.29324889183044
1780859521.0027328,-0.10236634461029345,0.6722068112035184,0.29137380643156413,80.33228659629822
1780859521.0398183,-0.10231419941164105,0.6719657125472103,0.2913975939983211,80.36937212944031
1780859521.0744214,-0.10233562591774759,0.671823772441881,0.291469095681315,80.40397524833679
1780859521.1107948,-0.10232149095927023,0.6714516423054424,0.2915525423281069,80.4403486251831
1780859521.1463802,-0.1024286314879434,0.6713415436310384,0.291709698103048,80.47593402862549
1780859521.1815774,-0.10206640159042632,0.6712095637451858,0.29138872470302146,80.5111312866211
1780859521.2181182,-0.10227789614172447,0.6710326804487321,0.29166141153246206,80.54767203330994
1780859521.2551863,-0.10086421322747549,0.6707800716763743,0.29024004089616834,80.58474016189575
1780859521.295284,-0.10124606186001525,0.6704506089644695,0.2907032144925965,80.62483787536621
1780859521.3315072,-0.10147761719472526,0.6702612261067604,0.2910553845989626,80.66106104850769
1780859521.365555,-0.10125640375184095,0.6700377123859516,0.2908373294537442,80.69510889053345
1780859521.407257,-0.1011850188212721,0.6701156029081023,0.29084779371546815,80.73681092262268
1780859521.443236,-0.10076780864976964,0.66977616186002,0.29039941317403944,80.77278995513916
1780859521.489759,-0.10153809442598591,0.6696541718689102,0.2913448223384917,80.81931281089783
1780859521.5176318,-0.10127676125389512,0.6695748656119822,0.2911176041869371,80.84718561172485
1780859521.558612,-0.1008856175326655,0.669469199063695,0.29070818593919656,80.88816595077515
1780859521.5918443,-0.1013939078553655,0.6693693228555906,0.29133576259601895,80.9213981628418
1780859521.6299958,-0.10069688318962147,0.6692170522736824,0.2905777517506682,80.95954966545105
1780859521.6645172,-0.10126027885443831,0.6691678857041432,0.2913161133529545,80.9940710067749
1780859521.7030828,-0.10152899350088906,0.668862677068899,0.29163570187028,81.03263664245605
1780859521.7383919,-0.10134974990018614,0.6687984816764747,0.29152853245845395,81.06794571876526
1780859521.7767036,-0.10069696172977122,0.6686464697902084,0.290802704358154,81.10625743865967
1780859521.8123646,-0.10114507008613388,0.6684499997794568,0.2914016415452976,81.14191842079163
1780859521.8482623,-0.10082376755672617,0.6682525904572565,0.29109518391084344,81.17781615257263
1780859521.8898304,-0.10101002313286825,0.6679496555742559,0.2913452144117936,81.21938419342041
1780859521.9246836,-0.10076301359622108,0.6680221346966304,0.2911526340475795,81.25423741340637
1780859521.9713705,-0.10078715802036578,0.6677859256607206,0.2912142623099193,81.30092430114746
1780859521.996481,-0.10093207453621358,0.6674275268441552,0.29143815165986664,81.32603478431702
1780859522.0323675,-0.10070227281447647,0.6673891670660448,0.29126485666119184,81.3619213104248
1780859522.0686774,-0.10069038466018426,0.6671892100945129,0.2912818187832165,81.39823126792908
1780859522.106758,-0.10081436801124508,0.6669314096618029,0.29145567087848434,81.43631196022034
1780859522.149658,-0.09988487299748258,0.6674589056152576,0.2905216027243825,81.47921180725098
1780859522.1808143,-0.10089277360280369,0.6666838125777863,0.2916596825856395,81.51036810874939
1780859522.221647,-0.10067781183869229,0.6664606585229451,0.2914706154129017,81.55120086669922
1780859522.2559807,-0.10024959196492964,0.6667728294398654,0.29107960967362595,81.58553457260132
1780859522.3002608,-0.10057036396121688,0.6661310485997487,0.29146379059769956,81.62981462478638
1780859522.3469214,-0.09990118202665696,0.6665449083013351,0.2908013952726151,81.67647528648376
1780859522.3750741,-0.10056263193785298,0.6656691123366152,0.29155384442321736,81.70462799072266
1780859522.4128826,-0.10038163009767884,0.6660482430210637,0.2914560644930906,81.74243640899658
1780859522.4496343,-0.10084309754398507,0.6654286989764706,0.2919911340612304,81.77918815612793
1780859522.4869976,-0.10030814993831305,0.6657726073383674,0.29148897620251113,81.81655144691467
1780859522.5233636,-0.10056075765969288,0.6652539886807594,0.2917850756181033,81.85291743278503
1780859522.5542517,-0.10035982973095742,0.6652334453846667,0.2916292190515623,81.88380551338196
1780859522.5937607,-0.10003752191468043,0.6654004078453799,0.2913452959757171,81.92331457138062
1780859522.630377,-0.10098378100623875,0.664738315846676,0.29243368004750747,81.95993089675903
1780859522.6648955,-0.10026717484548711,0.6649704241585357,0.2916866415113091,81.99444937705994
1780859522.706143,-0.10118682641815221,0.6642467691342662,0.2927595644634823,82.03569674491882
1780859522.7415621,-0.10021143033559538,0.664646378690402,0.29174414548117694,82.07111597061157
1780859522.7811294,-0.10082244860312886,0.6641806449195737,0.29244520940807633,82.11068320274353
