t,x,y,z,yaw,time_s
1780859440.6704462,4.992098379082156,-2.972135400689805,0.2175904313098696,-0.3744348404059603,0.0
1780859440.693401,4.992130845220425,-2.9720573767893605,0.21753083188371955,-0.37253571805745755,0.022954940795898438
1780859440.7159305,4.992215137709629,-2.972122309558225,0.21764434325728346,-0.3703974369640064,0.045484304428100586
1780859440.7372086,4.992270614751623,-2.972102146244028,0.21764392061050905,-0.3683986384541895,0.06676244735717773
1780859440.7630858,4.992265871729334,-2.971922700057892,0.21754472097474345,-0.36666189125167614,0.09263968467712402
1780859440.7897363,4.992315988063624,-2.9718885193811073,0.2175440703608652,-0.36468879415935396,0.11929011344909668
1780859440.8081317,4.992421235218629,-2.9720069273456695,0.21767107290807433,-0.3624611764921424,0.13768553733825684
1780859440.8301482,4.992444033009652,-2.9718989456926264,0.21771406852002015,-0.36060669848816884,0.15970206260681152
1780859440.850539,4.992486593506275,-2.9718351149405287,0.2175804004899162,-0.3586789287480867,0.18009281158447266
1780859440.873266,4.992562507975412,-2.9718645125138496,0.21753454348263776,-0.35659790467658237,0.20281982421875
1780859440.8959177,4.9926056848073035,-2.9718156066152424,0.21768287041097545,-0.35464391169340725,0.22547149658203125
1780859440.9159272,4.99262666122797,-2.971684999946677,0.21749277055382285,-0.35282624094612425,0.24548101425170898
1780859440.938223,4.99270895678292,-2.9717433990907978,0.21767597249926887,-0.3506994917782005,0.2677767276763916
1780859440.9589124,4.992792659106814,-2.971784974313365,0.21754449768107473,-0.34859319913155007,0.288466215133667
1780859440.9806125,4.992794574464718,-2.971620808146216,0.2177414466984792,-0.3468306727583048,0.3101663589477539
1780859441.002209,4.992836423216719,-2.9715395102529376,0.2175492830397902,-0.34492857192112547,0.33176279067993164
1780859441.022335,4.992934555996152,-2.97163131977439,0.2175723342977839,-0.3427449487598322,0.35188889503479004
1780859441.0442293,4.993002912589519,-2.9716306305507914,0.21749502050880246,-0.34070811869230067,0.3737831115722656
1780859441.064269,4.99299888750231,-2.971442228975421,0.21769146820977214,-0.33898410006619484,0.39382290840148926
1780859441.0850067,4.993066512370393,-2.971437160664697,0.217634140397649,-0.3369568306736541,0.41456055641174316
1780859441.1086552,4.993151473545944,-2.971480661493478,0.21751067634305649,-0.33484839101717334,0.43820905685424805
1780859441.1290882,4.993178308415545,-2.971373390789879,0.21768479871854907,-0.3329860350238514,0.45864200592041016
1780859441.1529095,4.993208517306636,-2.9712519382946163,0.2175027010217362,-0.3311490527173384,0.48246335983276367
1780859441.1730838,4.993307633849652,-2.971353634634403,0.21771866326173966,-0.3289490356657252,0.5026376247406006
1780859441.1953437,4.993353632697822,-2.971277062724785,0.21755297734230553,-0.3270311530417116,0.524897575378418
1780859441.2178028,4.993397832199414,-2.971214063227798,0.2177087672627639,-0.3251019059504361,0.5473566055297852
1780859441.2376168,4.993504143002242,-2.971311370268544,0.21749906612971012,-0.3229008409633356,0.5671706199645996
1780859441.2619042,4.993528732394201,-2.97118936631308,0.21769552044048027,-0.32106106150951197,0.5914580821990967
1780859441.28287,4.9935577661248525,-2.971051804159981,0.21746074188858436,-0.31924733206070943,0.6124238967895508
1780859441.3058834,4.993638806234217,-2.9711058522402665,0.2177750980336303,-0.3171254766761642,0.6354372501373291
1780859441.3286152,4.993743971067063,-2.971197683881241,0.21753751260427953,-0.31493289765247745,0.6581690311431885
1780859441.348739,4.993766919802682,-2.9710613546519977,0.21767600265151135,-0.3131139937957914,0.6782927513122559
1780859441.379043,4.993801980818815,-2.9709478407083525,0.21759771423487873,-0.3112628039411178,0.70859694480896
1780859441.398702,4.993902289169515,-2.971046742265176,0.2177315444464629,-0.30906182046254527,0.7282557487487793
1780859441.4211302,4.993909119634221,-2.9708394133692657,0.21762206568761144,-0.3073553196431047,0.7506840229034424
1780859441.4442728,4.9939668412241955,-2.9707915035452346,0.21754973364989047,-0.30539402756620415,0.7738265991210938
1780859441.4672158,4.994073283807855,-2.970912231453545,0.21766931588683056,-0.30315817897347275,0.7967696189880371
1780859441.4893246,4.994137146434409,-2.9708868995781645,0.21767235805866883,-0.30115642771415674,0.8188784122467041
1780859441.5127175,4.994153377444696,-2.970708762378398,0.217664524958661,-0.2994048774378175,0.8422713279724121
1780859441.5322466,4.9942456011001335,-2.9707796498583803,0.21777146189983734,-0.2972496994540883,0.8618004322052002
1780859441.5542114,4.994300600206483,-2.970709197886045,0.21752506240059064,-0.29531774808330047,0.8837652206420898
1780859441.889106,4.994667140001449,-2.9705036514627348,0.21775430672168017,-0.28339394426171083,1.2186598777770996
1780859441.889118,4.994716118214025,-2.9704110564377526,0.21761434731247403,-0.28149861920913066,1.2186717987060547
1780859441.8891206,4.994805190306477,-2.970471923530723,0.21763729352461916,-0.27935688350325893,1.2186744213104248
1780859441.8891227,4.994864026500939,-2.970432466523699,0.2177654439469284,-0.2773746413095193,1.2186765670776367
1780859441.8891246,4.994891734784156,-2.9702636985338104,0.2176155216455349,-0.27560004539198246,1.2186784744262695
1780859441.8891268,4.994981529070838,-2.970334090422918,0.21774446026686706,-0.27344623483893127,1.2186806201934814
1780859441.8891292,4.995043557752118,-2.9702870506531225,0.2176059773679742,-0.27147111679739666,1.2186830043792725
1780859441.8891294,4.9950994814993255,-2.9702347794575386,0.21769394977974577,-0.26951423545150854,1.2186832427978516
1780859441.8891294,4.995186982375708,-2.970282585876822,0.2176134752156212,-0.26738893594388946,1.2186832427978516
1780859441.8891294,4.995222804013937,-2.970155465103694,0.21769070443389363,-0.26554705502879505,1.2186832427978516
1780859441.897117,4.995288602094741,-2.9701289507709037,0.21768691917420854,-0.26354558744982537,1.226670742034912
1780859441.9180865,4.995362081678333,-2.9701321020786895,0.217666261593849,-0.2614915126669879,1.2476403713226318
1780859441.9413254,4.995413546412656,-2.970060545354329,0.2177601707730595,-0.25956317855672495,1.2708792686462402
1780859441.962548,4.995503838932895,-2.97011633239502,0.21760833033658958,-0.25742502872374873,1.2921018600463867
1780859441.9859896,4.9955372402457785,-2.969977764650306,0.21770308544768144,-0.2555993191998702,1.3155434131622314
1780859442.0064096,4.995591821550594,-2.969899666464798,0.21760554061042128,-0.2536769443656075,1.335963487625122
1780859442.0304713,4.995687760257925,-2.97001050914275,0.21782515320197152,-0.25145640552581394,1.36002516746521
1780859442.054672,4.995727696623313,-2.9698739620950327,0.2177100610776218,-0.24962301024118494,1.384225845336914
1780859442.0751126,4.995818170776936,-2.969948834461231,0.21771670715170438,-0.24746143456421388,1.4046664237976074
1780859442.0969331,4.995879652376129,-2.9699015011625907,0.21764677946326097,-0.2454870308109136,1.4264869689941406
1780859442.1172478,4.995915652152463,-2.969755277525518,0.2175796665197401,-0.24367100807371722,1.4468016624450684
1780859442.1427016,4.995980173697076,-2.9697312480550235,0.21763901800153995,-0.24166494432247987,1.4722554683685303
1780859442.1664984,4.996065828925927,-2.9698056668998953,0.21783119968148493,-0.23949921543150632,1.4960522651672363
1780859442.1888871,4.9961004045774775,-2.969643141294403,0.21771668893312962,-0.23770847192017497,1.5184409618377686
1780859442.2101452,4.996190300508726,-2.9697274389228085,0.21782496140717778,-0.23553024845772086,1.5396990776062012
1780859442.2347639,4.996250209667419,-2.9696629502305907,0.21759939509092027,-0.23358163642468277,1.5643177032470703
1780859442.2536788,4.996306041758268,-2.969618173175463,0.21779129631382313,-0.23160950669526903,1.5832326412200928
1780859442.2746797,4.996396145075948,-2.9696916787501557,0.21771379061501173,-0.22944471779840558,1.6042335033416748
1780859442.295818,4.996426494743669,-2.9695293559212734,0.2178459989587667,-0.2276544983764266,1.6253719329833984
1780859442.3183916,4.996518167248341,-2.9696088265036376,0.2177031534686907,-0.22548372544447348,1.6479454040527344
1780859442.34171,4.9965710543559325,-2.9695402540376152,0.2177885616389627,-0.22354286290452485,1.6712639331817627
1780859442.3639376,4.9966073614344575,-2.969381768694611,0.21767764375040707,-0.2217457935936724,1.6934914588928223
1780859442.3869317,4.9966887350519755,-2.9694484188848063,0.21785851505021542,-0.2195976429742008,1.7164855003356934
1780859442.4092088,4.996779100928341,-2.9695216282299364,0.21765497024944216,-0.21743422045696414,1.738762617111206
1780859442.4325795,4.996810431501389,-2.9693612301347425,0.21780016249253858,-0.215637746496963,1.7621333599090576
1780859442.4555802,4.996883659393807,-2.969367486857192,0.2176570753313223,-0.21358485856225418,1.7851340770721436
1780859442.47661,4.996952980159652,-2.9693716328871944,0.21768779278362538,-0.21152934350280717,1.8061637878417969
1780859442.4997828,4.9969939620602855,-2.9692582632029145,0.21788310190106408,-0.20966528078011049,1.8293366432189941
1780859442.520835,4.997092573746742,-2.9693788223256212,0.21767016143744305,-0.20742901836125993,1.850388765335083
1780859442.5444257,4.997138257664782,-2.969281847628521,0.21780227291692877,-0.20553408449056443,1.8739795684814453
1780859442.5694196,4.99717234256492,-2.9690912596371035,0.21753128434219474,-0.2037856893610881,1.8989734649658203
1780859442.591138,4.997240877503758,-2.9691043207500774,0.21764566296598523,-0.20172326721944422,1.920691728591919
1780859442.6139815,4.997326907586343,-2.969217669722602,0.21788807722696477,-0.19950009036201477,1.943535327911377
1780859442.634158,4.997360201249527,-2.9690267524246408,0.21772289093351568,-0.1977510714049724,1.9637117385864258
1780859442.6570404,4.997439111881503,-2.969081448880944,0.2177152979524458,-0.19562375787181496,1.9865942001342773
1780859442.6815648,4.997511796995615,-2.969103086234153,0.2176331240561752,-0.19354338523684467,2.0111186504364014
1780859442.7016697,4.997556054411968,-2.9690119290181856,0.21790657846741482,-0.19164360524751078,2.0312235355377197
1780859442.728009,4.997629816534639,-2.9690243037573993,0.2176992174024051,-0.18958007053221548,2.057562828063965
1780859442.7484028,4.997685539726479,-2.9689658602233404,0.21766789812574727,-0.18762558579627875,2.0779566764831543
1780859442.7717528,4.997739430209663,-2.9689175142377446,0.21784302663871322,-0.18566120516243245,2.101306676864624
1780859442.794345,4.9978291786226094,-2.9690194898822533,0.2176315441921712,-0.1834571727921701,2.12389874458313
1780859442.8162265,4.9978691101892405,-2.9689024013957144,0.21785042549797556,-0.1815950457469686,2.145780324935913
1780859442.838015,4.997917774340207,-2.9687879112899878,0.21765708130256525,-0.17973049790612805,2.1675689220428467
1780859442.8590374,4.9979958141485,-2.96887892307299,0.21784292880251982,-0.1775492192874717,2.188591241836548
1780859442.8843658,4.998040692044456,-2.9687576752300684,0.2177877895338085,-0.17569255942069084,2.2139196395874023
1780859442.90777,4.9981163874443,-2.9688183311135417,0.2177996364290672,-0.17355943380639127,2.237323760986328
1780859442.9339142,4.998162012820328,-2.9687040852213284,0.21773908301361505,-0.1716919656520588,2.263468027114868
1780859442.9561257,4.998223731499889,-2.968686435518778,0.21774131416003964,-0.16968046156279648,2.285679578781128
1780859442.9810848,4.998298424859704,-2.9687444578155886,0.21769521278888362,-0.16754755170812619,2.310638666152954
1780859443.0014522,4.998345084535278,-2.9686623133332435,0.2178537953451759,-0.16563568644720084,2.3310060501098633
1780859443.02353,4.998408003884823,-2.9686523686104325,0.21786348217764726,-0.16361176636073838,2.353083848953247
1780859443.0458584,4.998472644712027,-2.968648824214136,0.21776930951090095,-0.16157651802815476,2.3754122257232666
1780859443.0755472,4.998524718527269,-2.9685751551721515,0.21772014668027062,-0.1596497861486168,2.4051010608673096
1780859443.0992088,4.998593981152545,-2.9686187071874874,0.21773623525799726,-0.1575457093411745,2.428762674331665
1780859443.1209939,4.998655323673325,-2.9686131885925646,0.21776086977404596,-0.15551302831064362,2.450547695159912
1780859443.143763,4.998696672786248,-2.9684860379091886,0.21779941571035716,-0.15367380624115867,2.4733169078826904
1780859443.164014,4.998769891418859,-2.968556681601419,0.21779658671298857,-0.1515245797966176,2.493567943572998
1780859443.1872814,4.998812458130794,-2.968438346810329,0.21786701591789737,-0.1496718901007923,2.5168352127075195
1780859443.208254,4.99889218078898,-2.9685316611952604,0.2176693403028779,-0.14748950832516972,2.5378079414367676
1780859443.2285347,4.998932445907406,-2.9684104377634273,0.21783620339222892,-0.1456382106095151,2.558088541030884
1780859443.2510388,4.998998169878297,-2.9684308810201645,0.21775402317711837,-0.14357395759990466,2.580592632293701
1780859443.271012,4.999049332989217,-2.968365216613855,0.21777867491448066,-0.1416365755127571,2.6005659103393555
1780859443.29356,4.999114193238771,-2.9683885495166122,0.21772399091093428,-0.13956802838891846,2.6231138706207275
1780859443.3170745,4.999168568118803,-2.9683403420532315,0.21769038169136748,-0.13760420499234627,2.6466283798217773
1780859443.3373806,4.999221702898203,-2.9683111008608702,0.2178266875980509,-0.13561978910621386,2.6669344902038574
1780859443.3606849,4.999293873024544,-2.9683781781615974,0.21768413817131646,-0.13347917455181468,2.6902387142181396
1780859443.38127,4.999328564381945,-2.9682192027010808,0.2178797082063863,-0.1316907119786861,2.7108237743377686
1780859443.404083,4.999402438177536,-2.968304437390111,0.21773055771541452,-0.12952930202019974,2.7336368560791016
1780859443.4258242,4.999458219365569,-2.968274027778388,0.21771649226437484,-0.1275412953175592,2.755378007888794
1780859443.4460268,4.999497104307962,-2.9681070349891026,0.21763782864303774,-0.12576581084595384,2.775580644607544
1780859443.4691005,4.999556135608899,-2.9681136554769836,0.21768410294392967,-0.12372653213608142,2.798654317855835
1780859443.489018,4.9996190773735565,-2.968181517777922,0.21788911867538632,-0.12158837034501735,2.8185718059539795
1780859443.515554,4.9996633882991235,-2.9680196478224485,0.21762997032671277,-0.11980701603658472,2.8451077938079834
1780859443.5376256,4.999725213018906,-2.9680748595289836,0.21780229100771317,-0.11769497425121989,2.8671793937683105
1780859443.5579927,4.999796948530094,-2.9681523502459948,0.2175841509963535,-0.11554266812983371,2.8875465393066406
1780859443.5797195,4.999835190129403,-2.9680293085899225,0.21784406500307782,-0.11370190276745307,2.909273386001587
1780859443.600365,4.999877506373513,-2.9678301854197477,0.21750611535483363,-0.11183222848065544,2.9299187660217285
1780859443.6269066,4.999935928260421,-2.9678354989413855,0.2175196066696409,-0.10957870184103635,2.956460475921631
1780859443.6515987,5.00000982097004,-2.968043829031311,0.21782570523933403,-0.10702202467277955,2.9811525344848633
1780859443.6721892,5.000077610414528,-2.9680667642650893,0.2174524597988159,-0.10475522585147701,3.0017430782318115
1780859443.6949418,5.000105714105158,-2.967852729390267,0.21779758486777034,-0.10277086926871659,3.0244956016540527
1780859443.7192423,5.000150245092465,-2.9676667229059297,0.21746499492195,-0.10060394889541868,3.0487961769104004
1780859443.7372346,5.000211223946772,-2.967713330293574,0.21756905884397368,-0.0980910366163874,3.0667884349823
1780859443.7623906,5.000278468002322,-2.9678576974550883,0.2177153174735043,-0.09544631772224887,3.091944456100464
1780859443.7830448,5.000351678122216,-2.9679295033567907,0.21730753749193077,-0.09292791178689619,3.1125986576080322
1780859443.8060086,5.000377420361397,-2.967694999491565,0.21778442419850336,-0.09066449459061454,3.1355624198913574
1780859443.8276238,5.000417563552797,-2.967434810917875,0.21747627617616277,-0.08841798017695268,3.157177686691284
1780859443.8472779,5.000476343619068,-2.9674328404817807,0.2174840461097457,-0.08579294332976684,3.1768317222595215
1780859443.8692663,5.0005444822330745,-2.967626056137473,0.21776120806684687,-0.08289666019005004,3.198820114135742
1780859443.8898468,5.000616937285599,-2.9677030955899797,0.21743437537480814,-0.08014323661019374,3.219400644302368
1780859443.911952,5.000645640844144,-2.967407069381815,0.21779847184137044,-0.07770896338553346,3.2415058612823486
1780859443.9350727,5.000697537469753,-2.967300248807531,0.21775334156276155,-0.07502246347739927,3.2646265029907227
1780859443.9562297,5.000774866297338,-2.967475374511448,0.21761509252572342,-0.07193051468713074,3.285783529281616
1780859443.9788451,5.000827639865975,-2.9673377834405206,0.217533694259283,-0.06934651907241562,3.308398962020874
1780859443.9988582,5.0008556700892886,-2.966909330495905,0.2177997604535648,-0.06697663194150927,3.3284120559692383
1780859444.0221796,5.0009244078566795,-2.9668509919251607,0.21730820137679951,-0.0639103677559203,3.351733446121216
1780859444.0449483,5.001005499219157,-2.9670526737302376,0.21715854082734534,-0.06048348917869806,3.374502182006836
1780859444.0656567,5.001059250870196,-2.9671866216301357,0.2182022987635462,-0.05720551974242749,3.3952105045318604
1780859444.0882127,5.001137290570619,-2.9670569095648878,0.2173567825829204,-0.054368108179063235,3.417766571044922
1780859444.1086462,5.001160544627708,-2.9660852963442834,0.2170034574611541,-0.051792588830437136,3.438199996948242
1780859444.1326106,5.001211778578813,-2.9655707404990332,0.2163426663857353,-0.04859657181232535,3.4621644020080566
1780859444.1565099,5.001290450656478,-2.965523201365172,0.2153953004132945,-0.04474241893079256,3.4860637187957764
1780859444.1777246,5.001337795716805,-2.965554491016865,0.2161748319917484,-0.040827111518285,3.5072784423828125
1780859444.1990232,5.00139549254672,-2.9660829527227586,0.21742268218397817,-0.036506001949271116,3.5285770893096924
1780859444.2203567,5.001480790969172,-2.9669944006591495,0.21804199104023597,-0.03182960193720463,3.549910545349121
1780859444.2423365,5.001565243112599,-2.9673938146955994,0.2177509758916464,-0.02798519680902034,3.571890354156494
1780859444.265037,5.001649355235338,-2.967218554713724,0.21644540571367157,-0.025061673471002077,3.594590902328491
1780859444.2859483,5.001715952076619,-2.9667047426832025,0.21539353463671324,-0.022701444871106258,3.615502119064331
1780859444.3092058,5.001750878806739,-2.9665514460770344,0.2162046396125311,-0.020405643352655378,3.6387596130371094
1780859444.3308794,5.001757360149723,-2.966316594571775,0.21836412313798428,-0.018277916729619204,3.660433292388916
1780859444.352062,5.0018041835504246,-2.965886638450129,0.2182335462469759,-0.016470871697087386,3.6816158294677734
1780859444.373986,5.001886462122087,-2.965603561066681,0.21620214481336247,-0.014464550079822391,3.7035398483276367
1780859444.3945262,5.001930707478086,-2.9655290258978684,0.21581720270677188,-0.012400150734741544,3.7240800857543945
1780859444.4163578,5.00193877932035,-2.965753529846161,0.2172364945945888,-0.010310275299293181,3.7459115982055664
1780859444.4401467,5.001944628497295,-2.966091060893127,0.2186910018973372,-0.008062429684783545,3.769700527191162
1780859444.4584622,5.002008036565284,-2.966371068294009,0.2169803022732712,-0.005907853944777219,3.7880160808563232
1780859444.4806817,5.002050575534979,-2.966502130905153,0.2158210246593386,-0.0039907336313382835,3.8102355003356934
1780859444.5003524,5.002050753199327,-2.966756972084013,0.21648527128019673,-0.0021154920438979374,3.8299062252044678
1780859444.5228288,5.0020329663558085,-2.966839222106656,0.21783776270655983,-0.0006082114049563714,3.8523826599121094
1780859444.5453641,5.002033444389108,-2.9663609592528997,0.2181280660764355,5.861816498331507e-05,3.874917984008789
1780859444.564963,5.002052995673579,-2.965601968215202,0.21728539180758763,0.0002963357581045045,3.894516944885254
1780859444.5861595,5.002070353352374,-2.9651741115316956,0.21632424366599454,0.0010357869498758276,3.915713310241699
1780859444.6062722,5.00206213048892,-2.965150938588246,0.21628644914029888,0.002115852703571619,3.935826063156128
1780859444.6280997,5.00203818861428,-2.965416025380439,0.21679306803364806,0.0036459247979294673,3.957653522491455
1780859444.6508987,5.002001825524381,-2.965990196761314,0.21762609711622777,0.005647837761314278,3.980452537536621
1780859444.6722608,5.001962259898392,-2.966673528478408,0.21827338958223882,0.007822083783590728,4.001814603805542
1780859444.6936572,5.001945666211989,-2.966933510981652,0.21762203136270958,0.009302531548764925,4.0232110023498535
1780859444.715856,5.001937003742564,-2.966830255570684,0.21638106224883705,0.0100925960479481,4.045409917831421
1780859444.7380884,5.001893326993558,-2.9666602963291786,0.216666481795464,0.010798654517053308,4.0676422119140625
1780859444.7634177,5.001817377792487,-2.9664526195331793,0.21848336076549493,0.011468978847125832,4.092971563339233
1780859444.7841144,5.001782184456066,-2.966172408901428,0.21811326102334572,0.012047660278893702,4.113668203353882
1780859444.8069677,5.0017626607626084,-2.9662433185315757,0.21645040242159252,0.012985145899218509,4.136521577835083
1780859444.8277607,5.001701626080814,-2.9663623009256326,0.21645934872896824,0.01399362554968242,4.1573145389556885
1780859444.8508124,5.001602956764028,-2.9664933459958203,0.21818406882049135,0.015044592005632573,4.180366277694702
1780859444.8730426,5.001526175132882,-2.9667035964642237,0.21849890673846428,0.016235711810414166,4.202596426010132
1780859444.8946197,5.0014848111745005,-2.966898425069021,0.21673861379197373,0.017348480203042804,4.224173545837402
1780859444.9209063,5.00140209378548,-2.96714229633776,0.21659928937135442,0.0184492842468309,4.250460147857666
1780859444.9412708,5.001286041263447,-2.967312254562817,0.2179466534985298,0.01947309454214441,4.270824670791626
1780859444.9635952,5.001188888274377,-2.967009147662378,0.2186269741822443,0.019834909916962573,4.293148994445801
1780859444.9861917,5.001129411993745,-2.9665146684807637,0.2173636246894323,0.01993956020828147,4.31574559211731
1780859445.0087588,5.001043202976662,-2.9661206266570472,0.2171064840643146,0.020159414740652082,4.33831262588501
1780859445.0310962,5.000943083259144,-2.9661265646466117,0.2167973877813492,0.020990923265870265,4.360650062561035
1780859445.0518918,5.0008194370321295,-2.9663698557763754,0.21719558085486523,0.022207516764229496,4.381445646286011
1780859445.0759146,5.000674207769844,-2.966902014785033,0.21798782431181637,0.023870169672015606,4.405468463897705
1780859445.0976946,5.000526783242657,-2.967510116261302,0.21848635431009045,0.025682429469391366,4.427248477935791
1780859445.1184902,5.000405382544254,-2.9675781166705995,0.217953865924046,0.02674141435473487,4.448044061660767
1780859445.1419122,5.000293167890907,-2.9672577021100226,0.21716751428825,0.02726216152374583,4.471466064453125
1780859445.1668053,5.000144859042125,-2.9669232145047095,0.2179945881164288,0.027793025841289065,4.49635910987854
1780859445.1869,4.999980768457488,-2.966881888909098,0.21894166763085404,0.028774052774867442,4.516453742980957
1780859445.209051,4.999840733151424,-2.967174450777946,0.2178256238449257,0.030267938893537405,4.538604736328125
1780859445.2314825,4.999673324368639,-2.967608112109518,0.21745926322923617,0.03199655660625744,4.5610363483428955
1780859445.254932,4.999483514023077,-2.9678737144757124,0.2180340671503936,0.03351341203313751,4.584485769271851
1780859445.2778156,4.9993230411833105,-2.967602526354841,0.2176743187003906,0.03428550788430407,4.607369422912598
1780859445.2997208,4.999151047209636,-2.967140700746682,0.21803273912117677,0.03481355249433804,4.629274606704712
1780859445.32307,4.9989574487022415,-2.966950999057379,0.21869286623912282,0.03575934090657107,4.652623891830444
1780859445.3435152,4.99875902009911,-2.9673134017183083,0.21821213926239427,0.03752013745426286,4.673069000244141
1780859445.3647141,4.998540805601791,-2.9678889086191185,0.21789173803010423,0.039617395725493054,4.694267988204956
1780859445.386435,4.998335836841322,-2.9680363252164317,0.2172230663770807,0.04112839409970448,4.715988874435425
1780859445.4078138,4.998111764938754,-2.96801074213214,0.21755186068413698,0.042421227714772414,4.737367630004883
1780859445.4322553,4.997888839214849,-2.9676668206408503,0.2181207371838674,0.04329149255763198,4.7618091106414795
1780859445.4534705,4.997674359665149,-2.967106394477526,0.21855292717179484,0.043869592757491915,4.783024311065674
1780859445.4768577,4.997446261303919,-2.9670327141503052,0.21822329588029699,0.045159802509702196,4.806411504745483
1780859445.5003054,4.997198738267346,-2.96736742142699,0.21752412210600205,0.04705606022869002,4.829859256744385
1780859445.5202386,4.996911989947918,-2.9677151092515657,0.21836073566985603,0.04899563988932165,4.84979248046875
1780859445.5435004,4.996636951994457,-2.9677435061395894,0.21894993620211162,0.05050566245300736,4.873054265975952
1780859445.5645273,4.9964037043681735,-2.9674522293052457,0.2178883250641718,0.05158252826072918,4.894081115722656
1780859445.585348,4.996142517254375,-2.967100533732402,0.2180591974741884,0.05259465135839925,4.9149017333984375
1780859445.6087105,4.995855114715465,-2.967102773862458,0.2181773199922112,0.05413288027125063,4.9382643699646
1780859445.631482,4.995545232009922,-2.9675131777866786,0.21792116125532807,0.05626981570757472,4.96103572845459
1780859445.6558962,4.99520998715548,-2.967842391140037,0.21872348228309355,0.058315635657463005,4.985450029373169
1780859445.675879,4.9949133576722184,-2.9676658961313147,0.2186211289400513,0.05966808472588525,5.005432844161987
1780859445.699621,4.994636402738492,-2.967158290217048,0.2181969114071488,0.060572131601190904,5.0291748046875
1780859445.7228744,4.994332831696016,-2.9670149152400453,0.2175931010549716,0.06200817378357204,5.052428245544434
1780859445.7430668,4.993992401823368,-2.9670307481065463,0.2179661878996749,0.06369001102098792,5.072620630264282
1780859445.7650092,4.993622149945673,-2.9674126209879614,0.2182425897230805,0.06590253346709218,5.094563007354736
1780859445.785545,4.993238735717637,-2.9677447229338045,0.21888284915677728,0.06806481485522475,5.11509895324707
1780859445.8082774,4.99290492396786,-2.9676196175608105,0.21813716133218913,0.06961343571717737,5.137831211090088
1780859445.829781,4.99256343329718,-2.967312737530675,0.21808263512449547,0.07091978072109661,5.159334897994995
1780859445.8501592,4.9921861855481495,-2.967181519638396,0.21881159482850893,0.07248685791127318,5.179713010787964
1780859445.8720064,4.991785463015471,-2.967550912908463,0.21842624103451402,0.07476983385309044,5.2015602588653564
1780859445.895085,4.991381502723993,-2.9678792409655146,0.21789340798269852,0.07701557662651481,5.224638938903809
1780859445.914668,4.99098030762278,-2.967930724354643,0.21778519849580982,0.07889562468020017,5.244221925735474
1780859445.938258,4.990585902982508,-2.967704198361072,0.2180657158042534,0.08039911546043665,5.2678117752075195
1780859445.959299,4.990195027079168,-2.967257126595145,0.21876235824633436,0.08160641871413166,5.28885293006897
1780859445.9813514,4.989781396038502,-2.967148814779979,0.21883663526165242,0.08329630151300726,5.31090521812439
1780859446.004782,4.9893358560891246,-2.967488414075735,0.21820415012008718,0.08563137957347955,5.334335803985596
1780859446.024048,4.988884893987473,-2.9676685234657665,0.2180001274233476,0.08776206501891437,5.353601932525635
1780859446.0461407,4.988447294102639,-2.9675593763200405,0.21804752260872037,0.08949389166735511,5.375694513320923
1780859446.0669243,4.98801467131196,-2.967202998139845,0.21856172205868213,0.09089605439375514,5.396478176116943
1780859446.088216,4.987608540044454,-2.9666489635965005,0.21831660075297024,0.09239501622329094,5.417769908905029
1780859446.1102796,4.98750113885476,-2.9631981344921647,0.21699958325687546,0.0946040615296031,5.439833402633667
1780859446.1313343,4.987356362764848,-2.960474779538163,0.21503853929475578,0.09766943447596788,5.460888147354126
1780859446.1558053,4.9871493515075045,-2.9585584101026665,0.21292300199175299,0.10169988633789018,5.485359191894531
1780859446.1766598,4.986862866281776,-2.9574902643874204,0.2110395211198972,0.10677808191540983,5.506213665008545
1780859446.1983314,4.9864770236274305,-2.957365390762382,0.20964138102028826,0.11295178518615678,5.52788519859314
1780859446.2225115,4.985985978959439,-2.9581828257323757,0.20881721714851248,0.1202248693175374,5.552065372467041
1780859446.2430313,4.985398624371291,-2.959851003266152,0.20848867209218844,0.1285489386705958,5.572585105895996
1780859446.2641437,4.984738380634415,-2.962035410996706,0.2097400919667003,0.13745675871375518,5.593697547912598
1780859446.2840564,4.984042140910695,-2.964352701824,0.21365836139700248,0.14638984887194173,5.61361026763916
1780859446.308756,4.983340764318142,-2.966815932397846,0.21944959633691835,0.15514629862211926,5.638309955596924
1780859446.3321543,4.982774246563018,-2.968869895905796,0.22457427837101665,0.163106893403409,5.661708116531372
1780859446.3547459,4.982342621299206,-2.9706585015660303,0.22688926734484294,0.17051607277670477,5.68429970741272
1780859446.3776076,4.982044940843121,-2.97194125517054,0.2276809693305321,0.17706461393324524,5.7071614265441895
1780859446.3981862,4.9818641206167324,-2.972726050613396,0.22747308148142467,0.18265366506947522,5.727740049362183
1780859446.4245727,4.981802833352627,-2.972972575006855,0.22641492673443195,0.1872840719945792,5.75412654876709
1780859446.4460635,4.981872775445835,-2.972592661853825,0.22465377338674775,0.1909524397421709,5.775617361068726
1780859446.466968,4.982072181987716,-2.9715779006274157,0.22230670040501915,0.19366135560101583,5.796521902084351
1780859446.490673,4.982390266204955,-2.9699717494257034,0.2194488862067769,0.19542139678000048,5.8202269077301025
1780859446.5112076,4.982801909791558,-2.9678923237715975,0.21611608726019008,0.1962545646829703,5.840761423110962
1780859446.5391185,4.983294114918397,-2.965346133166532,0.2129486834366783,0.1963558173153972,5.8686723709106445
1780859446.5604181,4.983743985937306,-2.9627965803583143,0.21205006567943818,0.1963586884603732,5.889971971511841
1780859446.5807176,4.984128764210026,-2.9603833437742866,0.2135874937080683,0.19647472419490875,5.910271406173706
1780859446.6019852,4.984367200898485,-2.958699390937282,0.2157194967817517,0.1972835066166514,5.931539058685303
1780859446.6266315,4.984456222417337,-2.9578306820747593,0.21757865709281485,0.19902994672815488,5.956185340881348
1780859446.6451087,4.98440740984798,-2.957697309816486,0.219166225713779,0.20168426175038512,5.97466254234314
1780859446.6674728,4.984223123261285,-2.9582744577228097,0.22040783640502798,0.20519904905628472,5.997026681900024
1780859446.6886528,4.9839054984850035,-2.9595451890937268,0.22116329108034563,0.20951117219274806,6.018206596374512
1780859446.710355,4.983412540785066,-2.961701080887121,0.22123616376367236,0.21455161526500088,6.0399088859558105
1780859446.7322063,4.9828189061514445,-2.964403731975109,0.22036475967993302,0.22022834834867044,6.061760187149048
1780859446.7515106,4.982240183023433,-2.9671744237340887,0.2178139710424763,0.22594511558720676,6.081064462661743
1780859446.7729232,4.98181778707664,-2.969288567316571,0.21443665518606495,0.23078281631300612,6.102477073669434
1780859446.7931423,4.981510081511722,-2.970860709416859,0.2108716843532734,0.23462885834403746,6.122696161270142
1780859446.8152509,4.981260550854551,-2.97209266070188,0.2077111360314331,0.23745109475773063,6.1448047161102295
1780859446.8367786,4.981058571583531,-2.972895794498723,0.20705191813448112,0.2396977645700531,6.166332483291626
1780859446.8569813,4.980946352893696,-2.9732852864742654,0.206630541547115,0.2414120479782662,6.186535120010376
1780859446.8792636,4.980940216657074,-2.9732452057197505,0.2059490917264864,0.24258115965973825,6.208817481994629
1780859446.8995287,4.9809147736097374,-2.9731512724137525,0.20694296036765478,0.24365678626726162,6.2290825843811035
1780859446.9251423,4.9809752254824335,-2.9726826816138905,0.20822165603102086,0.2442724075475322,6.2546961307525635
1780859446.9481034,4.981229411280622,-2.9714105888413456,0.2098571506049272,0.24391582059754224,6.2776572704315186
1780859446.9685233,4.981569151918918,-2.9696851848834243,0.21339200144633025,0.2430018771653497,6.29807710647583
1780859446.9923313,4.982031597490109,-2.9675082856552124,0.21710675192240675,0.24137866333906643,6.321885108947754
1780859447.013168,4.9824993943633284,-2.9653930025572754,0.22047586487127893,0.23920693947441762,6.342721939086914
1780859447.036055,4.982908822473957,-2.9635820905906454,0.2235681111958418,0.2373928149773814,6.3656089305877686
1780859447.0585842,4.983205407488604,-2.9623443880094094,0.2254290277503174,0.23624346678322894,6.388138055801392
1780859447.0804622,4.983380642952036,-2.9616783120156227,0.22615188827067834,0.23574993187189364,6.410016059875488
1780859447.10369,4.983378957944094,-2.9617875329324272,0.22582345788182076,0.23591195938574128,6.433243751525879
1780859447.1266305,4.98322632832671,-2.9625470013621635,0.22449968404605056,0.2367239109691326,6.456184387207031
1780859447.151501,4.982939115204979,-2.963868653887205,0.22223167329953103,0.2381748562800361,6.481054782867432
1780859447.172997,4.9825143250456545,-2.9657401893133195,0.21907572983061527,0.24025425904997721,6.502550840377808
1780859447.1929264,4.982012583195505,-2.9678181374611645,0.21628842048236835,0.24267929345904626,6.522480249404907
1780859447.2142358,4.981532009166689,-2.969600485670271,0.21564506121129456,0.24502718690866132,6.543789625167847
1780859447.2346432,4.9810951645758195,-2.9710689045559264,0.21641642445608533,0.24704109049491052,6.564197063446045
1780859447.2571,4.9808299810440175,-2.9718441850876904,0.21683769964195077,0.2483049783034179,6.5866539478302
1780859447.2807193,4.980739921395913,-2.971913811817642,0.2169129158289373,0.2488118523659395,6.610273122787476
1780859447.3010926,4.980772511904485,-2.9714879140093586,0.21664269883738121,0.24858363982578524,6.630646467208862
1780859447.3261068,4.980955239990381,-2.970460788488068,0.21599052840524507,0.24764603166293675,6.655660629272461
1780859447.3504536,4.981215390548751,-2.9690470885688214,0.21617373981180943,0.24630826833165287,6.680007457733154
1780859447.368001,4.981448839564757,-2.967581023890109,0.2184894771759336,0.2449343342113366,6.69755482673645
1780859447.390668,4.981621840597367,-2.9662859133482735,0.2220336540542682,0.2437098633525494,6.720221757888794
1780859447.4111552,4.981639248213279,-2.9656952702679553,0.22457544037221117,0.24305914486247104,6.740709066390991
1780859447.433099,4.981620372169489,-2.9654010361192062,0.224613136765499,0.24272401593623805,6.76265287399292
1780859447.456709,4.981499913955591,-2.965579366058369,0.22310175608011604,0.24288465008021198,6.78626275062561
1780859447.4762044,4.981239611783549,-2.9663215966665906,0.22062503205469228,0.24364048671771243,6.805758237838745
1780859447.5006247,4.980817157629243,-2.967674816044728,0.217568981382396,0.24495175581609718,6.830178499221802
1780859447.5215666,4.980308073193602,-2.9691933635359034,0.2161429079616992,0.24638779536718403,6.851120471954346
1780859447.543934,4.9797665561690865,-2.970644576263839,0.2169212141233575,0.24779197897890093,6.873487949371338
1780859447.5653925,4.979273054212641,-2.9717932307618824,0.21886742743047063,0.24891877658349415,6.894946336746216
1780859447.5861137,4.978946669277505,-2.9722969733829028,0.2201711649073327,0.24941589808017994,6.915667533874512
1780859447.6076107,4.978829586581319,-2.9719882339320716,0.2207779835029706,0.24928922236921203,6.937164545059204
1780859447.6271293,4.978873059393207,-2.9710628272513304,0.220615106355397,0.24856494184239164,6.956683158874512
1780859447.6498976,4.9790678485877535,-2.969563398693281,0.2195896818241082,0.24727496429648532,6.979451417922974
1780859447.6737082,4.979300546947805,-2.9678458011030378,0.21918359087385347,0.2457709933329575,7.003262042999268
1780859447.6950464,4.979455599578706,-2.9663703320248143,0.21930684624799876,0.24460229143792755,7.024600267410278
1780859447.7181637,4.979484475012998,-2.9654168736282855,0.21869696214716022,0.24407725505158062,7.047717571258545
1780859447.7380302,4.979344395570213,-2.965133431341317,0.21754595964935314,0.24422078066379704,7.067584037780762
1780859447.761914,4.979027089128823,-2.965533754932806,0.21599877820389543,0.24504870612889462,7.09146785736084
1780859447.7861764,4.978549466085526,-2.96650619288263,0.2146706035795262,0.24645843636369946,7.115730285644531
1780859447.8079715,4.978057302577383,-2.9673454567234905,0.21559192677218553,0.2480254131400743,7.137525320053101
1780859447.830294,4.977506277690221,-2.9682478929614136,0.21875851327837856,0.24967437351329202,7.159847736358643
1780859447.8512337,4.97688802844895,-2.9693792455379007,0.22252572284795402,0.2515430438125099,7.180787563323975
1780859447.8769736,4.976285932012673,-2.970645017254311,0.22308007145250774,0.25352927413363346,7.206527471542358
1780859447.8999972,4.975889056002984,-2.9712427115035576,0.22109474072436194,0.25522314068172136,7.229551076889038
1780859447.9199436,4.975718017663105,-2.9709663623536264,0.2182404619406024,0.256322695785018,7.249497413635254
1780859447.9425912,4.975583235513399,-2.970428454463961,0.21639349364275398,0.25714529879027825,7.27214503288269
1780859447.962637,4.975413292675413,-2.969842975680151,0.21675161024045245,0.257911820804436,7.292190790176392
1780859447.9841306,4.975208084613255,-2.969236137841055,0.219209599974459,0.2586503446255719,7.313684463500977
1780859448.007672,4.974955042692692,-2.9687472954324283,0.22267910779130975,0.25949577747608377,7.337225914001465
1780859448.0282125,4.97471062431581,-2.968407184327772,0.22316584252469984,0.2604635661690695,7.357766389846802
1780859448.0533607,4.9744505194898405,-2.9682749377244844,0.2207388911697996,0.2616086498167718,7.3829145431518555
1780859448.078982,4.974056242969393,-2.9686199636401813,0.2177284591764178,0.2632247725126202,7.408535957336426
1780859448.0979683,4.973503218920665,-2.969388980322746,0.21646991433041582,0.2649249758090635,7.4275221824646
1780859448.1217332,4.972820973094119,-2.9704637603068864,0.21737371122224278,0.26661685357634646,7.451287031173706
1780859448.141727,4.972145155366701,-2.9713945846228498,0.21989111929665373,0.26816726752842435,7.471280813217163
1780859448.1646085,4.971626063755499,-2.9717812936893284,0.22179089900942808,0.26915423060301613,7.494162321090698
1780859448.189286,4.9712773821316,-2.971589954655175,0.22271237479501468,0.2695384432256862,7.5188398361206055
1780859448.209147,4.971260766947904,-2.970233915276993,0.22256388696647325,0.26933394127390997,7.538700819015503
1780859448.231307,4.971333675619962,-2.968685281048271,0.21975113618303915,0.26894465576627713,7.560860872268677
1780859448.256252,4.971342986970969,-2.9673235407625116,0.2168509399661113,0.26872318992016453,7.585805892944336
1780859448.280611,4.9712702288623545,-2.966095759882007,0.2159331745193758,0.26863021877916893,7.6101648807525635
1780859448.3020291,4.971028762135755,-2.9654402061011176,0.21520634719761841,0.26912281786407544,7.631582975387573
1780859448.326909,4.970590870407477,-2.9654864478629825,0.21421294231921043,0.27034749015817816,7.656462907791138
1780859448.3482225,4.970023513557586,-2.9658904408207167,0.21466672191803982,0.2719615618634652,7.677776336669922
1780859448.3682723,4.969348892998065,-2.9665584022338294,0.2168562164189306,0.2738624103387526,7.697826147079468
1780859448.3907306,4.968509505199044,-2.9678399812525385,0.21855621511131898,0.27641229570770776,7.720284461975098
1780859448.4142966,4.967567677113236,-2.969475411081593,0.22038116549449527,0.27934614994365425,7.743850469589233
1780859448.4349582,4.9667208804723355,-2.9707778465435313,0.222203180491854,0.28191198759204195,7.764512062072754
1780859448.461508,4.9660533825688375,-2.971520313105807,0.22290820025424635,0.28384608193230676,7.791061878204346
1780859448.4819148,4.965562800403144,-2.9717001762543953,0.2225740872732585,0.2851421808133674,7.811468601226807
1780859448.507072,4.965248248942926,-2.9713137413846824,0.22127318049551625,0.28579141846397427,7.836625814437866
1780859448.5349925,4.965107309077752,-2.9703598516478054,0.21908027756111678,0.28578353800917355,7.864546298980713
1780859448.554967,4.965081396019625,-2.9689888261950896,0.2167917200302168,0.2852746257923915,7.884520769119263
1780859448.5778427,4.965019199071505,-2.967603577500849,0.21645344871417113,0.28473068678433044,7.907396554946899
1780859448.599903,4.964890208837024,-2.9663296342082144,0.21792241467676512,0.2843020565281824,7.929456949234009
1780859448.6262724,4.9646062932997,-2.965603081117681,0.21908952935392045,0.2844844244594249,7.955826282501221
1780859448.6500113,4.964150525570851,-2.965502428267229,0.21952194453815216,0.28537761193749667,7.979565143585205
1780859448.670819,4.963524638306696,-2.9660149471174884,0.21920880661764505,0.28697504664654616,8.000372886657715
1780859448.6923018,4.962717599236069,-2.9671734487795756,0.21811113414575145,0.2892650687606153,8.021855592727661
1780859448.7128417,4.961745804564911,-2.968839261785444,0.21734963466647877,0.29195083063724425,8.04239559173584
1780859448.734173,4.96076790656143,-2.9703952570422096,0.21822497426733878,0.294532577493154,8.063726902008057
1780859448.7594466,4.959952244928639,-2.9714115598343107,0.21872996672958483,0.2964718974220668,8.089000463485718
1780859448.780054,4.959333091833634,-2.9717970145438164,0.21852977286148162,0.29764484220940446,8.109607934951782
1780859448.803739,4.958965377518586,-2.971371672858092,0.2177110518257736,0.29803270253894354,8.13329291343689
1780859448.8270142,4.958817953738502,-2.97025194145128,0.21629934066314682,0.2976304577428275,8.156568050384521
1780859448.846746,4.958772255173898,-2.9687631728466903,0.2154531428531192,0.29673933931964847,8.176299810409546
1780859448.8701053,4.958696315510335,-2.9672499082138515,0.21671977667847875,0.2957994518694793,8.1996591091156
1780859448.8901365,4.958522806147149,-2.965995171056824,0.21935399480845785,0.2950291885640439,8.219690322875977
1780859448.9159904,4.958032006326606,-2.9658554229102907,0.22118527938954177,0.2949514953016461,8.245544195175171
1780859448.9405081,4.957394635580848,-2.9662723151491224,0.22194271735985427,0.2955743152075403,8.27006196975708
1780859448.960703,4.956699946444094,-2.967007968689276,0.22046576203795576,0.2965970983713051,8.29025673866272
1780859448.9848182,4.955940948228386,-2.968021344599875,0.2175640168484064,0.297982317050268,8.314372062683105
1780859449.0075507,4.955322625557651,-2.9684550192351318,0.21627557097567934,0.2993847806402563,8.337104558944702
1780859449.0306673,4.954711390555056,-2.968741823698065,0.21696581866123346,0.3007167229961194,8.360221147537231
1780859449.054062,4.954161086430729,-2.968783243898515,0.2185956731005599,0.30172184544884395,8.383615732192993
1780859449.0743947,4.95380502378487,-2.968270105885297,0.21929458122402454,0.30197059303998763,8.403948545455933
1780859449.0970142,4.953529793002795,-2.967569965442903,0.21893671778056362,0.30148701108692855,8.426568031311035
1780859449.117748,4.953245786145994,-2.9669037480627045,0.21864512385884588,0.30060079601838474,8.447301864624023
1780859449.14116,4.9528716078566095,-2.9665089351589566,0.21868467376454087,0.3000776610289151,8.47071385383606
1780859449.1624763,4.952352827345244,-2.9666458678739547,0.21778405737768733,0.30027633829829625,8.492030143737793
1780859449.1838758,4.951771025430534,-2.9669286393231444,0.21789982082527962,0.3006901385304044,8.513429641723633
1780859449.2064922,4.951102115168749,-2.9674094038169048,0.21948950995127858,0.30106534146406005,8.536046028137207
1780859449.2260814,4.950531227080863,-2.9676852929473845,0.2195167046543469,0.30109814017470526,8.555635213851929
1780859449.250512,4.950130776034582,-2.9675184039344717,0.21799106125853412,0.30050474845688324,8.580065727233887
1780859449.2730918,4.949803119426244,-2.9670949414106595,0.21689929617317125,0.2995486006936918,8.602645635604858
1780859449.293152,4.94947295658235,-2.9665752203101645,0.21760586570987858,0.29859498971620724,8.622705936431885
1780859449.3162231,4.949130625173556,-2.9660660010254762,0.21907385876145416,0.2979264043630021,8.645776987075806
1780859449.3360605,4.948648823707916,-2.966099253891082,0.21947820503946808,0.29802677558242774,8.665614366531372
1780859449.3590827,4.9480282674368405,-2.9666669151719334,0.21875951314014216,0.29889452703693387,8.688636541366577
1780859449.3809628,4.947332692706323,-2.9675129796904662,0.21759936914931072,0.30018020246841814,8.710516691207886
1780859449.400963,4.946894224596024,-2.9675302251528373,0.21646868770382302,0.3009512910443348,8.730516910552979
1780859449.423677,4.946506491076198,-2.967287168100919,0.21701733179560104,0.30161681459429523,8.753230810165405
1780859449.4471,4.9461510130695014,-2.9668910098212558,0.21865855015312602,0.30205248808258744,8.77665376663208
1780859449.4696147,4.945924357052133,-2.9662296423736194,0.21832188983600456,0.302055059397512,8.799168586730957
1780859449.4930818,4.945605602893408,-2.9659661569759166,0.21663962065581593,0.3024615667662882,8.822635650634766
1780859449.5133202,4.945068009409018,-2.9663082286237277,0.2165507224874033,0.3029595689968687,8.84287405014038
1780859449.5344884,4.944505038449173,-2.966639587648001,0.21819004071259437,0.30345695856436805,8.864042282104492
1780859449.5581565,4.9440245457892305,-2.96678517871829,0.21900188219887204,0.30366235314511414,8.887710332870483
1780859449.5771604,4.943675352040066,-2.9666997085034046,0.2172480594886997,0.30349249752540874,8.90671420097351
1780859449.5989172,4.943335058097915,-2.9665515502003967,0.21616440615009247,0.3030067966382912,8.928471088409424
1780859449.6190715,4.942926835210449,-2.9665196277214196,0.21687910047947667,0.30251426844603024,8.948625326156616
1780859449.6399066,4.942530159784106,-2.9664065321807507,0.21870482330583862,0.3019105562763933,8.969460487365723
1780859449.6624887,4.942220354121204,-2.966231532259518,0.21765262358602164,0.30118608738841246,8.992042541503906
1780859449.6827617,4.941908586867375,-2.9661099468861627,0.2161735396212178,0.3005478824421859,9.012315511703491
1780859449.7070699,4.941634284876144,-2.965763938992626,0.21647440321088238,0.29993097272523705,9.03662371635437
1780859449.728774,4.941307975888235,-2.965550055226027,0.2176784818969823,0.29960756419351764,9.058327913284302
1780859449.7510605,4.940845100866585,-2.9658723428568017,0.217871822233306,0.30012668967356326,9.0806143283844
1780859449.7742293,4.940273843771821,-2.9666158481817573,0.2173273145449952,0.30132147171299994,9.103783130645752
1780859449.7948835,4.93990326038707,-2.9667557802695503,0.21637663137186672,0.3019946652897687,9.12443733215332
1780859449.8190813,4.9396898147357415,-2.9663439103129097,0.21644824671283527,0.30239824528641535,9.148635149002075
1780859449.8390958,4.939451160810337,-2.965935881732958,0.21807396589516836,0.3028058546177492,9.168649673461914
1780859449.8617425,4.939228865320046,-2.9656359582708203,0.21771073686374026,0.3033535662771998,9.191296339035034
1780859449.8840823,4.938934797964267,-2.965671389306695,0.21609100979811205,0.30442190007152625,9.21363615989685
1780859449.9040663,4.938598785202511,-2.9657547954219026,0.2159817533951552,0.3055746449332757,9.233620166778564
1780859449.925995,4.938235369022288,-2.9658385317330667,0.21759215883926464,0.30672986997329943,9.25554895401001
1780859449.9463375,4.937899021762503,-2.965957356739843,0.21778074585507284,0.30791463300801425,9.275891304016113
1780859449.9688268,4.937650279480233,-2.9659553466920796,0.21605531789566534,0.30886698787350575,9.298380613327026
1780859449.992199,4.9373857880095064,-2.9659112923800923,0.2159284591657883,0.30975069924727805,9.321752786636353
1780859450.0131667,4.9371027167179244,-2.965841906339733,0.21747872594839543,0.31059540179309053,9.34272050857544
1780859450.0354383,4.936899245664121,-2.9656363637857917,0.21775734636479663,0.31118445279723517,9.364992141723633
1780859450.0572133,4.936736627418264,-2.9654668276385685,0.21596891784920363,0.31179730438258346,9.386767148971558
1780859450.079247,4.936542849635298,-2.9653013239612784,0.21581054944390068,0.31242242393206254,9.408800840377808
1780859450.1018586,4.936186500298592,-2.965553820635733,0.21736615441275464,0.31307106677323304,9.4314124584198
1780859450.1221611,4.93578150007831,-2.9660686821342455,0.21764255159414056,0.31372063218332613,9.451714992523193
1780859450.1432703,4.935552575598353,-2.9661794347804933,0.216192673815418,0.31367455997173366,9.472824096679688
1780859450.1642027,4.935404499855072,-2.966028629798093,0.21519550883582592,0.3131841189272695,9.493756532669067
1780859450.1880348,4.935233530425571,-2.9658515912714534,0.21601125146882427,0.3126688582962798,9.51758861541748
1780859450.2104204,4.935242176072342,-2.9650772804710197,0.2180430894176922,0.31228509503993074,9.539974212646484
1780859450.2310205,4.935181828519892,-2.964666544902735,0.21840358867639872,0.31246984319445836,9.560574293136597
1780859450.253606,4.935008101157524,-2.964729612923368,0.21728762124509074,0.3134299625152206,9.583159923553467
1780859450.2764988,4.934696179624223,-2.9652806108278518,0.21538945296928372,0.31520828807987655,9.60605263710022
1780859450.2969093,4.934334022525461,-2.965909118896519,0.21485550315552654,0.3171284313054148,9.626463174819946
1780859450.318236,4.933957284823869,-2.9664913497636154,0.2160918533576534,0.3189733935157113,9.64778995513916
1780859450.3395994,4.933727484439979,-2.9666726825288197,0.21715069070030124,0.32011432623725167,9.669153213500977
1780859450.3621905,4.93370633977088,-2.966320299498627,0.21717921677222354,0.3203121508669575,9.691744327545166
1780859450.3840966,4.933875016267569,-2.965479090758883,0.21629081040156684,0.31964068628782716,9.713650465011597
1780859450.4037936,4.933882265353937,-2.9650838530487937,0.21642451229965726,0.3188013511115262,9.733347415924072
1780859450.4260285,4.93374034250098,-2.9651608173125017,0.21653871154673476,0.318563326727749,9.755582332611084
1780859450.4469078,4.933489492908521,-2.9656118839656433,0.21640875431012854,0.318976750465608,9.776461601257324
1780859450.4699023,4.9332438863156955,-2.965993395175609,0.21745438010055348,0.31929308573235193,9.799456119537354
1780859450.492606,4.933193885779453,-2.96588880249797,0.21723669036704088,0.3189523362505593,9.822159767150879
1780859450.512632,4.933389538110805,-2.9651356592204596,0.21588784427962932,0.3184157910419305,9.842185735702515
1780859450.5374155,4.933497194415818,-2.9646241029095948,0.21515151014692405,0.31828990507841226,9.866969347000122
1780859450.5592618,4.933491406077385,-2.9644508923906447,0.21479002833923633,0.31873965337878474,9.888815641403198
1780859450.5818124,4.933370643003893,-2.9646164225724103,0.214879477666021,0.31976503576230897,9.91136622428894
1780859450.6046028,4.933151805750532,-2.965058225370875,0.21565240262702134,0.3212593205471652,9.934156656265259
1780859450.6273382,4.93284830472992,-2.965750068830634,0.21699799199929506,0.3231742607356374,9.956892013549805
1780859450.6482866,4.932541443031034,-2.96652744826386,0.21762578308424194,0.3252162534053653,9.977840423583984
1780859450.6687553,4.932436347883773,-2.9668020716879657,0.21710500312877304,0.326370272239358,9.998309135437012
1780859450.6936078,4.932530336033794,-2.9665615103623315,0.21562411107254092,0.3266185555571042,10.02316164970398
1780859450.7168486,4.932666525619042,-2.9661475323514,0.21512185369603098,0.3265631241687865,10.04640245437622
1780859450.7369788,4.932775012292081,-2.9657227953613403,0.21643173358952061,0.32649791287447805,10.066532611846924
1780859450.7591302,4.932803158048178,-2.9655380888817935,0.21821398590136146,0.32683036189101244,10.08868408203125
1780859450.7790716,4.932789878404109,-2.965651161392664,0.21760575694333884,0.32763371335179414,10.108625411987305
1780859450.8030574,4.932689086009681,-2.9661072069578167,0.215831073774668,0.3289954044734493,10.132611274719238
1780859450.8257995,4.932547922002664,-2.9665938675349417,0.2155713745150975,0.33041852446221753,10.155353307723999
1780859450.8450265,4.9324075464409685,-2.9670013367725643,0.21682979302871522,0.33171175298059197,10.174580335617065
1780859450.8671978,4.932444032460897,-2.966955659176642,0.21748545526084262,0.33222192769433523,10.196751594543457
1780859450.8882706,4.932686401342297,-2.9663985663371166,0.21707176594638677,0.331846401441922,10.217824459075928
1780859450.9118595,4.932962976396625,-2.9657513324494125,0.2167785963951464,0.33129935524830323,10.241413354873657
1780859450.9336207,4.933087075904902,-2.96560319350805,0.21574276023732072,0.3315714541786523,10.263174533843994
1780859450.9538817,4.9331268542574405,-2.9656593538220637,0.21558349705993815,0.3321936254182667,10.283435583114624
1780859450.9760942,4.933097132733129,-2.9658529567323133,0.2166831963085986,0.33304746932656215,10.3056480884552
1780859450.9997528,4.932882097347938,-2.966642734784289,0.21708819700992865,0.3346872490008419,10.329306602478027
1780859451.0191119,4.932638223540498,-2.9675053112548193,0.21766463734099664,0.3362432915775351,10.348665714263916
1780859451.0413713,4.932595546985595,-2.9678460450519526,0.21723121107531,0.336927495953125,10.370925188064575
1780859451.0622616,4.932754296178774,-2.9676549589256664,0.21585088111386255,0.33672835216789476,10.391815423965454
1780859451.0868022,4.932961375463778,-2.9672592539045612,0.21537168129292,0.33620100215885884,10.416356086730957
1780859451.1088378,4.9329879487113475,-2.967265078411953,0.21673092693524262,0.3356680362888449,10.43839168548584
1780859451.1294112,4.933037738042157,-2.967173941595551,0.21870357542402608,0.3350124688146394,10.458965063095093
1780859451.1523232,4.933159535531031,-2.967074811862998,0.21737769326975165,0.3343256606264813,10.481877088546753
1780859451.1730592,4.933248174949966,-2.967066085617017,0.21585362430257643,0.33380629779680326,10.502613067626953
1780859451.1967301,4.933226729575804,-2.967248387319045,0.21614336705450152,0.33333227725951353,10.526283979415894
1780859451.2179463,4.933095547596299,-2.9676441927714343,0.21814481819716924,0.3328973192701472,10.547500133514404
1780859451.2417836,4.933004474507046,-2.9680250172042415,0.2184611092194601,0.3324504335499796,10.571337461471558
1780859451.2660217,4.933037832718372,-2.9681714662077616,0.2165676139157928,0.3316445042802272,10.59557557106018
1780859451.2864425,4.933080277809127,-2.9681964508328242,0.215908999490981,0.33068840705517033,10.615996360778809
1780859451.3094673,4.933022245617623,-2.968396650018585,0.21706556897402116,0.32974793748858033,10.639021158218384
1780859451.3324218,4.933012382557623,-2.968418680463638,0.21887577629529534,0.32856555420348244,10.661975622177124
1780859451.3535793,4.933108870337806,-2.9683041782882396,0.217751743168854,0.3271813842970541,10.683133125305176
1780859451.376945,4.933218014649598,-2.9681507614921023,0.21643509864634955,0.32577904556982507,10.706498861312866
1780859451.3973439,4.933255696900911,-2.968086233948037,0.2168962497960965,0.32444306191120553,10.726897716522217
1780859451.4212656,4.933196931599607,-2.9682388959540256,0.2184353928588718,0.3233709935289797,10.750819444656372
1780859451.4441376,4.933039921764459,-2.968775382824459,0.2183552306405818,0.32292185149585784,10.773691415786743
1780859451.4661717,4.932912150908263,-2.9692810016728144,0.21717828407995862,0.3224649121879608,10.795725584030151
1780859451.4882855,4.932776483362261,-2.969700189459456,0.21744617275610423,0.321939399399632,10.81783938407898
1780859451.508237,4.932761119339461,-2.9697766559211716,0.21715638576344304,0.32075686244012225,10.837790727615356
1780859451.5319023,4.932826202442069,-2.9695788850258373,0.21731354838287847,0.3192177759460897,10.861456155776978
1780859451.554473,4.932889880452668,-2.9692949119387877,0.21882943689835677,0.31762133887782795,10.884026765823364
1780859451.5745187,4.933011060618022,-2.968950402384697,0.2183773703868403,0.3159695800119273,10.904072523117065
1780859451.5962768,4.933020923045079,-2.968984182037006,0.21707543286463785,0.31492392989199836,10.925830602645874
1780859451.6170485,4.932978198614349,-2.9690630286330877,0.21733910576953702,0.31401378557362314,10.94660234451294
1780859451.639053,4.932869351119563,-2.969260105051917,0.21877162340010708,0.3133352109696652,10.968606948852539
1780859451.6612308,4.932658618953856,-2.9698448698723006,0.21874531646765985,0.3132583466067933,10.990784645080566
1780859451.682976,4.932509714102372,-2.9702890492381657,0.21757638233641644,0.3130217642243345,11.012529850006104
1780859451.7045865,4.932350721869262,-2.9706473954544665,0.21785525661871263,0.3127188071934519,11.034140348434448
1780859451.729783,4.932339457925379,-2.9705529418403396,0.21768353818681774,0.31181887654391005,11.05933690071106
1780859451.7550216,4.932382874240826,-2.970234665938441,0.21818827343414615,0.31065261503104225,11.084575414657593
1780859451.7762353,4.932431569026919,-2.969840098650905,0.21938551315725485,0.3094384153837044,11.105789184570312
1780859451.7969713,4.932452941511301,-2.969650561062656,0.21839271307397107,0.3085369847751913,11.126525163650513
1780859451.8215039,4.932372113058387,-2.969740580723511,0.21764136134698045,0.30808138157385834,11.151057720184326
1780859451.8442261,4.93224781395063,-2.96983529999384,0.2186148189127337,0.30769524262876935,11.173779964447021
1780859451.8643222,4.932036203383782,-2.9701803897541335,0.21957716237489794,0.30769599494034416,11.193876028060913
1780859451.8853612,4.93184906281378,-2.9705604684571116,0.21829541983126752,0.3077776456315453,11.214915037155151
1780859451.9067612,4.9316479754518925,-2.9708746980406153,0.2182785070972809,0.30782315204750255,11.23631501197815
1780859451.928978,4.93153064069228,-2.9708747126144717,0.2185218635547759,0.3074970455799093,11.25853180885315
1780859451.951961,4.931523729960464,-2.970512953033448,0.21864832327729167,0.3067247048067685,11.281514883041382
1780859451.9722917,4.931491789793276,-2.9701427757684242,0.21979351844307304,0.30599438853825944,11.30184555053711
1780859451.99644,4.9314070763524125,-2.970030065317018,0.2190447916915996,0.3056320053590884,11.325993776321411
1780859452.0173857,4.931216377529695,-2.9702160053495668,0.2183720384709569,0.3057130438888329,11.34693956375122
1780859452.0409956,4.930985481774354,-2.970394791863195,0.21936725597056486,0.3058400522038829,11.370549440383911
1780859452.063379,4.930764914720801,-2.970543472100245,0.21974598624238625,0.30596588055129814,11.392932891845703
1780859452.0840056,4.930629442728745,-2.9704850904627116,0.2186034262410982,0.30585458273894517,11.413559436798096
1780859452.1066823,4.930465971614646,-2.970387248825674,0.2189902004805575,0.3057399145766855,11.436236143112183
1780859452.1270263,4.930281143693538,-2.9702809270399975,0.22008271435923626,0.3056603404374414,11.45658016204834
1780859452.1514935,4.930116242951124,-2.9702187885410223,0.21886279603211997,0.30566135315528076,11.48104739189148
1780859452.1738281,4.929911646258086,-2.970168914904063,0.21891493498756892,0.30572822944967015,11.503381967544556
1780859452.1940894,4.929658413332408,-2.970162787240876,0.2202193824258545,0.3058952564166866,11.523643255233765
1780859452.2180464,4.929407011342441,-2.9702520308905793,0.2192125178535456,0.3062028910726937,11.547600269317627
1780859452.2382863,4.929135739301454,-2.9703309149196655,0.21878831916880176,0.30653980311162865,11.567840099334717
1780859452.2600958,4.928839375511538,-2.9703597766022853,0.2198852316656946,0.3068632441976895,11.589649677276611
1780859452.283499,4.928644860697597,-2.970095824451184,0.21985125123440127,0.3068533363042514,11.61305284500122
1780859452.3043096,4.928471772259343,-2.969768397060437,0.2192189109734271,0.30679007877701636,11.63386344909668
1780859452.3266623,4.928225536972806,-2.969570046408685,0.2195975875978586,0.3069262808524824,11.656216144561768
1780859452.3476667,4.927843125038444,-2.96979265721208,0.21947138380144493,0.3076122191889912,11.677220582962036
1780859452.3707628,4.927434125864996,-2.969998783957974,0.2203455259519689,0.3083222830798258,11.700316667556763
1780859452.3943653,4.927394160529532,-2.9690957073839255,0.2197006336629291,0.30869378442058526,11.723919153213501
1780859452.4148397,4.928009834579485,-2.9661887283310446,0.21808799649792296,0.3092815465535885,11.744393587112427
1780859452.438745,4.928412439268857,-2.9639831012428806,0.21585628330306308,0.3106008611963551,11.768298864364624
1780859452.4641743,4.928571835462913,-2.9625311384581132,0.21346387484722032,0.31273332750112104,11.793728113174438
1780859452.481198,4.928466172319773,-2.9618714484272086,0.2112681408806531,0.3157391503030107,11.810751914978027
1780859452.5044937,4.928044495363336,-2.9621404620412446,0.2094977677611835,0.3196528797561129,11.834047555923462
1780859452.5256553,4.9273567685130395,-2.9631573539336453,0.2087467138501966,0.3243468399208558,11.855209112167358
1780859452.5503545,4.926535935591017,-2.9644320592100475,0.21093365509972845,0.3293057078516508,11.879908323287964
1780859452.5726264,4.925628299216585,-2.965877311124471,0.21581042672474476,0.3343995968803748,11.902180194854736
1780859452.5912867,4.924586360683993,-2.9677841631060806,0.2210744757560567,0.3398737631645652,11.920840501785278
1780859452.613384,4.923472479414498,-2.9701010897261453,0.22377927250171656,0.3455647335466434,11.942937850952148
1780859452.6332932,4.922508222919274,-2.9721759985858567,0.22360489060618227,0.3508764278494496,11.962846994400024
1780859452.6609385,4.921780494556987,-2.9736489426015553,0.22249370768927396,0.35540228531597506,11.990492343902588
1780859452.6825833,4.921297703701489,-2.9744755811380124,0.22078404318930808,0.3590992811251308,12.012137174606323
1780859452.7032995,4.921007388925868,-2.974781619521779,0.21874408060216216,0.3619414561092462,12.032853364944458
1780859452.725232,4.920957869848726,-2.9744259102063073,0.21659311192942166,0.36390943545495524,12.05478572845459
1780859452.746811,4.921171398760481,-2.973346081483489,0.21446245685605914,0.3649963733955781,12.076364755630493
1780859452.7692654,4.921642061499414,-2.971560726245701,0.2124169546107097,0.36522396772807664,12.098819255828857
1780859452.7912486,4.922177484929239,-2.9695071064428227,0.2121772164561827,0.3650239217588611,12.120802402496338
1780859452.8111901,4.9226148597161075,-2.9675851904235593,0.2145918598222793,0.36470220408913434,12.140743970870972
1780859452.8347478,4.923023028821898,-2.965664720461335,0.21920321663316966,0.3643640842464544,12.164301633834839
1780859452.8551333,4.9233015404844895,-2.964135240477407,0.2237805157157842,0.36443415702936743,12.18468713760376
1780859452.8783722,4.923397968059746,-2.9631714378770266,0.2271416266848985,0.36510353877206025,12.207926034927368
1780859452.900377,4.923291979743701,-2.962863516909911,0.227734608216109,0.366015209311902,12.229930877685547
1780859452.9204671,4.923039026468128,-2.963044047154086,0.2255332862071213,0.3671478586022978,12.250020980834961
1780859452.9443798,4.9225791205618155,-2.963759558610628,0.22235720750809193,0.3688614120525955,12.27393364906311
1780859452.964666,4.92189794119025,-2.965022600837412,0.2184080789925035,0.37117705144970703,12.294219732284546
1780859452.9868944,4.92105573376876,-2.9666187715696744,0.21491137031292823,0.37387667849466055,12.316448211669922
1780859453.0092769,4.920171209389286,-2.968176255160584,0.2137974585991906,0.3765526061864177,12.338830709457397
1780859453.0291817,4.919276700083778,-2.9696288471508834,0.2151762681828491,0.3791166373100996,12.35873556137085
1780859453.052399,4.918498748818131,-2.9707271793063867,0.21781193775695132,0.3812830903309372,12.38195276260376
1780859453.0727615,4.917991059009019,-2.9711699805999734,0.21994625574728763,0.38271366950687025,12.402315378189087
1780859453.0952222,4.917745134104595,-2.9709767225296,0.2215021561538755,0.38343629547297997,12.424776077270508
1780859453.1183448,4.917749276939407,-2.9701765345890605,0.22237584891994097,0.3834881919062605,12.447898626327515
1780859453.1385422,4.917989167688443,-2.9688082733452865,0.22242711322779918,0.38291030530850545,12.468096017837524
1780859453.1619806,4.918448246557526,-2.9669186937668237,0.2214954640790039,0.3817458091181569,12.49153447151184
1780859453.1872265,4.9190031949773765,-2.9648202439002063,0.2193689791391799,0.38031607894885866,12.516780376434326
1780859453.208404,4.919243442737068,-2.96350474754136,0.21636257809065096,0.37947522358925134,12.537957906723022
1780859453.2299786,4.919274457656545,-2.9626241892340928,0.21409130352751324,0.3790959687158342,12.559532403945923
1780859453.2533014,4.919174041849387,-2.961923108551371,0.2141836598218012,0.3789405503899195,12.582855224609375
1780859453.2784624,4.918816708846652,-2.9618072333519603,0.2147236927406547,0.3794246038204161,12.6080162525177
1780859453.3029327,4.918069985360575,-2.962636009892439,0.21506643356522392,0.3806612929687887,12.632486581802368
1780859453.3249395,4.917084006336034,-2.9639821463621914,0.21649101092329412,0.3823179192930741,12.65449333190918
1780859453.3524218,4.916032726015073,-2.9653798959398547,0.21997261686015915,0.3840617030576823,12.681975603103638
1780859453.3719265,4.91496457119577,-2.966826093161493,0.22315423237593637,0.385864015241399,12.701480388641357
1780859453.3967447,4.9139473288819,-2.968253342095142,0.2234099721252836,0.387471261262923,12.726298570632935
1780859453.4208732,4.91306600173426,-2.9693551704754584,0.22259329810171005,0.3885015460667507,12.750427007675171
1780859453.4432375,4.912425689324245,-2.969856225500715,0.2209858984681764,0.38890810526667074,12.772791385650635
1780859453.468356,4.912032023709549,-2.969729512324721,0.21880929942108623,0.3886580278586127,12.7979097366333
1780859453.4901185,4.9118753790775695,-2.9689888526638613,0.2162383177033567,0.38772631483357856,12.819672346115112
1780859453.5137284,4.9118660876903855,-2.967835625786198,0.2137668087019435,0.38618314284711097,12.843282222747803
1780859453.535155,4.911875546935602,-2.966503246885526,0.213558797710822,0.38446899750560704,12.86470890045166
1780859453.556154,4.91186169365277,-2.9650982309610288,0.21587472212818604,0.38270720992563234,12.88570785522461
1780859453.5800288,4.911816518252813,-2.963685003978732,0.2202671277059807,0.38096884962459576,12.909582614898682
1780859453.6007638,4.911598074433434,-2.9627351038772822,0.2244612853587311,0.3796230277740902,12.930317640304565
1780859453.6232545,4.911342418162122,-2.962015913736741,0.2254974470438807,0.37847902074803486,12.952808380126953
1780859453.647604,4.911052377525739,-2.961490408503336,0.22349426322427646,0.37754172611722936,12.977157831192017
1780859453.668842,4.910545947617394,-2.9615033438123715,0.22049028810676435,0.3772155372073609,12.998395919799805
1780859453.6926045,4.909793503388373,-2.962101961925168,0.21680382336297477,0.3775495212200237,13.02215838432312
1780859453.7130268,4.908863642046492,-2.9630353642418963,0.21421953936835672,0.37823804352921897,13.042580604553223
1780859453.734948,4.9078691717577065,-2.963976128783874,0.21411464205853994,0.3789981696318012,13.064501762390137
1780859453.7616613,4.906834241159317,-2.964881975384253,0.21643886046267902,0.3797714035047193,13.091215133666992
1780859453.7814224,4.905831810988964,-2.965629882899403,0.220339882321039,0.38040716545540754,13.110976219177246
1780859453.8042753,4.9050607497119625,-2.9658343245228815,0.22346038436059926,0.3804791467262856,13.133829116821289
1780859453.8238544,4.904502095159213,-2.965552827947347,0.2251916209001795,0.38002936586883873,13.153408288955688
1780859453.8454916,4.9040287938074325,-2.965176639132952,0.22359000953310473,0.37948634052849783,13.175045490264893
1780859453.8684473,4.903722479066342,-2.9644105826971163,0.22024196297916387,0.3785264780324127,13.198001146316528
1780859453.8888931,4.9035708037463,-2.9632077361932354,0.21660084038387092,0.37709006298667624,13.218446969985962
1780859453.9114006,4.90338433993179,-2.961954707897836,0.21494038108372307,0.37562485182587135,13.240954399108887
1780859453.9333313,4.903133588754061,-2.960729549892161,0.2156061624819785,0.3742275829245507,13.262885093688965
1780859453.951784,4.902789410638618,-2.9596398075159644,0.21814680845617426,0.37302026638254837,13.28133773803711
1780859453.9748003,4.902233420412291,-2.959097817879351,0.2203135378357065,0.37245662962776116,13.304354190826416
1780859453.9949281,4.90145393467419,-2.9591450222287383,0.22164796531212325,0.372588737584973,13.324481964111328
1780859454.0179927,4.900461271027374,-2.9597491591704737,0.22204779120679838,0.37338615146313714,13.347546577453613
1780859454.042113,4.899267651039983,-2.9608774874273878,0.22139557836671303,0.3748173504055359,13.37166690826416
1780859454.061798,4.898030923262884,-2.96216064051606,0.2187900550390397,0.3764645917185181,13.39135193824768
1780859454.0836716,4.896864248260459,-2.9631958305553483,0.21661440294201567,0.3778649678302184,13.413225412368774
1780859454.104308,4.895803216494253,-2.963874432786806,0.21537674261544656,0.3788895261141043,13.43386173248291
1780859454.1317677,4.8949638302624265,-2.963961181483199,0.21411322290711152,0.37923588937807207,13.461321592330933
1780859454.1535046,4.894193536530659,-2.9637602239115255,0.2146536886571757,0.3792644480804963,13.483058452606201
1780859454.1743824,4.893653428602789,-2.9629545341140635,0.21522216488326593,0.3785860037223383,13.503936290740967
1780859454.197161,4.8932494714372,-2.9617552873520636,0.21661345082786843,0.3774445812653351,13.52671480178833
1780859454.216935,4.892929026863455,-2.9602897035434035,0.21905764375541864,0.3759991189625511,13.546488761901855
1780859454.2402072,4.892754182300325,-2.958490980045691,0.22079618012814817,0.37414249965688384,13.569761037826538
1780859454.2669299,4.89241546958614,-2.957146917543426,0.22160364760037912,0.3728379758154672,13.596483707427979
1780859454.2869616,4.891872123277927,-2.9563571462863147,0.22135637582788312,0.37221866002242887,13.616515398025513
1780859454.3120165,4.891116987297592,-2.956126841669844,0.2201639725357377,0.3723027111219359,13.641570329666138
1780859454.332083,4.8901413129792415,-2.9564640250253924,0.2181334722866103,0.3731085322142764,13.66163682937622
1780859454.3558662,4.888979414859721,-2.957240712163145,0.2159835089072366,0.37449853041667325,13.685420036315918
1780859454.3774552,4.887755743837974,-2.958045309013042,0.21579475326042596,0.37597574853432825,13.707009077072144
1780859454.398489,4.886499751928804,-2.9588093770097896,0.21767973532013785,0.3774423648276457,13.728042840957642
1780859454.422232,4.885353811049521,-2.959259743822379,0.2200950867686277,0.37853361260845375,13.75178575515747
1780859454.4421196,4.884444468420236,-2.959153105229842,0.22151830949663456,0.3789181678098732,13.771673440933228
1780859454.4653947,4.883762102990433,-2.958509479103358,0.2219038823938469,0.3786165837533346,13.79494857788086
1780859454.488136,4.883298462321736,-2.957350768003167,0.22119642545193247,0.37764768605248555,13.817689895629883
1780859454.5080743,4.8830097280682825,-2.955805958285382,0.21895917522045472,0.3761623944173156,13.83762812614441
1780859454.5306365,4.88270846612538,-2.9542541633402384,0.21707125805338237,0.37466345513374666,13.860190391540527
1780859454.5508993,4.8822188588153255,-2.9531580966907516,0.2151989457915026,0.37376804515635875,13.880453109741211
1780859454.5722802,4.8815870158581784,-2.952341375584788,0.21460567731850672,0.3732691816026712,13.90183401107788
1780859454.5935268,4.880732500578643,-2.9520695948069218,0.2141283412550457,0.37351421925198025,13.923080682754517
1780859454.6146777,4.879729260507912,-2.9520912389078586,0.21503669695314315,0.3741890653396851,13.944231510162354
1780859454.636784,4.878521025457239,-2.95261557436251,0.21604410655379122,0.3755632946344871,13.96633791923523
1780859454.6620972,4.877197512076328,-2.9533676790997276,0.21814741199066864,0.37727812493907553,13.991651058197021
1780859454.6808872,4.875767202503888,-2.95439570108646,0.22002368028158684,0.37939215579775265,14.010441064834595
1780859454.703876,4.874524055816701,-2.9549824765016264,0.22111622377132512,0.38091844611365033,14.033429861068726
1780859454.7241948,4.87350728146649,-2.955043272457219,0.22108079992163068,0.3817255445765442,14.053748607635498
1780859454.7481458,4.872715936255207,-2.9545757940787154,0.2199900440911886,0.38180274879578313,14.077699661254883
1780859454.7708066,4.87214903320722,-2.9535765773093656,0.21792393770554355,0.3811362218479992,14.10036039352417
1780859454.7907696,4.871705052745184,-2.9522452610234726,0.21601939884130184,0.38000001708744424,14.120323419570923
1780859454.8142688,4.871220078453473,-2.950910368436998,0.21606365956399484,0.37887907777134977,14.14382266998291
1780859454.8348439,4.87064628956771,-2.94972726622073,0.21750826326343456,0.37798959342345917,14.164397716522217
1780859454.8603756,4.86986580031308,-2.9490974791327114,0.2182896059553934,0.37788979862264416,14.189929485321045
1780859454.8837795,4.868869259514621,-2.9490448095444624,0.21822114108713972,0.3786225656660207,14.213333368301392
1780859454.90458,4.867657256457835,-2.94956039529813,0.2172847659981195,0.38017711391038667,14.234133958816528
1780859454.9271302,4.866310813119912,-2.9503825743231826,0.2166229366869576,0.38220933918410616,14.256684064865112
1780859454.9475381,4.86494509615985,-2.951150141854696,0.21767164930923735,0.38420459115210726,14.277091979980469
1780859454.9687827,4.863754738032746,-2.9514853532262255,0.21847009839918582,0.38558154482196283,14.298336505889893
1780859454.9916003,4.8628055527923575,-2.9512626233799817,0.218346748511138,0.3861395788048352,14.321154117584229
1780859455.0120506,4.8620977770346565,-2.9504802073615135,0.2173411205336125,0.3858750617460762,14.341604471206665
1780859455.0357857,4.861582971783712,-2.9492370196913904,0.21593248789575792,0.3849169186191368,14.365339517593384
1780859455.0558481,4.861061246284015,-2.9479264464485864,0.21619283354770422,0.38386989397934457,14.385401964187622
1780859455.0786579,4.8604794267561635,-2.9466943081763453,0.2179798393150897,0.3829572325797068,14.408211708068848
1780859455.1008465,4.859717181867318,-2.945952191295991,0.21913061996918315,0.38278475280192836,14.430400371551514
1780859455.1211565,4.858754688105864,-2.945757373381806,0.2192652920230403,0.3834450340122286,14.45071029663086
1780859455.1448162,4.857593072332665,-2.9460971796343265,0.21837271179896814,0.38492624094253713,14.474370002746582
1780859455.165168,4.8562645786141925,-2.9468629504847246,0.2168976656919972,0.3870821318248394,14.49472188949585
1780859455.1890717,4.854917402090589,-2.947590932636908,0.21673141870494328,0.38922172553125023,14.518625497817993
1780859455.21228,4.853764454890515,-2.9478488262732068,0.21621067527271084,0.39063840973899744,14.541833877563477
1780859455.2352595,4.852862560743287,-2.947524363548452,0.21493630178733691,0.3911531917057385,14.564813375473022
1780859455.2594595,4.852101879343785,-2.9468274758778117,0.21417935532692856,0.39109207232454324,14.58901333808899
1780859455.2798638,4.851334151319305,-2.9460442589084854,0.21550520593727895,0.3909197832293305,14.60941767692566
1780859455.301092,4.850622560408142,-2.9450801238352757,0.21806701456376523,0.3904875177761067,14.630645751953125
1780859455.3225863,4.850100784014842,-2.943757866906427,0.21902432999190277,0.3894705135278702,14.652140140533447
1780859455.345988,4.849550813343982,-2.942651374430652,0.21731314639774066,0.3887572686356595,14.675541877746582
1780859455.3683932,4.848800813658844,-2.9420593086012468,0.21485479701377094,0.3888666056822645,14.697947025299072
1780859455.3919196,4.847953806993791,-2.941613926419396,0.21389963630353487,0.38925007102371456,14.721473455429077
1780859455.4104486,4.847038774001721,-2.9412249265987156,0.21504980747408056,0.38976337129983385,14.740002393722534
1780859455.4321752,4.846001317499867,-2.9410974842670474,0.21708443426418855,0.3907173765885563,14.761729001998901
1780859455.4522562,4.844761458837102,-2.9415188587942587,0.21816193385841387,0.39255707605554235,14.78181004524231
1780859455.4750345,4.843408962418768,-2.9422840872746137,0.21774622999168985,0.3949612590527618,14.804588317871094
1780859455.4963706,4.842259060331389,-2.942621590357537,0.21596782422199565,0.3966795705982733,14.825924396514893
1780859455.5190022,4.841265813893658,-2.9425655201852114,0.21429074915212648,0.3977703710281961,14.84855604171753
1780859455.54134,4.840268182929293,-2.942411258371601,0.2146139821711427,0.3987308713693274,14.870893955230713
1780859455.561847,4.839395263163138,-2.941924105578783,0.21564060817434919,0.399164304671225,14.891400814056396
1780859455.5833745,4.838778790785372,-2.940877271555144,0.21586634315918352,0.3986695271345404,14.912928342819214
1780859455.607881,4.838254185166335,-2.9395949585097862,0.2167409376629742,0.39777303905323436,14.937434911727905
1780859455.629104,4.837665172194028,-2.938431490875176,0.21863375862400727,0.3970853299023194,14.95865774154663
1780859455.6534097,4.836895441714326,-2.937768081920438,0.2194911751322086,0.3972235084982083,14.982963562011719
1780859455.6737912,4.835942345611491,-2.937606432156042,0.21911293274311044,0.39819585408989333,15.003345012664795
1780859455.695912,4.834805806857904,-2.9379336144502664,0.21752368017025078,0.39999624824033564,15.025465726852417
1780859455.7176812,4.833561982870277,-2.9384912311462092,0.21614748230450861,0.4022266632721294,15.047235012054443
1780859455.7378774,4.832391995214085,-2.9388173959869843,0.2156061664824,0.4041020141726861,15.067431211471558
1780859455.7617526,4.831459859078553,-2.9386133430795205,0.21442459075380552,0.4050878377585061,15.091306447982788
1780859455.781846,4.830580981096557,-2.938215543978156,0.2146212278832382,0.40576721584873177,15.11139988899231
1780859455.805632,4.829791207073326,-2.937561476874719,0.21583718892504938,0.40604195976853497,15.135185956954956
1780859455.8295243,4.829244307959922,-2.936392726051179,0.21630262237686926,0.40543988559165633,15.159078121185303
1780859455.8501294,4.828737400121068,-2.9351037110714158,0.2176437092381892,0.40464103504342486,15.179683208465576
1780859455.8721895,4.828076803656852,-2.934209742305151,0.2185535533419173,0.40451188593205245,15.201743364334106
1780859455.892494,4.827219273977772,-2.933837930455204,0.21834010796096529,0.4052711843843788,15.222047805786133
1780859455.9141836,4.8261619639495725,-2.9339808253286432,0.21704139509156434,0.40691531049488994,15.24373745918274
1780859455.9360034,4.824969385987089,-2.934427355361266,0.215757162685457,0.4091027144914552,15.265557289123535
1780859455.9565856,4.823761768348397,-2.934815339615196,0.21612287313471673,0.41123043422720595,15.286139488220215
1780859455.9808457,4.8227405253006514,-2.9347811180412244,0.21626549203170234,0.412647655587965,15.310399532318115
1780859456.0022786,4.821974530963689,-2.934206864249467,0.21551833061768255,0.4131310621802653,15.33183240890503
1780859456.027694,4.8213467214845425,-2.933307185954253,0.21508359902751442,0.41305913486781876,15.357247829437256
1780859456.050887,4.820699443826264,-2.9323684675927146,0.21648960135173204,0.4129521970989245,15.380440950393677
1780859456.0722344,4.820028198295281,-2.9314713595865434,0.21852600383153875,0.4129336441350091,15.401788234710693
1780859456.0949848,4.819348528543878,-2.93074915497111,0.21773768174778596,0.4131894498344426,15.424538612365723
1780859456.1204472,4.818479032736158,-2.9305127411255363,0.21579195552392516,0.41429029444585463,15.450001001358032
1780859456.1395802,4.817506565237972,-2.9304553323673344,0.21474560223564843,0.4157356406236028,15.469134092330933
1780859456.1608353,4.816491722319376,-2.9303946971888113,0.21560689469238295,0.4172169722408743,15.490389108657837
1780859456.180868,4.81546345768434,-2.9302957465571406,0.2180586030782148,0.41866357589879133,15.510421752929688
1780859456.2033134,4.814525259309596,-2.930109037273026,0.2183855806257216,0.4199436619817938,15.532867193222046
1780859456.2269876,4.813729678602283,-2.929730206472021,0.216112534177234,0.4208766233108694,15.556541442871094
1780859456.2478583,4.812982614701608,-2.929184156235206,0.21480195809169306,0.42154481810600686,15.577412128448486
1780859456.2704718,4.812203396728967,-2.9286137044620255,0.21539838426272157,0.4222113155713858,15.600025653839111
1780859456.2910388,4.811393436415757,-2.928038468104323,0.21773226800715267,0.4229059065312164,15.620592594146729
1780859456.311577,4.810576201936828,-2.9275676313617676,0.21852063265238064,0.42377704756331624,15.641130924224854
1780859456.334325,4.809764759455959,-2.927231538175163,0.2163181063788261,0.4248472549297526,15.663878917694092
1780859456.355787,4.808884996233776,-2.926983914626835,0.21514577258645726,0.42610497376847256,15.685340881347656
1780859456.3782065,4.807967405367187,-2.92672391536029,0.21583360654045003,0.42738231473323296,15.707760334014893
1780859456.3982098,4.807030730429547,-2.926436560086938,0.21809973701533253,0.42864922483079226,15.727763652801514
1780859456.4213328,4.806156680769046,-2.9261275298818883,0.2181026565205087,0.4298589189926876,15.750886678695679
1780859456.4447882,4.805375974770488,-2.9257156053399727,0.21597519166111034,0.43087618093474767,15.774342060089111
1780859456.4680161,4.80457910934192,-2.9252525623493857,0.2154277198167557,0.4318418706369762,15.797569990158081
1780859456.4898877,4.803749860061869,-2.924772344483956,0.21669499076317478,0.4328187874644094,15.819441556930542
1780859456.5101757,4.80290071714846,-2.924316480073484,0.21851145349371418,0.43386576883984596,15.83972954750061
1780859456.5314717,4.802088368146553,-2.9239402145910645,0.2170423453233793,0.4350122294288923,15.86102557182312
1780859456.5540485,4.801227636558057,-2.923655140476852,0.2156829916261606,0.43633366645485694,15.883602380752563
1780859456.5754578,4.800330819212538,-2.9233538727325517,0.2161260715054422,0.4376678981934585,15.905011653900146
1780859456.6003323,4.799417668103214,-2.9230156569642474,0.21814950331332467,0.43898142572108334,15.929886102676392
1780859456.622017,4.798573558560867,-2.9226326787816665,0.2180293486131827,0.4402024710325563,15.951570749282837
1780859456.6439042,4.797792647021714,-2.9221990322812124,0.21606962563842508,0.4413242620253719,15.973458051681519
1780859456.6654308,4.796982618953288,-2.921737079277472,0.21580746197291006,0.4424367348427758,15.99498462677002
1780859456.685265,4.796139730461545,-2.921261199899285,0.21731851579079317,0.44356392266736844,16.014818906784058
1780859456.7080219,4.795266869476925,-2.920864894018181,0.2185295342171383,0.4448464869065365,16.037575721740723
1780859456.728702,4.79442745300952,-2.9205363789498056,0.21674003191077562,0.44621274188000015,16.058255910873413
1780859456.756659,4.793553449325967,-2.920219493045685,0.21603631805014006,0.4476297622866827,16.086212873458862
1780859456.7796028,4.792646728981873,-2.919883866666459,0.21709317332306385,0.4490528509615306,16.109156608581543
1780859456.798867,4.791769479717566,-2.9194707476016397,0.2184886198546851,0.45036561463615676,16.12842082977295
1780859456.8211267,4.790971953771634,-2.9190255913638365,0.21694345961144337,0.45159524106717264,16.150680541992188
1780859456.843884,4.790167063602595,-2.91854510591036,0.21632794521239201,0.45279187426121315,16.17343783378601
1780859456.8624048,4.78932802799942,-2.9180512492991655,0.21744096934281032,0.45400445221548047,16.19195866584778
1780859456.884874,4.788431262101259,-2.917677206231797,0.21844370384696907,0.45542788546903346,16.214427947998047
1780859456.9050095,4.787552107981185,-2.9173807825477787,0.21685079534717425,0.45696641192935594,16.23456335067749
1780859456.9275672,4.78663816188557,-2.9170858336598933,0.21656575346961013,0.45854116294512526,16.257121086120605
1780859456.9514728,4.785699770183443,-2.91675997802229,0.2179398463025759,0.46009980056678046,16.281026601791382
1780859456.9707615,4.784875059635587,-2.91624161381991,0.21836747938575823,0.46133304776538964,16.300315380096436
1780859456.991927,4.784123301295521,-2.9156618541265638,0.216806423289401,0.462450120467059,16.321480751037598
1780859457.0118918,4.783347770415649,-2.915050425612897,0.21682708096436945,0.4635630191036686,16.341445684432983
1780859457.0337617,4.7825053745358925,-2.9145101567152643,0.21814959694100106,0.4648237664813273,16.36331558227539
1780859457.054857,4.78148752813627,-2.914363298665178,0.21832602360794162,0.46673398344450856,16.384410858154297
1780859457.0748448,4.780439782968028,-2.9143290072462738,0.21711375333859792,0.468822380532135,16.404398679733276
1780859457.0977004,4.779387278136118,-2.9142273599696105,0.21732861373818235,0.47083813597309465,16.42725419998169
1780859457.1178179,4.778553233055152,-2.913705871656262,0.21705756817825,0.47217094558963346,16.4473717212677
1780859457.1397817,4.77780847751817,-2.912978074356754,0.2174399064502581,0.473175879086698,16.469335556030273
1780859457.1617246,4.777072448940002,-2.912194073824523,0.21859258388853528,0.4741123929034847,16.491278409957886
1780859457.1824489,4.776290491181407,-2.911592511233091,0.2174827350119179,0.47532197056091174,16.51200270652771
1780859457.2041507,4.775395308849749,-2.9111815103158847,0.21685810031995503,0.4768922630029966,16.53370451927185
1780859457.224843,4.774461422600208,-2.9107634993102254,0.21793280765631542,0.47849372549873515,16.554396867752075
1780859457.2507265,4.773415302047529,-2.910566961049193,0.21865967141999382,0.4804602742562478,16.580280303955078
1780859457.273123,4.772406676427684,-2.9103831775071516,0.21718343043307353,0.48242612377969074,16.60267686843872
1780859457.2949557,4.771387269949963,-2.9101462564912324,0.21714236299689213,0.48433843777056573,16.624509572982788
1780859457.3183095,4.770429330303841,-2.9097401657057125,0.21807208127904282,0.4860079098030585,16.647863388061523
1780859457.3381414,4.76973688653647,-2.9088649847235386,0.21803040352306913,0.486907783403705,16.66769528388977
1780859457.3603027,4.769088594520416,-2.9078970519028617,0.21809272441469474,0.48765855355070364,16.68985652923584
1780859457.3823984,4.768208584400656,-2.907389583389211,0.21733135679508087,0.48915538879174747,16.711952209472656
1780859457.402712,4.7672120719716515,-2.9070644099167158,0.217233236187215,0.4909860431989852,16.732265949249268
1780859457.4279456,4.766155056848344,-2.9067830110206967,0.21856379275577015,0.49291761166615444,16.75749945640564
1780859457.4479795,4.765018566707511,-2.906703368602655,0.21828797933101735,0.4951618226905179,16.777533292770386
1780859457.4761705,4.764007235767059,-2.9064131424403823,0.217238456641296,0.4970604367578222,16.805724382400513
1780859457.5014358,4.762986438864652,-2.9060619587819145,0.2177794920197274,0.4988984012008917,16.830989599227905
1780859457.524061,4.762164461647643,-2.9053440813747686,0.21807456067015468,0.500162158772798,16.853614807128906
1780859457.5480826,4.761470989430346,-2.904381184877996,0.21851338191272335,0.5010346098256147,16.877636432647705
1780859457.573813,4.760596462248512,-2.903747515909083,0.21872727346478177,0.5024381324376481,16.903366804122925
1780859457.5934043,4.7594842215087505,-2.903574449505546,0.21795669044214402,0.5045807771975159,16.92295813560486
1780859457.6163027,4.758300253156812,-2.9034789448204275,0.2181722011262548,0.506883867906474,16.94585657119751
1780859457.6369555,4.757286008655976,-2.9030644088902653,0.21832621506708638,0.508687001219112,16.966509342193604
1780859457.6610587,4.756505559281774,-2.902246787578214,0.21784081310553022,0.5098402498756496,16.990612506866455
1780859457.6835313,4.75571140069822,-2.9013948327243417,0.2186397028567295,0.5109622187217067,17.01308512687683
1780859457.7069051,4.754721750248958,-2.9008983065070115,0.21900530708654972,0.5126643028501494,17.03645896911621
1780859457.7304707,4.753497072537976,-2.9008450394844627,0.2183990375464766,0.5150672605438782,17.06002449989319
1780859457.7561982,4.75233546848724,-2.9006663930062038,0.2177579964116646,0.5172813878661024,17.08575201034546
1780859457.7772896,4.751301449341987,-2.9002320922815046,0.21753164217753865,0.5191024407233957,17.1068434715271
1780859457.7994955,4.750376809638902,-2.8995702376028567,0.2179437497115033,0.5205881070925997,17.12904930114746
1780859457.8212364,4.7495833290720775,-2.8986584922026415,0.2187185622400363,0.5216953738107222,17.150790214538574
1780859457.84503,4.748784527435042,-2.897772467852443,0.21881218933132807,0.5228345935433056,17.174583911895752
1780859457.8654807,4.747743549613294,-2.8973332949656077,0.21793861908988213,0.5246735608527597,17.195034503936768
1780859457.8879972,4.74662376993789,-2.896975353793765,0.2181907940094669,0.5266688268506234,17.2175509929657
1780859457.9112146,4.7454996199770605,-2.8965818878742193,0.21921666916078023,0.5286441749510438,17.240768432617188
1780859457.9313176,4.744467856726949,-2.896102803692348,0.21804261903300154,0.530456524868729,17.260871410369873
1780859457.9550107,4.743444638654244,-2.8955516433845103,0.21807644181095034,0.5321769133564631,17.28456449508667
1780859457.9751005,4.742429441678149,-2.894932095410513,0.21925085448937215,0.533813470432972,17.304654359817505
1780859457.9971404,4.741482614128231,-2.8942679806773564,0.2182447863525793,0.5353593447719547,17.32669425010681
1780859458.0213857,4.740509829304498,-2.893602202901379,0.21818888120094068,0.5369310421809033,17.350939512252808
1780859458.0412886,4.739435553112175,-2.8930605599921937,0.2190358907793739,0.5387138227157706,17.370842456817627
1780859458.0674603,4.738194201991995,-2.8928368129331226,0.21850286465934998,0.5409821272643942,17.397014141082764
1780859458.09,4.736999392718972,-2.8925124577828627,0.21823071539323802,0.5431057880233103,17.419553756713867
1780859458.1138442,4.735946954204848,-2.8919275950061936,0.21828649928095986,0.5448409286554421,17.443397998809814
1780859458.1361232,4.735022294784153,-2.891106245175845,0.21873846520652074,0.5462150733832765,17.46567702293396
1780859458.1561224,4.7341499574191355,-2.8901906602849183,0.21914739518905751,0.5474401571181815,17.485676288604736
1780859458.1801012,4.733029004828391,-2.8897085733708723,0.21854312815965243,0.549332852015544,17.509654998779297
1780859458.202538,4.7317950750476605,-2.889379579537217,0.21850678191791886,0.5515002928801547,17.532091856002808
1780859458.2268255,4.730651961401822,-2.8888643825265796,0.21913731267649608,0.5533991687551634,17.556379318237305
1780859458.2512312,4.729778690618498,-2.8879368666812386,0.2188015615723456,0.5546349529035979,17.580785036087036
1780859458.2725887,4.728826012946353,-2.887132489108894,0.2183460022843775,0.5560613829128709,17.602142572402954
1780859458.2981641,4.727719968741871,-2.886548919221233,0.2182623844717212,0.557852557929893,17.627717971801758
1780859458.3261678,4.726478371858446,-2.8861526958005985,0.21868838374160857,0.5599631909270242,17.65572166442871
1780859458.3454463,4.725167631093001,-2.8858522362383696,0.21918341760408186,0.5622305463058872,17.675000190734863
1780859458.3678336,4.724094275122745,-2.885206151910883,0.21846293620982288,0.5639374780502013,17.69738745689392
1780859458.3880389,4.723091855575214,-2.884410340407003,0.21854537592584908,0.5654200185257503,17.71759271621704
1780859458.4137206,4.7220165669287555,-2.8836917776915487,0.21935460758956896,0.5670577278836326,17.743274450302124
1780859458.4378667,4.720815134184426,-2.883221529816384,0.21847560348935624,0.5690603892999224,17.767420530319214
1780859458.4591196,4.719556424154759,-2.8827872388322358,0.2188021616971813,0.5711426680358436,17.788673400878906
1780859458.482354,4.718484629314261,-2.882052376730673,0.21903119837764262,0.5727541648414451,17.81190776824951
1780859458.504294,4.717574186934598,-2.881079695152384,0.21865915901796418,0.5739902545112017,17.833847761154175
1780859458.5273755,4.716495197061959,-2.880356358003179,0.2183679870490241,0.575628215428571,17.856929302215576
1780859458.5505328,4.715262126961334,-2.879842589502859,0.2185188623895243,0.5776049773307204,17.880086660385132
1780859458.5712047,4.713915964196325,-2.8794742560400217,0.2191686621305645,0.5798222774941735,17.900758504867554
1780859458.593597,4.712701475974697,-2.8789412319990673,0.21845847940908816,0.5817662601658462,17.923150777816772
1780859458.613696,4.711569710580581,-2.8782457955747764,0.21855254036861735,0.5834766175900832,17.943249940872192
1780859458.6393242,4.710498414317523,-2.8774272857521077,0.21922651824433415,0.5850033709979208,17.968878030776978
1780859458.660943,4.70945942153041,-2.8766055009412126,0.21838374039398936,0.586495714241078,17.99049687385559
1780859458.682122,4.7083467005677315,-2.8758440460956467,0.21872758870433945,0.5881037022779152,18.01167583465576
1780859458.7043982,4.707015516330756,-2.8754130630614765,0.21870335779449487,0.5902476781558388,18.033951997756958
1780859458.7257771,4.705708951194763,-2.8749135541337116,0.21930197801455026,0.5922992979734172,18.055330991744995
1780859458.7483106,4.704668475354893,-2.874049576108242,0.21872512597472688,0.5937454568031821,18.077864408493042
1780859458.7702842,4.703645576423859,-2.8731345391641603,0.2186401085201627,0.5951105573313509,18.09983801841736
1780859458.7906435,4.70241442907826,-2.872524583994609,0.21837617182686692,0.5969691809731792,18.120197296142578
1780859458.8147128,4.7010888765762235,-2.8720121385325115,0.21904611708475652,0.5990160263483038,18.144266605377197
1780859458.835206,4.699742453656908,-2.871562604246423,0.21845365347328602,0.6011471511356667,18.164759874343872
1780859458.8567834,4.698483788065765,-2.8709540307952084,0.21854898716782759,0.6030278373735669,18.18633723258972
1780859458.880394,4.6974208335441485,-2.8700534396164974,0.21859958651773728,0.6044345373832218,18.20994782447815
1780859458.9010162,4.69636591913196,-2.869115949024949,0.2192050303058882,0.6058030538637382,18.230570077896118
1780859458.923911,4.695104360222048,-2.8685107935445218,0.21857190595871434,0.60769532370119,18.253464937210083
1780859458.944218,4.693751476709469,-2.868000981154691,0.21879565231419817,0.6097600711474724,18.2737717628479
1780859458.9680243,4.692597213240128,-2.867199847620285,0.21891412025053944,0.6113493658903675,18.29757809638977
1780859458.9914668,4.691577238004159,-2.8662135520846364,0.2186674600205663,0.6126214521493614,18.32102060317993
1780859459.0117385,4.6903737720816725,-2.865482315139713,0.21841371297496437,0.614329934587035,18.34129238128662
1780859459.034925,4.689034451349361,-2.8649140820532093,0.21877452133058425,0.616313905791829,18.364478826522827
1780859459.0582159,4.68765618475363,-2.8644024844064933,0.21886422704107864,0.6183905097667299,18.38776969909668
1780859459.0772266,4.686528609094746,-2.8635483706633087,0.21844592838739216,0.6198858040706359,18.4067804813385
1780859459.0992436,4.6853830098684774,-2.862676646234787,0.21913392804700654,0.6213794629820262,18.428797483444214
1780859459.1206737,4.684118183987831,-2.862010342546154,0.21842848246425173,0.6231973806508648,18.45022749900818
1780859459.142679,4.682782129020206,-2.8614046408996727,0.21874030717083723,0.625133845692881,18.472232818603516
1780859459.1654546,4.681609930105894,-2.860568889456002,0.21885554093962628,0.6266835144601615,18.49500846862793
1780859459.1860983,4.680541445218314,-2.8596006871057025,0.2185647573949121,0.6279935900084528,18.515652179718018
1780859459.2092466,4.679292037087747,-2.8588724734148547,0.21833985224905972,0.6297301493914107,18.538800477981567
1780859459.2297366,4.677915949111749,-2.8582896224737735,0.21879099038686484,0.6317213460036912,18.559290409088135
1780859459.2526305,4.676572017486207,-2.8576761858194835,0.2186179327878994,0.6336530091893788,18.582184314727783
1780859459.2736251,4.675410460611191,-2.856809700203604,0.21848052708838953,0.635147031506218,18.60317897796631
1780859459.2956119,4.674229432816986,-2.8559479026494903,0.2187759002920721,0.6366606196180102,18.625165700912476
1780859459.320553,4.672993843354698,-2.85518070064767,0.21837917859668218,0.638324160942279,18.65010690689087
1780859459.3405845,4.671691357795396,-2.8544669811225627,0.21887788000164174,0.6400932586984682,18.670138359069824
1780859459.3631182,4.6703546048627915,-2.8538279466095355,0.21839116923142607,0.6419670672801576,18.69267201423645
1780859459.3848753,4.6691239900575185,-2.8530199456695597,0.21852748392680343,0.643563896155344,18.714429140090942
1780859459.4056194,4.668000470315931,-2.85206002220832,0.21886405858753863,0.6449120966910691,18.735173225402832
1780859459.429136,4.666629982163915,-2.851442132077368,0.2185997604367812,0.6468381441250788,18.758689880371094
1780859459.4507642,4.665302680774321,-2.850761667181124,0.21836543971978392,0.6486571721525447,18.780318021774292
1780859459.4730732,4.6641179231465575,-2.849875986909286,0.21852701217194231,0.6501231475567568,18.802627086639404
1780859459.4963996,4.662977409439765,-2.8489246975249185,0.21879734049681146,0.6514743556148623,18.825953483581543
1780859459.5188026,4.661607906135923,-2.8482902107351813,0.218458446414259,0.6533753256085877,18.84835648536682
1780859459.5435667,4.6603371320179825,-2.8475118609748296,0.21840685051133787,0.6550330126000139,18.873120546340942
1780859459.5669334,4.6591891312790565,-2.8465608606363144,0.21871673057685562,0.6563833231685088,18.89648723602295
1780859459.589439,4.657880561794708,-2.8458342928630596,0.2183557782503731,0.6581161351874325,18.91899275779724
1780859459.6118355,4.65652565256899,-2.8451469627338883,0.21858585158626098,0.6599572131256881,18.941389322280884
1780859459.6320724,4.65541378083516,-2.844153604105637,0.2184672455144812,0.6612450573037085,18.961626291275024
1780859459.6556425,4.6542075161494925,-2.843284870855785,0.21814982462264215,0.6627383817254309,18.985196352005005
1780859459.6762834,4.652874756145626,-2.8425541766203866,0.21851408918732892,0.6644882185712717,19.005837202072144
1780859459.6979716,4.651480883390813,-2.8419141739916602,0.2183514062404738,0.6664086478920588,19.027525424957275
1780859459.7193441,4.650253170318151,-2.841055056552044,0.21841813246373526,0.6679446936633795,19.048897981643677
1780859459.7396226,4.649103393558326,-2.8400983230878496,0.2182832104753257,0.6692976853405259,19.06917643547058
1780859459.762094,4.647887039397638,-2.8392199882617337,0.2183471046768194,0.6707872100081342,19.09164786338806
1780859459.7841203,4.646482004664667,-2.8385741153458315,0.2184947277795034,0.6726944835307336,19.11367416381836
1780859459.8045645,4.645253058140995,-2.8377121545537487,0.21835608713289623,0.6742320167261617,19.13411831855774
1780859459.8279386,4.644087817771533,-2.8367690539182004,0.2182484362002873,0.6756147486787141,19.1574923992157
1780859459.8487625,4.64275674959573,-2.836022532874966,0.21844464074504455,0.6773585289261579,19.178316354751587
1780859459.8713772,4.64140129098358,-2.8353176241852474,0.2181439173342048,0.6791648961024102,19.200931072235107
1780859459.894191,4.640139389828342,-2.834481338750156,0.21832065446894866,0.6807481955274755,19.223744869232178
1780859459.9143043,4.638991959969614,-2.8335023304322586,0.2184983923375417,0.6820918508146621,19.243858098983765
1780859459.9356933,4.637604627720598,-2.8328308399388162,0.21824980536551455,0.6839874747787054,19.265247106552124
1780859459.9561017,4.636341652227242,-2.832000397496891,0.21814157774464407,0.685590356502864,19.28565549850464
1780859459.9783814,4.635201244762241,-2.8310074763639976,0.21839440140798042,0.6868921069858214,19.30793523788452
1780859460.0001388,4.633922464753349,-2.830198783249375,0.21814407016325935,0.6885394701799372,19.329692602157593
1780859460.0209548,4.632607249391214,-2.829421163459354,0.21824075490636413,0.6902694209080202,19.35050868988037
1780859460.0435188,4.63133512088091,-2.828593147132467,0.21833364986692633,0.6918961372436154,19.373072624206543
1780859460.064435,4.630164469684382,-2.827649291117328,0.2181239254459016,0.6932933368615188,19.393988847732544
1780859460.0857987,4.62889084803338,-2.8268225430703273,0.21812994001410566,0.694904819375223,19.41535258293152
1780859460.1092021,4.627557304267666,-2.826060013243874,0.21836060687473416,0.6966721451976756,19.438755989074707
1780859460.1307352,4.626393600144115,-2.825106483694234,0.21821976607372912,0.6980607487700414,19.460289001464844
1780859460.153497,4.625063648382766,-2.8243444926297046,0.21826098311513048,0.6998072537184106,19.48305082321167
1780859460.1738029,4.623867845339725,-2.8234252846659613,0.21817686782890677,0.7012517821637427,19.50335669517517
1780859460.1951914,4.622658044535006,-2.822524180552999,0.21808635048425215,0.7027378963044821,19.524745225906372
1780859460.2178268,4.621298176538208,-2.8217911030391862,0.21825972516191264,0.7045749865330109,19.547380685806274
1780859460.2380915,4.620050133566396,-2.8209378117835167,0.2180708551061275,0.7061685434212714,19.56764531135559
1780859460.2646258,4.61885781935865,-2.8200126603579356,0.21805603441989535,0.7076198457038956,19.59417963027954
1780859460.2850566,4.617619397542703,-2.819138764334545,0.21817999433702479,0.7091624652699942,19.61461043357849
1780859460.3071706,4.616292349255672,-2.818372319760887,0.21813830879572524,0.710976890419964,19.6367244720459
1780859460.33036,4.615100616462004,-2.8174446567302116,0.2182405989497796,0.7124749617006625,19.659913778305054
1780859460.3512769,4.613834111790451,-2.8166114485463045,0.21814208147959477,0.7141408810158083,19.680830717086792
1780859460.3729649,4.612583794540349,-2.8157595825078383,0.21798387276608328,0.7157644922856896,19.702518701553345
1780859460.3938394,4.611444054942974,-2.814770510952204,0.21816330992858549,0.7173382647458695,19.723393201828003
1780859460.415723,4.610331741616231,-2.813769658076101,0.21743712560133455,0.7193333329405505,19.745276927947998
1780859460.4393473,4.609124075922519,-2.812833239468345,0.21784021174238544,0.7214772475293287,19.768901109695435
1780859460.4589458,4.607651467055689,-2.812197460014321,0.21790068935253348,0.7241928582824215,19.78849959373474
1780859460.4805686,4.60624446093724,-2.8114708293528032,0.2181569155457162,0.7267334609523104,19.8101224899292
1780859460.5033915,4.605169733354191,-2.8103842554910607,0.21762162666257576,0.7285456531876857,19.832945346832275
1780859460.522944,4.604096821083273,-2.8092557203667856,0.21811690465885106,0.7302945294093668,19.852497816085815
1780859460.5457604,4.602728194868956,-2.808464617894641,0.21799301706197702,0.7326870367253777,19.875314235687256
1780859460.5658417,4.601234506720342,-2.807804609996596,0.21784320658153788,0.7353388078967722,19.895395517349243
1780859460.5897384,4.599992338525968,-2.806862145816886,0.21748178335725177,0.7374153089141036,19.919292211532593
1780859460.6136267,4.59883269014652,-2.805790631905621,0.21808992244682937,0.7392664837421155,19.943180561065674
1780859460.636204,4.597803298705383,-2.8045905586588993,0.21788840097311502,0.7408272652217116,19.965757846832275
1780859460.659931,4.596548787116548,-2.803634205325126,0.21752162613096712,0.7428672328116876,19.989484786987305
1780859460.6813188,4.595165076858756,-2.802782546926205,0.2180047860568534,0.7451332573693419,20.01087260246277
1780859460.70411,4.5936721484165925,-2.8020529459957153,0.2180674739304626,0.7476483521147994,20.033663749694824
1780859460.725816,4.592471506426741,-2.8010138058567695,0.21762116968450762,0.7495209939208216,20.05536985397339
1780859460.7475939,4.591284292199336,-2.7999181245330313,0.21831172124017376,0.7513029079029305,20.077147722244263
1780859460.7708745,4.590032569546163,-2.7989229269095692,0.21760999422288768,0.7532435241877362,20.100428342819214
1780859460.7908916,4.588711907556011,-2.7979629368984384,0.21798986586256128,0.7552847875595745,20.120445489883423
1780859460.816698,4.587355755462982,-2.7970429918599837,0.21788338211929228,0.7574103235430591,20.146251916885376
1780859460.838971,4.586007512702356,-2.79610675110081,0.21786629740246682,0.7594967166823787,20.168524742126465
1780859460.8591847,4.584764967277813,-2.7950391345678836,0.21812825542767156,0.7613236354782869,20.188738584518433
1780859460.8822296,4.583604884808403,-2.7938996916619554,0.2177104715918997,0.7629750877803421,20.211783409118652
1780859460.903002,4.582297507509931,-2.7928839770985694,0.21795586259553013,0.7649038101721928,20.232555866241455
1780859460.9266708,4.580750698581671,-2.7921159206446857,0.21802276089713363,0.7673350443446072,20.256224632263184
1780859460.9507778,4.579420959999539,-2.7911129448860255,0.21805699889194657,0.7692863032146819,20.2803316116333
1780859460.9711597,4.57833922530817,-2.789853744421449,0.2178737586998556,0.7706947970967448,20.300713539123535
1780859460.9951806,4.5770665719273715,-2.788773385865187,0.21793771555810423,0.7724780209039519,20.324734449386597
1780859461.0153234,4.575549721318594,-2.787942873806161,0.2178023026836796,0.7747806853375918,20.344877243041992
1780859461.0382545,4.574117539146159,-2.7869935042048524,0.21847562133458776,0.7768616828643342,20.36780834197998
1780859461.0601413,4.572961742744519,-2.7857927493635897,0.21781303815008193,0.7783809780119872,20.389695167541504
1780859461.0800354,4.571789881566424,-2.784579114535425,0.217890078390585,0.7798867536288236,20.409589290618896
1780859461.102285,4.570351765827416,-2.7836342901793283,0.21768868865438532,0.7819492834861066,20.431838750839233
1780859461.1221433,4.5688378353324035,-2.782731874468677,0.2183663270155915,0.7841269557358927,20.45169711112976
1780859461.1439266,4.567414751501842,-2.781770678132141,0.2176307514800993,0.7861401211631431,20.473480463027954
1780859461.1679988,4.566041733968912,-2.780719037870348,0.21804554424705505,0.7879949874263659,20.497552633285522
1780859461.188736,4.5649366035862435,-2.779400666386115,0.21816123227299794,0.7892890319052324,20.518289804458618
1780859461.210712,4.563663631083679,-2.778254347802305,0.21775938926736024,0.7909350864929552,20.540265798568726
1780859461.2352507,4.562245657516298,-2.7772264531172084,0.21803808723985563,0.7928468802382298,20.564804553985596
1780859461.258137,4.560697135850902,-2.776321328733082,0.21811070386978923,0.7950059365036815,20.587690830230713
1780859461.2822225,4.559215420770221,-2.7753520801331075,0.2179299423317801,0.7970198702659603,20.61177635192871
1780859461.3034542,4.557941239080651,-2.774164406099309,0.21797539721165704,0.798601523646667,20.633008003234863
1780859461.3271031,4.556765782051081,-2.7728643990335393,0.21827224868629969,0.7999596569330887,20.656656980514526
1780859461.3489723,4.555454472047725,-2.7717101979558705,0.21783741110130128,0.8015938474371964,20.678526163101196
1780859461.3698773,4.554015446720772,-2.7706461496463275,0.21827280344406802,0.8034384925106623,20.69943118095398
1780859461.3936107,4.552402536898732,-2.769754142588414,0.218246144762359,0.8056335695628114,20.723164558410645
1780859461.4147496,4.551069890790291,-2.768593929748641,0.21787679867231288,0.8072696786054401,20.744303464889526
1780859461.440207,4.549789634446075,-2.7673463851150806,0.21855583108045165,0.8087537697450795,20.769760847091675
1780859461.4617414,4.548519169712163,-2.7661162671309323,0.2179515000773687,0.8102318635167105,20.791295289993286
1780859461.483057,4.547143519296662,-2.764952637041506,0.2182826296748027,0.8118744289724429,20.812610864639282
1780859461.504308,4.545529181880614,-2.7640121055545532,0.218418738435613,0.8139915910295397,20.833861827850342
1780859461.5256617,4.544161054191969,-2.7628384903567835,0.21821617440762275,0.8156214981003416,20.855215549468994
1780859461.5499053,4.542892182446644,-2.761550640366947,0.21851388176812803,0.8170203549081263,20.879459142684937
1780859461.57152,4.541339255367218,-2.7605308766849954,0.21838461504442008,0.8189629923857025,20.901073932647705
1780859461.5919816,4.539854429134075,-2.759440380951939,0.21819576561600865,0.8207664424785586,20.92153549194336
1780859461.6154392,4.538546126572605,-2.758165977793345,0.21841153637075256,0.8222107243543171,20.944993019104004
1780859461.636714,4.537239428860637,-2.756879733152453,0.21867600823384822,0.8236260217217852,20.966267824172974
1780859461.660039,4.535656438010971,-2.7558546253961125,0.21842146751278776,0.8255707841126272,20.989592790603638
1780859461.683233,4.534232891197261,-2.7546675247995775,0.2183829438774513,0.8271884066341517,21.012786865234375
1780859461.703197,4.532959938615954,-2.753322508801671,0.21871944980812363,0.8285105968682771,21.032750844955444
1780859461.7268682,4.531502772356059,-2.752156165852776,0.21835601526150014,0.830183254998559,21.056421995162964
1780859461.7471423,4.530013849594264,-2.7509893414470046,0.2187779869550063,0.8318829083969872,21.076696157455444
1780859461.7713802,4.528693339432659,-2.7496816344380224,0.21838816662415364,0.8332659806472567,21.10093402862549
1780859461.7942917,4.527253246252186,-2.7484570985005496,0.21858516816098872,0.8348419092731465,21.12384557723999
1780859461.8146052,4.52563258335528,-2.74739096253554,0.21866449908982502,0.8367611864911897,21.144159078598022
1780859461.8372314,4.524297681150155,-2.7460657496002505,0.2184189457376858,0.8381370898494795,21.16678524017334
1780859461.8571444,4.522931865902052,-2.744740026818181,0.2189148925132424,0.8395287171509311,21.18669819831848
1780859461.879007,4.521313514102391,-2.743654810268002,0.21851338212909585,0.8413919986755296,21.208560943603516
1780859461.9006343,4.519811480945647,-2.742448957973945,0.2183793437118951,0.8430348190468671,21.230188131332397
1780859461.9210227,4.518470521120739,-2.741077265704526,0.21876066455732002,0.8443600630651655,21.250576496124268
1780859461.944486,4.51713872794759,-2.7397028150239375,0.21854372334686115,0.8456567686063181,21.27403974533081
1780859461.9691038,4.51562647052335,-2.7384699086213704,0.21875584280564045,0.8472603865207153,21.298657655715942
1780859461.987972,4.514028083493187,-2.7373106350952865,0.21860066087855984,0.8490098858218911,21.31752586364746
1780859462.0123615,4.51251779634986,-2.7360584498831932,0.21875395411045542,0.8505962786685775,21.341915369033813
1780859462.0323334,4.511228456113526,-2.7346027094959524,0.21887379017131806,0.8517665464648694,21.361887216567993
1780859462.0580382,4.509737185028013,-2.733323136123086,0.21865014005548744,0.8532849953931603,21.38759207725525
1780859462.0795085,4.50815251539259,-2.7321016141115453,0.21894064350144513,0.8549423196805055,21.409062385559082
1780859462.1000304,4.50664704184364,-2.730815257273713,0.21876515964902687,0.856464531824197,21.42958426475525
1780859462.1232412,4.505252221311941,-2.729414741576537,0.21884147206698273,0.8577716214452202,21.452795028686523
1780859462.1443813,4.503870516886999,-2.727997863437955,0.2188104907356127,0.8590386441501856,21.4739351272583
1780859462.1679907,4.502253466960036,-2.7267711643810073,0.21888114269847433,0.8606986846185762,21.497544527053833
1780859462.1889281,4.500672254951686,-2.7255041494938443,0.2188871501589317,0.8622835221102783,21.518481969833374
1780859462.210286,4.499219407199425,-2.7241164304063363,0.21902989429416306,0.8636367477003848,21.53983974456787
1780859462.2323835,4.497757260101615,-2.7227329764553563,0.21883426254739732,0.8649928726290481,21.56193733215332
1780859462.252629,4.496228927994124,-2.721383115528073,0.21922176903965543,0.8664341104304123,21.58218288421631
1780859462.2747574,4.494623903519701,-2.7201049448119945,0.21893102632682082,0.8680048141970964,21.604311227798462
1780859462.2967477,4.493170651074511,-2.7186784783107982,0.21902373115649723,0.8692974938066076,21.626301527023315
1780859462.317232,4.491707115946523,-2.717251691565063,0.2190585027416678,0.8705914218871804,21.646785736083984
1780859462.341234,4.490078106999108,-2.715950951573981,0.2192814452242909,0.8721534592546671,21.670787811279297
1780859462.3615239,4.48865235144644,-2.714479778570529,0.2190531237775145,0.8733598529704398,21.691077709197998
1780859462.3830726,4.487085799800304,-2.7131097778165643,0.21907481601786818,0.8747767829986426,21.712626457214355
1780859462.4063168,4.4854725265304145,-2.7117661259580244,0.21921679484312795,0.8762714893793291,21.735870599746704
1780859462.427277,4.484062771508373,-2.710245002787141,0.21927938495354707,0.8774056953404585,21.75683093070984
1780859462.4536133,4.482395604760419,-2.7089305250629865,0.21922090201690736,0.8789555275726091,21.783167123794556
1780859462.4739783,4.480901834216185,-2.707461862165693,0.21914377761630094,0.8802037491268901,21.803532123565674
1780859462.4964132,4.479411764027967,-2.7059746406635594,0.21928773538667112,0.8814239584958692,21.82596707344055
1780859462.5180545,4.477712572863925,-2.7046531657579407,0.21930677694032166,0.8829882603657762,21.8476083278656
1780859462.5386949,4.476269265604342,-2.7031138798724292,0.219210746025701,0.8841148490401043,21.86824870109558
1780859462.5626757,4.474685967229889,-2.701671684544653,0.2193810751289493,0.8854423548650958,21.892229557037354
1780859462.582988,4.472986061333366,-2.7003257100609876,0.2191192704239262,0.8869604820112347,21.91254186630249
1780859462.6044316,4.471490548529576,-2.6987926336990884,0.21930760210821892,0.8881696116090856,21.933985471725464
1780859462.6273906,4.470051096304698,-2.6972072140755254,0.21928155625028461,0.8892800340902873,21.956944465637207
1780859462.6476703,4.46841645556624,-2.695769088474172,0.21939232712903928,0.8906911075691415,21.977224111557007
1780859462.6704493,4.466781562323386,-2.694325858061805,0.21921892963638476,0.8920877659068456,22.00000309944153
1780859462.696895,4.465211829449063,-2.6928091023761773,0.21955014487929256,0.8933533888253429,22.026448726654053
1780859462.714938,4.463754667284509,-2.6912042800574123,0.2193311022707414,0.8944230927044696,22.0444917678833
1780859462.7390058,4.462104659275888,-2.6897363596836055,0.21944423821799694,0.8957779995146513,22.068559646606445
1780859462.7606816,4.460417993875861,-2.6882904577840536,0.21941511587838247,0.8971817502646804,22.090235471725464
1780859462.7841349,4.458924428963249,-2.6866771615063185,0.2195694699514184,0.8982527526768429,22.113688707351685
1780859462.8092668,4.457247183559782,-2.6852080417544735,0.21932768693467805,0.8996041727775843,22.13882064819336
1780859462.8343773,4.455607236862391,-2.6836894555668422,0.21951516206351201,0.9008765885112648,22.163931131362915
1780859462.8582582,4.454157905715848,-2.6820140168594646,0.21952331813714743,0.9018287395785549,22.187812089920044
1780859462.8789217,4.4524459555988605,-2.6805390605515518,0.2194197559588722,0.9031813166287845,22.208475589752197
1780859462.901826,4.45080983341864,-2.678988639396749,0.2194942534877941,0.9043979141819989,22.231379747390747
1780859462.92307,4.449306181305815,-2.6773279030186177,0.21949853711806522,0.9053896630273064,22.252623796463013
1780859462.9449754,4.447556723092568,-2.6758467716709045,0.21956330051271908,0.9067449707877113,22.274529218673706
1780859462.967183,4.445844283713546,-2.6743328290463366,0.21939206288062493,0.9080368126698986,22.2967369556427
1780859462.9880688,4.444327224908347,-2.6726484837086044,0.21955530278088076,0.9090020728496491,22.317622661590576
1780859463.0105674,4.442752968151783,-2.670998448003726,0.21970837852445557,0.910033955739534,22.340121269226074
1780859463.0344136,4.440984801966512,-2.669500052869182,0.21941783254562258,0.9113652117842062,22.363967418670654
1780859463.0546858,4.439397549393048,-2.667842544158048,0.2195110402685843,0.9123949998960086,22.384239673614502
1780859463.0776298,4.4378595673004755,-2.666133678936692,0.2197293965163366,0.9133262296611644,22.40718364715576
1780859463.0981376,4.43608248682793,-2.6646085386203504,0.21959457265217397,0.9146200345236863,22.42769145965576
1780859463.1233213,4.434516742429487,-2.662907591218061,0.21957661867815373,0.9155747476764295,22.4528751373291
1780859463.1475,4.432885570412612,-2.661245131009309,0.21961117212616424,0.9166081997591551,22.47705388069153
1780859463.169966,4.431142232222535,-2.6596593704354685,0.21968270658677436,0.9178042823809172,22.49951982498169
1780859463.192582,4.429615470236017,-2.657898296323267,0.2197291105117845,0.9186531456555649,22.522135734558105
1780859463.2138188,4.427849903005722,-2.6563125650420116,0.2196665975484292,0.9198522986930664,22.543372631072998
1780859463.236349,4.426256728258754,-2.6545848575265665,0.21962417769169493,0.9207798010649384,22.565902948379517
1780859463.2600698,4.424599755951247,-2.652896191375106,0.21957734158026654,0.921784122443456,22.58962368965149
1780859463.2810574,4.422860473862188,-2.6512569457306663,0.21966753864200048,0.9229020062413795,22.61061120033264
1780859463.303763,4.421220408565525,-2.649533247911863,0.2198143025115279,0.9238543317600945,22.6333167552948
1780859463.324227,4.419563798914499,-2.647818388308909,0.21968061363806654,0.924822642759799,22.653780937194824
1780859463.3466709,4.417840807479729,-2.646140655230993,0.21969245643176472,0.9258751722322156,22.67622470855713
1780859463.369154,4.41620602899693,-2.6443848469545017,0.21980731512520724,0.9267807861536657,22.698707818984985
1780859463.3894506,4.414451182296051,-2.6427162020550523,0.21965068243515334,0.9278596960151333,22.7190043926239
1780859463.4123974,4.412835858973545,-2.6409265614729165,0.219812312727999,0.9287104214553521,22.74195122718811
1780859463.4364128,4.411087169680207,-2.639232504487238,0.21975696219225402,0.9297524608844823,22.765966653823853
1780859463.4579685,4.409452979240491,-2.6374410788550016,0.2198184924863685,0.9306071095947619,22.787522315979004
1780859463.483757,4.407673602053395,-2.635754244041006,0.21965033257560374,0.9316733976640528,22.813310861587524
1780859463.505207,4.406063739988881,-2.6339245821301125,0.21981010589133762,0.9324688626851305,22.834760904312134
1780859463.5270088,4.404364006478432,-2.6321596962568026,0.21969724378934333,0.9333890801123186,22.856562614440918
1780859463.5504556,4.402604241055214,-2.63042864335499,0.2196298541920723,0.9343875907230519,22.880009412765503
1780859463.5695305,4.400959314924664,-2.628599832633259,0.219765923632504,0.9352020508367662,22.899084329605103
1780859463.5940952,4.399268394326326,-2.626801199211559,0.21968310550499917,0.936097040227347,22.923649072647095
1780859463.6149795,4.397490958723914,-2.6250556585780984,0.21969401055870053,0.937154151155946,22.944533348083496
1780859463.6360412,4.39581089006803,-2.623228531356485,0.21977647895538982,0.9380503606257902,22.96559500694275
1780859463.6599517,4.394117054321341,-2.621405449304913,0.21981765394511799,0.9389545351702937,22.989505529403687
1780859463.67987,4.392329830156847,-2.6196455192322166,0.21967890749347718,0.9399873656917261,23.00942373275757
1780859463.7012823,4.390702112125368,-2.6177565178508146,0.21974378082956897,0.9407737642208236,23.03083610534668
1780859463.721647,4.388936997078334,-2.615963078133356,0.2196591138100625,0.9417517441112127,23.05120086669922
1780859463.7449684,4.3872121679731375,-2.6141306859550313,0.2196328636045021,0.9426605469134781,23.074522256851196
1780859463.7670846,4.385519278769981,-2.6122626472720643,0.21984471616936768,0.9435024700424641,23.096638441085815
1780859463.7873464,4.3837032112424525,-2.610484221529985,0.21970103871003055,0.944523951194645,23.116900205612183
1780859463.809707,4.382069115342475,-2.608560826259603,0.21980290870333466,0.9452679553899079,23.13926076889038
1780859463.8299675,4.380248290121656,-2.6067696125980437,0.21967413172561184,0.9462798535894326,23.159521341323853
1780859463.8532946,4.378565612132954,-2.6048667281854234,0.2197796924666348,0.9470737237253442,23.18284845352173
1780859463.8771734,4.3769179922598545,-2.602936449079665,0.21963247633585628,0.9478038168181815,23.206727266311646
1780859463.8989098,4.375087270918704,-2.6011240482953815,0.21978005869944445,0.9487948204980166,23.228463649749756
1780859463.9237955,4.373414099553483,-2.5991964490641646,0.21970265100050346,0.9495482517725451,23.25334930419922
1780859463.944274,4.371615758986986,-2.5973484799029385,0.21975025799010647,0.9504730511895225,23.27382779121399
1780859463.9668581,4.36989693669423,-2.5954380433648234,0.21975149024589136,0.951270176104142,23.296411991119385
1780859463.9900444,4.368159390380551,-2.5935346696892134,0.2197191317810342,0.9520855348989077,23.31959819793701
1780859464.010133,4.366403306442952,-2.5916370742524353,0.21972842231097972,0.9529263044066729,23.33968687057495
1780859464.0324686,4.364676350132187,-2.5897123619637337,0.21973940928735458,0.9537127450892946,23.362022399902344
1780859464.0524316,4.362894876879792,-2.587820756234176,0.21970518215609486,0.9545717103614679,23.381985425949097
1780859464.0746338,4.361232585768165,-2.585840271124863,0.2195648574460999,0.955241480044025,23.40418767929077
1780859464.0988307,4.359402984007193,-2.5839655461963003,0.21970979445287286,0.9561492083249981,23.42838454246521
1780859464.12137,4.357693527139772,-2.582003403506371,0.21971356850058923,0.9568749563929746,23.450923919677734
1780859464.1450167,4.355894739479023,-2.5800985832287733,0.21966998418302888,0.9577233568892094,23.474570512771606
1780859464.1691048,4.354225602524245,-2.578098140229487,0.21955952401417278,0.9583691516477355,23.498658657073975
1780859464.187463,4.352397579238542,-2.57619864852928,0.21965099854318973,0.9592386123360761,23.517016887664795
1780859464.2106354,4.350670462804261,-2.5742244286740217,0.2196690113549437,0.9599610246638495,23.540189266204834
1780859464.2310011,4.348918159110576,-2.5722642585373454,0.21959941947433084,0.9607088564989379,23.56055498123169
1780859464.2546833,4.347143294937108,-2.5703143147010983,0.21954558808276686,0.9614852616713527,23.584237098693848
1780859464.2772894,4.345424791001107,-2.568317446108333,0.2195684924291375,0.962163458565831,23.60684323310852
1780859464.2969995,4.343623263388474,-2.5663745419385737,0.21951058080809877,0.9629630594370209,23.626553297042847
1780859464.3208234,4.341902519188922,-2.5643700727100582,0.21946745970757192,0.9636361318934412,23.65037727355957
1780859464.340921,4.3401113697800575,-2.562407551569133,0.2194951733670648,0.9644029113995414,23.670474767684937
1780859464.3630018,4.338314254948722,-2.5604461833141334,0.21945521654348962,0.9651751267364652,23.69255566596985
1780859464.384464,4.336636811451181,-2.5583928456622353,0.21959234898107502,0.9657502814619843,23.714017868041992
1780859464.4048977,4.334791291903975,-2.5564566192443796,0.2195107561672872,0.9665845028728199,23.73445153236389
1780859464.4284759,4.33314584082597,-2.554376519468078,0.21942053921908003,0.9671087639167286,23.75802969932556
1780859464.4489055,4.331370610790427,-2.5523804630018954,0.21940436534789526,0.9678165121642097,23.778459310531616
1780859464.4721751,4.329525775917715,-2.550426226661745,0.21943582499984035,0.9686243842823146,23.80172896385193
1780859464.4959683,4.327816581947188,-2.5483724022294534,0.21960246016663787,0.969216611617334,23.82552218437195
1780859464.518183,4.326029021585227,-2.546378650802099,0.21927961592185224,0.9699347037136468,23.847736835479736
1780859464.5424416,4.324258921448919,-2.5443593273492526,0.2193474358394095,0.9706128092752317,23.871995449066162
1780859464.5638149,4.322537731532491,-2.542302870934386,0.21948381613041032,0.9712067135388249,23.8933687210083
1780859464.5875483,4.320707217521262,-2.54032451121618,0.21923290067229104,0.9719636928233086,23.917102098464966
1780859464.6103425,4.31896980193785,-2.5382691048262482,0.21943014143596973,0.9725790209859113,23.93989634513855
1780859464.6308677,4.31732054899936,-2.5361606550101468,0.2191610831779335,0.9730531195887195,23.960421562194824
1780859464.6539044,4.315468182040446,-2.5341775540610656,0.21929530026365268,0.9738222256968267,23.983458280563354
1780859464.674718,4.313624903741179,-2.532186463346083,0.21934344418813814,0.9745777010675241,24.004271745681763
1780859464.6975195,4.312017157708563,-2.5300330473197667,0.2193911723998407,0.9749653412967803,24.0270733833313
1780859464.720543,4.310116251116695,-2.5280789795221943,0.21922442765489378,0.9757989834140206,24.0500967502594
1780859464.7430887,4.308281252881559,-2.5260771058680476,0.21906253824289096,0.976530747741009,24.07264256477356
1780859464.7657657,4.30663594571826,-2.5239343599225323,0.21933516665905486,0.9769559677002224,24.095319509506226
1780859464.7859585,4.304949048257273,-2.5218274529745845,0.21909911570048726,0.9774383315775328,24.115512371063232
1780859464.8093226,4.303096219783983,-2.519819334421923,0.2193917347789724,0.9781758165720849,24.13887643814087
1780859464.8311288,4.301320509316441,-2.5177694960957195,0.21902548622621398,0.9787966274037982,24.160682678222656
1780859464.8520396,4.299580815378072,-2.5156762197922484,0.21944915382202237,0.9793418986038818,24.181593418121338
1780859464.8740115,4.29785020377126,-2.5135927504534954,0.21904514447622636,0.9798792667388945,24.2035653591156
1780859464.898693,4.296063758254519,-2.511529896818721,0.21924638974688304,0.9804886765652068,24.228246927261353
1780859464.9181426,4.2942497787693545,-2.509487977701296,0.21929057555618386,0.9811472338168707,24.24769639968872
1780859464.9415002,4.292606097926869,-2.5073331810071413,0.21912808039942763,0.9815345438696195,24.27105402946472
1780859464.962041,4.290778344304453,-2.50529308102432,0.21925445142319755,0.9821946297051038,24.291594743728638
1780859464.9847507,4.288961734903288,-2.503249776115664,0.21909535897254426,0.9828405352560878,24.31430459022522
1780859465.0114443,4.287306751015414,-2.5010887084481896,0.2192505139945372,0.9832287484860451,24.34099817276001
1780859465.0327652,4.285473929763235,-2.499048224114514,0.21924612490601914,0.9838896576607858,24.362318992614746
1780859465.0539427,4.283808793440245,-2.496895562951727,0.2191471568105782,0.9842857359880508,24.383496522903442
1780859465.0746846,4.2820082588653285,-2.4948272558167033,0.21922594951548535,0.9848800199799594,24.40423846244812
1780859465.0976357,4.280183483558588,-2.492777161622702,0.21911882736362073,0.9855180353780852,24.427189588546753
1780859465.121045,4.2785410102029475,-2.490600946260464,0.21913193861264638,0.9858673530162907,24.45059895515442
1780859465.1413178,4.276744882919972,-2.4885246629067654,0.21919531097048145,0.9864480146829742,24.470871686935425
1780859465.1665654,4.27491332666023,-2.4864743352542544,0.21903942103898952,0.9870829448218785,24.496119260787964
1780859465.186984,4.273261306234139,-2.4842980665766397,0.21913677240454812,0.98742753412421,24.51653790473938
1780859465.2086022,4.2714441570944714,-2.4822337194482915,0.21903587027607935,0.9880337402602049,24.538156032562256
1780859465.2340927,4.269744207619931,-2.480086733828272,0.21908802623205856,0.9884534912411906,24.5636465549469
1780859465.2580452,4.2680834359701665,-2.477917486552596,0.2189330529655336,0.9888017686334711,24.58759903907776
1780859465.2800395,4.266207222192963,-2.475881316160917,0.2190977943888925,0.9894782749653155,24.609593391418457
1780859465.3002687,4.264425968766642,-2.4737895791799978,0.21888823866394744,0.9900188132008392,24.629822492599487
1780859465.3230495,4.2627512662803895,-2.4716151294309885,0.21918707261456805,0.990376363898112,24.65260338783264
1780859465.3459897,4.260987965934128,-2.469512840855016,0.21885781234080057,0.9908778380185908,24.675543546676636
1780859465.3663921,4.25920383920905,-2.4674119609091867,0.21895453409035925,0.9913996801032372,24.695945978164673
1780859465.3924668,4.257454853965194,-2.4652885748373308,0.21907909575862572,0.9918632728518055,24.722020626068115
1780859465.4159427,4.255768075041099,-2.463129655001446,0.2188559467511653,0.9922333985151308,24.74549651145935
1780859465.4397643,4.253986997426728,-2.461021966141279,0.21904386373384366,0.9927378224372694,24.769318103790283
1780859465.4634364,4.252172929152359,-2.4589445650693267,0.21885186573587542,0.9933003088712473,24.79299020767212
1780859465.4854858,4.250543485596442,-2.4567368891205628,0.2190336242662254,0.9935567968555015,24.81503963470459
1780859465.5088763,4.248835917267627,-2.4545864892757114,0.2189123247595988,0.9939435167045474,24.838430166244507
1780859465.5290139,4.246971852139277,-2.4525336500609747,0.21888760544058236,0.9945717370089966,24.858567714691162
1780859465.5515714,4.2452210820054574,-2.4504065403250843,0.21890301751707417,0.9950180657137153,24.8811252117157
1780859465.5731146,4.243598493205079,-2.448190734113155,0.2190823994110185,0.9952483097909601,24.902668476104736
1780859465.5932505,4.241747935079328,-2.44612949688265,0.21896481860464986,0.9958513086535632,24.922804355621338
1780859465.6158054,4.240124518101847,-2.4439178549480305,0.2189512850627736,0.9961058383220447,24.945359230041504
1780859465.6409533,4.2383110399798625,-2.441828286712141,0.21891474433727723,0.9966495592848048,24.97050714492798
1780859465.6593087,4.2365357994403094,-2.4397142959259304,0.21885494332851857,0.9971342205402678,24.98886251449585
1780859465.6809056,4.234925585379076,-2.4374880949053304,0.21898313173858092,0.9973435861402393,25.010459423065186
1780859465.70235,4.233177754425566,-2.435354267378603,0.2189824742085446,0.9977799242443535,25.031903743743896
1780859465.7246637,4.231379414702776,-2.4332530137787978,0.21891032368665114,0.9982975998955945,25.05421757698059
1780859465.7502604,4.229725441102493,-2.4310548637124754,0.21897108620269448,0.998576697097028,25.079814195632935
1780859465.7709763,4.22796668745342,-2.428925770790549,0.21895097237335767,0.999016480180515,25.10053014755249
1780859465.7940872,4.226250671062808,-2.426767773252059,0.21899183135946948,0.9993889843109027,25.12364101409912
1780859465.8147285,4.224543986097107,-2.4246038038401254,0.21897196615898237,0.9997459826640629,25.144282341003418
1780859465.838726,4.222754537250583,-2.422494388549016,0.21886554979937442,1.000233592145209,25.168279886245728
1780859465.861462,4.221102236852536,-2.4202903527475472,0.21901973733762492,1.0004897642109878,25.19101595878601
1780859465.8814344,4.21929974871817,-2.4181883578202394,0.21889586541757675,1.000985085409833,25.21098828315735
1780859465.9052997,4.21766566668988,-2.4159721218928625,0.219022352452822,1.0012105687424846,25.234853506088257
1780859465.9271712,4.215900028528421,-2.4138458982505875,0.21890809790761273,1.001644576416174,25.256725072860718
1780859465.951904,4.214221889837574,-2.4116607654760958,0.21885738931276652,1.0019342216034008,25.281457901000977
1780859465.9749448,4.2124449657291505,-2.4095357909013106,0.21891094760793353,1.0023698215129357,25.30449867248535
1780859465.994988,4.210768464157489,-2.40734680773249,0.2189609792315067,1.0026475563123585,25.324541807174683
1780859466.0209227,4.209049206619293,-2.4051849507069094,0.21899096714997876,1.002987205775299,25.350476503372192
1780859466.041011,4.207325211285813,-2.403025865912629,0.21898603042927725,1.0033326766946367,25.370564937591553
1780859466.0667667,4.205626491342833,-2.400850481366783,0.21897264133892821,1.0036281746516043,25.396320581436157
1780859466.0909965,4.203911690936237,-2.3986840521585506,0.21897073880510626,1.0039471344112183,25.42055034637451
1780859466.1120033,4.2022107631146435,-2.3965095407144483,0.2189417058642487,1.0042445940556393,25.44155716896057
1780859466.1340873,4.200476967175065,-2.394353293912171,0.21897255902713372,1.0045894405277824,25.46364116668701
1780859466.1550403,4.1987997145827975,-2.3921620878711853,0.2189345934484177,1.0048353033709674,25.484594106674194
1780859466.1777475,4.197075379777071,-2.3899992283697316,0.2189502183904247,1.0051526767674233,25.507301330566406
1780859466.1999338,4.195335259160832,-2.3878464064110716,0.21891542677476772,1.0054925878035244,25.52948760986328
1780859466.2202525,4.193646432583649,-2.385658952137738,0.21894672368639312,1.005747627103874,25.549806356430054
1780859466.2414749,4.1919587094721935,-2.3834699352723514,0.21898886412939872,1.005996624874645,25.57102870941162
1780859466.2616029,4.190250636854929,-2.3812946989223405,0.21896036729272855,1.0062720070456725,25.591156721115112
1780859466.2846797,4.188520893797639,-2.3791309998110557,0.21899080115520603,1.0065711500891616,25.61423349380493
1780859466.306381,4.186829428349549,-2.376943082303736,0.2189707725508464,1.0068163501808662,25.635934829711914
1780859466.3284671,4.185115608482188,-2.374768668307004,0.2189772205624909,1.007094756529817,25.658020973205566
1780859466.3521736,4.183421285832451,-2.372582119301305,0.21892200286124627,1.007331296893633,25.681727409362793
1780859466.3760903,4.181759134810897,-2.3703720448161896,0.21896758257365076,1.0075120854288322,25.705644130706787
1780859466.3962967,4.18000828702065,-2.368216182030908,0.21904722136071555,1.0078269914370468,25.725850582122803
1780859466.4208367,4.178329233619156,-2.366016560201994,0.21904626074223144,1.008030145861241,25.75039052963257
1780859466.441564,4.176626028987659,-2.363831350436681,0.2190107625319362,1.0082627890183398,25.77111792564392
1780859466.4665556,4.17494351643533,-2.361631672504989,0.2190335240604162,1.0084565283183986,25.796109437942505
1780859466.4908996,4.173207796651018,-2.359466134228879,0.21897281239642477,1.0087298590411446,25.82045340538025
1780859466.5150483,4.171564761972323,-2.357239784794891,0.21897287699798862,1.0088568592442755,25.84460210800171
1780859466.5390604,4.16983328566174,-2.355067850273727,0.21897889385604358,1.0091171933816234,25.868614196777344
1780859466.5602458,4.168130001576503,-2.352876632733752,0.21902355017607264,1.0093243079301981,25.88979959487915
1780859466.5806823,4.166451078008728,-2.3506691758957627,0.21903153047841895,1.0094863806401513,25.910236120224
1780859466.6074762,4.164755712446188,-2.3484715569831565,0.2190358373758316,1.0096808094968521,25.93703007698059
1780859466.6337764,4.163062216016894,-2.3462711542940786,0.2190359664908024,1.0098681583613587,25.963330268859863
1780859466.656675,4.16135247562724,-2.344080304106184,0.2190395394470736,1.0100728848632983,25.986228942871094
1780859466.6777387,4.1596890228824925,-2.3418588093813626,0.2190333365628378,1.0101969420835086,26.00729250907898
1780859466.7008982,4.157971064312387,-2.339671495345815,0.21899207708892166,1.0104051751549044,26.030452013015747
1780859466.7233086,4.156302393290304,-2.3374503317914637,0.21901851695664604,1.0105279156830171,26.052862405776978
1780859466.7475746,4.154574476001316,-2.3352643724312,0.21906374482719285,1.010735922921258,26.077128410339355
1780859466.7702365,4.152909784918512,-2.333038923764175,0.219059594490415,1.0108380315410281,26.099790334701538
1780859466.7904363,4.151204279908031,-2.3308360560968744,0.21912043632024084,1.0109972422927704,26.11999011039734
1780859466.8178422,4.149538620724349,-2.3286085964290306,0.21909839781356208,1.0110875114759459,26.147396087646484
1780859466.8397787,4.1478558317460354,-2.326389610067752,0.21910804627776181,1.0111998677739713,26.16933250427246
1780859466.8608716,4.146128143095044,-2.3241970765467683,0.21911004875531678,1.0113719676067614,26.190425395965576
1780859466.8843875,4.144470440460785,-2.3219596061387424,0.21911697255161453,1.0114299128887483,26.2139413356781
1780859466.9055269,4.14274483541859,-2.3197624885869828,0.21913561266621073,1.011604741342163,26.23508071899414
1780859466.929636,4.141084276819757,-2.317524758764011,0.2190843584495258,1.0116747936032295,26.25918984413147
1780859466.9562469,4.1393671431483146,-2.315319448470668,0.21908687391903459,1.0118221489042867,26.28580069541931
1780859466.97707,4.137698939245857,-2.3130811887101608,0.2191322523365843,1.0118898548406872,26.306623935699463
1780859467.0015175,4.135376113575521,-2.3112603558148344,0.21891968324702746,1.0117631607868383,26.331071376800537
1780859467.0218203,4.133097831817406,-2.309450736682655,0.2177163289459577,1.0110271079038382,26.35137414932251
1780859467.0440457,4.131281822116657,-2.3073810320952814,0.21601048609898513,1.00963565972096,26.373599529266357
1780859467.0674784,4.129565677108759,-2.305231046527096,0.21599429027098607,1.0081067575845868,26.397032260894775
1780859467.0896685,4.127967463992283,-2.3029903108791347,0.21768846253731217,1.0064528825279773,26.419222354888916
1780859467.1114106,4.126999437579251,-2.3003845411712356,0.21888135761738348,1.004166540938309,26.440964460372925
1780859467.1373038,4.1263211215486315,-2.2976337652890297,0.21931081456719684,1.0014841618598993,26.46685767173767
1780859467.157031,4.125238548231038,-2.2951804317877476,0.21884483721181322,0.999471359827858,26.486584901809692
1780859467.1791906,4.123673638082204,-2.293074881059334,0.2174164830138374,0.9982485799715688,26.508744478225708
1780859467.1996102,4.121923432413342,-2.291105128040323,0.21597883675490906,0.9976114476750118,26.52916407585144
1780859467.223124,4.120210724276654,-2.2890850473526076,0.21647144614392627,0.9970834525709265,26.552677869796753
1780859467.245537,4.11837903038547,-2.2871276828398295,0.2184782705985841,0.9967402467696749,26.575090885162354
1780859467.2663548,4.116126544510362,-2.285479269403201,0.2197462404114374,0.9970733218396504,26.595908641815186
1780859467.2918363,4.113794987639732,-2.2839435701975397,0.218944540177389,0.9976742498790205,26.621390104293823
1780859467.312085,4.1122474604724495,-2.2819347467308564,0.21732630311468293,0.9977544064641606,26.64163875579834
1780859467.3334422,4.110744690490683,-2.2798750178961322,0.21734369703218084,0.997747007857928,26.66299605369568
1780859467.3549905,4.109275356986328,-2.277772842899312,0.2190431150125595,0.9976756456022091,26.684544324874878
1780859467.3754764,4.1081230538612425,-2.275498623505467,0.2200220580630128,0.9971511297414963,26.7050302028656
1780859467.3986104,4.106690496761367,-2.273478750644627,0.21837163073107232,0.9966447261358127,26.728164196014404
1780859467.4202967,4.104916094576915,-2.2716695215682736,0.21782967712851517,0.9962349268546422,26.749850511550903
1780859467.4439383,4.103146549910566,-2.269833876939113,0.21900351402897575,0.9958176850100404,26.773492097854614
1780859467.4661818,4.101688783937515,-2.2678133838668573,0.2201016012337499,0.9949642609815914,26.795735597610474
1780859467.4859073,4.100514485389091,-2.265671478758845,0.21898646080784728,0.9937419753131804,26.81546115875244
1780859467.5071442,4.099928509082801,-2.2631564525125807,0.21807006449179206,0.9924915461259864,26.836698055267334
1780859467.5272658,4.098937325964636,-2.260927032044558,0.216679713398394,0.9918862300681761,26.85681962966919
1780859467.5490217,4.097686309240134,-2.2588631526842513,0.2160928541865372,0.9916731709717972,26.878575563430786
1780859467.5710695,4.09622697780614,-2.2569186412840785,0.21680415447982043,0.991760188539871,26.900623321533203
1780859467.5917492,4.094283662662039,-2.255315709929965,0.21696701330285728,0.9925836939156696,26.921303033828735
1780859467.6149397,4.092173935544743,-2.2538116416328027,0.21829655536540293,0.9936544556134095,26.944493532180786
1780859467.6350927,4.089923485013926,-2.2524036349466523,0.22016479402648922,0.9949344845997832,26.964646577835083
1780859467.657144,4.087817846339426,-2.250966863476563,0.219754279826477,0.9960534105593544,26.986697912216187
1780859467.68,4.086214385700748,-2.2492384446031837,0.2182822941878665,0.9964581996642874,27.009553909301758
1780859467.700031,4.085028487646796,-2.247256562461923,0.21646223165652967,0.9962573275737103,27.029584884643555
1780859467.7224731,4.083898739251939,-2.24520996291854,0.216438579717994,0.9959496782529884,27.052026987075806
1780859467.7430441,4.082782957248199,-2.2431262341698766,0.2183590631250462,0.9956013175079956,27.072597980499268
1780859467.7664454,4.08175234127138,-2.2409927757086403,0.22089517109486922,0.9951344897230747,27.095999240875244
1780859467.7950397,4.080795211322444,-2.2388997307495466,0.22003353282172494,0.9946171964240555,27.124593496322632
1780859467.815171,4.079579354898052,-2.237021329302703,0.21743291497615683,0.9945048415846784,27.14472484588623
1780859467.8403144,4.078251058236999,-2.235191681697254,0.21627593288746388,0.9945454580957698,27.169868230819702
1780859467.8647037,4.07687620883683,-2.233359356327569,0.21712227737906978,0.9946350204188761,27.194257497787476
1780859467.883632,4.07540665971008,-2.2315704448102305,0.21949989484801047,0.9948500391769759,27.213185787200928
1780859467.9067175,4.073582677837172,-2.230049009050553,0.2208787586831494,0.9956026895276562,27.236271381378174
1780859467.926883,4.071754363511432,-2.2286115378103424,0.2189766391843423,0.9964195927706605,27.256436824798584
1780859467.9510565,4.070040953170105,-2.227108688614817,0.21701798428263971,0.9970772691130385,27.28061032295227
1780859467.9746358,4.0683492480856644,-2.225558318561195,0.21698042925256297,0.9976804480224475,27.304189682006836
1780859467.9931576,4.0668201058920115,-2.2238812831045625,0.21839112099627356,0.9980943598096825,27.32271146774292
1780859468.015822,4.065856390944534,-2.2218507883182816,0.21910984926987573,0.9978297243760865,27.345375776290894
1780859468.035857,4.065345289433811,-2.219537543686205,0.21899983727716207,0.9969116269223441,27.365410804748535
1780859468.0597103,4.064805546917001,-2.217221335042971,0.21946176438113071,0.9960047042041067,27.38926410675049
1780859468.0816088,4.063807703008271,-2.2152098037819377,0.21906628521685587,0.9957509545113918,27.411162614822388
1780859468.103114,4.062377660839669,-2.2134876644300867,0.21772321391945487,0.9962039167763415,27.43266773223877
1780859468.125252,4.0606981436799865,-2.2119053635351844,0.2169634276700101,0.9970178948012975,27.454805850982666
1780859468.1456165,4.058967183868144,-2.2103065809543203,0.21811324926812428,0.9978659589827075,27.475170373916626
1780859468.1673255,4.057173138341414,-2.208716546823438,0.2205533314653056,0.9987725640443141,27.49687933921814
1780859468.189545,4.055365436678277,-2.2071886308212885,0.2202329719591187,0.9997278630553685,27.51909875869751
1780859468.2103035,4.053909988707591,-2.2054641704321156,0.21807357546893774,1.0002065332309762,27.539857387542725
1780859468.234135,4.0526005354410355,-2.203612765564449,0.21692171499348278,1.000441075781021,27.5636887550354
1780859468.2561297,4.051294547377016,-2.201708314682784,0.2176987492431303,1.0006263661852879,27.585683584213257
1780859468.2785842,4.050038745920811,-2.199733808670568,0.22000386320124168,1.000707573415923,27.60813808441162
1780859468.3003457,4.0490353146317455,-2.1976269423478594,0.22066086508225774,1.0004454639478482,27.629899501800537
1780859468.3225367,4.047994170959186,-2.1955983684799834,0.2183693807827411,1.0002630554243144,27.652090549468994
1780859468.3469796,4.046868862561977,-2.1935870968664832,0.2172600957822336,1.0001680906376968,27.676533460617065
1780859468.3670666,4.045693152236332,-2.191558527874189,0.21803306425276256,1.0001052026734714,27.69662046432495
1780859468.3929296,4.044292099167882,-2.1896516622838917,0.21952920929767797,1.0003381784703524,27.72248339653015
1780859468.4139004,4.042423685597756,-2.188060075206019,0.21997914503058646,1.0012412432005515,27.743454217910767
1780859468.434156,4.040264273541851,-2.186670689275772,0.21929530017894502,1.0025655115360008,27.763709783554077
1780859468.458191,4.038466672921521,-2.185057429583794,0.2178625774756898,1.0033785295393498,27.787744760513306
1780859468.4779403,4.03677028739588,-2.183341173069583,0.21780291557671622,1.0040120030114528,27.807494163513184
1780859468.5004876,4.035532661217498,-2.1813252287341607,0.2177305116034355,1.0041055933790863,27.83004140853882
1780859468.5226457,4.034527073128231,-2.1791448575969063,0.21856260376927314,1.003904126237833,27.85219955444336
1780859468.5431323,4.033745268379685,-2.1768130032444355,0.21991554569780725,1.003373303002932,27.87268614768982
1780859468.5662954,4.0329815617501055,-2.1745019871277536,0.21985421272692976,1.0028156450865975,27.895849227905273
1780859468.5890543,4.031746848495024,-2.172514831681901,0.21870586386064103,1.0029275006218246,27.91860818862915
1780859468.6079266,4.030193976377793,-2.170731950693241,0.2175288783017538,1.0034989520354518,27.937480449676514
1780859468.629072,4.028594037254154,-2.168941647177358,0.21816058900231258,1.0041058963980856,27.95862579345703
1780859468.6492429,4.026923862547121,-2.1671690190521757,0.22025730375330185,1.0047836454870636,27.97879672050476
1780859468.670475,4.025159309581897,-2.16550788846923,0.22007131612514602,1.0056194346426288,28.00002884864807
1780859468.692701,4.023618709488986,-2.163745511870319,0.2180739260823149,1.0061613755206906,28.022254943847656
1780859468.7121336,4.022132859498503,-2.161914949722652,0.21762742624921436,1.0066039799820512,28.041687488555908
1780859468.7366066,4.02066532793901,-2.1600366342188115,0.21895778539261918,1.0069866190320234,28.066160440444946
1780859468.7581124,4.019535889127596,-2.157950455867008,0.22015285312418462,1.0068889761483533,28.087666273117065
1780859468.7820609,4.018727475977064,-2.1557017134826437,0.21948517431325812,1.0063472953606656,28.11161470413208
1780859468.8049493,4.0178015503837505,-2.153538858339147,0.2183751932097808,1.005971535777502,28.13450312614441
1780859468.8253613,4.016706188148656,-2.1514599150692457,0.218288350104638,1.0058086211873736,28.15491509437561
1780859468.8469572,4.015219362807548,-2.1496366796594764,0.21790311740868074,1.0061976604969178,28.17651104927063
1780859468.8671262,4.013619886055528,-2.147856729704079,0.21891896519398624,1.0067216237862509,28.196680068969727
1780859468.8915315,4.011648636545323,-2.1463234535658122,0.21951667334462724,1.0077727550991042,28.2210853099823
1780859468.9130492,4.009761438635361,-2.1447435085036806,0.21993723349099206,1.008721392040406,28.242603063583374
1780859468.9342282,4.008362495795196,-2.14288015278247,0.2192635836207782,1.008984561746848,28.263782024383545
1780859468.9586728,4.007322355662206,-2.140798954757793,0.21826402834663705,1.008729576411187,28.28822660446167
1780859468.9793499,4.006289834494274,-2.1386791653776265,0.21889641453489428,1.0084297839950587,28.308903694152832
1780859469.0026848,4.005126533487854,-2.1366248395918963,0.2204370504647031,1.0083055143226822,28.33223867416382
1780859469.0263515,4.003731977974589,-2.134764492700739,0.21978230815436092,1.008538506594589,28.355905294418335
1780859469.0503302,4.002065875269656,-2.133093616975952,0.21836771863408033,1.009163378059549,28.379884004592896
1780859469.0724945,4.000375477641647,-2.131404424046227,0.21857450069904832,1.0097951914389567,28.402048349380493
1780859469.0930216,3.9988251731918827,-2.129608424474965,0.21974284145259365,1.0102135363076972,28.4225754737854
1780859469.1163225,3.9977539885141824,-2.127535309806235,0.21989681958641819,1.009962016031876,28.445876359939575
1780859469.1378984,3.9970149541121733,-2.1252728766199107,0.21919387376791127,1.0092308027005084,28.46745228767395
1780859469.16041,3.9960057138920217,-2.123185646251959,0.21829168695383624,1.008877839129016,28.48996376991272
1780859469.183787,3.994771513400141,-2.1212249907830847,0.21806697950717543,1.0088277811685202,28.513340950012207
1780859469.204512,3.99329806711491,-2.1194046071838075,0.2184486251870851,1.009106306297575,28.53406572341919
1780859469.2273712,3.9915184101290855,-2.117776067454873,0.2189413949809378,1.0098151601358838,28.556925058364868
1780859469.2513738,3.9896502229829025,-2.116192879764109,0.22007807753483938,1.0106420572889583,28.58092761039734
1780859469.2715385,3.9880472672825724,-2.1144809209569657,0.21959755055876576,1.0111088285029783,28.60109233856201
1780859469.2976334,3.986896366071358,-2.112504931785882,0.21827707616308106,1.010937954812464,28.627187252044678
1780859469.321121,3.9858300267177174,-2.110449775556252,0.21823964330844964,1.0106324336020425,28.65067481994629
1780859469.3443341,3.984729377798765,-2.1083844780540666,0.21979419758923646,1.0103458199822306,28.673887968063354
1780859469.3670454,3.983450277258264,-2.106462662202219,0.21998648907026153,1.0103303789108553,28.69659924507141
1780859469.3870916,3.981943633483591,-2.1047259551041284,0.21836102226394902,1.0106639282990173,28.71664547920227
1780859469.413537,3.980382203898413,-2.1029960434573347,0.21807938838456756,1.0110832007224921,28.743090867996216
1780859469.4384553,3.9788267239412374,-2.101229678273412,0.21944587615636488,1.011464844288243,28.768009185791016
1780859469.4597514,3.977562981673409,-2.0992973487329722,0.22017328469146796,1.011424597484897,28.789305210113525
1780859469.4829552,3.976503366031029,-2.0972902158013498,0.2185784622856202,1.011111983980669,28.812509059906006
1780859469.503061,3.9755007734147663,-2.0952229799926756,0.21817756193529161,1.0106964747942282,28.83261489868164
1780859469.5313842,3.9744015750498547,-2.093188712267085,0.2191075059372801,1.010395748024182,28.86093807220459
1780859469.5559137,3.972875968694844,-2.091440834500412,0.21926756486514795,1.0107242043357232,28.885467529296875
1780859469.5761044,3.9709959781599418,-2.089929370301014,0.21895063751599395,1.0115817169178865,28.90565824508667
1780859469.5993264,3.969274093901509,-2.0883090433290734,0.21917706477662202,1.012211836447558,28.928880214691162
1780859469.6194537,3.9680462693806295,-2.0864036112829516,0.21839428026491248,1.012132230376646,28.949007511138916
1780859469.643452,3.96700349952542,-2.0843712731205413,0.21827627565579558,1.0117570717070858,28.973005771636963
1780859469.6667237,3.9659493163542505,-2.0823140975190526,0.21976325849075803,1.0113680882692053,28.996277570724487
1780859469.686828,3.9648570226643844,-2.0803208445602244,0.2195091385206684,1.0110523376932186,29.01638174057007
1780859469.7106872,3.9634904884516144,-2.0785287976154723,0.2180674773135773,1.0111820540185725,29.0402410030365
1780859469.7308009,3.962061949424409,-2.07674554392971,0.2181069833676282,1.0113789606014638,29.060354709625244
1780859469.7583115,3.960606369131273,-2.074948526765533,0.21973721537568097,1.0115876409779911,29.087865352630615
1780859469.7815952,3.9591431666250454,-2.073202800092608,0.21936756751920847,1.0118329261406895,29.111149072647095
1780859469.8016515,3.9578366399581326,-2.0713853401758717,0.21800951443883032,1.011868656105861,29.131205320358276
1780859469.823149,3.9565282626281886,-2.069533848504144,0.21834929179494827,1.0118788058608699,29.152702808380127
1780859469.8432455,3.955271425006706,-2.0676276687199873,0.21988423420417771,1.0117892748968877,29.172799348831177
1780859469.8664641,3.954121430107608,-2.0657144115346706,0.21881956255275842,1.0115694961119832,29.19601798057556
1780859469.8888314,3.9529535438736123,-2.063813595895448,0.21787110785550404,1.0113721747239781,29.218385219573975
1780859469.90832,3.9517851486243494,-2.061877753128867,0.2186437384809088,1.011179412621587,29.237873792648315
1780859469.9299412,3.9503773656288184,-2.060088239327679,0.21973871365409958,1.0113345124867532,29.25949501991272
1780859469.9513528,3.948769597435047,-2.0584746335293445,0.21868126496438106,1.0118253353699949,29.280906677246094
1780859469.9734328,3.947154898261163,-2.056855752833822,0.21827769341055459,1.0123137840969711,29.30298662185669
1780859469.9957812,3.945750090691642,-2.055093114647536,0.21850634356971588,1.0124845472022672,29.325335025787354
1780859470.016113,3.9447570055970376,-2.053087822870228,0.21824586069189664,1.0120497907605603,29.345666885375977
1780859470.0375977,3.943788452788898,-2.051039671151266,0.2194147105538892,1.011546361540404,29.367151498794556
1780859470.0615425,3.9427568098157324,-2.049063526848346,0.2192010533182169,1.0111504916590972,29.391096353530884
1780859470.0797007,3.9414057324544105,-2.0473146692731947,0.21795455261707106,1.0112553413442544,29.409254550933838
1780859470.104168,3.9400123831007803,-2.045563381545021,0.21816804738477022,1.0114280623469796,29.433721780776978
1780859470.1240814,3.938595772216506,-2.043803182716067,0.2196318845399992,1.0116256981907767,29.453635215759277
1780859470.1464305,3.9372107282621123,-2.042082789157859,0.21858676769900381,1.0118093602186917,29.47598433494568
1780859470.169113,3.9358918847111384,-2.040317402150887,0.2179186436304951,1.011878779730127,29.498666763305664
1780859470.1891236,3.9345746091787586,-2.0385175533584325,0.21891399598753056,1.0119189037147756,29.518677473068237
1780859470.2136023,3.9335069355055863,-2.0365765990390177,0.21935303093201716,1.0116128675268605,29.543156147003174
1780859470.2339036,3.932473658965531,-2.0346560889548018,0.21814477015976685,1.0112705240084399,29.563457489013672
1780859470.2565227,3.93140326151589,-2.032726829362251,0.21849314979337833,1.0109539554121385,29.586076498031616
1780859470.2778158,3.9300077901971804,-2.0310068984729344,0.21868225232521094,1.0111352447150495,29.607369661331177
1780859470.3005352,3.9283759249047816,-2.029442591601144,0.2188061008429857,1.0117607412367748,29.630089044570923
1780859470.3249128,3.926972664741929,-2.0277298513590902,0.21931552414378555,1.012058629162441,29.65446662902832
1780859470.3453012,3.9260284208014435,-2.0257573482370446,0.2187750643560044,1.0116460450472822,29.67485499382019
1780859470.3679783,3.9250665277538244,-2.023794859833578,0.2183890722038413,1.0112414430038221,29.697532176971436
1780859470.3895772,3.923867728921369,-2.021978179035387,0.21831003269765684,1.011206653474237,29.719130992889404
1780859470.4098318,3.9224279194663203,-2.020310561957636,0.2184186394694265,1.0115815207703296,29.7393856048584
1780859470.4323642,3.920866749966968,-2.0187084967427777,0.21924421347029407,1.012135555408511,29.76191806793213
1780859470.4523094,3.919524344727459,-2.0170028390645305,0.2187519112431725,1.0123635737130208,29.78186321258545
1780859470.475805,3.918469072675223,-2.0151248957757506,0.21816687089296272,1.0121291256686797,29.80535888671875
1780859470.5025854,3.917397143877759,-2.0132271473906402,0.21908383539637247,1.0119081773478875,29.832139253616333
1780859470.527221,3.916132840201183,-2.0114788386953673,0.21881339073969874,1.0120252723327745,29.85677480697632
1780859470.5499718,3.9147180996762097,-2.0098384059514953,0.21821891996569265,1.0123841170894377,29.879525661468506
1780859470.569836,3.913341662665507,-2.0081467521005325,0.2189948057961321,1.0126555181151353,29.89938974380493
1780859470.593068,3.912336475734561,-2.0062469398435194,0.21883692616044575,1.0123533385992394,29.922621726989746
1780859470.6211076,3.911453108933452,-2.004283819441218,0.2183549411605018,1.011868142880024,29.950661420822144
1780859470.641656,3.910287333736628,-2.0024965045894323,0.217968582489518,1.011818666279896,29.97120976448059
1780859470.6638687,3.908970044412643,-2.000788617663906,0.21847778413305446,1.0119928093636599,29.993422508239746
1780859470.6842933,3.9073419817372264,-1.999283981416824,0.21879127734977719,1.012659873376113,30.01384711265564
1780859470.7075782,3.9059517926933474,-1.9976430476618332,0.21874047355721254,1.0129781993445395,30.037132024765015
1780859470.730837,3.904947583712882,-1.9957790978533752,0.21810372611385823,1.0126790568525887,30.060390949249268
1780859470.751395,3.903954140376123,-1.9938810200713386,0.21885947071100778,1.0123290523660007,30.08094882965088
1780859470.774073,3.9027292010347105,-1.992145088766687,0.21894819726696846,1.012350158234634,30.10362672805786
1780859470.7970693,3.901289889861895,-1.9905684505912782,0.21818769164251647,1.0127363758026728,30.126623153686523
1780859470.817587,3.899903294412468,-1.9889344876485942,0.21866518059464082,1.0130320479515085,30.147140741348267
1780859470.839261,3.898924808550484,-1.9870647447446692,0.21845709790716036,1.0126769235468718,30.16881489753723
1780859470.8601308,3.8980206344492467,-1.985142004895392,0.2187124491985483,1.0121794210477155,30.189684629440308
1780859470.8825967,3.896726021724624,-1.9834814856236682,0.21827854522828077,1.0123117446376382,30.21215057373047
1780859470.9056501,3.8952990925460895,-1.9818915634601166,0.21863801464097127,1.0126602195688381,30.235203981399536
1780859470.9257152,3.894045654090635,-1.980197466183868,0.2189188216498561,1.0127307448466327,30.255269050598145
1780859470.9490705,3.893064384924541,-1.9783595603886317,0.21829413428713879,1.012368371972923,30.278624296188354
1780859470.969251,3.8920038607306773,-1.9765500081201146,0.2187111981201047,1.0121033093790812,30.298804759979248
1780859470.9925373,3.8905683148326924,-1.9749934624212908,0.21847829372113833,1.0124507900447828,30.322091102600098
1780859471.0158055,3.8891941021894723,-1.9733931804348346,0.2186577634508137,1.012701544493833,30.345359325408936
1780859471.0369718,3.8881874767583064,-1.9715788306681343,0.21833827143811618,1.0123568382282047,30.366525650024414
1780859471.06062,3.8871397403805865,-1.969770639119788,0.21901275037567888,1.0120495415383424,30.39017391204834
1780859471.0818195,3.8858356001990644,-1.9681559753298394,0.2183788247772491,1.012170983309482,30.411373376846313
1780859471.1063786,3.8844808203189887,-1.9665574207723662,0.21863594123667374,1.0123730573696061,30.435932397842407
1780859471.1278758,3.883483129218577,-1.9647479543169284,0.2184733037943163,1.011999794366628,30.45742964744568
1780859471.1490283,3.882517609186816,-1.9629124141650116,0.21872097650757785,1.0115519971660891,30.47858214378357
1780859471.172067,3.881174976489998,-1.9613308545718318,0.21831661693941007,1.0117187969746535,30.501620769500732
1780859471.1920507,3.879801335389143,-1.9597528126080606,0.2188046368491541,1.0119244294303282,30.521604537963867
1780859471.2149408,3.8788294588370062,-1.9579415201389296,0.2186236600310775,1.0114946031797665,30.54449462890625
1780859471.2396653,3.8778583481856472,-1.9561375217416594,0.2182307745346549,1.0110501799643608,30.56921911239624
1780859471.2609577,3.876689302983328,-1.9544486544315145,0.21836355824338505,1.0109114316704861,30.590511560440063
1780859471.2847993,3.875289839529188,-1.9529021914160387,0.21878165549516215,1.01113709192256,30.61435317993164
1780859471.3054972,3.874008483926756,-1.9513001562509287,0.21847068223831773,1.0111921688830199,30.635051012039185
1780859471.3308074,3.8729078031393485,-1.949583497794052,0.21848095143478447,1.0109395576749236,30.660361289978027
1780859471.354661,3.871833606677899,-1.9478470111334074,0.2186613789286734,1.0106307636838174,30.68421483039856
1780859471.3752136,3.870715546597685,-1.946153804996678,0.2184085003282396,1.010395148970126,30.70476746559143
1780859471.3977082,3.869466480905201,-1.9445288125232802,0.21880820871414391,1.010353829402658,30.727262020111084
1780859471.4180229,3.8681560854868318,-1.9429630942136256,0.21852442314268922,1.0104258712983532,30.74757671356201
1780859471.4427967,3.8670681342913658,-1.9412532856636893,0.21854909072163217,1.0101238299928967,30.772350549697876
1780859471.46603,3.8660924492812403,-1.9394740876907264,0.21857914164555878,1.009627379472711,30.795583724975586
1780859471.4869637,3.864992998110668,-1.9377775863359037,0.21858775956068854,1.009324696979947,30.81651759147644
1780859471.5104651,3.863662253201212,-1.9362251084808761,0.21877425342195614,1.0094004687157145,30.84001898765564
1780859471.5350826,3.8625201785614336,-1.9345647715016878,0.21857256622426394,1.009172308827634,30.864636421203613
1780859471.5548933,3.8614573337367215,-1.9328481055736881,0.21882243804864687,1.0087947898432734,30.88444709777832
1780859471.5771348,3.8601333356924212,-1.9313092289579765,0.21856985254899544,1.0088423038841992,30.906688690185547
1780859471.597773,3.8589543412849645,-1.9296781237274556,0.21849953570545372,1.0086521971049542,30.927326917648315
1780859471.6193511,3.857976425729671,-1.9279139880564486,0.2188032789360139,1.0081244620325673,30.948904991149902
1780859471.644183,3.8568441266015094,-1.9262631922575082,0.21849225865431549,1.0078432545222817,30.97373676300049
1780859471.6645927,3.8556176140350944,-1.9246580723216227,0.2189169002291241,1.007699540674393,30.994146585464478
1780859471.6899083,3.8545081667650765,-1.9229998833375073,0.21855038098876922,1.0073732051781317,31.01946210861206
1780859471.7117074,3.853385375775323,-1.921339173519546,0.21871397854901636,1.0070594487347355,31.041261196136475
1780859471.7346106,3.852186525485045,-1.9197349505433738,0.21871804644415482,1.0068668355221675,31.064164400100708
1780859471.7571716,3.8510905684383623,-1.918069507261443,0.21855493450436414,1.0065018158070416,31.08672547340393
1780859471.7793512,3.8500098460453285,-1.9163876078099304,0.21885546963543437,1.0060940109220358,31.10890507698059
1780859471.8028371,3.8487324491474437,-1.9148456450660543,0.21853382911110064,1.0060138207944531,31.13239097595215
1780859471.8234408,3.8475426205532526,-1.9132421607618209,0.21858522554075765,1.0057875526716042,31.152994632720947
1780859471.8460875,3.846565188869544,-1.9115011045724892,0.21890465766147366,1.0052009948112257,31.175641298294067
1780859471.867435,3.8454454281452213,-1.9098671028138035,0.21848535522069423,1.004845413580676,31.196988821029663
1780859471.8901844,3.8442207774971244,-1.9082867799474617,0.21882190785987868,1.0046451307278854,31.219738245010376
1780859471.9124143,3.843108312741351,-1.9066490069665476,0.21855827451121188,1.0042737106635018,31.241968154907227
1780859471.932797,3.8420171348217362,-1.9049861423892183,0.21895671346701878,1.003847551400379,31.2623507976532
1780859471.9552515,3.8408473274955703,-1.9033932160649756,0.218516325386918,1.0035534288263648,31.284805297851562
1780859471.97828,3.8396901003006088,-1.9017742335054226,0.21897010577283318,1.003218050501487,31.307833909988403
1780859471.9984336,3.8386631754563685,-1.9000939270265247,0.2185541316513771,1.0026857753795984,31.32798743247986
1780859472.0221598,3.8375132186134144,-1.8984768488734751,0.21884870219023214,1.0023315697557216,31.35171365737915
1780859472.042665,3.836201402752611,-1.896977485252946,0.21859318147046644,1.0022464535245863,31.37221884727478
1780859472.06698,3.835085710161905,-1.8953467331753395,0.21872654062258584,1.0018291771537564,31.396533727645874
1780859472.0896106,3.83417249820563,-1.8935865071524547,0.21886096533108085,1.0010759422521023,31.419164419174194
1780859472.110012,3.832985315708863,-1.8920134245488833,0.21855350885412494,1.0007642267917465,31.439565896987915
1780859472.132133,3.8317615090258785,-1.8904474065688759,0.2190100493813119,1.0004932715929087,31.461686849594116
1780859472.1527762,3.830675435936875,-1.8888177302523772,0.21849880223617366,1.0000101474644536,31.482330083847046
1780859472.17466,3.829576374523876,-1.8871720965558754,0.21907050971256314,0.9995188706400446,31.50421380996704
1780859472.1960244,3.8284289277238317,-1.8855862194460746,0.21846948517214324,0.9991220367508253,31.525578260421753
1780859472.216219,3.827278036837376,-1.8839758532577324,0.21909371036780126,0.9987099266921042,31.545772790908813
1780859472.2389677,3.8262047891186484,-1.8823439455611195,0.21851474056172387,0.9981846455453738,31.56852149963379
1780859472.2621253,3.8251071245078374,-1.8807035288555027,0.21907801230744897,0.9976693444820715,31.591679096221924
1780859472.281761,3.8238816047627533,-1.8791700576584645,0.21857145262249902,0.9973692073261891,31.61131477355957
1780859472.3078542,3.822681649556408,-1.8776031779350604,0.21890063848963243,0.9970164659270591,31.637408018112183
1780859472.3289607,3.821778214908894,-1.8758530543791767,0.21886742228422396,0.9961864686727608,31.658514499664307
1780859472.352729,3.820661051819368,-1.87424571123171,0.21868109066561517,0.9956901657667743,31.6822829246521
1780859472.3764791,3.819370536934096,-1.872740528169727,0.21894532197495514,0.9954549905555581,31.7060329914093
1780859472.39603,3.818181193212395,-1.8711831845361582,0.21871110518999656,0.9950642595636001,31.725583791732788
1780859472.419223,3.8171846356328647,-1.869490729901479,0.2189194819276272,0.9943516223960955,31.74877691268921
1780859472.4391336,3.8161023528628752,-1.8678598383074847,0.21884188053131265,0.993765063748576,31.76868748664856
1780859472.462962,3.8148584781188744,-1.866331206283902,0.21899946520208485,0.9934309757367004,31.792515754699707
1780859472.4853435,3.813885551859567,-1.864631887523102,0.21885878458221686,0.9926610218606742,31.814897298812866
1780859472.5070374,3.8128237992991902,-1.8629907700280561,0.21873847701314783,0.9920243950402714,31.836591243743896
1780859472.5290124,3.8115531101977425,-1.8614779237614956,0.2189999119935879,0.9917075291545991,31.858566284179688
1780859472.5500076,3.8104019612835094,-1.8598955054010844,0.21887262028245377,0.9912051951117986,31.87956142425537
1780859472.5722542,3.8094119142543277,-1.8582031670954704,0.21900030718938937,0.9904278394764354,31.90180802345276
1780859472.5942173,3.8081185976282033,-1.8567147229705885,0.2188920098297458,0.9901282632130384,31.923771142959595
1780859472.6154041,3.8069808001072545,-1.8551248717909818,0.21874820229332503,0.9895809274792882,31.944957971572876
1780859472.6364174,3.805972239597623,-1.853438239262957,0.21915266185153043,0.9888069587731643,31.96597123146057
1780859472.6567254,3.804848956190832,-1.8518463690550835,0.2187138934537521,0.9882199203292794,31.986279249191284
1780859472.6803799,3.8036679136583302,-1.8502722081734804,0.219154603488571,0.9877036824658258,32.00993371009827
1780859472.7023284,3.8025256788443493,-1.848692446793945,0.21878137009866874,0.9871358535622861,32.03188228607178
1780859472.722602,3.8014373493417573,-1.8470617814848227,0.219010354002001,0.9864651860804345,32.05215573310852
1780859472.7463455,3.8003872467968147,-1.8454137714839494,0.21898335886770348,0.9857304959175677,32.07589936256409
1780859472.7673483,3.799119676261864,-1.843908049499706,0.21894787051931805,0.9853304117746671,32.0969021320343
1780859472.789362,3.7979321323201076,-1.8423521980021096,0.21882838494488743,0.9848030436453445,32.11891579627991
1780859472.8143363,3.7969389443538413,-1.8406577855902326,0.21910738110876277,0.9839533582364766,32.143890142440796
1780859472.8356268,3.7958233395117014,-1.8390548293976168,0.21891789787330368,0.98329261098635,32.165180683135986
1780859472.8584893,3.794643464967774,-1.837487817283663,0.21900251544321148,0.9827262310885239,32.18804311752319
1780859472.8787189,3.7935373884317483,-1.8358709918991398,0.2191660905735786,0.9820345458404782,32.20827269554138
1780859472.9016433,3.792442307775176,-1.834253928447834,0.2189638617389984,0.9813265157385054,32.231197118759155
1780859472.923153,3.791257292343622,-1.83269134686678,0.2189801324316978,0.980750658691866,32.25270676612854
1780859472.9440022,3.7901408816945135,-1.831082657882308,0.21901948330210938,0.9800626410223412,32.27355599403381
1780859472.967004,3.789037279873496,-1.8294655793999153,0.21900258524556757,0.979342934292375,32.296557903289795
1780859472.99243,3.78787231897265,-1.8278872617798927,0.21907224716118148,0.9787159186017274,32.3219838142395
1780859473.0136535,3.7867836016591543,-1.8262569743849155,0.21918850919100755,0.9779573476620289,32.343207359313965
1780859473.035894,3.785567798899116,-1.8247165841748194,0.21907158890733924,0.9773989028702736,32.365447759628296
1780859473.0578682,3.7845200742616982,-1.8230575402943479,0.21915297993050672,0.9765634253810695,32.38742208480835
1780859473.0820293,3.783363792648781,-1.8214733818074689,0.21917183124552492,0.9758924866682239,32.41158318519592
1780859473.106428,3.782182555985137,-1.8199072076087444,0.21909416915204383,0.9752586187479446,32.43598175048828
1780859473.1266701,3.7811344461301624,-1.8182487127405336,0.2190565429214361,0.9744036967303797,32.45622396469116
1780859473.1489775,3.779935536490207,-1.8166905111118457,0.21910021119623185,0.9737813991388187,32.47853136062622
1780859473.171397,3.7788175949874008,-1.8150779891786828,0.21912191703223904,0.9730262686009166,32.50095081329346
1780859473.193965,3.7776709944917926,-1.8134840535610428,0.21912512306030002,0.9723078416176936,32.523518800735474
1780859473.2172084,3.7765878313483037,-1.8118459674092848,0.21912268972554771,0.9714876081434145,32.546762228012085
1780859473.2380347,3.7753761713555205,-1.8102939497158481,0.21917296201281702,0.9708623332714099,32.567588567733765
1780859473.2635646,3.774311510678064,-1.8086440985593826,0.2190696918349675,0.9700009240847738,32.59311842918396
1780859473.2846193,3.773112134483684,-1.8070811021623956,0.21916123132381615,0.969343184513785,32.61417317390442
1780859473.3115377,3.771987567348602,-1.8054688484400865,0.21913872451555425,0.9685596867679589,32.6410915851593
1780859473.3354292,3.770821438122419,-1.8038847080210647,0.2191129735257517,0.9678410927514296,32.66498303413391
1780859473.3576927,3.7696925986225582,-1.802272675951467,0.21913727712308,0.9670500885634148,32.687246561050415
1780859473.3804638,3.768511927264774,-1.8006989066366055,0.21903804152652853,0.9663435324692458,32.710017681121826
1780859473.4009297,3.7674488455268804,-1.799037946993464,0.21913649187147655,0.9654376171325012,32.730483531951904
1780859473.4276323,3.7662583829661145,-1.7974656735085095,0.21920554363448747,0.96473297450353,32.7571861743927
1780859473.453022,3.7651602596610334,-1.7958322696408533,0.21910058319618766,0.9638747748428846,32.782575845718384
1780859473.473009,3.7639785998864608,-1.7942531809795503,0.21913405716263396,0.9631450114159144,32.802562952041626
1780859473.4970133,3.7628359055169747,-1.792645518535944,0.21918059764912187,0.9623454042124511,32.82656717300415
1780859473.5171742,3.761693327024723,-1.7910398395991847,0.2191186019568229,0.9615425380185911,32.84672808647156
1780859473.5400922,3.7605206701274194,-1.7894528017100948,0.21912418189180816,0.9607805168563974,32.869646072387695
1780859473.5635407,3.7593886711818603,-1.78783657446881,0.21912971312215032,0.9599477554057385,32.893094539642334
1780859473.5843244,3.758257650781352,-1.7862192158240942,0.2191139103486794,0.9591097421830739,32.913878202438354
1780859473.6084032,3.7570648051420448,-1.7846444288800423,0.2191054977883313,0.9583614088799433,32.93795704841614
1780859473.6329923,3.7559465083059944,-1.78301622435475,0.21910506501327617,0.9574870256079695,32.9625461101532
1780859473.6552138,3.7547953483920815,-1.7814102999204477,0.219125420370955,0.9566616785150241,32.98476767539978
1780859473.6790123,3.7536235867961474,-1.7798181571256426,0.21913206906012955,0.9558636644127443,33.00856614112854
1780859473.6990063,3.7524924803500133,-1.778196083656436,0.21915932600961685,0.9549948244559872,33.028560161590576
1780859473.7231174,3.7513082852575677,-1.7766129251694767,0.2191066466170169,0.9542112272313776,33.05267119407654
1780859473.7461178,3.7501649541315416,-1.7749981095077147,0.21913623509813643,0.9533527436917506,33.075671672821045
1780859473.7654057,3.749023332243588,-1.7733823662122778,0.21911746011516028,0.9524893636635836,33.09495949745178
1780859473.7867737,3.7478443490178965,-1.7717935918983263,0.21907865075540697,0.9516832726118096,33.11632752418518
1780859473.808725,3.74670707413843,-1.7701716839063577,0.21914915873469074,0.950797535860163,33.13827896118164
1780859473.8323288,3.745506465411036,-1.7685974408441116,0.2190849713575354,0.9500133073996277,33.161882638931274
1780859473.8545508,3.744371972583061,-1.766973943236545,0.21908372767174045,0.9491150183333836,33.184104681015015
1780859473.8751814,3.7432418772915796,-1.765347140295321,0.21906205925166558,0.9482081951329295,33.20473527908325
1780859473.8966026,3.7420326522933727,-1.7637747764970022,0.21911754745879228,0.9474201820559394,33.22615647315979
1780859473.916988,3.7409038166789377,-1.7621472025800584,0.2190450031119765,0.9464984224805848,33.24654173851013
1780859473.9390764,3.739702191763761,-1.7605694395081048,0.21906356416132192,0.9456879630873312,33.268630266189575
1780859473.9616745,3.7385476415747134,-1.7589573547911361,0.21911446525570716,0.9448000552130331,33.29122829437256
1780859473.985671,3.73744874023234,-1.7573064222607555,0.21904747135317756,0.94381678845249,33.31522488594055
1780859474.0063512,3.7361983641515395,-1.7557615589002216,0.21912306933187062,0.9430681575104316,33.33590507507324
1780859474.027504,3.735114351835101,-1.7540997076921525,0.21902565455034162,0.9420460325711897,33.35705780982971
1780859474.0528545,3.7338680792289103,-1.7525504087783235,0.219161376061777,0.9412827249223419,33.38240838050842
1780859474.075867,3.732753397089022,-1.7509115351497968,0.21904516472669058,0.9403075862981893,33.405420780181885
1780859474.0967233,3.7315496296302566,-1.7493373348126229,0.21888650786282432,0.93946766522944,33.42627716064453
1780859474.119688,3.7303796035813583,-1.7477293654619577,0.2191266002797874,0.9385624616524488,33.44924187660217
1780859474.140922,3.729313813654594,-1.7460551041004506,0.21894723040378652,0.9374873903881564,33.470475912094116
1780859474.164351,3.7280483447965596,-1.7445194620770912,0.21911257821748825,0.9367322417220905,33.49390482902527
1780859474.186721,3.726853527462601,-1.7429413982097062,0.21885216505596097,0.9358684279263203,33.51627492904663
1780859474.2075593,3.725718947217057,-1.7413103488475432,0.2189363681487225,0.9348898415908033,33.537113189697266
1780859474.2315145,3.724600472604891,-1.7396701387581852,0.21899130492548083,0.933883394684841,33.561068296432495
1780859474.2520635,3.723319129737349,-1.7381531404445987,0.21885964906190367,0.9331443814494556,33.58161735534668
1780859474.2761242,3.7221139005852426,-1.7365790335566973,0.2188071752325841,0.9322811586031499,33.60567808151245
1780859474.298237,3.7210573132993567,-1.7348885285302384,0.21898267340494268,0.9311594432615617,33.62779092788696
1780859474.318739,3.719957165316629,-1.7332385622786846,0.2188767385548659,0.93010973181749,33.648292779922485
1780859474.3409972,3.7186259865986764,-1.7317559451045896,0.21895584235500587,0.9294363371321452,33.67055106163025
1780859474.3613267,3.717470259778189,-1.7301470035209894,0.2188280903256972,0.9284800888998284,33.69088053703308
1780859474.3911264,3.716400259690319,-1.728467173260536,0.21902897387459763,0.9273643147678925,33.720680236816406
1780859474.4137375,3.7150485905473953,-1.7270064522240713,0.21890109746752956,0.9267175407273314,33.74329137802124
1780859474.4348946,3.713894427832932,-1.7253982971934423,0.21877460008883381,0.9257422736862955,33.764448404312134
1780859474.4569504,3.7128411475379854,-1.7237088531443678,0.21882690487185374,0.9245904543158732,33.78650426864624
1780859474.4800484,3.71173732878607,-1.7220610574161728,0.21881327488989144,0.9235225948043286,33.8096022605896
1780859474.5012932,3.7104015478254877,-1.720584668493502,0.21897563544335652,0.9228331268946217,33.8308470249176
1780859474.5230691,3.709239964888919,-1.7189853358928164,0.21874975423784335,0.9218565596287389,33.852622985839844
1780859474.543267,3.7081500955281523,-1.7173225087317427,0.21897752572993048,0.920744804076489,33.87282085418701
1780859474.5652745,3.7067968143917933,-1.7158693383772732,0.2188004460658436,0.920085293444286,33.89482831954956
1780859474.5895948,3.705587498419344,-1.7143058618466027,0.2187231932095627,0.9191822622908834,33.919148683547974
1780859474.6083326,3.704550230731194,-1.7126026836980512,0.21900586884361228,0.9179670052477347,33.937886476516724
1780859474.6318126,3.703412855130837,-1.710992177641843,0.21864121508807025,0.9169302555469985,33.961366415023804
1780859474.6520066,3.7021435583689692,-1.7094672684965293,0.21892821835191692,0.9161037922373652,33.981560468673706
1780859474.6751015,3.7008663841980365,-1.707962942776501,0.218706287645693,0.9153058165446559,34.00465536117554
1780859474.696669,3.6997707811470755,-1.706309983418781,0.21888581222898293,0.9141817785621917,34.026222944259644
1780859474.7198424,3.6987131430028812,-1.7046378345156386,0.21864253025251315,0.9129861340705991,34.049396276474
1780859474.7433383,3.69747293524598,-1.7030996825013445,0.21874148863683446,0.9120950397707919,34.07289218902588
1780859474.7680638,3.69622223975138,-1.7015696342722744,0.21886321513709728,0.9112270649110545,34.097617626190186
1780859474.7911165,3.6951548456504058,-1.699903653779066,0.2188116083655255,0.9100414125576162,34.120670318603516
1780859474.8137105,3.693845711444132,-1.6984245238461475,0.21882909192306266,0.9092596265838306,34.143264293670654
1780859474.833989,3.6927453620268063,-1.6967855237040228,0.218751751430293,0.9081252464620899,34.16354274749756
1780859474.857148,3.691603225554349,-1.695182168061581,0.21860117365856335,0.9070581066335883,34.18670177459717
1780859474.877774,3.69029478031979,-1.6937009403777108,0.21879500370667518,0.90627233340477,34.2073278427124
1780859474.901224,3.689039638287404,-1.6921893593618733,0.21861811056209554,0.9053997977636019,34.230777740478516
1780859474.9247057,3.6879717192644077,-1.6905228105919634,0.2188135205363421,0.9041920808527486,34.25425958633423
1780859474.9446595,3.68682067004011,-1.6889315919617924,0.21861589802633308,0.9031303151643453,34.2742133140564
1780859474.967143,3.6855595206262777,-1.6874170375257298,0.21890189222512907,0.9022558196507351,34.29669690132141
1780859474.9872417,3.684441702068302,-1.6858043959373243,0.21865426904998492,0.9011430137000538,34.31679558753967
1780859475.0093622,3.6832061406144465,-1.6842788329920297,0.21865388211283557,0.9002117946896373,34.338916063308716
1780859475.0308354,3.6819740145745325,-1.6827526893440077,0.21865318956876353,0.8992814157707611,34.3603892326355
1780859475.052079,3.6808994588872093,-1.6810974167995099,0.21888612663975188,0.8980664275358574,34.381632804870605
1780859475.0764751,3.679631339965847,-1.679609203003171,0.21862902710143897,0.8972018266448814,34.40602898597717
1780859475.097142,3.6784827050050453,-1.6780195687068786,0.2186618225603132,0.896115440700763,34.426695823669434
1780859475.1198838,3.677348787651144,-1.6764209744931935,0.2186298226844227,0.8949867807300897,34.449437618255615
1780859475.142494,3.6760543488609003,-1.6749480906289416,0.21882311761080808,0.8941444527971072,34.47204780578613
1780859475.1627274,3.6750180384112703,-1.6732791496532633,0.21858706541793965,0.8928561471782448,34.49228119850159
1780859475.1857724,3.673861588105258,-1.6717051809883319,0.21847744454329432,0.8917739108489808,34.515326261520386
1780859475.2104878,3.6725220337894093,-1.6702696127885992,0.21880857037884258,0.8909893749109887,34.54004168510437
1780859475.227778,3.671373523140535,-1.668696198910029,0.21852688450381874,0.8898838189938942,34.557331800460815
1780859475.2550554,3.6702365906112373,-1.6671033659568582,0.21872875774294695,0.8887426684198001,34.584609270095825
1780859475.2750318,3.668898592233176,-1.6656853428423193,0.21852050739010118,0.8879742813876623,34.60458564758301
1780859475.2965615,3.667732805357621,-1.6641222657055141,0.21861636663928707,0.8868849414789883,34.62611532211304
1780859475.3201725,3.6666823281104977,-1.6624657106806087,0.21871914796723324,0.8855752837042239,34.64972639083862
1780859475.3398027,3.6653775479129402,-1.6610242882062405,0.21862895226900833,0.8847282233274569,34.66935658454895
1780859475.362337,3.6642829240864696,-1.6594106252992318,0.21857686492698078,0.8835094750174326,34.69189095497131
1780859475.383324,3.6631170025982285,-1.6578591098328812,0.21844462066998172,0.882415048744571,34.71287775039673
1780859475.406625,3.6618268876175,-1.6564023511328034,0.21866208374672821,0.8815232323918281,34.73617887496948
1780859475.4292984,3.6606201571745354,-1.6548908160893403,0.21847673202369225,0.8804904124962043,34.75885224342346
1780859475.4495869,3.6595451979954405,-1.6532636913295995,0.21854560056461084,0.8792156437887328,34.77914071083069
1780859475.471482,3.6584175526618234,-1.6516875867535157,0.2184484519916043,0.8780396364456031,34.80103588104248
1780859475.491405,3.657092057744437,-1.650268446702863,0.2186724455730972,0.8772093271772992,34.820958852767944
1780859475.5138073,3.655882578654092,-1.648767366244386,0.21841900570762793,0.8761733646728391,34.843361139297485
1780859475.535167,3.6547845136045076,-1.6471638111758242,0.21858233206974167,0.8749248967606036,34.864720821380615
1780859475.5578284,3.653642232716851,-1.6456073500893884,0.21846029340664738,0.8737638169099888,34.88738226890564
1780859475.5787964,3.6523310268694478,-1.64418634901277,0.21862636514437614,0.8729066918746167,34.908350229263306
1780859475.5990763,3.6511197979282364,-1.6426903737615839,0.2185464792656142,0.8718604090033812,34.928630113601685
1780859475.621575,3.650045427750491,-1.641074957476993,0.21868214132002206,0.8705472793221576,34.95112895965576
1780859475.6432786,3.6487453952211775,-1.6396587435364947,0.21853783998225548,0.8696549998486569,34.972832441329956
1780859475.6636546,3.647597582380917,-1.6381108169453815,0.21860572373237822,0.8684855306795667,34.99320840835571
1780859475.686883,3.646496023969528,-1.6365307874155604,0.21844522503868583,0.8672344668302152,35.01643681526184
1780859475.7083235,3.645214684245797,-1.6350962052275584,0.21864286203009312,0.866279713830262,35.037877321243286
1780859475.7308784,3.644089693752014,-1.6335393011647381,0.21850740048654083,0.8650527959605157,35.06043219566345
1780859475.754443,3.64285031292795,-1.6320760956868925,0.2185613157572338,0.8640270841364472,35.08399677276611
1780859475.7753499,3.6415856708796386,-1.6306432313913197,0.21838344571533694,0.8630631071902615,35.10490369796753
1780859475.7977562,3.6404910389821596,-1.6290568346681467,0.21858292391157122,0.8617587412539436,35.127310037612915
1780859475.8179517,3.639350553696984,-1.6275206493188774,0.21841109568486064,0.8605196956474721,35.14750552177429
1780859475.8425672,3.6381019805201524,-1.626069718293836,0.21860490413587494,0.8594787882105352,35.17212104797363
1780859475.8643472,3.6369187803364964,-1.6245732462935663,0.21853326579567364,0.8583278727281165,35.19390106201172
1780859475.8851101,3.635792928873313,-1.6230285994897413,0.21840250031735456,0.8570738054719564,35.21466398239136
1780859475.9066148,3.6344273826489957,-1.6216796277338623,0.2186710267274108,0.8556923875916151,35.23616862297058
1780859475.9322815,3.6333664202187816,-1.6200736343638968,0.21832909921070215,0.8537082567658381,35.26183533668518
1780859475.9508698,3.6322321968006976,-1.618510269067774,0.2184663292311027,0.8518439834172487,35.280423641204834
1780859475.9738626,3.630839595046085,-1.6171693812013552,0.21848339016050183,0.8504699320963232,35.30341649055481
1780859475.9937465,3.6296200524107363,-1.6156633148764008,0.21863127657469944,0.8487702135566693,35.3233003616333
1780859476.0170972,3.628593084177364,-1.6139926870407133,0.21833060708052357,0.8467104898498405,35.34665107727051
1780859476.0408509,3.627345102727172,-1.6125045724161515,0.21821144708206724,0.8450617876064053,35.3704047203064
1780859476.0594478,3.625910222779906,-1.6111621878260245,0.21855267693963745,0.8437515126147712,35.3890016078949
1780859476.0814512,3.624610071448806,-1.6097039274641576,0.21840863943406258,0.8422092147808904,35.4110050201416
1780859476.1017995,3.62348827228009,-1.6080741414668884,0.21854399740453398,0.840315510178538,35.43135333061218
1780859476.1254056,3.6222081923234963,-1.6065824288791128,0.21841540295086925,0.8387196002398847,35.45495939254761
1780859476.1487231,3.6208191079123866,-1.60517801821645,0.21850031763672922,0.8373318494160698,35.47827696800232
1780859476.168756,3.6196851212699377,-1.6035378516801895,0.21845522414948035,0.8354682524210482,35.49830985069275
1780859476.1912336,3.6185028778779453,-1.6019353329096213,0.21833182613739202,0.8336879194415854,35.520787477493286
1780859476.2114804,3.6171231432848447,-1.600497910235939,0.2185365054152596,0.832272512256397,35.54103422164917
1780859476.2330632,3.615784101146578,-1.599024425102987,0.21831603681637177,0.8307899608188745,35.56261706352234
1780859476.2562087,3.6145199087317637,-1.5974704451898147,0.2183908719091306,0.8291597400106436,35.58576250076294
1780859476.276134,3.6132792207020237,-1.59588514098303,0.21844759173136805,0.8274837393857553,35.605687856674194
1780859476.2986264,3.6120257107460074,-1.5943138518898354,0.21825768856565708,0.8258354184497643,35.628180265426636
1780859476.3193471,3.610682657949721,-1.5927990690782756,0.2186775979005023,0.8243339662848337,35.64890098571777
1780859476.3410068,3.609280338902583,-1.5913576537301255,0.2182286395845009,0.8229714546323574,35.67056059837341
1780859476.3624654,3.6079908777602703,-1.5897823059110103,0.21853585476004894,0.8213774749049563,35.69201922416687
1780859476.3827822,3.606896120875414,-1.5880268289872823,0.21855021877554695,0.8194147664502287,35.71233606338501
1780859476.40578,3.6055142452255087,-1.5865409556264096,0.21822128868012322,0.8179989985874023,35.73533391952515
1780859476.4266028,3.6040772071760196,-1.5850744970424613,0.21882759229921966,0.8166655609005673,35.75615668296814
1780859476.4486516,3.602754645875316,-1.583527071520228,0.21818997871209977,0.8151464770616501,35.77820539474487
1780859476.471784,3.6014518729412743,-1.5819215792077197,0.21878086160802915,0.813557536236365,35.8013379573822
1780859476.4919827,3.60017600639459,-1.5803105439413052,0.2183217808499604,0.8119388261099383,35.82153654098511
1780859476.5170224,3.5988314113647975,-1.5787347104212701,0.21875094485072244,0.8104187096925326,35.84657621383667
1780859476.5370102,3.59737169110274,-1.5772800759424346,0.21846261825480395,0.8091401594030856,35.86656403541565
1780859476.5582597,3.5960709568752685,-1.5756591755289413,0.21843544650649788,0.8075517218824153,35.887813568115234
1780859476.5802712,3.594814075303087,-1.5739812105356579,0.21868065518505472,0.8058666522378211,35.90982508659363
1780859476.6003623,3.593404420013979,-1.5724577873198875,0.21842671434225172,0.804482650377623,35.92991614341736
1780859476.6217456,3.592026007716794,-1.5708834396826503,0.2186027860311932,0.8030243548461051,35.95129942893982
1780859476.6456301,3.590713144769133,-1.5692435370882751,0.21869726345908505,0.8014421355268917,35.975183963775635
1780859476.6631172,3.58930183276398,-1.5676974356702673,0.21849904523851638,0.8000540768244342,35.99267101287842
1780859476.6845756,3.5879214818557807,-1.5661016595749033,0.21876673524976778,0.7985969368051977,36.014129400253296
1780859476.70485,3.586650279603071,-1.5644061795369302,0.21853818749227955,0.796925722756832,36.034403800964355
1780859476.727976,3.5851959583682182,-1.5628731643815248,0.21865387347309945,0.7955974046317174,36.05752992630005
1780859476.7496572,3.583771942706945,-1.5613049526006468,0.21865889135429925,0.7942181452192951,36.07921099662781
1780859476.7702196,3.582479541161847,-1.5595996956420346,0.21872050672343057,0.7925760640565329,36.09977340698242
1780859476.7934232,3.580946085537773,-1.5581272995551065,0.21867985669007742,0.7914000976269921,36.12297701835632
1780859476.8136675,3.579598747472893,-1.5564637191335096,0.21859687002660058,0.7898599055398154,36.143221378326416
1780859476.8381748,3.5782488356792777,-1.5547895827691196,0.21873578447355815,0.7883107730202514,36.167728662490845
1780859476.8612654,3.5767097178332143,-1.5533011535920997,0.21870188384483585,0.7871370969419926,36.19081926345825
1780859476.8813496,3.5753751610317757,-1.5516002283266161,0.21873293095363056,0.7855646527446085,36.21090340614319
1780859476.9032347,3.573988459508968,-1.5499479555097038,0.21856006142299486,0.7840830948389259,36.23278856277466
1780859476.9263558,3.5725221580358086,-1.5483548880829565,0.21890510202951746,0.7827395194748892,36.25590968132019
1780859476.9482887,3.571080524350025,-1.5467493089195503,0.21855533228829968,0.7813666601671017,36.27784252166748
1780859476.9702702,3.5696781352994216,-1.5450798334263718,0.21876371179557397,0.7799005078899786,36.29982399940491
1780859476.9899633,3.5683049233315054,-1.5433832017620945,0.21872299342444826,0.7783826515399275,36.31951713562012
1780859477.0131967,3.5667470789949856,-1.5418632174020914,0.21869997015726073,0.7772036114653904,36.342750549316406
1780859477.033472,3.5652143400797187,-1.540317048219934,0.21848622233159073,0.775986308365038,36.36302590370178
1780859477.0572212,3.5638449140788877,-1.538585924036596,0.21866424575533905,0.7744398966608639,36.38677501678467
1780859477.080134,3.562517946780217,-1.5368040193247385,0.21880073325250785,0.7728058641494044,36.409687757492065
1780859477.1019487,3.561025533743223,-1.5351960965223108,0.2185818427963903,0.7714977489706083,36.4315025806427
1780859477.124922,3.559470276395551,-1.533630020035712,0.2188378247180302,0.7702925939654257,36.45447587966919
1780859477.1449876,3.557947078341499,-1.5320402017777246,0.21860050782806925,0.7690400130119546,36.474541425704956
1780859477.1689,3.556564141159742,-1.530281031804309,0.21889252157400318,0.7675014812373107,36.498453855514526
1780859477.191927,3.5552237443143246,-1.5284885961993742,0.21855492433766893,0.765886937771338,36.52148079872131
1780859477.2163672,3.5536988549971733,-1.5268681647640745,0.21864416994135738,0.7646068209945422,36.545921087265015
1780859477.2385435,3.552045439938778,-1.525367867629258,0.2189460330182086,0.763571326966046,36.56809735298157
1780859477.2587419,3.5505301025628,-1.523734476777688,0.21862824311034879,0.7622847123406,36.588295698165894
1780859477.282906,3.549132258468804,-1.521950984502972,0.2189686642244649,0.7607513091076559,36.612459897994995
1780859477.3054752,3.547720939251084,-1.5201926602151896,0.21865024329602056,0.7592441352736206,36.63502907752991
1780859477.327056,3.5461434679929997,-1.5185873893239603,0.21883747268043477,0.7580420909207923,36.656609773635864
1780859477.351128,3.544523379728011,-1.5170195502147934,0.21902323591249517,0.7569278666608312,36.68068194389343
1780859477.376345,3.543157388283035,-1.5151844615863936,0.21889487412155825,0.755324188254356,36.70589876174927
1780859477.3966606,3.541587964343184,-1.5135561566677145,0.2187719821630942,0.7541029671512591,36.72621440887451
1780859477.4182663,3.5399533638778258,-1.5119753993676053,0.21919047591641422,0.7529934152062463,36.747820138931274
1780859477.438597,3.538544838667768,-1.5101672197637537,0.21881891701725067,0.7514624223996282,36.768150806427
1780859477.4623208,3.537032592030061,-1.5084525386022265,0.21878174679034984,0.7501166350864779,36.7918746471405
1780859477.485617,3.535382946811932,-1.5068656257411253,0.2191817863201624,0.749027432508921,36.815170764923096
1780859477.5082304,3.5338120328116505,-1.5052106063938102,0.2187242521791671,0.7477987370542305,36.83778429031372
1780859477.5319383,3.532291364890077,-1.5034670359442257,0.21919540938155563,0.7464434357492049,36.86149215698242
1780859477.5533593,3.53082843063016,-1.5016767314661215,0.2188699093812023,0.7449949171157204,36.88291311264038
1780859477.5772443,3.5291996773848577,-1.5000449108161011,0.21898713446321508,0.7438503448311238,36.906798124313354
1780859477.600036,3.527584333196566,-1.498389560275482,0.21913148316955414,0.7426772875821488,36.92958974838257
1780859477.620751,3.5261451101049266,-1.4965433822195442,0.21897156241999247,0.7411575013932667,36.95030474662781
1780859477.6451523,3.5245228605893084,-1.4948818127277694,0.21908759103288644,0.739984335076981,36.974706172943115
1780859477.6649885,3.5228046138147957,-1.4933245216819813,0.21889561707083663,0.739004129628654,36.994542360305786
1780859477.690727,3.521204276928479,-1.4916228115456467,0.21899477994708563,0.7377845563364813,37.020280838012695
1780859477.7143643,3.519742317156585,-1.4897557974702706,0.21926333609946522,0.7362786638219454,37.04391813278198
1780859477.7350018,3.518121971356418,-1.4880724090962554,0.21894906211389217,0.7350925582761985,37.064555644989014
1780859477.7605512,3.51647408493531,-1.4863952254962551,0.21916340656309655,0.7339451508666777,37.090105056762695
1780859477.7811723,3.51490124700681,-1.4846363220503607,0.21913266897034295,0.7326570936729464,37.11072611808777
1780859477.8052337,3.513292933565404,-1.4829092725568156,0.2190001958377348,0.7314260599636526,37.13478755950928
1780859477.8297586,3.511653850535869,-1.4811970521372326,0.21929453381791825,0.7302386519042416,37.15931248664856
1780859477.8500245,3.5100229994367824,-1.4794839092474839,0.21905690744888132,0.7290487562204451,37.17957830429077
1780859477.8728738,3.508416099532617,-1.4777265388684584,0.21908027135906183,0.7278010278086136,37.20242762565613
1780859477.8931615,3.5068164039379806,-1.4759496344080163,0.21930276618193925,0.7265285471789404,37.22271537780762
1780859477.916924,3.5051021598604786,-1.474304987062565,0.21906193451745978,0.7254805126293968,37.24647784233093
1780859477.9412568,3.503466117422483,-1.4725548625576483,0.21915546064294408,0.724272744642267,37.27081060409546
1780859477.9612186,3.5018720879192413,-1.4707469546554837,0.21933095602433825,0.7229718319214911,37.290772438049316
1780859477.9833753,3.500120575199161,-1.469121614953545,0.21906945912430348,0.7219904024920094,37.31292915344238
1780859478.003411,3.498506530324255,-1.4673213739273367,0.21918817986568084,0.7207232727119113,37.33296489715576
1780859478.0251966,3.4969094005597468,-1.465497753564793,0.21912391795305203,0.7194191211166352,37.35475039482117
1780859478.0479407,3.4952071641605436,-1.4637773147499626,0.21941409460976424,0.7183091221847437,37.37749457359314
1780859478.0724669,3.4934759167137575,-1.4620976571140545,0.21912760561497127,0.7172689137843724,37.40202069282532
1780859478.0956993,3.491859331721424,-1.460264905563037,0.21930307171865382,0.7159824925447431,37.42525315284729
1780859478.1178474,3.4902139636055063,-1.4584664800738945,0.21916142347001816,0.7147387930545026,37.44740128517151
1780859478.1380365,3.488431236651521,-1.4568087053329462,0.2193230761182988,0.7137528454874094,37.46759033203125
1780859478.1599395,3.486750100867973,-1.4550314653463752,0.2193022745883457,0.7125748434461832,37.48949337005615
1780859478.1804745,3.4850922233634667,-1.4532196797615518,0.21923678602884278,0.7113450679949302,37.51002836227417
1780859478.2029757,3.483350775525858,-1.4514897859659515,0.21940871885241814,0.7102590939078439,37.53252959251404
1780859478.225889,3.481671093729209,-1.44968595388353,0.2194228205826632,0.7090513422867062,37.555442810058594
1780859478.2463062,3.47992375507245,-1.4479544378621658,0.21933808161238208,0.7079742208676159,37.575860023498535
1780859478.2693045,3.4782396888278724,-1.4461399979045644,0.21926934993523736,0.7067722879088674,37.59885835647583
1780859478.2900352,3.4764746328647846,-1.4444081407786113,0.21935607243408287,0.7057147765977732,37.61958909034729
1780859478.3135197,3.4747164789635647,-1.442666448053451,0.2192200803664078,0.7046420669949267,37.64307355880737
1780859478.3347511,3.4730533975427753,-1.4407964585610822,0.21933939184292273,0.7033708031108148,37.664304971694946
1780859478.3552048,3.471328208364197,-1.4389957497689974,0.21936720339255394,0.7022206757321854,37.68475866317749
1780859478.3780024,3.4694887185718057,-1.4373185223101443,0.21949077374952886,0.7012915933081771,37.70755624771118
1780859478.3980615,3.4678341507555683,-1.435421357004877,0.21936554902298466,0.6999986420872926,37.72761535644531
1780859478.4218566,3.4660236671211013,-1.4336945116751545,0.21949689050111876,0.6989970679810291,37.751410484313965
1780859478.4440658,3.4642246201016738,-1.4319546209818772,0.21929397164359832,0.6979814082660099,37.773619651794434
1780859478.4642634,3.46251939048027,-1.4300863896913585,0.21937738597810455,0.6967713802590785,37.79381728172302
1780859478.4861188,3.4607461093952163,-1.4282941977665273,0.21940005469799806,0.6956912293948019,37.815672636032104
1780859478.507307,3.458929895524832,-1.4265438900927476,0.2194316174098488,0.6946917818330522,37.83686089515686
1780859478.5327687,3.4571883059502957,-1.424699844707088,0.21936480117989177,0.6935410924139749,37.86232256889343
1780859478.5545971,3.4553434819408095,-1.4229662976441344,0.2194736328791792,0.6925888531994904,37.884150981903076
1780859478.574865,3.4535923484023265,-1.421114786598029,0.21953386005708234,0.6914508773550363,37.9044189453125
1780859478.599322,3.4517527341567766,-1.419368641603825,0.21932643040468427,0.6904851077749301,37.92887592315674
1780859478.6200316,3.4499790129676478,-1.4175250197375087,0.21944536350783803,0.6893777505777905,37.94958543777466
1780859478.6472905,3.448214927716156,-1.4156708233051722,0.219299879738303,0.6882526980208477,37.9768443107605
1780859478.6689286,3.4463150454032583,-1.4139643604876992,0.2194446951195649,0.6873844787401282,37.99848246574402
1780859478.6887245,3.4444783078677856,-1.4121819168575205,0.2193278913462399,0.6863989416085694,38.01827836036682
1780859478.7109783,3.442749727336043,-1.4102519538982152,0.21943932014693618,0.6851813010596937,38.04053211212158
1780859478.7311854,3.440943340208264,-1.4084148562924443,0.21940784596059965,0.6841179790902103,38.060739278793335
1780859478.7546113,3.4389947682480577,-1.4067376090485302,0.2195929242555075,0.6833284666982289,38.08416509628296
1780859478.7755802,3.4372624217198124,-1.4047972926601593,0.21941883253590025,0.6821196823908,38.10513401031494
1780859478.7965584,3.435426148840778,-1.4029746144722888,0.21935469605236899,0.681104116292583,38.12611222267151
1780859478.8188384,3.4334727113992343,-1.401278720685442,0.21962720833675684,0.6803073226061453,38.14839220046997
1780859478.8458843,3.431725510112205,-1.3993345537650421,0.21941642223510785,0.6791134134879311,38.17543816566467
1780859478.8671541,3.4298697689800672,-1.3975116069601308,0.2194122569216076,0.6781227018653979,38.19670796394348
1780859478.8931847,3.4278959003492826,-1.3958218185260451,0.21959545519263024,0.6773600561776796,38.22273850440979
1780859478.9137535,3.4261130046242103,-1.3939008072002064,0.21935031784766404,0.6762246783812156,38.24330735206604
1780859478.9356945,3.4242077647374987,-1.3921137954637706,0.21945038078719278,0.67531345390511,38.26524829864502
1780859478.9571116,3.422278094068244,-1.3903574733238642,0.2193081432472775,0.674462415783962,38.28666543960571
1780859478.977843,3.4204599978678356,-1.3884414259116213,0.21961005800540323,0.6733709307178115,38.30739688873291
1780859478.9992173,3.4186048067131916,-1.3865815213808106,0.21937663065687926,0.672363567260108,38.328771114349365
1780859479.0203326,3.416627392202725,-1.3848578092783523,0.21943102441278256,0.671587086412158,38.349886417388916
1780859479.043636,3.4147225308423637,-1.3830388626995742,0.21943078642989952,0.6706683942156744,38.37318992614746
1780859479.0656896,3.4129080752685215,-1.3810940491377142,0.219575524455549,0.669557297622978,38.395243406295776
1780859479.0867069,3.4109294963634755,-1.3793566637066046,0.21951368044292144,0.66878043601423,38.416260719299316
1780859479.1086967,3.4091127537992176,-1.377406141179138,0.21945604937636765,0.6676731254598245,38.43825054168701
1780859479.1297874,3.4072053039915837,-1.375563611655992,0.21942476498285673,0.6667404015404923,38.459341287612915
1780859479.1537142,3.405194631861478,-1.3738404667104442,0.21954443814221375,0.6660116621906145,38.48326802253723
1780859479.174754,3.403329046050318,-1.371930688242407,0.21955403483062272,0.6649912667573208,38.50430774688721
1780859479.195059,3.401384188946101,-1.3701205118290445,0.2193429892718639,0.6641300868775097,38.52461290359497
1780859479.2172532,3.3994426331707848,-1.3682896631470758,0.21945195965846842,0.6632501027925173,38.546807050704956
1780859479.2373743,3.3975455622151194,-1.3663975292812112,0.21957059825075692,0.662277503791584,38.56692814826965
1780859479.2600212,3.3955645675785338,-1.3646163640517635,0.21929965524648667,0.6614814358596259,38.58957505226135
1780859479.2837234,3.3936271572016343,-1.3627572487291217,0.2195645171261938,0.6605827834859372,38.613277196884155
1780859479.3044693,3.391767817402254,-1.3608066492123354,0.21931925604198896,0.6595283518385333,38.63402318954468
1780859479.328536,3.3897508705226254,-1.3590426186606535,0.21944637776389786,0.6587819087946061,38.65808987617493
1780859479.3481333,3.3877836259221015,-1.3572107994841835,0.21943975937318444,0.65793948288119,38.67768716812134
1780859479.3747845,3.3858854392432005,-1.35528739132803,0.21933921222172745,0.6569507128533969,38.70433831214905
1780859479.3973665,3.3838379077392466,-1.3535426757879634,0.21952388278700904,0.6562564295548707,38.72692036628723
1780859479.4179657,3.381853813234874,-1.3517182504163971,0.21943652352345389,0.6554398338757554,38.74751949310303
1780859479.4418066,3.379941377346059,-1.3497895346901103,0.2194896248869949,0.6544645258959907,38.77136039733887
1780859479.4640744,3.377915575745444,-1.3480048085850684,0.21950594759436828,0.6537242060912503,38.793628215789795
1780859479.4871647,3.3759956493551075,-1.3460793318826825,0.2193959402358456,0.6527646617265948,38.81671857833862
1780859479.509169,3.3739706932045,-1.34427796277754,0.21952610062529526,0.6520109456035037,38.838722944259644
1780859479.5310276,3.372011245185342,-1.3423916765301627,0.21945786285673824,0.651124308258133,38.860581398010254
1780859479.5529985,3.370002461096385,-1.3405613279645003,0.21947682497683868,0.6503353720623437,38.8825523853302
1780859479.578199,3.368004730628133,-1.3387102829820916,0.21948636858605933,0.6495188475153597,38.90775275230408
1780859479.5974917,3.3660145337151683,-1.3368471661301733,0.2194324372803359,0.6486863448376212,38.927045583724976
1780859479.62106,3.3639820957479283,-1.3350317993597491,0.21943071634296987,0.6479341592901413,38.95061373710632
1780859479.6411815,3.3620175038315163,-1.3331223219612256,0.2194157014057286,0.6470396116213646,38.97073531150818
1780859479.6653113,3.3599726662087983,-1.3313115116142302,0.2194550550576801,0.6463062751117938,38.99486517906189
1780859479.687707,3.357976360482314,-1.3294339074108008,0.21941192514792116,0.6454722795894199,39.017260789871216
1780859479.7077844,3.35595416918838,-1.327585723510881,0.21936778981819766,0.6446901131847351,39.03733825683594
1780859479.7305486,3.3539312355883646,-1.325732319607634,0.21935183674140726,0.6439051367551656,39.060102462768555
1780859479.7508166,3.3519039835959257,-1.3238750116446385,0.21950387094489943,0.6431226453114771,39.08037042617798
1780859479.7734447,3.3498934199556385,-1.3219967062826632,0.21948204696352439,0.6423072538554129,39.10299849510193
1780859479.7955053,3.3478120599624903,-1.3202093070732064,0.2193940301649514,0.6416392166410256,39.12505912780762
1780859479.8150156,3.3458328101359944,-1.3182758631064655,0.2194599120932335,0.6407452459104501,39.144569396972656
1780859479.8388536,3.3437469559409965,-1.3164856782381211,0.21937661089607383,0.6400793804924376,39.16840744018555
1780859479.859325,3.3417417725171923,-1.314578930326785,0.2193751970593952,0.6392360375040376,39.188878774642944
1780859479.88154,3.3396848757278654,-1.312736534220556,0.21941535151140848,0.6385015012250221,39.21109390258789
1780859479.904332,3.3376283174317027,-1.3108914400787093,0.21941458780557363,0.6377131321557954,39.233885765075684
1780859479.9257867,3.3355696730702755,-1.3090461544369159,0.21935401929982917,0.6369196179484176,39.255340576171875
1780859479.9504502,3.3335422613973043,-1.307154782596605,0.21927434873938498,0.6360561608044506,39.280004024505615
1780859479.970924,3.3314525999789493,-1.305341056152477,0.21926578914177372,0.6353233912300009,39.300477743148804
1780859479.9941535,3.3293948415387673,-1.303476395857797,0.2193926396592192,0.634522951569755,39.32370734214783
1780859480.016556,3.3273885090380646,-1.3015459052719425,0.21927984196342376,0.6336178443292102,39.34610986709595
1780859480.0367036,3.3252450259737145,-1.2997888691721131,0.21943252101553334,0.6329983383359661,39.366257429122925
1780859480.0588515,3.3232503564365685,-1.2978357847742428,0.219238918165566,0.6320707995808679,39.388405323028564
1780859480.0790489,3.321148166976084,-1.2960192491666096,0.21929536087232143,0.6313658514481437,39.408602714538574
1780859480.1018524,3.319020534859283,-1.2942376453596904,0.2191797227528954,0.6307225654257653,39.43140625953674
1780859480.1242297,3.3169752654927414,-1.2923299194448734,0.21938689477589646,0.6298901696623851,39.45378351211548
1780859480.1443806,3.314941072038061,-1.290414774988072,0.21928295265423614,0.6290432130025874,39.47393441200256
1780859480.166604,3.3127612498452876,-1.288689458760278,0.21935773236979264,0.6285055124213734,39.49615788459778
1780859480.1877232,3.3107360394753402,-1.2867525559158604,0.21931547130190882,0.627638958339741,39.517277002334595
1780859480.2099612,3.308584864908627,-1.2849853484304792,0.2192466389700512,0.6270408509073704,39.539515018463135
1780859480.2331188,3.306474081029777,-1.2831600186218062,0.21918894126149188,0.626360413029392,39.56267261505127
1780859480.2536244,3.304469623912799,-1.281176777392151,0.2193452287262409,0.6254369270265467,39.58317828178406
1780859480.2756886,3.3023231164221603,-1.2793950354616388,0.2192963608024944,0.6248309716727158,39.60524249076843
1780859480.3005767,3.300251048385087,-1.2775078242143492,0.2191756330696819,0.6240658259468166,39.63013052940369
1780859480.3186262,3.298109601488455,-1.2757077812860422,0.21925645404119073,0.6234417671813013,39.64818000793457
1780859480.341702,3.2959760327592074,-1.2739001183855658,0.21916122793636264,0.622811659279618,39.67125582695007
1780859480.3632188,3.293947428872853,-1.2719354919824573,0.21928533636278777,0.6219393527019221,39.69277262687683
1780859480.385393,3.2918139850875883,-1.2701193233286534,0.21930779144714765,0.6213024279146016,39.71494674682617
1780859480.4082758,3.289670402544238,-1.2683201792877563,0.21909659926905875,0.6206944589322667,39.73782968521118
1780859480.4301462,3.2875985769890703,-1.266407390694889,0.21921380943122945,0.6199184369464437,39.75970005989075
1780859480.4516683,3.285530796432103,-1.2644963451518734,0.21906934652736806,0.6191394636516758,39.781222105026245
1780859480.4724104,3.283321252369766,-1.262768447956379,0.2193209127584859,0.618661990740188,39.8019642829895
1780859480.4939718,3.2812461061283993,-1.2608628796073724,0.21912424319253035,0.6179043150444983,39.82352566719055
1780859480.5161421,3.2791391366302505,-1.2589952428965976,0.2190743602466332,0.6172059414996873,39.84569597244263
1780859480.5367563,3.27693493465304,-1.257253128938107,0.2192942457852734,0.6167186747755089,39.866310119628906
1780859480.561111,3.2748201509098593,-1.255398242708747,0.2190903949578583,0.616048076472282,39.89066481590271
1780859480.5820198,3.2727307896060256,-1.2534970966634547,0.21906450490117635,0.615311092455892,39.91157364845276
1780859480.6047096,3.2706152672901094,-1.2516255015790074,0.21927874576659745,0.614625502136084,39.934263467788696
1780859480.6271493,3.26839100319857,-1.2499213869976948,0.21896309556936547,0.6142005653579083,39.956703186035156
1780859480.6480646,3.266232929856323,-1.248109185534265,0.2190249558560275,0.6136183871953698,39.97761845588684
1780859480.6731932,3.2641974258265734,-1.2461138140104109,0.21933213068377624,0.612748488744816,40.00274705886841
1780859480.6935694,3.2620495274871377,-1.2442989059604748,0.21894751944637608,0.612153665871932,40.023123264312744
1780859480.714958,3.2598616385930757,-1.242514933695048,0.21926492308284953,0.6116260933065263,40.044511795043945
1780859480.7373269,3.2577364192318226,-1.2406618279956665,0.21899132169610389,0.6109806163790843,40.06688070297241
1780859480.7575827,3.255601512134921,-1.2388061423507277,0.21907581540902213,0.6103401953184342,40.0871365070343
1780859480.782091,3.2534546320916715,-1.2369731429188573,0.2190460647610713,0.6097348195337364,40.11164474487305
1780859480.802472,3.2512957146997867,-1.2351530152401282,0.2189990612852034,0.6091537527650575,40.132025957107544
1780859480.8268464,3.2491429906737554,-1.2333211594363223,0.2190990783670768,0.6085570629142136,40.156400203704834
1780859480.8507707,3.246990713046456,-1.2314919025271205,0.21895586773292167,0.6079643763101172,40.18032455444336
1780859480.8715875,3.2448326236338816,-1.229660802897264,0.21918387375280057,0.6073754744896593,40.201141357421875
1780859480.894739,3.2426860297445215,-1.227824466517546,0.21892918751862384,0.606774161953421,40.22429275512695
1780859480.9154756,3.240533613181099,-1.225976385424382,0.21930548781076123,0.6061654520134212,40.24502944946289
1780859480.938858,3.2383546774765866,-1.2241881906644532,0.21896878223075467,0.6056416392211821,40.26841187477112
1780859480.9612386,3.2361996312345607,-1.2223474308295192,0.21909764543395324,0.605047197201003,40.29079246520996
1780859480.981961,3.234091146352175,-1.2204423529625763,0.21917034061530066,0.6043479794291766,40.31151485443115
1780859481.0049064,3.231826557648611,-1.21876608093149,0.21904472300450692,0.6040108140143277,40.33446025848389
1780859481.0288794,3.2296368448472266,-1.2169795254411713,0.21896277758573646,0.6035045877828225,40.35843324661255
1780859481.0495303,3.2275658542160452,-1.215007046474859,0.21921809413825155,0.6027107971125609,40.37908411026001
1780859481.0729787,3.2253960894698617,-1.2131933000278288,0.2189979737663737,0.6021585106520426,40.40253257751465
1780859481.0942612,3.2231844023063565,-1.211429542725782,0.21902326660903318,0.6016947731179254,40.42381501197815
1780859481.1175013,3.2210070405221805,-1.20960980102128,0.2192495233173923,0.6011475510823576,40.44705510139465
1780859481.1395588,3.218898922623907,-1.2077018571858569,0.21901943847148297,0.6004534503782715,40.46911263465881
1780859481.159437,3.216659310120748,-1.2059746129614397,0.21907842491211277,0.6000489489346652,40.488990783691406
1780859481.1835885,3.214463053108845,-1.204188347104465,0.21896383792843557,0.5995566939633648,40.513142347335815
1780859481.203648,3.2123414458326667,-1.2022829638418333,0.21908431162725106,0.5988783330857981,40.533201932907104
1780859481.2302632,3.2101834723832647,-1.2004346920168314,0.21909849592713723,0.5982872364900693,40.55981707572937
1780859481.2535412,3.207928464865891,-1.1987233184339265,0.2192078320680401,0.5979204806374163,40.58309507369995
1780859481.273283,3.205812661763663,-1.1968158674326792,0.21902655987323882,0.5972373773043396,40.6028368473053
1780859481.2961493,3.2035670149576387,-1.1950872479344794,0.21917882805851646,0.596843303497006,40.62570309638977
1780859481.3169029,3.2014217088589323,-1.1932170458087703,0.21908688070236942,0.5962275745514916,40.646456718444824
1780859481.3406122,3.199206453908776,-1.1914448996484306,0.21910895694585963,0.5957641751035467,40.670166015625
1780859481.362431,3.197029748016442,-1.189616719683478,0.21904395976320676,0.5952174375921544,40.69198489189148
1780859481.3827348,3.1948052383569783,-1.1878531932780652,0.2191316429629786,0.5947712033891355,40.71228861808777
1780859481.4036894,3.1926037782777708,-1.1860578122255756,0.21911573100187243,0.5942799057271131,40.733243227005005
1780859481.4242966,3.190468435754707,-1.1841655074942354,0.2190022332180226,0.5936324882147783,40.75385046005249
1780859481.4465601,3.1882170451403344,-1.1824354517938982,0.219154212385107,0.593245184577718,40.776113986968994
1780859481.4695594,3.1860145513131846,-1.1806384236956808,0.21912171090926694,0.5927536977570611,40.799113273620605
1780859481.4897785,3.1838791385753815,-1.1787418861339636,0.2190049710760392,0.592104632271468,40.81933236122131
1780859481.5116665,3.1816385077854696,-1.1769943499517432,0.21909661955084586,0.5916913009458886,40.84122037887573
1780859481.53233,3.1794290122438063,-1.1752034182353523,0.21902748875148548,0.5912138773895643,40.861883878707886
1780859481.5539768,3.1772373156937244,-1.1733786053988888,0.21916181000190696,0.5906811110122687,40.883530616760254
1780859481.5764725,3.1749900819471044,-1.1716444051986088,0.21903471632738683,0.5902928909682341,40.9060263633728
1780859481.5966961,3.1728387054680707,-1.1697588568430157,0.21907554917896352,0.5896690777158415,40.926249980926514
1780859481.6182013,3.1706051846824943,-1.1679949329968824,0.2191560982113498,0.5892354140053531,40.947755098342896
1780859481.6381934,3.1683611416096196,-1.1662492126379282,0.21908906719291266,0.5888323240613325,40.9677472114563
1780859481.660262,3.1662058307274084,-1.1643652801193825,0.21911325178357266,0.5882136476147597,40.98981595039368
1780859481.6830945,3.163949958356264,-1.1626281403768484,0.21925276652027387,0.5878273375340175,41.01264834403992
1780859481.7036324,3.1617339642817344,-1.160839807354927,0.21909761147932585,0.5873579811914551,41.033186197280884
1780859481.7277882,3.1595363608092386,-1.1590189691893038,0.21901374066918133,0.5868396164267589,41.05734205245972
1780859481.7553637,3.1572967633870164,-1.1572536755516556,0.2191124293046202,0.5864105066997656,41.0849175453186
1780859481.7732503,3.1550500478434804,-1.155500805061278,0.21915580075031912,0.5860038950398634,41.10280418395996
1780859481.7965062,3.1528942311384465,-1.153610568285027,0.2191427809575049,0.5853779996182027,41.126060009002686
1780859481.817067,3.150615903960382,-1.1518998466459185,0.21926404681309974,0.5850391589887636,41.146620750427246
1780859481.8396816,3.1484482756037706,-1.1500284179179197,0.21914314375246982,0.5844449720838147,41.16923546791077
1780859481.8623414,3.1461455502823235,-1.1483538359824148,0.21917647835286608,0.584159463897846,41.19189524650574
1780859481.883733,3.1439517674701594,-1.146517684064965,0.219081092486116,0.5836251189364905,41.21328687667847
1780859481.9071717,3.141724342161338,-1.1447275361082483,0.21905778974423984,0.583160022856493,41.23672556877136
1780859481.9271536,3.1394697641312033,-1.1429700702400316,0.2192721425846597,0.5827547346593418,41.256707429885864
1780859481.9496036,3.1373143503107728,-1.1410737073334036,0.21908283258694403,0.5821232876596598,41.279157400131226
1780859481.97137,3.135026630918396,-1.1393650476653308,0.21926176969454833,0.5817900122208428,41.3009238243103
1780859481.9914217,3.132733802721677,-1.1376737807919814,0.21909303204946806,0.5814823846971668,41.32097554206848
1780859482.0128284,3.1305587466826026,-1.1357906181522444,0.2192472144658525,0.5808828656339724,41.342382192611694
1780859482.0339885,3.1282634701052885,-1.1340972039989718,0.21914966504162398,0.5805706178133168,41.363542318344116
1780859482.0557952,3.1260279137694535,-1.1323072781631056,0.21918416149488926,0.5801157210819214,41.38534903526306
1780859482.0780478,3.12386224515259,-1.130412826631281,0.2190745879416623,0.5794954425194216,41.40760159492493
1780859482.0991406,3.1215809283358795,-1.128687440481801,0.21916756325162798,0.579138302389552,41.42869448661804
1780859482.1207018,3.119307137285707,-1.1269548094147166,0.2190472687690964,0.5787717088975803,41.45025563240051
1780859482.1410346,3.1170786793957834,-1.125139228893284,0.21927519393668388,0.5782814326648431,41.47058844566345
1780859482.1643393,3.1148334095551498,-1.1233612333402307,0.21918525586406024,0.5778427740510423,41.49389314651489
1780859482.1859086,3.1125569113568745,-1.1216282411496212,0.21905216345041056,0.5774744707078172,41.51546239852905
1780859482.2062619,3.1103080970472172,-1.1198389892104377,0.21928937620940997,0.5770289335042671,41.535815715789795
1780859482.2289684,3.1081248344232417,-1.1179643410026832,0.21903726575931923,0.5764398070740109,41.55852222442627
1780859482.2490575,3.1058057286573293,-1.1162828333371335,0.21919765044972073,0.5761549252117302,41.57861137390137
1780859482.2724695,3.1035346231282817,-1.1145287830461654,0.21921635829472938,0.5757642867819408,41.6020233631134
1780859482.2959814,3.1013563559529134,-1.1126374570564186,0.21908061379654617,0.575167351752988,41.62553524971008
1780859482.3181043,3.0990519275043624,-1.110939460884731,0.21928798780100697,0.574895575061511,41.64765810966492
1780859482.3434591,3.0967002127787757,-1.109342315151764,0.21902379798885305,0.574767638849119,41.67301297187805
1780859482.3630204,3.0944751534462984,-1.1075534042169777,0.21902600588904905,0.5743450428599015,41.69257426261902
1780859482.3844266,3.0923288671949205,-1.1056464076877195,0.219257213432881,0.5737358372293553,41.71398043632507
1780859482.4106145,3.0901098879567988,-1.1038777884268072,0.21916487390274667,0.5733253056893268,41.74016833305359
1780859482.435205,3.0877739838873306,-1.1022930528059336,0.2192838958527539,0.5731944429775098,41.764758825302124
1780859482.4583433,3.0855789358499424,-1.1005115792687994,0.21917156679553731,0.5727550170757034,41.78789710998535
1780859482.4828029,3.0833897034766804,-1.0987287088364348,0.21913564668545107,0.5723065873118509,41.81235671043396
1780859482.5010257,3.081146680148402,-1.0970328299045247,0.21936189866625602,0.5719882535563343,41.83057951927185
1780859482.524021,3.078905820614377,-1.0953567580321264,0.21927429683854052,0.5716920641696319,41.85357475280762
1780859482.5448453,3.0767466561056365,-1.0935584040888624,0.21936184277175397,0.5712027529658563,41.874399185180664
1780859482.5697331,3.0744829719498843,-1.0919424860471199,0.21920809302633606,0.5709840393684136,41.89928698539734
1780859482.598272,3.0723381420547944,-1.090141388407863,0.21936139824468895,0.5704837969709615,41.927825927734375
1780859482.6179569,3.0701269221593597,-1.088461219403551,0.21935548296799184,0.5701553852631438,41.947510719299316
1780859482.645156,3.0679117275849856,-1.0867993965280658,0.2192780285815191,0.5698506501234828,41.9747097492218
1780859482.669271,3.065780559654077,-1.0850143860526256,0.21927230241413828,0.5693553629959593,41.99882483482361
1780859482.6926572,3.0635558943351144,-1.0833837391050474,0.21935578338765727,0.5690862292241885,42.0222110748291
1780859482.7152524,3.0613958549575475,-1.081667139586194,0.21928368362978667,0.5686848313319999,42.044806241989136
1780859482.7359488,3.0591949731630237,-1.0800204671950824,0.219352552948746,0.5683801922924694,42.065502643585205
1780859482.7585528,3.0570347416061043,-1.0783242117659355,0.21928752386171022,0.5679979894510225,42.088106632232666
1780859482.7788808,3.054847459291822,-1.0766782432860666,0.21928595195054468,0.5676835670441296,42.10843467712402
1780859482.8029182,3.052701547006209,-1.0749754201361439,0.21935658248786666,0.5672833888476587,42.13247203826904
1780859482.8254132,3.0504985318558675,-1.073375377219011,0.21930510817396934,0.5670263655175045,42.154967069625854
1780859482.8452845,3.0483495734141455,-1.0716980881450409,0.2193237132738322,0.566654337539676,42.17483830451965
1780859482.8704746,3.0462160327911016,-1.0700052772451867,0.21935224817073906,0.5662486386632644,42.20002841949463
1780859482.8909621,3.0440613016077274,-1.0683579151857552,0.21932911693084398,0.5659102544496646,42.220515966415405
1780859482.9137628,3.0419320419493463,-1.0666802140238434,0.21926815350015122,0.5655181574143038,42.243316650390625
1780859482.9369817,3.039763450119567,-1.0650707943708473,0.21928704159452486,0.5652252575092405,42.26653552055359
1780859482.9575956,3.037624382670143,-1.063419257531843,0.2194617848790835,0.5648689960877622,42.28714942932129
1780859482.9805505,3.035540996206058,-1.0617004758363922,0.21929570379030264,0.5643978373695155,42.31010437011719
1780859483.00063,3.033342910516411,-1.06016142066354,0.2194190834582915,0.5641973263732041,42.33018374443054
1780859483.0226815,3.0311949610878606,-1.058561253230189,0.2192987632890553,0.5638994465705984,42.352235317230225
1780859483.046069,3.029116560035702,-1.056853446369408,0.21933562216144042,0.5634354617069182,42.37562274932861
1780859483.0668163,3.026971285634968,-1.055257733942069,0.2194605530676326,0.5631353300321518,42.39637017250061
1780859483.0904603,3.0248325533033324,-1.0536679865443883,0.21936578402542928,0.5628394914652155,42.42001414299011
1780859483.112922,3.022728876046999,-1.0520272110262532,0.2193755958338864,0.5624606998859445,42.44247579574585
1780859483.135312,3.0206396691931046,-1.0503714924424967,0.21937861433686673,0.5620589971399452,42.464865922927856
1780859483.157101,3.0185242639245358,-1.0487656229633764,0.21940839128824752,0.5617234093174996,42.48665475845337
1780859483.1771011,3.016373867623603,-1.0472265930286475,0.21930672316073865,0.5614852884542696,42.50665497779846
1780859483.1982732,3.014294316278627,-1.0455771734846282,0.21938159144532904,0.561079128740281,42.52782702445984
1780859483.2215745,3.0121665387496757,-1.044013709304042,0.21943256891063345,0.5607951486660117,42.55112838745117
1780859483.239855,3.0100623521412366,-1.0424233052062852,0.21941284344926212,0.5604694181053276,42.569408893585205
1780859483.2647324,3.0079827507767543,-1.0408022757797577,0.2193616690887183,0.5600892290787574,42.5942862033844
1780859483.285608,3.005881259166737,-1.0392230619098428,0.21932013046810486,0.5597701690489458,42.61516189575195
1780859483.3091786,3.0037944773866356,-1.0376234077712163,0.21940652843418335,0.5594172750884763,42.63873243331909
1780859483.332727,3.001688775374203,-1.0360611824472505,0.2195313961474357,0.5591167098666192,42.662280797958374
1780859483.3519127,2.9996115598727617,-1.0344674557529323,0.21949098119680752,0.5587622566046715,42.681466579437256
1780859483.3734467,2.9975148984175166,-1.0329094619583994,0.2194937882709925,0.5584586288872693,42.70300054550171
1780859483.3939543,2.9954532569311234,-1.0313030968085957,0.21949137853396467,0.5580779444100905,42.72350811958313
1780859483.4173653,2.9933266696379444,-1.0298114980463497,0.21938901103646405,0.5578627740152289,42.74691915512085
1780859483.439075,2.9912993004533064,-1.028162364447526,0.21942763292668518,0.5574133891576434,42.7686288356781
1780859483.4592643,2.9892014562880185,-1.0266348882005143,0.21945755827828903,0.5571366384516825,42.78881812095642
1780859483.4803884,2.9871187083609603,-1.0250935532096004,0.21938979470396852,0.5568388426690873,42.8099422454834
1780859483.5006871,2.985082886686641,-1.0234805521987598,0.21940110918354433,0.5564302378999173,42.830240964889526
1780859483.5223184,2.9829721618996525,-1.0219907472285157,0.21952418999369827,0.5562015760144146,42.85187220573425
1780859483.5444422,2.9809669236076495,-1.0203491568185468,0.21934337869714327,0.5557405714201114,42.8739960193634
1780859483.5642262,2.978851348557426,-1.0188792017135093,0.21952626503302025,0.5555324802809309,42.89377999305725
1780859483.5860996,2.976778489952479,-1.0173603798332043,0.2193353779943674,0.5552470686845199,42.915653467178345
1780859483.6063995,2.974766523424035,-1.0157432054606566,0.21932236379236786,0.5548145035230405,42.93595337867737
1780859483.628998,2.972697158249764,-1.0142241660071891,0.21936851470708404,0.5545201982396115,42.95855188369751
1780859483.6518846,2.9706061675719,-1.012743810058353,0.21947413011695752,0.5542863077228226,42.981438398361206
1780859483.6728806,2.9686323874639067,-1.0110886048513994,0.2193912383546605,0.5537831255539993,43.002434492111206
1780859483.6953437,2.966509917122714,-1.0096748446637012,0.2194750307228797,0.5536346903145732,43.02489757537842
1780859483.7157192,2.9644688285646286,-1.0081460900617647,0.2192114761678546,0.5533128358719566,43.04527306556702
1780859483.7395802,2.9624550314038935,-1.0065585367264671,0.21961449484952508,0.5529058363059427,43.0691339969635
1780859483.768294,2.9603803709439656,-1.0051049487233983,0.21917011939522443,0.5526812953084033,43.0978479385376
1780859483.788688,2.958312081169924,-1.0036167381295018,0.2196169822789981,0.552417368700409,43.11824178695679
1780859483.8124027,2.9563509874989546,-1.0019911015438399,0.2192313431717247,0.5519336427960884,43.14195656776428
1780859483.833117,2.9542874656410754,-1.000519380484316,0.21934843874593693,0.5516765827952881,43.162670850753784
1780859483.8569648,2.952171305729302,-0.9991434558979534,0.219370754362632,0.5515631170755793,43.18651866912842
1780859483.8788636,2.9502137537402873,-0.997515009929708,0.21946799563913086,0.5510715708321676,43.2084174156189
1780859483.8993542,2.94819367748903,-0.9960054762678137,0.2191786042328032,0.550744666886688,43.2289080619812
1780859483.9231696,2.946123415870984,-0.9945616519666106,0.21959339706441364,0.5505226704743169,43.25272345542908
1780859483.9493854,2.9441080059656644,-0.993066057915001,0.21908068936373276,0.5502087244857226,43.27893924713135
1780859483.9670537,2.9420959389952834,-0.9915360846602326,0.2196130722180173,0.5498539826237456,43.29660749435425
1780859483.9913254,2.940093040301437,-0.9900337649711877,0.2190883925115137,0.5495216727078756,43.320879220962524
1780859484.011199,2.938064660982555,-0.9885437976267967,0.2196140154153591,0.5492181791967718,43.340752840042114
1780859484.0333147,2.9360223200851583,-0.9871189982432185,0.21908893758721754,0.5489932065155738,43.362868547439575
1780859484.056603,2.9339790264555146,-0.9856683467393822,0.2195598395069418,0.5487420698005314,43.38615679740906
1780859484.0756245,2.932052970314707,-0.9840639034884939,0.21909672029946897,0.5482466761707432,43.40517830848694
1780859484.1010804,2.9300856486833675,-0.9825089958156957,0.21933909726992945,0.5478272237726198,43.43063426017761
1780859484.121807,2.9279459216728574,-0.981248741291672,0.2194296267859745,0.5478391291009093,43.45136094093323
1780859484.1485295,2.925979763274954,-0.9797158794989349,0.2193112381022443,0.5474484108522129,43.47808337211609
1780859484.1725276,2.924069459528019,-0.9780959166814616,0.21926324534469988,0.5469182283813847,43.50208139419556
1780859484.194362,2.9219971541902616,-0.9767480806050554,0.21924256563715905,0.5467889237869636,43.52391576766968
1780859484.2153478,2.9199364990150634,-0.9753832366044933,0.21925578658053818,0.5466351365950661,43.544901609420776
1780859484.2360997,2.917938400356603,-0.9739283175619186,0.2191963623839377,0.5463408653108157,43.565653562545776
1780859484.260987,2.9160005577624757,-0.9723719658882831,0.21927033213085326,0.5458976887593963,43.59054088592529
1780859484.282758,2.914076233157477,-0.9708082021852171,0.21920730734274999,0.5454349164661796,43.61231184005737
1780859484.3029413,2.9119931325672144,-0.9695055025765155,0.219261211429546,0.5453545239376343,43.632495164871216
1780859484.3241038,2.9099426921208993,-0.9681575612472705,0.2192362683543799,0.5452113354641082,43.65365767478943
1780859484.3441303,2.9080360350166643,-0.9665746791797686,0.21939488805519014,0.5447140135547404,43.67368412017822
1780859484.365742,2.9060656434516665,-0.9651153906636649,0.21911287796648807,0.5443892200401192,43.69529581069946
1780859484.3897834,2.904045932577818,-0.9637268002691961,0.21940482110430098,0.5441747352190731,43.71933722496033
1780859484.4097297,2.90205761126003,-0.962311092873872,0.21908123060533627,0.5439098333905603,43.73928356170654
1780859484.431887,2.900074431608736,-0.9608707415405241,0.21946577288896107,0.5436141660002267,43.76144075393677
1780859484.4518616,2.8981420815449037,-0.9593778665096891,0.21907882584433414,0.543225966670164,43.7814154624939
1780859484.4739225,2.896164941451327,-0.9579389137328084,0.21946265046319313,0.5429225757981317,43.803476333618164
1780859484.4948413,2.8940935286842078,-0.9566857761394978,0.21918348534258936,0.5428855466052305,43.824395179748535
1780859484.5149903,2.8921402336734805,-0.9552336298516911,0.21916312479677647,0.5425550628349054,43.84454417228699
1780859484.5364294,2.89028128742501,-0.9536238857731302,0.2192958765094405,0.5419876315756547,43.86598324775696
1780859484.5573015,2.8883215576102836,-0.9522016565766444,0.21909834922628177,0.5416884684002126,43.886855363845825
1780859484.579091,2.886261032371667,-0.950936705330152,0.21928223510281786,0.5416262515127386,43.908644914627075
1780859484.6006708,2.8842490349535086,-0.9496120089633736,0.21910379798511653,0.5414702095808615,43.930224657058716
1780859484.6207366,2.882361158233452,-0.9480734127563542,0.21929364613031008,0.5409971025601461,43.95029044151306
1780859484.6443224,2.8804474463337133,-0.9465925552231549,0.21920545261637264,0.540596279325749,43.97387623786926
1780859484.6688948,2.878408906243664,-0.9453190125911995,0.2193662457584657,0.5405098013390575,43.998448610305786
1780859484.6876576,2.876523049497809,-0.9438080506409264,0.21915902350423913,0.540063023827912,44.01721143722534
1780859484.709312,2.874608424165138,-0.9423477243342304,0.21905720554828514,0.5396835983372412,44.03886580467224
1780859484.729635,2.8725808243659445,-0.9410662219783587,0.2194015610795696,0.53957687076577,44.05918884277344
1780859484.7566147,2.870611841030178,-0.939719391171252,0.21901726702972163,0.5393614415090884,44.08616852760315
1780859484.7798243,2.8687037187675304,-0.9382508479199121,0.21931233724285834,0.5389707295600479,44.10937809944153
1780859484.7999725,2.8668166679462517,-0.9367732554360189,0.21910192920859098,0.5385506390204853,44.12952637672424
1780859484.8224092,2.864802075707609,-0.9355011592409468,0.21927843842620895,0.538441365999482,44.151962995529175
1780859484.8426611,2.862864099006141,-0.9341168537104416,0.21913338513428768,0.5381628306638575,44.1722149848938
1780859484.865478,2.8609752141738527,-0.9326477866955625,0.21924609148648738,0.5377499855431029,44.1950318813324
1780859484.8887486,2.858952522100169,-0.9314118233370409,0.2192817339879474,0.537686153564926,44.218302488327026
1780859484.9096541,2.8570900132645245,-0.9299160018007705,0.21923717068124507,0.5372283904580009,44.23920798301697
1780859484.9340003,2.855103493746637,-0.9286344489555735,0.21918053407612603,0.5370848229246894,44.263554096221924
1780859484.9544084,2.853203710579335,-0.927211570477979,0.21915270463135397,0.5367325983756528,44.28396224975586
1780859484.977897,2.8512698684050344,-0.9258506678940114,0.21915232019860173,0.5364633659119491,44.30745077133179
1780859484.9994826,2.8493050656530046,-0.9245501090716961,0.2190938869475582,0.5362879024167135,44.329036474227905
1780859485.020984,2.84743664914818,-0.9230827958058762,0.2193265587878474,0.5358586424106333,44.35053777694702
1780859485.0452166,2.845508702510634,-0.9217427966412237,0.21901365740267287,0.5356083822503193,44.374770402908325
1780859485.0657535,2.8435615743449043,-0.920424505595637,0.2190942722820033,0.535395769601406,44.395307302474976
1780859485.0887914,2.8416358950791127,-0.9190784486968359,0.2192130112445294,0.5351366368900097,44.4183452129364
1780859485.1104593,2.8397516277066597,-0.9176785159354631,0.2189732368262844,0.5347897285805985,44.44001317024231
1780859485.1303527,2.837834742653641,-0.9163201864369138,0.2193073513772356,0.5345070165266002,44.459906578063965
1780859485.1561081,2.8358407683995455,-0.9151211141044944,0.2190263041129236,0.534454987625077,44.48566198348999
1780859485.176353,2.8339674663428966,-0.9137136223207485,0.219022484781266,0.534091034672068,44.50590682029724
1780859485.1998525,2.8321339039426556,-0.912244578322394,0.21899126865462137,0.5336271640128505,44.52940630912781
1780859485.2216897,2.830237853952072,-0.9108840593367481,0.2191186832361528,0.5333248752245279,44.55124354362488
1780859485.2419083,2.8282351805842745,-0.9097133427818558,0.2191102037582784,0.5333079346851175,44.57146215438843
1780859485.26543,2.8263596803416795,-0.9083324809746682,0.21917094075007235,0.5329703333515035,44.59498381614685
1780859485.2866945,2.824532047894473,-0.906883275668963,0.21901617823005265,0.5325208788882367,44.61624836921692
1780859485.3106875,2.8225864395912974,-0.9056313758619943,0.21911555568712449,0.5323688879556876,44.640241384506226
1780859485.3320432,2.820670985305957,-0.9043435711518149,0.21892962939113345,0.532159891615537,44.66159701347351
1780859485.3533938,2.8187942769238292,-0.9029786533430831,0.21923503167123945,0.5318351885311756,44.682947635650635
1780859485.376332,2.8169147504320144,-0.9016430361320363,0.21909372430830912,0.5315441391728601,44.705885887145996
1780859485.4015427,2.8150150012668056,-0.9003438795143852,0.21900582646602423,0.5313542592698788,44.731096506118774
1780859485.4206948,2.8131339081020066,-0.8990157798727815,0.21900515157640046,0.5311629309369774,44.750248670578
1780859485.4437847,2.811253992936727,-0.8976854316358255,0.21919688183387429,0.5309641000884522,44.77333855628967
1780859485.4673898,2.8093493598067685,-0.8964138866112246,0.21913047094451343,0.5308457644072639,44.79694366455078
1780859485.4912343,2.8075076760179414,-0.8950430987555026,0.21896774256655113,0.5305697536466916,44.82078814506531
1780859485.5138803,2.805596401743364,-0.8937875790270585,0.21904398614966153,0.530461223601689,44.84343409538269
1780859485.53403,2.8036816166563323,-0.8925544720200298,0.21888067361575886,0.5303825359721461,44.86358380317688
1780859485.5567017,2.801884312931956,-0.8911125374055172,0.21908996366971326,0.5299848792008497,44.886255502700806
1780859485.5771668,2.8000139386212033,-0.8898166436574784,0.2188748381123729,0.5297932691169898,44.90672063827515
1780859485.6003804,2.7981031150729043,-0.8885791590472124,0.2190885684354164,0.5296983024735749,44.92993426322937
1780859485.6275198,2.796267611078004,-0.887232752389196,0.21901671242736104,0.529426445115103,44.95707368850708
1780859485.6479874,2.794392638882009,-0.8859602127797355,0.21885081562528305,0.5292601054211818,44.97754120826721
1780859485.6698809,2.7925019757307314,-0.8847051619550855,0.21915995268586472,0.5291242496897226,44.99943470954895
1780859485.6901581,2.7907227533973966,-0.8832868295432105,0.2188736181743618,0.5287235973298667,45.01971197128296
1780859485.7132688,2.788845886315636,-0.8820303177609158,0.21888807386286235,0.5285662968505678,45.04282259941101
1780859485.7363667,2.7869238547306896,-0.8808548015750798,0.218935499664572,0.5285329106937144,45.06592059135437
1780859485.755968,2.7850631257674445,-0.879581325799815,0.2190278229193711,0.5283438045961768,45.085521936416626
1780859485.7796917,2.7833030493904403,-0.8781485978248826,0.21887328662107552,0.5279010612280866,45.10924553871155
1780859485.79995,2.781441150703462,-0.8768889407907049,0.2189487983135217,0.5277192341558443,45.12950372695923
1780859485.8234518,2.7795120678514684,-0.8757497200241326,0.21898772082550552,0.5277205815573183,45.153005599975586
1780859485.845688,2.7777037829524973,-0.8744085476316542,0.2191143965270601,0.5274060822578406,45.17524194717407
1780859485.8657868,2.7758760346432014,-0.8731200084068664,0.21883436631618666,0.5271606894275127,45.195340633392334
1780859485.8898084,2.774013313361787,-0.8718826015253893,0.21894055541911042,0.5269946823621137,45.21936225891113
1780859485.9101393,2.7721574048696698,-0.8706392787975159,0.21910396792181827,0.5268165092458794,45.23969316482544
1780859485.93348,2.770396914467734,-0.8692490893384834,0.21893461579512286,0.5264009498755957,45.263033866882324
1780859485.9572442,2.7685113222186493,-0.8680741871243918,0.2189259042849162,0.5263113004812379,45.28679800033569
1780859485.977525,2.7666446151384516,-0.8668741915519057,0.2188300854217807,0.5261818414141208,45.30707883834839
1780859486.0010777,2.7648344058684624,-0.8655722877198371,0.2191017586528366,0.5258936057653933,45.330631494522095
1780859486.0214317,2.763033706480682,-0.8642821173837444,0.2186958912892709,0.525608761024257,45.350985527038574
1780859486.0453126,2.761198270597172,-0.8630281820548777,0.21913394043560808,0.5253857377284525,45.3748664855957
1780859486.0682492,2.759324734545708,-0.8618771358680709,0.21871386733455578,0.5253046614236823,45.39780306816101
1780859486.0879915,2.757495004754953,-0.860629881243867,0.21899858504813052,0.5250845536030635,45.417545318603516
1780859486.1102653,2.755767405232978,-0.8592290763540714,0.21881998330199368,0.5246113680303974,45.43981909751892
1780859486.1330612,2.753919346196044,-0.8580296484667408,0.21901839108835958,0.5244497739138048,45.46261501312256
1780859486.1519973,2.7520115067235804,-0.8569560448474126,0.218719004213653,0.5244719284884996,45.48155117034912
1780859486.174005,2.750196030297457,-0.8557174473507523,0.21872224707255802,0.5242422043238015,45.50355887413025
1780859486.1947186,2.7484700302163625,-0.8543156377637823,0.21908374337512532,0.5237595839300511,45.524272441864014
1780859486.2172556,2.7466921092220313,-0.8530401059838882,0.21868001354912914,0.5234529695754144,45.54680943489075
1780859486.2397058,2.744813701524941,-0.8519155114060859,0.21898983317362564,0.5233831499946069,45.56925964355469
1780859486.260017,2.742933409173105,-0.8508241062105474,0.2186838114138995,0.5233574823650979,45.58957076072693
1780859486.2840016,2.7411676741410096,-0.8495231595421041,0.21879949455804998,0.5230102045484228,45.61355543136597
1780859486.3043652,2.739448708262334,-0.8481444771270675,0.2189368931979046,0.5225351474523228,45.63391900062561
1780859486.3314247,2.7376264473318113,-0.8469651459133783,0.21876483286057793,0.5223580198004125,45.66097855567932
1780859486.353233,2.7357753752180414,-0.8458277229490979,0.2188608830138133,0.5222466645939736,45.68278694152832
1780859486.3797975,2.7339542010025566,-0.8446537848019386,0.21880595784313714,0.5220705217734807,45.70935130119324
1780859486.4028664,2.732215927962104,-0.8433322889868212,0.21888333939981688,0.5216682105600858,45.732420206069946
1780859486.423308,2.7304879043206607,-0.8420069455470612,0.21878770593615096,0.5212468231961012,45.752861738204956
1780859486.444369,2.728628757783499,-0.8409032429246457,0.21901395043414765,0.5211677421333203,45.77392292022705
1780859486.4652033,2.726769444486456,-0.8398229585541552,0.21872835532332294,0.5211169325050182,45.79475712776184
1780859486.485124,2.725006038009352,-0.8385641036552383,0.21889493578090577,0.5207940300360407,45.81467795372009
1780859486.5072017,2.723275993117422,-0.837253409410806,0.21902348404757982,0.5203803348670277,45.8367555141449
1780859486.5273838,2.7213989764893105,-0.8362124563623273,0.21895046186339787,0.5203786607395413,45.856937646865845
1780859486.549985,2.7196691611606516,-0.834917869337386,0.21892041674630686,0.5199843930214048,45.879538774490356
1780859486.5731862,2.717907687558926,-0.8336849231372037,0.2188022800508819,0.5196755972649392,45.90274000167847
1780859486.5929983,2.7160860313980506,-0.8325468188292245,0.21913499416584808,0.5195163635065772,45.92255210876465
1780859486.6158657,2.7143186285027046,-0.8313483819422091,0.21867029538083335,0.519248662522152,45.94541954994202
1780859486.6360004,2.7125491337206795,-0.8301225668899176,0.21913281682499344,0.5189472320795607,45.96555423736572
1780859486.6592603,2.7107747351655336,-0.8289486417346758,0.2186332487067592,0.5187061335925893,45.98881411552429
1780859486.682921,2.7089803444038636,-0.8277748734107413,0.2191254342738519,0.5184765471425807,46.01247477531433
1780859486.7026904,2.707216990364229,-0.8265925731443067,0.21860337953001377,0.5182141434130827,46.03224420547485
1780859486.724969,2.7054442728388484,-0.8253884835973938,0.21915813609893622,0.517930169671958,46.05452275276184
1780859486.745372,2.7036895602627573,-0.8242035728516062,0.21855547024748437,0.5176535281227226,46.074925899505615
1780859486.7674243,2.7019045543316356,-0.8230277668507928,0.2192133755320851,0.517404784124448,46.096978187561035
1780859486.7901552,2.7001322302072115,-0.8218840568769327,0.21857235129441122,0.5171833187322292,46.11970901489258
1780859486.8116512,2.698351088913415,-0.8207158750123132,0.21913386728691708,0.5169371110389314,46.141205072402954
1780859486.8341277,2.6966192774748996,-0.8195059105766922,0.218579393987586,0.5166074417734077,46.163681507110596
1780859486.859273,2.6948811686888665,-0.818279975254346,0.21893503612550255,0.5162607531738317,46.1888267993927
1780859486.8799798,2.69308516171794,-0.8171763811219677,0.21877445337036014,0.5160899680294051,46.20953369140625
1780859486.901172,2.6912758437493527,-0.8161006477314975,0.21873252968028645,0.5159601469785322,46.23072576522827
1780859486.922055,2.689552920832931,-0.8148581514777868,0.21907503414636864,0.5155813171032184,46.25160884857178
1780859486.9478967,2.687914624722154,-0.8135044624956317,0.21863903113110603,0.515012944773801,46.27745056152344
1780859486.9710035,2.686148150833085,-0.8123610571147848,0.21864464774773612,0.5147652052432035,46.300557374954224
1780859486.9905694,2.6842735638108306,-0.8113958404898989,0.21916220372672,0.5147976628038844,46.32012319564819
1780859487.0123882,2.68248685820116,-0.8103170553701585,0.2186299114726282,0.5146439024377756,46.34194207191467
1780859487.03332,2.6807749814550164,-0.8090915730077417,0.21866909274760563,0.514265716037194,46.362873792648315
1780859487.0557523,2.679065411925472,-0.8078462267989129,0.21912964587953518,0.5138610356873894,46.38530611991882
1780859487.0781686,2.6773313584879364,-0.8066978795154511,0.21840972562294442,0.5135808683844951,46.40772247314453
1780859487.0991669,2.67556542037508,-0.8055512341446109,0.21920558274145233,0.513322936076432,46.42872071266174
1780859487.1233983,2.673793381826085,-0.8044695803619994,0.2186386157859056,0.513142694651016,46.45295214653015
1780859487.1444118,2.672007120945992,-0.8033969342876511,0.21868908776659035,0.5129800380315332,46.473965644836426
1780859487.1723783,2.670284381160173,-0.802196103345366,0.2191435532481734,0.5126275883968834,46.50193214416504
1780859487.197555,2.668656531540093,-0.8008700690308627,0.2186812789712406,0.5120655387541202,46.527108907699585
1780859487.2182662,2.66691230454879,-0.7997307280933623,0.21875047541633813,0.5117885860328109,46.54782009124756
1780859487.2482944,2.6650555454054055,-0.7987827897123925,0.2192085223587491,0.5118086162679569,46.57784819602966
1780859487.2687247,2.6633050266207317,-0.7976856377951044,0.2186499213108753,0.5115874936427245,46.598278522491455
1780859487.2923548,2.6616157116201182,-0.7964600542694882,0.2187699991100638,0.5111733672824705,46.62190866470337
1780859487.315149,2.659901210750757,-0.7952730775999057,0.21904215223841847,0.5108176491057295,46.64470291137695
1780859487.3350697,2.6581554749673444,-0.7941763899730508,0.21863027673705995,0.5105850784999673,46.664623498916626
1780859487.3570929,2.65639139260754,-0.7930709874412101,0.2193056673219093,0.5103522409069718,46.686646699905396
1780859487.3775437,2.6546632853427505,-0.7919621971739012,0.218531029248318,0.5100902517856243,46.70709753036499
1780859487.3991582,2.6529202546538584,-0.7908299232887797,0.2191632892804736,0.5098105336940932,46.72871208190918
1780859487.4202957,2.6512191905460614,-0.789663866289299,0.21873343722513222,0.5094628803460921,46.74984955787659
1780859487.4407976,2.649508667293327,-0.7884952012710585,0.21898940008093923,0.5091161708322449,46.77035140991211
1780859487.4626067,2.647751768107252,-0.7874233552322742,0.21886457595487907,0.5089072758715254,46.792160511016846
1780859487.4836066,2.6459804052659504,-0.7863802421489188,0.21885585660348422,0.5087398205244744,46.81316041946411
1780859487.5071099,2.6442794938616667,-0.7852021098056899,0.21903706560227915,0.5083776383568797,46.83666372299194
1780859487.529557,2.6426465503521124,-0.7839219955318503,0.21888745316565894,0.5078488004072215,46.859110832214355
1780859487.5497203,2.6408628180045866,-0.7829076017292023,0.218858709101037,0.5077168091487207,46.879274129867554
1780859487.5719407,2.639052402013835,-0.7819292014985023,0.21923132547244775,0.5076482749397302,46.90149450302124
1780859487.5960324,2.637447822248496,-0.7806078535423512,0.21895080255047314,0.5070501811378776,46.925586223602295
1780859487.6141849,2.6357580780952468,-0.7794364372029158,0.218827847177872,0.5066760327789472,46.94373869895935
1780859487.6369276,2.6339410975504247,-0.7784817069242893,0.2190814100474705,0.5066296953285505,46.96648144721985
1780859487.656844,2.632154065078468,-0.7774875293843069,0.2189982528196134,0.5065244187948679,46.9863977432251
1780859487.6785114,2.63051619974145,-0.7762278913385732,0.21895104629147746,0.5060120604595681,47.00806522369385
1780859487.701411,2.6287779524451693,-0.7751406402769176,0.219088384221551,0.5057563538468388,47.030964851379395
1780859487.721186,2.6269727507470524,-0.7741892008669523,0.21900594195640924,0.5057020205852067,47.050739765167236
1780859487.743035,2.62532072458018,-0.7729594103538596,0.2189540514802477,0.5052314307686014,47.07258892059326
1780859487.7639587,2.6236499589463564,-0.7717566300320406,0.21912875731727252,0.504793598223304,47.093512535095215
1780859487.786069,2.621812762264785,-0.7708684523825958,0.2190427617545474,0.5048234340172328,47.115622758865356
1780859487.8105855,2.6201292909986926,-0.769705272677144,0.2188777356545145,0.5044430913222282,47.14013934135437
1780859487.830277,2.6184784545094857,-0.7684626163130609,0.21932043888747926,0.5039422706540106,47.159830808639526
1780859487.8536863,2.616687257788505,-0.767506860890645,0.21896050396886615,0.5038571099309532,47.18324017524719
1780859487.8739483,2.6149491432040537,-0.7664450730235106,0.21888664242529757,0.5036204028058879,47.20350217819214
1780859487.8951035,2.6132936572984837,-0.7652182535816124,0.21925258106837633,0.5031372242499472,47.2246572971344
1780859487.9174852,2.6115915157077643,-0.7641039805071891,0.21897772837753945,0.5028087813167872,47.24703907966614
1780859487.9379258,2.609825501483428,-0.7630916066140581,0.21906152452448513,0.5026353395841596,47.26747965812683
1780859487.960999,2.6080866212426637,-0.7620383685178623,0.2190017447233498,0.5023998553415137,47.290552854537964
1780859487.9866114,2.606428952064114,-0.7608273981305961,0.21922193744940457,0.5019272293017298,47.31616520881653
1780859488.0102732,2.604693319950885,-0.7597744442830786,0.21911202405035848,0.5016828242155409,47.33982706069946
1780859488.0337129,2.6029580157265024,-0.7587217458432632,0.21895518520826876,0.5014378819711869,47.363266706466675
1780859488.0536582,2.601241169780094,-0.7576194593359563,0.2192628706237004,0.5011231948368149,47.383212089538574
1780859488.0773084,2.5995763204986306,-0.7564421592200482,0.2191313006227929,0.5006865354012486,47.40686225891113
1780859488.0979614,2.597785387896493,-0.7554880906701303,0.21917990286213593,0.5005811514777019,47.427515268325806
1780859488.1207664,2.596100998231959,-0.7543450919923874,0.21912945737463468,0.5001955903473077,47.45032024383545
1780859488.144722,2.594397253303255,-0.7532399844210724,0.21901020820574954,0.4998592467712424,47.47427582740784
1780859488.1656148,2.5926566195417107,-0.7521911860752117,0.21920855813389328,0.49961004034389767,47.495168685913086
1780859488.188016,2.590941759337041,-0.7511069350334835,0.21922003141518887,0.4993020688839529,47.51756978034973
1780859488.2082233,2.5892499383776157,-0.7499859242102782,0.21904103638762945,0.4989357970740489,47.53777718544006
1780859488.2361355,2.587508986352843,-0.7489458720681154,0.2191294046074529,0.49868801913439853,47.56568932533264
1780859488.258385,2.585777819886852,-0.747895085642745,0.2190903553101407,0.49842416833578085,47.58793878555298
1780859488.280161,2.5841056615562303,-0.746733885044649,0.2191000412613597,0.49799192700698214,47.60971474647522
1780859488.3081484,2.582364404901654,-0.7456955069709198,0.21926092187144167,0.49773948650912203,47.637702226638794
1780859488.332669,2.580600421829741,-0.7447130789849425,0.21908436497979278,0.4975663908081378,47.66222286224365
1780859488.351037,2.578944724381719,-0.7435188178810026,0.21924298380446183,0.49708198212739063,47.680590867996216
1780859488.373863,2.577249966660695,-0.7424105628182303,0.21908551186183237,0.4967142332938579,47.70341682434082
1780859488.394339,2.5754704754465405,-0.7414507486380241,0.21910833667626095,0.4965673674375406,47.7238929271698
1780859488.418383,2.5737577527411784,-0.7403692980824121,0.21914996244643178,0.4962419766719872,47.747936725616455
1780859488.4424176,2.5720873662525365,-0.7392129133788622,0.21909005153300176,0.4957987716589489,47.771971464157104
1780859488.4615347,2.5703400514938988,-0.7381908578446642,0.21927173417333862,0.4955559915155314,47.791088581085205
1780859488.4853728,2.5686138648447154,-0.7371411176505048,0.2192244244316033,0.49526786692748104,47.814926624298096
1780859488.5062902,2.566938476736434,-0.735996811048898,0.21916919753062988,0.4948384049943382,47.83584403991699
1780859488.5306823,2.565173404702302,-0.7350136159775245,0.21925583409591906,0.494644191701588,47.860236167907715
1780859488.553273,2.563513595219196,-0.7338415915577476,0.21920394286339306,0.49417003928603087,47.882826805114746
1780859488.57248,2.5617453793853215,-0.7328692544937445,0.2192303320407642,0.49398579401236375,47.90203380584717
1780859488.595997,2.560057000138848,-0.7317531279035014,0.21911825297533483,0.4935904271949614,47.92555093765259
1780859488.6171634,2.5583281016580517,-0.7307080037755068,0.21915014954429693,0.493292291366922,47.946717262268066
1780859488.6405632,2.5565943296362876,-0.7296748353333419,0.21912900411843506,0.4930153323531723,47.97011709213257
1780859488.6634023,2.5549040021062472,-0.7285595404142406,0.21914100089828156,0.49261155739993434,47.99295616149902
1780859488.684972,2.553164936751933,-0.727532527332574,0.21924132502005558,0.49233903877682117,48.01452589035034
1780859488.7069218,2.5514574471559235,-0.7264503587306989,0.219277967551354,0.49198303125838727,48.03647565841675
1780859488.7267249,2.5497307339802147,-0.7254054074062589,0.21929758262316507,0.4916797693203163,48.056278705596924
1780859488.7503922,2.5480152108843153,-0.7243440563966915,0.2192420412460066,0.4913491721633996,48.07994604110718
1780859488.7756877,2.5463015518841887,-0.7232847360397943,0.21901001413924986,0.491017969617495,48.105241537094116
1780859488.7971756,2.5445803660698267,-0.7222216103972328,0.2192336741331795,0.49068633189070177,48.1267294883728
1780859488.8187823,2.5428657860592643,-0.721162025537256,0.2191786564737503,0.49035441094965293,48.14833617210388
1780859488.838903,2.5411402627525015,-0.7201262373143589,0.21896278785923207,0.4900542773154246,48.16845679283142
1780859488.86381,2.5394096671724804,-0.7190789486950898,0.21935537491642446,0.48974309659638404,48.193363904953
1780859488.8861942,2.537712588390119,-0.7179999913277197,0.21895755188761432,0.4893729778765845,48.21574807167053
1780859488.905987,2.5359908640129034,-0.7169364406822896,0.2193393454728144,0.4890338163344534,48.23554086685181
1780859488.9277823,2.53425669508804,-0.7159304420142037,0.21894947435873366,0.4887664889119776,48.257336139678955
1780859488.9476457,2.5325307601756846,-0.7148786521300585,0.21925845668445482,0.4884411000937634,48.277199506759644
1780859488.9695938,2.530846166204638,-0.7137778457100159,0.21897585128463903,0.4880322848183125,48.299147605895996
1780859488.9943738,2.5291157284711443,-0.7127403426310315,0.21918694697079522,0.48772021785371855,48.32392764091492
1780859489.0154738,2.5273518240639823,-0.7117857777940088,0.21903851747787528,0.4875236914951371,48.345027685165405
1780859489.0397573,2.5256825282166533,-0.7106380999177795,0.21917242941064427,0.48705036232725263,48.36931109428406
1780859489.0618372,2.5240461101998988,-0.7094485709543816,0.21888255803655257,0.4865018355971049,48.39139103889465
1780859489.0809078,2.5222879779397718,-0.7084726377321757,0.21900653004030157,0.48626974258323585,48.41046166419983
1780859489.1030824,2.5204621440758035,-0.7076204496770643,0.21923792384159796,0.4862226909723324,48.43263626098633
1780859489.1247854,2.5187647694891475,-0.7065522740802372,0.2188664964264741,0.485849143350924,48.454339265823364
1780859489.1472986,2.5170828992720446,-0.7054218709041323,0.21927054001559632,0.4853924272291037,48.47685241699219
1780859489.172332,2.5154050263598924,-0.7043127530007586,0.21907804595042513,0.4849547325400847,48.50188589096069
1780859489.19362,2.513605935478834,-0.7034195177451597,0.21917217836506936,0.4848334981765525,48.523173809051514
1780859489.2162592,2.5118415241671124,-0.7024751805597265,0.21895175761340427,0.4846366456743896,48.54581308364868
1780859489.236641,2.51018426759218,-0.7013129691075575,0.2191238681207227,0.4841220666427981,48.56619477272034
1780859489.2594578,2.508507260672409,-0.7001918268579855,0.2191814435399574,0.48365927880624326,48.589011669158936
1780859489.2826455,2.5067072850328125,-0.6993121170413971,0.21913930937868523,0.4835509763461303,48.61219930648804
1780859489.3015594,2.5050537661268137,-0.6981526525268253,0.21910173485148932,0.48303182807199185,48.63111329078674
1780859489.3254013,2.50333696130763,-0.6971109355563508,0.21912888597465932,0.48267597413947616,48.6549551486969
1780859489.3457596,2.501543934947546,-0.6962203713936101,0.21906878918879372,0.48254629054783216,48.6753134727478
1780859489.368576,2.499871570772925,-0.6950910510998622,0.21925519448288638,0.4820663559877971,48.69812989234924
1780859489.3949735,2.4982202551048074,-0.6939394482650526,0.218983358195174,0.4815434434603949,48.72452735900879
1780859489.4159105,2.4964627239108954,-0.6929765668726078,0.2191085538091933,0.4812985215097374,48.74546432495117
1780859489.4411476,2.4946882511359165,-0.6920552650081258,0.21899228640101026,0.48111442688189765,48.77070140838623
1780859489.4614472,2.4929783573214346,-0.6909983239322183,0.21925746796730378,0.4807334625685895,48.791001081466675
1780859489.48549,2.4913384951428466,-0.6898287055563614,0.21897609442185154,0.4801773891156982,48.815043926239014
1780859489.5093267,2.489601360321437,-0.6888334965015609,0.2190313600470401,0.47987790448554435,48.83888053894043
1780859489.5332708,2.4878143173592897,-0.6879357294154905,0.21903869536613593,0.47972335266779886,48.86282467842102
1780859489.556536,2.4860890032252203,-0.6869174694187795,0.21918769274023195,0.4793912586578353,48.88608980178833
1780859489.576985,2.4844646064298836,-0.6857168172836352,0.21902152764519608,0.4787856016761287,48.90653872489929
1780859489.599693,2.482747435216255,-0.6846903916517847,0.21900813935644742,0.4784329200880517,48.92924690246582
1780859489.623248,2.480936087269444,-0.6838369760988176,0.21920383344049782,0.47833820851180064,48.95280194282532
1780859489.644125,2.479234103555484,-0.6827880825891312,0.2190983515583509,0.4779517600424379,48.97367882728577
1780859489.6670516,2.4775619213606617,-0.6816817100384299,0.21896086728508382,0.477478186507418,48.99660539627075
1780859489.688022,2.4758313919936663,-0.6806786080466376,0.21910718366703127,0.47715455058270884,49.01757574081421
1780859489.7101076,2.474067694699947,-0.6797452593980546,0.21913988310868915,0.47693789605639303,49.0396614074707
1780859489.733159,2.4724186074744376,-0.6785922476661744,0.21916942852391597,0.47639122943533163,49.06271290779114
1780859489.7536914,2.470617615551087,-0.6777386835269953,0.21909602770227382,0.4762806963191277,49.083245277404785
1780859489.7770665,2.4689255890740087,-0.6766753519073785,0.21897473397936537,0.47586677097361907,49.10662031173706
1780859489.8026555,2.4672633229925482,-0.6755415297318391,0.21922340278264058,0.475343673384792,49.13220930099487
1780859489.820039,2.465441114191803,-0.6747357219682633,0.21907406192655382,0.4752978642328749,49.149592876434326
1780859489.8412707,2.4637325912519676,-0.6737106359620114,0.21892747122652878,0.4749307279353463,49.17082452774048
1780859489.8614745,2.4621019363062184,-0.6725215484981353,0.21906572970266572,0.4743235793346994,49.191028356552124
1780859489.8832502,2.460417869698717,-0.6714494200879778,0.2189812191985298,0.473880589027341,49.212804079055786
1780859489.906834,2.4586094070167253,-0.6706091486521595,0.21917413870785943,0.47378133490652274,49.236387729644775
1780859489.9265122,2.456908983816009,-0.6695727510187469,0.21901148905969997,0.4733929346324297,49.25606608390808
1780859489.9483702,2.4552291073539014,-0.6684887269441779,0.21909167045075162,0.4729285040276654,49.27792406082153
1780859489.96859,2.453433537772263,-0.6676334198167192,0.21915148135605284,0.4728030582590339,49.29814386367798
1780859489.990892,2.4517905638064135,-0.6664861254485125,0.21908496045292844,0.47224543170625033,49.32044577598572
1780859490.0140371,2.4500413785027946,-0.6655495985761722,0.21896283366642355,0.4719923495891152,49.34359097480774
1780859490.0341437,2.4483090011046373,-0.6645684733171433,0.219151222733063,0.47168313072859647,49.36369752883911
1780859490.0571465,2.4466656398876867,-0.663431942996562,0.21892736851738082,0.4711314020657138,49.38670039176941
1780859490.0772333,2.4449057109208083,-0.6625106453703895,0.21907231241294112,0.4708998277431764,49.406787157058716
1780859490.1000135,2.4431674060883055,-0.6615519239807208,0.21909320387913914,0.4706168789343188,49.42956733703613
1780859490.1223078,2.4414973742618855,-0.6604699412226446,0.21892497466401342,0.47014048416146537,49.45186161994934
1780859490.1450562,2.4397181274445265,-0.6595886904267232,0.2191118773864586,0.46996431632006974,49.47461009025574
1780859490.1683614,2.437975219880418,-0.658652265806541,0.21897264224822363,0.46970401060550593,49.497915267944336
1780859490.1887567,2.4363346076810988,-0.6575017610076206,0.2191428537086948,0.4691294720021748,49.518310546875
1780859490.2125077,2.4345723118351037,-0.6566054554894653,0.21901233834286807,0.46892091001118175,49.54206156730652
1780859490.233877,2.4328603212682314,-0.6556110271204102,0.21888740928145292,0.4685725386147155,49.56343078613281
1780859490.2583148,2.431186493276866,-0.6545291673557427,0.21906937519524441,0.4680926730181767,49.58786869049072
1780859490.2798157,2.4294546856466597,-0.6535770684538421,0.2190088733562361,0.46779945080595553,49.60936951637268
1780859490.300688,2.4277282817610755,-0.6526167652700235,0.21884934582148657,0.4674926140303546,49.63024187088013
1780859490.324778,2.4260104330032264,-0.6516226200720715,0.2191928173253022,0.4671399209179592,49.65433192253113
1780859490.3494606,2.424341337541722,-0.6505585281418077,0.2189345077017674,0.46667383926935724,49.679014444351196
1780859490.3705134,2.422577168994133,-0.6496683443858178,0.21904025850807252,0.4664646618542587,49.70006728172302
1780859490.3939219,2.420827654340633,-0.6487639613174434,0.21885538989282285,0.46623418001611316,49.72347569465637
1780859490.4140544,2.419180433079589,-0.6476427020219772,0.21905523905941612,0.4656826608420399,49.743608236312866
1780859490.435975,2.4174700323200367,-0.6466593580743338,0.21896132568841006,0.46532380315846034,49.76552891731262
1780859490.456881,2.4157115846015986,-0.6457716397129621,0.2189348009169033,0.4651132645967575,49.78643488883972
1780859490.4771118,2.414055704832382,-0.6446715582557792,0.21914958551257468,0.464586339794991,49.806665658950806
1780859490.5011678,2.412337490903884,-0.6437163195721662,0.2189312385677213,0.4642652135745733,49.830721616744995
1780859490.5281363,2.4106184547995775,-0.6427539735529847,0.21893155373624992,0.463938025447872,49.85769009590149
1780859490.5475671,2.4089152120178863,-0.6417590607486361,0.2189993646397522,0.4635605238366418,49.87712097167969
1780859490.5700302,2.4072013895817053,-0.640787212048633,0.21912459050254307,0.46321543415645383,49.8995840549469
1780859490.5901642,2.4055015631287335,-0.6397996898324902,0.21897188388383407,0.462842812185432,49.91971802711487
1780859490.61432,2.4037776442679424,-0.6388583093890657,0.2188931166476953,0.4625383197488153,49.9438738822937
1780859490.6355858,2.4020816825654348,-0.6378538755147682,0.21902692044814365,0.4621439964447074,49.965139627456665
1780859490.655711,2.400403188564078,-0.6368273062372547,0.2189437514415744,0.4617079670368973,49.98526477813721
1780859490.677509,2.3986318489212097,-0.6359796768639532,0.21903204946228078,0.4615396881764875,50.007062911987305
1780859490.6979132,2.3969659883325747,-0.6349268745173066,0.21905607244944159,0.46106597928170245,50.027467012405396
1780859490.7206573,2.395264611265233,-0.6339564252892593,0.21880824136170157,0.4607078360214949,50.05021119117737
1780859490.7438316,2.3935385995824596,-0.6330159447455997,0.2190710445897035,0.4603999403407748,50.07338547706604
1780859490.7639072,2.3918351837006746,-0.6320576038965096,0.2188078650829054,0.46005630343810644,50.09346103668213
1780859490.7853255,2.3901421766560165,-0.6310615061781977,0.21889274271862152,0.459660428695182,50.11487936973572
1780859490.805714,2.388462726638353,-0.6300540229231516,0.21876161879045594,0.4592426430782268,50.13526773452759
1780859490.8289437,2.3867334729438534,-0.6291285890994183,0.21901029334795097,0.4589489921490886,50.15849757194519
1780859490.8503838,2.384984663314056,-0.6282723743308353,0.21874479217474507,0.4587499976669598,50.17993760108948
1780859490.8704453,2.383308945870942,-0.6272398426299819,0.21910056418002333,0.45829972190133805,50.1999990940094
1780859490.893823,2.3817254914863697,-0.6260574401126711,0.21867053023372404,0.457608790479922,50.223376750946045
1780859490.9140007,2.3800294755415936,-0.6250873596751607,0.2186625688263645,0.4572355031238491,50.24355459213257
1780859490.9378617,2.378215334391815,-0.6243442968477324,0.21901808031284103,0.45720180691797996,50.26741552352905
1780859490.959329,2.376456519232173,-0.6235144243370797,0.21879380159767223,0.45703876730870974,50.28888273239136
1780859490.9797804,2.3748222153879026,-0.6224301910878215,0.21872605877236406,0.4564914575832759,50.30933427810669
1780859491.001855,2.3731598371727887,-0.6213859261576157,0.21901912167028617,0.45600605631834945,50.331408739089966
1780859491.0219855,2.371437275723644,-0.6205028098380814,0.2185720140949156,0.4557485399323582,50.35153937339783
1780859491.044157,2.3697052351589942,-0.6195929825002595,0.21918562762703475,0.4554644924966027,50.3737108707428
1780859491.0672426,2.3680385139945175,-0.6186069720310596,0.21857939237084412,0.4550497532417346,50.396796464920044
1780859491.0876646,2.366343591237701,-0.6176274090686785,0.21919773624190683,0.4546559674420134,50.41721844673157
1780859491.1117685,2.3646285391787423,-0.6167461618348181,0.21853924952464956,0.45439103520464386,50.441322326660156
1780859491.1315222,2.362898212477688,-0.6158489699915224,0.21906765006469778,0.4541159528361023,50.46107602119446
1780859491.1533716,2.3612697005440024,-0.6147815458476337,0.21870365286128576,0.453575794045995,50.48292541503906
1780859491.1790173,2.3596325804494334,-0.6137126624220477,0.21888851641284982,0.45303455681310645,50.5085711479187
1780859491.1992345,2.357838162854159,-0.6129778341992751,0.21885037716392633,0.45298325420072416,50.528788328170776
1780859491.2215846,2.356118889984034,-0.6120880140406835,0.21883685121771787,0.4527086284507096,50.551138401031494
1780859491.2446532,2.3545197561478393,-0.6109507949445364,0.21895360760093924,0.45205971410820744,50.574207067489624
1780859491.263145,2.35277076753107,-0.6101261544833857,0.21895329120941565,0.45186781113493346,50.59269881248474
1780859491.2858665,2.3509944146087123,-0.609374614658218,0.21865209675967953,0.45178670345449135,50.6154203414917
1780859491.3060381,2.349324240365915,-0.6083908182433186,0.21871090049416128,0.4513610485026369,50.635591983795166
1780859491.32815,2.3477409547106465,-0.6072140872743286,0.2191051394086728,0.4506503825445396,50.65770387649536
1780859491.3514683,2.3460259934970304,-0.6063427357296509,0.21877734548150926,0.45037724886910535,50.68102216720581
1780859491.3706658,2.344258426654016,-0.6055614404013807,0.21895453341012067,0.4502485362836737,50.70021963119507
1780859491.394006,2.3426644665433733,-0.6044368779016662,0.21880198215639074,0.4496038820448698,50.723559856414795
1780859491.4139397,2.3410041402969184,-0.6034359346465337,0.21897940270369093,0.4491360261945818,50.74349355697632
1780859491.4376636,2.3391915414139755,-0.6027686968722149,0.21883872114303027,0.4491610160034121,50.76721739768982
1780859491.4601815,2.337521290808052,-0.6018102599477579,0.21859405072993585,0.44875697570216033,50.789735317230225
1780859491.4806507,2.3359079979149744,-0.6007057783552804,0.21909946332828734,0.44813775011333234,50.81020450592041
1780859491.5024064,2.334246090302163,-0.5997424471490383,0.21864997398284605,0.44771388387029276,50.83196020126343
1780859491.5238457,2.332522068702951,-0.5988895071702584,0.21878220873664964,0.44745980886943393,50.85339951515198
1780859491.546309,2.3308124438622118,-0.5980082752239245,0.21882421519334205,0.4471629306877354,50.87586283683777
1780859491.5673294,2.32913025544901,-0.5970845809298807,0.21869511246755713,0.4467968565140463,50.89688324928284
1780859491.5884566,2.3274638153097524,-0.5961072597476723,0.21896885140356492,0.4463567822739982,50.91801047325134
1780859491.6114936,2.325822884864893,-0.5951134574756445,0.21857784824562138,0.4458811961407232,50.94104743003845
1780859491.6322184,2.324107895020589,-0.5942314694048723,0.21913989888855434,0.4455786544818281,50.961772203445435
1780859491.6543257,2.3223349878186914,-0.5935199442294222,0.21865719923227903,0.44551720683769247,50.98387956619263
1780859491.6760392,2.3206504897735307,-0.5926052537774325,0.21858980117370763,0.4451624775193448,51.005593061447144
1780859491.6963885,2.319041364096526,-0.5915097611116066,0.2191304902529113,0.44454174875401,51.02594232559204
1780859491.72005,2.3174245755753344,-0.590477615324848,0.21858219770959508,0.44399699426888617,51.0496039390564
1780859491.740364,2.3157423108802067,-0.5895542951666869,0.21881159218693866,0.44362240462398717,51.06991791725159
1780859491.7629101,2.313970855543717,-0.588824080945098,0.21885303618703097,0.44352829501267177,51.092463970184326
1780859491.7848625,2.3122057933523132,-0.5880974014844077,0.21866829265474516,0.4434365342771951,51.1144163608551
1780859491.805197,2.310577761345342,-0.5870779215813229,0.218545155112722,0.4429139999138476,51.134750843048096
1780859491.829879,2.308986906030789,-0.5859479578131366,0.2192201315330281,0.44223158771222515,51.159432888031006
1780859491.8502278,2.307336342488488,-0.585003544625368,0.21856784024068826,0.4418030377206019,51.179781675338745
1780859491.874745,2.3056150363813974,-0.5841760635236123,0.21875901607439152,0.4415578216908571,51.20429873466492
1780859491.8963695,2.3038964429301347,-0.5833413764251252,0.21892332656421734,0.4413015318679552,51.22592329978943
1780859491.9180276,2.3022206540467254,-0.5824459383258689,0.2185834603129652,0.44094444868078675,51.247581481933594
1780859491.9414265,2.3005516910379966,-0.581492231604537,0.21918131291269233,0.44051320809448136,51.27098035812378
1780859491.9642382,2.2989289846072767,-0.5805002848205555,0.21852887772318325,0.4400074001870431,51.29379200935364
1780859491.9836948,2.2972605149670415,-0.5795504706304537,0.21913732109609563,0.4395750781035659,51.31324863433838
1780859492.0060487,2.295499133510385,-0.5788463686837007,0.21867108244231442,0.4394911327128188,51.33560252189636
1780859492.0270483,2.2937585933087514,-0.5780758878544949,0.21875254394708055,0.4393179884040528,51.35660219192505
1780859492.051137,2.292158272909174,-0.5770096673249434,0.21882819600980088,0.43870620455259424,51.380690813064575
1780859492.0748167,2.2905552541441923,-0.5759495128640778,0.21884594336064095,0.4380991410138497,51.40437054634094
1780859492.0989606,2.28889273833472,-0.5750287982348549,0.2187280970251151,0.43769364721455517,51.42851448059082
1780859492.123052,2.2871419396961485,-0.5742757880266,0.21900412035591785,0.43753522585196336,51.45260572433472
1780859492.143995,2.285390086506081,-0.5735536421414552,0.21874959814168468,0.4374180692336953,51.473548889160156
1780859492.1683698,2.2837423452387187,-0.5725937819629526,0.21883768935156667,0.4369549678210589,51.497923612594604
1780859492.1918411,2.282170004629025,-0.5714619459355853,0.21917435285835715,0.43623799788854356,51.52139496803284
1780859492.2118354,2.280433567114644,-0.5707100653186332,0.2189020880549424,0.43606575272546877,51.54138922691345
1780859492.2364125,2.2787124184390057,-0.5699252756257022,0.218656730095707,0.43585159557488673,51.56596636772156
1780859492.2574856,2.2770741201273554,-0.5689394050744018,0.21894702009117786,0.43534735017348325,51.58703947067261
1780859492.2812324,2.2754781306459,-0.5678714407700007,0.21905389561686658,0.4347130904078824,51.6107861995697
1780859492.302794,2.2737299936962727,-0.5671470239436934,0.21885935828859993,0.43457775497908546,51.63234782218933
1780859492.322945,2.272058135582691,-0.5662379535317252,0.21908124093374923,0.4341823841027246,51.652498960494995
1780859492.3458633,2.2704922410706607,-0.5651286370322739,0.21872580531400931,0.433479539339082,51.67541718482971
1780859492.3667305,2.2688165101508857,-0.5642388526208757,0.21875773864320056,0.4330997586212284,51.69628429412842
1780859492.3940797,2.267029103488705,-0.5635781344920378,0.21908866618519154,0.4330586070372444,51.72363352775574
1780859492.416137,2.265341324496237,-0.5627326583067671,0.21873867978544925,0.4327456001949006,51.74569082260132
1780859492.437074,2.2637093111539897,-0.5617362466097786,0.21913604260076394,0.43221442167809876,51.7666277885437
1780859492.4621887,2.2620604790919066,-0.5608113282397749,0.21869548513804493,0.4317762801806868,51.79174256324768
1780859492.4827423,2.260368893574949,-0.5599454274799288,0.21910763630185284,0.43143282223096957,51.81229615211487
1780859492.5117126,2.258667196125604,-0.559134618729899,0.21871556461209823,0.43116039738507084,51.8412663936615
1780859492.5344563,2.256958993270144,-0.558312762437816,0.21898769363854978,0.43087781054368257,51.86401009559631
1780859492.5548518,2.255361144353303,-0.5572644972986575,0.2188954012077773,0.4302626257221691,51.88440561294556
1780859492.5776699,2.253742135385012,-0.5562673960055207,0.21873840002611644,0.42971410216390815,51.90722370147705
1780859492.5979815,2.2520172821990188,-0.5554831091051124,0.21901771303844184,0.42948081802376326,51.92753529548645
1780859492.6225774,2.250252415643498,-0.5548041006923574,0.2188509126031078,0.4293991441324634,51.952131271362305
1780859492.6454513,2.2485785649599994,-0.553918690571117,0.21894794745007304,0.42901612564845415,51.97500514984131
1780859492.6659994,2.2470060483212104,-0.5528133963832501,0.21892912207077272,0.4283124582377713,51.99555325508118
1780859492.688085,2.245367758089307,-0.5518589773447524,0.21882338957538292,0.4278225381602372,52.01763892173767
1780859492.7143748,2.243618489826719,-0.5511315677964445,0.21908202919539146,0.4276661537921642,52.04392862319946
1780859492.733406,2.2418857289244247,-0.5503919891921971,0.21876904440900793,0.42748936316393227,52.06295990943909
1780859492.7553208,2.240209858095596,-0.5495038873270863,0.21905495870283362,0.427100639265678,52.084874629974365
1780859492.776053,2.2386257565190837,-0.5484340264771876,0.21885304166082248,0.4264416529921018,52.1056067943573
1780859492.7999465,2.236966991846162,-0.5475235445047062,0.2187943402619826,0.42601058196907715,52.12950038909912
1780859492.8235478,2.2352024421561136,-0.5468289060129201,0.21910386693338574,0.425895415991258,52.153101682662964
1780859492.842889,2.2334970139992305,-0.5460348805983594,0.21875090582250326,0.4256329197574509,52.17244291305542
1780859492.8669174,2.2318572816767763,-0.5450648194311131,0.21906865599516828,0.4251225984849931,52.196471214294434
1780859492.886942,2.2302516522405593,-0.5440451434716577,0.2188232794807601,0.4245262956645899,52.216495752334595
1780859492.9118457,2.228546770129387,-0.5432233144382739,0.2190768933705769,0.42422159032961915,52.24139952659607
1780859492.93575,2.226788118840346,-0.5425383053081164,0.21889592139887573,0.42411386005474405,52.26530385017395
1780859492.9582536,2.2251170161816405,-0.5416475608159314,0.21905003770790293,0.4237087506608699,52.28780746459961
1780859492.9799278,2.223524575497305,-0.5405924511316291,0.21891268615611956,0.4230633893210767,52.309481620788574
1780859493.0002115,2.221862653410931,-0.5396910266780686,0.21882004555618847,0.42263446085042133,52.32976531982422
1780859493.022182,2.220099828090787,-0.5389953054672766,0.21910720649027848,0.42250570028577794,52.35173583030701
1780859493.0442092,2.21837379770861,-0.5382431992238543,0.21887567361740184,0.4222929432025202,52.37376308441162
1780859493.065142,2.216739481969595,-0.5372677541543578,0.21905111240631833,0.4217616064425824,52.39469575881958
1780859493.0884533,2.2151303485329996,-0.5362500554659949,0.2188728722611884,0.421162343245836,52.418007135391235
1780859493.108931,2.213437605737446,-0.5354083504617623,0.2189582044150969,0.42081665032413085,52.43848490715027
1780859493.1307983,2.2116889461429023,-0.5346843961506612,0.21918760560581724,0.420645914084977,52.460352182388306
1780859493.153756,2.21006424219926,-0.5337047408899734,0.218986421110196,0.420100688248521,52.483309745788574
1780859493.173866,2.208343159839915,-0.5329237517336708,0.21909614915635342,0.41983835023410165,52.50341987609863
1780859493.1954803,2.2066184002364135,-0.532166922723179,0.21888053043807626,0.4196137963787452,52.52503418922424
1780859493.2168243,2.2049820447799275,-0.531191705966287,0.2190928481562555,0.41907951033669466,52.54637813568115
1780859493.2387984,2.203329643661286,-0.5302648127284331,0.2189931588914719,0.41860445895592946,52.56835222244263
1780859493.2642467,2.2015936314684796,-0.5295152510813662,0.2191754906588658,0.41839086328239006,52.59380054473877
1780859493.2846258,2.1999853995914194,-0.5284915830147208,0.2190115324087654,0.417779628840373,52.614179611206055
1780859493.31023,2.1983115086404164,-0.5276124121444631,0.218929624419944,0.41737309425447755,52.63978385925293
1780859493.33125,2.1965449131009263,-0.5269276190314841,0.21914675437746114,0.41725004931526755,52.66080379486084
1780859493.3537605,2.194866032544282,-0.5260660556373521,0.2189237496300949,0.41687013898712255,52.68331432342529
1780859493.3784266,2.1932203406416417,-0.5251111035569952,0.21902853487627957,0.4163581612265155,52.7079803943634
1780859493.399354,2.1915726069695323,-0.524170370386587,0.21901321745248722,0.41586173876121535,52.72890782356262
1780859493.4212806,2.189800208362344,-0.5235035225071304,0.21909914110650577,0.4157552936679769,52.750834465026855
1780859493.4466612,2.1880839200698947,-0.5227288457586905,0.21878421671015424,0.41549553560855834,52.77621507644653
1780859493.4646652,2.1864398587784497,-0.5217619105106569,0.21906231545403962,0.41496645171472135,52.79421901702881
1780859493.4857187,2.1848121506775775,-0.5207701651718921,0.2190610387086985,0.4143906449489503,52.81527256965637
1780859493.5059042,2.1830644089073545,-0.5200501984186707,0.21913540453378455,0.41420746706447353,52.83545804023743
1780859493.5268886,2.1813896943011484,-0.5191717994729429,0.21895262320755268,0.41379815485188587,52.85644245147705
1780859493.5509055,2.17973045585214,-0.5182393790876499,0.21922258604615938,0.4133101864405404,52.88045930862427
1780859493.5694888,2.177963329402844,-0.5175742772708548,0.2189975513442724,0.41319950609723666,52.89904260635376
1780859493.5917745,2.176272464213203,-0.5167276202017644,0.21892678143386343,0.4128335516361563,52.92132830619812
1780859493.6120107,2.1746527984780024,-0.5156999845836597,0.21924493538700165,0.41220829642476886,52.94156455993652
1780859493.6330774,2.172922166030315,-0.5149498359357748,0.2190433532306908,0.41196982095786705,52.96263122558594
1780859493.654497,2.1712301271591055,-0.5141018196752843,0.21903182229266543,0.4115988337792995,52.98405075073242
1780859493.674565,2.1695895761360666,-0.5131353338708297,0.21898928683655855,0.4110551719347093,53.00411891937256
1780859493.69698,2.1678913514950318,-0.512297787573345,0.219031527177465,0.41069269801396047,53.02653384208679
1780859493.7189908,2.166151803788599,-0.5115467793933307,0.2192274404845121,0.4104599247000653,53.04854464530945
1780859493.7416246,2.164515663932131,-0.5105732788078102,0.21911722014794113,0.4099025848040885,53.0711784362793
1780859493.7640681,2.1627674457534414,-0.5098501641296419,0.21914916326237252,0.40970118223744123,53.09362196922302
1780859493.784906,2.161102134375813,-0.5089393820389454,0.2190562504280219,0.4092362357671311,53.1144597530365
1780859493.8066971,2.159421681650683,-0.5080637200337498,0.21897513811384633,0.4088108932077086,53.1362509727478
1780859493.8268495,2.157679707020145,-0.507317444266316,0.21911748597783212,0.40857503690787755,53.15640330314636
1780859493.8498058,2.155981091785944,-0.5064781177874478,0.21917081919065773,0.40820420436793015,53.179359674453735
1780859493.872769,2.154339357060223,-0.5055148126484529,0.21899450507221788,0.4076541597051513,53.2023229598999
1780859493.8932157,2.1526245882806,-0.5047090493122459,0.2190728163420026,0.40732683483347465,53.22276949882507
1780859493.9150724,2.1508891548888154,-0.5039577370446345,0.21896978715081294,0.407077820529433,53.24462628364563
1780859493.93528,2.1492136712827117,-0.5030532322022291,0.21918078416610914,0.406614704936052,53.26483392715454
1780859493.956217,2.1475644694181226,-0.5021048738307421,0.21900882960318382,0.406078658396253,53.285770893096924
1780859493.9792502,2.145814647293638,-0.5013720023816295,0.21922428705235983,0.4058538571426089,53.30880403518677
1780859493.9992583,2.144077665820626,-0.500630551706844,0.21898209958665316,0.4056141771856936,53.32881212234497
1780859494.0227973,2.1424266646269725,-0.4996700643075843,0.21911780209810033,0.40506766075730916,53.35235118865967
1780859494.0438926,2.140716289523867,-0.4988571072928949,0.2190297238507203,0.40472084792571295,53.373446464538574
1780859494.0670488,2.138977756077868,-0.49810518849339286,0.21904355345860244,0.4044689460848758,53.396602630615234
1780859494.0881438,2.137325919169743,-0.497141702713746,0.21925713744813122,0.403913259255809,53.41769766807556
1780859494.1081634,2.135604920961569,-0.496360478184314,0.21903010045307933,0.4036120067748872,53.43771719932556
1780859494.1309917,2.133913941778402,-0.49549547485166423,0.21904189363869248,0.40319751209507615,53.46054553985596
1780859494.1565602,2.132221710100056,-0.49463194147626965,0.2190975348755174,0.4027792308567326,53.48611402511597
1780859494.174074,2.1304921263175345,-0.4938566638939011,0.21912627858714948,0.4024921785549376,53.50362777709961
1780859494.1977644,2.128806226783984,-0.4929818282100165,0.21909163509667554,0.4020551983530334,53.527318239212036
1780859494.2180855,2.1271001364631736,-0.49214917011312165,0.21914176800267693,0.40168375830080016,53.5476393699646
1780859494.2419295,2.125404809950749,-0.4912949102113842,0.21911493288744466,0.40127434770492787,53.57148337364197
1780859494.2642295,2.123688955974836,-0.4904848251352107,0.2191389676687551,0.40093336144784963,53.593783378601074
1780859494.2858095,2.1220019113002575,-0.489611947921684,0.21906635908752503,0.40049565998034176,53.615363359451294
1780859494.3085735,2.1202581288706526,-0.4888667201133466,0.21908890839859085,0.40024690415042574,53.63812732696533
1780859494.3299356,2.1185740520020078,-0.4879814632811032,0.21909505319007772,0.3997970804424362,53.65948939323425
1780859494.3539166,2.116853495192878,-0.4871789387920076,0.21918642157112883,0.3994631957034507,53.683470487594604
1780859494.3751,2.115145940545317,-0.4863474015047754,0.21919825314578703,0.39908911239172973,53.7046537399292
1780859494.395979,2.1134448428340624,-0.4855022328317177,0.21917937619245026,0.39868206999903144,53.72553277015686
1780859494.4215412,2.11172635499718,-0.48470047253655946,0.21910233475973903,0.3983264105975195,53.75109505653381
1780859494.4423425,2.1100368991430534,-0.4838260372523135,0.2191026732300649,0.3978655614402866,53.77189636230469
1780859494.4657044,2.1082921812031272,-0.48308341564203405,0.2190587015643832,0.39759208599047025,53.79525828361511
1780859494.4907217,2.1066095457354206,-0.4821866023884459,0.21915770198801793,0.3970945017765377,53.82027554512024
1780859494.5114417,2.1048872162924663,-0.4813905991118767,0.21911631010996713,0.39664557915283005,53.84099555015564
1780859494.5348732,2.103184209828787,-0.4805472510254116,0.21911035656936964,0.3961330823486904,53.86442708969116
1780859494.5555415,2.101461318671864,-0.47974807506855977,0.2191604500109713,0.3956831582373308,53.8850953578949
1780859494.5775461,2.099758779791054,-0.4789031431574946,0.21915769193320192,0.395173388729706,53.9070999622345
1780859494.6024404,2.0980327019043417,-0.4781152003029459,0.2191207424456031,0.39474755822784147,53.93199419975281
1780859494.6289597,2.0963185340106767,-0.4772963683569225,0.21913123280451055,0.3942814649428019,53.958513498306274
1780859494.650858,2.094606887982063,-0.47647164936021885,0.21912789327790574,0.39380898028185385,53.980411767959595
1780859494.6711996,2.0928962207856596,-0.4756435721557698,0.21913115311627937,0.393334656415548,54.00075340270996
1780859494.692834,2.0911841354874543,-0.47482034735072404,0.21911342496803835,0.3928695383309737,54.022387742996216
1780859494.7156866,2.0894652243643312,-0.47401139086775523,0.21913542334649114,0.3924270444891409,54.04524040222168
1780859494.7360353,2.087747257887569,-0.4732016818352566,0.2191304243490283,0.3919815909336899,54.06558918952942
1780859494.7585304,2.0860394887258673,-0.47236693930290885,0.21910565100412285,0.3915064685718104,54.08808422088623
1780859494.7802773,2.0843158371295702,-0.47157037850641254,0.21910163509834074,0.3910859975922749,54.10983109474182
1780859494.8029175,2.082605585107255,-0.4707435696305236,0.21906400138708498,0.3906224408497758,54.132471323013306
1780859494.8250165,2.0808865686600284,-0.46993733629112544,0.2190283274001054,0.3901911614275839,54.15457034111023
1780859494.8447156,2.0791749884743047,-0.4691116959466324,0.21901714049957033,0.3897338810886186,54.17426943778992
1780859494.8673277,2.0774517488782633,-0.4683123784795142,0.21905741030730222,0.3893157906934972,54.19688153266907
1780859494.89287,2.0757482115744517,-0.46746847539826286,0.21903191712458792,0.38883620557925447,54.222423791885376
1780859494.911463,2.073997605712966,-0.4667376208606238,0.2190304387016682,0.38851704689791333,54.24101686477661
1780859494.9359758,2.0722881278358174,-0.46590668198566654,0.21905961989879066,0.38806024576810394,54.26552963256836
1780859494.9569955,2.070599567801154,-0.4650271328110992,0.21900678421749473,0.3875323096264358,54.28654932975769
1780859494.97956,2.0688531285734317,-0.4642875228293755,0.21900654455922122,0.38720596509410754,54.30911374092102
1780859495.003683,2.0671573370226084,-0.4634192759166369,0.21911417564941257,0.3867010854710511,54.33323693275452
1780859495.0240421,2.0654064347527794,-0.462696291375241,0.21900634774919556,0.38639863866676993,54.35359597206116
1780859495.0477424,2.0637054360005034,-0.4618438907708981,0.21905824828410647,0.38591918552745863,54.37729620933533
1780859495.0677679,2.062008308648193,-0.46098687421582224,0.2190070057490249,0.385429407726555,54.397321701049805
1780859495.0902462,2.0602579538181995,-0.4602587275985783,0.21900849340963097,0.3851260501034144,54.41980004310608
1780859495.1132858,2.0585644457959367,-0.4593855560874184,0.21909790473960916,0.38462041256319424,54.44283962249756
1780859495.1338153,2.05683543998584,-0.4586066478352924,0.21909012871367833,0.3842447931405246,54.46336913108826
1780859495.1592495,2.0551084565036213,-0.45782373304025054,0.21908037463525504,0.38386976494011105,54.48880338668823
1780859495.1791277,2.0534148846865063,-0.4569589470194381,0.21902003501442874,0.3833752228256584,54.508681535720825
1780859495.2021396,2.0516718934935785,-0.45621768217857717,0.2189708081603662,0.38305975739886566,54.53169345855713
1780859495.2244368,2.049969972581568,-0.4553672816622613,0.21907111441133786,0.3825921506940695,54.553990602493286
1780859495.2458518,2.048266268165184,-0.4545333279581446,0.21896924954973965,0.38214324903088226,54.57540559768677
1780859495.2677708,2.0465110583150117,-0.45381877908660534,0.21901069569405554,0.3818709520440482,54.59732460975647
1780859495.2900581,2.044812323713642,-0.4529651323607103,0.21905087754218672,0.3813988802982733,54.619611978530884
1780859495.311782,2.0430821489820055,-0.4521899026604779,0.21912487376700426,0.3810399986325326,54.6413357257843
1780859495.334006,2.0413635696439196,-0.4513904691421665,0.21912260805693046,0.38064769985924407,54.663559913635254
1780859495.3545249,2.0396500542852363,-0.4505873464916114,0.21893714607006706,0.38024885080349513,54.68407869338989
1780859495.3780797,2.037929432917408,-0.4497941252374826,0.21890236505614907,0.37986667460455337,54.70763349533081
1780859495.3989377,2.0362051404867807,-0.4489992764942571,0.21910894895481983,0.3794849842887631,54.72849154472351
1780859495.4216335,2.0344902329849206,-0.44819929662194063,0.2190334877700806,0.37909388237469166,54.751187324523926
1780859495.4451306,2.032771986825945,-0.44740950553571324,0.21887049473763062,0.3787176141688988,54.7746844291687
1780859495.466608,2.031052795497592,-0.4466083444222495,0.21898298471000582,0.37832871896963827,54.79616189002991
1780859495.4915745,2.029337873256398,-0.4458099730705096,0.21894447796425534,0.37794205226801836,54.821128368377686
1780859495.5111828,2.0276146513290016,-0.44503480210455665,0.2187814390822514,0.3775886500069632,54.840736627578735
1780859495.5338733,2.025885151981528,-0.44426131975237243,0.21901619802371156,0.3772414753708322,54.86342716217041
1780859495.5561664,2.0241876115137973,-0.44342794906499716,0.2187733920514676,0.3768062323790087,54.88572025299072
1780859495.5769935,2.022472932766098,-0.44261424849457437,0.21910162658963844,0.37640296021459285,54.90654730796814
1780859495.5979245,2.020731527409825,-0.4418990436997278,0.21879532019018996,0.37613591026167015,54.927478313446045
1780859495.6224174,2.0190146314312436,-0.4410920664179554,0.21910521036537858,0.37574717550049197,54.95197129249573
1780859495.6407666,2.017358757794257,-0.4401616851918927,0.21882822216224554,0.3751723117768222,54.97032046318054
1780859495.6619856,2.0156113078409565,-0.4394449718232784,0.2189570703745219,0.3749069348421372,54.991539478302
1780859495.6823092,2.0138461751208037,-0.4387805549651056,0.2189120823855596,0.374720511581069,55.011862993240356
1780859495.7056446,2.012156175509983,-0.43791818915931785,0.2191018913214491,0.374250378721805,55.0351984500885
1780859495.7303145,2.0104477576533806,-0.4371249863452409,0.21881832275061527,0.37387445924184615,55.05986833572388
1780859495.7531245,2.008711725181717,-0.4363778676074269,0.2190099156838519,0.3735709223820596,55.08267831802368
1780859495.7770283,2.0069861742517205,-0.43562162756191053,0.21898472905193342,0.37325125312302276,55.106582164764404
1780859495.7980666,2.005306526368674,-0.43474888630892816,0.21888001939778512,0.3727673153374873,55.127620458602905
1780859495.822427,2.00357426079356,-0.43400497976722974,0.21893738574903066,0.3724648845154306,55.15198087692261
1780859495.8463364,2.0018640413610296,-0.4332046525646933,0.2189937943672404,0.372089236149062,55.17589020729065
1780859495.866635,2.0001743357627726,-0.43236215243157516,0.21889644424373111,0.37164577386931796,55.19618892669678
1780859495.8882446,1.9984025545008441,-0.43171744471430307,0.21901564750628558,0.37148900249130357,55.217798471450806
1780859495.9084845,1.9966819790044723,-0.4309526476976593,0.21898214595296897,0.37116236735338326,55.238038301467896
1780859495.9319804,1.9950108956544923,-0.4300560601416114,0.21902474518777904,0.3706448041248711,55.261534214019775
1780859495.9534078,1.9932414439864914,-0.4294174080302503,0.21902228989975137,0.3704973034103025,55.28296160697937
1780859495.9730356,1.9915809181611677,-0.4285001697640815,0.21898153865424136,0.3699539890154462,55.302589416503906
1780859495.9952562,1.9898498800915523,-0.4277653865250272,0.21895912014871177,0.369667088347887,55.32481002807617
1780859496.0155234,1.9881150504188094,-0.42704523682507056,0.2188285129020795,0.3694041988266177,55.34507727622986
1780859496.0372121,1.9864150513103123,-0.42621815042956746,0.219043270894981,0.36899192350239396,55.36676597595215
1780859496.0592222,1.9847191904327675,-0.4254012825598633,0.21895801266196682,0.368589426823581,55.38877606391907
1780859496.0799582,1.9829564311411272,-0.4247523361643814,0.2189220674407329,0.36842641268992704,55.40951204299927
1780859496.1029727,1.9812425745156528,-0.4239778149465415,0.2189203389099286,0.368088810557488,55.43252658843994
1780859496.123346,1.97957938013446,-0.42307437523583874,0.21884740152616006,0.3675651444836028,55.45289993286133
1780859496.1449132,1.977854372189022,-0.4223269632492357,0.21892705025175266,0.36726322462257066,55.474467039108276
1780859496.1680892,1.9760969352339337,-0.4216715826595231,0.21883991190816868,0.36709442335930653,55.497642993927
1780859496.190547,1.9744058518344914,-0.42083351329632934,0.21899801579912342,0.3666684349753755,55.520100831985474
1780859496.2153533,1.9726736730391257,-0.42011154399603984,0.21897539942609615,0.36640141006670657,55.544907093048096
1780859496.2372906,1.9709662505973564,-0.41932565206933115,0.21897408058187356,0.3660492480231836,55.56684446334839
1780859496.2651265,1.9692735930026704,-0.41850379126259146,0.2189373895186244,0.36564152799576277,55.594680309295654
1780859496.2877293,1.967524362446685,-0.41782822170849837,0.21893918058167183,0.3654434042690511,55.61728310585022
1780859496.308036,1.9658314761153666,-0.41700153838105897,0.21902430039287762,0.36503528164478904,55.63758993148804
1780859496.3304586,1.9641280537547903,-0.41621206284267265,0.2189653898965058,0.3646726209684381,55.6600124835968
1780859496.3535159,1.9623804021194138,-0.41553624308502773,0.218939065456242,0.3644752587489588,55.683069705963135
1780859496.3722181,1.9606955084215392,-0.4146886382192363,0.21905719416085087,0.36403607869474275,55.7017719745636
1780859496.3949134,1.9589747937745257,-0.4139450875877292,0.21905213430969336,0.3637403248744455,55.724467277526855
1780859496.415974,1.957256023826777,-0.413199308172201,0.2189775353173635,0.36344367835614655,55.74552774429321
1780859496.4387372,1.9555506346351803,-0.4124173179931276,0.21893452646839975,0.3630953346276229,55.768290996551514
1780859496.4618003,1.9538262153227213,-0.41168642027945196,0.2188894569904389,0.36281870657606774,55.791354179382324
1780859496.4828763,1.9521314076384315,-0.4108713889423163,0.21897974072482304,0.3624265292206106,55.81243014335632
1780859496.5055926,1.9504184334428742,-0.41011233610181613,0.2189481947460763,0.3621080682110538,55.83514642715454
1780859496.5300655,1.9486767351692977,-0.40942949917789856,0.2189026104964444,0.3619016748067043,55.85961937904358
1780859496.5530574,1.9469922588716022,-0.4085912456523279,0.21894471369802057,0.3614745377559414,55.88261127471924
1780859496.5761788,1.945263629151474,-0.4078713400323777,0.21901428483106733,0.3612134895288346,55.90573263168335
1780859496.5976186,1.9435439255772549,-0.4071298918139167,0.21902593324175315,0.36092511265730565,55.92717242240906
1780859496.6205587,1.941835991114297,-0.40635838823057374,0.21901920813513095,0.3605900059464364,55.95011258125305
1780859496.6405334,1.9401176389650254,-0.4056150174734799,0.21903513534314278,0.36029946191937334,55.97008728981018
1780859496.6653774,1.9384070510453815,-0.4048531305024169,0.21901904570265426,0.3599776927193883,55.9949312210083
1780859496.6878562,1.9366929014582144,-0.40410030133882363,0.2190026611488893,0.35967158255994924,56.01741003990173
1780859496.7083125,1.934980200371285,-0.4033424326826349,0.21903957112961628,0.35935795523225345,56.03786635398865
1780859496.7297587,1.9332610208114167,-0.40260486508866655,0.21902238357320933,0.35907445371563895,56.05931258201599
1780859496.749899,1.9315438289700528,-0.40186150934708964,0.21901251603801014,0.3587798476321211,56.07945275306702
1780859496.7773528,1.9298354948225296,-0.4010951771666332,0.2190163553219858,0.35845376272727414,56.10690665245056
1780859496.7998633,1.9281221186720139,-0.4003433015926604,0.21899169303322916,0.35814844274638524,56.129417181015015
1780859496.822059,1.9264065088614482,-0.39960056236377384,0.2189338657238248,0.35785536357100156,56.151612758636475
1780859496.8461373,1.924692617650783,-0.39885042232419315,0.21892701174057358,0.35755222422777777,56.1756911277771
1780859496.8671021,1.9229781968516777,-0.3981018284090854,0.21892415653566638,0.35725154584422825,56.19665598869324
1780859496.889857,1.9212645177462282,-0.39734712718099024,0.21900194195200998,0.3569418739306265,56.21941089630127
1780859496.9145584,1.9195395639509563,-0.39662482145104655,0.21910808086722022,0.3566792189929373,56.24411225318909
1780859496.9356854,1.917842581596642,-0.3958410374622288,0.2189425298118644,0.35632656295582166,56.265239238739014
1780859496.9588335,1.9161133770621404,-0.39513671628085145,0.21889845543383968,0.35608616366328505,56.288387298583984
1780859496.9791605,1.9144105418066548,-0.3943542617055662,0.21901168217060346,0.35574080707600864,56.308714389801025
1780859497.0019004,1.9127271843147027,-0.3935315750278626,0.2189172828881601,0.355330055548313,56.331454277038574
1780859497.0257788,1.9109594517509707,-0.3929197178713672,0.2191233635276501,0.355222944233045,56.35533261299133
1780859497.046635,1.90925279172132,-0.39217086374321314,0.21885654085310366,0.35491977802163355,56.3761887550354
1780859497.0699053,1.9075580958166618,-0.3913714213087528,0.2188931807260427,0.35454572646117377,56.39945912361145
1780859497.0940664,1.9058380998686832,-0.3906332485216922,0.2191265923433489,0.35425886660490136,56.42362022399902
1780859497.1115055,1.9040883011177596,-0.39000139591053035,0.2188806412359417,0.35411885519316044,56.44105935096741
1780859497.1356022,1.902409988438388,-0.3891594013096656,0.21892899977622127,0.35368822420049106,56.46515607833862
1780859497.1562078,1.9007229995973913,-0.3883497948431248,0.218821758212547,0.3532939363161649,56.485761642456055
1780859497.1796315,1.898960070979426,-0.3877245598392951,0.21914452224449935,0.3531681640045372,56.50918531417847
1780859497.203585,1.8972456429593045,-0.3870053555373738,0.21878664122025093,0.3529042962981359,56.53313875198364
1780859497.2233522,1.8955513922543952,-0.3861975454656559,0.21901006417033705,0.35251990121878407,56.55290603637695
1780859497.2477713,1.8938684641969343,-0.38538052923762967,0.21893699323228932,0.35211733524474376,56.577325105667114
1780859497.2683673,1.892087578258332,-0.38481739898553485,0.21905907861798224,0.35207479663223307,56.59792113304138
1780859497.290245,1.890406946902303,-0.3839956126131991,0.21891021184684023,0.35167003230701965,56.6197988986969
1780859497.3127391,1.888716190181576,-0.38319825197900736,0.21883138843891992,0.35129266855537367,56.642292976379395
1780859497.3327441,1.886949717733842,-0.38258764949016477,0.21911127693349952,0.35118479635154287,56.66229796409607
1780859497.3565624,1.8852270904101214,-0.38189192694901253,0.21881503196212793,0.3509532979379717,56.686116218566895
1780859497.376781,1.883545046947234,-0.3810554926982404,0.218998508059954,0.35052824440063723,56.706334829330444
1780859497.3988185,1.8818689723069162,-0.3802252253554132,0.21883010939212857,0.35010326848218654,56.72837233543396
1780859497.4212394,1.8801036567067473,-0.3796172405228533,0.21906809891050721,0.3499958929619007,56.75079321861267
1780859497.4419677,1.878358641874603,-0.3789816766523165,0.2187819838740907,0.34985032466853383,56.77152156829834
1780859497.4649537,1.8766719770132485,-0.3781542166642939,0.21908316781415446,0.34943918315536315,56.79450750350952
1780859497.4852138,1.8750104450411103,-0.37728771791850507,0.21885505147083428,0.34896216145585424,56.814767599105835
1780859497.5077965,1.873257028805125,-0.3766523293530634,0.21900140957543296,0.3488136777490549,56.837350368499756
1780859497.5302997,1.8715039770245752,-0.37602296915163863,0.21900128887024717,0.3486792594926298,56.85985350608826
1780859497.550452,1.869833714266167,-0.3751640896280205,0.21908877435590732,0.3482164797606586,56.880005836486816
1780859497.5720067,1.8680535268476264,-0.3746173848740732,0.21896078929623175,0.3481910762826743,56.90156054496765
1780859497.5920746,1.8663309648118462,-0.37391123897220674,0.2188609563346547,0.34794557898866785,56.92162847518921
1780859497.618362,1.864676605646474,-0.37299755125832323,0.21910758580107953,0.34740918134535015,56.94791579246521
1780859497.6413677,1.862951767048253,-0.3723073287795894,0.21883608677241825,0.3471783790385805,56.97092151641846
1780859497.661987,1.861198812043175,-0.371663843360384,0.21909015449739405,0.34702198163548736,56.99154090881348
1780859497.6865156,1.8595041613221335,-0.3708899917957691,0.21886633517064488,0.3466768793098911,57.016069412231445
1780859497.7062912,1.8577932911967263,-0.37013992866805395,0.21893617348710726,0.3463667942487305,57.035845041275024
1780859497.7303798,1.856066857250775,-0.3694413049911047,0.2189624387825602,0.34612820342567474,57.05993366241455
1780859497.7530975,1.8543440783678213,-0.3687327904063918,0.21889973727730905,0.345875666411791,57.08265137672424
1780859497.774078,1.852621268247123,-0.3680076009880349,0.21916924108649424,0.34560184150579154,57.10363173484802
1780859497.7957692,1.8509153305127346,-0.3672627187770566,0.2189943250347618,0.34529601794584686,57.12532305717468
1780859497.8196359,1.8491874358646736,-0.3665695428690273,0.21892222570584802,0.34506284115440433,57.149189710617065
1780859497.8395145,1.8474631213637225,-0.36585091444694356,0.21913967408553658,0.34479835577577056,57.169068336486816
1780859497.8640602,1.8457774782533498,-0.3650437637402893,0.21904687636698703,0.34440409317590337,57.19361400604248
1780859497.884608,1.8440078317772997,-0.3644597760050771,0.21911419190442596,0.34432471093095707,57.21416187286377
1780859497.9095087,1.8423299409614065,-0.36362500220893246,0.21909308856748905,0.3438946453521545,57.239062547683716
1780859497.9332597,1.8405696196850927,-0.3630203973498235,0.21905130568892367,0.343782695832898,57.262813568115234
1780859497.9534185,1.8388671792044549,-0.3622541016920693,0.2190069838266782,0.34344920793957634,57.28297233581543
1780859497.9752848,1.8371570837113838,-0.3615083581855053,0.2189425006300672,0.34314004447711177,57.30483865737915
1780859497.995934,1.8354132684920106,-0.3608422929718134,0.21913956266382303,0.34294605908898923,57.32548785209656
1780859498.0174918,1.8337033759951205,-0.36010427769583947,0.21898323393301586,0.3426482691469026,57.34704566001892
1780859498.042127,1.8319869879620092,-0.35937353674032885,0.21894557357038244,0.3423609491818942,57.37168073654175
1780859498.0621853,1.8302571199598292,-0.35866823822630456,0.21912809704330083,0.34211082884896626,57.39173913002014
1780859498.0847702,1.8285285861628473,-0.35798081079236405,0.21899238810815222,0.3418821954687816,57.414324045181274
1780859498.1052084,1.8268166320361083,-0.35723989051082605,0.2188876689759109,0.3415803844192329,57.43476223945618
1780859498.1287327,1.825101265094864,-0.35648785373178893,0.21921791529303997,0.3412639346449655,57.45828652381897
1780859498.1497815,1.8233539693963878,-0.3558624645286825,0.21883799685087454,0.34111904936916027,57.47933530807495
1780859498.1701162,1.8216197352695471,-0.3551599882926699,0.21918617714722338,0.34087601144256574,57.49967002868652
1780859498.1910863,1.8199702490292409,-0.3542540786516047,0.21889850795666835,0.340339256032518,57.5206401348114
1780859498.211048,1.8182358179388076,-0.3535700920024777,0.21891774280249007,0.34011285558716864,57.54060173034668
1780859498.2355626,1.816435977474641,-0.35305329558432813,0.21922706066997444,0.34012504419870115,57.56511640548706
1780859498.2583013,1.81476613038486,-0.3522019424462202,0.2189573582996717,0.33966797751985034,57.587855100631714
1780859498.2791247,1.8130551660015293,-0.35145565323199934,0.2188633176378812,0.33935220374410235,57.608678579330444
1780859498.3035169,1.8112756368308451,-0.3508817334658272,0.2191304967331939,0.3392824654432758,57.63307070732117
1780859498.3264716,1.809522176138692,-0.35025914787291634,0.21899771698944126,0.3391428889987864,57.656025409698486
1780859498.3498049,1.8078500574164453,-0.34938879618740104,0.21913712952580283,0.33866033037318033,57.67935872077942
1780859498.3729885,1.8061039154522442,-0.34874288605236137,0.2189754271901774,0.3384825546594392,57.702542304992676
1780859498.3943136,1.8043472114021584,-0.3481211047717772,0.21893198979575712,0.33834571344172915,57.723867416381836
1780859498.4185367,1.802662183912023,-0.3472787662574441,0.21916644717092468,0.33790209431297935,57.748090505599976
1780859498.4398308,1.8009644792394364,-0.34649620562303485,0.21900555111217673,0.3375345272357695,57.76938462257385
1780859498.4664664,1.7991795650483808,-0.34594185789090154,0.21916813436520424,0.3374879134811195,57.79602026939392
1780859498.4911487,1.7974808269520546,-0.3451597550023712,0.218981493373071,0.33712598470375355,57.82070255279541
1780859498.511626,1.795764662972322,-0.3444182551361647,0.2189588049588398,0.336815251106497,57.841179847717285
1780859498.5382657,1.7939939081573306,-0.3438214786499573,0.2190991280731697,0.33671115302278487,57.8678195476532
1780859498.5632713,1.7922622255263887,-0.34312109734913276,0.21914886579837173,0.33646144876776596,57.89282512664795
1780859498.5821311,1.7905743053213417,-0.3423008280555028,0.21904293245342296,0.3360425288823734,57.9116849899292
1780859498.604034,1.788811606066085,-0.3416809652779941,0.21916613547132946,0.3359014917720531,57.93358778953552
1780859498.624329,1.7870578942387372,-0.34104855278651314,0.21905330802446804,0.33574580728941417,57.953882932662964
1780859498.6465619,1.785367200251795,-0.3402242370053008,0.21909970853369742,0.33532220117484,57.976115703582764
1780859498.6699524,1.7836335283766565,-0.33952526620489687,0.21914339737040428,0.3350703642852002,57.99950623512268
1780859498.6903212,1.7818482856974027,-0.3389828774779128,0.2189850698869906,0.335036294518396,58.019875049591064
1780859498.7134874,1.7801331611596816,-0.3382273598635731,0.21903098266355084,0.33470999541425606,58.04304122924805
1780859498.7337298,1.7784412431731933,-0.33740621930781384,0.21901207652734841,0.3342866401579325,58.06328368186951
1780859498.7569835,1.7766817704838014,-0.3367709677947287,0.21920025319108155,0.3341248539373938,58.08653736114502
1780859498.7787533,1.774933330539366,-0.33612563874341617,0.2189500935994391,0.3339459495196557,58.108307123184204
1780859498.799034,1.773227978489057,-0.33533357571950045,0.21906599872637497,0.3335679370332194,58.1285879611969
1780859498.8216834,1.7715201481173963,-0.33456189500628364,0.21897776771927116,0.33321133613881937,58.15123724937439
1780859498.842609,1.7697271523564588,-0.33401775127082745,0.21918024657083154,0.333174049359827,58.172162771224976
1780859498.8658454,1.768010716934056,-0.33327493366647615,0.21898245424146767,0.33286139290391326,58.19539928436279
1780859498.887791,1.766271502890454,-0.3325768625761497,0.21910605240825737,0.3326074448626546,58.217344760894775
1780859498.9086294,1.7644988740603103,-0.33198919793479736,0.21902176660748265,0.33251014662399214,58.23818325996399
1780859498.930433,1.762798261110059,-0.33117522136040334,0.21923328094601272,0.3320988028967973,58.259986877441406
1780859498.9517806,1.7610712984250287,-0.3304638460008946,0.21897164457821067,0.3318236649452828,58.281334400177
1780859498.974129,1.7593050803680321,-0.32984573541609735,0.21903341600046958,0.3316810606249678,58.303682804107666
1780859498.9978273,1.7575699383377532,-0.3291384975073855,0.21910450885641666,0.33141698290662713,58.3273811340332
1780859499.0180154,1.7558535109349656,-0.3283849845405198,0.21898479288000833,0.33108405726065193,58.34756922721863
1780859499.0418386,1.7540891527702498,-0.3277584780510879,0.21907122365778048,0.33092891972955396,58.371392488479614
1780859499.0617902,1.7523562282247955,-0.32704355774357674,0.21912306694892636,0.3306530312990059,58.39134407043457
1780859499.0869603,1.7506327594773103,-0.3263079763887149,0.21901027762455738,0.33034428870196564,58.4165141582489
1780859499.1091583,1.7488626540982264,-0.3256989664897038,0.21904132344167093,0.33021169941962825,58.43871212005615
1780859499.1290526,1.74713269115339,-0.3249740359359148,0.21906796767446254,0.32992108331144543,58.458606481552124
1780859499.1513257,1.745402095957121,-0.32425425695447535,0.21899136343591388,0.32963253708779927,58.48087954521179
1780859499.1709094,1.7436440944418519,-0.3236013434137223,0.21912735453986001,0.32944107931915934,58.500463247299194
1780859499.1920764,1.7419165493608515,-0.32287089628949844,0.21913277858351526,0.32913912116579525,58.52163028717041
1780859499.2156365,1.7401615471310095,-0.3222237251862041,0.21900289679316282,0.32895049522009945,58.54519033432007
1780859499.2359304,1.7384271689523172,-0.32150512696852823,0.21905662403797535,0.3286670137957781,58.565484285354614
1780859499.2593079,1.736693132362111,-0.3207894724743352,0.21905045317987523,0.3283815069368039,58.58886170387268
1780859499.2846706,1.7349154326944254,-0.32019400620994354,0.21917564092397984,0.32826945385137485,58.614224433898926
1780859499.302129,1.733225543988582,-0.31935923030798535,0.21895504887848527,0.3278186765324147,58.63168287277222
1780859499.3245835,1.7314565404655597,-0.3187387984286722,0.21905968499392706,0.32766602657887844,58.65413737297058
1780859499.3452554,1.7296912810611,-0.3181142241949521,0.21900171177665917,0.3275107206212562,58.674809217453
1780859499.3682244,1.7279621621826486,-0.3173720643335733,0.21912836231847163,0.32719042056791103,58.69777822494507
1780859499.3918762,1.726208433464987,-0.31670790282461425,0.21920852710276076,0.32697723374981,58.72143006324768
1780859499.411633,1.72445841982475,-0.3160502408651587,0.2189372713982936,0.32677065325309407,58.74118685722351
1780859499.4345949,1.7227173380126974,-0.3153439253874003,0.21901787543398962,0.32649994009929717,58.7641487121582
1780859499.4547482,1.7209810016203666,-0.31462101290786326,0.21919905661942973,0.3262038395303568,58.78430199623108
1780859499.477981,1.7191993917820765,-0.31405385893375476,0.21896800426860047,0.3261210781457109,58.80753493309021
1780859499.5005648,1.7174779745114377,-0.31329058017663897,0.21903186920679094,0.3257723188752628,58.83011865615845
1780859499.5242884,1.7157317625441149,-0.3125984606703999,0.2191094901238861,0.32551417350023026,58.85384225845337
1780859499.5466633,1.7139506456265892,-0.31202746816035215,0.2189182031027571,0.3254279379716909,58.87621712684631
1780859499.5668902,1.7122402929347424,-0.3112237375858843,0.21909871664107217,0.32502195557518654,58.89644408226013
1780859499.589847,1.710485141300759,-0.3105656454374082,0.21902659870449467,0.3248086856906838,58.91940093040466
1780859499.6140788,1.7087135545280232,-0.3099557614156173,0.21897225986782776,0.324669627426605,58.94363260269165
1780859499.6358569,1.7069983304890506,-0.30916094631062035,0.21921066207682932,0.324272682044521,58.9654107093811
1780859499.6581376,1.705233331814344,-0.3085455549656941,0.218943184350427,0.32411785078897637,58.9876914024353
1780859499.6796021,1.703485565135581,-0.3078564971457061,0.21898617602623474,0.3238674413812772,59.00915598869324
1780859499.7012756,1.7017647574304513,-0.3070884344530385,0.21908951740985608,0.32350420657482104,59.030829429626465
1780859499.7229128,1.6999634914519872,-0.30657015521257625,0.21895220607329974,0.32348352148872994,59.05246663093567
1780859499.7429688,1.6981886492160223,-0.30597572156191577,0.21880287589172226,0.32336167217502965,59.07252264022827
1780859499.768398,1.6964854166834804,-0.3051445209674575,0.21903214409467936,0.3229143550695941,59.097951889038086
1780859499.7886603,1.6947605188636845,-0.30438827500421345,0.21906064568993353,0.3225614698944792,59.11821413040161
1780859499.8123102,1.6929435124190142,-0.303911826461281,0.21907328568926054,0.3226009990247025,59.14186406135559
1780859499.835529,1.6912382559647576,-0.3031062831739246,0.21894605248364063,0.32218636374234055,59.165082931518555
1780859499.8561897,1.6895258538456368,-0.3023139701836733,0.21895245302404975,0.32178260001055037,59.18574357032776
1780859499.8788507,1.687719933432808,-0.30179869266090675,0.2190764668812815,0.32176671384238453,59.208404541015625
1780859499.8990867,1.6859626067395421,-0.3011510566422134,0.21888340734618097,0.3215683992409648,59.22864055633545
1780859499.9225924,1.6842521887876618,-0.3003506978045546,0.21900034360373663,0.3211561843688955,59.25214624404907
1780859499.9463487,1.682471551549045,-0.29976386939558797,0.21898182053162787,0.3210361742625789,59.27590250968933
1780859499.967563,1.6806756855111114,-0.2992258655273137,0.21898053925660144,0.3209886766860812,59.29711675643921
1780859499.9905417,1.6789713033298763,-0.29840670512570544,0.21909375252206265,0.3205502297264857,59.32009553909302
1780859500.013482,1.6772419960143095,-0.2976810544900361,0.218829239500711,0.3202350036539299,59.34303593635559
1780859500.0325062,1.6754648557821539,-0.297064976772453,0.21921577899983893,0.3200780581752749,59.36206007003784
1780859500.0560176,1.6737060225260887,-0.2964423818071219,0.2187518461902091,0.31990573479924844,59.38557147979736
1780859500.0768914,1.671947214983982,-0.295764150157733,0.21924078895559918,0.3196636886279265,59.406445264816284
1780859500.1018825,1.6702355560750384,-0.29499830590577514,0.21883201065355054,0.3192911875179911,59.43143630027771
1780859500.1249878,1.6684652745204491,-0.29436770645927085,0.21910368927668009,0.3191074927558759,59.45454168319702
1780859500.1454406,1.6666626704397451,-0.2938727077559364,0.2187637900163375,0.3191129794146983,59.47499442100525
1780859500.1693876,1.6649219232795647,-0.2931614559911265,0.21890747865185262,0.3188218487704617,59.49894142150879
1780859500.1898563,1.6632257439020355,-0.29231085910849447,0.21911657513868218,0.31833278520280217,59.519410133361816
1780859500.2131774,1.6614524628337428,-0.2917257305960332,0.21884685427333392,0.3182077947320172,59.542731285095215
1780859500.2365584,1.6596797097692757,-0.2911075570620321,0.21903547158588074,0.31804400274457034,59.56611227989197
1780859500.2570648,1.6579582317927444,-0.29035765249864914,0.21893193175821332,0.3176917775849155,59.58661866188049
1780859500.2794974,1.6561942282917765,-0.2897248770877143,0.21893639144215143,0.31750102981058603,59.60905122756958
1780859500.30014,1.6544169729886016,-0.28913780848361625,0.21896604364145322,0.3174377622068745,59.62969374656677
1780859500.323381,1.6526937548267393,-0.2883873490734581,0.21888724456857,0.31717844168368536,59.65293478965759
1780859500.3472836,1.6509710345907778,-0.2876258341232496,0.21904099187833093,0.3168984112762274,59.67683744430542
1780859500.371321,1.6491506112675705,-0.2871702958467506,0.21903460942366365,0.317040356373667,59.70087480545044
1780859500.3946915,1.6474116473191651,-0.28647606311427065,0.21889027902987043,0.316850282178482,59.72424530982971
1780859500.4163337,1.645697470448197,-0.28569156600004836,0.2189432891725699,0.3165316095294699,59.74588751792908
1780859500.4388561,1.6439553933937974,-0.2849954638524775,0.21902276938274606,0.31633152831434863,59.768409967422485
1780859500.460908,1.6421427382803562,-0.28451558387409154,0.21904034448793186,0.3164308077293816,59.79046177864075
1780859500.481054,1.6404131094694354,-0.2837907570100086,0.21897346429295858,0.31618658352633133,59.81060791015625
1780859500.5023801,1.6386846431176718,-0.28306081200876654,0.21887603722362933,0.3159357743858582,59.83193397521973
1780859500.523029,1.6369203447501448,-0.2824205497953154,0.21915435589449203,0.315809720925194,59.852582931518555
1780859500.5475135,1.6351260355359731,-0.281901979240017,0.2189396088457226,0.3158491725999273,59.87706732749939
1780859500.5710287,1.6334002185129033,-0.2811546245851254,0.2190521719740009,0.3155713744549207,59.90058255195618
1780859500.5915928,1.631679584434011,-0.2804058325868022,0.21890182209681322,0.3152833739185237,59.921146631240845
1780859500.616179,1.629897400860009,-0.279822433858992,0.21915907304599355,0.315233971246089,59.945732831954956
1780859500.6372492,1.6281424465517322,-0.2791924682679855,0.2188457356318632,0.3151129614965562,59.96680307388306
1780859500.6617708,1.626404078989341,-0.2784814152718309,0.2189687569228478,0.31488039203141494,59.99132466316223
1780859500.6835365,1.6246806433218666,-0.2777379870073477,0.21897590892221788,0.3145964857804451,60.01309037208557
1780859500.7069352,1.6228747587811487,-0.2772460012332782,0.21893589001859817,0.3146633226466964,60.03648900985718
1780859500.7285879,1.6210923514054143,-0.2766921212027358,0.21877391304782806,0.3146468868250789,60.05814170837402
1780859500.752486,1.6193780844173755,-0.27590552477525865,0.21901316425457587,0.31430544011974426,60.08203983306885
1780859500.7719738,1.6176673304164728,-0.275124552796485,0.21893667077986387,0.31396080221834133,60.10152769088745
1780859500.7945645,1.6158718920667858,-0.2746005264436539,0.21901938734463947,0.31397753230649084,60.12411832809448
1780859500.8151062,1.6141363070205743,-0.27390056215940833,0.2188873008204965,0.313752265086098,60.144659996032715
1780859500.8380632,1.6124039028307076,-0.2731759252837487,0.21905621563516187,0.3134860748840991,60.167617082595825
1780859500.8600748,1.6106016539187633,-0.2726829236330979,0.2189436614407561,0.31354129273811804,60.18962860107422
1780859500.8804593,1.608869917455766,-0.2719594107465392,0.21907748005986413,0.31327504010438467,60.21001315116882
1780859500.9051588,1.6071529823077007,-0.2712099730337966,0.21888112912099952,0.3129659545898047,60.23471260070801
1780859500.9262836,1.6053573002006516,-0.2706807426060265,0.2190668964858583,0.3129652494787285,60.25583744049072
1780859500.952335,1.6036304500749894,-0.26995631707994033,0.21895876203697384,0.3126930818685212,60.28188872337341
1780859500.9757054,1.6018819701406022,-0.2692972175755578,0.21888926284230908,0.3125021602589939,60.305259227752686
1780859500.997781,1.6000992264434053,-0.26873462253895813,0.21895284523361025,0.31245048367054373,60.32733488082886
1780859501.0205958,1.5983408261153351,-0.26809897240874336,0.2190663041689071,0.31229603949364915,60.350149631500244
1780859501.0416808,1.5966304677025598,-0.2673334835364149,0.21880869481386103,0.311955093021421,60.37123465538025
1780859501.0647101,1.5948757899299473,-0.2666824648554801,0.2189467622746901,0.31176934665456457,60.39426398277283
1780859501.0861244,1.5930659390748243,-0.26620338059305654,0.2190997801739109,0.3118259839958295,60.41567826271057
1780859501.1101518,1.5913814682811909,-0.2653571071029767,0.21891149132180152,0.31137205933021583,60.43970561027527
1780859501.1342797,1.5896271740483132,-0.2647235676496496,0.21875976427860555,0.31120532496235676,60.46383357048035
1780859501.1553836,1.5878227863320504,-0.2642145501988902,0.21912122707473114,0.311216703039662,60.4849374294281
1780859501.1773305,1.586065484661528,-0.26360451321122536,0.218825319990669,0.3110799485374818,60.50688433647156
1780859501.2003782,1.5843489835095803,-0.26283667491554813,0.21896812146641534,0.31072756323086637,60.52993202209473
1780859501.2229369,1.582630256625197,-0.26209890910766187,0.21880055076086669,0.3104087305512717,60.55249071121216
1780859501.2481146,1.5808317296461794,-0.261583617767034,0.21906003073608987,0.31040013683276335,60.57766842842102
1780859501.2709255,1.5790586367631958,-0.2610172741196455,0.2188253286897093,0.3103178600167986,60.60047936439514
1780859501.2971213,1.5773263684456,-0.2602944330904745,0.21909006654069973,0.31002002171532617,60.62667512893677
1780859501.319976,1.575608687586062,-0.25955520862814646,0.21892538001155484,0.3096923155056732,60.64952993392944
1780859501.3427632,1.573809993722479,-0.25904813500598395,0.21910661248181298,0.3096882540610473,60.672317028045654
1780859501.365557,1.5720572782482785,-0.25842461875594575,0.21881338451344,0.30951817411033034,60.69511079788208
1780859501.3857071,1.570317404936883,-0.25772709742045874,0.2190728164650743,0.3092443758376815,60.71526098251343
1780859501.4081676,1.5685704723071972,-0.2570818215147382,0.21893884443212283,0.309040555191185,60.73772144317627
1780859501.42879,1.566799175331514,-0.2565050163770966,0.21886310923767807,0.3089297999810965,60.75834393501282
1780859501.4494593,1.5650492006754022,-0.2558459964725503,0.2190719895256844,0.3087072594116371,60.77901315689087
1780859501.4699697,1.5633429061425077,-0.25507771981605454,0.2188425967579886,0.30832040055495646,60.79952359199524
1780859501.494608,1.561557286440925,-0.2545350078043463,0.21900281458949514,0.3082491589774552,60.824161767959595
1780859501.5137558,1.559780089743912,-0.2539843043744816,0.2188394883515128,0.30817171773461105,60.8433096408844
1780859501.536463,1.5580418828635725,-0.2532842803237756,0.21912556627704685,0.3078849693564836,60.86601686477661
1780859501.5571418,1.5563216451427337,-0.25256360788782006,0.21889461218959155,0.3075605059059088,60.88669562339783
1780859501.5786054,1.5545190940327416,-0.2520779435918559,0.21901456533929112,0.30756013312909225,60.908159255981445
1780859501.6020744,1.5527812334378004,-0.2514038767133823,0.21887868779907138,0.30730470858573167,60.93162822723389
1780859501.6231909,1.551057754852139,-0.2506678396894471,0.21903629220804555,0.3069569046713152,60.95274472236633
1780859501.6468062,1.5492417258746536,-0.25023554177042123,0.2190241808197709,0.3070303831213348,60.97636008262634
1780859501.6717286,1.547527540232886,-0.2494918009361676,0.21884437873663717,0.3066690274844319,61.00128245353699
1780859501.6943216,1.545786799175924,-0.24880667959384964,0.21906066567799148,0.3063839618652313,61.02387547492981
1780859501.717074,1.5439840997574752,-0.24834316747673585,0.21887931942301414,0.30641162382455533,61.04662775993347
1780859501.7383647,1.542247597048426,-0.24765072588672155,0.21905391890499198,0.3061188715358849,61.06791853904724
1780859501.763646,1.540543726144982,-0.24687612455784022,0.21885908920303698,0.30570364193628397,61.093199729919434
1780859501.7839773,1.5387693801013969,-0.24630645397555592,0.218983432714551,0.3055710703322916,61.1135311126709
1780859501.8057814,1.5369856568104134,-0.24578257957242877,0.2188189487895928,0.3055080999343298,61.135335206985474
1780859501.8295386,1.5352430845091505,-0.2451043347786605,0.21907354382900998,0.3052330696588177,61.15909242630005
1780859501.8533266,1.533535467690494,-0.2443437852343972,0.21886991216207938,0.30483102588138955,61.18288040161133
1780859501.87597,1.5317482215124232,-0.24381473426088446,0.2190266683471084,0.3047506161605362,61.20552372932434
1780859501.8959599,1.529983312394592,-0.243226762528627,0.21895717660400477,0.304591995837022,61.22551369667053
1780859501.9179933,1.5282524313743886,-0.24252323298989514,0.2190388856858474,0.3042666080481631,61.2475471496582
1780859501.9396524,1.5264610742419082,-0.24201982902614988,0.2189930194078529,0.30421999854167936,61.269206285476685
1780859501.9613078,1.5247342220361904,-0.24129999805644065,0.219125724173887,0.3038685314271108,61.2908616065979
1780859501.9836886,1.5229772764271359,-0.24069457735932936,0.21900119700580345,0.30366910903979516,61.31324243545532
1780859502.0038862,1.5212142393033408,-0.24010798261957988,0.21883631320608127,0.30349877298167005,61.33344006538391
1780859502.0259628,1.5194621972455702,-0.23946177353665654,0.21905893641924576,0.30324693233954836,61.3555166721344
1780859502.0489187,1.517724418430378,-0.23878998926943765,0.21903119218127995,0.3029506419279002,61.378472566604614
1780859502.069062,1.5159389080922412,-0.23826812639300546,0.21900328090427676,0.30286332006227834,61.39861583709717
1780859502.0918913,1.5141765596911614,-0.23766716503892965,0.21907699643620904,0.3025087217633393,61.42144513130188
1780859502.1118593,1.5123672084950968,-0.23728107191229547,0.2184553637452851,0.3018925001464927,61.441413164138794
1780859502.133715,1.5106057660837098,-0.23671829152842525,0.21861231271398712,0.3010446939336262,61.463268756866455
1780859502.1558177,1.508933395319241,-0.235886316347601,0.21900446966281423,0.29982905020417405,61.485371589660645
1780859502.176777,1.5072749750875685,-0.23506610747170523,0.2188824965903531,0.29863005056488134,61.506330728530884
1780859502.1984746,1.5055885614789213,-0.23438738311482238,0.21850358626364724,0.29783938293567935,61.52802848815918
1780859502.2226727,1.5038657298508553,-0.23381428800397397,0.21867730239168037,0.29735768166650534,61.552226543426514
1780859502.2415075,1.502059372621849,-0.23354199680937324,0.21892057910760687,0.29729895452743627,61.57106137275696
1780859502.263034,1.500324482122795,-0.2330555801305366,0.219219434339599,0.2969506961280697,61.59258794784546
1780859502.2833333,1.498723711952833,-0.23222416169755505,0.21855694793350844,0.29611596454775224,61.612887144088745
1780859502.3053553,1.4970960357651613,-0.23143903238894653,0.21892732570935755,0.2953502923157778,61.63490915298462
1780859502.3287005,1.495351354452689,-0.23110807056356913,0.21862033273410458,0.2952090620713701,61.65825438499451
1780859502.3513596,1.4935822678550257,-0.23083839015849555,0.21904195883886182,0.29516593814419956,61.68091344833374
1780859502.374951,1.4919679177748253,-0.23012775292673263,0.21877685555999368,0.29451189873758743,61.70450472831726
1780859502.3953357,1.4904179415714536,-0.22921036631064448,0.21889726374406127,0.2935696399210004,61.724889516830444
1780859502.418018,1.4887681253427465,-0.2286576296373965,0.21880708505602164,0.2931276890845247,61.74757194519043
1780859502.438924,1.4870360398684266,-0.22840582764531345,0.21875892310045197,0.29310818664134697,61.76847791671753
1780859502.461124,1.4853640566082051,-0.22794253866818434,0.2192388468757798,0.2928072778167916,61.79067778587341
1780859502.4867704,1.4838519003702944,-0.22703187168802372,0.21886623434924815,0.29188023356073955,61.81632423400879
1780859502.5077028,1.4822922283066893,-0.2263054455479854,0.21847588334192108,0.29120415255196086,61.83725666999817
1780859502.5334733,1.4806574676574233,-0.22582376091612583,0.218524361597672,0.290870303922957,61.86302709579468
1780859502.5585635,1.4789594170758744,-0.2255411970232665,0.21916890946669607,0.29081814802853057,61.88811731338501
1780859502.5799086,1.4773059128224106,-0.22521591341978062,0.2185562502745264,0.290705331332771,61.909462451934814
1780859502.6021993,1.4757021413500475,-0.2247097740178339,0.21861467932630688,0.29034430373949327,61.931753158569336
1780859502.6222122,1.4741776631989398,-0.22393720880402668,0.21898296464114672,0.289624876353507,61.95176601409912
1780859502.6483836,1.4726928815510716,-0.22309381727856026,0.21881224539808564,0.28879490059213353,61.97793745994568
1780859502.6726177,1.471116688706608,-0.22259258990495953,0.21851714614375958,0.28844017722019366,62.00217151641846
1780859502.6930118,1.4694880359371159,-0.22222795264764356,0.2191624505137597,0.2882795171549084,62.022565603256226
1780859502.7189493,1.4678604618549513,-0.22196435154527952,0.2186002627848434,0.2882561671379218,62.048503160476685
1780859502.7392292,1.4662929981431163,-0.22148816509603125,0.2185338879552401,0.28794576450794906,62.06878304481506
1780859502.7631757,1.4647911667476041,-0.22078370092233468,0.21895102075700315,0.2873237319508064,62.092729568481445
1780859502.7857518,1.4633400860050199,-0.21994515158739025,0.21913996510012354,0.2865121819493073,62.11530566215515
1780859502.806156,1.4617821440889112,-0.21953985456260872,0.21863558406599531,0.28629244655057384,62.13570976257324
1780859502.8284712,1.4601966482163078,-0.21917868664872692,0.21924305697828028,0.2861468528083684,62.15802502632141
1780859502.8515182,1.4587019888397763,-0.21860215424024554,0.21874118281870855,0.28569861988441936,62.18107199668884
1780859502.8739653,1.4572313232544079,-0.217926986109208,0.21892341204001417,0.28511784999747647,62.203519105911255
1780859502.8962023,1.4556915134830526,-0.21750565379364678,0.219073418841872,0.2848835406506236,62.22575616836548
1780859502.916471,1.4541203386450463,-0.21724842036667238,0.21881277110693725,0.28487710564697455,62.24602484703064
1780859502.940903,1.4526449198511422,-0.21667954716978793,0.21859780107592613,0.2844462079614516,62.27045679092407
1780859502.964047,1.451198265052611,-0.21597790280221627,0.21924084898529142,0.28383776117095394,62.2936007976532
1780859502.985296,1.4497706210693597,-0.2153193303821566,0.21861174958537852,0.283276846807583,62.314849853515625
1780859503.0074031,1.4482994119192385,-0.2147669541359192,0.21897351221208478,0.28286986783842316,62.33695697784424
1780859503.0283728,1.4467334824862081,-0.21458367781725776,0.21900732886817406,0.28296825630323674,62.35792660713196
1780859503.0548496,1.4452543096359791,-0.21415005237392173,0.21862854681682814,0.28272762938095397,62.384403467178345
1780859503.0786226,1.443815776503936,-0.21355067434711428,0.21901419233286132,0.2822611672584294,62.40817642211914
1780859503.0984027,1.4424256733382497,-0.21284035095840056,0.21881566340305977,0.2816384391073017,62.42795658111572
1780859503.1198657,1.441002955824063,-0.21225236824083366,0.21886618459471063,0.28118464119192055,62.4494194984436
1780859503.1402786,1.4394988525992112,-0.21195924327342988,0.2190258317229648,0.2811365575948974,62.46983242034912
1780859503.1615458,1.4380341492185313,-0.21156509045672123,0.21891185129855348,0.2809547739401683,62.49109959602356
1780859503.185405,1.4366347299317836,-0.21096700751403047,0.21888721550612153,0.28048965665731984,62.51495885848999
1780859503.2064085,1.4352128697485562,-0.21045240274101118,0.21898361540129446,0.2801391332128551,62.53596234321594
1780859503.2288606,1.4337660996762318,-0.21007008216671721,0.21883170977390093,0.2799704579451179,62.558414459228516
1780859503.2497642,1.4323559493165394,-0.2095456364026898,0.21909753083650366,0.27961367597658704,62.579318046569824
1780859503.2746449,1.4310020279008955,-0.208882492287399,0.21892802603823683,0.27906008320373576,62.604198694229126
1780859503.2987812,1.4295652447399148,-0.20851890146942598,0.21884504409250113,0.278915909852973,62.62833499908447
1780859503.319679,1.4281251836415971,-0.2081550306014018,0.21922507375339512,0.27878117830653615,62.64923286437988
1780859503.3426123,1.426789540106303,-0.2074993315006738,0.21888439966993764,0.27824066586102614,62.67216610908508
1780859503.365025,1.4253945785578066,-0.2070466181756075,0.21884944426696565,0.27797545033259397,62.694578886032104
1780859503.3870711,1.4239577139803246,-0.20673282186010597,0.2192543549992764,0.27790960544034427,62.71662497520447
1780859503.4098763,1.422617327763358,-0.206158238685068,0.21881485047535212,0.27748169238097553,62.73943018913269
1780859503.4297068,1.4212611814864309,-0.205607889261589,0.21911485596570818,0.27708706053336307,62.75926065444946
1780859503.4558606,1.4198245390475615,-0.20539011533885748,0.21897581863894,0.2771489554746456,62.78541445732117
1780859503.4763963,1.41847037529869,-0.20490661770839802,0.2187875904917039,0.276848338184994,62.80595016479492
1780859503.5000448,1.4171562887415086,-0.20426401872616504,0.2190896259646282,0.27633365685497857,62.82959866523743
1780859503.5247796,1.4158457804638607,-0.20367405012299122,0.21881083205470753,0.2758839857354154,62.85433340072632
1780859503.5464008,1.4144626655939274,-0.20333142886299246,0.2188918084167435,0.275774444800474,62.87595462799072
1780859503.568242,1.4130703994869585,-0.20303450090070224,0.2190380456581502,0.2757338745397515,62.89779591560364
1780859503.5885663,1.4117541021889075,-0.2025181409759797,0.2188308943551262,0.2753882543136221,62.91812014579773
1780859503.6136565,1.4104382041089318,-0.2019844407960346,0.21903870754253207,0.2750215527192923,62.94321036338806
1780859503.6380897,1.4091202595033827,-0.20152333116072257,0.21868711307672295,0.27475013797577397,62.96764349937439
1780859503.6588411,1.407777685669754,-0.20110155102586916,0.21921907709359495,0.27453906506277725,62.98839497566223
1780859503.6819372,1.406450546077994,-0.20072560151201532,0.21865356529963226,0.27438351562842556,63.01149106025696
1780859503.7068784,1.4051217486928809,-0.2002889395730154,0.2192819583192037,0.274154953280183,63.03643226623535
1780859503.7263627,1.4038656586002807,-0.19969946197321212,0.21867729629375132,0.27370745602812896,63.05591654777527
1780859503.7488484,1.402580449707256,-0.1991658944430913,0.21902503656542713,0.2733398649340151,63.078402280807495
1780859503.769802,1.4012003729749782,-0.19901805712805265,0.21897274623210175,0.273499731807477,63.099355936050415
1780859503.7927747,1.3999024296198788,-0.19860728277358214,0.2187101044839107,0.2733048432150351,63.12232851982117
1780859503.8171036,1.3986566550595214,-0.19799619207345784,0.21900062142413237,0.272833425934909,63.14665746688843
1780859503.8408306,1.3973916017899604,-0.19749692676373398,0.21884555187490373,0.27251067841453036,63.17038440704346
1780859503.8630667,1.3960929874355528,-0.19713094465582215,0.21887753140997915,0.27237400110878696,63.192620515823364
1780859503.8836908,1.3948005992745018,-0.19675336071045202,0.21891510114852994,0.2722229118766357,63.213244676589966
1780859503.904677,1.3935385118726904,-0.1963117076121237,0.21869158709639763,0.27198049088172027,63.234230756759644
1780859503.9270685,1.3922760912168517,-0.19583565022316587,0.21913927138228897,0.27169660290684483,63.256622314453125
1780859503.9470632,1.3910355514331885,-0.19537112213533023,0.21866841414164923,0.271420612496426,63.2766170501709
1780859503.9698226,1.3897655117907128,-0.19495199733805543,0.21925063433689318,0.2712140114440409,63.299376487731934
1780859503.9899707,1.3885005126417849,-0.1946213781482474,0.2186236814056461,0.2711209753151014,63.31952452659607
1780859504.0131047,1.3872355565549948,-0.19422532835638448,0.21916684432980021,0.27094891147801103,63.34265851974487
1780859504.0349746,1.3860599799473643,-0.1935929376779873,0.21874093156562882,0.2704433436638052,63.36452841758728
1780859504.0547843,1.3848399264505524,-0.1931117159080442,0.21869365916456368,0.27014415125166824,63.38433814048767
1780859504.0770316,1.3835527605416174,-0.19286202208565797,0.21906860433703906,0.27016684698552673,63.406585454940796
1780859504.097092,1.3822844914687737,-0.1926148909777968,0.21867477117739062,0.2701937675764139,63.42664575576782
1780859504.1188664,1.3810601377950622,-0.19218175639554191,0.21893459900967582,0.2699682814280333,63.44842028617859
1780859504.1403553,1.3799141943720088,-0.19149329947379692,0.21904406956893463,0.26938682737625186,63.46990919113159
1780859504.1608055,1.378678012317679,-0.1911805361587492,0.21870844327280417,0.2693168174289555,63.49035930633545
1780859504.1848464,1.3774211278257245,-0.19089926318039716,0.2192460486180106,0.26930112324210675,63.514400243759155
1780859504.2052372,1.376254899917035,-0.19038702756922604,0.21863625397520972,0.2689592110370711,63.534790992736816
1780859504.2279694,1.3750820845487135,-0.1898471819882218,0.21902771648893013,0.2685822801094666,63.557523250579834
1780859504.2507443,1.3738200843347754,-0.1896834193220008,0.21888137244044364,0.26871935567447025,63.58029818534851
1780859504.2714872,1.3725853159951051,-0.18945266101441977,0.21858972775376032,0.2687668500498477,63.601041078567505
1780859504.2939453,1.3714150089221913,-0.18897313156285034,0.21869814786863362,0.268475930284902,63.623499155044556
1780859504.3143256,1.3703032614085633,-0.18827933829597285,0.21908928974326508,0.2678878203210582,63.643879413604736
1780859504.3355463,1.3691402333998501,-0.1878517183445745,0.21860964419117232,0.26765641920164907,63.66510009765625
1780859504.3568873,1.3679308551486882,-0.18754572259234734,0.21908056702330833,0.2676020924681639,63.68644118309021
1780859504.3772728,1.366732903223267,-0.187273736532608,0.2186563195231916,0.26759035989663005,63.70682668685913
1780859504.400228,1.365547855417069,-0.18693182700889566,0.21887557654879866,0.2674851791957096,63.72978186607361
1780859504.4233675,1.364444420425974,-0.1863175523903338,0.21889586228076277,0.26700389656361345,63.75292134284973
1780859504.4444833,1.3633259027588969,-0.18580109456719507,0.21863024591739605,0.2666510258566239,63.77403712272644
1780859504.466474,1.362141262232874,-0.18550730547360308,0.2188530601574405,0.2666087085436022,63.79602789878845
1780859504.486019,1.3609279819269524,-0.18533018298719087,0.21912979230051888,0.26673238694486834,63.81557273864746
1780859504.507887,1.359839761629209,-0.18475639577990177,0.21881895407281596,0.26630330547224723,63.837440729141235
1780859504.5309815,1.3587077724644894,-0.18434304204264612,0.21871059537101,0.26609101933702917,63.86053538322449
1780859504.5505712,1.3575231252747102,-0.18410645640754228,0.2190581884424071,0.26612876062119106,63.88012504577637
1780859504.574318,1.356376797010124,-0.18379656022809743,0.21875795175335022,0.2660625731105899,63.90387177467346
1780859504.5956926,1.3552833706236196,-0.1832706250869563,0.21895073018659458,0.2657022654337631,63.925246477127075
1780859504.618125,1.3541779875019868,-0.18283575302932,0.21872613509816882,0.26545771340372326,63.94767880439758
1780859504.6398437,1.3530140420617487,-0.18259728411119777,0.21898044966352997,0.26548966087964665,63.96939754486084
1780859504.6608887,1.351875965787444,-0.18231427723241625,0.21879781892924455,0.26546059243826026,63.990442514419556
1780859504.6824481,1.3507975549565951,-0.18179891726588024,0.21901654762773015,0.26511160953874935,64.01200199127197
1780859504.702951,1.349712163967322,-0.18136343459203755,0.2186713159178602,0.264864622761678,64.03250479698181
1780859504.72594,1.3485853670617587,-0.18104575133132514,0.21906775423645572,0.2647868999818854,64.05549383163452
1780859504.7478583,1.3474612363205736,-0.18078576822758388,0.2187803457220841,0.26478529476390733,64.07741212844849
1780859504.7706618,1.346395277861139,-0.18029896435296217,0.21885449910308002,0.2644744448363543,64.10021567344666
1780859504.7916095,1.345327010719466,-0.17984890139680437,0.21876200362349854,0.2642048533343928,64.1211633682251
1780859504.8120105,1.34419951075805,-0.17960946142347664,0.2190557494084521,0.2642342849644024,64.14156436920166
1780859504.8344803,1.343122491357915,-0.1792423912401441,0.2187304825346476,0.26408306388635516,64.16403412818909
1780859504.858331,1.3420522159628254,-0.17882935342330364,0.21889120396100695,0.2638685538963852,64.18788480758667
1780859504.8784857,1.3409774068002036,-0.17846798036270745,0.21889482184437226,0.26372437699495066,64.20803952217102
1780859504.9008675,1.3398944058020805,-0.1781586411904006,0.2187348748250186,0.2636508823141277,64.23042130470276
1780859504.9208982,1.3388257243845672,-0.17778337902370625,0.2189932329864572,0.2634902153096892,64.25045204162598
1780859504.9445214,1.33779618272526,-0.1773103701608658,0.21885731002210615,0.26318666534965107,64.2740752696991
1780859504.9681094,1.3366942017759622,-0.17710899890095147,0.21889817784747614,0.26326142563806876,64.29766321182251
1780859504.988783,1.3356613185794481,-0.17666926358773774,0.21885966482879937,0.2630100663806161,64.31833672523499
1780859505.0116885,1.3346505661410384,-0.1761790656846597,0.21864960811567943,0.262678624746588,64.34124231338501
1780859505.0319676,1.3335719858461736,-0.1759293409494825,0.21881671860672802,0.2626851108692625,64.36152148246765
1780859505.0544083,1.3324827769177314,-0.17573079065396086,0.21901804408567452,0.26276825330883646,64.38396215438843
1780859505.079706,1.33150563695372,-0.1751665892072453,0.21877517496802862,0.26233500859268233,64.40925979614258
1780859505.1008735,1.3304635173686974,-0.17485427153200156,0.21859059420899743,0.2622491367208841,64.43042731285095
1780859505.12421,1.3293812461783088,-0.17466433263777467,0.21896485283047565,0.2623396220843661,64.45376372337341
1780859505.1491735,1.3283385998753499,-0.17441061593060628,0.2184888840403054,0.26233652903799864,64.47872734069824
1780859505.168029,1.3273208304093411,-0.17401077842581453,0.218911969350042,0.2621371146593017,64.49758291244507
1780859505.1926467,1.3263799161212873,-0.1733987431613857,0.2185407381328692,0.2616290047574452,64.52220058441162
1780859505.212806,1.325377566383156,-0.1730054102120836,0.21855141257088548,0.2614281584935867,64.54235982894897
1780859505.236731,1.3243061020650249,-0.17286263211163302,0.2189067818616811,0.2615804904157386,64.56628489494324
1780859505.260713,1.3232510295113262,-0.17272439983935348,0.21851196481423915,0.26173777546170385,64.5902669429779
1780859505.2798173,1.3222396050523926,-0.1724184108661768,0.21849472360112437,0.2616588139438054,64.60937118530273
1780859505.3016536,1.3212774660777247,-0.1719003444292766,0.21900318860645845,0.2612901928166167,64.63120746612549
1780859505.322167,1.3203693278241273,-0.17128480881564945,0.2183633573742739,0.26077034810513666,64.65172076225281
1780859505.3434436,1.3193938185681169,-0.17089867381338406,0.2182030763810764,0.2605723388625165,64.67299747467041
1780859505.3650792,1.3183566123269155,-0.1707149166804584,0.21868474229626494,0.26066337754098257,64.69463300704956
1780859505.3864264,1.317266432999099,-0.1707606867364487,0.21896274705345556,0.2610774119748793,64.71598029136658
1780859505.4097002,1.316310524771901,-0.17037900906367545,0.21842994302832774,0.2608890179693715,64.73925399780273
1780859505.431886,1.3153865984718773,-0.1698394241625433,0.21868434592865163,0.2604786227293179,64.76143980026245
1780859505.454693,1.3144223064817953,-0.16945949395336235,0.2189604415465978,0.26028913012011845,64.7842469215393
1780859505.4764593,1.313411692417235,-0.1693416682387598,0.21834437766588477,0.2604619518387441,64.8060131072998
1780859505.498828,1.3124016077329455,-0.1691492761681809,0.2188838718303212,0.2605417077823109,64.82838177680969
1780859505.521386,1.3115272747076372,-0.16851546575170273,0.21872218663334198,0.25999654128859717,64.85093975067139
1780859505.5418565,1.310622980932574,-0.16803233665588083,0.21823628418295002,0.2596519068698555,64.87141036987305
1780859505.5637634,1.3096632225262808,-0.16771459225993793,0.2185616838069458,0.259546631483925,64.89331722259521
1780859505.5863366,1.3086178283061145,-0.16774634671224314,0.21874510577697662,0.25993045873667775,64.91589045524597
1780859505.6075082,1.3076330229057977,-0.16756160646428886,0.21895455526969085,0.2600175089393595,64.93706202507019
1780859505.630469,1.3067824319416246,-0.16694242268549486,0.21846682458146097,0.2594844642084517,64.96002292633057
1780859505.6520529,1.3058946349846794,-0.16642871844627324,0.21860938524252382,0.2590968498989348,64.98160672187805
1780859505.6737556,1.3049133424994521,-0.16631437709005917,0.21835960460719342,0.2592694986827242,65.00330948829651
1780859505.6963918,1.3039122207419462,-0.16621362843087473,0.21911930874651064,0.25946983973913085,65.02594566345215
1780859505.7170079,1.3029955673900393,-0.16593494787910384,0.2182151721495409,0.2594100456645698,65.04656171798706
1780859505.7411854,1.3020899405409065,-0.16555220814965696,0.21838700480088047,0.2592069796514185,65.07073926925659
1780859505.766955,1.301186822221054,-0.16513244758595025,0.2190758221525098,0.2589554855263465,65.09650874137878
1780859505.7883608,1.3003077030442778,-0.16477069962231095,0.2180452508620337,0.2587709899752948,65.11791467666626
1780859505.811147,1.2993988903670626,-0.16442337073506114,0.21853207698456661,0.25861750330009414,65.14070081710815
1780859505.8309743,1.298444576240018,-0.1642638922274129,0.2189328523523149,0.25872522628502104,65.1605281829834
1780859505.8533454,1.2975044287564477,-0.16416533311565315,0.21810977819797397,0.2589112753666596,65.18289923667908
1780859505.876963,1.296557990980136,-0.16400010312624852,0.21865482790613677,0.25901426686045603,65.2065167427063
1780859505.89609,1.2957428929847523,-0.16339852056047072,0.21859349284297921,0.25849941568292945,65.22564387321472
1780859505.9173863,1.2949352538890433,-0.16277406141189452,0.21867498670015495,0.25794374193679115,65.24694013595581
1780859505.9380045,1.29402665945927,-0.16259159465366535,0.21815672901812375,0.2580069520464523,65.26755833625793
1780859505.9607093,1.2930805757484265,-0.16247219723390552,0.2189304709455796,0.2581692314380941,65.29026317596436
1780859505.9826322,1.292162847294966,-0.16234601435076781,0.2184704287735067,0.25831615526716156,65.31218600273132
1780859506.0029902,1.2912903382567968,-0.16206486421022573,0.21808679381060306,0.2582411831212612,65.33254408836365
1780859506.026141,1.2904108690393927,-0.16172059065308453,0.21907859336479746,0.25808783319095596,65.35569477081299
1780859506.0485551,1.2896054025124142,-0.16123540721995874,0.21836738133897873,0.25772079541495785,65.37810897827148
1780859506.0708063,1.2887872183580402,-0.16077060107469732,0.2182890261575228,0.2573859684529607,65.40036010742188
1780859506.0949733,1.2878983380234075,-0.16054920246352375,0.21866062533770797,0.2573921557810177,65.42452716827393
1780859506.1155014,1.286932069866435,-0.160661308241712,0.21876181559910216,0.2578710036407932,65.44505524635315
1780859506.139565,1.2860742916626942,-0.16039906541742713,0.21849524132501152,0.2578245699406594,65.46911883354187
1780859506.161524,1.2852907324788363,-0.15986154674604142,0.21840857853806817,0.2573839952281798,65.49107789993286
1780859506.1830301,1.284458142651969,-0.15945883077911135,0.21914891206557394,0.2571355505669679,65.51258397102356
1780859506.2058587,1.283575417112507,-0.15937999903334257,0.21832433774138274,0.25733251802223833,65.53541254997253
1780859506.2267134,1.2826608497824372,-0.15935682586067765,0.21856766827529658,0.25761829221017596,65.55626726150513
1780859506.2486088,1.2818559646877319,-0.1589488110606224,0.21850737714007815,0.25736320245340494,65.5781626701355
1780859506.2692552,1.281113490256284,-0.15830420027375042,0.2187103886156245,0.2567677661835184,65.59880900382996
1780859506.2921062,1.280281810788511,-0.15802394255345062,0.21869604671991938,0.2566797083577885,65.62165999412537
1780859506.3150442,1.2793676219414765,-0.15809198063535496,0.21847755444361389,0.25708488949273267,65.64459800720215
1780859506.34,1.2785013810151076,-0.15794847701277318,0.2187649034772318,0.2572007641521319,65.66955375671387
1780859506.3665543,1.2777670822877985,-0.15736892175677614,0.21839382353753597,0.2566935834877686,65.69610810279846
1780859506.3867786,1.277002835500238,-0.1568544463423143,0.2188370774360326,0.2562769081114542,65.71633243560791
1780859506.4106255,1.27613149322774,-0.15682499852488593,0.21843550860433636,0.25653678051397044,65.74017930030823
1780859506.4353614,1.2752310772311963,-0.1568733569559616,0.21866752825768324,0.25691650801020494,65.76491522789001
1780859506.4563801,1.2744578821948511,-0.1564909888248567,0.21832671801058295,0.2566862949338322,65.78593397140503
1780859506.478436,1.2737078416717058,-0.1559726635317878,0.21885551345920404,0.256264070975039,65.80798983573914
1780859506.4986174,1.2729127384814296,-0.15568414868667552,0.2187124819328746,0.2561576118552029,65.82817125320435
1780859506.519745,1.272066527742778,-0.15561948101812462,0.218459211603412,0.25636823606141856,65.84929895401001
1780859506.5405061,1.2712525065094191,-0.15538253335308005,0.21897087590691616,0.2563452523068168,65.87005996704102
1780859506.5610645,1.270554363428607,-0.15478820675861993,0.21853407835283495,0.25580740927618706,65.89061832427979
1780859506.5821176,1.2698048383797036,-0.15438763453714055,0.21829184194985218,0.2555395226691495,65.91167140007019
1780859506.605916,1.2689868724674773,-0.15422769977859,0.21850430756320235,0.2556139166722229,65.93546986579895
1780859506.6258302,1.2681034997375964,-0.15431449344276912,0.2189355401233742,0.25603779269515226,65.95538401603699
1780859506.651127,1.2673242658961517,-0.15405165998465148,0.2188720290462457,0.2559714219078941,65.9806809425354
1780859506.6726615,1.2666404291049658,-0.15345994968950974,0.21854136017269382,0.25543311537035684,66.00221538543701
1780859506.6950471,1.2658774708935783,-0.15317888633925789,0.21822061238257207,0.25532824258763753,66.02460098266602
1780859506.7166667,1.2650606787592718,-0.15305241372404746,0.21875943595426744,0.2554468568146433,66.04622054100037
1780859506.7362673,1.2642026350731221,-0.1531396366060705,0.2187068694975123,0.2558661200317429,66.06582117080688
1780859506.7592323,1.2634499527456255,-0.15287020659483036,0.21823289181750766,0.2557795161884453,66.0887861251831
1780859506.7805653,1.2626994711933572,-0.15251218197655178,0.21897809498999973,0.2555758957126919,66.11011910438538
1780859506.804889,1.26201171998192,-0.15202608626336653,0.218363982687198,0.2551789739289374,66.1344428062439
1780859506.8283298,1.2612917800991232,-0.15162309321404016,0.21847838558099736,0.25490247745128336,66.157883644104
1780859506.8540065,1.2604837942943135,-0.15157872212105872,0.21844280055572027,0.2551269065774937,66.18356037139893
1780859506.8770566,1.2596524263692739,-0.15158461169284002,0.219090592694265,0.25542989497885493,66.20661044120789
1780859506.8971765,1.2589309838133056,-0.1512849796856499,0.21838349344424662,0.2552967472350982,66.22673034667969
1780859506.9196308,1.2582316122309347,-0.15084738623735097,0.2185688810464109,0.2549702493520156,66.24918460845947
1780859506.941102,1.2574774831441737,-0.15060791413203378,0.21898260283768284,0.254920062999501,66.27065587043762
1780859506.962462,1.2566823986640565,-0.15061640093066855,0.2184366918069983,0.2552126064703373,66.29201579093933
1780859506.9874148,1.2559177454950035,-0.15046025721586412,0.21860006548648342,0.2552839432092755,66.3169686794281
1780859507.0090318,1.2552477029317723,-0.14996672876027778,0.2186351516309401,0.2548760048062473,66.33858561515808
1780859507.0336816,1.2545457059981302,-0.14958313293800715,0.21892244774817116,0.2546198842636169,66.36323547363281
1780859507.0573044,1.2537874670297258,-0.14949652294156213,0.21835151740187825,0.25477500566308997,66.38685822486877
1780859507.0779438,1.2530175883553205,-0.14936992027497642,0.21902742747452278,0.254885642162737,66.40749764442444
1780859507.10136,1.2523447050178895,-0.1489670495150529,0.2185497540533751,0.25459971649174307,66.4309139251709
1780859507.1210172,1.2516658110261418,-0.14855282508496856,0.21869464579522394,0.2542969071888681,66.45057106018066
1780859507.14393,1.2508995489686645,-0.1485027288559807,0.21860493257855976,0.2545024802717446,66.47348380088806
1780859507.1670933,1.2501351528093767,-0.14841859248808348,0.21897931668481704,0.2546676633164804,66.4966471195221
1780859507.19034,1.249472672637737,-0.14802652802592908,0.21843272974454603,0.2543935712229999,66.51989388465881
1780859507.2124197,1.2487813951799553,-0.14767633483939735,0.21890930282886475,0.2541794284357408,66.54197359085083
1780859507.2343862,1.2479982213430243,-0.14774007322472024,0.21871308024249284,0.2545411971094964,66.56394004821777
1780859507.257021,1.2472604853341822,-0.14764589882176476,0.21845380411853546,0.2546845380897196,66.58657479286194
1780859507.2802758,1.2465820063972894,-0.1473026073440261,0.21859089607312093,0.25448104055658227,66.60982966423035
1780859507.3009386,1.2459512722797437,-0.1467676758160013,0.21895191046526596,0.2540080833743108,66.63049244880676
1780859507.3231988,1.2452457101216416,-0.1465944739470259,0.21848387129095545,0.254030712030346,66.65275263786316
1780859507.345661,1.2444938206585225,-0.1465481663976973,0.21887241663776044,0.2542405726947017,66.67521476745605
1780859507.3652139,1.243817205661554,-0.1462566078196777,0.21872022038298133,0.25410614143256893,66.69476771354675
1780859507.3864045,1.2431816744998805,-0.14582193706791108,0.2185983237876195,0.25376678288079546,66.7159583568573
1780859507.4074118,1.242472380610364,-0.14565204278658736,0.2187678020620909,0.253794308381023,66.73696565628052
1780859507.4303901,1.2417029407611653,-0.14574085303391682,0.21876454013904695,0.25418870868884014,66.75994396209717
1780859507.4542024,1.2410425883082212,-0.14544488834277083,0.21839520916082958,0.25404365190752465,66.78375625610352
1780859507.474694,1.2403880889867132,-0.14505757844979178,0.21909007599427002,0.25377366271291457,66.80424785614014
1780859507.4974802,1.2397394217613997,-0.14475652527352972,0.2184286661036384,0.25361315306831234,66.82703399658203
1780859507.5190964,1.2390572460971598,-0.14453870878409844,0.2185645739748825,0.25357503991938835,66.84865021705627
1780859507.5429351,1.23834126848755,-0.1444328757175222,0.21897791239551062,0.25369351680243923,66.8724889755249
1780859507.566083,1.237643412598498,-0.14435471073019504,0.2183315765719533,0.2538440536376001,66.8956367969513
1780859507.5865557,1.2369515181473687,-0.14417133397674928,0.21883428342981998,0.2538575892689412,66.91610956192017
1780859507.6108654,1.236370687504005,-0.14360928724202376,0.21881737611718718,0.25333597790274354,66.94041919708252
1780859507.6315331,1.2357194737474628,-0.14335920372853295,0.21837272724847973,0.2532413616499767,66.9610869884491
1780859507.6543086,1.2350194983033906,-0.14323785925013136,0.21887438726760702,0.25333495975177733,66.98386240005493
1780859507.6764257,1.2343049779655642,-0.14323763969783845,0.21856880203381127,0.2535936501767786,67.00597953796387
1780859507.6974664,1.233615788616729,-0.14313004045150998,0.2185921545741485,0.2537029652292482,67.02702021598816
1780859507.7192492,1.23300428134287,-0.14271870419425275,0.21871914860190056,0.25339266050824705,67.0488030910492
1780859507.7404737,1.2323964312932492,-0.14230069425991862,0.21888391141215083,0.2530640601964933,67.07002758979797
1780859507.762758,1.2316979783469422,-0.14227588621969625,0.2186247749192999,0.2532825309130562,67.09231185913086
1780859507.7852695,1.2310191555133705,-0.14212747226858485,0.21907775279144442,0.2533387581602522,67.11482334136963
1780859507.8051689,1.2304375008265152,-0.1416768818077739,0.21869564705082173,0.2529637203685713,67.13472270965576
1780859507.8280544,1.2297966039189483,-0.14144455152444224,0.2185492981269583,0.25289080807488773,67.15760827064514
1780859507.8477108,1.229090554942835,-0.14143790634148592,0.21885865094853035,0.2531345596631791,67.17726469039917
1780859507.870923,1.2284279431020382,-0.1413000725207681,0.2187624720239793,0.2532009012408363,67.20047688484192
1780859507.894163,1.2278365047469262,-0.1408903468823325,0.21881458390387043,0.2528827010269401,67.22371673583984
1780859507.91427,1.2271711271547046,-0.14076010812229928,0.21895950816986326,0.2529497694927052,67.24382376670837
1780859507.9366689,1.2264685133348592,-0.1408252848343142,0.21860302968469109,0.2532908295599583,67.26622271537781
1780859507.956836,1.225830782250667,-0.14062451021122305,0.21853438408571085,0.2532633966581379,67.28638982772827
1780859507.9821742,1.225247197323744,-0.14018826060457654,0.2189145907187223,0.2529107776888271,67.31172800064087
1780859508.0049539,1.224665544650693,-0.1397951775306419,0.21868666907223427,0.25260751332862696,67.33450770378113
1780859508.0249724,1.2240172575989636,-0.1396670261597259,0.21856158493438185,0.25267649670688286,67.35452628135681
1780859508.047043,1.2233424161932507,-0.1396051404016551,0.21893212521920405,0.2528405284227855,67.37659692764282
1780859508.0694048,1.2227039948148557,-0.13948253133786648,0.21844558140995882,0.25291435132118334,67.39895868301392
1780859508.088356,1.2220776289733346,-0.1392383230853668,0.21900011155255764,0.252828017429346,67.41790986061096
1780859508.1109014,1.2215345963872173,-0.1387532894408842,0.2185894464897367,0.2523957212386918,67.44045519828796
1780859508.1309292,1.2209343686877645,-0.13847309243417877,0.21849883389499733,0.2522475346914099,67.46048307418823
1780859508.1531622,1.2202630612873795,-0.13844984023698692,0.218745921825173,0.2524585555953518,67.48271608352661
1780859508.1764288,1.2195776894630612,-0.1384906611904557,0.2189658534500624,0.2527635583079384,67.5059826374054
1780859508.1976497,1.2189997500540781,-0.13817918967971407,0.21848073361523884,0.25257219665073727,67.52720355987549
1780859508.2193809,1.2184029527631746,-0.13785892581358883,0.21915903588999194,0.2523725190729209,67.54893469810486
1780859508.2406242,1.217783633302995,-0.1377363134944574,0.2184749415776071,0.25243744969264803,67.57017803192139
1780859508.2631302,1.2171305076459535,-0.1376749794629681,0.2188500238828323,0.2525963692144124,67.59268403053284
1780859508.285841,1.216555711007869,-0.13734292182557847,0.21881200123615857,0.25237855556897326,67.61539483070374
1780859508.3063705,1.2160148985833215,-0.1369037749180893,0.21863627947786995,0.25200522558923666,67.63592433929443
1780859508.3309784,1.2153905941566776,-0.13679181377949556,0.2184552032322894,0.25208424317635547,67.66053223609924
1780859508.3508983,1.2147202589709278,-0.13680625594962179,0.21907781997660244,0.2523464870702359,67.68045210838318
1780859508.375365,1.214102010982698,-0.1367209447958323,0.21845752924620493,0.25246450541515664,67.70491886138916
1780859508.398194,1.213495065770152,-0.13652290819506904,0.21886313494868595,0.25243038315349153,67.7277479171753
1780859508.4211686,1.2129690662139792,-0.13605682303774874,0.21870209398612164,0.2520181418423526,67.75072240829468
1780859508.4446232,1.2124104263493072,-0.13572622081824115,0.2185879892689225,0.2517919994436486,67.77417707443237
1780859508.465176,1.2117737289425228,-0.135694645799274,0.21860262243440554,0.25198160161320793,67.79472994804382
1780859508.4885213,1.211113317531788,-0.13573736252911534,0.21890651028805297,0.25227870006830244,67.81807518005371
1780859508.5118704,1.2105195752892417,-0.135594456668289,0.21841706131794733,0.2523121166680822,67.84142422676086
1780859508.5318031,1.2099410719741872,-0.13532042725323531,0.21892641978118238,0.2521712537086884,67.86135697364807
1780859508.5548844,1.2094281367305424,-0.13486339308480383,0.21858127484584441,0.2517636992013488,67.8844382762909
1780859508.574869,1.2088552622497668,-0.13461961200294884,0.21863358776573757,0.25165579312411346,67.90442276000977
1780859508.5962195,1.208205728799585,-0.13466919627837684,0.21882450485612617,0.2519554362724499,67.92577338218689
1780859508.6178079,1.2075926721642627,-0.13459306297385204,0.21885332753090989,0.25208522305201875,67.94736170768738
1780859508.6400154,1.2070520405175031,-0.13426501729299567,0.21867578914089972,0.25185824009903257,67.9695692062378
1780859508.663322,1.2064753850212437,-0.13404224793979183,0.21895566876376046,0.25177808529118373,67.99287581443787
1780859508.683196,1.2058680627813545,-0.13400591174317494,0.21853112388778706,0.25195315699310417,68.01274991035461
1780859508.7075584,1.2052766723907897,-0.13383894888499437,0.2190486989377163,0.2519567548750654,68.03711223602295
1780859508.7323866,1.2047837547355575,-0.13336687763902133,0.21865209309712255,0.2515256691639909,68.06194043159485
1780859508.7536988,1.2042334300050468,-0.13311147166104392,0.21842611742846396,0.2513937926937295,68.08325266838074
1780859508.7757483,1.203615629360161,-0.13308929809191306,0.2186642878632313,0.251588671870425,68.10530209541321
1780859508.7984455,1.202975225462923,-0.1331603993787361,0.218915276338325,0.2519178528934738,68.1279993057251
1780859508.8187683,1.2024281306429125,-0.13293434852086627,0.21844477197661216,0.2518276280846221,68.14832210540771
1780859508.8400986,1.2018767281169875,-0.13264560462726765,0.21907330684884654,0.25165580578411806,68.16965246200562
1780859508.8609474,1.2013460579481225,-0.1323746653132236,0.21853373172046617,0.2514986783472857,68.19050121307373
1780859508.8838859,1.2007696439229851,-0.13221495063142305,0.2189429894513125,0.2515000661297364,68.21343970298767
1780859508.9064271,1.200150878647108,-0.13228540274296155,0.218583468976197,0.25182045844525014,68.23598098754883
1780859508.9289894,1.1995857754675396,-0.13213171439998597,0.21851927555745118,0.25183164832155747,68.25854325294495
1780859508.9502695,1.1990747905450982,-0.1317425211476797,0.2188805395034455,0.2515166927059793,68.27982330322266
1780859508.9706917,1.1985342561981835,-0.13149934496560928,0.21889310477034166,0.251394622760988,68.30024552345276
1780859508.9916654,1.1979192663364207,-0.13156862344952278,0.21875201871939065,0.25171195277576786,68.32121920585632
1780859509.0140061,1.1973880618754738,-0.1313187507578318,0.218565734897794,0.2515870624847478,68.34355998039246
1780859509.0355258,1.1968689348367534,-0.13097472852022818,0.21909141378116598,0.25133110904749945,68.36507964134216
1780859509.0589705,1.1963285085547397,-0.13081260370564898,0.2184282687719336,0.25131827124404893,68.38852429389954
1780859509.0787795,1.1957514856638074,-0.1307057091492549,0.2190190185890785,0.2513921514745645,68.40833330154419
1780859509.1012824,1.1951988387127825,-0.13059047942790675,0.21849922517524242,0.2514478622664367,68.43083620071411
1780859509.1227171,1.194647004549583,-0.13042725153703358,0.21873826555221001,0.25143958436587255,68.45227098464966
1780859509.1438012,1.1941304266704393,-0.13014940662195823,0.21867536530880788,0.2512707924946831,68.47335505485535
1780859509.1654387,1.1936202706135355,-0.12985753225187263,0.21866479541054087,0.2510801491450678,68.49499249458313
1780859509.186585,1.1930336292526296,-0.12985128701199453,0.2188243450096165,0.2512842988882813,68.51613879203796
1780859509.2088165,1.1924596411022321,-0.1298403901417384,0.21851025411118166,0.2514873224476384,68.53837037086487
1780859509.2326796,1.191928420335277,-0.1296271797810392,0.21878212825800616,0.251408233518994,68.56223344802856
1780859509.2522373,1.1914604058912315,-0.12918775727689652,0.21884154184495405,0.2510093349976348,68.58179116249084
1780859509.275208,1.1909224858651986,-0.12905710353232822,0.218557742319083,0.251037297575218,68.60476183891296
1780859509.2970538,1.1903445872659228,-0.1290364305334081,0.2189026654521921,0.251223627457164,68.62660765647888
1780859509.3202553,1.1897889247216167,-0.1289884894289872,0.21864670603276112,0.25136853773569356,68.64980912208557
1780859509.3421273,1.1892932918804144,-0.12868406636736643,0.21871253443593172,0.25115971187377184,68.67168116569519
1780859509.3627553,1.1887916344188438,-0.12839630485423367,0.2189507066657969,0.25096788255694413,68.69230914115906
1780859509.3882725,1.1882257138679373,-0.1284089345024266,0.21868465804435477,0.2511938106152014,68.71782636642456
1780859509.4085822,1.1877111715152102,-0.12819639014408016,0.21876270675058385,0.2511128930167015,68.73813605308533
1780859509.4309623,1.187231914570428,-0.1278586703500131,0.2187994218792938,0.25084775124421377,68.76051616668701
1780859509.4543388,1.186673201581124,-0.1278463194827212,0.2187491563812743,0.25103850332443134,68.78389263153076
1780859509.4795187,1.1861425779937407,-0.1277231082127622,0.21872759554551865,0.25107821411631637,68.80907249450684
1780859509.5030107,1.1856515069428408,-0.12745665475866427,0.21874961109175015,0.25091365582584046,68.83256459236145
1780859509.527243,1.1851308080750156,-0.1273115150377311,0.21868710759880403,0.25091620819369,68.8567967414856
1780859509.548081,1.1845872624733509,-0.12725332632084926,0.2188295676753859,0.2510435950842407,68.87763476371765
1780859509.5724442,1.1841105116974928,-0.1269599041035211,0.2186558148038518,0.250840918087194,68.9019980430603
1780859509.5938833,1.1836212405126534,-0.1267113841511927,0.2186448987858958,0.2506958098972065,68.92343711853027
1780859509.6168656,1.1830676303862158,-0.12669758162228317,0.2189653301843746,0.2508839153618183,68.94641947746277
1780859509.6385427,1.1825455716844055,-0.12662039680308684,0.21856151983623262,0.2509798630024296,68.96809649467468
1780859509.6580453,1.1820473105677456,-0.12640030820287163,0.21890667488933402,0.250881333797782,68.98759913444519
1780859509.6816254,1.181594278831012,-0.12605738038326467,0.21863711129576996,0.25060031470647104,69.0111792087555
1780859509.7015579,1.1810741289808986,-0.12595952934496468,0.2186806371475036,0.2506642538458097,69.03111171722412
1780859509.727234,1.180526015366866,-0.12596914557377015,0.2188192668942323,0.2508838822755717,69.0567877292633
1780859509.7496576,1.1800418239673671,-0.12575093167404758,0.21882683114226187,0.2507803746846946,69.07921147346497
1780859509.7698748,1.17955876532706,-0.1255464257866834,0.21860986457514725,0.25069322923401494,69.09942865371704
1780859509.7945924,1.179050335594154,-0.12540822309364516,0.21892384390789696,0.2507017954576991,69.12414622306824
1780859509.8154297,1.178534923421366,-0.12534742391234902,0.2187248289150275,0.25081524316301707,69.14498353004456
1780859509.838948,1.1780736723864023,-0.12505904483253855,0.21875233190407994,0.25061384001149634,69.16850185394287
1780859509.86336,1.1776085275560455,-0.12481028583658248,0.21858332345948478,0.25045961608401335,69.19291377067566
1780859509.8838303,1.1770778085999405,-0.12479451070490165,0.21881367059622175,0.2506358629221328,69.21338415145874
1780859509.9055042,1.1765806481505416,-0.12467161732398294,0.21878137075168833,0.25066660596854273,69.23505806922913
1780859509.9255748,1.176129645314512,-0.12438540127932464,0.21864937152519967,0.25045772584349457,69.25512862205505
1780859509.9495182,1.175613731448949,-0.12433196973323883,0.21889845345279435,0.25057986378268193,69.27907204627991
1780859509.973868,1.1751088093974502,-0.12428377063952752,0.21856579142541363,0.25070810541496424,69.30342173576355
1780859509.9954996,1.1746392971233726,-0.12405984431191952,0.21880916586565624,0.25059433193629665,69.32505345344543
1780859510.0191345,1.174190514056352,-0.12380066956349489,0.21856588249469225,0.2504198021145285,69.34868836402893
1780859510.0397599,1.1736803226990373,-0.12374745408188362,0.21884430565320528,0.25053836605624724,69.36931371688843
1780859510.0617857,1.173170671102882,-0.12373946374888539,0.2185901395840209,0.25072317433400393,69.39133954048157
1780859510.085466,1.172715913553803,-0.12349568978240621,0.21872718824972248,0.2505759252530435,69.41501975059509
1780859510.1071773,1.1722703725902264,-0.1232335396703853,0.21867499631537066,0.2503965527286862,69.4367311000824
1780859510.1301577,1.1717727807480152,-0.12316359587926268,0.21891405202734826,0.2504918683615118,69.45971155166626
1780859510.1502485,1.171301227522606,-0.12303509017263319,0.2186640726546134,0.25050169885066076,69.47980237007141
1780859510.1725745,1.1708458559476,-0.12282959282331286,0.21864532646566714,0.2504040601784201,69.50212836265564
1780859510.1959155,1.1703842496766192,-0.12264307096117277,0.21883001535720467,0.2503307167839779,69.5254693031311
1780859510.2158427,1.169875704888405,-0.12267859361310991,0.2185741007772954,0.25056960512802195,69.54539656639099
1780859510.2372942,1.1694125199696999,-0.12251964776882861,0.2186528701303913,0.2505372602885245,69.56684803962708
1780859510.2602997,1.168986289145551,-0.12220797867769188,0.21889366468947924,0.2502870322279733,69.58985352516174
1780859510.2796743,1.1684862734073898,-0.12222502483665532,0.21872863038010734,0.2504972825865863,69.60922813415527
1780859510.3011854,1.1680415110676323,-0.12202480779521202,0.2186732612383245,0.25040408467772046,69.63073921203613
1780859510.3213742,1.1676055260402596,-0.12179206221159625,0.21864714472961166,0.25026201046357954,69.6509280204773
1780859510.3442628,1.1671257298505309,-0.12172862017814003,0.21876504158944707,0.2503570753923867,69.6738166809082
1780859510.367602,1.1666681037713091,-0.12160571722053473,0.2186115330179878,0.2503717015886515,69.69715595245361
1780859510.390893,1.1662323820406209,-0.12138478072461897,0.21868510523593432,0.25024533251995074,69.72044682502747
1780859510.4153194,1.1657681840553837,-0.12128197882528702,0.21878500766239808,0.25028269429776095,69.74487328529358
1780859510.436008,1.1653012592739684,-0.12121196297982771,0.2186800997487947,0.25037086817227205,69.76556181907654
1780859510.4572737,1.1648823800517605,-0.12094676687450073,0.21873941705445077,0.250179859185808,69.7868275642395
1780859510.4791849,1.164433763035299,-0.12080817942797979,0.21879418302810513,0.2501656145485551,69.8087387084961
1780859510.5013356,1.163951340887002,-0.12082248216619604,0.2186176106860034,0.25036841074580707,69.83088946342468
1780859510.525689,1.1635174393338752,-0.12063557990442221,0.21872276255786666,0.2502882895712979,69.85524272918701
1780859510.5451396,1.1631094655474208,-0.12036774335368186,0.21859838624459654,0.25008841460492715,69.87469339370728
1780859510.5703588,1.1626453683523839,-0.12030343160912299,0.21880655237399654,0.2501769671655527,69.8999125957489
1780859510.5992043,1.1621830330508627,-0.12026683711814111,0.21864213669543162,0.25030752724997285,69.92875814437866
1780859510.623172,1.1617744902316187,-0.12000035374717631,0.21882994907654182,0.25011220664430933,69.95272588729858
1780859510.6464744,1.1613164419072879,-0.11995809648650531,0.21869790334235037,0.2502269774225816,69.97602820396423
1780859510.66682,1.1608793343438948,-0.11983144507087827,0.21869158128848512,0.25022876320218224,69.99637389183044
1780859510.6906054,1.1604787283504985,-0.11956149866341491,0.21874042737179214,0.2500235674687703,70.02015924453735
1780859510.713508,1.160020245781259,-0.11952789544586288,0.21881179258356953,0.25015348972884244,70.04306173324585
1780859510.7337928,1.1596135536485788,-0.11931674148229923,0.21859573760985943,0.25003149890115317,70.06334662437439
1780859510.7567985,1.1591748010088798,-0.1192150921793157,0.21867639037576964,0.2500604262328663,70.08635234832764
1780859510.7775197,1.158729510092255,-0.1191552901118638,0.21863601431810978,0.2501546859624657,70.10707354545593
1780859510.8001907,1.1583269478605085,-0.11891681335794568,0.21883677855920364,0.24999202887957495,70.12974452972412
1780859510.8227873,1.157887204839662,-0.11885649572541357,0.2187440888081233,0.25007850285633726,70.15234112739563
1780859510.8431137,1.1574825507166642,-0.11866323446638685,0.21862162095934976,0.24997944663311156,70.17266750335693
1780859510.866335,1.1570444739583396,-0.11858975972302821,0.21873687504981693,0.2500454581791889,70.19588875770569
1780859510.8869388,1.1566066050475752,-0.11853976916634204,0.21863571488703437,0.2501494225497378,70.21649265289307
1780859510.9090014,1.1562231345238256,-0.11826160389862271,0.21879895314777534,0.24992909272731723,70.23855519294739
1780859510.931024,1.1558061218121285,-0.11815205286298741,0.21859706364295425,0.24994130421537264,70.260577917099
1780859510.9512844,1.1553758084822792,-0.1180829199463183,0.2185737790888055,0.25001432659236933,70.28083825111389
1780859510.974534,1.154954647387368,-0.11797763707545893,0.21872187885586777,0.2500361373937965,70.30408787727356
1780859510.9990447,1.154571303444511,-0.1177491313437166,0.21856100016440455,0.24988136461351917,70.3285984992981
1780859511.017963,1.1541573191312808,-0.11762373133804004,0.21872598296190363,0.24986988612746508,70.34751677513123
1780859511.040375,1.1537215841110608,-0.1176127648037009,0.2185995907146683,0.25002505885939463,70.36992883682251
1780859511.0607517,1.153332711137569,-0.11739693746744702,0.21884610411366184,0.24988830831106146,70.390305519104
1780859511.084934,1.1529365023368465,-0.11725417323797073,0.21861866052465298,0.24984991368401044,70.41448783874512
1780859511.108114,1.1525172730411128,-0.11718942865921043,0.21858241607980008,0.24992360020629967,70.43766784667969
1780859511.1289322,1.1521040861465488,-0.11709023890671261,0.21880970760403176,0.24995246100526636,70.45848608016968
1780859511.1524649,1.151752637373695,-0.11679199663000082,0.21854119855400797,0.24969176969026652,70.48201870918274
1780859511.173765,1.1513434322286453,-0.11670209161069442,0.2186073491085671,0.2497268969161084,70.5033187866211
1780859511.1958163,1.1508994234599441,-0.11674307446724995,0.21879996866887835,0.24995212579681336,70.5253701210022
1780859511.219455,1.1505401035335545,-0.11648607826681334,0.21868732129876087,0.2497512430387019,70.54900884628296
1780859511.2408252,1.1501157791025907,-0.1164764478253156,0.21870364930801878,0.2498962858020386,70.57037901878357
1780859511.2634075,1.1497121279125824,-0.11640420303173046,0.21858853888924368,0.24995768040713706,70.59296131134033
1780859511.2842584,1.149358128120223,-0.11611622497374546,0.2188066344535606,0.24971320801220642,70.61381220817566
1780859511.3074179,1.148944373660505,-0.11610154149612265,0.21861464471097133,0.2498487437003245,70.63697171211243
1780859511.329465,1.148554531709851,-0.11598246553793908,0.21861629372888738,0.2498445036481165,70.6590187549591
1780859511.3496492,1.1482023122349798,-0.11571402933778607,0.21875370790594267,0.24962136926835043,70.67920303344727
1780859511.3731322,1.1477702472897195,-0.11577943251073773,0.21870611233170176,0.24987185067075046,70.70268607139587
1780859511.393154,1.1474096859188223,-0.115574437043098,0.21858816944648382,0.24974231871762242,70.72270774841309
1780859511.417642,1.1470325659669354,-0.11541566142024705,0.21878564583598792,0.24967221507791315,70.74719595909119
1780859511.44058,1.1466115902954552,-0.11547125995533983,0.21852149932357667,0.24990904773377842,70.77013373374939
1780859511.4635134,1.1462395688975822,-0.11530798205466265,0.21870280969784164,0.24983738820988144,70.79306721687317
1780859511.4865282,1.145907767199587,-0.11500845296095952,0.21865103471609287,0.24956565350802773,70.81608200073242
1780859511.507296,1.1455091677448717,-0.11496981391065957,0.21875326699795922,0.24966601975233527,70.83684992790222
1780859511.530539,1.1451085875294866,-0.11496545743895752,0.21852475247856715,0.24981403529499424,70.86009287834167
1780859511.5540876,1.1447458060831557,-0.11479266343448828,0.2186612241390997,0.2497269511156066,70.88364148139954
1780859511.576902,1.144385052563291,-0.11462374393215528,0.21869375533736168,0.24963757242389484,70.90645575523376
1780859511.6017318,1.1439845472832937,-0.11462016002572185,0.21872802539716407,0.24978814772223767,70.93128561973572
1780859511.6219916,1.1436544917257265,-0.11434365513173192,0.2187788049635471,0.2495490875929276,70.95154547691345
1780859511.6456614,1.1432526173528452,-0.11436562155778657,0.2186859545990368,0.24972873717614785,70.9752151966095
1780859511.6693141,1.142894758506493,-0.11421930854168691,0.2185968254097674,0.24967565594701124,70.99886798858643
1780859511.6915686,1.1425419746060295,-0.11404490293698702,0.21866537748157716,0.24957796023484224,71.02112245559692
1780859511.721327,1.1421587846619712,-0.11399105720698506,0.21884484927240258,0.24965367345242484,71.05088090896606
1780859511.7454345,1.141805511269929,-0.11385424776565192,0.21863768898406735,0.24960864480426892,71.07498836517334
1780859511.7659066,1.1414458666532963,-0.11373465734745168,0.21855915692761815,0.24958755076274386,71.09546041488647
1780859511.7887785,1.1410756026624795,-0.11363877065577972,0.2188452875444186,0.24960214595605734,71.11833238601685
1780859511.8093157,1.1407164096205584,-0.1135455544392247,0.2185696423507109,0.24961646627668888,71.13886952400208
1780859511.8337684,1.1403639968385553,-0.11340149505911994,0.2186572949379809,0.24956157028681325,71.16332221031189
1780859511.8553128,1.1400148043546325,-0.11325037852929477,0.21880351010299529,0.24949377208080126,71.18486666679382
1780859511.8750937,1.1396191016910433,-0.1133090314577645,0.21863006958055803,0.249721969783689,71.20464754104614
1780859511.8973532,1.1392723355797743,-0.11316663522879597,0.21865911296673168,0.24966848194903601,71.2269070148468
1780859511.9195263,1.1389620001950833,-0.11288658320876921,0.2186312362621569,0.24941654444293881,71.24908018112183
1780859511.9434397,1.1386036254682828,-0.11279741238518105,0.21872540254360034,0.24943485911273378,71.27299356460571
1780859511.9672902,1.138211280340524,-0.11286269635656347,0.21855208709734322,0.24967022161990204,71.29684400558472
1780859511.989135,1.1378596332802688,-0.11276303603588138,0.21854320180871406,0.24967549704905068,71.31868886947632
1780859512.0152948,1.1375556969339082,-0.11246063858730551,0.21878260639837604,0.24939269084257987,71.3448486328125
1780859512.0356257,1.1372056499279988,-0.11238333272815008,0.21855321242153183,0.2494223034769103,71.3651795387268
1780859512.0617535,1.1368314420021082,-0.11237621679919017,0.2186570822962973,0.24955562530158204,71.39130735397339
1780859512.0832338,1.1364767031219047,-0.11230148630524842,0.21877334108336915,0.24959402946655906,71.41278767585754
1780859512.1057467,1.1361822211461763,-0.11201603604866851,0.21858585859009674,0.24932981132114662,71.43530058860779
1780859512.1285863,1.1358310849279494,-0.11194162433417357,0.2186352431524669,0.24936352273467755,71.4581401348114
1780859512.1511438,1.1354459839453337,-0.11200894791342213,0.21859503363382626,0.24959878399457924,71.48069763183594
1780859512.17363,1.1351059423301144,-0.11190697812829901,0.2185603416840236,0.24959618007311946,71.50318384170532
1780859512.1966996,1.1348066375504797,-0.11163192216239438,0.21871782750119986,0.24934757821042997,71.52625346183777
1780859512.2170737,1.1344840069851345,-0.11147472439222562,0.21865384855368683,0.24926167559740797,71.54662752151489
1780859512.2405891,1.1340950305401063,-0.11156299467864222,0.21882651601744882,0.2495250929418784,71.57014298439026
1780859512.2606604,1.1337910388676662,-0.11134331554202798,0.21871635226573657,0.24935565148807104,71.59021425247192
1780859512.2828043,1.1334769648196665,-0.11117101195024848,0.21857097823022548,0.24924511812650962,71.61235809326172
1780859512.3049016,1.1330988732955976,-0.11122403526772988,0.21883212794323276,0.24945683211346648,71.63445544242859
1780859512.3263195,1.1327771421164023,-0.11109342099091486,0.2186474798930995,0.24941145789673236,71.65587329864502
1780859512.3524985,1.132456938826081,-0.11093747127383849,0.2187771488002299,0.2493241972110436,71.68205237388611
1780859512.3731492,1.132085426107441,-0.11100579436796996,0.2186710475368693,0.24955744916646339,71.70270299911499
1780859512.3979044,1.1317761181133925,-0.11081888201893506,0.218802100978959,0.24943009924198556,71.72745823860168
1780859512.419587,1.1314799206341757,-0.11061136840194052,0.2185276031890922,0.24926903471965023,71.74914073944092
1780859512.4424896,1.1311395324237716,-0.11054561444537993,0.2187435539636901,0.24930851279004784,71.772043466568
1780859512.465765,1.1307789482360664,-0.11058208680271717,0.21871684206658204,0.24949728151049477,71.7953188419342
1780859512.4929962,1.1304868128470864,-0.11034700375539298,0.2188346951486808,0.24929901598040782,71.82255005836487
1780859512.5115225,1.1301578963828829,-0.11028639380519378,0.21854452319910395,0.2493421220866754,71.84107637405396
1780859512.536696,1.1298066074791069,-0.11027329267958919,0.2188797230335949,0.2494601724926362,71.8662497997284
1780859512.5575433,1.1295333349467311,-0.11000149031259199,0.21863793094251596,0.24920810598654164,71.88709712028503
1780859512.580807,1.1292130216111027,-0.10989911653373344,0.21865290646654326,0.24919258914044562,71.91036081314087
1780859512.605892,1.128846561555234,-0.10996434070180704,0.21887157740299543,0.2494176250685438,71.93544578552246
1780859512.6264806,1.1285668394664976,-0.10972251507111622,0.21874084338479424,0.2492075827657363,71.95603442192078
1780859512.6511319,1.1282317259260815,-0.10969129652857294,0.21875076807523924,0.24929118702501896,71.98068571090698
1780859512.6711376,1.1279028948774346,-0.10964362049758837,0.2186776907936479,0.24935469221815154,72.0006914138794
1780859512.695529,1.1276023539891455,-0.10948225273696968,0.21869149453449255,0.24925715517542724,72.02508282661438
1780859512.7193565,1.1272824725009358,-0.10939868954186632,0.21875430301090443,0.24926599839115493,72.04891037940979
1780859512.7396638,1.1269659502079952,-0.10930749982957884,0.2187783996586395,0.24926993310925205,72.06921768188477
1780859512.764549,1.1266646742714745,-0.10916686376852179,0.21872518253293174,0.24919641008816562,72.09410285949707
1780859512.7855966,1.1263262385359136,-0.10916922984524259,0.2187392336439112,0.24932884516029574,72.11515045166016
1780859512.80747,1.1260266941841406,-0.10901917505245969,0.2188043805739114,0.24924569583374634,72.13702392578125
1780859512.8299398,1.1257138060580607,-0.10893196169021645,0.21879867766897812,0.2492470383425225,72.15949368476868
1780859512.8523643,1.125398690132167,-0.10885920136634199,0.21876781426506198,0.24927351406449816,72.18191814422607
1780859512.8790104,1.1250931295380457,-0.10875190222906435,0.21872467072932195,0.2492471758970467,72.20856428146362
1780859512.900156,1.1247806941852818,-0.10867015515069582,0.2187451373033877,0.24925861473309574,72.22970986366272
1780859512.924722,1.124476221423896,-0.10855876627931697,0.2188002630035845,0.24922755293659016,72.25427579879761
1780859512.9470003,1.124161388975497,-0.10849311531555059,0.21882727518740774,0.2492602915571398,72.27655410766602
1780859512.9696662,1.123865820815256,-0.10835914970947479,0.2187793903307487,0.2491951284161047,72.29922008514404
1780859512.9991205,1.1235554659427227,-0.10828528612578378,0.2187725245511418,0.24921762812819281,72.32867431640625
1780859513.01981,1.123242373954444,-0.10822179201255366,0.21882725668332093,0.24925027052721127,72.34936380386353
1780859513.0430202,1.1229548603187873,-0.10806754959453337,0.21876566397351835,0.24915835075983317,72.37257409095764
1780859513.0645,1.1226332718999656,-0.1080426197506038,0.21880068120369467,0.24924596274523125,72.39405393600464
1780859513.085509,1.1223369327460462,-0.1079262876418511,0.21880531165392827,0.24920764253803096,72.41506290435791
1780859513.1075027,1.1220397824736839,-0.10781881694062725,0.21877849516316353,0.24917634036213165,72.43705654144287
1780859513.128693,1.121728324818457,-0.10776978363406593,0.21874704041023832,0.24923007159283017,72.45824694633484
1780859513.1524081,1.1214478696808263,-0.10759720185539733,0.21876575889063488,0.24911000951784779,72.48196196556091
1780859513.1753366,1.1211288997003062,-0.10757498447982741,0.21887038506300796,0.24919960173162536,72.50489044189453
1780859513.1968343,1.1208466151315428,-0.10742333768977738,0.21880545213949543,0.2491092201418077,72.52638816833496
1780859513.2199683,1.120523959738093,-0.10742557782163346,0.218839061740053,0.2492321925268728,72.54952216148376
1780859513.2429473,1.120250677448598,-0.10723887403067912,0.21884798547448842,0.2490913665923511,72.57250118255615
1780859513.2628288,1.119928700068891,-0.10724845878217172,0.2188323674948024,0.24922475829901813,72.59238266944885
1780859513.285499,1.1196511001466651,-0.10708112812693622,0.21889391307881206,0.2491094467121,72.6150529384613
1780859513.3058984,1.119331794317701,-0.10709987209056045,0.21869191573233826,0.24925488871468637,72.63545227050781
1780859513.3285565,1.11905842706454,-0.1069164787895846,0.21884058261155528,0.24911944441899436,72.65811038017273
1780859513.3536522,1.1187549297029589,-0.10687218204152185,0.21873402289047997,0.24917189285528796,72.68320608139038
1780859513.3762069,1.118469852164126,-0.1067474161474785,0.21876854076742222,0.24911933116350493,72.70576071739197
1780859513.4001453,1.1181886852076066,-0.10662245645780358,0.21865419918718818,0.24905830353162361,72.72969913482666
1780859513.4207118,1.1178708345449098,-0.10661979711570256,0.21883529630255574,0.24917472576024569,72.75026559829712
1780859513.4426475,1.1175861537424547,-0.10651749894496383,0.21873124000405955,0.24914824680939418,72.77220129966736
1780859513.4660532,1.1173073108440545,-0.10639112294209306,0.2185962551323655,0.249087811481699,72.79560708999634
1780859513.4850056,1.1170167029148241,-0.10628258264581042,0.21893018282664123,0.24905304785566784,72.81455945968628
1780859513.5065567,1.116709760120306,-0.10628777866309065,0.2186282013182096,0.2491754109094213,72.83611059188843
1780859513.5269263,1.1164292635917956,-0.10614869497177748,0.21886918811545197,0.2491017322213569,72.85648012161255
1780859513.5513768,1.116186400865938,-0.10590683501889774,0.21861081062566612,0.2488744463567727,72.88093066215515
1780859513.5749042,1.115875285800811,-0.10590672003430643,0.21871935539421616,0.24898853314429736,72.90445804595947
1780859513.5951161,1.1155499984576591,-0.10596238101175534,0.21883724668230453,0.24918591341042884,72.92466998100281
1780859513.6183486,1.1152980508223214,-0.10574465023130093,0.2188623254480676,0.2489953498773101,72.94790244102478
1780859513.638221,1.114987672579469,-0.10577095334845839,0.21868764798589022,0.24914345891747836,72.96777486801147
1780859513.6598752,1.1146977023504399,-0.10571145640809126,0.21863556557706237,0.2491773498706813,72.9894289970398
1780859513.681672,1.114441328605148,-0.1054994157493602,0.2188690487169187,0.2489951804394792,73.011225938797
1780859513.701911,1.1141606487377835,-0.10542499130663667,0.21865473276730943,0.24900205102056638,73.03146481513977
1780859513.726053,1.1138631411565012,-0.10539629548334843,0.2186634935307646,0.24907533404958926,73.05560684204102
1780859513.7458768,1.1135635132874606,-0.10537506118482527,0.2188025250930985,0.24916024762066868,73.07543063163757
1780859513.7713408,1.1133249907894067,-0.10513456573766539,0.21864006160278246,0.24893688907536227,73.10089468955994
1780859513.795291,1.113061041677454,-0.10499379341983668,0.21853949940072045,0.24884830309151873,73.124844789505
1780859513.8182836,1.1127361586873779,-0.10505830148477836,0.21892849751064428,0.24905233162078755,73.1478374004364
1780859513.8400943,1.1124342546516544,-0.10509599127578591,0.2185423698306801,0.24921692143264274,73.16964817047119
1780859513.8605664,1.1121760662165088,-0.10492191501648881,0.21868670021422398,0.2490889936287637,73.19012022018433
1780859513.8827775,1.1119371747643267,-0.10467161834706404,0.21889221473345988,0.24884678377360014,73.21233129501343
1780859513.907765,1.111608399689532,-0.10481305261130197,0.2186632278097924,0.24915288122887702,73.23731875419617
1780859513.9278042,1.111333005131566,-0.10473338998605118,0.21856501863958905,0.24915605444686406,73.25735807418823
1780859513.948754,1.1110900611562713,-0.10449197178924371,0.21899519493616132,0.24892947471341653,73.27830791473389
1780859513.9714746,1.1108163497849992,-0.10444183522019175,0.21853088709397495,0.24896449126668596,73.30102849006653
1780859513.9901109,1.110517192477666,-0.10442538444284155,0.21896617545387978,0.2490552486599773,73.31966471672058
1780859514.011959,1.1102640104289678,-0.10429312950090631,0.21862442390080541,0.248977726418933,73.34151291847229
1780859514.0325634,1.109990172644167,-0.1042024853626819,0.21877017190965647,0.2489593466167621,73.36211729049683
1780859514.0549366,1.1096969994171675,-0.10421384961834099,0.21871671746252916,0.24908394746306683,73.38449048995972
1780859514.077171,1.1094489932984646,-0.10404059661021062,0.2186952832656303,0.24895236898245887,73.40672492980957
1780859514.09747,1.1092030061658555,-0.10386527486259399,0.21867540108336606,0.24881158083648458,73.42702388763428
1780859514.120093,1.1088908779817057,-0.10393313851739011,0.21893512339005797,0.24901644874820228,73.44964694976807
1780859514.1399918,1.108625021826704,-0.10386810932228317,0.2185576944854856,0.2490330092999642,73.46954560279846
1780859514.161061,1.1083650872220467,-0.10372192684035098,0.21897403980665547,0.24893811251261866,73.49061489105225
1780859514.1827323,1.1081059551824406,-0.10364565880744002,0.21850726579535185,0.24893437673105723,73.51228618621826
1780859514.2031415,1.107822928288073,-0.10359297907712874,0.21893911949848244,0.24897035286809732,73.53269529342651
1780859514.2255569,1.1075601433493711,-0.10353431637885896,0.21852487177988772,0.24899212669435578,73.5551106929779
1780859514.2458231,1.1072901145740088,-0.10343993836175082,0.21889860207251355,0.24896935819114496,73.57537698745728
1780859514.2690606,1.1070496227213527,-0.10330046569571535,0.218477665352639,0.2488768564442898,73.59861445426941
1780859514.292038,1.1067717219503619,-0.10323574168628756,0.218952353648989,0.24889372043707425,73.62159180641174
1780859514.3125904,1.1064813106990394,-0.1033036037138581,0.2184536520353931,0.2490908967576635,73.64214420318604
1780859514.3348174,1.1062120412991219,-0.1032235003536261,0.2187775078752968,0.24908998785004677,73.66437125205994
1780859514.3547897,1.106020842822933,-0.10286984205786057,0.21873191685120316,0.24869597209452188,73.68434357643127
1780859514.378153,1.1057481921859036,-0.10285612959164689,0.2184849817230014,0.24877759664042642,73.70770692825317
1780859514.3994284,1.1054402765455922,-0.10293259603352672,0.2188551841054964,0.24899172580060913,73.7289822101593
1780859514.4192004,1.1051604665568902,-0.10295741561814428,0.21859087636543903,0.2491293477933345,73.7487542629242
1780859514.44181,1.1049358795989905,-0.10273479657988906,0.2186928327808788,0.24892455420270743,73.77136373519897
1780859514.4617789,1.1046996353167058,-0.10256663591471718,0.21871893529853756,0.24878698252681364,73.7913327217102
1780859514.484952,1.1043992524258686,-0.10264941142629616,0.218857086359981,0.24900842560439074,73.81450581550598
1780859514.509434,1.1041830063508824,-0.10242417643455125,0.2186945994820364,0.24879621753898284,73.83898782730103
1780859514.5312092,1.103942536083113,-0.10228963179911975,0.21863721095802435,0.2487060410648274,73.86076307296753
1780859514.5536575,1.1036368570283421,-0.10239155008726653,0.2188658198355588,0.24895176650937145,73.88321137428284
1780859514.574114,1.1033811422989166,-0.10234284303733537,0.21856168844769336,0.24898576084999746,73.90366792678833
1780859514.5957668,1.1031467755187194,-0.1021671045455641,0.21880416127369873,0.2488427467608325,73.92532062530518
1780859514.6180751,1.1029201161881608,-0.10199822019058448,0.21867380796047203,0.24870393796292145,73.94762897491455
1780859514.6387117,1.10262635371031,-0.1020672148129267,0.2188963543127359,0.24890195768391887,73.96826553344727
1780859514.6605217,1.1023682385523632,-0.10204391407917669,0.21850929795683224,0.24896979413252396,73.99007558822632
1780859514.6834755,1.1021222358782856,-0.10191311393654956,0.21894690875144943,0.24888983698450584,74.01302933692932
1780859514.7038736,1.1019001927074228,-0.10175422267500993,0.21859415889523628,0.24876354145664337,74.03342747688293
1780859514.7259252,1.1016198675608964,-0.10178227066075651,0.218794351352721,0.24890061471613478,74.05547904968262
1780859514.7458942,1.1013461537112315,-0.10181637031338434,0.21863909706951112,0.2490504192627725,74.07544803619385
1780859514.769864,1.1011265877262357,-0.10161160380917728,0.21885817448003184,0.2488652734961745,74.09941792488098
1780859514.7915413,1.1008981196755225,-0.10148051902481137,0.21859602117036483,0.2487753805965589,74.12109518051147
1780859514.8127806,1.1006225881594005,-0.10150246661968544,0.21877479039401676,0.2489056789909716,74.14233446121216
1780859514.8348207,1.1003598195935675,-0.10149957231503572,0.21871358923977463,0.24900171667439608,74.16437458992004
1780859514.8548448,1.1001539101199758,-0.10125867081484541,0.2188647056870525,0.24876130790849693,74.18439865112305
1780859514.8787513,1.0998750348938866,-0.10132980376862319,0.21871216447118302,0.2489559932630776,74.20830512046814
1780859514.9012325,1.0996222364398593,-0.10129850188067359,0.21860162490539478,0.24901186774566586,74.23078632354736
1780859514.9227183,1.099414772576458,-0.10106252594560007,0.21888276703339582,0.24877846635522438,74.25227212905884
1780859514.9452975,1.099153309331395,-0.10108009738094628,0.2186635394139709,0.24889609642474575,74.27485132217407
1780859514.9652448,1.0989135425230998,-0.10099787083850773,0.21865867717155177,0.24888080215416686,74.2947986125946
1780859514.9898837,1.098689785541543,-0.10083917659918627,0.2188803966918528,0.2487517586029977,74.3194375038147
1780859515.0134182,1.0984046608340288,-0.1009638474348013,0.21860413986265578,0.24902240434174328,74.34297204017639
1780859515.034145,1.0981680410308128,-0.10087457511573111,0.21865927482208558,0.2489953873135935,74.36369895935059
1780859515.0565858,1.0979773585540715,-0.10059210275118712,0.21890792125650593,0.2486935728957569,74.38613963127136
1780859515.0772915,1.097704416538531,-0.10067593087526554,0.21866369993915313,0.24890262444140898,74.40684533119202
1780859515.1021266,1.097461638290627,-0.10063525335590509,0.2185169449515918,0.2489430581011547,74.43168044090271
1780859515.1246936,1.0972523290170582,-0.1004300489077821,0.2188190537598435,0.2487510655631624,74.45424747467041
1780859515.1458766,1.097036668172514,-0.1002944433082,0.21865233438966797,0.2486519914548868,74.47543048858643
1780859515.1676917,1.0967519516461344,-0.10040839485271864,0.2187524353519635,0.24890536288497955,74.49724555015564
1780859515.188348,1.0965192778169175,-0.10034847397321037,0.2185143292389492,0.2489164485971882,74.51790189743042
1780859515.2117598,1.0963118500603726,-0.10015143129966816,0.21877122689447637,0.24873458741580556,74.54131364822388
1780859515.235351,1.0961007192790626,-0.10000464630213715,0.2186754929719981,0.2486185545347439,74.5649049282074
1780859515.2558753,1.0958191757857447,-0.10012064395170449,0.21877441076522783,0.24887491488307667,74.58542919158936
1780859515.2823389,1.0956086388754844,-0.09997695807855403,0.21865005388525666,0.24876803413911652,74.61189270019531
1780859515.3028035,1.0953837427924404,-0.09988219925244343,0.21865811755502204,0.24872308431359258,74.6323573589325
1780859515.326273,1.0951202626030057,-0.09993208654902681,0.21882689131020544,0.2488898599607694,74.6558268070221
1780859515.3488,1.0949406143374847,-0.09967812125215562,0.21868260963886105,0.24862195647807006,74.6783537864685
1780859515.3691852,1.094701549443676,-0.09965275186120143,0.21868066259414176,0.24867649925015112,74.69873905181885
1780859515.3927934,1.0944335318791383,-0.09974577615470363,0.21860235185005625,0.24889884119300731,74.72234725952148
1780859515.4159076,1.0942083610184892,-0.09966799898299913,0.21864332364650052,0.2488821410180755,74.74546146392822
1780859515.4350023,1.094019508299776,-0.09945034541959079,0.21863419576325255,0.24866468595760427,74.76455616950989
1780859515.4573452,1.093786150437477,-0.09940676276655613,0.21872797877158448,0.24869179250094398,74.78689908981323
1780859515.4773693,1.093533225318433,-0.09945403759971413,0.21866072783499468,0.24885166773486844,74.80692315101624
1780859515.5018842,1.0933289273814728,-0.09929761386802867,0.2187987788939203,0.24872111728513246,74.8314380645752
1780859515.52569,1.0931060895257643,-0.09923252719662626,0.21878115369772516,0.24871708388851843,74.85524392127991
1780859515.5461903,1.092858821383936,-0.0992685484269053,0.21868677405467152,0.24885760897783804,74.87574410438538
1780859515.5680597,1.0926598480136023,-0.09910420113980688,0.21877693191850717,0.24871613619415456,74.89761352539062
1780859515.588682,1.0924366506272867,-0.09904687529446851,0.21876971976872614,0.24872092296689985,74.9182357788086
1780859515.6167278,1.0922050899683498,-0.09902873349553735,0.2187244362786926,0.24878534106364647,74.94628167152405
1780859515.6417387,1.0920013070840702,-0.09889885811726203,0.2187348987594174,0.2486896255053388,74.97129249572754
1780859515.663586,1.091765048632021,-0.0988957174167183,0.21878786629257993,0.24877458791115448,74.99313974380493
1780859515.6880221,1.0915579221515654,-0.09879375787490809,0.2187054973210908,0.24871568396087085,75.01757597923279
1780859515.7084517,1.0913287007813985,-0.0987743123666322,0.21870628753872406,0.2487758903065922,75.03800559043884
1780859515.7300587,1.0911311413542097,-0.09863271464325829,0.2186953067719322,0.24866287456514158,75.0596125125885
1780859515.7529058,1.0908929927855442,-0.09864561081326197,0.21882477536430076,0.24876790662731807,75.08245968818665
1780859515.7739084,1.0906851492758896,-0.09856094954357118,0.21869929549693493,0.24873497464139938,75.10346221923828
1780859515.7970319,1.090475278017087,-0.09848148481647483,0.21863227824101608,0.2487077164434206,75.1265857219696
1780859515.8178437,1.0902518408581863,-0.09845270098833135,0.21863864402067687,0.24875251664814435,75.14739751815796
1780859515.8387961,1.0900352246641765,-0.09838754501513612,0.2188143960243726,0.24874876015639735,75.16834998130798
1780859515.8613122,1.0898483373199386,-0.09823454713524504,0.21866980471458725,0.2486143867096171,75.19086599349976
1780859515.885948,1.0896038995131336,-0.09828780561743411,0.2188065004995015,0.24877531429681898,75.21550178527832
1780859515.9104033,1.0893931138525657,-0.09823930613078116,0.21863439030097376,0.24879138115517208,75.2399570941925
1780859515.9309905,1.0892119984582076,-0.09806195652934822,0.2185941372280294,0.24862567413211512,75.26054430007935
1780859515.9565346,1.0890058119622923,-0.0979862781514518,0.21859671690709925,0.24860023915273644,75.28608846664429
1780859515.9797068,1.0887547512780256,-0.09808254520091969,0.21865846411444836,0.24882179899882395,75.30926060676575
1780859515.9998977,1.0885437652775078,-0.09802845007913279,0.21872153364622504,0.24883057053398083,75.32945156097412
1780859516.0235536,1.0883793136349194,-0.09779898698147536,0.21867862235559196,0.24858671408247623,75.35310745239258
1780859516.04403,1.0881538561349309,-0.09780400904089413,0.2188050222648815,0.2486760064522926,75.37358379364014
1780859516.0688522,1.0879239815317991,-0.09785520009118023,0.21855904773205484,0.24883040602873763,75.39840602874756
1780859516.0930984,1.0877389968362277,-0.09770503379794018,0.21868343670380644,0.2487032428346172,75.42265224456787
1780859516.1142933,1.0875363998751528,-0.09763629603380064,0.218662270107916,0.24868377935023211,75.44384717941284
1780859516.1363285,1.0873023214626085,-0.09769775542154409,0.21863894283273697,0.24885514984476398,75.46588230133057
1780859516.162473,1.0871298781475853,-0.09750336040199173,0.21883707799644583,0.24866257410330217,75.49202680587769
1780859516.182811,1.086930002737357,-0.0974551663861527,0.21855964865765123,0.24867119700832507,75.51236486434937
1780859516.2055414,1.0867136325376354,-0.09744133979918383,0.21869325193575107,0.24873504751194542,75.53509521484375
1780859516.227025,1.086524723204926,-0.09733014266984613,0.2188102290262229,0.24865736266222616,75.55657887458801
1780859516.2495308,1.0863195620347719,-0.09730518017968154,0.21862136584635677,0.24870048295212932,75.57908463478088
1780859516.272306,1.0861242871008383,-0.09723075185925445,0.21859519984947798,0.24867585377934986,75.60185980796814
1780859516.292224,1.085926455330331,-0.09715039812466192,0.21884451675363364,0.24864159713803424,75.62177777290344
1780859516.3140404,1.085702092365134,-0.09721387845081661,0.2186403947172807,0.24880898157291043,75.64359426498413
1780859516.3343294,1.0855344983574722,-0.09703595331387181,0.2186736936736943,0.24863939490980425,75.66388320922852
1780859516.3567123,1.0853368978980213,-0.0969860655326631,0.21861278599499886,0.24864269030818953,75.68626618385315
1780859516.378192,1.0851162393403646,-0.09701637519290689,0.21874588261627673,0.24876830369109726,75.70774579048157
1780859516.4010854,1.0849655853279605,-0.09678842801804388,0.21869741498406567,0.24852131060258742,75.73063921928406
1780859516.423155,1.0847432236961476,-0.09684395595055519,0.21869873612021704,0.24867619654846074,75.75270891189575
1780859516.4437726,1.0845435506125878,-0.09682359642515669,0.2185037199545392,0.24872571221008677,75.77332639694214
1780859516.4670823,1.0843587403299986,-0.0967086821236224,0.21886648909403641,0.24864201248448214,75.79663610458374
1780859516.4910212,1.0841724335115914,-0.09665443836893534,0.21854551765517943,0.24863888825957847,75.82057499885559
1780859516.5120392,1.0839698199017145,-0.09663208545843774,0.21865723311894344,0.24868464678950186,75.84159302711487
1780859516.535991,1.0837796059565545,-0.09656352442485372,0.21880984640001008,0.24866598703369025,75.86554479598999
1780859516.5560064,1.083605386183394,-0.09645419700988926,0.21870876398336125,0.24858388646459062,75.88556027412415
1780859516.580253,1.0833985728243352,-0.09646286320597332,0.21876715156316764,0.24867463292936343,75.90980672836304
1780859516.603633,1.0832220849908707,-0.09636505483873925,0.2187172786129005,0.24860847627416582,75.93318676948547
1780859516.6249058,1.0830257864976331,-0.09634471196580736,0.21869533970919644,0.2486564841577117,75.95445966720581
1780859516.6462595,1.082829312181481,-0.09632512389646103,0.21870677094041024,0.24870185569562242,75.97581338882446
1780859516.6662958,1.0826522175076896,-0.09622748955403367,0.21878799322896214,0.24864037253646387,75.995849609375
1780859516.6899922,1.0824674119080517,-0.09616977363624361,0.21876878049737383,0.24863024447685778,76.0195460319519
1780859516.7132895,1.082271011287284,-0.0961660770636786,0.21867706867899725,0.24870033055276064,76.04284334182739
1780859516.7336617,1.0821046374465169,-0.09603959113144837,0.2186833775224228,0.24859431249507669,76.06321549415588
1780859516.7591457,1.0819039250597382,-0.09604261977155612,0.2187861059825079,0.24867336539364615,76.08869957923889
1780859516.7827835,1.0817356341319802,-0.09593524931480198,0.21872579114117874,0.2485925637816795,76.11233735084534
1780859516.8053086,1.0815398281471142,-0.09593546342598362,0.21868729831389083,0.2486667615251834,76.13486242294312
1780859516.8292255,1.0813706597312727,-0.09583257723258418,0.2186702945213438,0.24859306086480082,76.15877938270569
1780859516.8500679,1.081170690508896,-0.0958500129812314,0.21868230860433094,0.24868992098343412,76.17962169647217
1780859516.8720133,1.081001545346096,-0.09574406408447945,0.21877930088782518,0.2486137123115224,76.20156717300415
1780859516.894753,1.0808152158439515,-0.09571602743270276,0.21875397395895432,0.24864504147286937,76.22430682182312
1780859516.9147937,1.080638510117818,-0.09565445583343646,0.2187352420586334,0.24862870534467785,76.24434757232666
1780859516.9380047,1.0804603224786762,-0.09559580854506566,0.21876805625244206,0.24861652622838548,76.26755857467651
1780859516.9587657,1.0802835421831372,-0.09553864708624789,0.2187375494189033,0.248607988449427,76.28831958770752
1780859516.9792588,1.0800987279686909,-0.09551166817956748,0.21877417189955686,0.24864006382955406,76.30881261825562
1780859517.0027816,1.079925264161637,-0.09544752462791367,0.21874812621640147,0.24861996863343716,76.33233547210693
1780859517.0239391,1.079747492773667,-0.09539886244529373,0.21876606882936955,0.24862126564767095,76.35349297523499
1780859517.0441666,1.0795727790158534,-0.09534084588829062,0.2187735474842394,0.24860919939640347,76.37372040748596
1780859517.0644794,1.079395416008754,-0.09529674746096779,0.21877854311529607,0.2486181004486241,76.39403319358826
1780859517.0893717,1.0792176639891053,-0.0952565994872076,0.21875465916809148,0.24862950669665196,76.41892552375793
1780859517.1118128,1.0790500306543303,-0.09518143399125646,0.2187291433849079,0.24859318637052752,76.44136667251587
1780859517.1320472,1.0788716496097677,-0.09514641717718421,0.2187495125473409,0.24861295595718413,76.46160101890564
1780859517.1540499,1.0786977043290003,-0.09509806336909049,0.2187535277919003,0.2486137789575542,76.4836037158966
1780859517.1740704,1.07852525421791,-0.09504576835249595,0.21876811284353329,0.24860798885712931,76.50362420082092
1780859517.1992853,1.0783512795793988,-0.09500587459228806,0.2187183765560492,0.24861916920398652,76.52883911132812
1780859517.2222733,1.0781871309586244,-0.09492535872242448,0.21872149035069094,0.24857348962482284,76.55182719230652
1780859517.2432966,1.078008097569381,-0.0949057280914156,0.21873718909406523,0.2486144266364363,76.57285046577454
1780859517.2638984,1.0778402738744173,-0.0948434580941222,0.2187509563886365,0.2485930982381861,76.5934522151947
1780859517.284151,1.0776677090564033,-0.0948022968218952,0.21876909964566243,0.2486027842496128,76.61370491981506
1780859517.306436,1.0774960355410446,-0.09476180227798316,0.218749705145051,0.24861384602614045,76.63598990440369
1780859517.3302686,1.0773289132332904,-0.09470353136652133,0.2187681715398917,0.24859692098523034,76.65982246398926
1780859517.350817,1.0771615346472914,-0.09465091056851332,0.21875045179605015,0.24859062539124732,76.6803708076477
1780859517.3729107,1.0769896562543955,-0.09461538571726502,0.21878455932285093,0.2486076165576394,76.70246458053589
1780859517.393276,1.0768213564637563,-0.09456948763579058,0.21878222508929296,0.2486086295888068,76.72282981872559
1780859517.4151726,1.0766557296447636,-0.09451435895307453,0.21878384412916407,0.2485965752073671,76.74472641944885
1780859517.436021,1.0764931058366742,-0.09445057559630617,0.21879057800623428,0.24857344925342328,76.76557493209839
1780859517.4575737,1.0763256838471633,-0.09441134406358422,0.21874089115458617,0.24858424742725127,76.78712749481201
1780859517.4816046,1.076154924276923,-0.09437967534543824,0.21879886745530555,0.248604460937349,76.8111584186554
1780859517.5010812,1.075990702250557,-0.09433071643031972,0.21876051435457566,0.24859893188439752,76.83063507080078
1780859517.5248997,1.0758283104050104,-0.09427341374924068,0.21878990819338784,0.2485854265279226,76.85445356369019
1780859517.5477614,1.0756641836667813,-0.09422277566468924,0.21881229765129767,0.24857744226779044,76.87731528282166
1780859517.567905,1.0755001572971825,-0.09418120836427928,0.21876699692784157,0.24858481602570137,76.89745879173279
1780859517.5917437,1.075334584967896,-0.09413891960897773,0.21880862672186807,0.2485888866499799,76.92129755020142
1780859517.614892,1.07517647021227,-0.09407406013357164,0.2187961285923699,0.2485618237868774,76.94444584846497
1780859517.6337683,1.07501050923833,-0.09404294234084563,0.2187847407325711,0.24858290006402317,76.96332216262817
1780859517.655327,1.074855543254691,-0.09397399753554148,0.21874734624294337,0.24854721982440076,76.98488092422485
1780859517.6756835,1.074694115445048,-0.09392542627231162,0.21877706695077073,0.2485436796434639,77.00523734092712
1780859517.6980224,1.0745273524612928,-0.09390579931904752,0.218731116090939,0.24858000676864656,77.02757620811462
1780859517.72185,1.0743599638359236,-0.09388692461626505,0.21873162968246396,0.24861563981771617,77.05140376091003
1780859517.7414844,1.0742142222467916,-0.09378562695486746,0.21871883910316017,0.2485360771538172,77.07103824615479
1780859517.771007,1.0740415221514832,-0.09378551135359803,0.21879461422889165,0.2485992589797812,77.1005609035492
1780859517.793048,1.0738899424410324,-0.09370984074774096,0.21879639799847428,0.24855496599767068,77.12260174751282
1780859517.8151855,1.0737278054849408,-0.09368383516230958,0.21873882581447288,0.24858189661863328,77.14473938941956
1780859517.8379877,1.073563145903541,-0.0936629497724562,0.21875532339607118,0.24861313887979186,77.16754150390625
1780859517.8590646,1.0734183717211272,-0.09356462083673948,0.21876559207781557,0.248537334175162,77.18861842155457
1780859517.8820782,1.0732518130172661,-0.09355854054188817,0.2187423367054419,0.2485897164050641,77.21163201332092
1780859517.9023113,1.0731045585900307,-0.09347239709130731,0.21878001145257778,0.24853172223180042,77.2318651676178
1780859517.9257774,1.0729390858043044,-0.0934634200072533,0.21877816468378053,0.2485790281400746,77.25533127784729
1780859517.9505765,1.0727892725242685,-0.09339337582294624,0.21880369608600594,0.24854340604171643,77.28013038635254
1780859517.970243,1.072625548740679,-0.09338146515616218,0.2187870716726649,0.24858800339981446,77.29979681968689
1780859517.9927492,1.0724812627302462,-0.09330024265457817,0.21871677923616922,0.24853256299491733,77.32230305671692
1780859518.0126998,1.0723155779954598,-0.09329915264718265,0.2187160272784859,0.24859242350522592,77.34225368499756
1780859518.0369475,1.0721819203987644,-0.09317356511571272,0.21871050381641574,0.24847678260840844,77.36650133132935
1780859518.0603244,1.0720070170461888,-0.09320219342082196,0.21881851153625453,0.24857663146354803,77.38987827301025
1780859518.0810595,1.07185310188773,-0.09316305971449299,0.2188018768976261,0.24858365315114028,77.41061329841614
1780859518.1047852,1.0717221031777293,-0.09303621564129805,0.21874116117051362,0.2484637629618467,77.43433904647827
1780859518.1271193,1.0715420969214637,-0.09309527007968571,0.2187942899331416,0.24860791617278366,77.45667314529419
1780859518.148651,1.0714107849891998,-0.09296988917958102,0.21878189861073297,0.248489704491349,77.47820472717285
1780859518.171248,1.071245954238634,-0.0929808499711334,0.21873766179785176,0.24856661528669655,77.50080180168152
1780859518.1918259,1.0710912913402588,-0.09294871012237542,0.2187546170765598,0.24857804982339626,77.52137970924377
1780859518.2145314,1.0709329975359139,-0.09293937084446155,0.2186944811774975,0.24862682450585005,77.54408526420593
1780859518.2343676,1.0708046365491544,-0.09280783477236502,0.21868750019344235,0.2484987852467988,77.5639214515686
1780859518.2609692,1.0706418985601036,-0.09280819815704602,0.2187524205733081,0.2485586907693822,77.59052300453186
1780859518.2833273,1.0704951005779864,-0.0927530288388227,0.21877336361713806,0.24854203281658815,77.61288118362427
1780859518.3057883,1.0703475308115469,-0.09270452984307431,0.21876939542614726,0.24852990293647714,77.63534212112427
1780859518.3292365,1.0701935202683457,-0.09268419732063235,0.21872735764912132,0.2485601540795228,77.65879034996033
1780859518.355059,1.0700567176733122,-0.09259802290985393,0.21867524136643846,0.24849682756424585,77.68461275100708
1780859518.3743715,1.0698941887092785,-0.09260875754134355,0.21870188726631495,0.24856919636989083,77.70392537117004
1780859518.3960867,1.0697511403839637,-0.0925396987041726,0.2188072159796085,0.24853306240317785,77.72564053535461
1780859518.4162881,1.069600846526876,-0.09250695044962341,0.21882527658668705,0.24854346943865835,77.74584197998047
1780859518.4381044,1.069459067393632,-0.09244401780265234,0.21881814703667485,0.24851185264314601,77.76765823364258
1780859518.4610188,1.069297676858177,-0.0924620190973665,0.21877275563689821,0.24859531090530407,77.79057264328003
1780859518.4827127,1.0691727788915613,-0.09233717474391398,0.2187237948502913,0.24847507687089632,77.81226658821106
1780859518.504819,1.069013743963737,-0.09234528047123387,0.21873258365370296,0.2485452554755394,77.83437275886536
1780859518.5276113,1.0688736134040648,-0.09227742209657455,0.21877791590075485,0.24850630460289125,77.85716509819031
1780859518.5534117,1.068719100163265,-0.09226752222907023,0.2188477680987157,0.24855045552799826,77.88296556472778
1780859518.5762558,1.0685909024689242,-0.09216353805452032,0.2188056304105365,0.24845938112434318,77.9058096408844
1780859518.596773,1.0684177802072357,-0.09224390301094934,0.21867840033090408,0.2486284928128626,77.92632675170898
1780859518.6214871,1.0682913337965947,-0.09212130178316423,0.2188251357705972,0.24851552323659476,77.95104098320007
1780859518.6421375,1.0681590368159442,-0.09204838648952357,0.21863137305612043,0.248465573207163,77.97169137001038
1780859518.666107,1.0679970788528863,-0.09207415178189618,0.21867660437872807,0.24855827060435765,77.99566078186035
1780859518.6900668,1.067849451528221,-0.09204213617560533,0.21879151568009053,0.24857257305936908,78.01962065696716
1780859518.710323,1.0677443544741843,-0.09186509240953293,0.21863538661179227,0.248376010327771,78.03987693786621
1780859518.7336297,1.067573721928941,-0.09192110545378498,0.2188270984275218,0.24850978259829581,78.06318354606628
1780859518.7542813,1.0674183183778527,-0.09194946879622429,0.2185920694311119,0.24860570704882434,78.08383512496948
1780859518.77894,1.0672974501223587,-0.09181164387345692,0.2187495127069931,0.2484695558462553,78.10849380493164
1780859518.8017101,1.0671810876289867,-0.0916879064628081,0.21857194851536912,0.2483468243291922,78.13126397132874
1780859518.8226116,1.0669999801090826,-0.09178752641579525,0.21881429164076588,0.2485428304857642,78.15216541290283
1780859518.844312,1.0668757518337668,-0.09169222583613766,0.21867170364244007,0.24846617467419918,78.1738657951355
1780859518.8647842,1.0667445280733265,-0.09162212287338957,0.21859421491997433,0.24841831302886597,78.19433808326721
1780859518.888786,1.066569738138314,-0.09170161501391404,0.21880151414011867,0.24858722725799431,78.21833992004395
1780859518.911588,1.0664312040194615,-0.09167062302152196,0.21867608399688254,0.24859753833620246,78.24114179611206
1780859518.9320052,1.0663239266865288,-0.0915043104126784,0.21865626500670807,0.24841833787800738,78.261559009552
1780859518.954596,1.0661850210001513,-0.09146259661590275,0.21870349907373382,0.2484118273228102,78.28414988517761
1780859518.974917,1.0660125224803008,-0.09155301542278259,0.21871813282657468,0.24859524763161645,78.3044707775116
1780859518.99731,1.0658901251380863,-0.09144011933750489,0.21888477987392022,0.2484907508874219,78.32686376571655
1780859519.0196986,1.065764298624014,-0.09137185951168483,0.21865834106756876,0.24844596357332005,78.34925246238708
1780859519.0403047,1.0656030310787967,-0.09142234769915107,0.21869121302262853,0.2485698754363579,78.36985850334167
1780859519.0632203,1.0654715929508267,-0.09135979183078477,0.21871869785041148,0.24853733246925103,78.39277410507202
1780859519.0882695,1.065349754349007,-0.0912660555065866,0.21864991830561933,0.24845674895583336,78.41782331466675
1780859519.1055856,1.065197804760624,-0.09128334114280692,0.21869621786322954,0.24853425716597677,78.43513941764832
1780859519.1289907,1.0650644579191255,-0.09122560277506027,0.21880252437857958,0.2485094161888366,78.45854449272156
1780859519.1501036,1.064955280804302,-0.09109424556725183,0.21865006844018015,0.24837330242009958,78.47965741157532
1780859519.173231,1.0647864154338567,-0.09117158302549733,0.2188478767894259,0.248535980501968,78.5027847290039
1780859519.1970348,1.0646759452780075,-0.09104408070996561,0.2187339698676899,0.24840897462219935,78.52658867835999
1780859519.219563,1.0645187787017971,-0.09108752489655586,0.21882316837321492,0.24852167900833777,78.54911684989929
1780859519.2435026,1.0644049450727708,-0.09097370011998601,0.21874321504212887,0.24841523037174085,78.57305645942688
1780859519.2642858,1.064254502381459,-0.09099474699365809,0.21881937891885134,0.24849548449023295,78.59383964538574
1780859519.2872164,1.0641178864427696,-0.09097766214060832,0.2186698600009058,0.24852367330280778,78.61677026748657
1780859519.3084064,1.0639948852190635,-0.09089699938116008,0.21866206467096216,0.24846199884841624,78.63796019554138
1780859519.3289514,1.063849686827867,-0.09089677976116527,0.21876931829506963,0.24851231704501586,78.65850520133972
1780859519.3517969,1.0637068670010388,-0.09090607885354306,0.21867874553265454,0.24857875214677527,78.68135070800781
1780859519.3723705,1.0635977201775983,-0.0907677453743632,0.2187646163383552,0.24843422259724157,78.70192432403564
1780859519.3985898,1.0634519363230055,-0.0907849525620851,0.21874418392663791,0.24851026361879036,78.7281436920166
1780859519.4198287,1.0633317471851411,-0.09070140059230986,0.21874451497010938,0.24844457712696943,78.74938249588013
1780859519.4411235,1.0631880281223778,-0.09070669760749246,0.21880760480969422,0.24850153420809207,78.77067732810974
1780859519.4649343,1.0630631071305545,-0.09064196174178482,0.21881557458859482,0.24846205858480452,78.79448819160461
1780859519.4860497,1.0629335583477821,-0.09060194535283723,0.2187744490448111,0.24845775233105627,78.81560349464417
1780859519.509676,1.0628001918334162,-0.09057499570403171,0.21878189003538098,0.24846793998518102,78.83922982215881
1780859519.5323465,1.0626699276931224,-0.09053432530990406,0.2188090568507043,0.24846233714824706,78.86190032958984
1780859519.5521102,1.0625340250272428,-0.09052298381725694,0.21876731536025207,0.24849756367471176,78.88166403770447
1780859519.575391,1.0624068731335712,-0.09047099860528864,0.21881287704145364,0.24847304380680235,78.904944896698
1780859519.5956023,1.0622736640015955,-0.09045097631888872,0.218776988826272,0.248496899764028,78.9251561164856
1780859519.619873,1.0621473073056802,-0.09039830023709015,0.2188218477710845,0.24847138802410207,78.94942688941956
1780859519.6414843,1.0620188239687096,-0.09036070918583462,0.2188047788340024,0.24847032905331723,78.97103810310364
1780859519.6614263,1.061887919623654,-0.0903342408448573,0.21876604174802758,0.24848136408653332,78.99098014831543
1780859519.6846962,1.0617613065422173,-0.09029328930356753,0.2187399429786295,0.2484728726595531,79.01425004005432
1780859519.7046015,1.0616329739701567,-0.09025399113973649,0.21879457900343333,0.2484676360239808,79.03415536880493
1780859519.7270956,1.0614994500090718,-0.09023762956713698,0.21881505423453734,0.24849440262064526,79.05664944648743
1780859519.7506728,1.061379963755166,-0.09016907374199866,0.2188017326841623,0.2484456342926027,79.08022665977478
1780859519.7741175,1.0612431189447444,-0.09017340685395868,0.21877522867775992,0.2485026278947835,79.10367131233215
1780859519.7975585,1.0611320934589294,-0.09007726632247144,0.21873698220705226,0.24841525278995213,79.12711238861084
1780859519.8204682,1.0609946420334635,-0.0900820121591563,0.21873470194584185,0.24847214479471447,79.15002202987671
1780859519.840297,1.0608606531788554,-0.09007388836935153,0.21876683042417996,0.24850771414000494,79.16985082626343
1780859519.8637426,1.060745449716041,-0.08999342550664038,0.2187940840535459,0.2484456621925082,79.19329643249512
1780859519.8851075,1.060609607538517,-0.08999581241074557,0.21880767979441063,0.24849636045401446,79.21466135978699
1780859519.908578,1.0605022321217865,-0.08989471902422885,0.21873300799810066,0.24840170723409294,79.2381317615509
1780859519.9315748,1.0603621237179306,-0.08991233592956487,0.21878227506162565,0.24847664059458907,79.26112866401672
1780859519.9518962,1.0602453148702362,-0.08985216307804525,0.21870390139748358,0.24843719282592147,79.28145003318787
1780859519.974155,1.0601141535225502,-0.0898458092965391,0.2186552523108999,0.2484776599634042,79.30370879173279
1780859519.9942577,1.0599937670114428,-0.0897858546955322,0.21874739647707575,0.24844104993952065,79.3238115310669
1780859520.016205,1.0598666632726168,-0.08976571581102781,0.21877014679098972,0.2484605490688372,79.34575891494751
1780859520.039006,1.059745806953748,-0.08973142122759975,0.21858993931486395,0.24845920774344776,79.36855983734131
1780859520.0590093,1.0596220215677246,-0.08968738012295216,0.21869851724151937,0.24844539943355848,79.38856315612793
1780859520.0825732,1.0594946678007315,-0.08966772709473962,0.21878091048351128,0.24846531860378107,79.41212701797485
1780859520.10285,1.0593758363476384,-0.08963549626528237,0.2185182987001547,0.24846598661183705,79.4324038028717
1780859520.1294494,1.059247183061379,-0.08959580197178679,0.21889942486312594,0.24845946057944523,79.45900321006775
1780859520.1519034,1.0591277402050285,-0.08957755577165244,0.21858528036534286,0.24847861002357696,79.48145723342896
1780859520.1721625,1.0590101567565586,-0.08952037796894417,0.21864275376666933,0.24844591348398204,79.50171637535095
1780859520.1968694,1.058891529100855,-0.08946203938995004,0.21885603781819857,0.248410227058681,79.52642321586609
1780859520.2168705,1.0587527820595481,-0.08951565297279676,0.21862881433884204,0.24853126128072045,79.5464243888855
1780859520.239498,1.058655365036114,-0.08938098703959467,0.21873751836933775,0.24839132597213798,79.56905174255371
1780859520.2631068,1.0585515760925668,-0.08928977442869913,0.2186539750661748,0.24830558197204233,79.59266066551208
1780859520.284457,1.0583863405856329,-0.08941889940022754,0.21886347169523407,0.24853548119688362,79.61401081085205
1780859520.3069575,1.0583027560299854,-0.0892595570182335,0.21865992860227262,0.2483580356662891,79.63651132583618
1780859520.327751,1.0581965641997804,-0.08917924515163016,0.21861406583782267,0.2482872669017846,79.65730476379395
1780859520.3522143,1.0580303428768298,-0.0893152878245222,0.21882237313525743,0.24852616089073187,79.68176817893982
1780859520.375335,1.0579220287639453,-0.08926203873113041,0.21859217642905598,0.24849697310447283,79.7048888206482
1780859520.3960044,1.057822207571123,-0.08915300614754339,0.21861059549089057,0.2483881748576966,79.72555828094482
1780859520.4210038,1.0577097370577164,-0.08909383957876872,0.21873181611227308,0.2483499619668752,79.75055766105652
1780859520.4427426,1.0575648922559995,-0.08918268904159825,0.21853169719152973,0.24851878371711145,79.77229642868042
1780859520.4670415,1.057431652961832,-0.08920126544515082,0.21869915031864645,0.24859426828451525,79.79659533500671
1780859520.4896212,1.0573659707313874,-0.08896115813928412,0.21880079247203646,0.24829893857841068,79.8191750049591
1780859520.5098305,1.0572177339311963,-0.0890694979203594,0.21862737552055736,0.24849298747778192,79.83938431739807
1780859520.5327864,1.057101217957219,-0.089039168895951,0.21862264494900985,0.24849909997614716,79.86234021186829
1780859520.5571206,1.0570119003432283,-0.08889217966945114,0.21878701135145984,0.24833342244160228,79.88667440414429
1780859520.5764,1.0568520838673359,-0.08904615916499288,0.21866824059213277,0.24859541364963356,79.90595388412476
1780859520.5996037,1.0567502614473172,-0.08896149117628714,0.21872458776197476,0.24852164526453624,79.92915749549866
1780859520.620645,1.0566791734551815,-0.08877216546858308,0.2185400265579526,0.24829653554740894,79.95019888877869
1780859520.6431603,1.0565598892870018,-0.08875936726259501,0.2185742539694723,0.24831982799515373,79.97271418571472
1780859520.665662,1.0564050463528836,-0.08887666515998413,0.21873783872523184,0.24853241942546944,79.99521589279175
1780859520.6857271,1.056301957279566,-0.08881805312791813,0.21862598701922173,0.24849269577896393,80.01528096199036
1780859520.7104475,1.0562124018592212,-0.08869885860071838,0.21854626544628886,0.2483675771195788,80.0400013923645
1780859520.730224,1.0561123570523905,-0.08860718091546037,0.21872757212030094,0.24828063802792588,80.05977773666382
1780859520.751472,1.0559451895217131,-0.08879811467593722,0.21865065983449478,0.24859361631662225,80.08102583885193
1780859520.7732549,1.0558278708028817,-0.08879585789838228,0.21858865071533012,0.24863531805255068,80.10280871391296
1780859520.793082,1.0557595679539113,-0.08857475909080421,0.21886145641179888,0.2483677711257748,80.12263584136963
1780859520.8165739,1.055656185940654,-0.08854798096968587,0.2184453874272158,0.24836698406546187,80.14612770080566
1780859520.836804,1.0555181888818055,-0.08858743644636415,0.2189424980449126,0.24846897319491568,80.16635775566101
1780859520.8606231,1.0554167407938517,-0.08857055105166153,0.21834724083404033,0.248484394240589,80.19017696380615
1780859520.882238,1.0553024485458156,-0.08851252612471597,0.2189415633177141,0.248448998283612,80.21179175376892
1780859520.905073,1.0552202756757039,-0.08842290921402647,0.21833453599628586,0.2483601479262294,80.23462677001953
1780859520.9269602,1.0551090131701915,-0.08836102185998904,0.21888709866642922,0.2483163693672763,80.25651407241821
1780859520.947364,1.0549727467814627,-0.08847502567905925,0.21843241412300357,0.24851661799280578,80.27691793441772
1780859520.9716043,1.054838102163572,-0.08852967076337567,0.21870164397701025,0.24864020700556289,80.30115818977356
1780859520.9964287,1.054798076598838,-0.0882344482087144,0.21870697495068123,0.24826463436201163,80.3259825706482
1780859521.017874,1.0546877676534518,-0.08823546517197028,0.21845179002646256,0.24830111798139765,80.34742784500122
1780859521.0402548,1.0545254202020098,-0.088400099842379,0.21881479407357177,0.24857886195277423,80.36980867385864
1780859521.0614057,1.0544449814737102,-0.0882817374021148,0.21862196800783942,0.2484547815033391,80.39095950126648
1780859521.0839136,1.0543941744535383,-0.08803830272204569,0.218613475969005,0.2481483447246804,80.41346740722656
1780859521.1074262,1.054258575229173,-0.08814027537171354,0.21846282477751996,0.248329802506575,80.43698000907898
1780859521.1276312,1.0541064497015886,-0.08826757101508088,0.21882294587051654,0.24855480546735542,80.45718502998352
1780859521.150954,1.0540312013406126,-0.088152889615856,0.2184792247512458,0.24843147687322542,80.48050785064697
1780859521.170865,1.0539348519736256,-0.08806715782528185,0.21878615276538285,0.2483507542003549,80.50041890144348
1780859521.1940043,1.0538107739939293,-0.08814424246230276,0.21850707230338187,0.24849702916684713,80.52355813980103
1780859521.2160358,1.0537071865977374,-0.08809253634915556,0.2187760913890846,0.24846821309700928,80.54558968544006
1780859521.2362251,1.0536480891621798,-0.0879081784945714,0.21861278043373303,0.24824463393415197,80.56577897071838
1780859521.2603648,1.0535130251408045,-0.08800760665967446,0.2186071318661256,0.24842135258297837,80.58991861343384
1780859521.2852933,1.0533888136173806,-0.08805585293136275,0.21872924253125003,0.24853441251589725,80.61484718322754
1780859521.305937,1.0533412949296923,-0.08781767004806562,0.21870255084078216,0.2482347073762572,80.63549089431763
1780859521.3298545,1.0532117890357335,-0.08791458243405806,0.2185262753760729,0.24840691894534928,80.65940833091736
1780859521.3503897,1.0530845985626207,-0.08796081982659935,0.2188817963424815,0.24851662387376727,80.67994356155396
1780859521.3726015,1.0530446003291989,-0.08772147342198215,0.21856830982281186,0.2482153134706273,80.7021553516388
1780859521.3980742,1.0529382988090499,-0.08772556580894243,0.21844599103539936,0.24825496788375023,80.72762799263
1780859521.419074,1.0527897726563438,-0.08785721150573296,0.21884554539585818,0.248482533616194,80.74862790107727
1780859521.4438758,1.0526890704900196,-0.08786501532380704,0.21849226303198793,0.24853085194496938,80.77342963218689
1780859521.4649992,1.0526101197846542,-0.08773487332998782,0.21874921469588843,0.24838851256720673,80.79455304145813
1780859521.4864435,1.0525574548648478,-0.08754447609188355,0.21855627622530477,0.24815388561826168,80.81599736213684
1780859521.5103657,1.0524279051717618,-0.08764299018584296,0.2185124127409025,0.2483277709806888,80.83991956710815
1780859521.5315194,1.0522857957565395,-0.08776449557391437,0.21881881449942034,0.24854189779216895,80.86107325553894
1780859521.5552206,1.0522258777082838,-0.08762127207818159,0.21843636623108256,0.24837505527872317,80.88477444648743
1780859521.5754519,1.052129588651847,-0.08755097728994582,0.21892680464754638,0.2483138646180354,80.90500569343567
1780859521.5986977,1.052000253298723,-0.08769325948224631,0.21842676868933064,0.24854803465609532,80.92825150489807
1780859521.622521,1.0518900081317943,-0.08769914307873647,0.2186845795950486,0.24859919912007733,80.95207476615906
1780859521.643973,1.0518625164380513,-0.08740059014585617,0.218719781378744,0.24821230741654254,80.97352695465088
1780859521.6667168,1.0517503335109728,-0.08745809731887869,0.21847024240575827,0.24832519719106827,80.9962706565857
1780859521.6870816,1.0516140896090918,-0.08755806131122114,0.21891597087239364,0.24850802001761618,81.01663541793823
1780859521.7093973,1.0515536880117409,-0.08743106623087632,0.2184764496086889,0.2483629521843831,81.03895115852356
1780859521.7337494,1.0514581790104254,-0.08737676404475885,0.21887972286616117,0.2483213546728349,81.063303232193
1780859521.7534976,1.0513124641486888,-0.08757998099624367,0.2185460399058767,0.248643206287829,81.08305144309998
1780859521.7766929,1.0512222692553501,-0.08754677268751224,0.21844308296012033,0.24863405987906084,81.10624670982361
1780859521.7971601,1.0511804492137684,-0.0872903517979779,0.21877098038999193,0.2483110747142767,81.12671399116516
1780859521.8202517,1.0511039142624128,-0.08722550233571437,0.2184133195244894,0.24824825760642355,81.14980554580688
1780859521.8440437,1.050976555094838,-0.0873017617810546,0.21887821177661299,0.24839426865277048,81.17359757423401
1780859521.8650057,1.0508732325682184,-0.08735258682751068,0.21841698083295139,0.2485001016593653,81.1945595741272
1780859521.8916304,1.050775690681815,-0.08731677639097368,0.2188438920941524,0.24848863906109386,81.22118425369263
1780859521.912402,1.050729834360134,-0.08713643010231646,0.21848695940357302,0.24826595366244142,81.24195575714111
1780859521.9350996,1.0506410788856182,-0.08709413715749291,0.21855103438273152,0.24823814520305465,81.26465344429016
1780859521.9564955,1.0504978079675296,-0.08724830592861343,0.21888007134481813,0.24849356009818635,81.28604936599731
1780859521.9777932,1.050419171444989,-0.08721013138666579,0.21844711780618242,0.2484736807847696,81.30734705924988
1780859522.0002282,1.0503379843510317,-0.08711067014528305,0.21890638265552653,0.2483707402219011,81.32978200912476
1780859522.0255098,1.050269329684161,-0.08704644892654188,0.2183316936462532,0.2483096749126572,81.3550636768341
1780859522.0453322,1.0501645854518946,-0.08702954631506474,0.21896870001040142,0.24832309265356578,81.37488603591919
1780859522.0671384,1.0500512331004461,-0.08714592466043308,0.21834945331466538,0.2485175118013636,81.39669227600098
1780859522.0870976,1.0499329611054677,-0.0872057635019988,0.21872161755969163,0.2486413876800908,81.41665148735046
1780859522.112317,1.0499200600627931,-0.08688470906359987,0.218675230166008,0.24822222412335293,81.44187092781067
1780859522.1376877,1.0498462635314174,-0.0868271915390523,0.21832084813696997,0.24816796657029627,81.46724152565002
1780859522.1599364,1.0497203512222697,-0.08691490782967767,0.21880940099628932,0.24832792044358953,81.48949027061462
1780859522.1833282,1.0495985034906885,-0.08705174114626232,0.21841591276094177,0.24855370451471703,81.51288199424744
1780859522.2033896,1.0494917120376306,-0.08708560106250929,0.2186440364365881,0.24863825708559872,81.53294348716736
1780859522.2278433,1.0494691272697974,-0.08679700173141963,0.2187699426270749,0.24826480751303848,81.55739712715149
1780859522.2506776,1.049375456587794,-0.08681051452711619,0.2185937806837718,0.24831053845164774,81.58023142814636
1780859522.2720795,1.049230298451505,-0.08701134865716102,0.21868651506743783,0.24862990488191983,81.601633310318
1780859522.2955148,1.0491837732534066,-0.086844196987308,0.21850070521903592,0.2484279922500976,81.62506866455078
1780859522.3158233,1.0491202222562497,-0.08669972296664885,0.21890635944263187,0.24825519504267657,81.64537715911865
1780859522.3401623,1.0489810075492596,-0.08691414478287941,0.21854969104807503,0.24858780112147016,81.66971611976624
1780859522.3660069,1.0488828820640186,-0.08694902163334116,0.21843318706375556,0.2486714490998274,81.69556069374084
1780859522.3898878,1.0488372247232316,-0.08674647868274145,0.2187349164199063,0.24842114840393847,81.71944165229797
1780859522.4113915,1.048774377271978,-0.08663642902304632,0.21869046691119826,0.24829280122679442,81.74094533920288
1780859522.4320853,1.04864618563693,-0.08678412697362495,0.21873121909118276,0.24853479844640702,81.76163911819458
1780859522.4563558,1.0486024888932417,-0.08660323349097751,0.2186837029047867,0.24831437143947088,81.78590965270996
1780859522.4786944,1.0485346234030335,-0.08652966137410165,0.21848700344298036,0.248236879856103,81.80824828147888
1780859522.50062,1.0484132083148139,-0.08662175105240721,0.21891417607732372,0.24840120514282393,81.83017373085022
1780859522.524049,1.04832195029569,-0.08666241225321943,0.21847651555107916,0.24848887588335078,81.85360288619995
1780859522.544049,1.0482479863687262,-0.08657118923049449,0.21885645905738818,0.2483964342636682,81.87360286712646
1780859522.5652633,1.0482167954573267,-0.08636583488314488,0.21857037244574037,0.2481340424667673,81.89481711387634
1780859522.588992,1.048117883297306,-0.08640201968090894,0.2186223155178092,0.24821459870232232,81.91854596138
1780859522.6108174,1.0479774205934305,-0.08658702084577878,0.21885402704891035,0.24851008884826342,81.94037127494812
1780859522.6326332,1.0479344589347537,-0.08642897077548335,0.21860575850440633,0.24831829664760718,81.96218705177307
1780859522.6530428,1.0478470805173992,-0.0864130729616459,0.21875078532473627,0.24832328387698688,81.98259663581848
1780859522.6772923,1.0477270910518042,-0.08655554969535623,0.21854697126986133,0.24855739968425894,82.0068461894989
1780859522.7011063,1.0476585364116726,-0.08646527665764546,0.21875590648185086,0.24846400994433893,82.0306601524353
1780859522.7252302,1.0476230176983303,-0.0862744001002541,0.21855554942833869,0.24822101427323862,82.05478405952454
1780859522.7480612,1.0475278259724148,-0.08629068497150909,0.21878874889053188,0.2482751172891744,82.0776150226593
1780859522.7719977,1.0474112720982185,-0.08642753227114787,0.21850371819882533,0.24849771172569035,82.10155153274536
