t,x,z,yaw,time_s
1780876722.6829474,-2.983217090774051,3.858792675039135,-0.06777751501006679,3.197068214416504
1780876722.712624,-2.6671324302623773,4.003615431305579,-0.14236418455050037,3.2267448902130127
1780876722.7478905,-2.662251418403717,3.9893835263990622,-0.13945849050661394,3.2620112895965576
1780876722.7855814,-2.6471060367027537,4.004395865924558,-0.14110204649087596,3.2997021675109863
1780876722.8189862,-2.6548616795253412,4.011749406032014,-0.13743190721614443,3.3331069946289062
1780876722.860185,-2.7033417084501092,3.956579732811173,-0.12016896442070549,3.3743057250976562
1780876722.8924189,-2.713786017046651,3.958418708835336,-0.11544808676936429,3.4065396785736084
1780876722.9297247,-2.65977306328987,4.021271279097495,-0.1285675864359813,3.443845510482788
1780876722.9650187,-2.6629846993919855,4.025703876481685,-0.12520659561758896,3.479139566421509
1780876723.0033998,-2.7289905945492756,3.9598281666668145,-0.10300241274503713,3.5175206661224365
1780876723.0369823,-2.688302943381931,4.014187633133856,-0.1122685844959549,3.551103115081787
1780876723.0856755,-2.684057450569898,4.0150351503231665,-0.10988303342985242,3.5997962951660156
1780876723.108588,-2.7261162039162397,3.979545529988421,-0.09453407855810628,3.622708797454834
1780876723.1449215,-2.6932496290533283,4.0216922198103875,-0.10103584033326861,3.6590423583984375
1780876723.183341,-2.728289050983191,3.9966891211749793,-0.08791128838145323,3.6974618434906006
1780876723.228957,-2.7270969071827187,3.9978434505750213,-0.08412528440961967,3.7430777549743652
1780876723.2567282,-2.74726688389992,3.996457834311709,-0.07580877718218156,3.7708489894866943
1780876723.2947068,-2.7532420587958586,3.992062533325387,-0.06993104256762259,3.8088276386260986
1780876723.3297987,-2.7275289459825895,4.032777713056455,-0.07376248853354318,3.843919515609741
1780876723.3674233,-2.78103852506079,3.9848571439952396,-0.054350076429567705,3.8815441131591797
1780876723.4021444,-2.754687795000093,4.018115955271293,-0.0570468283786027,3.9162652492523193
1780876723.4342134,-2.759444812599872,4.021087816098327,-0.050435110257890464,3.948334217071533
1780876723.4731717,-2.8040216526570543,3.9834825239644696,-0.032267356720249905,3.987292528152466
1780876723.5225108,-2.798968155497031,3.9869041064278825,-0.028263159170700113,4.0366315841674805
1780876723.5445964,-2.8328963825287863,3.9662651741803474,-0.014980198556231858,4.058717250823975
1780876723.579429,-2.797886547424733,4.007768492939208,-0.021114796734885793,4.093549728393555
1780876723.6163027,-2.7916023568703716,4.009346999775254,-0.018852684787757538,4.130423545837402
1780876723.659021,-2.8062208418334205,4.003370535360661,-0.011732018023501368,4.173141717910767
1780876723.6938229,-2.7992189919157875,4.0082337685684015,-0.010301724560347518,4.207943677902222
1780876723.7273355,-2.8353752702515695,3.980899759364247,0.0021120288758304457,4.2414562702178955
1780876723.7636302,-2.858614179653914,3.9492468278980484,0.012051217793158514,4.2777509689331055
1780876723.7987304,-2.8432347953438937,3.9793349540866876,0.00849024731874843,4.312851190567017
1780876723.8318236,-2.7952937510981317,4.0145364935764665,-0.001942960238514629,4.345944404602051
1780876723.8703737,-2.8281548405863903,3.9836642171434598,0.009377082139118392,4.3844945430755615
1780876723.9072511,-2.8354704044633525,3.98284483527579,0.013007247899137597,4.421371936798096
1780876723.9445977,-2.8215030180140634,3.9959794471274286,0.010644057533758198,4.458718538284302
1780876723.9823382,-2.8567239511487674,3.9626136177234255,0.022451798533167908,4.496459007263184
1780876724.0243785,-2.8336786263471234,3.974464195909402,0.017987713392382452,4.538499355316162
1780876724.060654,-2.846185187947194,3.978749954853755,0.021749148319397137,4.574774742126465
1780876724.0973306,-2.7775860534885686,4.039705079832195,0.0041522437137331576,4.6114513874053955
1780876724.1353278,-2.810620270866725,4.026527582149869,0.013603445865145709,4.64944863319397
1780876724.170845,-2.849965080484633,3.9788590193782998,0.02687061502737777,4.6849658489227295
1780876724.209245,-2.8612086194163653,3.980637082451718,0.03044467806568656,4.723365783691406
1780876724.2427185,-2.8566805268817896,3.974924341335961,0.03124763024549152,4.756839275360107
1780876724.3170497,-2.855626120378091,3.98122801070222,0.033489490654305586,4.831170558929443
1780876724.3536625,-2.895061016458418,3.9422951168117786,0.04617335393573651,4.867783308029175
1780876724.3937159,-2.846860951985386,3.9874163643695715,0.03702568123016114,4.907836675643921
1780876724.4287074,-2.8131139988960587,4.006937098121504,0.037364585332907804,4.942828178405762
1780876724.466354,-2.869478995612923,3.993133684228612,0.058159656042355984,4.9804747104644775
1780876724.5028949,-2.8362740995351117,3.988396085529711,0.06736283148090008,5.017015695571899
1780876724.542394,-2.866268908986252,3.9757931131178075,0.08317151000273522,5.056514739990234
1780876724.5818782,-2.8681163577149835,3.9654647646372543,0.0926846521492566,5.095999002456665
1780876724.6139398,-2.911168772778769,3.9744596303050206,0.10752646265646007,5.128060579299927
1780876724.6486368,-2.9131019347974396,3.9567846597636436,0.11781875373924208,5.162757635116577
1780876724.6860287,-2.906173621049913,3.9978831011355647,0.1191281642449048,5.2001495361328125
1780876724.722814,-2.922804788271293,3.993478788123312,0.12923576794767738,5.2369349002838135
1780876724.7578435,-2.9110496129386894,4.008783964695441,0.1307030632740241,5.2719643115997314
1780876724.798355,-2.931156423479561,3.996006369051144,0.14119279993891914,5.312475919723511
1780876724.8295941,-2.9312445370452793,3.9984062874069455,0.14472680004199773,5.343714952468872
1780876724.8698611,-2.9281976037359962,4.004305980525916,0.14728925895089867,5.383981943130493
1780876724.9076493,-2.9053696283532773,4.0316524378101075,0.1437488796690334,5.421770095825195
1780876724.941972,-2.8898962802353463,4.004049927193064,0.14641078107328614,5.456092834472656
1780876724.9814117,-2.92672675150393,4.00343844624712,0.15634741249923756,5.495532512664795
1780876725.016183,-2.9484273063881536,3.981647086509242,0.16247621256004668,5.530303716659546
1780876725.0530713,-2.9433112753307435,3.993106465158498,0.16019536135142776,5.567192077636719
1780876725.0927691,-2.9387446482348283,4.002691413901124,0.1589041943791162,5.606889963150024
1780876725.128318,-2.9368064375128347,3.9953342975952486,0.15962762715666381,5.642438888549805
1780876725.1651905,-2.920598496811602,4.026336714100909,0.15342721743194193,5.679311275482178
1780876725.1989443,-2.9516518023059324,3.980348422181417,0.1637636273120892,5.713065147399902
1780876725.238519,-2.9576685820874316,3.9728365607018348,0.16529737575314798,5.7526397705078125
1780876725.2873776,-2.9304359130972504,4.022981275042717,0.15440747633582194,5.8014984130859375
1780876725.314945,-2.9313572283757527,4.023156675051517,0.15392938476236268,5.829065799713135
1780876725.3532088,-2.9176789531068152,4.008710361028106,0.15223568327594963,5.8673295974731445
1780876725.3954194,-2.9317575550406496,3.9922608545608207,0.1561665190987612,5.909540176391602
1780876725.4245417,-2.9295942552816863,3.9956564683322315,0.15518947547662665,5.938662528991699
1780876725.4624512,-2.9290686463815576,3.9954147360535215,0.15534118966984264,5.976572036743164
1780876725.4988265,-2.939050933799098,3.991780278369039,0.15786157564476722,6.01294732093811
1780876725.53611,-2.9456092680866623,3.9644383957492133,0.16233736519911446,6.0502307415008545
1780876725.5743876,-2.982929817855505,3.951258344673808,0.17150227498041085,6.088508367538452
1780876725.6116335,-2.949010802432178,3.976964960584186,0.1629754683029226,6.125754356384277
1780876725.6447835,-2.93282626745905,3.998562860521012,0.15856751035329733,6.158904314041138
1780876725.6820385,-2.957981942654829,3.962770408911904,0.1669826138780125,6.196159362792969
1780876725.7166834,-2.938594776476164,3.976716477466585,0.16216703750251682,6.230804204940796
1780876725.7512183,-2.920165247244476,3.998159525424573,0.15716146362933547,6.265339136123657
1780876725.7922633,-2.9420948928049007,3.9803648596979846,0.16390765732167653,6.306384086608887
1780876725.8264782,-2.9499206614724622,3.9832885681739727,0.16625019339296068,6.340599060058594
1780876725.8565373,-2.944007352441019,3.9486704832812958,0.16949515042190647,6.3706581592559814
1780876725.8933506,-2.9135518208306084,4.015201448080845,0.1583516900234684,6.407471418380737
1780876725.9365628,-2.9550260352420192,3.961218667634863,0.1737075932680136,6.45068359375
1780876725.9758315,-2.952948431383505,3.971674352529449,0.1727165836515201,6.489952325820923
1780876726.0077524,-2.923573588485394,3.988007066510381,0.16677949615656737,6.521873235702515
1780876726.045979,-2.9579074505613203,3.9705196089163963,0.1759749420510864,6.560099840164185
1780876726.084198,-2.9027237991470027,4.0029481614125615,0.16313404219429667,6.598318815231323
1780876726.1161473,-2.9429557340809285,3.9774971931364127,0.1747760984243581,6.630268096923828
1780876726.1580594,-2.9523365661339227,3.9791318935071627,0.17753043654548886,6.67218017578125
1780876726.1907086,-2.904651072341776,4.004823850511354,0.1674090529569146,6.704829454421997
1780876726.2284617,-2.95741343854804,3.9961046469609864,0.17965671524245455,6.742582559585571
1780876726.2610028,-2.9617059540042696,3.9839862307821696,0.18318501052622535,6.775123596191406
1780876726.3002748,-2.951825871671862,3.9874163041929207,0.18241022290775022,6.8143956661224365
1780876726.3342528,-2.945080831589599,4.003354703036475,0.1812287191432639,6.848373651504517
1780876726.369944,-2.8985385025737633,3.998096108831863,0.1741840462063749,6.8840649127960205
1780876726.4135785,-2.979530718487228,3.9803734430902433,0.19261386372445172,6.927699327468872
1780876726.4409742,-2.961257788184473,3.975425286815142,0.19125268995889735,6.955095052719116
1780876726.4770024,-2.9402705450125604,3.996014010775398,0.18647471141447147,6.991123199462891
1780876726.517475,-2.9482532149658294,3.994446094225911,0.1894643269851137,7.031595706939697
1780876726.5479245,-2.905468795410508,3.998816312329863,0.18227722697313578,7.062045335769653
1780876726.585631,-2.9577976741994965,3.9967870478090872,0.19415697273940183,7.099751710891724
1780876726.6245031,-2.961347445725397,3.983699812344069,0.1974663955156356,7.138623952865601
1780876726.6602733,-2.986840097956164,3.9576802737257495,0.20659920832711534,7.174394130706787
1780876726.6933146,-2.960333950539294,3.9840089371273684,0.20038943134795795,7.207435369491577
1780876726.735169,-2.9115298749159764,4.00965766911521,0.18982613416059355,7.2492897510528564
1780876726.7698243,-2.9821256799188554,3.9681636120169475,0.2088336294483357,7.283945083618164
1780876726.807526,-2.9545259178110923,3.944238637602156,0.21631110503544598,7.3216469287872314
1780876726.842358,-2.9409016699443176,3.9977276027859445,0.1942435633854335,7.356478929519653
1780876726.8833733,-2.9525340471387156,3.9693605876170626,0.21555464227565913,7.397494077682495
1780876726.9168031,-2.940506382185085,3.999214012149416,0.21157529128555888,7.430923938751221
1780876726.9557998,-2.967706227345645,3.939939850167884,0.2160106894623954,7.469920635223389
1780876726.990157,-2.888647117823973,3.988504882534044,0.20580983608342834,7.50427770614624
1780876727.0256472,-2.9221166715893006,3.980056407380511,0.21012022604408737,7.5397679805755615
1780876727.0648127,-2.915942975137106,3.924233181300417,0.22712047160784085,7.578933477401733
1780876727.1054392,-2.996106156338023,3.930315031278906,0.22181510814536348,7.61956000328064
1780876727.1348403,-2.905663217630896,3.937793619450627,0.22089462657557046,7.648961067199707
1780876727.1702087,-2.952227916395916,3.948422165126243,0.22793347128409258,7.684329509735107
1780876727.2082083,-2.9338194693801336,3.9727955616371045,0.22342735899598623,7.722329139709473
1780876727.246414,-2.933385393285806,3.8903730145863564,0.23845069430229898,7.760534763336182
1780876727.2801366,-2.921931266589107,3.979638841808311,0.2184870090209849,7.794257402420044
1780876727.3182542,-3.017913293082385,3.9212840228547945,0.2331853045302556,7.8323750495910645
1780876727.3578596,-3.0243063782056883,3.8799117127916434,0.242925125873578,7.871980428695679
1780876727.3948615,-2.9048455810152682,4.006096452447338,0.20352479767186593,7.908982276916504
1780876727.4279807,-2.956036514629361,3.925730636494687,0.23792495391081747,7.94210147857666
1780876727.4605603,-2.922851183421349,3.910571431360383,0.23528436570751574,7.97468113899231
1780876727.4974883,-2.8602555386711757,3.915256572332004,0.22440897681548816,8.011609077453613
1780876727.5362093,-2.9376856118945356,3.926351159048396,0.2396402241152855,8.05033016204834
1780876727.5718002,-2.9332148119384076,3.910147214625561,0.24037497411386713,8.085921049118042
1780876727.6155472,-2.938966509176592,3.8779228024261365,0.2512150468812572,8.12966799736023
1780876727.64237,-2.8905152116374824,3.8611423854378146,0.2531728823390962,8.156490802764893
1780876727.6761827,-2.8828152639326676,3.9236340638415195,0.24577040311482462,8.190303564071655
1780876727.7169347,-2.9354714193322407,3.9054516324025035,0.2496766713227929,8.231055498123169
1780876727.7535925,-2.8561623046430062,3.9262811788736824,0.233396393650959,8.26771330833435
1780876727.7883797,-2.9823528692736128,3.9014030376207276,0.250995260635362,8.302500486373901
1780876727.8368647,-2.974333527082142,3.93792106415197,0.2401946035562404,8.350985527038574
1780876727.8665504,-2.8780711078395864,3.926577337069001,0.2367873947699817,8.380671262741089
1780876727.9032183,-3.047532420630458,3.8552829758390637,0.2662499958569546,8.417339086532593
1780876727.935746,-2.96424346041817,3.913391118035313,0.25400738182606086,8.449866771697998
1780876727.9726815,-2.93593354003025,3.8853505019529107,0.257315396566558,8.486802339553833
1780876728.0090766,-2.903877235825679,3.9076227038888254,0.2586642049249109,8.523197412490845
1780876728.042242,-2.98468574388221,3.9004853390628886,0.2602395826667436,8.556362867355347
1780876728.086802,-3.009547383735819,3.886040643123838,0.2595516210463561,8.60092282295227
1780876728.1236336,-2.9296668206533605,3.9341641993762044,0.2473628484914827,8.637754440307617
1780876728.1546333,-2.959134758824746,3.9120870053895676,0.26526104121545196,8.66875410079956
1780876728.1892643,-2.915231029285966,3.910275124413637,0.2502659344391993,8.7033851146698
1780876728.2264657,-3.048641682211809,3.827308998009581,0.28252967840462717,8.740586519241333
1780876728.262421,-2.964342555815155,3.891309809184853,0.2722440414698495,8.776541709899902
1780876728.2958763,-2.968773428822401,3.863984062393057,0.2770732494584356,8.809997081756592
1780876728.3301547,-3.0070096632359213,3.8887463675309024,0.27076543851555446,8.84427547454834
1780876728.3661942,-2.9161311599793054,3.868071250662012,0.27160703859005475,8.880315065383911
1780876728.4025314,-2.943864906974758,3.9103260842617464,0.2730276387134191,8.916652202606201
1780876728.4363844,-2.9847385028673585,3.8732031005157253,0.2858230645849636,8.950505256652832
1780876728.4711978,-2.8434811823282913,3.883723319854825,0.2802666266757627,8.985318660736084
1780876728.5053666,-2.9355109930789225,3.850572540816464,0.2907086075194082,9.019487380981445
1780876728.5424547,-2.962759698285724,3.882233149292299,0.2854056233492321,9.056575536727905
1780876728.5754993,-3.031868524762866,3.8670695620221136,0.284045126060104,9.089620113372803
1780876728.6147435,-2.967434734552383,3.8350926584128167,0.29831631433413597,9.128864288330078
1780876728.6622598,-3.028798652408037,3.8710571533144162,0.28551530344252346,9.176380634307861
1780876728.6856837,-2.958465417029938,3.890728333835697,0.2905706892816479,9.199804544448853
1780876728.7190728,-3.0645455445623138,3.825489004296652,0.3034155167435192,9.233193635940552
1780876728.7583082,-2.933830346800863,3.887569292178414,0.29057421431200164,9.2724289894104
1780876728.7932322,-3.0187504513705323,3.862413597838549,0.3011225253069639,9.307353019714355
1780876728.8309395,-2.9756672739223813,3.9064830211679897,0.2965746867347047,9.345060348510742
1780876728.864912,-2.9950438055632023,3.875793038878485,0.29943039745024086,9.379032850265503
1780876728.9027886,-2.9727307552214244,3.8972456730451617,0.29906835727912834,9.416909456253052
1780876728.9381068,-2.958031142966424,3.839314772820563,0.31650515678432734,9.452227592468262
1780876728.9731114,-2.997685826105647,3.8561535308748973,0.30950595404202264,9.487232208251953
1780876729.0162768,-2.972343234235346,3.8903096539587194,0.29928111379459876,9.530397653579712
1780876729.0460792,-2.9426645325604484,3.865066442686814,0.3188734921348155,9.560199975967407
1780876729.0809748,-2.968129871065479,3.874440636344603,0.30795448248220575,9.59509563446045
1780876729.1179264,-3.0227708960953947,3.8427208591981037,0.3326465420350111,9.632047176361084
1780876729.1506982,-2.994783989508299,3.862753340895226,0.31215978785599335,9.66481900215149
1780876729.1890864,-2.8366447036050255,3.814945321258871,0.3311312609755751,9.70320725440979
1780876729.2275805,-2.983342825450805,3.8433273125921295,0.3337831256251705,9.741701364517212
1780876729.262232,-3.0083353891954223,3.8645284557979664,0.3284689193804404,9.776352882385254
1780876729.297161,-2.908433415791629,3.9097567750187037,0.3075585528796037,9.81128191947937
1780876729.3375301,-2.9886982081225826,3.8574099658979497,0.33145519831295917,9.851650953292847
1780876729.3750043,-2.991191885268414,3.875735804237722,0.3322215484887812,9.889125108718872
1780876729.4114292,-3.0396509788119874,3.798427763392911,0.3525961028940632,9.925549983978271
1780876729.4481633,-2.90812808639982,3.908996242144697,0.318497048144499,9.962284088134766
1780876729.483173,-3.0173130354151745,3.835133148358305,0.35003491724781705,9.997293710708618
1780876729.522793,-2.951656324138309,3.912201891281361,0.3331207437150577,10.036913871765137
1780876729.5576663,-2.9806815352185687,3.855998761973716,0.3470480976964508,10.071787118911743
1780876729.5904553,-2.8859784141631013,3.9325329497376744,0.32306635846875115,10.104576110839844
1780876729.6283967,-3.0586072558817174,3.8206171694180764,0.37087772702636485,10.142517566680908
1780876729.6642187,-3.0161658773788855,3.8319478096521937,0.36467538441088737,10.17833948135376
1780876729.6967869,-3.0252201535600047,3.820961120134001,0.37077981631065476,10.210907697677612
1780876729.7381642,-3.007783836689687,3.828726769511168,0.36967886296686114,10.25228500366211
1780876729.7734275,-2.8119977072534095,3.941968701917306,0.3251050479292931,10.287548303604126
1780876729.815904,-2.9738182547666434,3.852788966751429,0.36943708912558704,10.330024719238281
1780876729.8526168,-3.014789739683329,3.8403502191304164,0.3790549004772082,10.366737604141235
1780876729.882163,-3.0780275443657006,3.795225375504936,0.3982968659753113,10.396283864974976
1780876729.9211102,-3.0283229295642666,3.8551098343075796,0.38587107070843746,10.43523097038269
1780876729.9596584,-2.984471964788911,3.8425376131296543,0.38248604854954554,10.473779201507568
1780876729.9984863,-2.9610997124553355,3.855104187621454,0.3804232723340128,10.512607097625732
1780876730.0318787,-2.9187442100062633,3.8799827630759927,0.37309711965046916,10.545999526977539
1780876730.0714927,-3.0550672747918584,3.7943273752481215,0.41165838874719635,10.585613489151001
1780876730.1051102,-3.0135732120811696,3.8446456209576407,0.4023670136659414,10.61923098564148
1780876730.140562,-2.960120035733045,3.8721482868961834,0.3922285299126438,10.654682874679565
1780876730.175669,-2.9667390317938223,3.8407428746385093,0.40140277683511355,10.689789772033691
1780876730.2143426,-3.005534607271497,3.831918102670211,0.4116805941572382,10.728463411331177
1780876730.2510657,-2.9993429411483477,3.8329750130626463,0.4125961501460716,10.765186548233032
1780876730.2894192,-2.99605414659598,3.8058123070139205,0.4181021827966626,10.803539991378784
1780876730.3399796,-3.042007965493485,3.832388273527652,0.4273497521068385,10.854100465774536
1780876730.3601642,-3.0636790537152323,3.830359601599127,0.4351945350926982,10.874284982681274
1780876730.3924549,-3.0816763794237794,3.793453740934985,0.4461438313992928,10.906575679779053
1780876730.4328856,-3.0752163399563193,3.7829206402797215,0.44992686894276396,10.947006464004517
1780876730.4715016,-3.0571415700573716,3.818150982224948,0.4459539192649094,10.98562240600586
1780876730.5097768,-3.021798852825167,3.8326785088853565,0.4413814620142596,11.023897647857666
1780876730.545522,-2.9498794578310905,3.885639132481772,0.42635737404357293,11.059642791748047
1780876730.5827749,-2.962134544329571,3.8568622373431283,0.4349979878656955,11.096895694732666
1780876730.621647,-2.9495725338546634,3.858947902187055,0.4364526208884713,11.135767698287964
1780876730.658391,-2.882672222990762,3.8943409353490677,0.42367455104045015,11.17251181602478
1780876730.6958785,-3.0524368973638536,3.79041287582526,0.46866620065835995,11.209999322891235
1780876730.731294,-3.0849579397791733,3.758269230228456,0.48131282329469766,11.245414733886719
1780876730.768197,-3.099806589868197,3.7629747069861943,0.4869074304785643,11.282317876815796
1780876730.7965825,-3.087571931358971,3.7709824757495722,0.4873248041612105,11.31070327758789
1780876730.835302,-3.043192364072322,3.7818858920089458,0.4812721018245261,11.349422931671143
1780876730.8720162,-3.060767921147738,3.7859325191846294,0.48732086717338297,11.386137008666992
1780876730.9051316,-3.018735667231196,3.8197000267794503,0.4796620112890444,11.419252395629883
1780876730.9398425,-2.948495964203299,3.860606568899491,0.46594351029207254,11.453963279724121
1780876730.9759402,-2.9222140588396597,3.8669241274912762,0.4651857690246858,11.490061044692993
1780876731.012534,-3.038649444720052,3.8172226151330504,0.483560760487478,11.526654720306396
1780876731.0444665,-3.0512671691132156,3.8108948888624283,0.4901296550842613,11.558587312698364
1780876731.0807357,-3.033379327865016,3.7699369860804426,0.5036691401822804,11.59485650062561
1780876731.124146,-3.0204035653249335,3.7816335024514993,0.503508797205954,11.638266801834106
1780876731.152524,-2.9549300599189268,3.824727839532735,0.4904291514944578,11.666644811630249
1780876731.188718,-2.8890645669046497,3.899100220866024,0.4623468019880551,11.702838897705078
1780876731.2240036,-3.056695871152,3.7833633046545048,0.5188509142325931,11.738124370574951
1780876731.2583365,-3.08755062187689,3.7416847346386866,0.5235983378613672,11.772457361221313
1780876731.304515,-3.0154329684534886,3.78569836463247,0.5174250160085555,11.818635702133179
1780876731.328989,-2.9960396402581964,3.767030228347733,0.5195927904830882,11.843109846115112
1780876731.3633132,-2.9120875799849255,3.8637388535565957,0.4855852159558815,11.877434015274048
1780876731.4078338,-2.9938588801606527,3.7704575291446174,0.5236522116722033,11.92195463180542
1780876731.441847,-3.076698814237493,3.7348532449401444,0.5375009662581853,11.955967903137207
1780876731.480542,-3.011504508343987,3.7482548550838377,0.5359791371878324,11.994662761688232
1780876731.5164423,-2.9348560845746823,3.8279481308968366,0.5053486445712838,12.030563116073608
1780876731.5571992,-2.9891800543371647,3.788386440153261,0.5339077269031415,12.071320056915283
1780876731.5919259,-2.8836610274558216,3.8112050499417283,0.503379932325603,12.106046676635742
1780876731.6272001,-3.0025894591984654,3.735130206310209,0.5475877286222406,12.141320943832397
1780876731.6723006,-2.9108015370188953,3.835233408876057,0.5116272677676048,12.186421394348145
1780876731.712539,-3.0174610551828183,3.7133665908048563,0.5485042320446819,12.226659774780273
1780876731.737075,-2.8707261845970953,3.826796880978602,0.5108000731793725,12.251195907592773
1780876731.7748613,-2.9692526756633253,3.748996724937064,0.5511793705984056,12.288982152938843
1780876731.8095696,-2.9509292430887117,3.7854825851749307,0.5362958731124915,12.323690414428711
1780876731.848643,-2.9560708853886632,3.7699734568812113,0.5415402078763647,12.36276388168335
1780876731.8833468,-2.949177488223974,3.757360048880031,0.5544935972161672,12.397467613220215
1780876731.9186025,-2.9494161403770116,3.775149803424362,0.5453314170659761,12.4327232837677
1780876731.9544916,-2.998762882654935,3.761373011182693,0.5682148705376209,12.468612432479858
1780876731.9880576,-2.9935989403796444,3.714347522204467,0.5759004391404003,12.502178430557251
1780876732.0207183,-2.77544013381527,3.85799223056512,0.5103138640399789,12.534839153289795
1780876732.0654871,-2.9471771010167895,3.7676900328939085,0.556225527809074,12.579607963562012
1780876732.098673,-2.9946970296053697,3.691079835316139,0.5866965057087642,12.612793922424316
1780876732.1384077,-2.9192924063198165,3.805517629588821,0.5526005118592102,12.652528524398804
1780876732.1652534,-2.9449260738679888,3.7688435929152333,0.5636480584571681,12.67937421798706
1780876732.2050495,-2.940761779856876,3.782605466950058,0.5641708811671399,12.719170331954956
1780876732.2411146,-2.910610308845415,3.809255119464586,0.5581570082993342,12.755235433578491
1780876732.2734454,-2.9293700836089114,3.7751473191830542,0.5676907078891316,12.787566184997559
1780876732.3146555,-2.961703447107401,3.7331677522141113,0.5908196584172959,12.828776359558105
1780876732.3568344,-2.93461094310209,3.7903569731352955,0.5725639343247054,12.870955228805542
1780876732.384465,-2.880463309283328,3.787679971887739,0.5639287381550965,12.898585796356201
1780876732.4253554,-2.921228979655471,3.7624184291428726,0.5774700194760242,12.939476251602173
1780876732.462359,-2.9597791300453915,3.732218165512907,0.5910269479046312,12.976479768753052
1780876732.5088484,-2.775405901630939,3.8014871596129653,0.5467655441956536,13.022969245910645
1780876732.5351424,-2.8874796156174054,3.7879142724146715,0.5754754404951595,13.04926323890686
1780876732.5714378,-2.968999341301541,3.7072630891527147,0.6028504606443668,13.085558652877808
1780876732.6094441,-2.739855810877737,3.8215601700298354,0.5469875510931048,13.123564958572388
1780876732.6441166,-2.9178317884709544,3.7271336047489605,0.5950412100346663,13.15823745727539
1780876732.680892,-2.9265757988235626,3.700353422928419,0.6111067689334616,13.19501280784607
1780876732.716365,-2.7743676864531004,3.7897545031471473,0.5644848841512977,13.230485916137695
1780876732.7515953,-2.927073928314734,3.700577387114903,0.6069553441129689,13.265716075897217
1780876732.787575,-2.9108745089111068,3.7149676470339843,0.6139482022133756,13.301695823669434
1780876732.8308713,-2.8461324070449745,3.73946101963456,0.6013899306100855,13.34499216079712
1780876732.8691647,-2.968309588878218,3.667379436888905,0.6348588177388312,13.383285522460938
1780876732.900759,-2.8310530741642066,3.7648803891633014,0.5902465617647275,13.41487979888916
1780876732.939527,-2.8437836717501357,3.75945594876173,0.5958397695453153,13.45364785194397
1780876732.9751937,-2.904634576206112,3.6917042590124654,0.6270301122896808,13.489314556121826
1780876733.0109043,-2.787037152684515,3.772453438430521,0.6000849110427591,13.525025129318237
1780876733.0455832,-2.947555714476751,3.6625981797841813,0.6430851872962596,13.559704065322876
1780876733.0835767,-2.806868276897784,3.7393891657360485,0.5995505550606383,13.597697496414185
1780876733.1225774,-2.9249101583288835,3.6662509084573136,0.642583436825971,13.636698246002197
1780876733.1601696,-2.921688609492352,3.6755839311548053,0.6442605439785445,13.674290418624878
1780876733.1936624,-2.80694197346451,3.7349408459183575,0.6071622631365419,13.707783222198486
1780876733.2299151,-2.8981590346438875,3.6784515608744055,0.6433271836485431,13.744035959243774
1780876733.2658885,-2.8566609533259215,3.7115994599185287,0.6244678664361379,13.780009269714355
1780876733.30203,-2.91635797567429,3.6609997001153696,0.6529413603806309,13.816150903701782
1780876733.3352056,-2.867540624376444,3.69393787988378,0.6433791214659916,13.849326372146606
1780876733.3737135,-2.7683843149021268,3.7549807361304057,0.6089549860392208,13.887834310531616
1780876733.4101522,-2.8911368822498495,3.6644882852271703,0.6550429285820114,13.924273014068604
1780876733.4445684,-2.8343510228543085,3.6870843843332928,0.6342992614150049,13.958689212799072
1780876733.483122,-2.900036373151252,3.6570012013391278,0.6617220100905881,13.99724292755127
1780876733.5196161,-2.833924815690011,3.6553966247687493,0.6517857717386594,14.033736944198608
1780876733.555416,-2.7988719636413744,3.721269045400878,0.6309241560526606,14.069536924362183
1780876733.5936282,-2.7578898440835244,3.744274059428827,0.6220466942750089,14.107748985290527
1780876733.634804,-2.7977438532472174,3.7000440450035788,0.6371486300146634,14.148924827575684
1780876733.674234,-2.8750512744477064,3.6585842217071125,0.6685358856001082,14.188354730606079
1780876733.7082946,-2.7895195439332925,3.7222391634110705,0.6490152692618544,14.222415447235107
1780876733.7449458,-2.8971992860270737,3.638699736781728,0.6795565180230111,14.259066581726074
1780876733.7772243,-2.7252986842937634,3.7107271313766503,0.6304040160391502,14.291345119476318
1780876733.819133,-2.739743277559484,3.738498899393733,0.6332506523808226,14.333253860473633
1780876733.855877,-2.8675857168002645,3.664236942179957,0.6782757682064541,14.36999773979187
1780876733.8905065,-2.761860987714698,3.7128294528336725,0.6559970211719088,14.404627323150635
1780876733.9271476,-2.8711673375174445,3.6492296233727446,0.6849264919357844,14.44126844406128
1780876733.963093,-2.778045707199075,3.688148165754516,0.6562259792589823,14.477213859558105
1780876733.999205,-2.711302682528456,3.7137639808021063,0.6419274012230912,14.513325929641724
1780876734.0380511,-2.82009811230854,3.6598444309172136,0.6805664553888094,14.5521719455719
1780876734.071913,-2.8189803367753234,3.6741655463979788,0.6831915865100728,14.586033821105957
1780876734.1070032,-2.7005493920267996,3.6943432981681417,0.648856613696519,14.621124029159546
1780876734.1436615,-2.841938925222833,3.6164343482170533,0.6978842977971993,14.657782316207886
1780876734.1827974,-2.717500118606587,3.735963904300318,0.6652204466656498,14.696918249130249
1780876734.218564,-2.8260212100751634,3.640494618450955,0.6965967632668345,14.732684850692749
1780876734.2527752,-2.8157637179472133,3.636327424213591,0.6984599424589252,14.76689600944519
1780876734.286455,-2.6532022621370706,3.707724519543777,0.6505682988012722,14.800575733184814
1780876734.3220203,-2.740115126006918,3.684690093492871,0.6740267140257595,14.836141109466553
1780876734.35874,-2.7822402042292103,3.6598665087590163,0.6964924701108475,14.8728609085083
1780876734.3931224,-2.7575691849632045,3.6513676441750462,0.6963570588064677,14.907243251800537
1780876734.432094,-2.7519562719376003,3.6597093478044624,0.6979188377941713,14.9462149143219
1780876734.4686253,-2.8095247342177814,3.648806109486826,0.7125124852650724,14.982746124267578
1780876734.503585,-2.8335023330249314,3.624692774458498,0.7229558885081563,15.017705917358398
1780876734.5390244,-2.8153595070674142,3.62436211046484,0.7231823597846814,15.053145170211792
1780876734.5757155,-2.7857369102738723,3.6654178108439144,0.7163882066223367,15.089836359024048
1780876734.6131961,-2.780379602910478,3.664060527660167,0.7190839312644136,15.127316951751709
1780876734.6452413,-2.729372898861999,3.6849586292073866,0.7111205242101767,15.159362077713013
1780876734.6865675,-2.818565419351362,3.6044612174531325,0.7392858109368351,15.200688362121582
1780876734.7195718,-2.805479705289029,3.615008744686853,0.7378656117553274,15.233692646026611
1780876734.754838,-2.733084487281303,3.6712043182419998,0.7207314429986362,15.268958806991577
1780876734.7892413,-2.7274611565054316,3.6590091031141165,0.7240168862757951,15.303362131118774
1780876734.826135,-2.7252976592810016,3.610368282453364,0.7325938999088488,15.340255737304688
1780876734.8625257,-2.680454810263862,3.6825334838927732,0.7191137099976999,15.376646518707275
1780876734.8985014,-2.7563219995952255,3.6480271770900585,0.7397780552052066,15.412622213363647
1780876734.9298992,-2.732502954848294,3.649198309622327,0.7385254219985464,15.44402003288269
1780876734.9713783,-2.7549156400358403,3.5977050549446403,0.7519077500251502,15.485499143600464
1780876735.0051947,-2.7232736607887364,3.637662551468974,0.7441306179708643,15.519315481185913
1780876735.0388849,-2.73254854652627,3.631252341523029,0.7482674490490633,15.553005695343018
1780876735.0761986,-2.708455635215822,3.6518387053104897,0.7447434241791755,15.590319395065308
1780876735.1106274,-2.717690834883916,3.607994501606596,0.754775046370039,15.624748229980469
1780876735.1499743,-2.687409414765315,3.6441029158036624,0.7476605514334835,15.664095163345337
1780876735.1852055,-2.70576183751195,3.6374723261166504,0.754441656209801,15.699326276779175
1780876735.2221742,-2.69996273386304,3.652449690794416,0.7546935921129954,15.736294984817505
1780876735.267067,-2.6664084710457603,3.647647397372731,0.7506778042543196,15.781187772750854
1780876735.2972677,-2.6685143983212907,3.6296955316848982,0.7564252135784664,15.811388492584229
1780876735.3296368,-2.6768241444057845,3.629826961145744,0.7606386823953377,15.843757629394531
1780876735.3667722,-2.6700755253724062,3.630950771360391,0.7620694085860006,15.880892992019653
1780876735.4066894,-2.673875807776348,3.628538760052625,0.7660572756042497,15.920810222625732
1780876735.4378648,-2.674130453489746,3.6454737978698235,0.7667382773139386,15.951985597610474
1780876735.4722319,-2.633867483243219,3.6565966320956527,0.759545265074651,15.986352682113647
1780876735.5072439,-2.653566155914398,3.6269789901084435,0.7694279252289012,16.02136468887329
1780876735.5555754,-2.5811470777170653,3.6596817052652857,0.755531805996807,16.069696187973022
1780876735.5769646,-2.6469324764246798,3.6203618432160374,0.7744463517335917,16.09108543395996
1780876735.6160145,-2.666694626896376,3.604451347549466,0.7828029096932925,16.13013529777527
1780876735.650225,-2.568024157731011,3.6720859160784163,0.7586163790710045,16.164345741271973
1780876735.6904137,-2.631819629359295,3.621122142913248,0.7787712345927834,16.20453453063965
1780876735.7273853,-2.6301509515391315,3.6021726497176645,0.7829402466065978,16.241506099700928
1780876735.7755766,-2.560793686185762,3.66996827093677,0.7652717732247176,16.289697408676147
1780876735.804301,-2.6145606394155747,3.6219871070947347,0.7827572907181417,16.318421840667725
1780876735.851946,-2.6019349377301344,3.61952213446386,0.7825689015869409,16.366066932678223
1780876735.8757968,-2.574600475858513,3.64017260714579,0.7782413816343003,16.389917612075806
1780876735.9108262,-2.5865712491676005,3.6326877882914124,0.7830088380640859,16.424947023391724
1780876735.947976,-2.582840455159725,3.6281840309590034,0.7858182700731089,16.46209692955017
1780876735.986719,-2.5598076958086056,3.623726159258249,0.7830904212239719,16.500839710235596
1780876736.0222368,-2.58083971651941,3.610046880260029,0.7916267080765642,16.536357641220093
1780876736.060841,-2.5599104262095533,3.6200390270775236,0.7888877160951178,16.57496190071106
1780876736.0948606,-2.5841965561079308,3.60324649349951,0.7978313106719801,16.608981370925903
1780876736.1362216,-2.5379062741933196,3.6171932583486397,0.7890346714067878,16.65034246444702
1780876736.1690912,-2.5063684533436748,3.645031885738467,0.7827947766467211,16.68321204185486
1780876736.204829,-2.541026297047314,3.599759331271044,0.7959605648660292,16.718949794769287
1780876736.2453148,-2.5421137889288534,3.5949153114669183,0.7995735494404358,16.759435653686523
1780876736.280535,-2.5431528793328972,3.583992687246185,0.8023497372716758,16.794655799865723
1780876736.3149538,-2.5231988002076733,3.5856400493282985,0.8009103080691625,16.82907462120056
1780876736.3568702,-2.5161568703049104,3.593088025695052,0.8011926575982548,16.870990991592407
1780876736.3901649,-2.493568376971593,3.5907705691257688,0.7985149599611785,16.904285669326782
1780876736.4279566,-2.502256416376193,3.5768861512132757,0.8041614241058654,16.94207739830017
1780876736.463086,-2.5027487353529914,3.57916302744146,0.8059766067027738,16.977206707000732
1780876736.5031633,-2.4949641352935465,3.5850119327153,0.8057638312775935,17.017284154891968
1780876736.531494,-2.477001472357534,3.5827665310824663,0.803849691595161,17.04561471939087
1780876736.5692804,-2.4746277524014313,3.5712708333993604,0.8074240813534598,17.083401203155518
1780876736.6036463,-2.479048901466402,3.5624568973456814,0.811733516397948,17.117767095565796
1780876736.6391492,-2.4495775964308537,3.576543352809818,0.8055962295173481,17.15327000617981
1780876736.6736238,-2.4598135692171152,3.5533111372101667,0.812389488519824,17.187744617462158
1780876736.7096753,-2.4626124034094,3.5540439419818988,0.8150475114930105,17.223796129226685
1780876736.750137,-2.445483736804933,3.5528741211373838,0.8133092105042555,17.26425790786743
1780876736.7871847,-2.435635705014721,3.557338506911159,0.8128651822390517,17.301305532455444
1780876736.8252947,-2.4486323383987685,3.540153663088819,0.8198734570082269,17.339415550231934
1780876736.8627286,-2.4224553225154852,3.5432498478994097,0.8150866331846016,17.37684941291809
1780876736.9044034,-2.4244069854498758,3.5254573167733643,0.8200165690764427,17.418524265289307
1780876736.942021,-2.3859132814238673,3.556395327250803,0.8113217019400825,17.456141710281372
1780876736.970498,-2.411068960474161,3.533635954243728,0.8199872805048454,17.48461890220642
1780876737.009003,-2.3533791212737487,3.5579365633929845,0.8073327821668701,17.523123741149902
1780876737.0468442,-2.412143742388046,3.5081374691883225,0.8273294524349515,17.560965061187744
1780876737.0828223,-2.3784182025348652,3.5292160802902734,0.8193025370985059,17.596943140029907
1780876737.1165726,-2.381224740978178,3.514112618301148,0.8233464834162924,17.630693435668945
1780876737.1608477,-2.3677222843515335,3.522984417888408,0.8218649220380277,17.674968481063843
1780876737.202498,-2.373084510399471,3.518613707238061,0.8244165924804735,17.71661877632141
1780876737.2238023,-2.3466720282231925,3.5320201026345663,0.8194923310095955,17.73792314529419
1780876737.2630486,-2.3700659595070253,3.4850514792522036,0.8308656619836168,17.777169466018677
1780876737.2978513,-2.3447780034823964,3.512774424788983,0.8247989273999659,17.81197214126587
1780876737.3346035,-2.3597419647884705,3.4925489715695544,0.8314785778485961,17.848724365234375
1780876737.3740492,-2.336253678249747,3.499414599858208,0.8272832850544298,17.88817000389099
1780876737.4148705,-2.326039567087318,3.501513006783763,0.8266123051745596,17.928991317749023
1780876737.4505682,-2.3432528457237543,3.487524124459261,0.8337371349697128,17.964689016342163
1780876737.4849293,-2.3159375941300544,3.4879227954206273,0.8290872027017805,17.99905014038086
1780876737.5212128,-2.3301042351851704,3.483045386260236,0.8341423530875176,18.03533363342285
1780876737.5543535,-2.3161617641360177,3.472438439660687,0.8342257330388012,18.068474292755127
1780876737.6013935,-2.3131884264287734,3.4658035804413787,0.8356022602104428,18.115514278411865
1780876737.627289,-2.3026169807226546,3.4798451742977257,0.8333172092586827,18.141409873962402
1780876737.6646671,-2.2746473255420456,3.4985023576704837,0.8270832267777029,18.17878794670105
1780876737.702399,-2.2878485348653275,3.462636547214107,0.8347855729393064,18.216519832611084
1780876737.7349317,-2.272836521472582,3.4693783194380607,0.8321651104006518,18.24905252456665
1780876737.774483,-2.2825105322443835,3.460489321863169,0.8369291615373854,18.28860378265381
1780876737.8116019,-2.254243429662874,3.465123658949831,0.8314504575789523,18.325722694396973
1780876737.8432863,-2.257088034615288,3.4596842022317116,0.8345230882533775,18.357407093048096
1780876737.8841958,-2.2624732610608835,3.449468091530976,0.8385894570006903,18.398316621780396
1780876737.9311342,-2.2454243378899204,3.458706535653399,0.8354420909792417,18.445255041122437
1780876737.9559746,-2.2298813216818982,3.4693904920111938,0.8323306290305552,18.47009539604187
1780876737.992812,-2.2296137343551807,3.4614317392431984,0.8340849725199672,18.506932735443115
1780876738.028917,-2.2281526253057318,3.453312679159816,0.836723494392167,18.54303789138794
1780876738.064905,-2.2327794498853213,3.4388655886237776,0.840369642218551,18.579025745391846
1780876738.0983398,-2.251072131159167,3.4398586854738884,0.848154819839634,18.612460613250732
1780876738.134515,-2.3656784634047376,3.4140090570982227,0.8804807912541134,18.648635864257812
1780876738.1699286,-2.4944273624884943,3.4388161399504122,0.9152049578591146,18.684049367904663
1780876738.2061496,-2.471960901052629,3.453792302937623,0.9103045478517496,18.72027039527893
1780876738.2426062,-2.4850135289524453,3.4232994720669154,0.9177478254000326,18.75672698020935
1780876738.276308,-2.460786253978351,3.450998538127488,0.9113500851924333,18.79042887687683
1780876738.3135984,-2.4428304222742137,3.4573126072880838,0.9085590811843213,18.82771921157837
1780876738.3508852,-2.4728514895084377,3.44271614892805,0.9175141542917408,18.86500597000122
1780876738.3922246,-2.44189100789261,3.444190100513863,0.9125281774981743,18.90634536743164
1780876738.425755,-2.4289588993046345,3.4428863473399796,0.9115250274012422,18.939875841140747
1780876738.4610994,-2.4392508131601773,3.451672434254757,0.9140263156764188,18.975220203399658
1780876738.496751,-2.4084768068206497,3.4669564849350802,0.9076700742707586,19.01087188720703
1780876738.5340016,-2.4328312761828372,3.420614552305422,0.9189277362183692,19.04812240600586
1780876738.5702872,-2.419551806984255,3.434821852715971,0.9161247048226488,19.084408044815063
1780876738.6054559,-2.406365817821932,3.437856869875365,0.914566461786242,19.119576692581177
1780876738.6520722,-2.432701023662652,3.413513337419653,0.9241060842829365,19.16619300842285
1780876738.6803932,-2.3934503571921972,3.4337370240349268,0.9152642244478747,19.19451403617859
1780876738.7197285,-2.382919707881391,3.4366697637397357,0.9140230414487333,19.23384928703308
1780876738.7510242,-2.4235332284376803,3.3935779400892727,0.9285778929564986,19.26514506340027
1780876738.7855706,-2.3898282466791088,3.400609697790523,0.9223885454118663,19.299691438674927
1780876738.8210382,-2.365705390880463,3.4276094337949226,0.9156589608646929,19.335159063339233
1780876738.8572147,-2.401078920909268,3.3834225241078806,0.9290998221645094,19.37133550643921
1780876738.8919556,-2.3698264860856626,3.4035942860441573,0.9217223744760659,19.406076431274414
1780876738.9287653,-2.3575678647837583,3.411707645128917,0.9195110155975106,19.442886114120483
1780876738.9620736,-2.372559919290088,3.389427833609412,0.9266706691088661,19.476194381713867
1780876738.995872,-2.356914703239552,3.3919389087594416,0.9241131645252876,19.509992837905884
1780876739.032054,-2.3474854653383748,3.4042517114349637,0.9219144185387208,19.54617476463318
1780876739.070705,-2.3631612889605584,3.379617874169714,0.9296172137920483,19.58482575416565
1780876739.1034527,-2.3424524347596343,3.3846070069066023,0.9255930646940169,19.617573499679565
1780876739.1418688,-2.3352684001532023,3.387450353109509,0.925055030917165,19.65598964691162
1780876739.1816783,-2.3383745022765714,3.374316682919649,0.9285556045800303,19.695799112319946
1780876739.217527,-2.3229466169332875,3.393146281941166,0.9242511902782008,19.731647729873657
1780876739.253688,-2.318378527480948,3.382467478701522,0.925599009442886,19.76780891418457
1780876739.2894206,-2.3026098416453418,3.382721771468397,0.9235249864530567,19.80354142189026
1780876739.3314388,-2.3321695152800332,3.358287340893007,0.9335375720411501,19.84555959701538
1780876739.3587184,-2.3729944762476403,3.3694545157479396,0.9491499021407898,19.872839212417603
1780876739.3939188,-2.279206816882237,3.3827119981694036,0.922205115646747,19.908039569854736
1780876739.4314845,-2.3161848374643643,3.338770222825043,0.9355596658267472,19.945605278015137
1780876739.4640503,-2.3114746790590366,3.339484249592526,0.9360168739104392,19.9781711101532
1780876739.505259,-2.2622240517326144,3.376232875730727,0.922491517906093,20.01937985420227
1780876739.5403388,-2.25986186790087,3.3724446304216578,0.9233989341666624,20.05445957183838
1780876739.5766785,-2.2955030957790448,3.350139590490289,0.9343985650719678,20.09079933166504
1780876739.64879,-2.264084673806025,3.3503567158586227,0.9299712134315101,20.16291069984436
1780876739.6863925,-2.244467682593545,3.355884767830591,0.9260104243423993,20.20051336288452
1780876739.7236052,-2.286598649593005,3.3154980201642017,0.9406647632534166,20.237725973129272
1780876739.761895,-2.235858531583257,3.3519187207677588,0.9268202704584695,20.276015758514404
1780876739.8019426,-2.3339461408967304,3.2875229232593055,0.9632218534126048,20.316063404083252
1780876739.8415465,-2.2199864899684894,3.3492045110398023,0.9256104195493313,20.35566735267639
1780876739.8805835,-2.2510907249302288,3.3298699062311576,0.935230307948765,20.394704341888428
1780876739.9169838,-2.2253864552156486,3.3447116278703852,0.9291222656616754,20.43110466003418
1780876739.950804,-2.304870781542128,3.330564600912857,0.9550902086948694,20.464924812316895
1780876739.9939253,-2.205037067510458,3.3433328461650085,0.9268105659827537,20.50804615020752
1780876740.0613863,-2.2269679071846546,3.305264213962353,0.9377113183036657,20.575507164001465
1780876740.1002147,-2.203417093435096,3.315933347533202,0.9323463144414499,20.614335536956787
1780876740.1437323,-2.2001323522173317,3.3222081311110174,0.9317245329464253,20.65785312652588
1780876740.1766326,-2.200140055525294,3.3054277016662788,0.9342020917355662,20.69075345993042
1780876740.21067,-2.2138896923756617,3.3047415021551743,0.938396932756727,20.724790811538696
1780876740.2456586,-2.18251840661255,3.3183526865782644,0.930890952953394,20.759779453277588
1780876740.2836652,-2.1827216418909097,3.318755256535062,0.9316428232626865,20.797785997390747
1780876740.3218985,-2.2103941517398793,3.3471369801680977,0.9437272981416721,20.836019277572632
1780876740.3577514,-2.185370454785322,3.2895998727956797,0.937293569549114,20.871872186660767
1780876740.3935833,-2.186265737175476,3.292334531282954,0.9380093816209756,20.90770411491394
1780876740.4329875,-2.2540483800524465,3.2862176206950657,0.9605194506017337,20.947108268737793
1780876740.4694963,-2.2582639334089425,3.2501173604683675,0.9667934269174551,20.983617067337036
1780876740.505033,-2.126017899583377,3.3179466114970424,0.9244255911529548,21.019153833389282
1780876740.5403528,-2.1572674545437556,3.2877967142964986,0.935220188420401,21.054473638534546
1780876740.5781207,-2.2038202959662376,3.252566209063204,0.9588544584724187,21.092241525650024
1780876740.608442,-2.2144163705186317,3.2622017998099127,0.9602997270336553,21.122562885284424
1780876740.6522474,-2.2024793621812266,3.2710618748663585,0.9569824201809042,21.16636824607849
1780876740.6927118,-2.12456119763324,3.2902658890534546,0.9310307413227986,21.20683264732361
1780876740.7264502,-2.116556400335157,3.2878645484660147,0.9300658539162316,21.24057102203369
1780876740.7644045,-2.228619115780514,3.2511226096214596,0.9658693079315772,21.278525352478027
1780876740.798485,-2.128456382130443,3.2758849300222863,0.9355125992965687,21.31260585784912
1780876740.8365738,-2.149455710240205,3.316069831527095,0.9449429456060779,21.35069465637207
1780876740.871632,-2.1732685013205577,3.288863554344782,0.9530747930745588,21.38575291633606
1780876740.9074364,-2.175141540459342,3.28699638893129,0.9534432904103415,21.421557188034058
1780876740.9428055,-2.1933108902538265,3.259998189705025,0.9606790920051508,21.456926345825195
1780876740.9771638,-2.2003350631786516,3.2472673161635957,0.9643980083014129,21.491284608840942
1780876741.0177517,-2.1791029497134784,3.2539602268785677,0.9596831729843462,21.531872510910034
1780876741.0527296,-2.086347980561907,3.248858868849428,0.9343904126915662,21.566850423812866
1780876741.0895967,-2.0841156556437967,3.249548888083708,0.9343827209009384,21.6037175655365
1780876741.1237829,-2.062843562683419,3.258376531535145,0.9293733073962511,21.637903690338135
1780876741.1583128,-2.062224696318892,3.2533027989500405,0.9303757300861949,21.672433614730835
1780876741.2034314,-2.1306934700037887,3.262705834270302,0.9530379843527749,21.717552185058594
1780876741.239214,-2.113746987340906,3.267954724673929,0.9497928475373976,21.753334760665894
1780876741.2772114,-2.134222750384086,3.236817903008336,0.9572998462726089,21.791332244873047
1780876741.3097067,-2.1446917691414384,3.213104887046181,0.9626398915196246,21.823827505111694
1780876741.3463752,-2.1387113974872456,3.2193936497512707,0.9611351207578138,21.860496044158936
1780876741.382167,-2.1261165859320146,3.221724796904221,0.9585264802425083,21.89628791809082
1780876741.4198685,-2.1433358104636975,3.2048506004051314,0.9646030008574907,21.93398928642273
1780876741.4507854,-2.1495945853266636,3.200228735221021,0.966731713903427,21.964906215667725
1780876741.4883294,-2.136866210683456,3.2096909707124173,0.9631534999099048,22.002450227737427
1780876741.5176883,-2.1275147956946947,3.212806842323346,0.9613021372869823,22.031809091567993
1780876741.5578406,-2.112973790810584,3.2143458021424856,0.9589550745370632,22.071961402893066
1780876741.5915127,-2.0965561141687563,3.222705826031165,0.9550674251095304,22.10563349723816
1780876741.628718,-2.083911780457636,3.2480454066473756,0.949379342868313,22.142838716506958
1780876741.6691298,-2.035911656220694,3.2738052802203295,0.93872723193989,22.183250665664673
1780876741.707171,-2.082174485731583,3.2328156605256595,0.9528486690591937,22.2212917804718
1780876741.740595,-2.0933370689971147,3.2084412853010615,0.9579214192226486,22.25471591949463
1780876741.7755005,-2.069855132528896,3.214195395508443,0.9535260442677781,22.289621353149414
1780876741.814052,-2.072008861940194,3.1802065384662406,0.9586344226936486,22.3281729221344
1780876741.8494287,-2.062579409456024,3.182227258223156,0.9568003318917807,22.36354947090149
1780876741.893485,-2.0665369577877595,3.181397566987223,0.9577806619457626,22.40760588645935
1780876741.9291046,-2.05202351787481,3.18855228413283,0.9542378231559998,22.443225383758545
1780876741.961645,-2.0469906196591605,3.187417834408527,0.9535907887346415,22.475765705108643
1780876741.998892,-2.060895624428351,3.180337982674099,0.9577330744545001,22.513012886047363
1780876742.03578,-2.0629502474761146,3.1759910361457235,0.9589669579498139,22.549900770187378
1780876742.0758007,-2.0540067346731226,3.154076986260144,0.9602717666057682,22.589921474456787
1780876742.1144986,-2.0497409885814575,3.143449335329231,0.961200292479257,22.62861943244934
1780876742.1456034,-2.0517622794414088,3.1212909519093976,0.9651444501512072,22.659724235534668
1780876742.1818686,-2.050390667341515,3.1256755960207796,0.9642640399959613,22.69598937034607
1780876742.2196631,-2.0425284840838778,3.1307771366446344,0.9622539597056655,22.733783960342407
1780876742.2560313,-2.034866144698341,3.1319898819254277,0.9608270843556074,22.77015209197998
1780876742.293615,-2.021849779561371,3.1446888354526217,0.9565246182478989,22.807735919952393
1780876742.3299363,-2.0221066113937356,3.138008167703201,0.9576529983923834,22.844057083129883
1780876742.3655367,-2.0192953153122004,3.1403918687850867,0.957282442158394,22.87965750694275
1780876742.4145312,-2.0231401369180295,3.1298493178052507,0.9600813844728698,22.928652048110962
1780876742.439488,-2.011746474368808,3.1242196506620865,0.9587632836271093,22.953608751296997
1780876742.4806104,-1.988006203429236,3.1217379928183,0.9547791502118674,22.994731187820435
1780876742.5104187,-1.9850899749252204,3.117697010659279,0.9551677785893014,23.024539470672607
1780876742.54799,-1.9801357497904053,3.1193376587134107,0.9544421502656806,23.062110900878906
1780876742.589762,-1.963734702915507,3.131247342240627,0.9500874798280178,23.103882789611816
1780876742.6229327,-1.9558890103487352,3.140009137201158,0.9472384070115236,23.13705348968506
1780876742.6677983,-1.9421099116842548,3.1478920684021188,0.9433946271170836,23.18191909790039
1780876742.6978538,-1.944926584018328,3.1485637092034158,0.9439295859637795,23.211974620819092
1780876742.7365735,-1.9451686323802995,3.1431061284448565,0.9447885196509866,23.250694274902344
1780876742.772839,-1.951122544852263,3.1241837577896074,0.9487132921034442,23.286959886550903
1780876742.816503,-1.9500462808247938,3.119561798481805,0.9494213320784989,23.330623865127563
1780876742.8458135,-1.96370351016625,3.099612774689912,0.9549257311238671,23.359934329986572
1780876742.8902664,-1.9618450695851246,3.0902066481330706,0.9558972379978198,23.40438723564148
1780876742.915061,-1.9438588028678612,3.0795796814277594,0.9540461370779455,23.429181814193726
1780876742.9534652,-1.9346867758678918,3.0871558723911265,0.9511674768696934,23.467586040496826
1780876742.9869075,-1.9314542058575892,3.087576212926699,0.9504858841138638,23.501028299331665
1780876743.0356162,-1.928683506025489,3.078465140707169,0.9511729712925421,23.549736976623535
1780876743.0636058,-1.921287764583298,3.0818429646567465,0.9494047683996489,23.57772660255432
1780876743.0964808,-1.918554156233556,3.080652828597083,0.9490001780706593,23.610601663589478
1780876743.1341074,-1.9133467990690989,3.090387298313399,0.9467784907593761,23.64822816848755
1780876743.1689794,-1.9006768510420446,3.1044747393483236,0.9424571158547028,23.68310022354126
1780876743.2059357,-1.8957424964683234,3.10183842724331,0.9419470637916597,23.720056533813477
1780876743.2404003,-1.8909901068939208,3.101210137227294,0.941059477730115,23.754521131515503
1780876743.2767098,-1.8751674682106774,3.1091970820372525,0.9370664828801373,23.790830612182617
1780876743.310741,-1.8654529680574903,3.100654498770505,0.9363198289175231,23.824861764907837
1780876743.3459477,-1.8692515396179488,3.0895667506998157,0.9383428912823961,23.860068559646606
1780876743.386999,-1.8497747758866405,3.1014686736357584,0.9335082735402019,23.901119709014893
1780876743.4243903,-1.8681520727062773,3.06408447932713,0.941592395109136,23.93851113319397
1780876743.4614215,-1.8727299734721812,3.063399671879086,0.9425034697017435,23.975542306900024
1780876743.4906468,-1.871925368710147,3.0564806100865916,0.9433755145589093,24.004767656326294
1780876743.5331452,-1.8701428806139502,3.048324695046749,0.9441686395863602,24.047266006469727
1780876743.5677102,-1.868215981368533,3.042059930973645,0.9447185840738326,24.081830978393555
1780876743.606825,-1.8660173217735763,3.0445842772021656,0.943835447060286,24.120945930480957
1780876743.643784,-1.8625498175734907,3.0351318818222404,0.944576460299053,24.157904863357544
1780876743.6822495,-1.8590910851497815,3.037652417040121,0.9434184917009044,24.196370363235474
1780876743.7220364,-1.8517774788026995,3.0328415425712363,0.9427201540410795,24.236157178878784
1780876743.7592115,-1.8495267476030626,3.0281806739446275,0.9429178598470498,24.273332357406616
1780876743.794224,-1.848622118691495,3.023354992892413,0.9433736202406381,24.308344841003418
1780876743.8347137,-1.845907858126161,3.0182782004351796,0.9434806114624773,24.34883451461792
1780876743.8717086,-1.8387543306270306,3.019286962465792,0.9418182410060626,24.38582944869995
1780876743.9090724,-1.8337074938487339,3.016246155238803,0.9411069981681045,24.423193216323853
1780876743.943107,-1.832757425671561,3.0097378020645733,0.9415898541757554,24.45722770690918
1780876743.9871054,-1.8300922398301713,3.00154830906888,0.9420190351384367,24.50122618675232
1780876744.0133653,-1.8281158894110636,2.992609038498604,0.9426829920227483,24.527486085891724
1780876744.0481176,-1.814452706241653,2.993348505141864,0.9396497768659524,24.562238454818726
1780876744.087729,-1.8019763328777583,2.9985607481278205,0.9365450548251815,24.601849794387817
1780876744.1203632,-1.7927130643826752,2.9985470302962267,0.9346586398314611,24.63448405265808
1780876744.1577847,-1.7880771356731564,3.0060056110646025,0.9326460187419728,24.671905517578125
1780876744.19522,-1.7792879719774444,3.014111162109855,0.9296347410849051,24.709340810775757
1780876744.2291362,-1.7751250954749684,3.0167181678806543,0.928381882064635,24.74325704574585
1780876744.2663841,-1.7791456972632524,3.0057235634603883,0.9304273292024673,24.780504941940308
1780876744.3009865,-1.778235538477423,2.999426682762814,0.9309462480928801,24.815107345581055
1780876744.3363085,-1.78294438726188,2.9878816339802086,0.9333941959129054,24.85042929649353
1780876744.385617,-1.780360565633809,2.991946410221617,0.9320415605414801,24.89973783493042
1780876744.4135244,-1.7741160558515685,2.985048060650112,0.9316411727235636,24.927645206451416
1780876744.4472451,-1.7674287031262732,2.981714154231875,0.9307675795258191,24.961365938186646
1780876744.4856749,-1.763860536761002,2.974105171884333,0.9312464659254549,24.99979567527771
1780876744.5239048,-1.7611818211711845,2.9700648099216,0.9311281162215856,25.038025617599487
1780876744.5567725,-1.761474119758972,2.9682785634596174,0.9315063383990888,25.07089328765869
1780876744.5972955,-1.758564749055119,2.9634628164247356,0.9315305663233912,25.111416339874268
1780876744.6333437,-1.75262808589351,2.9568249596887437,0.9312294975003392,25.147464513778687
1780876744.6749377,-1.7471501516532728,2.945399941536208,0.9316465849115156,25.189058542251587
1780876744.7088509,-1.726599049305294,2.9566846897713672,0.9258743052717852,25.22297167778015
1780876744.757232,-1.7148524956496591,2.956795925513679,0.9237014794942081,25.271352767944336
1780876744.7804105,-1.713011885004167,2.9556708230062885,0.9235644213586649,25.29453134536743
1780876744.820884,-1.7123504108039282,2.9568920653322417,0.9231269243475094,25.335004806518555
1780876744.8539855,-1.7077935620753766,2.956910997927528,0.9221941271509181,25.368106365203857
1780876744.890764,-1.7067913156333354,2.9482198956463113,0.9231510545267091,25.404884815216064
1780876744.9263854,-1.7036696419790038,2.942599696809275,0.9230946060656389,25.44050621986389
1780876744.9639187,-1.7001753758619176,2.9374617509546876,0.9229794210271083,25.478039503097534
1780876744.9988084,-1.6962006349071337,2.9360726946872933,0.9222268380633175,25.5129292011261
1780876745.0394576,-1.6904805770105717,2.9428781055548043,0.9198770301875789,25.55357837677002
1780876745.0727448,-1.68358443996828,2.944053529581527,0.9182701292262262,25.586865663528442
1780876745.1255589,-1.6810431048020418,2.9415425023657256,0.9180183497267739,25.639679670333862
1780876745.1532583,-1.6756366514492513,2.9441332821674786,0.9164771908905743,25.667379140853882
1780876745.1855686,-1.6759001550341819,2.932307452992539,0.9178460094675613,25.699689388275146
1780876745.2235374,-1.6869693091229805,2.9209789209307013,0.9214938948786713,25.737658262252808
1780876745.2574003,-1.6888344386826073,2.9088236072073013,0.9233720856165569,25.77152109146118
1780876745.299489,-1.6705323540726875,2.915477250151053,0.9186786053715346,25.813609838485718
1780876745.3440418,-1.6612262967113198,2.9134908528388896,0.9169474393733481,25.85816264152527
1780876745.3683085,-1.6564376912218497,2.915123924882293,0.9155177934061133,25.882429361343384
1780876745.402854,-1.6543500497791557,2.913169144394945,0.9152069647774463,25.916974782943726
1780876745.4448957,-1.6541032789205337,2.9082177256691866,0.915672757455582,25.95901656150818
1780876745.4761899,-1.6501874104447762,2.9038713545081,0.9152870584313603,25.990310668945312
1780876745.5155342,-1.6529547368962778,2.8943845480595902,0.9170283121208442,26.02965497970581
1780876745.5556245,-1.649205561277222,2.8891046576277235,0.9167732130285265,26.069745302200317
1780876745.590172,-1.6469657558938133,2.887207484758582,0.9162822080445256,26.10429286956787
1780876745.6323802,-1.6383642502592473,2.886254397789145,0.9143747669761711,26.146501064300537
1780876745.6651523,-1.6288879502191442,2.8902316314880947,0.9118354037694691,26.17927312850952
1780876745.697734,-1.6279865648867864,2.893457431678507,0.9105648150763596,26.211854934692383
1780876745.7372804,-1.622907748362317,2.8904648678934874,0.9098061271644144,26.25140118598938
1780876745.7752178,-1.6210506840890466,2.8855518863797567,0.9098638751432743,26.2893385887146
1780876745.8113327,-1.6180334333268538,2.879859935763852,0.909710642612402,26.325453519821167
1780876745.8485327,-1.6119759305493588,2.8802268878228325,0.9081542868347011,26.362653493881226
1780876745.8828514,-1.6141158116854386,2.871628372396935,0.9095036844694399,26.396972179412842
1780876745.9262228,-1.616576869982237,2.8608729991516153,0.9113556953075562,26.440343618392944
1780876745.9645374,-1.6141582240128218,2.859806978638047,0.9107424052283,26.478658199310303
1780876745.9972594,-1.6124231539416574,2.8547862327441047,0.9109350253255792,26.511380195617676
1780876746.0313835,-1.5975565729185557,2.8616466264603178,0.906595057674498,26.545504331588745
1780876746.0671117,-1.5948348125404173,2.8611671267076453,0.9055756885863813,26.58123254776001
1780876746.1045167,-1.5931259057663374,2.859538226274207,0.9050730633478996,26.618637561798096
1780876746.1380668,-1.5882702706705365,2.8572581218334676,0.9040490915104731,26.65218758583069
1780876746.1748683,-1.5844194871407047,2.8546491865227215,0.9032442405631148,26.68898916244507
1780876746.2133307,-1.5816152621917658,2.8551900002425747,0.9020558664220057,26.72745156288147
1780876746.2487261,-1.581451214388242,2.848674287430657,0.9024950318890582,26.76284694671631
1780876746.2842083,-1.5819058046079366,2.8432810024146966,0.9029205635130684,26.79832911491394
1780876746.3214507,-1.5766205047660302,2.8414008390038594,0.9017279744802105,26.83557152748108
1780876746.3588383,-1.5616599895243333,2.8510992284921035,0.8971832819426572,26.87295913696289
1780876746.3951428,-1.5623017955096488,2.845335999154419,0.8976631344978974,26.909263610839844
1780876746.431551,-1.5624784037698285,2.8371660295169314,0.8985819328234654,26.945671796798706
1780876746.464328,-1.559272988366797,2.8292035806319777,0.8986557765282662,26.97844886779785
1780876746.5011582,-1.5541410255757526,2.8230837957127535,0.898132459271921,27.015279054641724
1780876746.5352073,-1.5512284450819713,2.8170652915566876,0.8978878638199468,27.049328088760376
1780876746.5719182,-1.5522767664694919,2.810974225784163,0.8985339161902455,27.086039066314697
1780876746.6136677,-1.5392525312723453,2.818424531138503,0.894463098703581,27.127788543701172
1780876746.646351,-1.5285626499191565,2.8219139127812567,0.8913452363782212,27.16047191619873
1780876746.6821017,-1.5209655794262709,2.8264989158948963,0.8887578953402724,27.19622254371643
1780876746.7218688,-1.5350018408612827,2.8132032545087435,0.8929307393566536,27.235989570617676
1780876746.7621584,-1.5366703909659578,2.8041343633553577,0.8940652960008326,27.27627921104431
1780876746.7982283,-1.5332132520494857,2.8021851557893975,0.8932886948704519,27.31234908103943
1780876746.8398721,-1.5325637024743095,2.7981783836716505,0.893479622756106,27.35399293899536
1780876746.8707244,-1.5297462475846249,2.793964025333852,0.8929645286371546,27.38484525680542
1780876746.9182193,-1.5127699502701573,2.8070165146064294,0.8873796304227606,27.432340145111084
1780876746.9560359,-1.50528659219842,2.809344949172515,0.8850156572436377,27.4701566696167
1780876746.9972005,-1.4938004074821691,2.814742458885377,0.8813867968046386,27.511321306228638
1780876747.0270221,-1.5066965138630133,2.794729955962418,0.8860313520301374,27.54114294052124
1780876747.059623,-1.5075455049451092,2.783867125161417,0.8875734164459956,27.57374382019043
1780876747.098668,-1.5115280158837456,2.771233905986176,0.8900754359120269,27.612788915634155
1780876747.133952,-1.5095934181236812,2.767714507403923,0.8896940364946435,27.648072719573975
1780876747.1722655,-1.4938183284352846,2.7837635925817725,0.8834630484895536,27.686386346817017
1780876747.21922,-1.4901761550216033,2.783186291069832,0.8822572415260433,27.733340740203857
1780876747.241458,-1.477966558464393,2.791842515805432,0.8776867930019283,27.755578756332397
1780876747.2779174,-1.481431098710487,2.782348780204563,0.8789743392454479,27.792038202285767
1780876747.3269093,-1.4809376575303852,2.7745464912200424,0.8795723436428846,27.84103012084961
1780876747.351793,-1.4894055540870133,2.7547376835494353,0.8838789475787933,27.86591386795044
1780876747.3914566,-1.4760164457459592,2.761682315112488,0.8797163326737273,27.905577421188354
1780876747.423852,-1.4754150288645844,2.76417385296033,0.8792555475288618,27.93797278404236
1780876747.4558575,-1.4733229264888266,2.762277042787309,0.8787271560154788,27.96997833251953
1780876747.4931386,-1.464247435422747,2.775245678431914,0.874355162568985,28.007259368896484
1780876747.5282319,-1.4745629106693936,2.7516338480274927,0.8793294166397893,28.0423526763916
1780876747.5754912,-1.4713344650214712,2.743966941979532,0.878856253014136,28.089612007141113
1780876747.6160712,-1.462045374265804,2.742744623764331,0.8765086032256353,28.130192041397095
1780876747.6486657,-1.4530181658613053,2.7524652387921162,0.8726755589718943,28.16278648376465
1780876747.688579,-1.4536124528634793,2.751687486499668,0.8724865983534404,28.202699899673462
1780876747.7257812,-1.447918149763618,2.751824726100093,0.8707160327977087,28.239902019500732
1780876747.758655,-1.4458164478448674,2.748601443257204,0.869902873122783,28.272775888442993
1780876747.7978585,-1.4482519600601147,2.7392591354078704,0.8711116964880549,28.311979293823242
1780876747.82916,-1.4454309460002115,2.7321084620525564,0.871312302785969,28.343280792236328
1780876747.8719864,-1.4413844035321475,2.7330498707203486,0.8702719055145279,28.386107206344604
1780876747.9073195,-1.4404255734597649,2.723786116626043,0.8708043003464914,28.421440362930298
1780876747.9402375,-1.4340347909552622,2.7237079077279103,0.8689069420448148,28.454358339309692
1780876747.976684,-1.4246273845428952,2.733811140878446,0.8646563064702272,28.49080491065979
1780876748.0115116,-1.4420147682000373,2.7121146235803852,0.8712425254280557,28.52563238143921
1780876748.0464947,-1.426192182984177,2.7202584732379744,0.8659282670590138,28.56061553955078
1780876748.0841255,-1.418743796845363,2.726052335238674,0.863011999730578,28.598246335983276
1780876748.1185734,-1.4206842032841567,2.719515296034346,0.8638361741882297,28.632694244384766
1780876748.1597464,-1.4198014177349565,2.7167430127608734,0.8636274459321271,28.673867225646973
1780876748.1941998,-1.4169870424438207,2.711264627606299,0.8630867839896325,28.70832061767578
1780876748.2287483,-1.4246344433265434,2.699006386447016,0.8656236818530416,28.74286913871765
1780876748.2653449,-1.4005528753951155,2.717305123916152,0.8573161327134966,28.779465675354004
1780876748.3062673,-1.4020691384916721,2.709049599763285,0.8583266619912421,28.820388078689575
1780876748.340571,-1.4026417873846526,2.700275376975034,0.8590365653452702,28.854691743850708
1780876748.374692,-1.3991474090891698,2.6936973434639526,0.8585799342033975,28.88881278038025
1780876748.4212656,-1.4046795097346934,2.6836870823938996,0.8610400791274525,28.935386419296265
1780876748.443049,-1.4047427422546663,2.682256190300906,0.8605390875592824,28.957169771194458
1780876748.4845495,-1.3832905395670445,2.6964971864988048,0.8529311569639294,28.99867033958435
1780876748.5185983,-1.3907741730481193,2.6834894026334757,0.8558437311669095,29.032719135284424
1780876748.554974,-1.3926932202010676,2.6768739003622333,0.856876857466757,29.06909489631653
1780876748.5973592,-1.3912556719725044,2.6789188413317544,0.8557523799005652,29.111479997634888
1780876748.6232665,-1.3972313063712472,2.6646342632518483,0.8583869409977782,29.1373872756958
1780876748.6663604,-1.376517634222779,2.6816809620623685,0.8507208801405566,29.18048119544983
1780876748.7031755,-1.3757707082214965,2.677559590638852,0.8508412232765636,29.217296361923218
1780876748.7384992,-1.3802261399768574,2.665566757347655,0.85278216842926,29.252619981765747
1780876748.7755954,-1.3713708396396596,2.6655297125826705,0.8499383979196873,29.289716243743896
1780876748.8130496,-1.3783108246918694,2.6572812194950086,0.8521834505486137,29.327170372009277
1780876748.8469243,-1.367028090289436,2.6653138522174915,0.8478650273932494,29.361045122146606
1780876748.8819125,-1.3605106276482037,2.6676522730422123,0.8454381090162157,29.39603328704834
1780876748.919631,-1.363014627367561,2.6584116003188862,0.8468250100051556,29.433751821517944
1780876748.9593058,-1.3675918656585901,2.648153793599322,0.8488541224567314,29.473426580429077
1780876748.9989004,-1.3660298806635933,2.6427381122784857,0.848494276244031,29.513021230697632
1780876749.03156,-1.3491393479245257,2.654549384548235,0.8421044947175077,29.54568076133728
1780876749.0693598,-1.3469083813437672,2.653482729687068,0.8412019779698627,29.58348059654236
1780876749.1033158,-1.353049863680734,2.643431779978152,0.8433263294350991,29.61743664741516
1780876749.13842,-1.3563210028987709,2.640700077067229,0.8439983514311309,29.652540922164917
1780876749.176231,-1.3544469815507876,2.6401540926812475,0.8433033719963525,29.690351724624634
1780876749.215102,-1.3418808981872141,2.646771795233699,0.8384679091734318,29.729222774505615
1780876749.2630365,-1.3377768053287118,2.645761894193516,0.8368316344297463,29.777157306671143
1780876749.2926958,-1.3370137443684094,2.641016177629311,0.8370370488838479,29.806816577911377
1780876749.3255322,-1.3479431434487137,2.62928800647782,0.8405382138899695,29.83965301513672
1780876749.366228,-1.348065831008095,2.6247373967348544,0.8404666847336044,29.880348920822144
1780876749.3982382,-1.3338584286889097,2.630982073718836,0.8357278021942207,29.91235899925232
1780876749.4328735,-1.3321363218876585,2.6286452444808646,0.8350523413045664,29.946994304656982
1780876749.4688032,-1.32770972494218,2.6186869216275177,0.8342310669761267,29.982923984527588
1780876749.5083804,-1.3344037220213973,2.6124738651792603,0.8363605791276215,30.022501230239868
1780876749.547056,-1.3144891148059714,2.623612128122199,0.8292078750647797,30.061176776885986
1780876749.5842822,-1.3172606326676823,2.6170399430255777,0.8299116176983815,30.098402976989746
1780876749.6186597,-1.3212474625982313,2.6174049838366953,0.8305928498828365,30.1327805519104
1780876749.6541793,-1.3217121328692536,2.611279583480213,0.8306537433401663,30.16830015182495
1780876749.6997087,-1.3217291123562287,2.606357753280881,0.8302723088137387,30.213829517364502
1780876749.7246468,-1.3010431330530783,2.6250286873659996,0.8225284933761536,30.238767623901367
1780876749.7582073,-1.3060097124546952,2.6106299044347594,0.8247180091221186,30.27232813835144
1780876749.7982023,-1.300824977145271,2.606151282142773,0.823290667180391,30.312323093414307
1780876749.8335114,-1.3216276833103173,2.584837747927561,0.8312490914969629,30.34763216972351
1780876749.871221,-1.2974327473035043,2.5972697700161484,0.8225460577339928,30.38534188270569
1780876749.902085,-1.2940021516548068,2.5946547490476037,0.8214950192618177,30.416205883026123
1780876749.9394517,-1.2977540867393462,2.587647717687225,0.8228346765085495,30.453572511672974
1780876749.9749825,-1.2899945008458378,2.585344461052446,0.8202280997856021,30.489103317260742
1780876750.010579,-1.3028876506468885,2.572522126250018,0.8244882322052207,30.524699926376343
1780876750.0481477,-1.2879244140783697,2.5866179408097887,0.8185799413941297,30.562268495559692
1780876750.0840106,-1.285946471494801,2.5849903509533183,0.8172476576087221,30.59813141822815
1780876750.1185055,-1.2893892784243048,2.578762455519031,0.8183949251050712,30.63262629508972
1780876750.1569235,-1.2929224996884512,2.5625296104086654,0.8205489277694888,30.67104434967041
1780876750.2008662,-1.2758001732295323,2.5748162172155564,0.8141309429917732,30.71498703956604
1780876750.2332804,-1.2777077801713213,2.5692528640092998,0.8146992708380965,30.747401237487793
1780876750.2615361,-1.274231109844369,2.56845237907687,0.8130391781029493,30.775656938552856
1780876750.2958593,-1.2798205426337843,2.5556200422275492,0.815741684071308,30.809980154037476
1780876750.330224,-1.2647379458726187,2.56301414602339,0.8099820021034866,30.84434485435486
1780876750.3743618,-1.2561675786802637,2.5726954300665152,0.8060403972256149,30.888482570648193
1780876750.4073393,-1.2647044423496052,2.555830461270248,0.8092781502285996,30.921460151672363
1780876750.4421313,-1.2706016447018462,2.5537264324528746,0.8104367452033482,30.956252098083496
1780876750.4837344,-1.2702506022685127,2.5514820856129643,0.8103226122387402,30.997855186462402
1780876750.5197804,-1.2523833837214773,2.563309455030833,0.803043213401758,31.03390121459961
1780876750.5575812,-1.2565154420600586,2.5543061058357748,0.8046424278636234,31.071702003479004
1780876750.5946438,-1.2591917080404118,2.547608940186107,0.8054975370053646,31.1087646484375
1780876750.638813,-1.2600981235377615,2.5323372844871246,0.8067957340299073,31.152933835983276
1780876750.6700408,-1.2482504855715628,2.5480138742893224,0.8014859829680447,31.18416166305542
1780876750.7005253,-1.245534057787111,2.539430805054154,0.8010589747876876,31.214646100997925
1780876750.742076,-1.2491954751503385,2.5339005477019914,0.8019132974585206,31.25619673728943
1780876750.7815423,-1.2528266966878632,2.524081323271216,0.8037362756031684,31.295663118362427
1780876750.8201628,-1.229014093677856,2.538365872509576,0.7942604743943226,31.334283590316772
1780876750.8587115,-1.235445216800331,2.530291986175123,0.7974430219666921,31.37283229827881
1780876750.8928452,-1.2436977258792719,2.5171662951590186,0.8002497014643438,31.406965970993042
1780876750.92807,-1.2363256862761764,2.5143206400695863,0.7978378717921639,31.442190885543823
1780876750.9666486,-1.2357357109674107,2.5167081753908587,0.7971939085386542,31.480769395828247
1780876751.003888,-1.2191607808222424,2.5241140480108593,0.790436386800696,31.518008708953857
1780876751.0441737,-1.2365414231015832,2.5054686198084832,0.7970942302699514,31.558294534683228
1780876751.076566,-1.2376723879365348,2.5041005389757407,0.7969066353736972,31.590686798095703
1780876751.1138687,-1.2226255969046957,2.5109200049221316,0.7912601113761287,31.627989530563354
1780876751.149682,-1.2276716817806825,2.5045759164520858,0.7931469391345016,31.66380286216736
1780876751.1876535,-1.221031504671356,2.4974579670711847,0.7910861010530842,31.70177435874939
1780876751.222683,-1.2260300205948906,2.4932190826525678,0.7922304352412187,31.736803770065308
1780876751.2574422,-1.2139930291105583,2.495396528759901,0.7885135977961456,31.771563053131104
1780876751.2937503,-1.2090985720641656,2.5006622580879947,0.785505695765356,31.807871103286743
1780876751.3347235,-1.2188858301449763,2.4847903733391163,0.7899653375009852,31.848844289779663
1780876751.3659704,-1.2192695688836337,2.4793880720243457,0.789698687276406,31.880091190338135
1780876751.4016457,-1.200191014004779,2.490050741669731,0.7826821177250567,31.91576647758484
1780876751.4445167,-1.2052655169278328,2.4804681860880615,0.7844012820442877,31.958637475967407
1780876751.4837904,-1.195884868547875,2.48331572730611,0.7812254724480209,31.99791121482849
1780876751.5144413,-1.215505851928123,2.464120221810849,0.7885172042126081,32.02856206893921
1780876751.545996,-1.1927415328368913,2.4766149773338437,0.7798145893984229,32.0601167678833
1780876751.5851574,-1.1952538784124476,2.4690998395704096,0.7808900668733675,32.09927821159363
1780876751.6201735,-1.1841610525675772,2.4702491404092695,0.7768000322760329,32.134294271469116
1780876751.6590877,-1.2034071776183146,2.4516321800114476,0.7840043798047708,32.173208475112915
1780876751.6919775,-1.1856862677034228,2.4663629353812704,0.7768328586430685,32.206098318099976
1780876751.7262087,-1.187129884532579,2.4543814139822615,0.7776014513687509,32.24032950401306
1780876751.760679,-1.183018348927085,2.457810239427922,0.7756822302003281,32.274799823760986
1780876751.7987373,-1.187771802545523,2.450583424785683,0.7766545594128408,32.31285810470581
1780876751.8368464,-1.1752846122550538,2.463987699995652,0.770661703425576,32.35096716880798
1780876751.874727,-1.1811968879530341,2.454250589828183,0.7733877548458082,32.38884782791138
1780876751.9099445,-1.1796783187006556,2.4498397258076863,0.7723169282556325,32.424065351486206
1780876751.947246,-1.18144942770355,2.4456945520115063,0.7726459743685297,32.46136689186096
1780876751.9877458,-1.1707351869077791,2.4536555795469166,0.7679876505017049,32.501866579055786
1780876752.0221844,-1.166951333354803,2.4473678074776926,0.7670416410026988,32.53630518913269
1780876752.0570414,-1.178267196951987,2.439483677152226,0.7709137957256373,32.57116222381592
1780876752.0915256,-1.1706872296306767,2.436355190346299,0.7684919438809293,32.60564637184143
1780876752.1305172,-1.162173070231797,2.441974462995163,0.7644082770913467,32.64463806152344
1780876752.1666167,-1.1617975583025106,2.434233780451847,0.7651435364483363,32.68073749542236
1780876752.2032692,-1.1561692294773307,2.431907099380974,0.7624761662525344,32.717390060424805
1780876752.2406223,-1.1610438950926871,2.4242823588665283,0.7645860914989573,32.75474309921265
1780876752.274034,-1.157498682526263,2.427156894150439,0.7624384204844823,32.78815484046936
1780876752.318302,-1.148486496797998,2.427931153231203,0.7592394031683525,32.832422733306885
1780876752.3534052,-1.1589150934455057,2.4109785093670775,0.7638903949948208,32.867526054382324
1780876752.3842986,-1.149539842225949,2.416639246050145,0.7594663320482545,32.89841938018799
1780876752.421009,-1.1465486006297883,2.4155146761352966,0.7582116129729891,32.93512988090515
1780876752.460147,-1.153573625577964,2.408638956813765,0.7606774439907689,32.97426772117615
1780876752.4964337,-1.146900727505288,2.406282560645259,0.7582357712375661,33.01055455207825
1780876752.5345595,-1.1519292985520917,2.4006919767054766,0.7597895242139863,33.04868030548096
1780876752.575329,-1.139480493437138,2.406558664521077,0.7545208584491824,33.089449882507324
1780876752.612185,-1.1361483623015254,2.406907061014749,0.7530120216088837,33.12630581855774
1780876752.6463103,-1.143180175909857,2.392613862456731,0.7563365413983245,33.160431146621704
1780876752.6892715,-1.1428419456440415,2.3897982503335946,0.7557347318827595,33.20339226722717
1780876752.726599,-1.1280546094170298,2.3971301598259522,0.7502748766486588,33.24071979522705
1780876752.7582848,-1.1302769375902824,2.3883001801857873,0.7507423782521581,33.27240562438965
1780876752.7933528,-1.1266929457704002,2.3860372551448346,0.7499942437879227,33.30747365951538
1780876752.8315637,-1.135558249316028,2.373851432211344,0.7530014465500227,33.34568452835083
1780876752.8716018,-1.1135332219013816,2.3885965712051354,0.7443543289201253,33.385722637176514
1780876752.9111934,-1.1268461548128483,2.3801052821015,0.7484408998219508,33.42531418800354
1780876752.9483004,-1.1152825181301231,2.382202088924585,0.7438681338949854,33.46242117881775
1780876752.984563,-1.1283234768843422,2.3669467711735837,0.7490693973155925,33.49868392944336
1780876753.018825,-1.105544158675178,2.3867847438716945,0.7394810537787488,33.53294587135315
1780876753.0557697,-1.1069886662615678,2.373401269394649,0.7403097049615127,33.56989049911499
1780876753.0904682,-1.1135149790868504,2.371220952481579,0.7424022064511708,33.604588985443115
1780876753.126839,-1.1214535887539965,2.356408819146017,0.7459293092681784,33.64095973968506
1780876753.1660252,-1.0966507263975638,2.3765386212170423,0.7351936054851418,33.68014597892761
1780876753.1994057,-1.108092039938409,2.362952141930649,0.7399881351545505,33.713526487350464
1780876753.2392912,-1.104930721251584,2.358992313873541,0.7385356679498501,33.75341200828552
1780876753.2763262,-1.0994370549461854,2.353611809165938,0.7369093290440926,33.79044699668884
1780876753.3130333,-1.0991499376961114,2.3538737083876082,0.7364950343067246,33.8271541595459
1780876753.3508134,-1.0932935619848574,2.354701392482788,0.7339763425289261,33.86493420600891
1780876753.3880115,-1.1001237979041139,2.346441208964807,0.7363190704591084,33.90213227272034
1780876753.4218063,-1.1013603723381276,2.3386206839651695,0.7372235153023147,33.93592715263367
1780876753.4711478,-1.0835300300991424,2.3489357383661016,0.7297604957992625,33.98526859283447
1780876753.4909382,-1.0854257713135078,2.343574510581779,0.7308544546741482,34.005059003829956
1780876753.5311677,-1.0927246594106088,2.3331379972689423,0.7332414087571792,34.04528856277466
1780876753.568866,-1.0853205342779284,2.3367329591079256,0.7301588836393693,34.08298683166504
1780876753.6153018,-1.0955618603769022,2.320324816822743,0.7348207962517739,34.129422664642334
1780876753.6405387,-1.072584929033319,2.336695467284906,0.7250140259304446,34.15465950965881
1780876753.680297,-1.077578960141857,2.3304442203769407,0.7265693795476807,34.19441771507263
1780876753.717383,-1.0766494379589417,2.322883070487703,0.7264817391118888,34.23150372505188
1780876753.752483,-1.0843737471980108,2.313065545823827,0.729524080925538,34.26660370826721
1780876753.7898843,-1.074247113322897,2.3231535941014894,0.725012022594527,34.30400514602661
1780876753.8295624,-1.0672713020288838,2.3171703765257616,0.7230258296722614,34.34368324279785
1780876753.8647974,-1.0741179215477934,2.311150012003507,0.7246242496848421,34.378918170928955
1780876753.9100885,-1.0728984667546277,2.3092310458359475,0.7243088801341819,34.42420935630798
1780876753.9437983,-1.0572827243731182,2.3149627439264515,0.7179479454409226,34.457919120788574
1780876753.9788015,-1.052220603357394,2.3141442960766088,0.7159230473941353,34.49292230606079
1780876754.0144532,-1.070536908035426,2.3030485339272664,0.7226254570634384,34.528573989868164
1780876754.0480244,-1.0634614731236174,2.300892797347263,0.7197661839882508,34.5621452331543
1780876754.087424,-1.0494833465108089,2.307229849180011,0.7143004003320219,34.60154485702515
1780876754.1211252,-1.0572730452177472,2.3028669911451978,0.7167276790895398,34.63524603843689
1780876754.155599,-1.047355744355356,2.303826435598475,0.712655197552731,34.6697199344635
1780876754.1943777,-1.0539067505933684,2.2928445046587758,0.7151238107064043,34.70849847793579
1780876754.230701,-1.0458387526830704,2.300670761677668,0.711830802794936,34.74482178688049
1780876754.2652495,-1.047725341491223,2.291999180021277,0.7125043224569994,34.77937030792236
1780876754.306077,-1.0385901684377137,2.297064678154543,0.7086596399245056,34.82019782066345
1780876754.3427434,-1.054794038562007,2.275912184654807,0.7156178083296908,34.85686421394348
1780876754.3827615,-1.0293280026526783,2.294741578607195,0.704737408127459,34.89688229560852
1780876754.4188697,-1.0431978725887376,2.2783321039690767,0.710790101378057,34.93299055099487
1780876754.4549048,-1.0410773581936057,2.274464092831328,0.7100437976254845,34.96902561187744
1780876754.4903204,-1.0395235701368384,2.2714641298917853,0.7091173965083424,35.004441261291504
1780876754.5270422,-1.0452286828263622,2.263380279377799,0.7114280160442519,35.041162967681885
1780876754.5627446,-1.0284827379806485,2.272927708711821,0.704366506079065,35.076865434646606
1780876754.6066368,-1.0269523881767855,2.267908240895994,0.7040757664315244,35.12075757980347
1780876754.642737,-1.0266818831951576,2.261786691483672,0.704695123460448,35.15685772895813
1780876754.676778,-1.0340333475842238,2.2512969101724156,0.7069539620465491,35.19089889526367
1780876754.716426,-1.0149343954518932,2.2672093045906023,0.698818672550704,35.230546712875366
1780876754.7521214,-1.0257513603412993,2.2578180549482347,0.7030474995062198,35.266242265701294
1780876754.7919116,-1.01853437050448,2.254350126682133,0.700499392053464,35.30603241920471
1780876754.8263922,-1.0236370463145736,2.2479309482903327,0.7022375448085058,35.34051299095154
1780876754.8632567,-1.0152938871947215,2.25598757541498,0.6982011856014896,35.3773775100708
1780876754.8967385,-1.012737136650535,2.2495194599178427,0.6975117015641787,35.41085934638977
1780876754.932775,-1.0067279875538457,2.245516740908531,0.6951840462862473,35.44689583778381
1780876754.9691997,-1.0202360840739813,2.231323369389277,0.701394493700053,35.483320474624634
1780876755.0028484,-1.0058006247021858,2.2446360623019936,0.6942136034392182,35.516969203948975
1780876755.0451145,-1.0014805492152488,2.2417312750141294,0.6928103012641407,35.55923533439636
1780876755.0767305,-1.0106863854869452,2.229460833560381,0.6969945980775069,35.59085130691528
1780876755.1182425,-1.0094816611427953,2.2251266487435335,0.6961536491599638,35.63236331939697
1780876755.1450894,-0.9990945855408035,2.22917773550462,0.6914073225958474,35.659210205078125
1780876755.180382,-0.9920518175464108,2.2329806318806247,0.6881520810993107,35.69450283050537
1780876755.2173004,-0.997857442934238,2.2257959760233628,0.6906683410011281,35.73142123222351
1780876755.2551274,-0.9939223359092887,2.222239150692766,0.6893818187344872,35.769248247146606
1780876755.2904384,-0.9981192944414214,2.2165647595216242,0.6912857976582167,35.80455923080444
1780876755.3264313,-0.9847432284464721,2.2250120978064665,0.6852335393291823,35.84055209159851
1780876755.3615315,-0.9867875302672742,2.2176074657369833,0.6859221269055238,35.87565231323242
1780876755.3962471,-0.9849907100971312,2.215963897083755,0.6853959331473073,35.91036796569824
1780876755.4316604,-0.9953082390234143,2.2004371927708686,0.6900795069849591,35.945781230926514
1780876755.4666693,-0.980833337946587,2.2084951454731137,0.6839414426392634,35.98079013824463
1780876755.5070703,-0.9833381724328499,2.208387860145386,0.6843518894312056,36.021191120147705
1780876755.542338,-0.9815067022209578,2.204411823058744,0.6837243289844271,36.056458711624146
1780876755.5786176,-0.9807527368345568,2.195227407041345,0.6837383325516773,36.09273838996887
1780876755.6119623,-0.9845261611180229,2.187351819072286,0.6857251551551445,36.12608313560486
1780876755.6533856,-0.9658426296157734,2.2044584370387073,0.6770925799235704,36.16750645637512
1780876755.6852736,-0.9716719950944093,2.191030142357098,0.6798234310691502,36.1993944644928
1780876755.7242775,-0.9573431718749783,2.1959311079943014,0.673876751423045,36.23839831352234
1780876755.7558546,-0.9793273051654923,2.1768096468043545,0.6834578257691538,36.269975423812866
1780876755.7924678,-0.9631618539820301,2.1891434624087625,0.676274539241172,36.306588649749756
1780876755.8299487,-0.9501353238656391,2.1899873470419506,0.6711517898578341,36.344069480895996
1780876755.8638077,-0.960494799413436,2.183103740929436,0.6745947210741422,36.377928495407104
1780876755.8995616,-0.9650013265044622,2.1752105590237774,0.67682090923459,36.41368246078491
1780876755.9358203,-0.9632850862373485,2.169521542352848,0.6763754694170456,36.44994115829468
1780876755.9753916,-0.9400308431324329,2.184003116771434,0.6666094087862517,36.48951244354248
1780876756.0105789,-0.9482660370296234,2.172609428588088,0.6706124501927334,36.524699687957764
1780876756.046999,-0.9477309459880027,2.165856591844322,0.6703248245747322,36.56111979484558
1780876756.0816278,-0.9551053469636976,2.156316177883274,0.6739604998846702,36.59574866294861
1780876756.1142087,-0.9454935393554684,2.164084936622303,0.6693369008251505,36.62832951545715
1780876756.1605217,-0.9423129458751726,2.163203156240126,0.668316396264011,36.67464256286621
1780876756.1873329,-0.9399351665800193,2.1574005048739107,0.667344293639553,36.7014536857605
1780876756.220533,-0.946889225815102,2.1492448573792715,0.6702392641467833,36.73465371131897
1780876756.2688954,-0.951159724875339,2.1416486645904786,0.6727178090872189,36.783016204833984
1780876756.294701,-0.9321683595862471,2.1532787838828478,0.6640387855571847,36.8088219165802
1780876756.3384454,-0.9247390583240598,2.151268125155865,0.6610483275567676,36.85256624221802
1780876756.367415,-0.9252996749838158,2.1461924330504543,0.6615091141767617,36.88153576850891
1780876756.400747,-0.9447588554591531,2.130057974471047,0.6697804828646525,36.914867877960205
1780876756.4378026,-0.9286978392990328,2.141771159876175,0.6628199798874719,36.95192337036133
1780876756.4783309,-0.9212857190008805,2.14111339063142,0.6594971561369054,36.992451667785645
1780876756.514738,-0.9262621560227736,2.1345795487365122,0.6620542690285056,37.02885890007019
1780876756.5480535,-0.9313613011959263,2.127083435251547,0.6643217634186782,37.06217432022095
1780876756.5857265,-0.9348369354878648,2.1167013660994485,0.6660734830364388,37.09984731674194
1780876756.6187112,-0.9081485876008303,2.134612294604105,0.6542672860157037,37.132832050323486
1780876756.653899,-0.9199163804206898,2.121413437812117,0.6597394192290645,37.16801977157593
1780876756.6927536,-0.9160562420780829,2.1190915185773855,0.65835397185908,37.20687437057495
1780876756.7285092,-0.9126723122261873,2.116280730278767,0.6571861564792019,37.24263000488281
1780876756.7652042,-0.9200925886566526,2.1110521237811195,0.6595200246795473,37.279325008392334
1780876756.806632,-0.9056461591204485,2.1201987652884724,0.6535666953405828,37.3207528591156
1780876756.837477,-0.9098555349491513,2.1090466677828577,0.6557978792558196,37.35159778594971
1780876756.871916,-0.9048771387334279,2.108278443961918,0.653441656377159,37.38603687286377
1780876756.9108346,-0.9016194524071904,2.103688670613738,0.6526786173782393,37.42495536804199
1780876756.94576,-0.9113172353348362,2.096868223252936,0.6564677888136176,37.45988082885742
1780876756.9821393,-0.8937568827100106,2.107946435620569,0.6489560781173895,37.49626016616821
1780876757.0194888,-0.8954760357463644,2.0969865717427174,0.6502641164180959,37.53360962867737
1780876757.0565338,-0.8890008439224529,2.095876500272404,0.6477048136987857,37.57065463066101
1780876757.094331,-0.8994881488246704,2.085476011085137,0.6524365926452989,37.60845184326172
1780876757.1280146,-0.9065236167192972,2.077514726155623,0.6555597568327516,37.64213538169861
1780876757.1671963,-0.8879409156547273,2.0899797625578347,0.647112908470043,37.68131709098816
1780876757.198223,-0.8891347147404061,2.0807967401163694,0.6487372460015312,37.71234393119812
1780876757.233164,-0.8884612145294838,2.0777206239732093,0.6482191845603287,37.74728488922119
1780876757.2693784,-0.890704809278389,2.0697675476366655,0.6500229163743988,37.783499240875244
1780876757.3019798,-0.8852515328918589,2.0660260470904293,0.6484430003960528,37.81610059738159
1780876757.3385422,-0.8806712823236157,2.070043597680617,0.6452425008273474,37.85266304016113
1780876757.373852,-0.8792173988511072,2.06796362000137,0.6449338915081426,37.887972831726074
1780876757.4124324,-0.8835534645902781,2.06020473370557,0.6474608647626269,37.92655324935913
1780876757.4537337,-0.885860689655955,2.0530402867309623,0.6486958943693177,37.967854499816895
1780876757.4875007,-0.8738233182214379,2.054733694532395,0.6438296294175491,38.00162148475647
1780876757.522716,-0.8644493487986021,2.0602637560001984,0.6389030068149678,38.03683686256409
1780876757.5648785,-0.8630081319671357,2.0574035587014765,0.6386794131474192,38.078999280929565
1780876757.60847,-0.8663688242522568,2.051463497413452,0.64045236636169,38.12259078025818
1780876757.6330373,-0.882502250337452,2.036351243271101,0.6480424716848187,38.14715814590454
1780876757.6720586,-0.8716068145947742,2.0395977541878376,0.6434372365956119,38.186179399490356
1780876757.70666,-0.858409565804487,2.047511053964042,0.6373078884491112,38.22078084945679
1780876757.7411,-0.8624958461681353,2.041874281806282,0.6389976924056241,38.255220890045166
1780876757.7790368,-0.8640528423704077,2.0349007455603676,0.6405417418114807,38.29315757751465
1780876757.8137944,-0.868647235281766,2.0272819088302017,0.6424741420989603,38.32791519165039
1780876757.8525605,-0.8575004809860793,2.029359612119799,0.6377005956275392,38.36668133735657
1780876757.889468,-0.8475529226227412,2.037009636506605,0.6328307292824922,38.40358877182007
1780876757.9237132,-0.8537622606092675,2.028400625414914,0.636130320835299,38.43783402442932
1780876757.9611824,-0.852764053980678,2.02462381095198,0.6360640287793538,38.475303173065186
1780876757.9970927,-0.8491093285411275,2.0201693403850327,0.6349239921866234,38.511213541030884
1780876758.031105,-0.8468882684159968,2.0157887616705,0.6338605726945719,38.545225858688354
1780876758.0738928,-0.8297604631242539,2.024468263784228,0.6266603802315932,38.588013648986816
1780876758.1076643,-0.8339470867182097,2.0160025489567936,0.6293204334841577,38.621785163879395
1780876758.1555142,-0.8394292380161267,2.0064240068866126,0.6320831223785007,38.66963505744934
1780876758.1865652,-0.8451208119122625,2.000476220682624,0.6346235172250421,38.70068597793579
1780876758.2227876,-0.8401816003493888,1.9962998293143586,0.6331362506791536,38.73690843582153
1780876758.2551057,-0.8275039766839347,2.0038136734556167,0.6276188319107591,38.76922655105591
1780876758.2889555,-0.828283964118651,1.9999118594204015,0.6281110434753192,38.80307626724243
1780876758.3245354,-0.8247842080338109,1.9975809415900256,0.6272302888993837,38.838656187057495
1780876758.3625035,-0.8336772579084444,1.9862343949944874,0.6313013500110259,38.87662434577942
1780876758.4081059,-0.8301430672663612,1.9814085126503143,0.6301854492289468,38.922226667404175
1780876758.4328353,-0.8152377890799022,1.9909273744680402,0.6233975685389063,38.946956157684326
1780876758.46806,-0.8252820639675384,1.9784226800183022,0.6286556695999902,38.98218083381653
1780876758.5064905,-0.8202871752603955,1.9807122480110468,0.6263167533808784,39.02061128616333
1780876758.5409038,-0.8148035965968704,1.9802155735534615,0.6243696212929509,39.05502462387085
1780876758.58031,-0.8231577157375216,1.9666844826589767,0.6283197314628861,39.094430923461914
1780876758.620816,-0.8054528522569195,1.976371769580155,0.6202836328066328,39.134936809539795
1780876758.6543994,-0.799193577156197,1.975484559416445,0.6180319933676797,39.16852021217346
1780876758.6915145,-0.8080998345675697,1.962444139902913,0.6228056959119996,39.20563530921936
1780876758.7283561,-0.8055717000616018,1.9633956097970424,0.621512230986344,39.24247694015503
1780876758.7679424,-0.8121531367887214,1.9543529646278084,0.6249500283168774,39.282063245773315
1780876758.8031507,-0.8113711875051968,1.9473194296979157,0.6252388829235437,39.31727147102356
1780876758.8406618,-0.7965657226813996,1.9585616997511792,0.6179070098861749,39.354782581329346
1780876758.8755763,-0.8009012278839428,1.9499192080334333,0.6208346654225341,39.38969707489014
1780876758.9117734,-0.8021091330656385,1.9450423336417302,0.6218999391981445,39.425894260406494
1780876758.9497836,-0.8004725151634482,1.9468917582232943,0.6206155439642727,39.46390438079834
1780876758.986438,-0.7982110001365967,1.9397329921854367,0.6207127412873066,39.500558853149414
1780876759.034951,-0.787319531402951,1.9428414713675652,0.6156193942866233,39.54907178878784
1780876759.0671284,-0.7858162909521196,1.940683609998153,0.614834294943201,39.58124923706055
1780876759.0979767,-0.7836184729043773,1.9356874547285179,0.6147277151225564,39.61209750175476
1780876759.1371953,-0.7858853034205426,1.9308440770137412,0.6161580192179212,39.65131616592407
1780876759.1724594,-0.7897082248493172,1.927003221233882,0.6177778918136978,39.686580181121826
1780876759.2051404,-0.7812250510275655,1.9269839178274222,0.6146042959471119,39.719261169433594
1780876759.2460463,-0.7779967106245756,1.9252352750597246,0.612997492865251,39.76016712188721
1780876759.2808306,-0.7785304044306209,1.91998385297645,0.6134766186314147,39.79495143890381
1780876759.3147213,-0.7725973864775482,1.9217716831694467,0.6109256574353377,39.82884216308594
1780876759.3498595,-0.776555200297157,1.913781581776818,0.6135988945943348,39.863980293273926
1780876759.385965,-0.7795923231847482,1.9080375325745165,0.6154085692138922,39.90008592605591
1780876759.4194174,-0.7665375447067952,1.9171607610505526,0.6093412754243996,39.93353819847107
1780876759.4548125,-0.7725818030012963,1.9064315382364097,0.6123298443542482,39.96893334388733
1780876759.4935682,-0.7668654665248167,1.9038078776794523,0.6100122257671895,40.007688999176025
1780876759.5351582,-0.7588453089419216,1.904581922931037,0.6067076294644902,40.04927897453308
1780876759.5748816,-0.7634101147045878,1.8953912977289582,0.6095179600873789,40.08900237083435
1780876759.6114423,-0.7532922830955652,1.901383849635301,0.6048827963147722,40.12556314468384
1780876759.6444533,-0.7570834326014224,1.895672182592266,0.6069594665900205,40.15857410430908
1780876759.6795259,-0.7640140261484315,1.8846265039607162,0.6107382088746266,40.19364666938782
1780876759.7165232,-0.7600594044436023,1.8817599813471588,0.609592712073191,40.23064398765564
1780876759.769612,-0.7546479972860916,1.8793159914245738,0.6074094478852108,40.283732891082764
1780876759.7904537,-0.7586789882834354,1.8732847286362662,0.6095505819000752,40.304574489593506
1780876759.8266761,-0.745275179057263,1.8799744947378838,0.6035926286334133,40.34079694747925
1780876759.8611772,-0.7480508863398552,1.8744921987091268,0.6054552789146166,40.37529802322388
1780876759.8977704,-0.7511227894334745,1.8692128551884972,0.606871705850347,40.41189122200012
1780876759.938041,-0.7497789064135496,1.864738506884812,0.6068770533130214,40.45216178894043
1780876759.9716191,-0.7478879013296635,1.8610358503914644,0.6062324878701889,40.485739946365356
1780876760.0102355,-0.7420497123577888,1.8600234113136733,0.603795154307465,40.52435636520386
1780876760.0428584,-0.7331274977250155,1.8631949621814152,0.5997858693464867,40.556979179382324
1780876760.0806353,-0.7339040072629336,1.858741426389022,0.6008012303538756,40.59475612640381
1780876760.1173234,-0.7293584282906571,1.859341916309922,0.5989988175713504,40.631444215774536
1780876760.1553178,-0.736810057527698,1.8514371600195838,0.6025728769853371,40.66943860054016
1780876760.1893651,-0.7381287360538391,1.8455251862523863,0.6037442600755165,40.70348596572876
1780876760.2279918,-0.7266799147316171,1.8514442463259813,0.5984315061429846,40.74211263656616
1780876760.26196,-0.7273253095508643,1.8447564549120496,0.5989979682157635,40.7760808467865
1780876760.298665,-0.7260667510096195,1.8389223098302625,0.5992062072676395,40.81278586387634
1780876760.3350255,-0.7193413595062577,1.8378079370887086,0.5971925844192372,40.849146366119385
1780876760.368558,-0.7288190148211875,1.8274443143000916,0.6018786353790844,40.882678747177124
1780876760.4069963,-0.7283475010446998,1.8244374189537143,0.6019598305578786,40.921117067337036
1780876760.4465227,-0.7209024395364891,1.8274006132542127,0.5986253136972849,40.96064352989197
1780876760.4807074,-0.7245300340792771,1.8194415441124467,0.6008300267703917,40.99482822418213
1780876760.516756,-0.7225887584771294,1.8156562799037246,0.6002683583543182,41.030876874923706
1780876760.5543733,-0.7153330090878793,1.8149877220406405,0.5970138956821729,41.06849408149719
1780876760.590743,-0.7123360709407301,1.8111811082563345,0.5962431355765445,41.10486388206482
1780876760.6258223,-0.7055783571912443,1.8163876253948046,0.5925664825691971,41.13994312286377
1780876760.661025,-0.7063755188613661,1.810759775500748,0.5936148733190797,41.175145864486694
1780876760.6992447,-0.707326876662549,1.8061935328270433,0.5946165190283718,41.21336555480957
1780876760.7347922,-0.705642082332516,1.8023029211229642,0.59434147591325,41.248913049697876
1780876760.7708352,-0.70518450356534,1.797446322873514,0.5947403253507436,41.284955978393555
1780876760.8080869,-0.7012588932955408,1.7965479126732111,0.593063551170091,41.32220768928528
1780876760.8471591,-0.6950127897898493,1.7977049670819485,0.5898328344128445,41.36127996444702
1780876760.87953,-0.6950032790938718,1.7919937854906893,0.5905861868848493,41.39365077018738
1780876760.9274006,-0.6909403240307386,1.7918730128947107,0.5887674154472792,41.441521406173706
1780876760.9512148,-0.6891773849277206,1.7881704928993307,0.588835995670217,41.46533560752869
1780876760.9889727,-0.6944710237328883,1.780282533524705,0.5918743281555742,41.50309348106384
1780876761.0245702,-0.6853711935672647,1.7871648516803744,0.5870509037358921,41.53869104385376
1780876761.060484,-0.6840061895586446,1.7814853572975213,0.5873456827719338,41.574604749679565
1780876761.1006904,-0.6900757245180161,1.7709839838808532,0.5908280336291044,41.614811182022095
1780876761.132457,-0.6814419485676272,1.7724018931845698,0.5869778910840944,41.64657783508301
1780876761.1706595,-0.6777198907851604,1.7704332434242347,0.5854337645651165,41.68478035926819
1780876761.213668,-0.6796411949718911,1.7639324131496579,0.5868130457829089,41.7277889251709
1780876761.2458403,-0.6669110077344136,1.771049110726427,0.580871347124488,41.75996112823486
1780876761.2800353,-0.6667862299301166,1.7672947832723118,0.581433097785595,41.794156074523926
1780876761.3185883,-0.6748625304202078,1.7565677193331601,0.5860361629790468,41.832709074020386
1780876761.356529,-0.6719722870702182,1.7559383132436146,0.5848750747327291,41.87064981460571
1780876761.390409,-0.6739087784236303,1.7510908259043931,0.5860872254028305,41.90452980995178
1780876761.4275284,-0.6708135035214765,1.7472985810531956,0.5853431353570347,41.941649198532104
1780876761.4661813,-0.6651475638395445,1.7474875986191227,0.5828116933475941,41.98030209541321
1780876761.5005567,-0.6634562063511666,1.7437900701750328,0.5822151011055304,42.01467752456665
1780876761.5374877,-0.6580355985185711,1.7425223961019936,0.5799567047684064,42.05160856246948
1780876761.5828123,-0.6581867264464588,1.739247553317677,0.5802302390524721,42.096933126449585
1780876761.617427,-0.6582578252853077,1.7340479703595313,0.5811915891872123,42.131547927856445
1780876761.6534157,-0.6507193059405675,1.7375905860944962,0.5776754656029882,42.16753649711609
1780876761.6860027,-0.6556992694807977,1.7294573618151263,0.5806539019767675,42.20012354850769
1780876761.7287583,-0.6540451569999028,1.7252953012224133,0.580732586902749,42.242879152297974
1780876761.7635953,-0.6480007617856027,1.7271928421169527,0.5778941278880795,42.27771615982056
1780876761.7985992,-0.6552464785852743,1.7167660412584103,0.5817507513471042,42.31272006034851
1780876761.8336675,-0.6526126786895067,1.7134126137461059,0.5808521247629761,42.34778833389282
1780876761.8687873,-0.6400992244937942,1.7191258649365115,0.574736817804927,42.38290810585022
1780876761.910077,-0.6403887152444155,1.7124716388343901,0.575536913191253,42.42419791221619
1780876761.9503884,-0.6379173752606601,1.710228032650353,0.5748443458036991,42.46450924873352
1780876761.9880567,-0.6311309010013755,1.7111457738975093,0.5720303907368172,42.502177476882935
1780876762.0263605,-0.6368899291251366,1.7042575686957642,0.5750513907612577,42.54048132896423
1780876762.0691805,-0.6330660877420438,1.70418187381056,0.5733548060171428,42.583301305770874
1780876762.0988195,-0.6312815786604877,1.699633278516079,0.573309293413742,42.612940311431885
1780876762.131548,-0.6318682211540416,1.6946133247911028,0.5744453954471577,42.645668745040894
1780876762.1700861,-0.6307787462324377,1.6915852868997212,0.5741790841842043,42.68420696258545
1780876762.211843,-0.6274456133469735,1.6889871531914666,0.5728171194777717,42.725963830947876
1780876762.2522023,-0.6248270002517383,1.6864649784834123,0.5722587182876766,42.76632308959961
1780876762.2834253,-0.6222024773967634,1.6857390781972874,0.5705376859374345,42.79754614830017
1780876762.3217623,-0.6191456389397695,1.6811207449592858,0.5697547037563644,42.835883140563965
1780876762.3569736,-0.615502291509761,1.680073138296466,0.5685671013424373,42.87109446525574
1780876762.3950987,-0.6135822476549342,1.677863336549135,0.5678293960842049,42.90921950340271
1780876762.428111,-0.6161552300751626,1.6715431624294,0.5698150445923034,42.94223189353943
1780876762.4644837,-0.6111479152607185,1.6747478775353513,0.5671730238515249,42.978604555130005
1780876762.5014982,-0.6106664168824296,1.671034713904365,0.5676437456024569,43.01561903953552
1780876762.538821,-0.6116237170570065,1.663638028294567,0.5688536577572582,43.05294179916382
1780876762.5732858,-0.6074999256429428,1.6631348645848079,0.5671116422496205,43.087406635284424
1780876762.6112053,-0.6077614405441493,1.6587289092355026,0.5678728355508027,43.12532615661621
1780876762.6451924,-0.608374770138505,1.6514978879084872,0.5689709582710638,43.1593132019043
1780876762.6866255,-0.6002629607208345,1.6550170053063569,0.5648618109105249,43.200746297836304
1780876762.7305973,-0.5981957819444237,1.6513543996328357,0.5642368982615352,43.244718074798584
1780876762.757753,-0.5996038430592191,1.6452076833096358,0.5653775977110105,43.27187371253967
1780876762.7933595,-0.5951063448560945,1.64362200237333,0.5636718544466898,43.307480335235596
1780876762.8309264,-0.5925945293390497,1.6403790291474274,0.5632602188600946,43.34504723548889
1780876762.8631918,-0.5893622334599273,1.6405162409821248,0.5616762214618518,43.377312660217285
1780876762.900361,-0.588020359991341,1.6363158983407,0.5618189420349149,43.41448187828064
1780876762.9341817,-0.5872213621807645,1.6318994506609208,0.5622755299283693,43.44830250740051
1780876762.9753206,-0.5889029641166365,1.6284793558839765,0.5632136238429848,43.48944139480591
1780876763.010925,-0.5903814066053374,1.6217853390028318,0.5648809487443655,43.52504587173462
1780876763.0495894,-0.588284104499991,1.6176012518617713,0.5645652190320336,43.56371021270752
1780876763.0847979,-0.58081717341592,1.6215520468185844,0.5604861349339877,43.59891867637634
1780876763.11977,-0.5820668544962362,1.6131931844623337,0.5621184637839852,43.633890867233276
1780876763.1626997,-0.5771934258335567,1.6120669703928696,0.5600539791979571,43.676820516586304
1780876763.2020586,-0.5693395215202468,1.6134953127869665,0.5561125704875889,43.71617937088013
1780876763.2353442,-0.5720075794614128,1.6056155131791976,0.5580221912007702,43.749464988708496
1780876763.270356,-0.5665162875246382,1.6071968155411873,0.555333729056288,43.78447675704956
1780876763.3052106,-0.5625874521322187,1.6062851051668277,0.5539161432467175,43.819331407547
1780876763.3416276,-0.5656154249374777,1.5989073068179003,0.5563911596948653,43.855748414993286
1780876763.376703,-0.5636894083397579,1.5972489357937034,0.5556135538900071,43.89082384109497
1780876763.4276125,-0.5625854959081675,1.5933870009242184,0.5558836746732968,43.94173336029053
1780876763.452738,-0.5663300580616495,1.587493649484836,0.5581183290583593,43.966858863830566
1780876763.489815,-0.5630461086590909,1.5870034273276925,0.5566767644004608,44.00393581390381
1780876763.52599,-0.5606240362739792,1.58265673631628,0.5564070918495244,44.04011082649231
1780876763.5627615,-0.5618707852318444,1.5784920820335564,0.5573060231300425,44.07688236236572
1780876763.6010823,-0.5602804918846604,1.573542639665701,0.5573239111040637,44.11520314216614
1780876763.6322193,-0.5583582840287511,1.5708978217126561,0.556770192844846,44.146340131759644
1780876763.6745732,-0.5523053924759149,1.5719073284268243,0.5535227365621567,44.18869400024414
1780876763.7055805,-0.5517633555107009,1.5667239005650597,0.5539581593252737,44.219701290130615
1780876763.741913,-0.5475111015905256,1.5656193342519944,0.5521278240739916,44.2560338973999
1780876763.7770083,-0.5445648050358874,1.5635015648731376,0.5510459017230838,44.29112911224365
1780876763.8092399,-0.545743042476503,1.5576044271369112,0.5525934975723759,44.32336068153381
1780876763.851265,-0.5386486741206138,1.5593562890984058,0.5492267068321094,44.36538577079773
1780876763.8879192,-0.5369952900929015,1.5573251362032239,0.548849266046057,44.402040004730225
1780876763.9228947,-0.54061301389315,1.549690227253644,0.5514341293059121,44.437015533447266
1780876763.9619787,-0.5397602560164763,1.5463832192830194,0.5516107991902568,44.476099491119385
1780876763.9973297,-0.537969041866642,1.5434069519472975,0.5514319776207077,44.51145052909851
1780876764.0378275,-0.5400238574601706,1.537887864786949,0.5530196813308473,44.5519483089447
1780876764.076313,-0.535499035459192,1.5376079138079919,0.5508389361943766,44.590433835983276
1780876764.1118226,-0.5314209028950954,1.5355364458721388,0.5495556162649335,44.625943422317505
1780876764.147526,-0.5333630189908227,1.5299765044893703,0.5509260933494727,44.66164684295654
1780876764.1823182,-0.5285710423394719,1.5274426044447575,0.5488712325289039,44.696439027786255
1780876764.2195551,-0.525987848663334,1.5252994674459839,0.5480650768804057,44.733675956726074
1780876764.258048,-0.5229313293217452,1.524178247599596,0.5467332801504344,44.7721688747406
1780876764.2969015,-0.5225176615142436,1.5187014193676194,0.5473838188069449,44.81102228164673
1780876764.331333,-0.520734279216221,1.5170835757097816,0.546585594399864,44.84545373916626
1780876764.363426,-0.520408385141264,1.512528459191178,0.5470802278949968,44.87754678726196
1780876764.4016259,-0.5209948740634553,1.5065807272657303,0.5483043058115897,44.91574668884277
1780876764.4362614,-0.5160093820765487,1.5071875192515585,0.545869230822944,44.950382232666016
1780876764.474967,-0.5127093981394355,1.5054673500503575,0.5447148997579061,44.9890878200531
1780876764.5080967,-0.5127599996373073,1.4998568058821946,0.5456032187571082,45.02221751213074
1780876764.5438282,-0.5091722800904346,1.498761990041742,0.5438620143101713,45.05794906616211
1780876764.5786736,-0.5060360512923878,1.4969238917136392,0.5427048861712611,45.09279441833496
1780876764.61427,-0.5065866442517509,1.4907636185492121,0.5438785065235614,45.12839078903198
1780876764.6498961,-0.5031127620452859,1.4899664092526912,0.542320660561996,45.16401696205139
1780876764.685451,-0.5006857479797802,1.4868748457414627,0.5417839227980795,45.19957184791565
1780876764.7300096,-0.49582184671556784,1.483252675760428,0.5397350439306791,45.2441303730011
1780876764.756771,-0.49562047422896005,1.4798946448581343,0.5402041187240122,45.27089190483093
1780876764.7985413,-0.49308991233165067,1.4776346222317145,0.5395811319849166,45.31266212463379
1780876764.8311784,-0.4927907831656189,1.475341002779389,0.5395492028725093,45.345299243927
1780876764.8702946,-0.49260980895060946,1.4710977836266674,0.5401744290631454,45.3844153881073
1780876764.9079697,-0.49035933245345026,1.468499138490341,0.5397300347006561,45.42209053039551
1780876764.9458706,-0.4902202467364245,1.4644597341631813,0.5402130222917211,45.459991455078125
1780876764.9875019,-0.49017433641541774,1.4596953492453515,0.5409998813207064,45.501622676849365
1780876765.0288854,-0.48639819407959906,1.4597079285202108,0.539372258697193,45.54300618171692
1780876765.0741484,-0.4867249183049127,1.4560016371867666,0.5399108947118847,45.58826923370361
1780876765.100299,-0.4865340476464,1.4505551056813717,0.5405280731644804,45.61441969871521
1780876765.137829,-0.48270092195148445,1.4489052743633972,0.5391075889853927,45.651949882507324
1780876765.1729605,-0.48123586243335853,1.4455776332168662,0.5387306286275501,45.6870813369751
1780876765.209109,-0.47902712282155224,1.4433274332871724,0.5379973763956336,45.72322988510132
1780876765.2467082,-0.47561769992091696,1.4413270049210172,0.536718337071603,45.76082897186279
1780876765.2781596,-0.475176749116734,1.4383258630597668,0.5367842382808414,45.792280435562134
1780876765.3166783,-0.47408050050236733,1.4340214895593069,0.5368711655973755,45.8307991027832
1780876765.3515263,-0.47232631060673286,1.430100101218211,0.5367025818856695,45.865647077560425
1780876765.3911784,-0.4707791000103573,1.428033284211268,0.5362847217623675,45.90529918670654
1780876765.4274838,-0.46672756102866786,1.4253854891476623,0.5347271866432631,45.94160461425781
1780876765.4596562,-0.46338061273800984,1.422916264844883,0.5332313934759605,45.973777055740356
1780876765.499429,-0.4603186258113128,1.4225022585678841,0.5317156154657543,46.0135498046875
1780876765.5486276,-0.4613730594850038,1.4150033080459843,0.5334027620123867,46.062748432159424
1780876765.5786076,-0.459257473705195,1.4142737454024605,0.5326096018638133,46.09272837638855
1780876765.6119711,-0.45709708638340285,1.4111105630606273,0.5320559662220118,46.126091957092285
1780876765.6602163,-0.4585599370232955,1.4054692870056593,0.5336334112244095,46.17433714866638
1780876765.683336,-0.4533824274520307,1.4052843387195866,0.531188082575025,46.19745683670044
1780876765.7226899,-0.455885699248731,1.4006125273192613,0.533067219999136,46.2368106842041
1780876765.7617912,-0.4540899686750801,1.3976968884474323,0.5324078517398307,46.275912046432495
1780876765.7922328,-0.4499168420608862,1.3960265517977606,0.5308701370108996,46.30635356903076
1780876765.824359,-0.45034413481185215,1.3908251910666776,0.5318030993043146,46.33847975730896
1780876765.8591695,-0.4488097168279137,1.3874929160323237,0.531575851973253,46.37329030036926
1780876765.8989525,-0.44689474370584437,1.3843840520151565,0.5312403865517742,46.41307330131531
1780876765.933211,-0.44624519755840863,1.3814878407167324,0.5311563621477126,46.44733190536499
1780876765.9668517,-0.44440446862852206,1.3772820689310914,0.5308210652897695,46.48097252845764
1780876766.0071592,-0.43731168649690333,1.3769866777800104,0.527258254380103,46.52128005027771
1780876766.0422626,-0.4375025381316372,1.372248596717442,0.5278970416462861,46.55638337135315
1780876766.0767028,-0.4371845578480438,1.3676487759036449,0.528439670715503,46.59082365036011
1780876766.1143873,-0.4329526814329197,1.3678200658327473,0.5261567031645311,46.6285080909729
1780876766.1571436,-0.435318823691024,1.3610008260046351,0.528536206474269,46.67126441001892
1780876766.1822124,-0.4306865571828824,1.3601004489184851,0.5264627164686415,46.696333169937134
1780876766.2206905,-0.43157100223137745,1.355297702404045,0.5276493577378012,46.734811305999756
1780876766.2521079,-0.42754842326244846,1.3543109275587326,0.5256785133754261,46.766228675842285
1780876766.2915363,-0.4244736783321293,1.3530580548123756,0.5243283269737645,46.805657148361206
1780876766.3279233,-0.42495457901636846,1.3474023877228982,0.5254281284418092,46.84204411506653
1780876766.3626664,-0.4222737538804259,1.3463584085459628,0.5239825484446268,46.876787185668945
1780876766.4054549,-0.4225806357269859,1.3391953964396635,0.5257516046281199,46.919575691223145
1780876766.435686,-0.4211340196086,1.3382152192713868,0.5249152662619613,46.949806928634644
1780876766.4741962,-0.4190117575163067,1.3352029747686882,0.5245555812244821,46.988317012786865
1780876766.5123792,-0.419781081724606,1.331735203895156,0.5250020311730323,47.02649998664856
1780876766.5442784,-0.41879688816763916,1.3243129700297556,0.5261279355068581,47.05839920043945
1780876766.5879943,-0.4130667964332492,1.326398549651942,0.5222572416718183,47.10211515426636
1780876766.6231518,-0.41318281772926657,1.3212112715345214,0.5230752396610788,47.13727259635925
1780876766.6559148,-0.40806687367755096,1.3205495736609512,0.5206125883010615,47.17003560066223
1780876766.6914542,-0.41100156323010567,1.3145347216242458,0.5225103995715538,47.20557498931885
1780876766.726556,-0.40692554565862016,1.3130603871698998,0.5207530292726792,47.24067687988281
1780876766.761797,-0.40561887556350196,1.309302571669786,0.5206263811552859,47.275917768478394
1780876766.8017313,-0.4022245580933226,1.3072473091881611,0.519296184953384,47.31585216522217
1780876766.8428628,-0.40137989041459654,1.3044873737841258,0.5192843513738042,47.35698366165161
1780876766.8763118,-0.4012444301821718,1.3006183416408654,0.5196908655479267,47.390432596206665
1780876766.9123333,-0.399044702613353,1.297537971532885,0.5191601027269891,47.426454067230225
1780876766.9495554,-0.39655658203682215,1.2948425357495608,0.5181943193154849,47.46367621421814
1780876766.984537,-0.39581671825669174,1.2906284178760599,0.5183348527270969,47.49865770339966
1780876767.0241375,-0.3935553204879547,1.2884957488935234,0.5173601983292847,47.53825831413269
1780876767.0582345,-0.3955421641900547,1.2828755143885964,0.5190473845079258,47.57235527038574
1780876767.096282,-0.3909650989180659,1.279965728130021,0.5175301029723074,47.61040282249451
1780876767.132134,-0.39217458354011125,1.2747056278767666,0.518728664316032,47.646254777908325
1780876767.1689563,-0.38524250345573985,1.27705976673656,0.5142152954278919,47.68307709693909
1780876767.2060912,-0.38457848575309295,1.2723165557357579,0.5142463723722018,47.72021198272705
1780876767.2408597,-0.38055356411942304,1.271222366771556,0.5125566458538,47.75498056411743
1780876767.2762444,-0.3818939247508604,1.2656874575281698,0.5142190777516122,47.79036521911621
1780876767.3193707,-0.37849005981988726,1.2639515457723831,0.5127320074678438,47.833491563797
1780876767.3605134,-0.37914111651642707,1.2604210411051746,0.5134215762352161,47.87463426589966
1780876767.3860152,-0.3781446794961967,1.2559003502348205,0.5135944556104344,47.90013599395752
1780876767.4208112,-0.3770836351250987,1.2513152895949333,0.5139809758446127,47.9349319934845
1780876767.4588554,-0.3762579458015167,1.247289509516286,0.5139341500926642,47.972976207733154
1780876767.491258,-0.3727065003925676,1.245412193632006,0.5121252953208385,48.00537872314453
1780876767.5260353,-0.37169877732247,1.2407620475357888,0.5122050575856897,48.04015612602234
1780876767.5652153,-0.36617243122198073,1.241158175520039,0.5090033355226552,48.079336166381836
1780876767.5999372,-0.3653350465358619,1.2363445322916624,0.5094133674057333,48.11405801773071
1780876767.6450922,-0.3640190269445913,1.2342502222917688,0.5088957234474022,48.159213066101074
1780876767.6682613,-0.36408078569087166,1.2300474213805122,0.509357817500499,48.182382106781006
1780876767.7093632,-0.3625166864716124,1.2283708216773288,0.5084176902193034,48.22348403930664
1780876767.7429624,-0.3592131505869455,1.2246481348597156,0.5071774993959064,48.25708317756653
1780876767.780316,-0.35933550889385546,1.2215295850762828,0.5072801726860996,48.29443693161011
1780876767.8143625,-0.35640255486505823,1.21774548418658,0.5063301975102698,48.32848334312439
1780876767.855991,-0.35414062206349983,1.2163609107239786,0.5050115835101199,48.37011170387268
1780876767.8944833,-0.35306619143132556,1.2119119886665715,0.5051992350123622,48.40860414505005
1780876767.9292173,-0.3506510573429311,1.2115907206753962,0.5037148978690298,48.44333815574646
1780876767.9685628,-0.352758967154047,1.2042374487956344,0.5062199232196831,48.48268365859985
1780876767.9972203,-0.34738515868385816,1.2038969530653283,0.5027478098669191,48.5113410949707
1780876768.0367014,-0.3457446065004671,1.200251838296024,0.5021293728467515,48.550822257995605
1780876768.0702019,-0.3451571690740118,1.1965600857537932,0.5020316549705052,48.584322690963745
1780876768.1115675,-0.34117951512574135,1.1949175379832364,0.4999767003461396,48.625688314437866
1780876768.1460512,-0.341437133427542,1.1915366526680429,0.500461374025314,48.66017198562622
1780876768.1823032,-0.34053801342184625,1.188883517256465,0.5001936146993138,48.69642400741577
1780876768.2230866,-0.34048194993831316,1.1832449344456268,0.4987761429187405,48.73720741271973
1780876768.25961,-0.3399464075413316,1.1817231349702686,0.4963239907966895,48.773730754852295
1780876768.2949226,-0.33743869876201615,1.176893605165987,0.49341838396741616,48.809043407440186
1780876768.3285992,-0.33571902046893043,1.1780398822396116,0.49012182485958944,48.84272003173828
1780876768.3682685,-0.33479355502143815,1.1740361267621475,0.48884772815749045,48.882389307022095
1780876768.403589,-0.3333943846913634,1.1706445194362924,0.48768261870891355,48.917709827423096
1780876768.4355493,-0.3309962717431266,1.1698181890853574,0.4857093240653127,48.94967007637024
1780876768.4746437,-0.32942941339977394,1.1672669371965518,0.4840470454925991,48.98876452445984
1780876768.5082877,-0.33171701325304975,1.1601166418741773,0.4868100387033121,49.0224084854126
1780876768.541611,-0.331683916018775,1.1573681591717948,0.4862931656684231,49.055731773376465
1780876768.5780084,-0.325691448742471,1.1574422623134615,0.4813152288698941,49.09212923049927
1780876768.6233373,-0.32288397493832044,1.1543793031001928,0.47969270679378556,49.137458086013794
1780876768.657523,-0.32234238548055655,1.1535335019971074,0.4784261700872445,49.17164373397827
1780876768.6905396,-0.32262493171295054,1.147842258854209,0.478698792251489,49.204660415649414
1780876768.726591,-0.32177238371916483,1.1458991329999328,0.4782269582012008,49.24071192741394
1780876768.7604144,-0.3207680381059105,1.142735087229336,0.47742590544945146,49.274535179138184
1780876768.7956662,-0.32208365160989294,1.1406677653545656,0.47816208561750617,49.3097870349884
1780876768.834651,-0.3184277233349193,1.1369149787116029,0.47568173335802877,49.348771810531616
1780876768.8710265,-0.31383596755163023,1.1363305639741725,0.4719765628962214,49.38514733314514
1780876768.9061344,-0.3128936784156919,1.1342972556094235,0.47138529145027336,49.420255184173584
1780876768.9417927,-0.31529925465962166,1.1297462918707928,0.47298714592375224,49.45591354370117
1780876768.9773662,-0.31220640012838274,1.127634323562635,0.47112489292801024,49.4914870262146
1780876769.013228,-0.31074051761078475,1.1234902764859727,0.47075373280108423,49.52734875679016
1780876769.0582938,-0.3105712036348167,1.1209070596909856,0.4699367373298478,49.57241463661194
1780876769.0866559,-0.305485154841734,1.1225872978541171,0.4661129889046081,49.60077667236328
1780876769.1242878,-0.3072217244440736,1.1180011770220368,0.4675907152125825,49.63840866088867
1780876769.1670225,-0.30544029844314413,1.1141728221911271,0.4668376538999221,49.681143283843994
1780876769.2037354,-0.3069127725519569,1.111950193254052,0.4677934982844958,49.71785616874695
1780876769.242883,-0.3041442044125465,1.1089648069047735,0.4659219198627904,49.75700378417969
1780876769.2785654,-0.30125921335163275,1.106462515984942,0.4639968904464018,49.792686223983765
1780876769.313879,-0.29799081122996135,1.1064379970051408,0.46136691707423216,49.82799983024597
1780876769.3485868,-0.3000651313513838,1.103063879904722,0.4627875478409915,49.86270761489868
1780876769.3931694,-0.29894147608051597,1.1004424704317246,0.4622583803265052,49.90729022026062
1780876769.4209955,-0.29524070515784195,1.1001286312676863,0.4592782922805296,49.93511629104614
1780876769.4564645,-0.2954875844862667,1.0950583516935066,0.46034994005701685,49.970585346221924
1780876769.489749,-0.2928949866289503,1.0940221708931748,0.45861692176998925,50.0038697719574
1780876769.530394,-0.29420296975261406,1.091339226128093,0.4594806292041413,50.044514894485474
1780876769.5631826,-0.29255239040736736,1.089130936201784,0.4581354009948489,50.077303409576416
1780876769.6066933,-0.29333809012859136,1.0869308597590681,0.45925742985817847,50.120814085006714
1780876769.6386914,-0.2898524731318912,1.0855304022583683,0.4566659169922359,50.152812242507935
1780876769.6737857,-0.2884501939109201,1.083415730992726,0.4559470126859644,50.18790650367737
1780876769.7071068,-0.2893615646410269,1.0784285712123038,0.45718870445633447,50.22122764587402
1780876769.747385,-0.28515610675799496,1.078803042852658,0.45359816268356934,50.26150584220886
1780876769.784948,-0.28602547356446084,1.0753723530375192,0.4549416406353928,50.29906892776489
1780876769.8224072,-0.2846584998890892,1.0742551934444298,0.45381627587274803,50.336528062820435
1780876769.8550491,-0.28419478975772217,1.0719059308430925,0.4536260409316464,50.36916995048523
1780876769.8895786,-0.2844940226524165,1.0682756281873025,0.4543697256368909,50.40369939804077
1780876769.9253716,-0.28083053933614843,1.0662613114997972,0.45206879240484976,50.43949246406555
1780876769.9630206,-0.28112899541513514,1.0650044367200144,0.4520716289476751,50.47714138031006
1780876769.9998713,-0.27903248819372733,1.0636064795960043,0.45079924656475856,50.51399207115173
1780876770.039841,-0.2799118314249698,1.061108086792971,0.4517335322209103,50.553961753845215
1780876770.0722382,-0.2808405723916039,1.0576056145084913,0.4531821968487506,50.58635902404785
1780876770.1051943,-0.2799144907627866,1.0559815844238298,0.452506217888423,50.6193151473999
1780876770.1398299,-0.27937555400352665,1.0524903279732345,0.4524681508552553,50.653950691223145
1780876770.1785998,-0.27552862286835145,1.0519618126844517,0.44975304201474764,50.69272065162659
1780876770.215646,-0.2744669029276632,1.0495900110951015,0.44936542750199465,50.729766845703125
1780876770.250408,-0.2755240854637413,1.047322501745318,0.45058019274389166,50.76452875137329
1780876770.2865336,-0.2729459346105549,1.045721719015756,0.4486718730076287,50.80065441131592
1780876770.3293993,-0.26868157021193606,1.0462142029864698,0.4456749292355639,50.843520164489746
1780876770.3673952,-0.2703498927721961,1.0415950005141554,0.4476902753449974,50.881515979766846
1780876770.4027703,-0.26879514078160016,1.0407385364153587,0.44664556115438764,50.91689109802246
1780876770.4280565,-0.26902839955056596,1.0378079154412407,0.44693306109761055,50.942177295684814
1780876770.4725034,-0.26757077157217596,1.03536179299003,0.44641687062947244,50.986624240875244
1780876770.4979372,-0.2668177160112334,1.0332779893382855,0.44598174444244043,51.01205801963806
1780876770.5351064,-0.2651821991656932,1.0306566126193808,0.445623785818111,51.049227237701416
1780876770.5724835,-0.26460665967698427,1.0302979507347412,0.4449059762993579,51.08660435676575
1780876770.6079123,-0.2643823033710206,1.0279817425030584,0.44519597553789747,51.12203311920166
1780876770.6428912,-0.26300742908625724,1.0263466310323073,0.44462171232324565,51.15701198577881
1780876770.6767464,-0.26076206395063195,1.0239514258469797,0.4436895536466733,51.19086718559265
1780876770.7119648,-0.2602815699879528,1.0213769711861116,0.44388870659237006,51.2260856628418
1780876770.746745,-0.2603160311943616,1.020684316450616,0.4437379152942803,51.260865926742554
1780876770.7847886,-0.26028181573643605,1.017771239281235,0.44444643492921954,51.298909425735474
1780876770.8210366,-0.25793536684898266,1.0159364514649731,0.4432602004328039,51.33515739440918
1780876770.8552864,-0.2581022000612727,1.0131992590146113,0.44402195964309155,51.369407176971436
1780876770.8926907,-0.25801982262905876,1.0119958355874927,0.4439486186788633,51.406811475753784
1780876770.9346762,-0.2564520746507194,1.0102038288885726,0.44321447584149043,51.44879698753357
1780876770.9677742,-0.25435488777071785,1.0089932777063824,0.4417190129181987,51.481894969940186
1780876771.006754,-0.253500268741936,1.004991855471494,0.44194958519049427,51.52087473869324
1780876771.0563688,-0.25284383864909415,1.0038381961386327,0.44173464439050086,51.57048964500427
1780876771.081246,-0.2515910005826737,1.00331609010747,0.44076356021810154,51.59536671638489
1780876771.1167889,-0.2507209487030774,1.0007306121906716,0.4407376555372264,51.63090968132019
1780876771.1550987,-0.25017473965677595,0.9993575721411602,0.44067497858813265,51.66921949386597
1780876771.1970081,-0.24978676801047545,0.9971235343144681,0.4406814398941038,51.71112895011902
1780876771.236088,-0.2490003472324825,0.9957589703874878,0.440545979475489,51.75020885467529
1780876771.2635765,-0.2475746357978137,0.9939191312055705,0.4399925729636591,51.77769732475281
1780876771.3003526,-0.2461094232920597,0.9924284640888849,0.4392741652795931,51.814473390579224
1780876771.3386526,-0.24555416473797748,0.990980460463609,0.43915663643860353,51.85277342796326
1780876771.3740368,-0.24561642009286055,0.9885785216460564,0.4396514716947191,51.88815760612488
1780876771.4119523,-0.24475059807335314,0.9873306169181754,0.4394295168329177,51.92607307434082
1780876771.448314,-0.24299124258396504,0.9846823627059841,0.43873799956118215,51.96243476867676
1780876771.48871,-0.24257649008365834,0.9818101289047348,0.43935076579414994,52.00283074378967
1780876771.5239851,-0.24134878396666282,0.9809062251821953,0.438556397773022,52.038105964660645
1780876771.5630772,-0.24115944144906926,0.9799316280447031,0.43870124869427995,52.07719802856445
1780876771.5967898,-0.2404878340961471,0.9775600978737565,0.43888770203442673,52.11091065406799
1780876771.6345055,-0.24084802713959536,0.9760542321851886,0.439283154378717,52.14862632751465
1780876771.6739419,-0.23918468322939052,0.9732972902183257,0.43906894880849273,52.18806266784668
1780876771.708417,-0.23906500719430768,0.9725959789375463,0.43882189595535825,52.22253775596619
1780876771.7413461,-0.23804928985464932,0.970446304089618,0.4387262324264697,52.2554669380188
1780876771.774746,-0.23659986809243055,0.9700464332017597,0.43762691687483196,52.28886675834656
1780876771.8120587,-0.23618471283081835,0.9677081839509569,0.4380549999537706,52.32617950439453
1780876771.8478456,-0.23543552026747847,0.9666537047624381,0.437559179915618,52.361966371536255
1780876771.8853574,-0.23454421990650642,0.9651424366989294,0.4371887974527171,52.39947819709778
1780876771.9202213,-0.23375478280888196,0.9635823381340823,0.4370318783193953,52.4343421459198
1780876771.9618065,-0.23303541069799955,0.961661901460463,0.43712883344379955,52.47592735290527
1780876771.9940593,-0.23267566366896775,0.9603787347881816,0.43714846343596864,52.508180141448975
1780876772.031186,-0.23267588363355218,0.9585883303430858,0.43757172391531757,52.54530692100525
1780876772.0684848,-0.23196291254111925,0.9570614642350413,0.43728815467552956,52.582605600357056
1780876772.1158555,-0.2313959968598851,0.9557019356936965,0.43733459779198114,52.62997627258301
1780876772.1381707,-0.23092163667724494,0.9533246075742869,0.4375231431762478,52.65229153633118
1780876772.1778839,-0.2300751309343113,0.9515678919958735,0.4374135815921591,52.692004680633545
1780876772.209835,-0.22939630268862596,0.9506504981555957,0.43725757919847885,52.72395586967468
1780876772.2564163,-0.2279752952055472,0.9482970499744596,0.43684810586555417,52.77053713798523
1780876772.2832484,-0.22765372610141615,0.9468231501808202,0.43698269748606394,52.79736924171448
1780876772.3173163,-0.2265176758594769,0.9458707286415763,0.4364633116430879,52.83143711090088
1780876772.3523269,-0.22568118774122503,0.9440376800889103,0.43664241779484014,52.86644768714905
1780876772.391648,-0.2258332998412182,0.9423467161029947,0.4371123997939919,52.90576887130737
1780876772.424476,-0.22580925991328127,0.9413824536644028,0.4373210166529308,52.93859672546387
1780876772.4605923,-0.22448529875286205,0.9399310584645785,0.43682446582666923,52.97471308708191
1780876772.4981656,-0.22348828282725816,0.9389612110017806,0.43626986909759746,53.01228642463684
1780876772.5382347,-0.22314137626696176,0.9376707255745387,0.4364753030309394,53.05235552787781
1780876772.5729496,-0.222319506637349,0.9361652011267025,0.43640406190544484,53.08707046508789
1780876772.609124,-0.22103127167384323,0.9344606885090169,0.43589998019542214,53.123244762420654
1780876772.6482828,-0.22054046808585734,0.9333791182593867,0.4357081136055708,53.16240358352661
1780876772.6822848,-0.2196002271392813,0.9322233734124297,0.43547547684812293,53.19640564918518
1780876772.7215893,-0.21927288769061676,0.9309977302227785,0.435514286002106,53.23571014404297
1780876772.756351,-0.21926031258108405,0.9298540237598941,0.4356864455872398,53.270471811294556
1780876772.794874,-0.21842837652845815,0.9291551036066318,0.4351739411532288,53.30899477005005
1780876772.8323011,-0.21757995009906295,0.927251559333598,0.4353924390760491,53.34642195701599
1780876772.8686159,-0.2167334302733137,0.9253075450798264,0.43541691321613224,53.382736682891846
1780876772.901843,-0.21625698714505076,0.9240287442001412,0.43524584453484727,53.415963888168335
1780876772.9371412,-0.2158733021614771,0.923203139673263,0.4352874562671481,53.4512619972229
1780876772.9766085,-0.214795245336327,0.9217615330936053,0.43483348339572025,53.490729331970215
1780876773.0127916,-0.2140267179962807,0.9211248675168865,0.4341915042620662,53.526912450790405
1780876773.048726,-0.21355034109265547,0.9198358883087919,0.43421064966517536,53.56284689903259
1780876773.0821419,-0.21353778042751725,0.9170267487124293,0.4351555527844257,53.59626269340515
1780876773.1172059,-0.2125889917299707,0.9163430435330312,0.4346796910719892,53.63132667541504
1780876773.1512697,-0.21259281180887252,0.9156400338727677,0.4348019832026408,53.665390491485596
1780876773.1895034,-0.21228414840159154,0.9137624020351356,0.4352557436188511,53.70362424850464
1780876773.2270977,-0.21196979652616313,0.9131955696197893,0.43494844816144146,53.74121856689453
1780876773.2663229,-0.21099076510608095,0.912209403651326,0.4345955859785011,53.78044366836548
1780876773.3031187,-0.20995386530892238,0.9107071476141382,0.4345500057534043,53.81723952293396
1780876773.3379989,-0.20998291929816892,0.9102053642851432,0.4345923307377424,53.85211968421936
1780876773.3800356,-0.20850222500122662,0.9088785272723886,0.4338607280805328,53.89415645599365
1780876773.4132004,-0.20758360202779338,0.9087974740725233,0.4332335272953888,53.92732119560242
1780876773.4479308,-0.2075983990698012,0.9073380885625214,0.43366426032846206,53.96205163002014
1780876773.4872785,-0.2071249576734019,0.906150040769296,0.4337240916642588,54.00139927864075
1780876773.5221357,-0.20645471965222426,0.9052457280293348,0.433555343942666,54.036256551742554
1780876773.5595279,-0.20616056374101263,0.9038831828480207,0.4337462311580778,54.07364869117737
1780876773.6059892,-0.20526021700934546,0.9029041440840434,0.4334607577943658,54.12011003494263
1780876773.6332924,-0.20428002778019255,0.9021588459521499,0.43293132325275463,54.14741325378418
1780876773.6755328,-0.20406763297115288,0.9004535338918407,0.4333218485085685,54.189653635025024
1780876773.7081897,-0.2032602715037973,0.899450385866503,0.43310135093786395,54.2223105430603
1780876773.738904,-0.20191712430162478,0.8983396640403485,0.432306474088336,54.25302481651306
1780876773.7760718,-0.20142956389140212,0.8969579000668626,0.43244209262682026,54.29019260406494
1780876773.8156655,-0.20132875600353167,0.8956824238646307,0.432828382789934,54.32978630065918
1780876773.8476176,-0.20147730269221875,0.8944259371533723,0.43321318955309623,54.361738443374634
1780876773.883069,-0.2012956898373365,0.8925804239628741,0.4335837906995616,54.39718985557556
1780876773.9165878,-0.20079926919589547,0.8900695115769519,0.43433229341648516,54.43070864677429
1780876773.9543023,-0.20066606529383274,0.8900946357621033,0.43396625459739274,54.46842312812805
1780876773.9881697,-0.19998836241169293,0.8884965365054753,0.43417085526629673,54.50229048728943
1780876774.029343,-0.1992912726551243,0.8870628919119348,0.4342363873249224,54.543463706970215
1780876774.063569,-0.19877958405446772,0.8860047905289415,0.43425798633280693,54.57768988609314
1780876774.1004283,-0.1973805256675232,0.8861332166453163,0.4329581454967654,54.61454916000366
1780876774.1379004,-0.19717196632921025,0.8856459955080589,0.4330160267060958,54.652021169662476
1780876774.1707075,-0.19617620115086115,0.8848506920916769,0.4325690631809534,54.68482828140259
1780876774.2103424,-0.195804021734315,0.8844285902677221,0.4323768168938309,54.72446322441101
1780876774.2576125,-0.1949601267689018,0.883501083806059,0.43209663354123223,54.77173328399658
1780876774.2821858,-0.19468539159636072,0.8827786363459468,0.4320275010727463,54.79630661010742
1780876774.315855,-0.19434083964966437,0.8819077100607646,0.4320250835226677,54.829975843429565
1780876774.3515325,-0.19383892799136654,0.8810563358079369,0.43190067549922245,54.86565327644348
1780876774.3912215,-0.1934713027285293,0.8795067466207582,0.4321209873350399,54.90534234046936
1780876774.4320984,-0.19304695488990564,0.8782674898276344,0.4322358995318881,54.94621920585632
1780876774.466653,-0.1916983129160828,0.8771276625166397,0.43145200058528754,54.98077392578125
1780876774.4980931,-0.19156357054457307,0.8762407453438504,0.4316720794940964,55.012213945388794
1780876774.5369945,-0.19105449412342213,0.8753749909995948,0.4316274401779466,55.05111527442932
1780876774.58397,-0.1908737029867606,0.8742235854521779,0.431903534676817,55.0980908870697
1780876774.6177807,-0.1903772343311903,0.8733164878015378,0.43190775959733807,55.13190150260925
1780876774.653824,-0.19029019164058764,0.8723137443374092,0.43217737780459464,55.16794490814209
1780876774.688809,-0.18954260761128833,0.8715560634060292,0.43197573822361063,55.202929735183716
1780876774.7342565,-0.18896110922567272,0.8704744252417542,0.4319496495027535,55.248377323150635
1780876774.7591858,-0.18844217670277297,0.8698065060845359,0.43179894006407166,55.27330660820007
1780876774.7981904,-0.18754023373097178,0.8690401990913892,0.4313871216597662,55.31231117248535
1780876774.835608,-0.1879157513530349,0.8671586232500836,0.4322683386098224,55.34972882270813
1780876774.8716807,-0.1862137228540806,0.8667638257632554,0.43091895626332505,55.385801553726196
1780876774.906973,-0.18618852264299443,0.8649965173517429,0.4315829059443574,55.421093702316284
1780876774.9438488,-0.18569289733916766,0.8641421109126365,0.43159781940866637,55.457969665527344
1780876774.9769588,-0.18531620904693807,0.8634933018999856,0.4315449100012486,55.491079568862915
1780876775.0189548,-0.18483682446856806,0.8614645300835023,0.43212440483907966,55.53307557106018
1780876775.0609777,-0.1847670412309614,0.8608706359607134,0.43209706731795017,55.575098514556885
1780876775.093828,-0.18459921433441087,0.8594955900237199,0.43252452874791597,55.607948780059814
1780876775.131997,-0.1842644080697429,0.8584388401766362,0.4325923942153034,55.64611792564392
1780876775.1661415,-0.18393741514890566,0.8575314985037981,0.43264228164649843,55.680262327194214
1780876775.2061603,-0.1830556799749864,0.8562950018888683,0.4325238533559251,55.72028112411499
1780876775.242631,-0.18225312043860958,0.8555624400845695,0.4321046746296521,55.75675177574158
1780876775.2806895,-0.18254212649863538,0.8551447179202517,0.4324076111997322,55.79481029510498
1780876775.3164358,-0.18229935702302769,0.8543840920056116,0.4324724905321502,55.83055663108826
1780876775.3555453,-0.18159044920080178,0.8532898346456818,0.4325383640902809,55.86966609954834
1780876775.3916728,-0.18073340618736183,0.8530407378118283,0.4319312544906138,55.9057936668396
1780876775.4265993,-0.18110182900901986,0.8510563160517538,0.4330158916554088,55.940720081329346
1780876775.4654899,-0.18073352718266544,0.8500219242118754,0.4331617065345964,55.97961068153381
1780876775.5020947,-0.1802250622127557,0.8501090432800598,0.43253000698957594,56.016215562820435
1780876775.539088,-0.17949504822228285,0.848334304130911,0.43278652189952105,56.05320882797241
1780876775.5744975,-0.17882241067417282,0.8480618460213043,0.432234626774805,56.08861827850342
1780876775.6101177,-0.1774825108639665,0.8472191989421307,0.43142406014519663,56.12423849105835
1780876775.6446307,-0.17763536643111022,0.8467062567071316,0.4316958958525936,56.158751487731934
1780876775.681195,-0.1775758895436389,0.8446074428782577,0.43257442335158675,56.19531583786011
1780876775.7194884,-0.17790069425069627,0.8433481489317336,0.433245990050494,56.233609199523926
1780876775.756608,-0.17733345122053268,0.8435205875932849,0.4327330186987125,56.27072882652283
1780876775.793468,-0.17735858916727315,0.8425983650936685,0.4330218970960829,56.30758881568909
1780876775.8311918,-0.17666737817110933,0.8419259742392529,0.4328191032681638,56.34531259536743
1780876775.8657484,-0.17549977094993024,0.8422413684006258,0.4318554470921556,56.37986922264099
1780876775.8980763,-0.17597815916553716,0.8410309541902867,0.43263179290417747,56.41219711303711
1780876775.9436119,-0.17490887086926793,0.8407712390655273,0.43191035644231074,56.45773267745972
1780876775.9735656,-0.1750991058255097,0.8395072279916862,0.43240502176620194,56.48768639564514
1780876776.0076644,-0.17350682793645666,0.8388726230541658,0.431426206922405,56.521785259246826
1780876776.0414703,-0.17349835351279233,0.8380724878625446,0.43174599383326023,56.555591106414795
1780876776.0752232,-0.17287797928561327,0.8372445547509928,0.43165411437640083,56.5893440246582
1780876776.1107078,-0.17290147379197798,0.836506977498465,0.43191482744133775,56.624828577041626
1780876776.1463654,-0.17257270000271133,0.8355860926839057,0.4319566830105915,56.66048622131348
1780876776.180619,-0.17249920270685232,0.8346282844963557,0.43221031890837747,56.694739818573
1780876776.2145994,-0.1722199900946183,0.8337034972598864,0.43235597408673226,56.72872018814087
1780876776.2527509,-0.17197725430924982,0.8324632454688161,0.43271130537640684,56.76687169075012
1780876776.2852008,-0.1713138827151388,0.8316608935637168,0.43256720067092375,56.79932165145874
1780876776.320621,-0.171046254286842,0.8307022816665066,0.4327113334956568,56.834741830825806
1780876776.36122,-0.17048371374184043,0.8293959064725713,0.4327705524873666,56.875340700149536
1780876776.4019992,-0.16971194966477415,0.8286107452018846,0.4325281882606166,56.91612005233765
1780876776.4351776,-0.1698947057353691,0.8281908611682772,0.4328867557149351,56.94929838180542
1780876776.470933,-0.16920790044493422,0.8276635324482614,0.4325947311645617,56.9850537776947
1780876776.5046675,-0.16891298992945591,0.827121159933835,0.43255997271527813,57.01878833770752
1780876776.5375302,-0.16791976167471792,0.8260667977826064,0.4323450952212387,57.05165100097656
1780876776.5876672,-0.16804260748799388,0.8251436781902073,0.4326792829895828,57.10178804397583
1780876776.6148882,-0.16763403339693964,0.8239551182656297,0.43285665797012013,57.12900900840759
1780876776.6490896,-0.16751525549861337,0.8226722136606469,0.43329997609144416,57.16321039199829
1780876776.6885178,-0.16673487246683366,0.8214183804402949,0.4332129687149868,57.20263862609863
1780876776.7252297,-0.16653021721547173,0.8206374228324345,0.43334959931467365,57.23935055732727
1780876776.7600117,-0.16573036441766528,0.8200562060951091,0.43294245594427777,57.27413249015808
1780876776.7982042,-0.16563620448648514,0.8198785896250984,0.43284595843498297,57.31232500076294
1780876776.835956,-0.16528653794679282,0.8184529794772809,0.4332719144710916,57.35007691383362
1780876776.870554,-0.165424937668569,0.8182569985889233,0.433237587629883,57.38467478752136
1780876776.9033957,-0.16524419909063126,0.8171512441713367,0.43354568590810655,57.417516469955444
1780876776.9395258,-0.164943226071887,0.8162306574721282,0.4336570343430114,57.453646659851074
1780876776.975072,-0.1648240042070986,0.8160454854013338,0.43366057328068613,57.489192724227905
1780876777.012952,-0.164097683513096,0.8155955113798987,0.43332774008696334,57.52707290649414
1780876777.0475464,-0.16358210419387298,0.8147313785320071,0.43330691897703016,57.5616672039032
1780876777.0944154,-0.16282488085679653,0.8150988831076305,0.432541694011527,57.60853624343872
1780876777.1272328,-0.1628966311059508,0.8142665442426891,0.4328787243115066,57.641353607177734
1780876777.1628015,-0.16235980990346374,0.8137180785472915,0.43263154406810883,57.67692232131958
1780876777.1979887,-0.16197948189032169,0.813016135844806,0.4325324994265894,57.71210956573486
1780876777.238101,-0.16192216786558397,0.8123363618933471,0.4328364308904373,57.75222182273865
1780876777.2750583,-0.16157195206584213,0.8118110763709456,0.4327157589854829,57.78917908668518
1780876777.3081045,-0.1619113915629088,0.8107951069206513,0.4333465191090798,57.82222533226013
1780876777.3437843,-0.16176771424775338,0.8100009968659809,0.43358653905969063,57.85790514945984
1780876777.3812919,-0.16168969525531518,0.8091452961682175,0.4338901296967222,57.89541268348694
1780876777.4201407,-0.16117220319051387,0.8084239516262932,0.4337858961380245,57.93426156044006
1780876777.4560773,-0.16086605025063605,0.8077441553713677,0.4338578816609478,57.97019815444946
1780876777.4915137,-0.1603331335036304,0.8071080379486195,0.43364770102145456,58.00563454627991
1780876777.527562,-0.1597036532795027,0.8068012970024817,0.4332610081919021,58.041682720184326
1780876777.5638,-0.15987934729500686,0.8061855361307355,0.4336349415803638,58.07792091369629
1780876777.595328,-0.15928613854114032,0.8053926702318658,0.433413710446582,58.10944890975952
1780876777.6366546,-0.15933556190716502,0.8045700387945313,0.43383088604122344,58.15077543258667
1780876777.6686952,-0.15881389284013286,0.8040294953931888,0.4336958571038008,58.18281602859497
1780876777.7080197,-0.15865909727315503,0.8033751002664722,0.43384863375126376,58.2221405506134
1780876777.7380679,-0.15825266528610954,0.8028437539922355,0.4337434266370536,58.25218868255615
1780876777.776715,-0.15803071456721723,0.8021515152235862,0.43390393482061534,58.29083585739136
1780876777.8119826,-0.15755702679033973,0.801605176690107,0.4337733103375522,58.3261034488678
1780876777.8478353,-0.15734048987448573,0.8007938968799685,0.43389835966840345,58.36195611953735
1780876777.885129,-0.15747252101409442,0.8005130929830481,0.43412345645689426,58.399249792099
1780876777.9359708,-0.1569460134836838,0.8000633823480867,0.4338438272133342,58.45009160041809
1780876777.9599752,-0.15641298082717933,0.7994734295053927,0.4336366083417725,58.474096059799194
1780876778.0002959,-0.15632003991046123,0.7989627299364391,0.4337961961220574,58.51441669464111
1780876778.0358605,-0.1556982095021083,0.798338119749796,0.4334905114979072,58.549981355667114
1780876778.0669696,-0.15550922565800013,0.7977219773210684,0.4335178591784179,58.581090450286865
1780876778.1051915,-0.15532754764428555,0.7968718546161802,0.43374337840340327,58.61931228637695
1780876778.1408832,-0.15542231400303608,0.7964769145418836,0.4339235405612387,58.655004024505615
1780876778.174841,-0.15493912023901238,0.795822973654633,0.43383481247549877,58.68896174430847
1780876778.2106974,-0.15466071360584888,0.7953849241735742,0.4338093556052146,58.72481822967529
1780876778.2599742,-0.15435952948183337,0.7951550943216285,0.43362705502892024,58.77409505844116
1780876778.2848954,-0.15386924637776428,0.794549819823818,0.4335208085737292,58.79901623725891
1780876778.316659,-0.1535735987154534,0.7939983839377476,0.4334493254808056,58.830779790878296
1780876778.357241,-0.15324300025609267,0.7934345396939011,0.43336183671112677,58.87136173248291
1780876778.3897378,-0.1529817231379214,0.7926481096719139,0.43345344839518846,58.90385866165161
1780876778.427919,-0.15273707632571637,0.7919805411392423,0.4335052782617634,58.94203972816467
1780876778.4672904,-0.15275776487390064,0.7911248452993366,0.43384909126922705,58.98141121864319
1780876778.502402,-0.15261247145745271,0.7907850161893164,0.4338976002477692,59.0165228843689
1780876778.5364826,-0.15205497161925702,0.789979511176374,0.43365145294357177,59.05060338973999
1780876778.5747597,-0.15179340867367472,0.789770400011343,0.43361941866386566,59.08888053894043
1780876778.6080523,-0.15190737714312014,0.7884133215053355,0.4343307722675856,59.12217307090759
1780876778.6467595,-0.1512993680827483,0.7881191805539968,0.4339504113869308,59.16088032722473
1780876778.6890604,-0.15115732964823103,0.7872789986008538,0.434258495174368,59.20318126678467
1780876778.726554,-0.15090148262615083,0.7873144890401231,0.4340161302443166,59.2406747341156
1780876778.7495909,-0.15078340822422365,0.786066593608982,0.4344101118760324,59.26371169090271
1780876778.786533,-0.15035686499049622,0.7857292413272017,0.4341735266803256,59.30065393447876
1780876778.8253646,-0.15038661827121852,0.7848205419060011,0.4346287723413897,59.33948540687561
1780876778.8594787,-0.14989753393402155,0.7844574099093439,0.4344303071594489,59.37359952926636
1780876778.894349,-0.14978733296257848,0.7837886763581924,0.4346145109488939,59.408469915390015
1780876778.927257,-0.14934592579798356,0.7834779763305931,0.43448086218893,59.44137787818909
1780876778.9739752,-0.1492458497543815,0.7830319829169352,0.4346359583245704,59.48809599876404
1780876778.9968915,-0.14904018281150572,0.7825184396501784,0.43464681957431445,59.51101231575012
1780876779.0352466,-0.1483980776201898,0.7820773277160348,0.434210335795356,59.54936742782593
1780876779.0769923,-0.14801306039533832,0.781707687783628,0.4340377977127826,59.59111309051514
1780876779.1121764,-0.14800003963182715,0.7815197208745103,0.4340731826674788,59.62629723548889
1780876779.1492867,-0.147568933991912,0.7808829882285718,0.43405494858613713,59.66340756416321
1780876779.196113,-0.1478449654041598,0.7805118338719812,0.4342874467120002,59.71023392677307
1780876779.21724,-0.14732542914846491,0.7798848352111003,0.4340921624592313,59.731360912323
1780876779.2540195,-0.14749323136685996,0.7795504711592568,0.43431355682075645,59.76814031600952
1780876779.3021178,-0.1472749017159189,0.7788833758069021,0.4344614239132645,59.81623864173889
1780876779.3347445,-0.14713691003547025,0.7785088618429774,0.4345164196629113,59.848865270614624
1780876779.3629627,-0.14685084135084903,0.7779853416203496,0.43451417145511606,59.87708353996277
1780876779.3963616,-0.1466042802133049,0.7776182758555368,0.43448349272095305,59.91048240661621
1780876779.4341767,-0.14633398636993378,0.7771624276110058,0.43444287528494885,59.94829750061035
1780876779.4696717,-0.1460147319607189,0.7769304517563792,0.43429055771311487,59.983792543411255
1780876779.520503,-0.14538180907660964,0.7763315650166088,0.4339935737026782,60.034623861312866
1780876779.542913,-0.14515854445173854,0.7760038346639325,0.4339972292473363,60.05703377723694
1780876779.5830262,-0.14430479533618312,0.7755157963128784,0.43332245067951775,60.09714698791504
1780876779.6159136,-0.14453574002771025,0.7748110130596007,0.43383487578982577,60.13003444671631
1780876779.6520522,-0.1442477026326503,0.7744176080651546,0.4338293549818772,60.16617298126221
1780876779.690752,-0.14454816997914705,0.7737586308909643,0.43431518407497954,60.204872846603394
1780876779.728243,-0.1442244784139839,0.7735693657109424,0.4341512377050885,60.242363929748535
1780876779.7652435,-0.14401128263820606,0.7732159111150397,0.4341837416242213,60.279364347457886
1780876779.8034167,-0.1433297739694014,0.7730278570637141,0.43377445429403494,60.31753754615784
1780876779.8362088,-0.1433850213256534,0.7725915778807494,0.4339770790722781,60.350329637527466
1780876779.8729987,-0.14316614557181223,0.7717882307028121,0.43415898555378096,60.38711953163147
1780876779.911763,-0.14295873486848018,0.7715707711749121,0.43409867726896684,60.425883769989014
1780876779.9620218,-0.14284546064129355,0.7704743082163598,0.4344815518837073,60.4761426448822
1780876779.982034,-0.14255507675692042,0.7698162237783884,0.4345273499367135,60.49615478515625
1780876780.0194144,-0.14223762835103562,0.7695889356493117,0.4343422657241821,60.53353524208069
1780876780.0569923,-0.1420816725125999,0.768761046000603,0.43460596509273486,60.57111310958862
1780876780.1011047,-0.14186410714290748,0.7682148649674795,0.4345845718367256,60.61522555351257
1780876780.1275449,-0.1417651589930945,0.7677132245591153,0.434678625236294,60.64166569709778
1780876780.1635475,-0.14132341312343183,0.7672616113696695,0.4344095231405621,60.67766833305359
1780876780.1995687,-0.14109776721247388,0.7666529836300539,0.4344536753609152,60.71368956565857
1780876780.2345688,-0.1410319276959608,0.7665226969407702,0.43445949009409474,60.74868965148926
1780876780.2691467,-0.1410328979036106,0.765809539942665,0.43476951975737543,60.78326749801636
1780876780.303766,-0.14066798073994596,0.7657733780013538,0.43446183147634715,60.81788682937622
1780876780.3420262,-0.14049542333586995,0.7654725854176897,0.4344409489105651,60.856147050857544
1780876780.380089,-0.14016571535565103,0.7649192390765144,0.43442912075911905,60.89420986175537
1780876780.4184425,-0.14000518840484155,0.7645603667369877,0.4345045137927436,60.93256330490112
1780876780.4577153,-0.1399625803634672,0.7638382931947763,0.4347714455790269,60.97183609008789
1780876780.4995813,-0.13981056686733778,0.7632561321224914,0.43492926795660236,61.013702154159546
1780876780.5324569,-0.13968926546486646,0.7624698064306961,0.43519451722914765,61.04657769203186
1780876780.5736341,-0.13951348619348594,0.7625192774589978,0.4350002283692139,61.08775496482849
1780876780.6075497,-0.13927100071240045,0.7618064259738141,0.43514098141198826,61.12167048454285
1780876780.6438816,-0.139160856734583,0.7609762612484342,0.4354125503542555,61.1580023765564
1780876780.679589,-0.1387268638276638,0.7611400128493434,0.43501046093529877,61.19370985031128
1780876780.715509,-0.13846312562263408,0.7607183764854047,0.4349260857659278,61.22962975502014
1780876780.7560666,-0.1381517652925998,0.760140430965456,0.43491296241322897,61.27018737792969
1780876780.795646,-0.13759303720016858,0.759942509403657,0.43445507050297993,61.30976676940918
1780876780.8349974,-0.13760136771047438,0.7594341186539588,0.4346603734703577,61.34911823272705
1780876780.8621364,-0.13760226261120612,0.7590517078476815,0.4348659949616526,61.3762571811676
1780876780.9018536,-0.13739544130761144,0.7586374651254905,0.43487562651270695,61.415974378585815
1780876780.9379241,-0.13719066034458258,0.7585563449350583,0.43474541733414973,61.45204496383667
1780876780.9718442,-0.13695392213514107,0.758388595351259,0.43461412223179147,61.48596501350403
1780876781.0048711,-0.13683180312534285,0.7577453433797391,0.43473158551695157,61.51899194717407
1780876781.042542,-0.13681326631483426,0.7575705644634105,0.4348051835760105,61.556662797927856
1780876781.0770564,-0.1370208022915512,0.7568854723686297,0.43522733484551096,61.591177225112915
1780876781.110653,-0.13638076767831314,0.7568357898420571,0.43468583586935355,61.62477374076843
1780876781.1578546,-0.13642297235920153,0.7561808194870427,0.43504264009494753,61.6719753742218
1780876781.180802,-0.13612995980770629,0.7559680837534174,0.43483693785831834,61.69492292404175
1780876781.2172627,-0.13605627168362067,0.7556028873599642,0.4349782013956853,61.73138356208801
1780876781.2528083,-0.13588428745161057,0.7552081707027307,0.4350256721550781,61.766929149627686
1780876781.2958264,-0.13552993667210678,0.7548154089967307,0.43495038799811053,61.80994725227356
1780876781.3313127,-0.13558855029950745,0.7542832196499817,0.43513663065375985,61.845433473587036
1780876781.367004,-0.134598027742087,0.7540965390219968,0.43427180432672874,61.88112473487854
1780876781.4086854,-0.13467960044415328,0.7533883271024638,0.434646948898309,61.92280626296997
1780876781.4452379,-0.134754576510834,0.7528727871824547,0.4349684923455251,61.95935869216919
1780876781.485799,-0.13461698362106456,0.7522486282363707,0.4351743534653294,61.99991989135742
1780876781.5159526,-0.13456258787843686,0.75202564938386,0.4352477144203186,62.030073404312134
1780876781.5522876,-0.13456994063849062,0.7514176125766652,0.43550757248684163,62.06640839576721
1780876781.590908,-0.13413074283060117,0.7512902575398994,0.4352097620322979,62.10502886772156
1780876781.62542,-0.13413960140982983,0.7506900678404296,0.435531446179147,62.139540910720825
1780876781.6641345,-0.13389895209752883,0.7502697774663861,0.4354978711362772,62.17825531959534
1780876781.6971178,-0.13371324281582792,0.7498425514818968,0.43550867534376886,62.211238622665405
1780876781.7370727,-0.13364335473362515,0.7495085894438998,0.4355601103063867,62.25119352340698
1780876781.7767496,-0.13376079817192263,0.748885310094658,0.435918261461983,62.29087042808533
1780876781.808656,-0.13389028535057612,0.7483580363123375,0.43634217257241553,62.322776794433594
1780876781.8433256,-0.1335429678982729,0.7480118341412492,0.4361990006909806,62.35744643211365
1780876781.8777795,-0.13332157400046746,0.7474685622378441,0.4362883326398308,62.391900300979614
1780876781.913028,-0.13322518535836458,0.7469365500053621,0.4364454819083427,62.42714881896973
1780876781.950068,-0.13280120514721191,0.7463768359596624,0.4363750990587753,62.46418881416321
1780876781.9840963,-0.13241832617556068,0.745755437846583,0.4363523223819049,62.49821710586548
1780876782.0165718,-0.13201915264866892,0.7457545459899377,0.435907996943598,62.53069257736206
1780876782.0522575,-0.13160186822751252,0.7447457549649011,0.43614776113351744,62.566378355026245
1780876782.0896063,-0.131395331769651,0.7447541870304745,0.43595610370541904,62.60372710227966
1780876782.1253476,-0.13167440812749626,0.7442403278787163,0.4364716008902493,62.63946843147278
1780876782.1598237,-0.13180196790252252,0.7438932619355477,0.4367181589217166,62.6739444732666
1780876782.196346,-0.13164690031084514,0.743538190999937,0.4367244997802129,62.71046686172485
1780876782.2353706,-0.1315578789015138,0.7432508315074905,0.4367010306910935,62.749491453170776
1780876782.272035,-0.1313956624995403,0.7427738326765327,0.4368046323131414,62.786155700683594
1780876782.3134532,-0.13145720895337815,0.7421798655974072,0.4371312578736508,62.827574014663696
1780876782.3580284,-0.13142435661266522,0.7422352940799759,0.4369748738344269,62.87214922904968
1780876782.3840723,-0.13118274983049258,0.741570726816644,0.43714120782844457,62.89819312095642
1780876782.418494,-0.1311385392179269,0.7411735142781382,0.43730001741676977,62.93261480331421
1780876782.4540255,-0.13096679356135307,0.74111120671221,0.43715969447981495,62.968146324157715
1780876782.4949627,-0.13100470961398344,0.7402579095657317,0.43755376680364866,63.00908350944519
1780876782.536346,-0.13071477401800927,0.7405308086092747,0.4371943796435212,63.050466775894165
1780876782.5672038,-0.13083751603584098,0.7395262564725613,0.43773719769319,63.08132457733154
1780876782.5983968,-0.1305852943757282,0.7395779980063971,0.43750453928156746,63.11251759529114
1780876782.638812,-0.13023999991269058,0.7392084151880158,0.437330487374966,63.15293288230896
1780876782.673763,-0.13011316334019413,0.7384007249958016,0.43762541930942944,63.18788385391235
1780876782.7109978,-0.12998798182511587,0.7382865404761999,0.4374611014905574,63.22511863708496
1780876782.753846,-0.1297729552322769,0.7382082062069627,0.43723071894155446,63.267966747283936
1780876782.7905803,-0.12937214845481476,0.7373835947076114,0.4373768586986374,63.30470108985901
1780876782.8249028,-0.12954336170257824,0.7379776100804595,0.4370707175306201,63.33902359008789
1780876782.860692,-0.1289318925963304,0.7366683767427642,0.4372879459570412,63.374812841415405
1780876782.9030278,-0.12935771087087283,0.7372584171142182,0.43726248071874046,63.41714859008789
1780876782.9395099,-0.1290234611341688,0.7363708451324921,0.4374940288501965,63.453630685806274
1780876782.9745064,-0.12895955341601406,0.7356772770671529,0.4377897852740086,63.488627195358276
1780876783.0132525,-0.12864523164800967,0.7362091403060396,0.43723136173909993,63.52737331390381
1780876783.0398414,-0.12864207529006452,0.7352186857366513,0.43775014707502985,63.55396223068237
1780876783.078644,-0.12865063112507102,0.735498719312954,0.4375730590007589,63.59276485443115
1780876783.1273634,-0.12855412053500648,0.7353208204451311,0.43755710403718934,63.64148426055908
1780876783.1557505,-0.12796230867444652,0.7345273315857259,0.43749127997443676,63.66987133026123
1780876783.1929471,-0.12791382034983284,0.7348714872662754,0.43723819779528716,63.70706796646118
1780876783.229315,-0.12804470111047117,0.7340514627400887,0.4377178424331895,63.743435859680176
1780876783.2709467,-0.12797797380033088,0.733909722646605,0.43774138096074994,63.785067558288574
1780876783.3064132,-0.12765558183334763,0.7346466304940136,0.4371181924821576,63.820533990859985
1780876783.3427906,-0.12749219912867735,0.7334568900374513,0.43761244493898954,63.856911420822144
1780876783.3779821,-0.1273685924733496,0.7335223224250563,0.43746941078177287,63.89210295677185
1780876783.418518,-0.1270541589222921,0.7334577147989074,0.4372011934644087,63.9326388835907
1780876783.455341,-0.1271185225223239,0.7330822744537162,0.43750583862881387,63.9694619178772
1780876783.493545,-0.1267197910464275,0.7325959731256483,0.4373708255785937,64.00766587257385
1780876783.5276778,-0.12678956991093404,0.7326927029221524,0.43734368208492685,64.04179859161377
1780876783.5660915,-0.12602776931743545,0.7324776827240558,0.4367689568897128,64.08021235466003
1780876783.5991216,-0.1261154414009179,0.7324320259875237,0.43677555058425976,64.1132423877716
1780876783.6321168,-0.12568488085927268,0.7321021202915481,0.4365786008873218,64.14623761177063
1780876783.6713185,-0.1259511767163089,0.7318696122550308,0.4369111722011555,64.18543934822083
1780876783.7047558,-0.12576889693689644,0.7310885203288588,0.43714265554778575,64.2188766002655
1780876783.7431293,-0.12591167746645537,0.7315456721200316,0.4369570001415006,64.2572500705719
1780876783.778351,-0.12562214144472636,0.7313219306388375,0.436807453657906,64.29247188568115
1780876783.8123553,-0.1256627126090245,0.7312443953131522,0.43681672417327144,64.32647609710693
1780876783.851113,-0.12575726538200876,0.7309665654232945,0.4369580601167375,64.36523389816284
1780876783.8912165,-0.12558692962954304,0.7305784868261268,0.4370021605400715,64.4053373336792
1780876783.9250424,-0.12554220051327902,0.7304430064121958,0.4370233029430788,64.43916320800781
1780876783.9632864,-0.12555375073102887,0.7300927317176834,0.43712189859174555,64.47740721702576
1780876783.996994,-0.12537264365324563,0.729985878150891,0.4369939124196019,64.51111483573914
1780876784.0336618,-0.12521077652183207,0.7296364182974844,0.4370078101851035,64.54778265953064
1780876784.0673256,-0.1252005064830555,0.7295124204918929,0.436958767771952,64.58144640922546
1780876784.1044066,-0.12512289851525338,0.7292930020946263,0.43699111484411907,64.61852741241455
1780876784.1366782,-0.12483838932163609,0.7292339559729057,0.436791208952944,64.650799036026
1780876784.176395,-0.12506379602962273,0.7289662079661695,0.4370080738203357,64.69051575660706
1780876784.2131433,-0.12488022921129148,0.7287535841251047,0.4369867323749117,64.7272641658783
1780876784.2477071,-0.1250536382228422,0.7287043894266138,0.43712906901272003,64.76182794570923
1780876784.2819915,-0.12499736691434002,0.7282772604470642,0.4373102198430981,64.79611229896545
1780876784.3160098,-0.12499305084602481,0.7281077337568103,0.4373187625065446,64.8301305770874
1780876784.3640468,-0.12484855603672876,0.72775111988842,0.4373609396374536,64.87816762924194
1780876784.3899188,-0.1248603235500839,0.7275065273517209,0.4375072284623803,64.90403962135315
1780876784.4261649,-0.12467423089684553,0.7274285164555545,0.437359001283949,64.94028568267822
1780876784.463576,-0.1246965365056269,0.7273807851685453,0.4373629731855799,64.97769689559937
1780876784.4992783,-0.12436717555304576,0.7271411330912985,0.43718246825540796,65.01339912414551
1780876784.5376222,-0.12375326394625166,0.7270162290631722,0.4366756696977696,65.0517430305481
1780876784.5758884,-0.12365401196219179,0.7268049051524806,0.4366474387477683,65.0900092124939
1780876784.6153688,-0.12372171990862244,0.7265938842965195,0.4367862988844454,65.12948966026306
1780876784.6453516,-0.12358802845540118,0.7262214945351149,0.4368803717712802,65.15947246551514
1780876784.6837206,-0.1233395967884665,0.7261354142688781,0.43672915968823706,65.19784140586853
1780876784.7190936,-0.12337802013662687,0.7256601425449769,0.4369821920745167,65.23321437835693
1780876784.75403,-0.12311764648684059,0.7257314990687809,0.4367315808478173,65.268150806427
1780876784.7890236,-0.12326821368211643,0.7252676517632447,0.4370998247500823,65.30314445495605
1780876784.8294833,-0.12311010101151153,0.725247541159617,0.436990156838426,65.34360408782959
1780876784.8627138,-0.1230434832100637,0.7248323162495266,0.43712261471784825,65.37683463096619
1780876784.8997567,-0.12299619316114198,0.7246827960556185,0.43717481381258866,65.41387748718262
1780876784.9348009,-0.12281528535220473,0.7242180318419872,0.4372434931819479,65.44892168045044
1780876784.969796,-0.12282578728049527,0.7241947890389122,0.4372382027211378,65.48391675949097
1780876785.0067272,-0.12273491513322247,0.7240285784344447,0.43725175399065774,65.52084803581238
1780876785.0413764,-0.12280242559932583,0.7234127480435892,0.4375787998454315,65.55549716949463
1780876785.0817683,-0.12255106585540304,0.7232303556643765,0.4374375590154741,65.5958890914917
1780876785.1160939,-0.1225451685207799,0.723065609578944,0.43749115837719466,65.63021469116211
1780876785.1544592,-0.12249939457088892,0.7226360983023788,0.43760047467377894,65.66858005523682
1780876785.1936753,-0.12235112111410333,0.7224089893191398,0.43751780590660194,65.70779609680176
1780876785.2262745,-0.12228286165502703,0.7220378477126932,0.437654137534987,65.7403953075409
1780876785.2605271,-0.122142539855564,0.7217585050019615,0.43766311553474735,65.7746479511261
1780876785.3010395,-0.12198146352886327,0.7213150265940228,0.4376914154265466,65.81516027450562
1780876785.3369489,-0.12192054592266727,0.7210916668515273,0.43775349363336397,65.851069688797
1780876785.3812802,-0.12169136682876666,0.7207533841998458,0.43775566322924936,65.89540100097656
1780876785.419339,-0.12180982330953496,0.7203872557964768,0.438021915836739,65.93345975875854
1780876785.4665334,-0.12162119019228526,0.7200488317796822,0.4380000716764319,65.98065423965454
1780876785.4960537,-0.12168797439484891,0.7198137925490535,0.4381754130149385,66.01017451286316
1780876785.5271978,-0.12141361384536632,0.7196903987697375,0.43794308423925626,66.04131865501404
1780876785.567671,-0.1212495032373461,0.719354603256849,0.4379481929412335,66.08179187774658
1780876785.599582,-0.12097870357837474,0.7190566836722427,0.43788695740837985,66.11370277404785
1780876785.6377215,-0.12092596966719024,0.7188796405120947,0.43794341472619375,66.15184235572815
1780876785.6737876,-0.12088569431344946,0.7186634725746602,0.4380626938355927,66.187908411026
1780876785.7080703,-0.12078106570482904,0.7185715643222703,0.4380087065065151,66.22219109535217
1780876785.7487543,-0.1207001511594763,0.7182349515738866,0.43813964336509764,66.26287508010864
1780876785.7814982,-0.12073680736247884,0.7179878714071504,0.4382921389264919,66.2956190109253
1780876785.821517,-0.12068318000379748,0.7179763621359637,0.43824906928183704,66.33563780784607
1780876785.8573515,-0.12047559079981601,0.7179161011937418,0.43808368222097704,66.37147235870361
1780876785.8963442,-0.12044122816045899,0.7177482939579948,0.43810027220662084,66.41046500205994
1780876785.9316764,-0.12018709906731935,0.7176527787983589,0.43794019714787125,66.44579720497131
1780876785.9731529,-0.12013206667092742,0.7173445145504994,0.4380218828820578,66.48727369308472
1780876786.0169396,-0.11979853153995694,0.7172810633530265,0.4377849278648538,66.53106045722961
1780876786.0462785,-0.11981294232468677,0.7171003591903139,0.4378448904618878,66.56039929389954
1780876786.0872724,-0.11977065349203234,0.7168044122479955,0.43793128497642025,66.60139322280884
1780876786.1233225,-0.11980018479988529,0.7165762768302189,0.4380483590659657,66.63744330406189
1780876786.154576,-0.11988013306084083,0.7162926375636952,0.43824925330226716,66.66869688034058
1780876786.1908166,-0.11975549060071487,0.7160680640372307,0.4382319244457191,66.70493745803833
1780876786.2377868,-0.11978743428970222,0.7159324189933367,0.4383907913555187,66.75190758705139
1780876786.267514,-0.11977201652440848,0.7158154913817322,0.4383918354308068,66.78163480758667
1780876786.302078,-0.1198918475705523,0.715472161260084,0.4386763376221533,66.81619882583618
1780876786.3362956,-0.11959716712074644,0.7152681780827415,0.43852452463231995,66.85041642189026
1780876786.3675323,-0.11952249166734458,0.7150349463864974,0.43858037434016584,66.88165307044983
1780876786.4024296,-0.11957455913744175,0.7148400272947089,0.43866485958519724,66.91655039787292
1780876786.4357014,-0.11919389533728235,0.7147309104036809,0.4383717857910002,66.9498221874237
1780876786.4768426,-0.11916981006253434,0.7143724021269855,0.4385231747169381,66.99096345901489
1780876786.5131152,-0.1190178134092016,0.7141822385846274,0.43849624518571645,67.02723598480225
1780876786.5519729,-0.11892161430051286,0.7139529467660709,0.4384657034266511,67.0660936832428
1780876786.5912976,-0.11882631615074864,0.7136469396961034,0.43854037361541504,67.10541844367981
1780876786.6258438,-0.11854302047361208,0.7134593839081981,0.43832649292506504,67.13996458053589
1780876786.6633935,-0.11860683770362418,0.7132302148751357,0.4385026577321625,67.17751431465149
1780876786.6992006,-0.11844496377579379,0.7131116477769761,0.43846688407270223,67.21332144737244
1780876786.735768,-0.11847407264256922,0.7129090063579329,0.43862011909206,67.24988889694214
1780876786.7707572,-0.11831481289029382,0.7125811566187413,0.4386650537520672,67.28487801551819
1780876786.8105094,-0.11832306010691093,0.7122466113581636,0.4388224806109368,67.32463026046753
1780876786.8434927,-0.11825507911262997,0.7121384473712931,0.4387614396833299,67.3576135635376
1780876786.8798718,-0.11819838817441568,0.7116938284191348,0.4389748541275748,67.39399266242981
1780876786.9213967,-0.11805247071439912,0.7117004701119258,0.4387900058515932,67.43551754951477
1780876786.9565685,-0.118020164381734,0.711305926726773,0.4389762340745823,67.47068929672241
1780876786.9922278,-0.11813579519932585,0.7110991620908622,0.4391224133308927,67.50634860992432
1780876787.028857,-0.11801624278787021,0.7107882713162509,0.43916040110234567,67.542977809906
1780876787.0664585,-0.11809765232754918,0.7105482849054364,0.43937664164375223,67.58057928085327
1780876787.1002653,-0.11805453721319879,0.7100205121859311,0.43955695058747996,67.61438608169556
1780876787.1351776,-0.11812557758918589,0.7098788132777839,0.4396682305137223,67.64929842948914
1780876787.1696606,-0.1180004475335336,0.7096611649553166,0.43963713238465857,67.68378138542175
1780876787.2090693,-0.1180495052274593,0.7094520831994867,0.4398091025996399,67.72319006919861
1780876787.2423491,-0.11795879131199528,0.7088901779109281,0.4399520865778646,67.75646996498108
1780876787.2777214,-0.11775773889938244,0.7088966838210478,0.43975992946804926,67.79184222221375
1780876787.3155773,-0.11743794067504208,0.7086654759113462,0.43961994357004913,67.82969808578491
1780876787.3553448,-0.1174985817335182,0.7086657780199593,0.43965002235948464,67.86946558952332
1780876787.3960671,-0.1172541430836263,0.7082159151336459,0.43965696981503943,67.91018795967102
1780876787.429154,-0.11729080837028572,0.708121536347515,0.43975853435605783,67.94327473640442
1780876787.4632776,-0.11711327669150738,0.7080483476140865,0.4396376722562235,67.97739839553833
1780876787.4982376,-0.11719819032965757,0.7078523406343669,0.4397773569040317,68.01235842704773
1780876787.538467,-0.11718102204918916,0.7075353779282793,0.43991278681422286,68.05258774757385
1780876787.571715,-0.11695267396992719,0.7073451879945544,0.4398466192973729,68.0858359336853
1780876787.6080225,-0.11711635301961672,0.7071793762028121,0.44007643692455556,68.1221432685852
1780876787.6447883,-0.11668468444127175,0.7069570801342026,0.43981953602696017,68.15890908241272
1780876787.6792011,-0.11704223915169872,0.7070357089272273,0.4400504035084149,68.19332194328308
1780876787.7133918,-0.11664400242484284,0.7065584459547312,0.43998646668358504,68.22751259803772
1780876787.751848,-0.11669765751241395,0.7066726003975934,0.43997286534512814,68.26596879959106
1780876787.789753,-0.11638358632608645,0.7063167982730759,0.43986723027982944,68.30387377738953
1780876787.8257391,-0.11634440470412359,0.7061748745887302,0.4399080598934746,68.33985996246338
1780876787.8712852,-0.11629413631628265,0.7064243154953339,0.43973341773339064,68.38540601730347
1780876787.8972855,-0.11592180151003866,0.7059331025663285,0.4396615794934839,68.41140627861023
1780876787.937869,-0.11615971063707259,0.7059975118673705,0.439770231392076,68.4519898891449
1780876787.9760735,-0.11562362286076827,0.7058505551973006,0.4393647936736807,68.49019432067871
1780876788.0163124,-0.11577586329271934,0.705896759646942,0.43941290234951663,68.530433177948
1780876788.0517833,-0.1156143820080619,0.7059229774584423,0.43925790902633083,68.56590414047241
1780876788.0847592,-0.11563272452842603,0.7056781601471691,0.43942036906458376,68.59888005256653
1780876788.1197827,-0.11561541500376309,0.7057356271053986,0.4393243809092518,68.63390350341797
1780876788.1603634,-0.11550394516949476,0.7054886489663862,0.4393515934859822,68.67448425292969
1780876788.196978,-0.1154377450339062,0.7054469262761988,0.43930097785505434,68.71109890937805
1780876788.2379599,-0.11565274799963311,0.7053442478150022,0.43951437778716385,68.75208067893982
1780876788.2687848,-0.11528064295674502,0.7052550001795332,0.439317654967174,68.78290557861328
1780876788.303092,-0.11539516765441651,0.7051802715422286,0.43941745309959845,68.8172128200531
1780876788.3443644,-0.11535378048425751,0.7052564421094174,0.43931477512535244,68.8584852218628
1780876788.376668,-0.11526954226302723,0.704998073113065,0.4393691669781783,68.89078879356384
1780876788.4117475,-0.11537979439070799,0.704883855229133,0.4394859500202879,68.92586827278137
1780876788.4489956,-0.11511329685401339,0.7048217688859199,0.439311130415482,68.96311640739441
1780876788.4852598,-0.11499984050000542,0.7047279957932423,0.43925055557219883,68.9993805885315
1780876788.518813,-0.11501194377670212,0.7045647331155681,0.43935927739553005,69.03293371200562
1780876788.5571904,-0.11490190286410978,0.7044788521427557,0.43928930665730953,69.07131123542786
1780876788.5890267,-0.11485261030598773,0.7045274512859366,0.43918840553499566,69.10314750671387
1780876788.624547,-0.11490163449212618,0.704293977623086,0.43934012094350294,69.13866782188416
1780876788.6618946,-0.1147620993000782,0.7040908014716902,0.4393090708510512,69.17601537704468
1780876788.6973484,-0.11475129356866921,0.704190190188379,0.4392286129983992,69.2114691734314
1780876788.739582,-0.11462964132093101,0.7041416390182681,0.43916667750711236,69.25370287895203
1780876788.776304,-0.11472296288319883,0.7039134853294164,0.43931658656030764,69.29042482376099
1780876788.8120615,-0.11461747315028407,0.7038191072641593,0.43928587731158936,69.32618236541748
1780876788.852613,-0.11451661867554633,0.7037257811415298,0.4392182445682223,69.36673378944397
1780876788.8925393,-0.11457297329672883,0.7036147215140719,0.43928813737494166,69.40666007995605
1780876788.9268909,-0.11455083386356997,0.7035156448972104,0.43932865627119533,69.44101166725159
1780876788.97161,-0.11460390644562489,0.7032997381840174,0.4394485669251744,69.48573088645935
1780876789.0135438,-0.11444403154533556,0.7033346256146666,0.43924913467187277,69.52766466140747
1780876789.0517473,-0.11438180392660614,0.7030949676531505,0.43931598327938937,69.56586813926697
1780876789.0882115,-0.11444052855397226,0.7030725130168187,0.43934582570273156,69.60233235359192
1780876789.126895,-0.11452734028803487,0.7029073514146404,0.43946489117628135,69.64101576805115
1780876789.1657367,-0.11462702581993996,0.7027547452487751,0.43958627505946585,69.6798574924469
1780876789.2010205,-0.11462692320538004,0.7024534456126685,0.43979090145283006,69.71514129638672
1780876789.236897,-0.11450995194666568,0.7024185006798809,0.43962994034583014,69.75101780891418
1780876789.2721438,-0.11458059407703157,0.7022086630035661,0.4397789613602102,69.78626465797424
1780876789.3079128,-0.11453696836361163,0.7021373677570967,0.43975927726927916,69.82203364372253
1780876789.3485894,-0.11463885180903276,0.7019501882376933,0.4399206281206228,69.86271023750305
1780876789.381893,-0.11459957876449726,0.7017690454798325,0.4399260560689513,69.89601373672485
1780876789.4166138,-0.11466080665102923,0.7015336748420934,0.44008712213755086,69.93073463439941
1780876789.4540467,-0.11468192050174553,0.7014052770850141,0.44012411241521776,69.96816754341125
1780876789.4902463,-0.11457250532863783,0.7014358350827914,0.44001824200538703,70.0043671131134
1780876789.5223296,-0.11446674362231495,0.7011471763920261,0.4400329604450141,70.03645038604736
1780876789.5633988,-0.11430925579099765,0.7011566682401084,0.43989750531888905,70.07751965522766
1780876789.6000693,-0.11428849428439854,0.7010661805186085,0.43991147549585247,70.11419010162354
1780876789.6369379,-0.11420272104621768,0.7009564687948161,0.4398854791337661,70.15105867385864
1780876789.6798823,-0.11403412711505975,0.7008895861836162,0.4397280360390949,70.19400310516357
1780876789.706105,-0.11378289697474966,0.7007581733313927,0.4395391603346502,70.22022581100464
1780876789.7448826,-0.11366793810706015,0.700655834492406,0.43949435984926627,70.25900340080261
1780876789.7802508,-0.11369194116539165,0.7005224457594139,0.43958971284924014,70.29437160491943
1780876789.818693,-0.11370561388591265,0.700521788080705,0.4395969193077752,70.33281373977661
1780876789.8544877,-0.11371954924317562,0.7004023619188747,0.4396347994887865,70.36860847473145
1780876789.8936055,-0.11351202634057428,0.7005294629825155,0.43943328132753195,70.4077262878418
1780876789.925813,-0.11357113838583052,0.7001491593841016,0.4396192343690375,70.43993377685547
1780876789.9661045,-0.11354279691420428,0.7000884570172645,0.43956367527531814,70.48022532463074
1780876790.0017986,-0.11349727333339961,0.7000949003207974,0.43952772962330183,70.51591944694519
1780876790.0340328,-0.11359900280047644,0.6999923818341967,0.43968803388424593,70.54815363883972
1780876790.0708952,-0.1133980776096733,0.6999490126409077,0.43957324674846454,70.58501601219177
1780876790.1050057,-0.11346510452814543,0.6997648478870677,0.43973878847655795,70.61912655830383
1780876790.1463258,-0.11343755503968107,0.6995064702433639,0.43984541314450415,70.66044664382935
1780876790.181744,-0.11334608254103475,0.6995981252028297,0.4397385047444928,70.69586491584778
1780876790.2176776,-0.1132751146376264,0.6995361273471642,0.4397047905484964,70.73179841041565
1780876790.2662528,-0.11336726668170888,0.6992422347647267,0.4399546182214593,70.78037357330322
1780876790.2904031,-0.113349391426372,0.69913206889975,0.4399847877177732,70.80452394485474
1780876790.3274984,-0.11337256773229125,0.6988499678295255,0.44011742118845665,70.84161925315857
1780876790.3746097,-0.11319751559473211,0.6988649486749657,0.43996699327322847,70.88873052597046
1780876790.3951304,-0.11300441504165708,0.6988750893376067,0.43986364375252457,70.90925121307373
1780876790.4330804,-0.11327999440690979,0.6986648138518687,0.4401259160538747,70.94720125198364
1780876790.4672368,-0.113089175798054,0.6985114724623971,0.44006256958667445,70.98135757446289
1780876790.5038378,-0.11288091775932017,0.6984723989414886,0.4399492080898743,71.01795864105225
1780876790.538792,-0.11303875404371036,0.6981802002099724,0.44018909915351156,71.05291271209717
1780876790.5799685,-0.11276931159989623,0.6980778616596451,0.4400748073147271,71.09408926963806
1780876790.614886,-0.11265472503457423,0.6978778562915801,0.44008690338174683,71.12900686264038
1780876790.6541996,-0.11259651978845227,0.6978290752252138,0.4400233344642023,71.16832041740417
1780876790.6857343,-0.1124760608542077,0.6976933435301848,0.4400202598385497,71.19985508918762
1780876790.7222252,-0.11261916397911076,0.6973784195289922,0.44021512998174983,71.23634600639343
1780876790.757595,-0.1123757542334805,0.6974349330777174,0.44002977969802665,71.27171587944031
1780876790.796313,-0.1122573428858492,0.6972287252450904,0.4400175992143602,71.3104338645935
1780876790.8328981,-0.11215390068129859,0.6970880408260589,0.43997459774592357,71.34701895713806
1780876790.8691397,-0.11212619506711737,0.697002086393969,0.43994476967535867,71.38326048851013
1780876790.9083915,-0.11212798387204145,0.6968585199400231,0.44003177559369994,71.42251229286194
1780876790.940649,-0.11200082163995703,0.6966041929680121,0.440077071350054,71.45476984977722
1780876790.9777558,-0.1118573959219317,0.6965694669820186,0.439933460690624,71.49187660217285
1780876791.0139668,-0.11173851966858046,0.696286237008065,0.43995267285155915,71.5280876159668
1780876791.051408,-0.11172986112134041,0.6961612077808268,0.44001004212246747,71.5655288696289
1780876791.0900033,-0.1115522050670432,0.6962284660442459,0.4398501649173291,71.60412406921387
1780876791.128212,-0.11176055676486589,0.6961136078125116,0.44007193027452657,71.6423327922821
1780876791.1626446,-0.11147434689803527,0.6960808834238725,0.43982772764841305,71.67676544189453
1780876791.1990206,-0.11176568567045587,0.6958243572990093,0.44026285986534563,71.71314144134521
1780876791.2347934,-0.1116463226536873,0.695910205023684,0.4400312318160321,71.74891424179077
1780876791.2730277,-0.11171611050651187,0.6956794773581282,0.4402815477647655,71.78714847564697
1780876791.3102736,-0.11164549993746516,0.695721522092989,0.440157290053786,71.8243944644928
1780876791.3440056,-0.11173937782326099,0.6956203835364562,0.44030071759068384,71.85812640190125
1780876791.3812299,-0.11161528891790652,0.6954393893090434,0.44033017699393995,71.89535069465637
1780876791.4180346,-0.11156410643923073,0.6954420867224891,0.44024105838678185,71.93215537071228
1780876791.4522347,-0.11129882955286702,0.6953012923407552,0.44006066526476395,71.96635556221008
1780876791.4877677,-0.11131691424937035,0.6952095896759816,0.44013262214651083,72.00188851356506
1780876791.524658,-0.11143469051241701,0.6949479851398132,0.44037100263259465,72.03877878189087
1780876791.5636137,-0.11120818420347438,0.6947900243483285,0.44028426154678374,72.07773447036743
1780876791.602459,-0.11111854293775227,0.6948471770723592,0.44011012179987735,72.11657977104187
1780876791.6362362,-0.11102081915888545,0.6948839711383596,0.4399291599254214,72.15035700798035
1780876791.6757116,-0.11097519994634854,0.6944815793710962,0.44015515182075166,72.18983244895935
1780876791.7114375,-0.11085272969758656,0.6946584686745609,0.4398809872436355,72.22555828094482
1780876791.746268,-0.11075718760343362,0.6943621824327738,0.4400899125601938,72.26038885116577
1780876791.7818131,-0.11065773136566745,0.6945001943613474,0.43976968745062145,72.29593396186829
1780876791.8174534,-0.11073037107168049,0.6942156734008413,0.44003510798306184,72.33157420158386
1780876791.85224,-0.11075113416176698,0.6941766253859228,0.4401150247785619,72.36636090278625
1780876791.894276,-0.11049625384667035,0.694127499321455,0.4398406688672074,72.40839672088623
1780876791.9303944,-0.11043436573735656,0.6939846599474422,0.43990178743663266,72.44451522827148
1780876791.9629023,-0.1104461535054466,0.6939022924593149,0.4399518581882354,72.47702312469482
1780876792.0069506,-0.11043991627870356,0.6937801353355455,0.4399307268252998,72.521071434021
1780876792.0431852,-0.1104650048428209,0.6936463761529781,0.43999029031316056,72.55730605125427
1780876792.0791423,-0.11043817628705341,0.6933597926234458,0.4402015478749474,72.59326314926147
1780876792.1139953,-0.11069567386732143,0.6933804905678894,0.44035029260865177,72.62811613082886
1780876792.149162,-0.11025867586537239,0.693141424682014,0.44015661674987916,72.66328287124634
1780876792.1825824,-0.11068496594799745,0.6932417922577936,0.44039058660987523,72.6967031955719
1780876792.2245882,-0.11049565560359208,0.6929247901839858,0.44042814924368,72.73870897293091
1780876792.262776,-0.11061680708577352,0.6929515408221995,0.4405097237060929,72.77689671516418
1780876792.2958107,-0.11044520153730779,0.6927994041314837,0.440426003287025,72.80993151664734
1780876792.3334367,-0.11057758907494866,0.6927785747352305,0.4404812386850508,72.84755754470825
1780876792.3690188,-0.11037829693439527,0.6925444960319427,0.44049140795186426,72.88313961029053
1780876792.4030335,-0.11062715081149607,0.6927876630075329,0.4405172095057286,72.91715431213379
1780876792.437593,-0.1104688512704515,0.692556975588879,0.4405324958350301,72.9517138004303
1780876792.4748743,-0.11056911825169662,0.692390063819296,0.4406622363123606,72.98899507522583
1780876792.5104494,-0.11057013231004494,0.6924368032359904,0.44061592777061714,73.02457022666931
1780876792.5439646,-0.11061120101800744,0.6923082327674254,0.44069810341985527,73.05808544158936
1780876792.581192,-0.1104972135976827,0.692096569810772,0.44073503575738493,73.09531283378601
1780876792.6153202,-0.11052425561404618,0.6920289170051243,0.44077550251659925,73.12944102287292
1780876792.654962,-0.1106855796622548,0.6918505960048659,0.4409928209629816,73.16908288002014
1780876792.6899574,-0.11053222153732752,0.6915787809147271,0.4410118667824093,73.20407819747925
1780876792.7253091,-0.11066217726508973,0.691678986250999,0.4410061429424147,73.23942995071411
1780876792.762202,-0.1104869763613661,0.6914306516680004,0.4410025876830964,73.27632284164429
1780876792.8003633,-0.11060142022912178,0.6914503486709204,0.44099370885850514,73.31448411941528
1780876792.8363853,-0.11044264502142553,0.6912823573235204,0.4410243782530721,73.350506067276
1780876792.8843327,-0.11053329196959097,0.6912244828645905,0.4410445643631667,73.3984534740448
1780876792.9120116,-0.11039431790001368,0.6911003079790261,0.44097975875660006,73.42613244056702
1780876792.946981,-0.11030409138325631,0.6910356371136753,0.440983464276886,73.461101770401
1780876792.9894836,-0.11050132820782027,0.6908003810021974,0.44119097692349724,73.50360441207886
1780876793.025284,-0.11029822808328044,0.6908574841133049,0.44091223095638615,73.53940486907959
1780876793.064517,-0.11020105026923147,0.6906709283045058,0.44103805367194315,73.57863783836365
1780876793.1024673,-0.11019789115148605,0.6907844389343675,0.44084664588394185,73.61658811569214
1780876793.1380312,-0.11022839258317801,0.6907679275015345,0.44086818120420274,73.6521520614624
1780876793.1781607,-0.10996082215163284,0.6904590987160254,0.4409552755954449,73.69228148460388
1780876793.212398,-0.11019287847692287,0.6906172777935754,0.4409070495320828,73.72651886940002
1780876793.2461512,-0.11020109197410918,0.6905381522585637,0.44096828311466385,73.76027202606201
1780876793.2891595,-0.10984589855999059,0.6904825825774921,0.44078572120037374,73.80328035354614
1780876793.3254776,-0.11018627631854436,0.6903690528341162,0.4410298095492814,73.8395984172821
1780876793.3621383,-0.1099511523047534,0.6903374510405779,0.4408988257867083,73.87625908851624
1780876793.3964136,-0.10989685338452303,0.6902730722893188,0.4407003833611584,73.91053438186646
1780876793.4349127,-0.10985653291856765,0.6902901012227999,0.4408045226034798,73.94903349876404
1780876793.4709268,-0.11001435634433147,0.6900859585544199,0.44097957948487937,73.98504757881165
1780876793.5070212,-0.10981334022380526,0.6902143670646064,0.4407939782211257,74.02114200592041
1780876793.5414908,-0.10988984577918841,0.6901184491375595,0.440830154397205,74.0556116104126
1780876793.5841498,-0.10987019263013309,0.6900163548003732,0.4409348890730363,74.09827065467834
1780876793.613352,-0.10985079736287322,0.6900159910112852,0.440877986673313,74.12747287750244
1780876793.647435,-0.10976124507422895,0.6899697005223541,0.440841875306492,74.16155576705933
1780876793.6852508,-0.10974923712526584,0.6899248863101802,0.44084327757796854,74.1993715763092
1780876793.7188962,-0.1099253528333818,0.6897833258009168,0.4410460390951323,74.23301696777344
1780876793.7561326,-0.10981968575036631,0.6897314815497642,0.44096273175570905,74.2702534198761
1780876793.792898,-0.10965396194188096,0.6897393076757512,0.4408555381886943,74.30701875686646
1780876793.8234565,-0.10986093172657317,0.6896049838158453,0.441058847827708,74.33757734298706
1780876793.860946,-0.1096973054113629,0.6896614981642305,0.44088579136526024,74.37506675720215
1780876793.8958666,-0.109682113562023,0.6895790737980403,0.440914025086243,74.409987449646
1780876793.9302928,-0.10960710800087813,0.6896099251336603,0.4408074750451986,74.44441366195679
1780876793.9650044,-0.10947030254990059,0.6895394345031081,0.44073362812082995,74.47912526130676
1780876794.0061455,-0.10946364271219584,0.6893903378054774,0.44079905285328996,74.52026629447937
1780876794.0361876,-0.10941970908120091,0.689368957106436,0.44074711930000365,74.55030846595764
1780876794.0858912,-0.10936180607797007,0.6892927243573306,0.4407395486650848,74.6000120639801
1780876794.1108985,-0.10953006686064387,0.6892393827371771,0.44087179363136964,74.62501931190491
1780876794.148359,-0.10925635793742094,0.689250040435903,0.4406643505183089,74.66247987747192
1780876794.1948395,-0.10928787916857133,0.6891334775538408,0.4406999256516177,74.70896029472351
1780876794.2191365,-0.10922428536528073,0.6890807311132652,0.4406870586289729,74.73325729370117
1780876794.2563279,-0.10908975617319767,0.689187558160089,0.44053351568945587,74.77044868469238
1780876794.290343,-0.10922239353161156,0.6891178138048077,0.4406080074429681,74.8044638633728
1780876794.3259578,-0.1090368179597316,0.6890863152981291,0.4405642333596508,74.84007859230042
1780876794.361395,-0.10920596128995395,0.6888347011484446,0.4407403103294051,74.8755156993866
1780876794.3988914,-0.10902252558647531,0.6890200744022326,0.44056531334870275,74.91301226615906
1780876794.4359033,-0.10907284194407134,0.6889026691729832,0.4406078887224379,74.9500241279602
1780876794.4733267,-0.10900852681900422,0.688836597826109,0.44059498247186424,74.98744750022888
1780876794.5165684,-0.10893545136279167,0.688859938987435,0.4405051512723689,75.03068923950195
1780876794.5533545,-0.10894115891923913,0.6888455853342416,0.4405084098801791,75.06747531890869
1780876794.5973914,-0.10894219558820342,0.6886733869372245,0.44059402559653793,75.11151218414307
1780876794.6328313,-0.10884817856243527,0.6886865982164261,0.4405299970029225,75.1469521522522
1780876794.6730096,-0.10871590933093007,0.6886253615131416,0.44043430843152404,75.18713045120239
1780876794.7023613,-0.10878970109639688,0.688465506969187,0.4405064451662003,75.21648216247559
1780876794.7379549,-0.10854226913849116,0.6887791425542297,0.4402144226173313,75.25207567214966
1780876794.775825,-0.10869420495271263,0.6884698666269443,0.440431111350909,75.28994584083557
1780876794.8143992,-0.10837844461546443,0.68861909382545,0.4401194867470125,75.32852005958557
1780876794.850792,-0.10845652779844832,0.6885085538491077,0.44026488190398944,75.36491274833679
1780876794.8824732,-0.10838943065343798,0.6884959028425679,0.44021610060076166,75.39659404754639
1780876794.9190662,-0.10839653485480531,0.6883333679727861,0.44024896842967376,75.43318700790405
1780876794.9658754,-0.10843750319252173,0.6881604831845797,0.4403603026572355,75.47999620437622
1780876794.992436,-0.10833786606676099,0.6883890709445095,0.44022694838224335,75.50655674934387
1780876795.0268788,-0.10841328330993795,0.6881750180032898,0.4403484371466352,75.5409996509552
1780876795.0625885,-0.10847687014819893,0.6882155896019339,0.4404047756464041,75.5767092704773
1780876795.0997822,-0.10828543083995958,0.6879665903079809,0.4402773685309404,75.6139030456543
1780876795.1405983,-0.10829209182087231,0.6881541648948087,0.44022283938800844,75.65471911430359
1780876795.1770685,-0.1083376961098049,0.6879627552518959,0.4403518765432698,75.69118928909302
1780876795.2149405,-0.10841784799272183,0.6878497925719438,0.4405154286151193,75.72906136512756
1780876795.247377,-0.10824063744015404,0.6880025298961523,0.44033837686952976,75.76149773597717
1780876795.286488,-0.10827662217580093,0.6877240889794766,0.44038428086680537,75.80060887336731
1780876795.320743,-0.10833678879338976,0.6877559470352702,0.44050549687435053,75.8348639011383
1780876795.3536818,-0.10851439055161391,0.6876369391640181,0.4407087856357823,75.86780261993408
1780876795.389555,-0.10840699727311492,0.6875335956421486,0.440619607373467,75.90367579460144
1780876795.4247234,-0.10843527675931032,0.6875836457586222,0.44063225320636346,75.93884420394897
1780876795.4667342,-0.10824136260096696,0.687635246934325,0.4404318586130322,75.98085498809814
1780876795.5063276,-0.10835041134747882,0.6875762378221207,0.4405587305991834,76.0204484462738
1780876795.5422487,-0.10818615520660643,0.6876996987659374,0.44035003925256005,76.05636954307556
1780876795.5747411,-0.1083063713312285,0.6874998292965916,0.44050088743021204,76.08886194229126
1780876795.6135085,-0.10816777387322513,0.6876294780528196,0.4403221237807885,76.12762928009033
1780876795.6464834,-0.1082483715387602,0.6874825859000702,0.44050885526275446,76.16060423851013
1780876795.6915123,-0.1082439612838438,0.6874299706225353,0.4404640919050446,76.20563316345215
1780876795.7294695,-0.10810931446180987,0.6873579303965894,0.44045769689892267,76.24359035491943
1780876795.7558389,-0.10810591331038072,0.6873682473074769,0.44043346560435626,76.26995968818665
1780876795.791745,-0.10796159396234471,0.6873746203483957,0.4403191932359697,76.30586576461792
1780876795.827464,-0.10811421309238226,0.687309587086584,0.44043668558030186,76.34158492088318
1780876795.8642416,-0.10772005167950506,0.6874080578432532,0.44004693162280467,76.37836241722107
1780876795.9005902,-0.1079338099796863,0.6871624108773351,0.44035018405894655,76.41471099853516
1780876795.935668,-0.10771413202320912,0.6872326649145355,0.4400761053627636,76.44978880882263
1780876795.9758818,-0.10770708884061957,0.6871132333989967,0.44015560820763217,76.49000263214111
1780876796.0110743,-0.10768114572160042,0.6871190082647854,0.4401150306700138,76.52519512176514
1780876796.0463643,-0.10794026075432349,0.6869766390841464,0.4404193873368069,76.56048512458801
1780876796.092111,-0.10766084367805494,0.6868343273258192,0.4402345473807921,76.6062319278717
1780876796.1277397,-0.10787383253155414,0.6866995865056079,0.44047924309882636,76.6418604850769
1780876796.153798,-0.10755842516065142,0.686733417632464,0.4401907578985791,76.66791892051697
1780876796.1901853,-0.10794903217533175,0.6865553129848291,0.4406323946443016,76.70430612564087
1780876796.2248757,-0.10753967477535177,0.6865379709171577,0.44026985420865206,76.7389965057373
1780876796.266214,-0.10769889793531373,0.6865989300588905,0.44039861431449767,76.78033471107483
1780876796.3017795,-0.10764232180085136,0.6863439940150753,0.4404371238130338,76.81590032577515
1780876796.347891,-0.10758549541887859,0.6862667315863678,0.4404100326775168,76.86201190948486
1780876796.3784196,-0.10746797520693706,0.6862371886447349,0.4403246604846892,76.8925404548645
1780876796.414232,-0.10752555412641837,0.6860920878943879,0.4404623945282809,76.92835283279419
1780876796.4490418,-0.10754338247001008,0.6861420625065283,0.44045156165953003,76.96316266059875
1780876796.484685,-0.10744115674616969,0.6859801299131555,0.44042697050609625,76.99880576133728
1780876796.519266,-0.10746882720742079,0.6859374245919807,0.4404607691009612,77.03338670730591
1780876796.5578864,-0.1075370201302703,0.6858091311450184,0.4405907188517937,77.07200717926025
1780876796.5885546,-0.10741924035890942,0.6857432207130795,0.440513699892965,77.10267543792725
1780876796.6242125,-0.10739799575002629,0.6857075954743556,0.4405201104219784,77.13833332061768
1780876796.6623995,-0.10721687600270516,0.6856460519145856,0.44036339121389184,77.17652034759521
1780876796.7045472,-0.10743955000330278,0.685527231536213,0.44062339562942726,77.21866798400879
1780876796.738413,-0.1073933357326263,0.6854726258867164,0.4406255629308466,77.25253391265869
1780876796.782441,-0.107187552427951,0.6855236623336395,0.4403829549919534,77.29656171798706
1780876796.8218646,-0.10719661715299877,0.6852987461408803,0.4405021879088194,77.3359854221344
1780876796.8448045,-0.10729993742606408,0.6852280975683416,0.4406055578708007,77.35892534255981
1780876796.8836293,-0.10727834561622913,0.6852803331031846,0.4405926775285824,77.39775013923645
1780876796.9201593,-0.107486593533095,0.6850995037512013,0.4408883798567189,77.43428015708923
1780876796.964629,-0.10723548805146399,0.6851078147729054,0.440658067237949,77.47874975204468
1780876796.991516,-0.10720229487625868,0.6850377569266439,0.44064860100468245,77.5056369304657
1780876797.0265858,-0.10713714851787871,0.6851061317208137,0.4405313598938145,77.54070663452148
1780876797.0605078,-0.10721623686728972,0.6848397639611675,0.4407610611557624,77.57462859153748
1780876797.0943582,-0.10708823333949911,0.6849719984095535,0.4405928574441779,77.60847902297974
1780876797.1307926,-0.1072360481605257,0.6847832834346753,0.44083406413672904,77.6449134349823
1780876797.1666493,-0.1071822467999784,0.6848474656929061,0.4407536426112174,77.6807701587677
1780876797.2024045,-0.10710662488431465,0.6848245116558839,0.44065520672851327,77.7165253162384
1780876797.2464461,-0.10710860245503405,0.6847597362479344,0.4407474801327837,77.76056694984436
1780876797.2713814,-0.10699278171664303,0.684816272021888,0.440587009687843,77.78550219535828
1780876797.3083375,-0.10695506284814459,0.6847555390341599,0.4405642279286629,77.82245826721191
1780876797.345202,-0.10697421336000365,0.6848364332650395,0.440562619923475,77.85932278633118
1780876797.385436,-0.10696388186744897,0.6845280801375937,0.44071965626827025,77.89955687522888
1780876797.42074,-0.10700423669547773,0.6849076473289718,0.44053737521684627,77.93486070632935
1780876797.4566617,-0.10695018551616435,0.6848501326801655,0.4405228686304149,77.97078251838684
1780876797.490917,-0.10691936947917254,0.6849321751209692,0.4404064277855576,78.00503778457642
1780876797.5291042,-0.10691367294754243,0.6845313871280413,0.44067912911739854,78.04322504997253
1780876797.565022,-0.10702035158157208,0.684922887134874,0.4405111938693998,78.07914280891418
1780876797.5985112,-0.10690088317750408,0.6846601707214152,0.4405504050595502,78.1126320362091
1780876797.632593,-0.10695144389029067,0.6849304473907301,0.4404131595796272,78.1467137336731
1780876797.6665561,-0.10676862229515759,0.6841765806169118,0.44072095656768595,78.18067693710327
1780876797.712478,-0.10673420257160111,0.6849244431051241,0.4402418769187348,78.22659873962402
1780876797.7386086,-0.10679044323674715,0.6848642634565607,0.4403014925533776,78.25272941589355
1780876797.7846334,-0.10683021134858126,0.6843970045402956,0.44062930508287995,78.29875421524048
1780876797.8125346,-0.10709446620838475,0.6847439592924061,0.44067313373096173,78.32665538787842
1780876797.8444138,-0.10683385091256295,0.6842942534057774,0.4406325513722005,78.35853457450867
1780876797.8904543,-0.10714636248905592,0.684738046670858,0.44067020066084733,78.40457510948181
1780876797.9217632,-0.10675554071092558,0.6845963115579443,0.4403916712932859,78.43588399887085
1780876797.9683821,-0.10712965021776066,0.684697431830539,0.44069511397165056,78.4825029373169
1780876797.9953146,-0.10663636852877079,0.6841562567671151,0.44053566643455533,78.50943541526794
1780876798.0284164,-0.10689353051499294,0.6846923327266513,0.4404595932549661,78.54253721237183
1780876798.063856,-0.10660020129505467,0.6841398710049782,0.44055527244079506,78.5779767036438
1780876798.100186,-0.1067407265492428,0.6841186051101249,0.44063867794452677,78.6143069267273
1780876798.1385329,-0.10688693044494384,0.684630999241864,0.4404347360328258,78.65265369415283
1780876798.1757078,-0.10675743136748705,0.6840325795530553,0.44067794266912824,78.68982863426208
1780876798.2112513,-0.10710604799909858,0.6845430032318829,0.44061388887872077,78.72537207603455
1780876798.2482395,-0.10675418020789176,0.684082324016366,0.44060046839391115,78.76236033439636
1780876798.284046,-0.1072810592600847,0.6844349895634592,0.4408461296200843,78.79816675186157
1780876798.3176236,-0.1068570452084952,0.6846121763026508,0.44039314189894463,78.83174443244934
1780876798.358578,-0.10671676073845725,0.6837196339550565,0.4407990242229075,78.87269878387451
1780876798.4075608,-0.10677166851244395,0.6844863301547616,0.4403779935533804,78.92168164253235
1780876798.4293532,-0.10741170170806304,0.6841700249632308,0.4410454930138132,78.94347405433655
1780876798.469048,-0.10700429617430972,0.6843036666462382,0.44067772921882825,78.98316884040833
1780876798.5047302,-0.10685062584877245,0.684415947699276,0.4404581768289995,79.01885104179382
1780876798.5389369,-0.10736287640819701,0.6840528159527656,0.44108101278306727,79.05305767059326
1780876798.5816612,-0.10676604918641706,0.6843171108558603,0.440470159678946,79.09578204154968
1780876798.612325,-0.10672259888795925,0.6835906046003387,0.4408657768406727,79.12644577026367
1780876798.6516595,-0.10690044897237248,0.6841803338284637,0.44053067833407217,79.16578030586243
1780876798.6872306,-0.10675131063319579,0.6839316898714051,0.44064448005794643,79.20135140419006
1780876798.7258594,-0.10692725507992712,0.6837087138290132,0.4409030864229001,79.23998022079468
1780876798.7668607,-0.1068802533830296,0.6839998489063845,0.44058629325456716,79.28098154067993
1780876798.8007858,-0.10680121504899788,0.6835768296641941,0.4409365550953397,79.31490659713745
1780876798.8371305,-0.10680939495530908,0.6839635654607285,0.44067501726680464,79.35125136375427
1780876798.8727965,-0.10680461797364432,0.6840040876450497,0.44051429175408346,79.38691735267639
1780876798.9167044,-0.10681848498469651,0.6838056041323598,0.4407657891469115,79.43082523345947
1780876798.951934,-0.10685552351772418,0.6839204836098711,0.4406219753068923,79.46605491638184
1780876798.9894476,-0.10702476641323812,0.6838851842485111,0.44075444551224685,79.50356841087341
1780876799.0265353,-0.10675403986667119,0.6841019330608842,0.44050748789612976,79.54065608978271
1780876799.06588,-0.10683176163573238,0.6840124901246483,0.44063719441989824,79.58000087738037
1780876799.099902,-0.10698335291136665,0.683708180314398,0.4407630695418485,79.614022731781
1780876799.1329145,-0.10694972506841804,0.6837848288632076,0.44078182011475847,79.6470353603363
1780876799.1675386,-0.10668592316213847,0.6839456407011367,0.4405072750819025,79.68165946006775
1780876799.209214,-0.10687171789524214,0.6836981175029669,0.44067774064228105,79.72333478927612
1780876799.242808,-0.1067582472389022,0.6837058687193379,0.44063233431580484,79.75692892074585
1780876799.2770486,-0.10658927332583558,0.6837403356757018,0.4404717828195064,79.79116940498352
1780876799.3148043,-0.10684940357920804,0.6835694609822238,0.44072102777351235,79.82892513275146
1780876799.3490543,-0.1067930781409666,0.6832297189965343,0.44082702326853324,79.8631751537323
1780876799.38369,-0.1064989851836197,0.6838177104621007,0.4403753717796145,79.89781093597412
1780876799.42068,-0.10662959336980675,0.6833971441992629,0.4406030492085935,79.93480086326599
1780876799.4555736,-0.10678066624441124,0.6831287191145818,0.44083444277834005,79.96969437599182
1780876799.4904091,-0.1065675016961545,0.6835759691651706,0.4404336799974771,80.00452995300293
1780876799.5231364,-0.10657998989829033,0.6835363740393848,0.44050150196177057,80.03725719451904
1780876799.5735364,-0.10668319734675098,0.683103022721141,0.44071581653050673,80.08765721321106
1780876799.5986915,-0.10660780702216482,0.6833461088429795,0.4405802055377658,80.11281228065491
1780876799.6414132,-0.10664710326613279,0.6832247112836055,0.4406797612115474,80.15553402900696
1780876799.6756058,-0.10664442988819899,0.683110481284968,0.4406673769846806,80.18972659111023
1780876799.7119203,-0.10663259716580044,0.6831140576884519,0.4406855960327641,80.2260410785675
1780876799.750574,-0.10662593808944587,0.6830006858492687,0.44073441957762144,80.26469492912292
1780876799.7901273,-0.1064842653980123,0.6831056716301523,0.44056574060633963,80.30424809455872
1780876799.8315926,-0.10664196443715815,0.6828608794534526,0.4407947058768056,80.3457133769989
1780876799.854404,-0.10650200505754259,0.6833085450644752,0.4404963044318054,80.36852478981018
1780876799.891279,-0.10660316364282167,0.682812778005273,0.44076945760084685,80.40539979934692
1780876799.927238,-0.10650477283351464,0.6829647214206609,0.4406418581598421,80.44135880470276
1780876799.9683495,-0.10642689448120964,0.6827528704526823,0.44069494664858466,80.48247027397156
1780876800.004066,-0.10658410037823426,0.6826364602329917,0.4408530841150149,80.51818680763245
1780876800.035661,-0.10635996659167386,0.6826647465714971,0.4406666677077504,80.5497817993164
1780876800.074424,-0.10657197093996167,0.6824713827635224,0.4409575379622707,80.58854484558105
1780876800.1115077,-0.1065325271261472,0.6824460364537177,0.44090438492985057,80.62562847137451
1780876800.1523118,-0.10654508496953834,0.6825582274506974,0.44084959261073237,80.66643261909485
1780876800.184755,-0.10667227711159585,0.6823737093912051,0.4410824439523377,80.69887590408325
1780876800.2180412,-0.10650005943971166,0.6824313287143281,0.44089969743060925,80.73216199874878
1780876800.2621207,-0.10656114639094384,0.682348895332464,0.44100836927632536,80.77624154090881
1780876800.294757,-0.10659390467572939,0.6823199484144553,0.441034955252397,80.80887770652771
1780876800.3365657,-0.10653086650529262,0.6824658221566221,0.44094513718537154,80.85068655014038
1780876800.37522,-0.10650350238176386,0.6823203118748057,0.4409845259760669,80.88934087753296
1780876800.4113667,-0.1066269435326466,0.6820727284597522,0.44121309975486117,80.92548751831055
1780876800.452305,-0.10650440251336608,0.6821064237683346,0.4411248016201139,80.96642589569092
1780876800.493066,-0.10646918338238208,0.6819348228098228,0.4411654600813817,81.00718688964844
1780876800.5239544,-0.10661173602424524,0.6817989226709293,0.44137414610625375,81.03807520866394
1780876800.5607715,-0.10660574336719238,0.6819473640490421,0.44130134394997284,81.07489228248596
1780876800.596321,-0.10656545690491022,0.6819015793216184,0.4412688280980288,81.11044192314148
1780876800.630963,-0.10654928150665352,0.6818699287923866,0.44130640198528814,81.14508390426636
1780876800.6719522,-0.10653981895366482,0.6817282670064523,0.4413432915429964,81.18607306480408
1780876800.718288,-0.10647096005390641,0.6816072689694413,0.44138519203516546,81.23240876197815
1780876800.7410111,-0.1065747486429586,0.6817441079196613,0.44144975306907036,81.25513195991516
1780876800.7788293,-0.10635236796801002,0.6817047967489492,0.44125225980056537,81.29295015335083
1780876800.8143733,-0.1063586865661067,0.68184844557861,0.44122065466482097,81.32849407196045
1780876800.8482401,-0.10623111751495012,0.681525678559058,0.4412057580782527,81.36236095428467
1780876800.8912954,-0.10635504295709565,0.681783170950834,0.44131420183331344,81.40541625022888
1780876800.9144514,-0.10623410038485766,0.6816256149810487,0.44116171778280083,81.42857217788696
1780876800.9544728,-0.10617670218702105,0.6818347635206486,0.44112089229543594,81.46859359741211
1780876800.9949753,-0.10629872088907477,0.681483371362221,0.44130742826657227,81.50909614562988
1780876801.0277665,-0.10622708130126152,0.6814755202691293,0.44128620730178697,81.5418872833252
1780876801.0606053,-0.1062652105827616,0.68137383419751,0.4413551876271607,81.57472610473633
1780876801.102705,-0.10623461406595203,0.681466515058385,0.4413254241920798,81.6168258190155
1780876801.1401358,-0.10631714839469104,0.6812220626196828,0.44146414054852545,81.65425658226013
1780876801.1732996,-0.10613308057041855,0.6812834903795423,0.44132251196140637,81.68742036819458
1780876801.2066364,-0.1063609386962517,0.6811516700509509,0.4415641843197752,81.72075724601746
1780876801.2421763,-0.10613282333387326,0.6813287345282815,0.44131684438119273,81.75629711151123
