t,x,y,z,yaw,time_s
1780876720.4728034,4.002699270564459,-2.986089183194927,0.218832727724149,-0.31053934610553124,0.9869241714477539
1780876720.496206,4.002639393325527,-2.9858533979427064,0.2190838613045154,-0.3085732121178939,1.010326862335205
1780876720.5193913,4.002573817165351,-2.9856102236001747,0.21918273343499595,-0.3066267163710923,1.0335121154785156
1780876720.539147,4.00261248200457,-2.9856862472324677,0.21884628797764372,-0.3042468089437893,1.0532677173614502
1780876720.5652626,4.002620376798869,-2.98574082255214,0.21932494488664883,-0.3019092181614811,1.079383373260498
1780876720.5853148,4.0025865093944955,-2.9856128659050425,0.21876960881454457,-0.299818235628063,1.099435567855835
1780876720.608293,4.002533019092525,-2.9855188999969866,0.21941154031569982,-0.2976999583030011,1.1224138736724854
1780876720.6311383,4.00254606576024,-2.9855831179663355,0.2188148749553675,-0.29536487075195295,1.145259141921997
1780876720.6542084,4.002528910014696,-2.9856347387592086,0.2192433343236574,-0.2930600470032445,1.1683292388916016
1780876720.6769621,4.002420893976449,-2.9853606801322012,0.21898212677940437,-0.2912016300544136,1.1910829544067383
1780876720.698902,4.002352374478247,-2.985242275373299,0.21882323838572562,-0.2891425856413701,1.2130227088928223
1780876720.7253585,4.002340170234071,-2.985362205296238,0.21909310370139176,-0.28677085778770506,1.2394793033599854
1780876720.7474961,4.002346326931298,-2.9855411419855917,0.21895450919580328,-0.28432076301617837,1.2616169452667236
1780876720.7691605,4.002274796171894,-2.985477330440571,0.21893661812464923,-0.28221358534225693,1.2832813262939453
1780876720.7932026,4.002158617822415,-2.985286024714495,0.218949973613117,-0.2802885590853297,1.3073234558105469
1780876720.814597,4.002050967421749,-2.985124510891256,0.21881078367338222,-0.27832999764389355,1.3287177085876465
1780876720.8409266,4.002016027513048,-2.985252537703421,0.21884862839563266,-0.27598803912321745,1.3550474643707275
1780876720.865342,4.0019757994337395,-2.9854052544873655,0.2192431865109647,-0.2736186776959153,1.379462718963623
1780876720.8884838,4.001840445440028,-2.985178661657812,0.21882818780920554,-0.27177353861704523,1.402604579925537
1780876720.9133146,4.00173705660095,-2.9851046912979644,0.21868321490163678,-0.26973472605009263,1.4274353981018066
1780876720.9342935,4.0016742633856985,-2.985232920658998,0.21911772053300643,-0.26742787173533067,1.4484143257141113
1780876720.9580686,4.001624721620458,-2.9853631011074784,0.21858641105517806,-0.26511875280005004,1.4721894264221191
1780876720.9812877,4.001524834408956,-2.9853818466036537,0.21887220691690176,-0.26297893772117487,1.495408535003662
1780876721.002046,4.00134000148245,-2.985082492964944,0.21890173955619072,-0.26128763939462596,1.5161669254302979
1780876721.0239277,4.001235496120564,-2.9850645715911734,0.21849985914614023,-0.25921443352858375,1.538048505783081
1780876721.0444577,4.001141593348815,-2.9851727113975266,0.2190465435810943,-0.2569799527421228,1.5585784912109375
1780876721.0671413,4.001077296029811,-2.98533212238541,0.21855378426535962,-0.254674515188956,1.5812621116638184
1780876721.0912182,4.000949847416486,-2.985305975968248,0.21859065742318107,-0.2526395120503073,1.6053390502929688
1780876721.1119123,4.000766941905331,-2.985102932386471,0.21898500121176412,-0.25086698172877586,1.626033067703247
1780876721.1352086,4.0006542303289,-2.9851124498896575,0.21843280270430177,-0.2487999302294308,1.649329423904419
1780876721.158478,4.000536552011963,-2.985198789512145,0.2189511849095421,-0.24663811088149057,1.6725988388061523
1780876721.181308,4.000419512787732,-2.9852120161211873,0.2183141944248636,-0.24458040016744897,1.6954288482666016
1780876721.2047274,4.000267811781342,-2.9851861690339336,0.2188394848304047,-0.24259458379557852,1.7188482284545898
1780876721.225251,4.000119972869136,-2.9851084629536397,0.21830859647294615,-0.2406854651722985,1.7393717765808105
1780876721.248498,3.9999592430155313,-2.985037171829205,0.2184755982047999,-0.2387792648797129,1.7626187801361084
1780876721.270338,3.9998410463530663,-2.9851526346799075,0.21856081528513546,-0.23661706127726356,1.784458875656128
1780876721.2918332,3.9997435726196575,-2.985320030480753,0.21820762272520364,-0.23438370227419192,1.8059539794921875
1780876721.3135834,3.999579947545064,-2.985273629851099,0.2184067616631162,-0.23246699771507773,1.8277041912078857
1780876721.3352466,3.9993622401048134,-2.9849970243540076,0.21858286588810338,-0.23089676930181335,1.849367380142212
1780876721.3571894,3.999250039513842,-2.9851337863425336,0.21823755031453188,-0.22873440157826597,1.8713102340698242
1780876721.3800654,3.999141578712228,-2.985342026210746,0.21844832942687342,-0.22647434281433165,1.89418625831604
1780876721.4009538,3.998945511722684,-2.985131779444742,0.2181350891746704,-0.22482941716133942,1.9150745868682861
1780876721.4238107,3.998744137083113,-2.9849528078694783,0.21841962833836295,-0.2231565444617729,1.9379315376281738
1780876721.4447713,3.9986537646416145,-2.9852101015613552,0.21805699365238615,-0.22084632172546437,1.9588921070098877
1780876721.4686215,3.9985337167096757,-2.9853889738372335,0.21818820942310818,-0.21865723619454425,1.9827423095703125
1780876721.4928129,3.9983335127602664,-2.9851707357192896,0.21791526346747206,-0.21706248728371857,2.0069336891174316
1780876721.5144,3.998132911068474,-2.985030906281072,0.21850829203285443,-0.2153682450879546,2.0285208225250244
1780876721.5379982,3.998025648211269,-2.9851986220607456,0.21780990714460957,-0.21321532493691064,2.052119016647339
1780876721.5579965,3.9979016093452664,-2.9853833644389223,0.21807856491481756,-0.21104643137810797,2.072117328643799
1780876721.5800228,3.9976977064479717,-2.9851498639651513,0.21785422821367054,-0.2095080173824142,2.0941436290740967
1780876721.602191,3.997487656957155,-2.984930870868213,0.21814761166138424,-0.2079644446670854,2.11631178855896
1780876721.6239936,3.997387257758002,-2.985161960493344,0.21773499773352264,-0.20574343507425885,2.1381144523620605
1780876721.6476624,3.997270550381693,-2.985383825516369,0.21800923344877893,-0.2035421055554596,2.161783218383789
1780876721.6684504,3.9970753410084323,-2.985159133285915,0.21763861996980055,-0.20202267529874218,2.1825711727142334
1780876721.6936822,3.9968663028629496,-2.984933452675011,0.2180305492323262,-0.20052152214986352,2.2078030109405518
1780876721.7151215,3.996765972557969,-2.9851649732125445,0.21768419992846597,-0.19832309528176895,2.2292423248291016
1780876721.7355995,3.996663455571643,-2.985418908793339,0.21767391160307156,-0.1960918011427042,2.249720335006714
1780876721.758442,3.9964919883268313,-2.985288265326589,0.21735931521435486,-0.19445935615805388,2.2725627422332764
1780876721.7781913,3.9962897775218114,-2.9850974499987957,0.218047641623232,-0.19293269220346554,2.2923121452331543
1780876721.7999408,3.9961340928964395,-2.984966724285924,0.21716143680116276,-0.19131077210744873,2.3140616416931152
1780876721.821654,3.9959681894676216,-2.984903407024691,0.21753105193426026,-0.1895946668499935,2.3357748985290527
1780876721.841848,3.995868215373318,-2.9851661722860348,0.21774635864176084,-0.1873770050078427,2.355968713760376
1780876721.8735695,3.995783334421238,-2.985418458344884,0.21724766717037286,-0.185170893199039,2.387690305709839
1780876721.8966277,3.9956448114411227,-2.985428140994357,0.2171963204268428,-0.1833548073316691,2.4107484817504883
1780876721.9191163,3.9954541293394654,-2.985180560760842,0.2175080088946213,-0.18195134857359907,2.433237075805664
1780876721.9429233,3.995265397644609,-2.9849012386135367,0.21757098161579672,-0.18060549391920766,2.4570441246032715
1780876721.963114,3.995161250613031,-2.9849960335135943,0.21704401045306415,-0.17866498937462216,2.4772348403930664
1780876721.9838,3.9950391241227803,-2.9851237404846875,0.21776530616203268,-0.1766816513477445,2.4979207515716553
1780876722.0074072,3.9949317936433673,-2.985149983087896,0.21700031301850797,-0.17485454521119914,2.5215280055999756
1780876722.025421,3.9947949564175964,-2.9851104028837576,0.21729062712208164,-0.17314392041728022,2.539541721343994
1780876722.0507636,3.9946552556478516,-2.9850094604837953,0.21726100525541114,-0.1715335187645084,2.5648844242095947
1780876722.0742645,3.9945312286885,-2.984942039105,0.21703645365566449,-0.16987012318266093,2.5883853435516357
1780876722.0974536,3.9944197183892656,-2.9850165134391053,0.21743352207021677,-0.16798665799586976,2.611574411392212
1780876722.121567,3.994347535461153,-2.9851902457952493,0.21697786093387025,-0.1659377287521484,2.635687828063965
1780876722.1429691,3.9942289746175876,-2.9851463535208573,0.2170584439014087,-0.1642441470391902,2.657089948654175
1780876722.1669767,3.994074672880727,-2.9848778595310734,0.21734812271662732,-0.1629265955582806,2.6810975074768066
1780876722.1863766,3.9939979191557082,-2.985008236967477,0.2171962216425565,-0.16096026241130668,2.7004973888397217
1780876722.2078924,3.993943196744458,-2.9852226645529045,0.2168066085742062,-0.15884862496430685,2.722013235092163
1780876722.2305622,3.993842714560989,-2.98517687426942,0.21675957846050695,-0.15716944537481403,2.744683027267456
1780876722.250786,3.9937013278614586,-2.9849053466319395,0.21720088328776227,-0.15586602628442048,2.764906883239746
1780876722.2739863,3.9935986167308712,-2.984770171398547,0.21699254671115253,-0.15434319228267412,2.78810715675354
1780876722.2942896,3.9935480097049503,-2.9849362655715233,0.21680677827093672,-0.15231701856394864,2.808410406112671
1780876722.3169262,3.9934656569883087,-2.9849666635714733,0.21722895811459922,-0.1505180955100971,2.8310470581054688
1780876722.3401098,3.993373042780286,-2.9847452165178865,0.21661396925039927,-0.14913301826868874,2.8542306423187256
1780876722.3615894,3.993279142928174,-2.9846243621411275,0.21695923962108843,-0.14759104178619298,2.8757102489471436
1780876722.3849723,3.993261540268037,-2.9849151147966237,0.21680742592795685,-0.14535896647553948,2.8990931510925293
1780876722.405156,3.993212640158255,-2.984982904901985,0.2166980674350155,-0.14349281242055456,2.919276714324951
1780876722.429549,3.9931261970087304,-2.9847699251574924,0.2167597545655385,-0.14210309349625128,2.9436697959899902
1780876722.4532492,3.993051948292855,-2.9846305080367026,0.2168938078264568,-0.1405924386731412,2.96737003326416
1780876722.4765897,3.993027239786828,-2.9847102943818298,0.216457791877885,-0.13870726803325928,2.990710496902466
1780876722.499678,3.9929780790936316,-2.9847623770125096,0.21714019079181215,-0.13687250703776055,3.013798713684082
1780876722.519862,3.992945216314955,-2.9846656796652486,0.2163219935417549,-0.13527954935732645,3.033982753753662
1780876722.542006,3.992885787042738,-2.9845368504552146,0.21682090404543494,-0.13374730135670365,3.056126832962036
1780876722.5656815,3.9928658346638617,-2.9845731885258435,0.21663788163712838,-0.13193321555012538,3.0798022747039795
1780876722.5869868,3.9928640961653215,-2.9846827801325797,0.21636394575114565,-0.1299906286521204,3.101107597351074
1780876722.6086547,3.992828493834641,-2.9846647460635514,0.21705662585900792,-0.12826460012324148,3.1227755546569824
1780876722.6328847,3.9927951793537297,-2.984392431145663,0.21634825431894775,-0.12696391344867175,3.147005558013916
1780876722.650961,3.9927565303285735,-2.984181726818754,0.21651892668100856,-0.12556362986677438,3.165081739425659
1780876722.673843,3.992780541718878,-2.9843685767782473,0.2163358307106241,-0.12348272056213938,3.1879637241363525
1780876722.6950626,3.9927914490000247,-2.984571592647236,0.21704582863917224,-0.12137387406128664,3.20918345451355
1780876722.7169607,3.9928027868441114,-2.9844802385621176,0.2162706236532998,-0.11975451026485917,3.231081485748291
1780876722.7412899,3.9927848101800323,-2.9842540600911414,0.21639497555924075,-0.11836985030204517,3.255410671234131
1780876722.7599673,3.9927844894242446,-2.984223484383495,0.2169614184223648,-0.11665356186702347,3.274088144302368
1780876722.7831707,3.992846988253295,-2.9844567032807316,0.2163057880528285,-0.11447755908306778,3.2972915172576904
1780876722.8036191,3.9928814811098694,-2.984561678289437,0.21639144600615126,-0.11251573337409271,3.317739963531494
1780876722.824522,3.9928847544102783,-2.984302735048756,0.21629208846295317,-0.1111742217217282,3.3386428356170654
1780876722.8474522,3.992878580346431,-2.9840490475823755,0.21689376395387164,-0.10982408234370578,3.3615729808807373
1780876722.8680153,3.9929329045368505,-2.984019862474971,0.21611498641033228,-0.10804039810204946,3.382136106491089
1780876722.8909898,3.9929596630494153,-2.983941336502032,0.21660497912257026,-0.1061334771646183,3.4051105976104736
1780876722.9114592,3.9930294263989605,-2.9841282356123164,0.21653583670992257,-0.10377711254512478,3.4255800247192383
1780876722.9345245,3.9931039929357817,-2.9842806130149726,0.21630823348753375,-0.10147982324377791,3.4486453533172607
1780876722.9568977,3.9931489266245683,-2.984170814143077,0.21641997217603076,-0.09963728805722383,3.4710185527801514
1780876722.977664,3.993159813705313,-2.983712592347669,0.21673503056262544,-0.09820997850877866,3.4917848110198975
1780876723.0025125,3.993220221274256,-2.983572968727349,0.21642862420518838,-0.09615951447636606,3.5166332721710205
1780876723.0226622,3.9933192770948756,-2.9837667195622686,0.21606117563328958,-0.09354629899210964,3.53678297996521
1780876723.0458684,3.993389111016904,-2.983900568968044,0.21697966089539733,-0.09105015821152396,3.5599892139434814
1780876723.0671573,3.993459559182266,-2.9836692437108865,0.21646975978166802,-0.08913109775082839,3.581278085708618
1780876723.0876892,3.993506057414725,-2.9831519259073285,0.21619266179443436,-0.0874551044499885,3.6018099784851074
1780876723.1110928,3.993590924681388,-2.983008621715276,0.21580401056153237,-0.08516429379740886,3.625213623046875
1780876723.1309605,3.9936832208079722,-2.983065535180946,0.21616650089126038,-0.08254872463156859,3.6450812816619873
1780876723.1545777,3.9937984890261706,-2.9834207649519744,0.21673683228330148,-0.07945485121714269,3.66869854927063
1780876723.1793418,3.9939195533258576,-2.983526780636621,0.21628928568484065,-0.07658254147219878,3.693462610244751
1780876723.1995099,3.9940120632793494,-2.9832787340496254,0.2161772906321317,-0.07418377912344631,3.7136306762695312
1780876723.2232583,3.9940856829684006,-2.983017750337525,0.21711594056186764,-0.07183647007295413,3.7373790740966797
1780876723.2431262,3.99421371452602,-2.982859328709526,0.2160732895870313,-0.0693400916356346,3.757246971130371
1780876723.265092,3.9943270083932054,-2.9827627182762413,0.2161588250944798,-0.06673225957833706,3.779212713241577
1780876723.289117,3.994418621520925,-2.98255486109477,0.21714624112592348,-0.063902225662682,3.8032379150390625
1780876723.3096685,3.9945735051628324,-2.982743760294393,0.21655319004254786,-0.060437366988276064,3.823789358139038
1780876723.3332298,3.994732935432485,-2.9830296220921544,0.21625301940300312,-0.05685107082579277,3.847350597381592
1780876723.3574462,3.994873263558407,-2.9829825611136602,0.21604648708115415,-0.05386223733717754,3.8715670108795166
1780876723.3769448,3.9949756522080637,-2.9822984989990022,0.21634299067588,-0.0513290953850305,3.8910655975341797
1780876723.3990557,3.9950619488069794,-2.9815110415393034,0.21732224554433446,-0.04852231646307681,3.9131765365600586
1780876723.4191017,3.9952014070494988,-2.981276897404411,0.21722705511878765,-0.0448500953327029,3.933222532272339
1780876723.4409955,3.9953882202119,-2.981598892367921,0.2160660018910485,-0.0403162669049868,3.9551162719726562
1780876723.464061,3.9955734928074786,-2.9821536736300547,0.2154503492465387,-0.03546237364898985,3.978181838989258
1780876723.4839394,3.9957370134636894,-2.9829055700293683,0.21619953453235494,-0.0308378837836214,3.9980602264404297
1780876723.5077221,3.9958984088170277,-2.983137970082728,0.21627809673346782,-0.027143697614010698,4.021842956542969
1780876723.529933,3.9960621754313506,-2.9827798091835573,0.21543469438775534,-0.024467244920545195,4.044053792953491
1780876723.551104,3.9962154350132306,-2.982027545068981,0.21464303674923618,-0.02248491572910094,4.065224885940552
1780876723.5743,3.9963359944842476,-2.9813964468801406,0.2156731800826075,-0.020578990849488665,4.088420867919922
1780876723.594417,3.9964406492345543,-2.981061973740603,0.21798097122407983,-0.018620956027232793,4.108537912368774
1780876723.6170795,3.9966050146418515,-2.9808070239242133,0.21752137936304988,-0.016552317610219358,4.131200313568115
1780876723.6372702,3.9968025711842423,-2.9808480027336275,0.21543354173087573,-0.014026387553342623,4.15139102935791
1780876723.6619296,3.996962511591232,-2.980961281480054,0.21485195284713607,-0.011403817326078425,4.176050424575806
1780876723.6865242,3.9970857597946634,-2.9814562167244043,0.21612286198500436,-0.008788137061502166,4.2006449699401855
1780876723.7069538,3.9971931290275906,-2.9818041639287727,0.21813696989062847,-0.00651175538639448,4.22107458114624
1780876723.7280908,3.9973341758114453,-2.981753820222413,0.21832252566269222,-0.004883956672324441,4.242211580276489
1780876723.7486594,3.9975125364858384,-2.9813727230545286,0.2163740273779757,-0.003782701155984114,4.26278018951416
1780876723.7712557,3.9976664060867533,-2.9808806993196226,0.21523715129785478,-0.002976837055706394,4.28537654876709
1780876723.793913,3.997779843632422,-2.980553864948858,0.21593257856729747,-0.0021395652401041687,4.30803370475769
1780876723.8151755,3.997872690497314,-2.980400281696744,0.2176356231639078,-0.001021166668450313,4.329296350479126
1780876723.8360305,3.9979865115985262,-2.9807710882073697,0.2182511007753349,0.000931143357005837,4.350151300430298
1780876723.8562284,3.9981397895339947,-2.9813247502750984,0.21658178507579107,0.003177484530665353,4.370349168777466
1780876723.8790267,3.9982621511872747,-2.982004236512378,0.21599044805735856,0.005439298604117404,4.3931474685668945
1780876723.9017673,3.998364773159299,-2.9824575851632504,0.21601068670897886,0.007269640238531494,4.415888071060181
1780876723.924182,3.998480872522564,-2.982340271045278,0.2152969271346904,0.008225592846024199,4.438302755355835
1780876723.9471982,3.99857013821412,-2.982051279823825,0.2158377710259198,0.008926203387200182,4.4613189697265625
1780876723.96882,3.998636138264903,-2.981637120038665,0.21752755792826747,0.009391605178993068,4.482940912246704
1780876723.9933734,3.998731078210122,-2.980900724291774,0.21791134932156617,0.009206668015652397,4.507494211196899
1780876724.01629,3.998854666558082,-2.9804897532977863,0.21656191717994075,0.00953724583483151,4.5304107666015625
1780876724.0387156,3.998959666487597,-2.9803640973297627,0.21568159915642351,0.01033762098251767,4.5528364181518555
1780876724.064088,3.999023041063017,-2.98029562826956,0.21656350780809488,0.011252582182686766,4.578208923339844
1780876724.0893166,3.999077865982806,-2.9807898685287153,0.2172873150163961,0.012837334973774261,4.603437423706055
1780876724.1088693,3.999126252929021,-2.9816530884387613,0.21784860902742922,0.014998179645408172,4.622990131378174
1780876724.1322174,3.9991744632213284,-2.9821654719182806,0.21827848343504863,0.016664297910947923,4.646338224411011
1780876724.1536744,3.999246461859706,-2.982114514516521,0.21761855438922592,0.017517567444253146,4.667795181274414
1780876724.1764176,3.9993262648360304,-2.981696973360614,0.2165503965729429,0.017753573824890623,4.69053840637207
1780876724.1991067,3.999368772533043,-2.981309911092102,0.21708721008447995,0.01797790019366108,4.7132275104522705
1780876724.2198434,3.999384158614841,-2.9810426414770728,0.2187480257495488,0.018416715409006024,4.733964204788208
1780876724.24202,3.999423487047256,-2.9811227028972813,0.21861150622233017,0.019403714603406286,4.75614070892334
1780876724.2627692,3.999475319538351,-2.9815416907325063,0.21706404478935767,0.020920281949821096,4.77689003944397
1780876724.2839813,3.9994864244774844,-2.982072168519166,0.21692487786885875,0.02255168885039538,4.798102140426636
1780876724.3054416,3.9994703839153427,-2.9824525991063218,0.21788217115745773,0.023997036867304367,4.8195624351501465
1780876724.3287807,3.9994779080153933,-2.9822855511260578,0.21793539324971922,0.024692049928782822,4.8429014682769775
1780876724.3541145,3.9995013441550133,-2.9816684232548303,0.21746580439742894,0.024776675611330568,4.868235349655151
1780876724.3764307,3.9995641185842365,-2.9786991125475533,0.21800331765558556,0.024940594790301418,4.890551567077637
1780876724.4010282,3.99968295844447,-2.974890144887054,0.21787054153910543,0.025866493161356807,4.915148973464966
1780876724.4229877,3.999808185727865,-2.971894159734897,0.2173055450514519,0.027754454870662748,4.937108516693115
1780876724.4440749,3.999923770026491,-2.969753359592161,0.21673630337929187,0.030690554336620046,4.958195686340332
1780876724.4666915,4.00001755775454,-2.9684923322330485,0.21647764864533758,0.034728646316268375,4.980812311172485
1780876724.4868875,4.000074745799534,-2.968251859861016,0.2167110522736574,0.03988761253049233,5.0010082721710205
1780876724.5106115,4.0000974634825734,-2.96888306112377,0.21743779018353654,0.0461361232847457,5.024732351303101
1780876724.5347779,4.00008678761242,-2.9703530893011987,0.2185120811929457,0.05340069410252557,5.048898696899414
1780876724.5549693,4.000048180143762,-2.9725991007084396,0.21965668372720415,0.06157115346212727,5.069090127944946
1780876724.5772405,3.999984085603798,-2.9756208948609593,0.2204988898051656,0.07051141849363418,5.0913612842559814
1780876724.5971649,3.999908276377046,-2.9792738708002537,0.22059351881377112,0.08006667385558686,5.11128568649292
1780876724.6201222,3.9998717350495707,-2.983113055090463,0.2188213944419456,0.0897135517480212,5.134243011474609
1780876724.6422615,3.999924935681586,-2.986314196885292,0.21582717240137975,0.09834280349036284,5.156382322311401
1780876724.6639788,4.0000598892244295,-2.988710074822821,0.21262256569794724,0.10573504082168661,5.178099632263184
1780876724.6858392,4.000259614214886,-2.9903867581729386,0.20975339905707435,0.1118111977482279,5.199959993362427
1780876724.7067363,4.000536978728167,-2.9913303751734537,0.20660558704030935,0.11679497171657527,5.2208571434021
1780876724.7289379,4.000889123459495,-2.9915862430411946,0.2030424117605483,0.1207742491638939,5.243058681488037
1780876724.7507946,4.001308982399111,-2.99112265241558,0.19972943524602782,0.12372332145499065,5.264915466308594
1780876724.7733936,4.0017094132077915,-2.9904147376772516,0.1989606020506865,0.12612917734212825,5.2875144481658936
1780876724.7990596,4.002073636934275,-2.9896081361809546,0.20127202005547354,0.12817860055646513,5.313180446624756
1780876724.8221104,4.002430753494239,-2.988653122480642,0.2060790416001224,0.12995107585888377,5.336231231689453
1780876724.8410635,4.002874552717041,-2.9872155761525048,0.21106388781849175,0.13108952907136473,5.355184316635132
1780876724.8661296,4.003446506438886,-2.9850044286046615,0.21599601042481795,0.13123018250816187,5.380250453948975
1780876724.8897607,4.004117479122961,-2.9822850373683125,0.22041294149452675,0.13051984804943118,5.403881549835205
1780876724.9112067,4.004889246169494,-2.9791179152833775,0.22328348759708613,0.1292358501802955,5.42532753944397
1780876724.9353337,4.005700874000209,-2.9761061433371943,0.2229560398826917,0.12805003719955899,5.4494545459747314
1780876724.9537556,4.006443126795133,-2.9737401051682966,0.22150157992494607,0.1275207309162667,5.467876434326172
1780876724.9779963,4.006940257617305,-2.973204337299125,0.21959650951841514,0.12777671744010632,5.492117166519165
1780876724.9989223,4.007155942609558,-2.97465579814933,0.21751297100054715,0.12887290845106403,5.513043165206909
1780876725.0209064,4.007258826050843,-2.9768053898496216,0.21522591541305308,0.1307659601412361,5.535027265548706
1780876725.0446105,4.007264875345414,-2.9794393638285364,0.21350502807343966,0.13322870504458706,5.558731317520142
1780876725.065085,4.007206544499464,-2.982107556639853,0.21422022754226663,0.13576060172836524,5.579205751419067
1780876725.0901275,4.007089600623475,-2.9848352178726656,0.21717932090152353,0.13820267018732224,5.604248285293579
1780876725.1111372,4.007042897980211,-2.98698556478525,0.2202287969834135,0.14007633814619602,5.625257968902588
1780876725.1345866,4.007095398541245,-2.9884211069151463,0.22269349734850818,0.14124845420922227,5.648707389831543
1780876725.1584806,4.007241832165483,-2.989155963550024,0.2245970099191721,0.14174718704392575,5.6726014614105225
1780876725.1796656,4.007460411378821,-2.9893360313923747,0.22590700260084187,0.1416099431741369,5.693786382675171
1780876725.201897,4.007759963242031,-2.988894073813994,0.22656421998146775,0.14087517349822143,5.716017723083496
1780876725.2218647,4.008142516831019,-2.987820581063014,0.22647445837707428,0.1395825911915356,5.735985517501831
1780876725.2442691,4.008604080978448,-2.9861547519788822,0.2255161320082063,0.13777580190289562,5.758389949798584
1780876725.266421,4.009137432015459,-2.983953162002449,0.22356562425336,0.13549939818999057,5.780541896820068
1780876725.2872176,4.009707611577543,-2.9814913618360896,0.22025833635090777,0.13289283241846395,5.80133843421936
1780876725.3139534,4.010220176443382,-2.9793366031672894,0.21639142895751134,0.1306149944570869,5.828074216842651
1780876725.3342724,4.010631338997926,-2.9776288129467816,0.21359111386369478,0.12880115857559815,5.848393201828003
1780876725.3594549,4.010923588722015,-2.9765611497264945,0.21160198068585656,0.1276327282761045,5.873575687408447
1780876725.3827145,4.011075821536865,-2.976271887525448,0.21076218974642308,0.12713233318518213,5.8968353271484375
1780876725.4058537,4.011101729349634,-2.97663193617716,0.21140819985897089,0.12725559403275177,5.9199745655059814
1780876725.4273574,4.010999824230713,-2.977749039569739,0.21273659904773498,0.12809874231021467,5.941478252410889
1780876725.4471643,4.010793873083216,-2.9793636497242817,0.2154808145693224,0.12942933928616362,5.96128511428833
1780876725.4718175,4.010494576073559,-2.9815352639957746,0.2185732092071534,0.1312811529003497,5.985938310623169
1780876725.4955847,4.010136210155476,-2.9839673116381222,0.2223966813574586,0.13339081496953398,6.009705543518066
1780876725.51609,4.009811279094515,-2.986194897503288,0.22488829313729497,0.1353724948500874,6.030210733413696
1780876725.5383952,4.009565412019968,-2.987822074243236,0.22621541542260873,0.13689427918743569,6.052515983581543
1780876725.5627701,4.009395515293818,-2.988839060057296,0.2265172793736274,0.13795458215218126,6.07689094543457
1780876725.582043,4.009301285629706,-2.9892300922621504,0.2259165968235205,0.13855030461919604,6.096163749694824
1780876725.6058247,4.009281557948116,-2.9889903318982323,0.22452224719034033,0.13867875313527023,6.119945526123047
1780876725.6266959,4.009335047743583,-2.988116050406962,0.2224267705543148,0.13833913101785988,6.140816688537598
1780876725.6485872,4.009459547456768,-2.986612492776797,0.2196966378166002,0.13753438978944033,6.162708044052124
1780876725.670887,4.009629086578998,-2.984608776400442,0.21690819036371867,0.13636223944337544,6.185007810592651
1780876725.6905794,4.0097513988705265,-2.982567372916403,0.21620133129748179,0.13519459909712062,6.204700231552124
1780876725.7123935,4.009808850420198,-2.980625471413086,0.21776609760636473,0.13414418318122667,6.2265143394470215
1780876725.7339492,4.009773649967451,-2.979210192918311,0.21972638057578572,0.13354169400816218,6.248070001602173
1780876725.75613,4.009632413484535,-2.9785073389582464,0.22118955224329168,0.13353025019740627,6.2702507972717285
1780876725.7799647,4.0093837165566635,-2.978500946986244,0.22216605025703817,0.1340962322037793,6.294085502624512
1780876725.7989783,4.009027764665532,-2.9791726482981646,0.2226097608002391,0.13521916619774377,6.313099145889282
1780876725.8223374,4.008567401565864,-2.9804936325733866,0.22242424931974655,0.13687260843343996,6.336458206176758
1780876725.8420792,4.008008150569542,-2.98242142011484,0.2214765160656368,0.13902561919677048,6.3561999797821045
1780876725.8640697,4.007363218339996,-2.9848222291605047,0.22000160335818136,0.14158379031133173,6.378190517425537
1780876725.885815,4.006692288130571,-2.98710087760314,0.21959197347336085,0.1440964959422235,6.399935722351074
1780876725.907851,4.006095525268359,-2.988728922773775,0.21874075145007665,0.14614605456814278,6.421971797943115
1780876725.9329984,4.005585839814703,-2.989625299853029,0.21748525242267203,0.14766364679182153,6.447119235992432
1780876725.955107,4.005165281492195,-2.9897648698893042,0.21604444218471072,0.14862536606055166,6.4692277908325195
1780876725.9790688,4.0048363847892166,-2.9891317165355646,0.21455035814544232,0.14901739801304714,6.493189573287964
1780876726.0007572,4.004552471805253,-2.9879551897364327,0.21408180210805672,0.14900448779092823,6.514878034591675
1780876726.0208843,4.004236270105889,-2.9866145997450357,0.21622862623363864,0.14887455576508657,6.53500509262085
1780876726.044156,4.003892128382991,-2.9851679662491817,0.22059816738228907,0.14867653211431175,6.558276891708374
1780876726.0651054,4.003587446136606,-2.98346530436563,0.22456122980840634,0.14829317890537386,6.57922625541687
1780876726.089134,4.003327294676976,-2.9817605827241773,0.22485932611679962,0.1479091385871225,6.603254795074463
1780876726.1112542,4.00301218790436,-2.980496596145784,0.22325351645551272,0.14786796133435764,6.625375032424927
1780876726.1320326,4.0025914703728205,-2.9798657344851205,0.2208463277900693,0.14833368184511375,6.646153450012207
1780876726.1561778,4.002051752864711,-2.9799038739990418,0.21791941315860117,0.14934347107728208,6.6702985763549805
1780876726.176136,4.001386450387913,-2.9805955605219645,0.21488977852956967,0.15089576629790535,6.690256834030151
1780876726.1975472,4.000628369976155,-2.981519229814056,0.2139367709049681,0.152669111917084,6.711668014526367
1780876726.222143,3.999794716859361,-2.9825314984642906,0.21563095507902844,0.15454410175279598,6.736263751983643
1780876726.2421906,3.99890339925685,-2.983589920524907,0.21963819877937893,0.15647793648447994,6.756311416625977
1780876726.2661874,3.9979975610921925,-2.984621697193418,0.22439664194607073,0.15840155389094868,6.780308246612549
1780876726.2903292,3.9971394800194555,-2.9856189452980395,0.2256400409449631,0.16030623670762267,6.804450035095215
1780876726.309945,3.9963357804621293,-2.986464767868519,0.22363377023695322,0.16210208549790384,6.824065923690796
1780876726.3317285,3.9956168606872398,-2.98673498832636,0.22057203015791224,0.16342926682763803,6.845849275588989
1780876726.3520763,3.994985493038463,-2.9863638413002835,0.21690458862110917,0.16422025944944707,6.866197109222412
1780876726.3742924,3.9943682853558697,-2.985645237852855,0.21444951687191424,0.16471399561307543,6.888413190841675
1780876726.3961854,3.993709341011193,-2.9848266316278385,0.21456858260012796,0.1651230624955753,6.910306215286255
1780876726.4159038,3.9930096840123905,-2.983942363748222,0.2171714126139894,0.1654760334792531,6.93002462387085
1780876726.439366,3.9922792877311672,-2.983029960233679,0.2217714715311284,0.1658061024908326,6.953486919403076
1780876726.4599698,3.991566860716791,-2.982149514461221,0.22484640881243395,0.16615943481198236,6.974090576171875
1780876726.4819884,3.9909038522165803,-2.981289395957168,0.22399331249014579,0.16651605264543612,6.996109247207642
1780876726.5057993,3.9902066657370945,-2.9807527300829504,0.22079411253661013,0.16715405093681301,7.019920110702515
1780876726.5269442,3.9893953950601415,-2.9808074742181696,0.21690982151375085,0.1683435415654433,7.041064977645874
1780876726.5490837,3.9884963538914637,-2.98109591855786,0.214498772041238,0.16977094493614509,7.063204526901245
1780876726.56986,3.987529003296041,-2.981442596554335,0.21459504685657935,0.17127314984840236,7.0839807987213135
1780876726.591259,3.9865032339402546,-2.9818274127505364,0.21711241560710154,0.1728287541746063,7.105379819869995
1780876726.6142776,3.985436181249187,-2.9822506116839915,0.22151866985471186,0.1744276896992787,7.128398418426514
1780876726.634839,3.9843804396867473,-2.9827751090413295,0.22406277176279676,0.17612173474874204,7.1489598751068115
1780876726.6578698,3.983378881152939,-2.9832986055659285,0.22269778598587356,0.17780995563836388,7.171990633010864
1780876726.6781695,3.982453973612717,-2.983507658200442,0.2190054525985666,0.17918758796390222,7.192290306091309
1780876726.7032926,3.98157120217339,-2.9833258580633615,0.21563790618191347,0.18016424703230882,7.217413425445557
1780876726.7267873,3.9806469825948456,-2.983069144560765,0.21456344133078692,0.1810642438308694,7.240908145904541
1780876726.7471664,3.9796843517249325,-2.982747056466607,0.2158782078109736,0.181895752218578,7.261287212371826
1780876726.7700806,3.9786934103373808,-2.9823673326790106,0.21931296854631788,0.18266650664469708,7.284201383590698
1780876726.7907188,3.977757484783395,-2.981713573757914,0.22269957427968956,0.18313931418997065,7.304839611053467
1780876726.814039,3.9768939586159253,-2.9809872097555044,0.22259674846170205,0.1835103321271383,7.328159809112549
1780876726.834954,3.9760617654005332,-2.9803586452644546,0.21904472066224082,0.18396530306780612,7.349074840545654
1780876726.8561747,3.975165264277621,-2.979951094996555,0.21578598324160633,0.18466718999251253,7.370295524597168
1780876726.882903,3.9742102841786298,-2.979579349216963,0.21473630154138973,0.18542035381650557,7.397023916244507
1780876726.90372,3.973199582133452,-2.9792550297551577,0.21597173625578284,0.18623757526759643,7.4178407192230225
1780876726.9258611,3.9721356683431335,-2.97904106625957,0.21900050129436435,0.18718696760311992,7.439981937408447
1780876726.9490998,3.970988714292648,-2.9793314624453693,0.22145878191305912,0.18872569046383703,7.463220596313477
1780876726.9698317,3.9698271544534385,-2.979907304585769,0.2214551082195838,0.1906012302367408,7.483952522277832
1780876726.9925408,3.9687217122360776,-2.980452666595638,0.2181192466336283,0.1924364760341719,7.506661653518677
1780876727.0160959,3.967596547900295,-2.980930438203845,0.21574001317858926,0.19420005774008242,7.530216693878174
1780876727.035521,3.9664367014018325,-2.9813416802523207,0.2154583789392297,0.19589082070847752,7.549641847610474
1780876727.058066,3.9652661818835937,-2.9816128891100555,0.2170136898163153,0.19740917599093422,7.572186708450317
1780876727.0799642,3.9642091257595693,-2.981341439409348,0.2182350641943778,0.19823090992807657,7.594084978103638
1780876727.102704,3.9632880648207314,-2.9804723460512816,0.21858724853303477,0.1982636189055933,7.6168248653411865
1780876727.1253662,3.9624907577550332,-2.979072004619504,0.21811154741951239,0.1975691634184944,7.639487028121948
1780876727.1454463,3.96168793376907,-2.977649234791862,0.21832153252171194,0.19681229548454038,7.65956711769104
1780876727.1676774,3.960792054261967,-2.976762885026836,0.2178550688383378,0.19675209458224074,7.681798219680786
1780876727.1887145,3.9597905322834865,-2.976480015100856,0.21654219763312582,0.1975066313490057,7.702835321426392
1780876727.2113528,3.95868376024887,-2.976736196612781,0.2148826927219561,0.1990043320062984,7.725473642349243
1780876727.2347524,3.9575161679608093,-2.977108861807764,0.21501176805173072,0.20068368886463706,7.748873233795166
1780876727.2557485,3.9563037297585675,-2.9775171428275384,0.21715107935472217,0.20242766385319833,7.769869327545166
1780876727.278619,3.9550671477410044,-2.9780190838997824,0.21992590238928272,0.20431030543580064,7.7927398681640625
1780876727.2997055,3.9538922231632356,-2.9785607506366025,0.2193270231696711,0.20623840041948682,7.813826322555542
1780876727.322178,3.952834226631135,-2.978705806287475,0.21684434597021143,0.2075860193358059,7.836298704147339
1780876727.3446653,3.951851830352409,-2.9784539030739596,0.21445172116237685,0.20834259248247733,7.858786106109619
1780876727.3658829,3.9508418897625255,-2.97813449046882,0.2141043105864067,0.20900146310864898,7.8800036907196045
1780876727.38921,3.949807256306612,-2.9777592943321674,0.21583019735109407,0.20958280061819856,7.9033308029174805
1780876727.4091356,3.9487968108041396,-2.9772203228558887,0.21870837596645684,0.2099143436473483,7.9232563972473145
1780876727.4310296,3.9478959341858126,-2.9764410872796105,0.21925397832310856,0.20984807575746878,7.945150375366211
1780876727.4525142,3.9470382706415723,-2.9757932424681575,0.2164958279294383,0.20994956046479274,7.96663498878479
1780876727.4720483,3.9461233953046833,-2.9753556966897534,0.21420272228327777,0.21038561192501248,7.986169099807739
1780876727.4948428,3.945161259219693,-2.9749489560710907,0.21394776612125554,0.21088870909810975,8.008963584899902
1780876727.5168245,3.9441542691859013,-2.974592527614802,0.21568833021948153,0.21148440979328775,8.030945301055908
1780876727.5399354,3.943071816020257,-2.974624195484959,0.21753920864140452,0.21269917066683064,8.054056167602539
1780876727.5636253,3.941902891512789,-2.9751978426098513,0.21824149155770683,0.2147886504119585,8.077746152877808
1780876727.5837045,3.9407721028392544,-2.9758607823164636,0.21621538442042884,0.2170251428350909,8.097825288772583
1780876727.6057534,3.9396770013433775,-2.9763356436419657,0.2144033801173906,0.21895981713115553,8.119874238967896
1780876727.626404,3.938562587906644,-2.97672363993711,0.21444525790789037,0.2207671375610678,8.140524864196777
1780876727.648248,3.937553034633416,-2.9766528306379416,0.2145319849317286,0.22180736476659213,8.162368774414062
1780876727.671915,3.936693380756964,-2.97600640843561,0.21400476859983322,0.22186354717708845,8.186035871505737
1780876727.6919916,3.935857001537483,-2.97518001705745,0.21479814498328823,0.22160940015496333,8.206112384796143
1780876727.7164967,3.9350213015446536,-2.9742720676145478,0.21710107288909586,0.22121644892473746,8.23061752319336
1780876727.7414083,3.934266449714916,-2.9732742492049247,0.21726652796576598,0.22063474136878192,8.255529165267944
1780876727.760001,3.9334583180477405,-2.972721760847585,0.21572058932587157,0.22080306200053812,8.274121761322021
1780876727.7828991,3.9325536327987,-2.972661683208943,0.21363240007718287,0.22184578008670996,8.297019958496094
1780876727.8049183,3.9315952498679354,-2.9726958472419693,0.2132023864125853,0.22308237060337888,8.319039106369019
1780876727.828681,3.9305956645285574,-2.972760009151759,0.21473874004269725,0.2243947233022574,8.342801809310913
1780876727.8530862,3.929553803146953,-2.9729816052010376,0.21722626014784283,0.22599489499702408,8.367207050323486
1780876727.872974,3.928545756558868,-2.9733721146272565,0.21684400916730812,0.2278820480919812,8.387094736099243
1780876727.8978846,3.9276398839339928,-2.9735506063140558,0.21420244937152336,0.2293797407917264,8.412005424499512
1780876727.918101,3.9267322584562017,-2.973604655099411,0.21297281057875192,0.23066547782574442,8.43222188949585
1780876727.9400063,3.9258001636883817,-2.9736057703209013,0.2137134128121098,0.231872543079783,8.454127073287964
1780876727.9618175,3.9249077365657548,-2.9733909531069482,0.2154775473890189,0.23269463544678448,8.475938320159912
1780876727.983613,3.924178437908251,-2.9726360170073582,0.2162816579857477,0.23251389472810136,8.49773383140564
1780876728.005742,3.9235718655596243,-2.9715619497671324,0.2154925430206426,0.23171116079906895,8.51986289024353
1780876728.0272493,3.9229087697964697,-2.9708584184420714,0.2137592564472449,0.23158572070627237,8.541370153427124
1780876728.0495403,3.922194514046728,-2.970260710775246,0.21355185417262326,0.2316798667597313,8.563661098480225
1780876728.0718608,3.9213832918759923,-2.9701043163990115,0.21333267684088886,0.23261061666623828,8.585981607437134
1780876728.0939794,3.92049397370903,-2.970275092010268,0.21359065346266215,0.2341889995877917,8.608100175857544
1780876728.1179338,3.9195437765335046,-2.9706319596854933,0.2149456627595761,0.23613638606105347,8.632054567337036
1780876728.1381252,3.918519318842666,-2.9713871506094747,0.21576593942624003,0.23884840004832775,8.652245998382568
1780876728.161756,3.917604787801402,-2.9717746758090176,0.21596737255741108,0.2408659822328083,8.67587685585022
1780876728.1835325,3.9168538849733934,-2.9716200449915418,0.21509338924306923,0.24184977317820344,8.69765329360962
1780876728.2038412,3.916239350753709,-2.9709973288545117,0.2136016754598196,0.2419301849367157,8.71796202659607
1780876728.2273612,3.915618449347519,-2.9703013443955943,0.21361939909968447,0.24188365964554137,8.741482019424438
1780876728.2477152,3.91496526866293,-2.96964066316563,0.21526290957793004,0.2419258454887281,8.761836051940918
1780876728.2691977,3.9142309427958275,-2.9694125371929885,0.21642003100475812,0.24280728135264695,8.783318519592285
1780876728.2912874,3.9134421370134573,-2.969597250911876,0.21581767895781867,0.24449119985551793,8.805408239364624
1780876728.311561,3.9126111368137706,-2.9700694355024315,0.21411907652091927,0.24673681772352296,8.825681924819946
1780876728.3326802,3.911748910755229,-2.970535294322598,0.21399486461109066,0.2490021915246885,8.846801042556763
1780876728.3527417,3.9109746653112114,-2.9706512117401838,0.2140768555534468,0.2506031632171455,8.866862535476685
1780876728.3747923,3.910363509021412,-2.970230874551813,0.21338436517051698,0.25116166733702094,8.88891315460205
1780876728.3991485,3.9097765006863585,-2.9696534135001778,0.21389428624680143,0.25143256873925424,8.913269281387329
1780876728.4190278,3.909187179171531,-2.969012797294804,0.21582033743822024,0.2516055756827402,8.933148622512817
1780876728.4398441,3.908668192014696,-2.9683514172583934,0.21548152199426782,0.25171828744798486,8.953964948654175
1780876728.4630969,3.908076617052077,-2.968126621752162,0.21376191247075974,0.25268171373671855,8.977217674255371
1780876728.4818,3.907429160294813,-2.9680336400416967,0.21321470312156232,0.2539456747509563,8.995920896530151
1780876728.5033,3.9067439964337245,-2.967957827109189,0.2144873725490461,0.2552794028990677,9.017420768737793
1780876728.5237126,3.9059952017668005,-2.968140766852856,0.21604598310410558,0.2571290235082859,9.037833452224731
1780876728.5461242,3.905286275227338,-2.9684410180325704,0.2148030447326987,0.2591963296096953,9.060245037078857
1780876728.5677803,3.9046201039003052,-2.9685906792243206,0.2136267162355459,0.26098175463219775,9.08190107345581
1780876728.5878677,3.903931034536139,-2.96869094023447,0.21420887527109836,0.2627138904944024,9.101988554000854
1780876728.6119359,3.9033443353343986,-2.968429383246295,0.21484162694396955,0.2637576837601001,9.126056671142578
1780876728.6321988,3.9029166208076185,-2.9676832235014436,0.21468515051338527,0.26385612940840986,9.14631962776184
1780876728.6553915,3.902484418453513,-2.966918533432364,0.21540965840101897,0.2639338373169622,9.169512271881104
1780876728.6780014,3.901948722720707,-2.9666277813297404,0.2154051542077945,0.2649457370623516,9.192122220993042
1780876728.696653,3.901298556435437,-2.966857304173652,0.21444016154252143,0.266981214013164,9.210773706436157
1780876728.719691,3.9005933630122747,-2.967220425474523,0.21446451314048762,0.26930726941442185,9.233811855316162
1780876728.7399945,3.8999005964068343,-2.967459375067634,0.2156288086941626,0.27142081515644456,9.254115343093872
1780876728.7622576,3.8993724049066087,-2.967204404562723,0.21587404555639292,0.27258390775484287,9.276378393173218
1780876728.785937,3.8990064993037272,-2.966470021160632,0.215190775085856,0.27283015126796517,9.300057888031006
1780876728.8073902,3.898621848359784,-2.9657953040433607,0.21487914764850538,0.27320292390594325,9.321511030197144
1780876728.8306997,3.8981247471792835,-2.9655834652283977,0.2140318432827205,0.27448063915506005,9.344820499420166
1780876728.8511221,3.897574986531436,-2.965459707553553,0.2146284036819049,0.27596730514886936,9.365242958068848
1780876728.8724456,3.896926764244033,-2.9656928241697678,0.21525725361184736,0.2781499645511589,9.386566400527954
1780876728.8944242,3.896202617109263,-2.966209521788598,0.2158927372763279,0.2808971662835509,9.408545017242432
1780876728.9150133,3.8955958533983064,-2.9663509798617698,0.21619265145085725,0.2829450911817011,9.429134130477905
1780876728.9372401,3.895168276285924,-2.9659712353413483,0.21538147655983034,0.28401058542674384,9.451360940933228
1780876728.95781,3.8948091812048258,-2.9653472441598074,0.21493581175599785,0.28463034613402893,9.471930742263794
1780876728.9803047,3.894402323535122,-2.9648014333137773,0.2157847908265374,0.2854376233990461,9.494425535202026
1780876729.0034456,3.893873541628214,-2.964743472663865,0.21585701413552347,0.28716999083646044,9.517566442489624
1780876729.0234313,3.8932292589076076,-2.965130254030237,0.21530205439456424,0.2897453450987504,9.537552118301392
1780876729.0450952,3.892560551747839,-2.965507869062244,0.2159549464149992,0.2923358831814413,9.559216022491455
1780876729.0649502,3.8920360098701345,-2.9654485593185638,0.2160449687140412,0.2941298082692878,9.579071044921875
1780876729.088014,3.8916786482234,-2.964906020745514,0.21531151663730197,0.29504954895692137,9.602134704589844
1780876729.1105213,3.8913254169898517,-2.9642739463306595,0.2158018093780795,0.29583540474392933,9.624642133712769
1780876729.1317694,3.8908864629653532,-2.9639080181175785,0.21662107324996902,0.29712808654384126,9.645890235900879
1780876729.1541467,3.8903095735149518,-2.96407763775884,0.21632308837538827,0.2994017880990576,9.668267488479614
1780876729.1795018,3.8896381267164744,-2.9645569372195757,0.21595394871096077,0.3022607303688911,9.693622589111328
1780876729.199217,3.8890516169778517,-2.964734799459502,0.21577589573124728,0.3046039492263155,9.713337898254395
1780876729.2242007,3.8886127626570275,-2.9644756742676095,0.21511818390756443,0.3061689717985967,9.738321542739868
1780876729.2444315,3.8881623637185143,-2.964148800432622,0.21600937369469161,0.30764628589398235,9.758552312850952
1780876729.2679043,3.8877867913218362,-2.963575916284992,0.2171302616388119,0.30871647013420667,9.78202509880066
1780876729.2905805,3.8874408632957858,-2.963069859675409,0.2160317808200429,0.3098982018148959,9.804701328277588
1780876729.31005,3.8870120106696215,-2.9627881743526796,0.21541257258194466,0.31150868921136343,9.8241708278656
1780876729.3363242,3.886527103874909,-2.9625730935226935,0.2162784249380663,0.31327260198707574,9.850445032119751
1780876729.356762,3.8859041595472013,-2.9628180538335793,0.21654789898638913,0.31584454138960183,9.870882749557495
1780876729.3796914,3.885213754807812,-2.9632432408803706,0.2171229867321207,0.3187606405728953,9.89381217956543
1780876729.402314,3.884666475141321,-2.9632542990855395,0.21717912969344955,0.32097694989172165,9.91643476486206
1780876729.4232528,3.884296376198739,-2.962783442767055,0.21632612273770338,0.3223724932788956,9.937373638153076
1780876729.445051,3.8839355412342607,-2.9622079699402515,0.2166056163334789,0.3236191210498287,9.959171772003174
1780876729.4665666,3.883488778535479,-2.961844497925266,0.21747098157445713,0.3252503046050972,9.980687379837036
1780876729.488857,3.8828862945461005,-2.9620032364624387,0.21723589104967608,0.32777766786701434,10.002977848052979
1780876729.512797,3.88218518530006,-2.9624374280893946,0.21700282272849508,0.33078611648646294,10.026917934417725
1780876729.534515,3.8816049739978307,-2.9625054106225837,0.21660214340666917,0.3331998542050272,10.048635721206665
1780876729.5573537,3.8811372540514113,-2.9622348589927854,0.21622858372473286,0.3350617127875939,10.071474552154541
1780876729.5776746,3.8806578173958393,-2.9618924982439365,0.21739793038611638,0.33685147228331047,10.091795444488525
1780876729.5987947,3.8803106093101976,-2.9612120426120825,0.2177922645305139,0.3381034428167684,10.112915515899658
1780876729.6207492,3.879898244842375,-2.9608016700241357,0.21665349765460015,0.33979251546475897,10.134870052337646
1780876729.64211,3.879412922482612,-2.96051701552478,0.21660012885289276,0.3417225037834708,10.156230926513672
1780876729.6642954,3.878838776808796,-2.9604110554959493,0.2174317531563363,0.3439639299200383,10.17841625213623
1780876729.6842387,3.878108428275602,-2.960769761009216,0.21750192531903595,0.3469669418864392,10.198359489440918
1780876729.7080083,3.8773777276152304,-2.9610767944749754,0.21810040284956136,0.3499082523085555,10.222129106521606
1780876729.7311242,3.876840709726906,-2.960886949754955,0.21772270311294128,0.3520639915054673,10.245244979858398
1780876729.7516525,3.8764368836634873,-2.9603329355278674,0.2170890242830863,0.35365425510326176,10.265773296356201
1780876729.7748425,3.8760016260564836,-2.9597610708462603,0.2180125294548471,0.35525813175415966,10.288963317871094
1780876729.796081,3.875435420667413,-2.9595385439056883,0.21872980163649267,0.3574248834012739,10.31020188331604
1780876729.822124,3.8747043297787664,-2.959805770681639,0.2181896581792311,0.3603510823819285,10.336244821548462
1780876729.8450804,3.873957611411912,-2.9601004065228556,0.21742303515774414,0.36333285129860116,10.359201192855835
1780876729.8657146,3.8732910636379034,-2.9601303272892525,0.21711178778725043,0.3659221053309931,10.379835367202759
1780876729.8865764,3.8727119774181733,-2.9598827208099516,0.21727562071451217,0.3681064719538476,10.400697231292725
1780876729.9112918,3.8722184490344547,-2.9593688323187672,0.21791181287188086,0.3699059498427175,10.425412654876709
1780876729.930103,3.871801226425258,-2.958629190898708,0.21882099641990163,0.3713817260743122,10.444223880767822
1780876729.9554334,3.8712725978073954,-2.9582047543917915,0.21885991171285354,0.3733321158769707,10.46955418586731
1780876729.9778988,3.8705636887511448,-2.9582694055859164,0.2178770071655677,0.3760321580807595,10.492019653320312
1780876730.0001004,3.8697803020340205,-2.9584460889402755,0.21784145053866374,0.37893225587864343,10.51422119140625
1780876730.0243168,3.8690220409725975,-2.9584790329947706,0.218832026232205,0.3816397974096626,10.538437604904175
1780876730.041959,3.8684716618531754,-2.9580212214656862,0.21884021413606822,0.38362550281947705,10.556079864501953
1780876730.0678358,3.868056484494269,-2.9572291360227343,0.21846176183789145,0.3851262460017324,10.581956624984741
1780876730.088498,3.867494117115421,-2.9567912059467116,0.2177613249965343,0.38716331495541034,10.602618932723999
1780876730.110364,3.8668245401854153,-2.956560413234264,0.21773530138079605,0.38952508353065696,10.624484777450562
1780876730.1317286,3.866047279804801,-2.956525078415618,0.2184847435411675,0.3921826266444448,10.645849466323853
1780876730.1522846,3.8651126967573313,-2.956862758708546,0.21890300395745366,0.39537994253674924,10.666405439376831
1780876730.1771052,3.864279198048136,-2.9569259655660756,0.21936258196030622,0.39820383067333154,10.6912260055542
1780876730.1973362,3.863674915207755,-2.95647234067739,0.2186889550740841,0.40029592342631837,10.711457014083862
1780876730.2201338,3.863156179006797,-2.9557791776332407,0.2183532391305313,0.4020544428912549,10.734254598617554
1780876730.2432477,3.8625476204012115,-2.9552277022501516,0.2189448605456031,0.4040312024832122,10.757368564605713
1780876730.2632077,3.861730411233563,-2.9551843492802763,0.21855560795188736,0.4067214916801225,10.777328491210938
1780876730.2857246,3.8607983124444063,-2.955365092009352,0.21853114703962045,0.4097540374281383,10.799845457077026
1780876730.3065665,3.8598843095844626,-2.9554239655154,0.21959634725542918,0.41263152499714195,10.820687294006348
1780876730.3309305,3.859186101893688,-2.955008965866253,0.2196971305272919,0.4148419712823772,10.845051288604736
1780876730.3526788,3.858667811742322,-2.954206042865396,0.2188384288376521,0.41650536242475766,10.866799592971802
1780876730.3727913,3.858063262356297,-2.9535639090368573,0.21817487048765738,0.4184146386826093,10.886912107467651
1780876730.3958359,3.8573297423623747,-2.953162488874163,0.21797293809356602,0.4206936336130971,10.909956693649292
1780876730.416591,3.8564560294793138,-2.953021747345484,0.21826027599636819,0.42334341244213647,10.93071174621582
1780876730.438473,3.8554456622054425,-2.9531346537180205,0.21897949514267276,0.4263489824322839,10.952593803405762
1780876730.4617121,3.8543538751053976,-2.953387317004515,0.21990024346276996,0.4295506929390953,10.97583293914795
1780876730.483826,3.8534583609703534,-2.953225003060491,0.21980971595517612,0.4321948300873464,10.997946739196777
1780876730.511014,3.8527827705212014,-2.9525971061789007,0.21877975282509962,0.4341946152493428,11.025134801864624
1780876730.5330133,3.8521202022234875,-2.951866226252557,0.21886661046845296,0.4360669184732302,11.047134160995483
1780876730.5556111,3.8513192604919233,-2.951387679904065,0.21930132415124656,0.4382883504987687,11.069731950759888
1780876730.579057,3.850300389180328,-2.95138594194878,0.21879791672157906,0.44116597319735895,11.093177795410156
1780876730.5993652,3.8492032691654194,-2.9514769256165603,0.21932041135677932,0.4441906059874432,11.113486051559448
1780876730.62224,3.8482227146759262,-2.9512847241829085,0.2199999421837495,0.4468346293050889,11.136360883712769
1780876730.6489089,3.847488572661009,-2.950599786778239,0.21953065222575932,0.4487968496588781,11.163029670715332
1780876730.6673112,3.8467866151108483,-2.949830511767138,0.21886037411520515,0.4506392756513975,11.181432008743286
1780876730.68932,3.8459558028767082,-2.949283567697998,0.2186350881130689,0.45280658385464,11.20344090461731
1780876730.7092695,3.844960883033775,-2.9490376961812106,0.21858209390027275,0.45538450951532283,11.223390340805054
1780876730.7319515,3.8438437737737035,-2.9489849275473667,0.21920773828624995,0.4582302977891777,11.24607229232788
1780876730.7553132,3.8426432740732186,-2.949066171896994,0.22003028702852132,0.4612604154571409,11.269433975219727
1780876730.7746797,3.8416337107031584,-2.9487832228752158,0.21966386375294147,0.463789570124562,11.288800477981567
1780876730.7958853,3.840814685406383,-2.9481135596472368,0.218802688187578,0.4657896599696745,11.310006141662598
1780876730.8162196,3.8399685142543762,-2.947414630569029,0.21940654444263893,0.46776396983878854,11.330340385437012
1780876730.8380902,3.838943835539966,-2.947051357317993,0.2198129318243724,0.4701890308975365,11.352210998535156
1780876730.8606484,3.8377027024027828,-2.9471220260493847,0.21938377850324572,0.4731953196702854,11.37476921081543
1780876730.88154,3.8365664323495228,-2.946964283573433,0.21879458229116758,0.4759163593073872,11.395660877227783
1780876730.902318,3.835506650895893,-2.9466051166347342,0.2189284546700157,0.4783679466213977,11.416438817977905
1780876730.9221091,3.83459868966277,-2.945925872797141,0.2191077250268003,0.4803827922394248,11.436229944229126
1780876730.9447489,3.833735097610612,-2.9451174849232724,0.2199348829774774,0.48221964768228887,11.458869695663452
1780876730.9673429,3.8327191543676893,-2.944615197019408,0.2197865107303293,0.48446562410710925,11.48146367073059
1780876730.9875872,3.8315198122901815,-2.944466956993675,0.2189133447306915,0.48720851564373646,11.501708030700684
1780876731.0124435,3.830282132467018,-2.9443125733422875,0.21941385263974253,0.48995682018460585,11.526564359664917
1780876731.0320823,3.8292296785694013,-2.943798057405549,0.21961049997619683,0.49220224037060767,11.546203136444092
1780876731.054286,3.8283780773841,-2.942910389646822,0.21929673418077578,0.4939162312932748,11.568406820297241
1780876731.0757022,3.8273979558007487,-2.9422329772695797,0.2191441604854483,0.4959233854681351,11.589823007583618
1780876731.0956695,3.826229008617372,-2.941895515304081,0.21873066234841598,0.49840682163004857,11.609790325164795
1780876731.1165845,3.824998112999373,-2.9415977183517317,0.2196984415995563,0.5009568549897221,11.6307053565979
1780876731.1372507,3.823714644903081,-2.941428875393281,0.21918210474445274,0.5036676955718562,11.651371479034424
1780876731.1600173,3.822517804989107,-2.9410859136127008,0.21862925515949747,0.5061242398852048,11.674138069152832
1780876731.1817117,3.8213662503977237,-2.940596638089028,0.21920182148673856,0.5084072710473064,11.69583249092102
1780876731.2039514,3.8204275186935526,-2.939726820286391,0.2193073976342184,0.5101420633783231,11.718072175979614
1780876731.22575,3.8193924476991885,-2.939001387222617,0.21969582821360462,0.5120739854655074,11.73987078666687
1780876731.2459102,3.8181083156291495,-2.938739559429896,0.21905877020228903,0.5146499749117259,11.76003098487854
1780876731.267849,3.8167510129072486,-2.9385592140201267,0.21920536956637374,0.5173542496544723,11.781969785690308
1780876731.2904968,3.815608169314406,-2.9379960833051437,0.21895230853119602,0.5195143787487826,11.804617643356323
1780876731.3111002,3.8145853536763785,-2.937198269988401,0.21903063482979232,0.521325989651432,11.825221061706543
1780876731.3329918,3.8134758770537607,-2.9365114423361605,0.21972755076348283,0.5232992992351617,11.847112655639648
1780876731.3562198,3.812204508982028,-2.9361495814640093,0.2188507627212221,0.5257173991006621,11.870340585708618
1780876731.3750472,3.8108676797831755,-2.9358450883931058,0.21904636250831735,0.5282459239047821,11.88916802406311
1780876731.4005969,3.809695014284172,-2.9352400744029397,0.2192773518351489,0.5303405456622787,11.914717674255371
1780876731.4245174,3.808708509713751,-2.934320947161621,0.21911380100505834,0.531950386212868,11.93863821029663
1780876731.4474766,3.807531994994563,-2.9337217597899925,0.2186363744402045,0.534020890659578,11.961597442626953
1780876731.472188,3.8062524189763867,-2.9332561118348193,0.21896849449007433,0.5362999474702264,11.986308813095093
1780876731.492874,3.8048669123777925,-2.9329569830538404,0.2191435927687489,0.5388277616275943,12.006994724273682
1780876731.5156043,3.8035645707085313,-2.9325349098796005,0.21859623415881485,0.5411518711864467,12.029725074768066
1780876731.5361102,3.8023424904380856,-2.9319367923911757,0.21880517146569906,0.5432146663640101,12.050230979919434
1780876731.5579715,3.801271236485607,-2.931077085478353,0.2191158318349446,0.5448658655797125,12.072092294692993
1780876731.5813456,3.8000754513299495,-2.9304218782664555,0.21910260291145947,0.5468363875609423,12.095466375350952
1780876731.604256,3.798715709712846,-2.9300477934239915,0.2185323139189302,0.5492343751285098,12.118376731872559
1780876731.6262538,3.79738022276983,-2.92958252534502,0.2190408960342306,0.5515027036641591,12.140374660491943
1780876731.6466472,3.7963025602585763,-2.928716319800852,0.21878818515735768,0.5531240126947043,12.160768032073975
1780876731.6713548,3.7951711034375895,-2.927931043710592,0.21845194583725694,0.5548618298082708,12.185475587844849
1780876731.694733,3.793900765283375,-2.927351606676288,0.21846346609532344,0.556941378591584,12.208853721618652
1780876731.7156062,3.7924765657502957,-2.926995640358736,0.21880210955270912,0.5593687552978635,12.229727029800415
1780876731.7385702,3.791082044940516,-2.926605989925989,0.21850480561881402,0.561731626220821,12.25269103050232
1780876731.7580318,3.789853075177524,-2.9259450356669814,0.21826565371272988,0.5636449070697385,12.272152662277222
1780876731.7809796,3.7886934431438632,-2.9251354547914086,0.21888146432108266,0.5653363859925182,12.295100450515747
1780876731.8051052,3.787550721867773,-2.924341965304158,0.2181739043234298,0.5670181177591074,12.319226026535034
1780876731.8251216,3.786311845223169,-2.9236615136023105,0.2183740838376682,0.5688909418667079,12.339242458343506
1780876731.8474166,3.7848882970636173,-2.9232659128762717,0.21852143341592048,0.5712219773676726,12.361537456512451
1780876731.8677232,3.7835217571376383,-2.9227743849926884,0.21863430128844036,0.5733951512494926,12.38184404373169
1780876731.891227,3.782349765438452,-2.921999792922286,0.21816548763385343,0.5750990967654266,12.40534782409668
1780876731.9132116,3.781114100835136,-2.9212805291363413,0.21875131621422467,0.576900774235372,12.427332401275635
1780876731.9334319,3.779736250862443,-2.9208172419111755,0.21816130533003555,0.5791031122722465,12.447552680969238
1780876731.9551306,3.7783822220703356,-2.9202873361467763,0.21827332129630803,0.581200635595744,12.46925139427185
1780876731.9751203,3.7772397216980336,-2.9194410434049267,0.21815917560853057,0.5827569980361886,12.489241123199463
1780876731.996455,3.776023241465544,-2.918684376706445,0.21856859024887834,0.584475213528159,12.510575771331787
1780876732.017716,3.7746276018182323,-2.9182350159892625,0.2179158070275068,0.5866920925647898,12.531836748123169
1780876732.0377195,3.773247051222256,-2.9177266425683572,0.21815796319797784,0.5888195231085316,12.55184030532837
1780876732.0591855,3.7721132413909055,-2.9168650343084184,0.21789048132654704,0.59031105252663,12.573306322097778
1780876732.0856528,3.770946086073498,-2.916026214633446,0.21836454371369915,0.5918626615958367,12.599773645401001
1780876732.1030183,3.769526767622957,-2.9155902365446362,0.2180117729541094,0.5941034567046888,12.617139101028442
1780876732.1255054,3.7681567593836167,-2.915079057694511,0.21764147189837113,0.5962081393019583,12.639626264572144
1780876732.1467664,3.766893579364855,-2.91438796198807,0.21789030277685636,0.597992245818272,12.660887241363525
1780876732.1709657,3.7658091107387768,-2.913435925063469,0.2181104465145897,0.5993015311795471,12.685086488723755
1780876732.1946876,3.7645429704973514,-2.9127623602714494,0.21795011666550615,0.6011019132446247,12.708808422088623
1780876732.2154725,3.763093718926472,-2.9123613061162654,0.2176901178574554,0.6033862015984388,12.729593276977539
1780876732.2369308,3.7617935505254745,-2.911730395739875,0.21770457865490678,0.6052557407217094,12.751051664352417
1780876732.2570748,3.760688746545781,-2.910824014858799,0.21763764025185706,0.6066025843494671,12.771195650100708
1780876732.2802482,3.759472044981012,-2.9100575273480818,0.21819403175814,0.6082206040453579,12.794368982315063
1780876732.3027864,3.758047367197592,-2.9096352335976405,0.21748571435140984,0.6104439880432908,12.816907167434692
1780876732.3229394,3.756647675359978,-2.9091588800128436,0.21728027246649825,0.6125744921553782,12.83706021308899
1780876732.3441513,3.7554163671000413,-2.908438213662648,0.2172901174655126,0.6142389472865695,12.858272075653076
1780876732.3692653,3.7543411425856323,-2.9074864377310417,0.21761565394792137,0.6154739761627281,12.883386135101318
1780876732.3935926,3.753207366947242,-2.9066286441133884,0.21772361874808216,0.6168782377066178,12.907713413238525
1780876732.416806,3.751824625148599,-2.9061491968982214,0.2171509543087859,0.6189746634588325,12.93092679977417
1780876732.4389746,3.7504306730529775,-2.9056482916804334,0.2176861201475326,0.6210498665076774,12.953095436096191
1780876732.4628713,3.749318556823924,-2.904779454245466,0.21752402005691218,0.6223995884002296,12.976992130279541
1780876732.4832432,3.748256490417027,-2.9038584840681705,0.21699693196909492,0.623636744815248,12.997364044189453
1780876732.5054586,3.7470517816863746,-2.903121456842085,0.21699065083287877,0.6252322578675642,13.019579410552979
1780876732.5281816,3.745678240688501,-2.90261243819787,0.21726086897812225,0.6272655093653796,13.042302370071411
1780876732.5486958,3.7442054359401142,-2.9022416758379976,0.21751023535649344,0.6295598106699973,13.062816619873047
1780876732.5730379,3.74298801240734,-2.9015570573446037,0.21680957548863858,0.6312235961129069,13.087158679962158
1780876732.594006,3.7418274139101078,-2.9007626564393942,0.21720193988669784,0.6327020511832604,13.108126878738403
1780876732.6185076,3.7406818546375433,-2.89995474036053,0.2174408631440893,0.634141349146546,13.132628440856934
1780876732.6400416,3.739483301582128,-2.899263052616617,0.2166558884762016,0.6357721145058441,13.154162406921387
1780876732.660485,3.7382475385268896,-2.898572537958478,0.217403788631577,0.6374326677839406,13.17460584640503
1780876732.6856062,3.736919546616325,-2.8980462591378617,0.21705549958077555,0.6394102807802176,13.199727058410645
1780876732.7056205,3.7355837821295004,-2.8975341711503813,0.21681297591760942,0.6414133329895755,13.219741344451904
1780876732.7274728,3.734375328949036,-2.896833211212889,0.2171347147787597,0.6430488689139882,13.241593599319458
1780876732.749548,3.7333989624956705,-2.895841107220507,0.2171407591863251,0.6440745473204883,13.263668775558472
1780876732.7703528,3.7322283932216505,-2.895116743779505,0.21697539897408735,0.6456289891608531,13.284473657608032
1780876732.7935586,3.7308842396229656,-2.8946286156394314,0.21685446055453425,0.6476802901402872,13.307679414749146
1780876732.8177004,3.729601237335332,-2.8940370183043798,0.21744477698133957,0.6495339121007753,13.331821203231812
1780876732.838741,3.728525268865864,-2.893224145907359,0.21675655370986616,0.6508932444725541,13.352861881256104
1780876732.862737,3.7274209175804027,-2.8924179131872587,0.21710586318418806,0.6522779223946884,13.37685775756836
1780876732.8833494,3.7260784383556977,-2.8919459267783165,0.2169323085804576,0.6543457653966609,13.397470235824585
1780876732.9055548,3.7247878746377876,-2.891399263569222,0.2170638772121895,0.656269466819877,13.419675588607788
1780876732.9295347,3.7237441262609368,-2.890550696613111,0.21684074203805176,0.6575486766664209,13.443655490875244
1780876732.9500093,3.7226141006135993,-2.889793393254487,0.21734827640137583,0.6590217029762924,13.464130163192749
1780876732.972814,3.721311401693856,-2.8893032145856385,0.21673096737564201,0.6610238004531874,13.486934900283813
1780876732.9932575,3.720052538331551,-2.888732800854735,0.2169161428693097,0.6629031433528674,13.507378339767456
1780876733.0163937,3.7190406542298473,-2.887862962356754,0.2167839447825135,0.6641396958904746,13.530514478683472
1780876733.0401242,3.7179477459936026,-2.8870783272411833,0.2173433205634773,0.6655578735609771,13.554244995117188
1780876733.0602052,3.716640922883117,-2.8866107177446128,0.21676074879935264,0.6675977895085818,13.574326038360596
1780876733.0826015,3.715390015270366,-2.886058269350266,0.2166727902588704,0.669497056354805,13.59672236442566
1780876733.102709,3.7143085249987458,-2.8852896175025546,0.2168646916129321,0.6709407723715533,13.616829872131348
1780876733.1268582,3.713331110847411,-2.884396249803612,0.21694037971008737,0.6721139567074292,13.640979051589966
1780876733.1506712,3.7122477735695543,-2.883658240167153,0.2166340338956451,0.6735907534292878,13.66479206085205
1780876733.1715732,3.7110120520562426,-2.8830975713970726,0.21680954247156037,0.6754468546079817,13.685693979263306
1780876733.1944528,3.709732751965517,-2.88258732801765,0.2172604024320519,0.6774205267857125,13.708573579788208
1780876733.2148201,3.7087217140081994,-2.88177917443585,0.21679692990750818,0.6787322771844462,13.728940963745117
1780876733.2375555,3.707663656152424,-2.8810196632247305,0.216745522631774,0.6801435307550392,13.751676321029663
1780876733.2593622,3.706447667344373,-2.8804503351367976,0.21705155504184512,0.6819619679801523,13.773483037948608
1780876733.2792134,3.7052049937195317,-2.8799339337091223,0.21679669111206543,0.683905368333658,13.793334245681763
1780876733.301455,3.704065331534583,-2.8792832318440773,0.21696187191258703,0.6855770040260385,13.81557583808899
1780876733.3219483,3.7030832509316283,-2.8784425945474825,0.2171770565064114,0.6868371686821444,13.836069107055664
1780876733.3452213,3.7018746713730524,-2.87789642496411,0.21696515097789892,0.6887004508178771,13.859342098236084
1780876733.368236,3.700733963258718,-2.87726906671889,0.21681299457585046,0.690398075008118,13.882356882095337
1780876733.388516,3.6996979353785546,-2.8765000992391783,0.21726611665226073,0.6918168376614249,13.902636766433716
1780876733.4112427,3.698630566921191,-2.8758049100700216,0.21674355304348508,0.693357051049893,13.925363540649414
1780876733.4319642,3.697490683984422,-2.875167476034367,0.21726007798093233,0.6950426954812894,13.946084976196289
1780876733.455017,3.6962917079114836,-2.874634537642322,0.21684184651766286,0.6969204986956319,13.969137907028198
1780876733.480354,3.695204840441232,-2.87395340967497,0.21694524186179978,0.698501856962249,13.9944748878479
1780876733.5003498,3.6942308309680287,-2.873134276236299,0.21733133034117025,0.699788054787307,14.01447057723999
1780876733.5234354,3.693034508633625,-2.8726046388146296,0.2169972142424836,0.7016645466991989,14.037556171417236
1780876733.547529,3.6918644965077627,-2.8720400795689107,0.21685796761997306,0.7034750248916373,14.061649799346924
1780876733.569076,3.690839105132814,-2.8712941048231637,0.21720474743278187,0.704914952069922,14.083196878433228
1780876733.5931575,3.689899991950213,-2.870468995286934,0.21688280035920263,0.7062028026497291,14.10727834701538
1780876733.6134727,3.688868160087049,-2.869744796870577,0.21700290927576704,0.7077116634376619,14.127593517303467
1780876733.6374543,3.687624569034287,-2.869268394575823,0.21713099892704196,0.709739806745203,14.151575088500977
1780876733.662249,3.686421274688048,-2.8687492449182233,0.21718472524238622,0.7116792885633494,14.176369905471802
1780876733.683095,3.68547540265106,-2.867944124903626,0.21696047247275957,0.7130101570043923,14.197215795516968
1780876733.704767,3.6844737781642323,-2.867178539303722,0.21756594123796053,0.7144445212391393,14.21888780593872
1780876733.7250774,3.683327718917957,-2.8666248962521634,0.21684732097108061,0.716284031532564,14.239198207855225
1780876733.7484806,3.682144953604457,-2.8660749688757647,0.21741231146050724,0.7181673343725947,14.262601375579834
1780876733.7701793,3.6811791325091154,-2.8652986878482216,0.2172662522157302,0.7195623676212151,14.284300088882446
1780876733.7914124,3.680297423527074,-2.864430185999115,0.21715796966987644,0.7207927755870047,14.305533170700073
1780876733.8192656,3.679182591021569,-2.8638302394937534,0.21693572871672748,0.7225827562219767,14.333386421203613
1780876733.8391862,3.6779722255301586,-2.8633115088143475,0.21765808913736043,0.7245685277390566,14.353307008743286
1780876733.862866,3.676824599174579,-2.862761635664673,0.21707093834854818,0.7264515607387381,14.376986742019653
1780876733.8844233,3.6757551956729735,-2.862102631415455,0.21726845541039477,0.7281283210660616,14.398544073104858
1780876733.905718,3.6748269638925386,-2.861281345118442,0.21752402324913178,0.7294688450859521,14.419838905334473
1780876733.928265,3.6739055361860773,-2.8604719893874977,0.21729048221358807,0.7308115750681967,14.442385911941528
1780876733.9484906,3.6727929522876734,-2.8598673111355284,0.21730599366268835,0.7325884530915676,14.462611436843872
1780876733.971172,3.6715541822939435,-2.8593913371221777,0.21765170685857702,0.7346647444764756,14.485292911529541
1780876733.9951725,3.6704453921937374,-2.8587934324797604,0.21730982345288163,0.7365027528119343,14.5092933177948
1780876734.0151858,3.6694691740850556,-2.8580302284215136,0.21755353793415605,0.7380120849631879,14.529306650161743
1780876734.037592,3.6685204668353775,-2.857234469857465,0.2178725369631096,0.7394464124916311,14.55171275138855
1780876734.0579548,3.6673435901203963,-2.8567069685750948,0.21760531705963887,0.741420341880036,14.572075605392456
1780876734.0803788,3.666313388776998,-2.856007423645065,0.21763793894375846,0.7430750507276596,14.594499588012695
1780876734.104036,3.665349979731351,-2.855227084887765,0.21793930556085084,0.7445646681215781,14.618156909942627
1780876734.124006,3.6641673972453663,-2.8546979095912954,0.21771795463350266,0.7465612159721875,14.638126850128174
1780876734.1464884,3.6631175070819904,-2.8540169241645184,0.21773197169482722,0.7482509202558667,14.660609245300293
1780876734.1664693,3.6621980268877308,-2.8531869497709947,0.2179690386866284,0.7496436609504977,14.680590152740479
1780876734.1895192,3.6611664004594884,-2.852491927704803,0.21768863867417712,0.7513570373719585,14.70363998413086
1780876734.2138054,3.660019648998004,-2.851898078402727,0.21802340076271157,0.7532941877506776,14.727926254272461
1780876734.2331324,3.6588840880310722,-2.851306854831872,0.2178239584039317,0.7552222540291931,14.747253179550171
1780876734.2570386,3.657910135053479,-2.8505302051448083,0.21800724249407635,0.7567795261848991,14.771159410476685
1780876734.2812862,3.656910043361195,-2.8497790163371635,0.2181501306090589,0.7584128624652422,14.795407056808472
1780876734.299865,3.655739321350637,-2.8492151059556114,0.2179634344879267,0.7604430195626666,14.813985824584961
1780876734.3213997,3.654740586864429,-2.848459167420194,0.21806130686642228,0.7620885965565165,14.835520505905151
1780876734.341792,3.6537739599864687,-2.8476643346630413,0.21820371640555458,0.7636508750751183,14.855912923812866
1780876734.3642647,3.6526240775870575,-2.8470640681799435,0.21818530473769926,0.7656018410174479,14.878385543823242
1780876734.3856823,3.6517459615063474,-2.8461690193752744,0.218163406754432,0.7676323572980728,14.899803161621094
1780876734.4063249,3.650640400648942,-2.8455017239244786,0.21801274493232606,0.7701064472259187,14.920445680618286
1780876734.4298053,3.6494960886938954,-2.8448434742149673,0.21836021654089713,0.7726114818633096,14.943926095962524
1780876734.450049,3.648416409814374,-2.844125449768813,0.21806502076616924,0.7749726628966407,14.96416974067688
1780876734.4739509,3.647408853120211,-2.843297146524284,0.21847442060943634,0.7771420644566085,14.98807168006897
1780876734.4960012,3.646471646534403,-2.842402562335631,0.21826744985107127,0.7791643572614166,15.010122060775757
1780876734.5162594,3.645328114348982,-2.841694860204818,0.21829062012987324,0.7815649415053567,15.030380249023438
1780876734.5394423,3.644113762176759,-2.8410407250276437,0.21837120113210948,0.7840754912615555,15.053563117980957
1780876734.5598242,3.6429878348357643,-2.8402858225407486,0.21841296607739527,0.7863813645343409,15.073945045471191
1780876734.5824184,3.6420207573986785,-2.839349985361216,0.21869953434098527,0.7883502267980855,15.09653925895691
1780876734.604004,3.640868445752431,-2.838598963192333,0.21842859769480988,0.7906693932504325,15.118124723434448
1780876734.6252675,3.639744773385765,-2.837788861524024,0.2187208190312642,0.7928932028719817,15.1393883228302
1780876734.6464543,3.6387568935538184,-2.836844693435504,0.21847791240073403,0.7948321092372268,15.160575151443481
1780876734.6675735,3.6375857775369647,-2.8360548194018524,0.21860144417759203,0.7970885923243225,15.181694269180298
1780876734.690007,3.6363211299098426,-2.835340774088818,0.21870410442724567,0.7995134562422983,15.204127788543701
1780876734.7121594,3.6352046016166835,-2.8344697410269357,0.2187814728062567,0.8016255141813051,15.226280212402344
1780876734.732081,3.634146502738423,-2.833531463059116,0.21861610262805053,0.8036012888352584,15.246201753616333
1780876734.75519,3.6329620590327862,-2.832691838439016,0.21876072825595294,0.8057768489362447,15.269310712814331
1780876734.7756073,3.631741431062823,-2.831870528072,0.21894016292229726,0.808005002024661,15.289728164672852
1780876734.7973144,3.6306808374736663,-2.830891009837858,0.2187248086865148,0.8099156203859899,15.311435222625732
1780876734.8205574,3.6294372645464184,-2.8300602801446404,0.21888129700720407,0.8121276324349491,15.334678173065186
1780876734.8406007,3.628223485171989,-2.8291877416939277,0.21892894202417265,0.8142643953290989,15.354721546173096
1780876734.862498,3.6271241560957983,-2.8281936970814323,0.21890518473305726,0.816157446814632,15.3766188621521
1780876734.8830686,3.625833720408743,-2.8273575877424766,0.21910646207697462,0.8183827656351337,15.397189378738403
1780876734.906579,3.624603879748201,-2.826458523165929,0.21894928605487482,0.8204820709058218,15.420699834823608
1780876734.9277978,3.6234852236745874,-2.825433840087371,0.2189845269318364,0.8223470441144816,15.44191861152649
1780876734.9479349,3.622290250247079,-2.8244668148942367,0.21894643619748352,0.8243205057779042,15.462055683135986
1780876734.971697,3.6209392421811866,-2.823620268811942,0.21918185769724807,0.8265435107490191,15.485817909240723
1780876734.9974248,3.6197395856239063,-2.8226255665549007,0.21917508934996605,0.8284880029162052,15.511545658111572
1780876735.0154681,3.618542105400007,-2.821614304594473,0.21905826523334818,0.8304008806698517,15.5295889377594
1780876735.0380516,3.617247219367696,-2.8206695601546237,0.21919554132172406,0.8324511252046403,15.552172422409058
1780876735.0582414,3.615958279485123,-2.819708543325767,0.21915854193649958,0.8344719459227514,15.572362184524536
1780876735.080442,3.614780153622731,-2.818625610734266,0.21930773611212667,0.8362824624232488,15.594562768936157
1780876735.1045268,3.6134704758145726,-2.8176471147476643,0.21942167371659807,0.8383007120573618,15.618647575378418
1780876735.1248417,3.612173051922043,-2.8166483616008495,0.21924364943195038,0.8402779077842002,15.638962507247925
1780876735.1480258,3.6109535834099216,-2.815557583896119,0.21928369861583658,0.8420912394373827,15.66214656829834
1780876735.1681144,3.6096549981458383,-2.8145200708005125,0.21940002014513238,0.8440119282803122,15.68223524093628
1780876735.191595,3.6082937481770356,-2.8135252760875433,0.21937185271907156,0.846030150121984,15.705715894699097
1780876735.2127497,3.6070634590870903,-2.812394991128696,0.21945627964908646,0.8477983843928456,15.7268705368042
1780876735.2342808,3.605698485802856,-2.811367592418302,0.21955138170561048,0.8497660873636743,15.748401641845703
1780876735.258131,3.604410491812576,-2.810258835669456,0.2195681570705175,0.8515820730395882,15.772251844406128
1780876735.2793374,3.603076292250276,-2.80917561048665,0.21951337576547397,0.8534621534385511,15.793458223342896
1780876735.3019857,3.6017344702389478,-2.8080837279219883,0.21940810444534628,0.8553346914253446,15.81610655784607
1780876735.3240867,3.6004115292873515,-2.8069556749260163,0.2194453660762912,0.8571482679928684,15.838207483291626
1780876735.3441226,3.5990793867915793,-2.805815807155517,0.21968393817148954,0.8589473957081708,15.858243465423584
1780876735.3670657,3.597664489916474,-2.8047424673597594,0.2194420596124092,0.8608673681186279,15.881186485290527
1780876735.3877115,3.596372147771835,-2.803537572819905,0.2195984054020796,0.8625708950810438,15.901832342147827
1780876735.4088624,3.595089598387771,-2.8023169077622785,0.2194391645986439,0.8642362743402163,15.922983169555664
1780876735.430917,3.593613974599507,-2.8012349098398612,0.21968801617666692,0.8661788138732156,15.945037841796875
1780876735.4515238,3.592186392207521,-2.8001074668824097,0.21945578206696495,0.8680342316849945,15.965644598007202
1780876735.472507,3.5908767560333463,-2.798851379640117,0.2197561930291919,0.869671734915519,15.98662781715393
1780876735.492566,3.5895425695346757,-2.797612348465086,0.2196054007185993,0.871340868767378,16.00668692588806
1780876735.514109,3.5880134743599483,-2.7965135014290565,0.21974723692445997,0.873287949958101,16.02822971343994
1780876735.5371828,3.586681600187737,-2.7952411376273663,0.21958475187047607,0.8749101795881256,16.05130362510681
1780876735.5575948,3.585274000068741,-2.7940089441679974,0.21971233804385767,0.8766156513782342,16.071715593338013
1780876735.579963,3.5837712818997414,-2.7928456981074863,0.21963797899343646,0.8784673273793722,16.094083786010742
1780876735.5999045,3.5824311930969133,-2.7915248357929854,0.21988417492450638,0.8800366398520403,16.114025354385376
1780876735.62182,3.5810388777499442,-2.7902436292629886,0.2196301633049108,0.8816730626767182,16.13594079017639
1780876735.6453474,3.579524927004188,-2.7890384167535713,0.21971306997336176,0.8834675570762744,16.159468173980713
1780876735.6666002,3.5780386130136703,-2.7877996497233806,0.21965865528221187,0.8852058829311424,16.180721044540405
1780876735.692623,3.5767133868641645,-2.7864055622725963,0.21993013750782556,0.8866795570835766,16.206743717193604
1780876735.7197433,3.5751971726133753,-2.7851647179781334,0.21968312309797144,0.8884308693817857,16.233864068984985
1780876735.7380998,3.573759485004628,-2.783834550282017,0.21986664232000225,0.890037791853965,16.252220630645752
1780876735.7604415,3.572426497170614,-2.782415323026282,0.21961138482630252,0.8914650330908795,16.2745623588562
1780876735.7816243,3.57089722018144,-2.7811310126383075,0.219737852278301,0.8931722674857312,16.295745134353638
1780876735.8069286,3.5692879784567517,-2.779895768652366,0.2198547675916097,0.8949841408164643,16.321049451828003
1780876735.8290215,3.567908144116392,-2.77846754936161,0.21978951243530004,0.8964293646009498,16.34314227104187
1780876735.8493066,3.566405760081578,-2.7771208499510687,0.21973812688253072,0.8980345540679693,16.36342740058899
1780876735.8710475,3.564824517323699,-2.7758188979823015,0.21991980980648584,0.8997427750646558,16.385168313980103
1780876735.8911824,3.563500154000253,-2.7743065676638166,0.219715048986141,0.9010573041793357,16.405303239822388
1780876735.9158478,3.562065603757275,-2.7728659121248196,0.21958904768252133,0.9025121201207407,16.42996859550476
1780876735.9378572,3.5604273394419774,-2.771563611306499,0.2198451013830694,0.9042476183593102,16.451977968215942
1780876735.95921,3.558816435731168,-2.7702332532669605,0.21972862622281203,0.9059311395644221,16.47333073616028
1780876735.9830596,3.557371080733813,-2.7687538570842904,0.21994020796161437,0.9073510178172306,16.497180461883545
1780876736.0028672,3.5558910081127495,-2.767296790885877,0.21968396860810777,0.9088121311480286,16.516988039016724
1780876736.0254116,3.5543264546771227,-2.7658805915006197,0.21994469712461004,0.9103710264419913,16.53953242301941
1780876736.0500383,3.5527181061795323,-2.7644948566870475,0.2198202542533096,0.9119851816202686,16.564159154891968
1780876736.0712228,3.5512937213445865,-2.7629459786543307,0.22000140028390902,0.9133046175181141,16.585343599319458
1780876736.0948877,3.54973890695835,-2.761494927128408,0.21972619862886483,0.9148138407766435,16.60900855064392
1780876736.1157331,3.5481601192025853,-2.760040415829791,0.2198202613060237,0.9163361182519907,16.62985396385193
1780876736.1394734,3.5466507777425615,-2.758519721414155,0.21997873657015188,0.9177346782288573,16.653594255447388
1780876736.1625085,3.5450710897811106,-2.7570476827170514,0.21977017754000933,0.9192244605100779,16.676629304885864
1780876736.1837218,3.5435300397880196,-2.755528750567499,0.21975806324479735,0.9206487715538731,16.697842597961426
1780876736.2058272,3.5419891177851177,-2.7539925102932705,0.21997772080236908,0.9220500465678434,16.719948053359985
1780876736.2271402,3.540335988722408,-2.7525393770603577,0.21977127275709465,0.9236074631633286,16.74126100540161
1780876736.2533484,3.538876744344534,-2.7509206621093125,0.21983574932863906,0.9248581169609169,16.76746916770935
1780876736.2773178,3.537296007921419,-2.7493861910125648,0.219685890209859,0.926273812290157,16.791438579559326
1780876736.2976024,3.5356549917405458,-2.747878776044377,0.21980503850291813,0.9277662398090119,16.811723232269287
1780876736.3189838,3.5340992623960537,-2.7462978468121038,0.21991480615016634,0.9291151751524627,16.833104610443115
1780876736.339177,3.5325639039321466,-2.7446970495904455,0.21965078483360176,0.9304211947608998,16.8532977104187
1780876736.3614888,3.5309328132997617,-2.7431456684227826,0.21983977482145153,0.9318429916945457,16.875609636306763
1780876736.3825316,3.529248710737426,-2.7416310747089385,0.21971319622343327,0.933348981711152,16.896652460098267
1780876736.403211,3.5277637740583025,-2.73995047872,0.21989695451492441,0.9345394879327351,16.91733193397522
1780876736.4267228,3.5262309096256974,-2.738306136507825,0.2195466461005378,0.9357896298351385,16.94084358215332
1780876736.4528427,3.524558605413054,-2.736738578489156,0.21986081749214628,0.9372191562998955,16.966963529586792
1780876736.4729204,3.5228385088834533,-2.7352085895435296,0.2196352497756284,0.938721740669128,16.987041234970093
1780876736.4953787,3.5213195118445806,-2.7335131880021835,0.21976141399769591,0.9399109365365002,17.009499549865723
1780876736.5161762,3.5198156600103347,-2.7318033190089333,0.21953668568165222,0.9410638959721673,17.03029704093933
1780876736.5377164,3.5181647097489943,-2.73018137609507,0.21975903495848437,0.9424121790583291,17.05183720588684
1780876736.5593479,3.516445952451782,-2.728609232968001,0.21950779601080891,0.9438583775721359,17.073468685150146
1780876736.580573,3.514889837189886,-2.726897714110599,0.2198152556889738,0.9450471001092176,17.094693899154663
1780876736.6029644,3.5133993099790692,-2.72514284975289,0.2194940025089294,0.9461328777463267,17.117085218429565
1780876736.623297,3.511716596117454,-2.7235096036482775,0.21951103117715062,0.9474834525514932,17.137417793273926
1780876736.6448846,3.5099724978497893,-2.72190818854091,0.21964286309727316,0.9489130566143649,17.159005403518677
1780876736.6672313,3.5083919275877626,-2.7201875503942183,0.2195419575104137,0.950098532779375,17.181352138519287
1780876736.6876686,3.5068395866778435,-2.718435259832258,0.21947814060767548,0.951279069269912,17.201789379119873
1780876736.7100773,3.5052214480191486,-2.716718771405633,0.21962730533128672,0.9525408793209129,17.22419810295105
1780876736.7306151,3.5034904726769147,-2.7150809448049684,0.21939153303100975,0.9539606395903846,17.244735956192017
1780876736.7540944,3.5018037639857176,-2.7133954600521735,0.21956602731372843,0.9552955945872075,17.26821517944336
1780876736.779428,3.5003544680463583,-2.7115360063253746,0.2196401415107306,0.9562558324096191,17.293548822402954
1780876736.8000782,3.498626430957537,-2.709872096833022,0.21940479842107966,0.9576214879208376,17.314198970794678
1780876736.8251944,3.496946458203127,-2.70815756532563,0.21956308781058778,0.9589001489740729,17.339315176010132
1780876736.8455384,3.495481215551751,-2.706290963656997,0.2194534563069959,0.9598394740886942,17.35965919494629
1780876736.868789,3.4937570049461613,-2.704598889937153,0.21933634048801606,0.9611571134289054,17.382909774780273
1780876736.8916488,3.4920281538136018,-2.702898019086191,0.21936882175820144,0.9624669434789315,17.40576958656311
1780876736.911922,3.490356301202748,-2.701152343584884,0.21941021842648387,0.963677958609189,17.426042795181274
1780876736.9350832,3.488858264044356,-2.699280310541662,0.21930822405060846,0.9646135020602049,17.449203968048096
1780876736.955699,3.487273280435835,-2.697461782013613,0.2192472912653919,0.9656645008291651,17.46981978416443
1780876736.9784462,3.4854881453258404,-2.6957673351384166,0.2195469283565263,0.9670045973355386,17.49256706237793
1780876737.001876,3.483768050184419,-2.694037423254154,0.21911701263197841,0.9682466346918952,17.5159969329834
1780876737.0237024,3.482163467493672,-2.6922046048154202,0.21946033461050496,0.9692889748954148,17.53782320022583
1780876737.0479906,3.4807061397995507,-2.6902795620406037,0.21914276448789913,0.970100666246207,17.562111377716064
1780876737.0684154,3.479042077200813,-2.6884824496472253,0.21915905322769744,0.9712107006736392,17.582536220550537
1780876737.0906415,3.477189366103143,-2.686802198140363,0.21943807664743634,0.9725969561765577,17.604762315750122
1780876737.113144,3.4755665891683414,-2.6849750036652003,0.21904706806683236,0.9736330546643828,17.627264738082886
1780876737.1337337,3.4739911076064454,-2.683091427228356,0.21947952611117952,0.974568450760545,17.647854566574097
1780876737.156229,3.472287480012481,-2.6813112871977998,0.21896555649997082,0.9757059062675495,17.670349836349487
1780876737.182022,3.470591505449347,-2.679497416840613,0.21947527035077252,0.9768075285969307,17.69614291191101
1780876737.2005792,3.469048752194007,-2.677598927752206,0.2189423693565216,0.9776780224041755,17.7146999835968
1780876737.2239487,3.467416957936311,-2.675735866038893,0.21926567928697752,0.9786587713732349,17.738069534301758
1780876737.2441728,3.465543966055593,-2.6740427331544216,0.21902483379306714,0.980018466155304,17.758293628692627
1780876737.2680051,3.463868779815699,-2.672207892916708,0.21900765475854927,0.9810581775122378,17.78212594985962
1780876737.2904298,3.462410768867797,-2.670216861412836,0.21926543461566522,0.9817446942854486,17.804550647735596
1780876737.3113842,3.4607720555662613,-2.6683519358653567,0.21902978014329946,0.9827062874616477,17.825505018234253
1780876737.3345969,3.4589563397245326,-2.666595645316786,0.21911585852741813,0.9839373546730386,17.84871768951416
1780876737.354463,3.4574275141746704,-2.6646451464733705,0.21909881939813913,0.9847143772789906,17.868583917617798
1780876737.379173,3.455922037922192,-2.6626832380681305,0.21875123944924743,0.9854444201549715,17.893293857574463
1780876737.402858,3.454210918784278,-2.6608437793312065,0.21883231847060963,0.9864829452750712,17.91697883605957
1780876737.423545,3.4523744025358463,-2.659078264652361,0.21912581573469905,0.9877108735690552,17.937665700912476
1780876737.4477293,3.450720340304209,-2.6572055890493465,0.21873111852627647,0.9886561391769231,17.9618501663208
1780876737.468354,3.449143427971234,-2.6552593211660427,0.2191293021001664,0.989457721774075,17.98247480392456
1780876737.4891374,3.447616715321317,-2.6532929886871037,0.2188873539084765,0.9901816965509269,18.003258228302002
1780876737.511114,3.4458601883819484,-2.651467465081272,0.21890079976327076,0.9912566156123805,18.025234699249268
1780876737.5319657,3.44412210730227,-2.649625973154207,0.21890132219893746,0.9923002236010259,18.04608654975891
1780876737.5558388,3.442548993995193,-2.647673727468457,0.21900051784962363,0.9930716240821855,18.06995964050293
1780876737.5775225,3.440898437706165,-2.645774748461689,0.21875244429695187,0.9939627072834849,18.09164333343506
1780876737.6010666,3.4392178938158033,-2.6438808241338947,0.2190415544520794,0.9948884257849855,18.115187406539917
1780876737.6224825,3.437580385844222,-2.6419694253232304,0.21879806084668116,0.9957487963436353,18.136603355407715
1780876737.6431508,3.435943509298177,-2.640049349343632,0.2187332193667395,0.9965976510576429,18.15727162361145
1780876737.6665666,3.4342955169241822,-2.638126875686687,0.21903678960568917,0.9974527260886887,18.180687427520752
1780876737.688077,3.4326176658344556,-2.636234478591816,0.21873526756473008,0.9983602446103932,18.202197790145874
1780876737.7100992,3.43101426688031,-2.6342830531076724,0.21879506377823515,0.999137467380554,18.224220037460327
1780876737.731625,3.4293598996992594,-2.6323632975094604,0.21883299054879415,0.9999885365511858,18.24574589729309
1780876737.7521486,3.427701802223587,-2.6304455972872742,0.2187638741650566,1.0008454977850292,18.26626944541931
1780876737.7763975,3.4260699166216257,-2.6285086387003287,0.21869051840624787,1.0016525639423195,18.290518283843994
1780876737.7963097,3.4244152404271047,-2.626578036889636,0.21888213175176258,1.0024874522451732,18.3104305267334
1780876737.8177707,3.4227886247883155,-2.6246373953708435,0.21870410805474247,1.0032796369703574,18.331891536712646
1780876737.8393295,3.421136585995045,-2.622707975356581,0.21857354098956028,1.0041050860833334,18.353450298309326
1780876737.8594837,3.419464003233407,-2.62078428182202,0.21878704096404808,1.0049557445235378,18.37360453605652
1780876737.8829098,3.4178737358377846,-2.618815296131174,0.21851837737520638,1.0056759687529961,18.39703059196472
1780876737.9099848,3.416286743741305,-2.6168317405575086,0.21881812586017876,1.0063765240311096,18.424105644226074
1780876737.9279976,3.414542251285648,-2.6149582921556203,0.2185271488166416,1.007336897360413,18.442118406295776
1780876737.9524045,3.412857279683706,-2.6130379391150047,0.2185961351026593,1.0081958302978897,18.466525316238403
1780876737.9722865,3.4113812638915424,-2.610980013645886,0.2188869741423225,1.008733786177709,18.48640727996826
1780876737.995774,3.4096870983219025,-2.6090728699302193,0.2184744988787085,1.0096744889965183,18.509894847869873
1780876738.0172858,3.407947657638022,-2.6071794790866196,0.21868215287883758,1.0106787608621612,18.53140664100647
1780876738.0373275,3.406521766301763,-2.605094089379361,0.21862909844533657,1.0111693129548698,18.551448345184326
1780876738.0601676,3.404866346257252,-2.6031529012694103,0.21845622137230006,1.0120233768315234,18.574288368225098
1780876738.0799007,3.4031096104646275,-2.6012622891713413,0.21884059415770976,1.0130380342208074,18.594021558761597
1780876738.102254,3.401603448412438,-2.599231873769346,0.21841543831259372,1.0136513046528224,18.616374731063843
1780876738.1240454,3.4000450719402777,-2.597219356871363,0.21858373887557897,1.0143289110856424,18.638166189193726
1780876738.1441195,3.398224722859522,-2.595371198620133,0.21867085519001137,1.0154344534863178,18.65824031829834
1780876738.168925,3.3967096215348995,-2.593336962639899,0.21851595839362395,1.016045275033263,18.683045864105225
1780876738.1892395,3.3952397607178035,-2.591273289133468,0.21837969035091892,1.016575103144044,18.703360319137573
1780876738.2120247,3.3935476465444094,-2.589340748015775,0.21854193975475594,1.0174627743388953,18.72614550590515
1780876738.233182,3.3917705657851664,-2.5874642930907115,0.21840531993753493,1.0184872782075463,18.747302770614624
1780876738.2549434,3.3900759259614026,-2.5855328937548254,0.21850155000389085,1.0193709526705117,18.76906418800354
1780876738.2764516,3.388684876403965,-2.583414996393738,0.21850944802794905,1.019772554395188,18.79057240486145
1780876738.2984579,3.3871479937894566,-2.581388726392645,0.21834656664967073,1.0204130814663737,18.812578678131104
1780876738.3218534,3.3854121398016725,-2.579476295228592,0.21860193584574938,1.021373017992694,18.83597421646118
1780876738.3443606,3.3837193184284056,-2.577545398783694,0.2183694948624551,1.022264930179384,18.858481407165527
1780876738.3672066,3.3821332220152116,-2.575543062031658,0.21848987131765818,1.0229734140690745,18.881327390670776
1780876738.391335,3.3806292449151245,-2.573491490726259,0.21843174482010555,1.023561688332526,18.905455827713013
1780876738.4110813,3.379104429338821,-2.5714535479967218,0.2184168197819251,1.0241787611565982,18.925202131271362
1780876738.4351108,3.3773541538614666,-2.569544190498934,0.21863283094829483,1.0251478816787003,18.94923162460327
1780876738.45761,3.375558725507714,-2.5676776761780937,0.21821572605391748,1.0262033335761966,18.971730709075928
1780876738.4770339,3.3739790650655572,-2.5656688303858535,0.2182327984067769,1.0269049790237545,18.991154670715332
1780876738.5010247,3.3726071614568545,-2.5635240812700117,0.21867964103826915,1.0272608418190554,19.015145540237427
1780876738.5218325,3.3711269607679393,-2.5614584348399614,0.21843393332054642,1.027788815599191,19.035953283309937
1780876738.543206,3.3694051699749474,-2.5595363585491557,0.21834251313848216,1.0287089629111392,19.057326793670654
1780876738.5649078,3.367731478121595,-2.5575728813295213,0.2186706207332239,1.0295380048217027,19.079028606414795
1780876738.588032,3.366211882647539,-2.55553648808945,0.21819446163208997,1.03013730315004,19.102152824401855
1780876738.6110706,3.3646659585586502,-2.5534874694261807,0.21888621449400752,1.0307518576158374,19.12519145011902
1780876738.6361508,3.3630570158294475,-2.5515090579870323,0.2181104783656072,1.0314863788656918,19.15027165412903
1780876738.6553786,3.3614169058005317,-2.549519426606609,0.21867304812744376,1.0322455317060886,19.169499397277832
1780876738.6785412,3.3598433222885022,-2.5475063142741927,0.21836631596137243,1.0329101466430846,19.192662000656128
1780876738.7005,3.358293302613586,-2.545479521152432,0.21812900498022547,1.0335353744484692,19.21462082862854
1780876738.7223587,3.356722769658051,-2.5434393230962873,0.21892603958850904,1.0341697355774997,19.23647952079773
1780876738.7449217,3.3551227711645675,-2.541453284011308,0.2181008768368391,1.0348718939410055,19.259042501449585
1780876738.764837,3.3534997939658386,-2.5394496125107886,0.21866657389537297,1.0355847775537868,19.278957843780518
1780876738.7859244,3.351951809728462,-2.5374166897511614,0.2184062868444982,1.036191659282352,19.300045251846313
1780876738.8061428,3.3504385128889003,-2.5353613979949383,0.2183046344019669,1.0367349153598946,19.320263624191284
1780876738.8289068,3.348850450401112,-2.533331422236192,0.21891026533753186,1.03737824248004,19.343027591705322
1780876738.8503542,3.347188084751908,-2.5313777762439478,0.21809044237856845,1.0381590160145038,19.36447501182556
1780876738.8707664,3.3455247112668762,-2.5293911723184084,0.21871990479449654,1.0389182940003572,19.384887218475342
1780876738.8931046,3.3441119969960322,-2.52727274058567,0.21852603002602403,1.0392902294951805,19.407225370407104
1780876738.913105,3.3427531944464137,-2.5251219192542065,0.21840758371580707,1.0395672539991727,19.427225828170776
1780876738.935778,3.3411124038239546,-2.5231317914414078,0.21834719374997003,1.0402808692676633,19.449898719787598
1780876738.957517,3.339294067034466,-2.5212344827153412,0.21881755983625079,1.0412698373194997,19.471637725830078
1780876738.977299,3.337700995950908,-2.519215444890607,0.21868080661326633,1.0419115203876075,19.491419792175293
1780876738.9986339,3.336344670061647,-2.5170627389124722,0.2183610498611017,1.0421741611368356,19.512754678726196
1780876739.0187552,3.3348296645457074,-2.514982646787468,0.2188016023257626,1.0426643648645761,19.532876014709473
1780876739.0414088,3.3329582783074585,-2.513122245762277,0.21866675346222605,1.0437242085789524,19.555529594421387
1780876739.0638728,3.331351260367096,-2.5111102071838634,0.21830530749094085,1.0443687247360156,19.577993631362915
1780876739.0838187,3.3298869257490082,-2.508997555447515,0.21873155072291178,1.0447727603965635,19.597939491271973
1780876739.108422,3.3285123560554433,-2.50684044639924,0.21862089242095706,1.0450358222537028,19.62254285812378
1780876739.1292691,3.327053020213201,-2.504736320758139,0.21838243478465502,1.0454296117867656,19.64338994026184
1780876739.1510284,3.3253930370828444,-2.5027322186529006,0.21869870202295033,1.0461169800909325,19.665149211883545
1780876739.1736698,3.323553920428713,-2.500834063165706,0.21887073379235727,1.047090974582959,19.687790632247925
1780876739.1958857,3.3220960551846943,-2.4987248650385414,0.21851129901671013,1.0474756500649418,19.71000647544861
1780876739.2192588,3.3206802696484448,-2.4965680996300965,0.21912919589160823,1.0477691147685277,19.73337960243225
1780876739.23937,3.3190881789855102,-2.49453632725922,0.21854417197525283,1.0483467150364127,19.753490924835205
1780876739.261127,3.3174179191612763,-2.492528147440443,0.2189034706679087,1.049028694343992,19.775247812271118
1780876739.2837381,3.315919966123248,-2.4904277903807914,0.21875598026977186,1.0494502764655973,19.797858953475952
1780876739.3050883,3.3144842983105858,-2.488283973141472,0.21893712871834423,1.049762928084645,19.819209098815918
1780876739.3278491,3.312746788258413,-2.486313438136644,0.2189258678353112,1.0505332661042592,19.841969966888428
1780876739.34983,3.311059573237241,-2.484317646649212,0.2186561215187625,1.0512303967008272,19.863950729370117
1780876739.3699327,3.309583634045475,-2.482189268692787,0.21879721581795383,1.051590940631633,19.884053468704224
1780876739.3928554,3.3082454983299416,-2.4799755017194527,0.21909937046719535,1.051730758370879,19.906976222991943
1780876739.4136248,3.306644343556182,-2.4779251736299575,0.21868996289170584,1.0522752699369464,19.927745580673218
1780876739.436587,3.3049933659340653,-2.475879250908454,0.21922370976128036,1.052877485882723,19.95070791244507
1780876739.4578688,3.30345108269644,-2.4737920437154517,0.21871643508170568,1.0533243123236868,19.971989631652832
1780876739.4784808,3.3019278859296137,-2.4716676921341123,0.21924738021841245,1.0537269746534879,19.9926016330719
1780876739.5012803,3.3003766772027165,-2.469578217807409,0.21881158487878338,1.0541821289888826,20.015401124954224
1780876739.5227826,3.2987978743099724,-2.4674827391215066,0.21916885452607818,1.054660156316162,20.036903381347656
1780876739.545597,3.297238135655079,-2.4653860310790283,0.21904128037715373,1.0551112314007032,20.059717893600464
1780876739.568216,3.295717950650442,-2.4632600996027305,0.2189879693586508,1.055494656667638,20.082336902618408
1780876739.5889735,3.2941609296490295,-2.461145385635281,0.21926486605880208,1.0559240989576768,20.103094339370728
1780876739.6108532,3.292490981503736,-2.4591008025431336,0.21909310671091528,1.0565241314148341,20.124974012374878
1780876739.6314876,3.2910405489817482,-2.456923280512435,0.21916820485268906,1.0567874618376685,20.14560842514038
1780876739.6544974,3.289505124524697,-2.4547932068960607,0.21905650000993018,1.0571670962907733,20.168618202209473
1780876739.6802344,3.287890620614949,-2.452696556634661,0.2193440758125931,1.0576594793896454,20.194355249404907
1780876739.7011733,3.286447288609914,-2.4505093227432555,0.2191814155760595,1.05789767190727,20.215294122695923
1780876739.7263894,3.2847905243936766,-2.4484343051539343,0.21919990471848794,1.0584385699196792,20.24051022529602
1780876739.7464492,3.283278447588988,-2.4462729470883504,0.21924943382547873,1.0587653843411422,20.26057004928589
1780876739.7710931,3.2818213442688156,-2.444080711647651,0.2191451817115561,1.0590009401227567,20.285213947296143
1780876739.7964358,3.280143133473577,-2.4420015060103513,0.21937303598150087,1.0595528811991137,20.310556650161743
1780876739.8179595,3.2785281562368582,-2.439893098067176,0.2190844034813099,1.060015576156891,20.332080364227295
1780876739.8419015,3.277035636807347,-2.437698955762389,0.21942450604548475,1.0602836227280665,20.356022357940674
1780876739.8623204,3.2756112645970936,-2.435474852255392,0.2192097641613732,1.0604491993473601,20.37644124031067
1780876739.887934,3.2739676771704875,-2.4333621976945596,0.21933995582905802,1.0609249278796424,20.40205478668213
1780876739.9112291,3.2722743371556815,-2.4312790230973347,0.21914716148975935,1.0614718584049392,20.425349950790405
1780876739.931519,3.270732807398891,-2.4291000583135975,0.21930297673692944,1.0617897574510389,20.445639848709106
1780876739.954181,3.2693078704477205,-2.426849699182852,0.21956307884006274,1.0619249500884784,20.46830177307129
1780876739.974157,3.2675860651426674,-2.424770969045526,0.2193353014317559,1.062492195889397,20.488277912139893
1780876739.9955177,3.2660369059258625,-2.4225863643625916,0.2193572714232061,1.0628065601465266,20.50963854789734
1780876740.0183692,3.2646198927776786,-2.42031974712441,0.21954672515046564,1.062917807324732,20.532490015029907
1780876740.038908,3.2629207836339496,-2.418212213764444,0.21944683076778984,1.0634309300563434,20.55302882194519
1780876740.0650108,3.261440503937233,-2.4159771088444986,0.2194134796232538,1.0636270878646608,20.579131603240967
1780876740.0909188,3.2599257960023085,-2.4137561647702075,0.21935771363811074,1.0638699288852855,20.605039596557617
1780876740.1120753,3.258305452562003,-2.411583302771597,0.2196481680693049,1.0642551900238395,20.626196146011353
1780876740.133509,3.256764647258139,-2.4093739127790372,0.2193407352762013,1.0645275001183485,20.647629737854004
1780876740.1542187,3.255207722578091,-2.4071588181383254,0.2194852284292806,1.0648081686370077,20.668339490890503
1780876740.1804233,3.253612028988457,-2.4049609732021935,0.21967037241314774,1.06513866592414,20.694544076919556
1780876740.2029724,3.2520965043708867,-2.402722051121242,0.21946041926099694,1.0653538788780672,20.717093229293823
1780876740.2237723,3.250495692781322,-2.400520537855319,0.21945286280285553,1.0656771765665738,20.737893104553223
1780876740.2449157,3.2488626281352593,-2.3983291282611137,0.2196557734044739,1.0660401182944703,20.759036540985107
1780876740.2658343,3.2474661682591504,-2.3960097267520943,0.21946311211313793,1.066068519824146,20.7799551486969
1780876740.2879362,3.245923370652721,-2.3937628982614156,0.2194474481356965,1.0662927933064736,20.802057027816772
1780876740.3112693,3.244184582952963,-2.3916131684846897,0.21970917130080556,1.0667822849716426,20.825390100479126
1780876740.3341,3.2426191377882154,-2.389373859113794,0.21949652014731139,1.0670320203176074,20.848220825195312
1780876740.3567293,3.241137747182427,-2.387077368933709,0.2195231017866574,1.067152683270331,20.870850086212158
1780876740.3775246,3.239620495178775,-2.384795145896023,0.2196397882729515,1.0673162159844658,20.891645431518555
1780876740.4018905,3.2378675827461527,-2.3826387066239367,0.2196863571346631,1.0678038053810806,20.916011333465576
1780876740.4233813,3.2363737388926657,-2.380338626167001,0.2195751626993643,1.0679293224871387,20.937502145767212
1780876740.4435227,3.234848977585691,-2.378047656937736,0.2195582781012072,1.0680852684363282,20.957643508911133
1780876740.4679375,3.233215738663219,-2.37580850515263,0.21977544106529248,1.0683858237399626,20.98205828666687
1780876740.4882033,3.231662424174255,-2.3735303075139633,0.21944797905698787,1.0685795651274566,21.002324104309082
1780876740.5121505,3.2301049988296064,-2.3712346812409324,0.21988174457386817,1.0687622296286339,21.0262713432312
1780876740.5343359,3.2284828390092626,-2.368986767006737,0.21950156639249446,1.0690378119859965,21.04845666885376
1780876740.5546918,3.226936803618891,-2.366678394679148,0.21974728457178727,1.0691961098093996,21.068812608718872
1780876740.5762115,3.225471113218955,-2.3643293025778194,0.21968489413104697,1.0692467996307524,21.09033226966858
1780876740.5972307,3.2237381886045386,-2.362119534545512,0.2196925470377446,1.0696588059908638,21.111351490020752
1780876740.6194031,3.2221719463792162,-2.3598146504432296,0.21962773209475162,1.0698431014254046,21.13352394104004
1780876740.6452339,3.2206914608293844,-2.357453188275908,0.21981934820208637,1.069893486652294,21.15935468673706
1780876740.6657617,3.218941517206415,-2.355240294352516,0.21971814341809195,1.07031291262206,21.179882526397705
1780876740.6897323,3.217428794631046,-2.352891831471593,0.21968980668969107,1.0704087703716745,21.203853130340576
1780876740.7096086,3.2159447805310695,-2.3505228480036275,0.2196088758217722,1.070456524503859,21.223729372024536
1780876740.732952,3.2143371460851884,-2.3482112303279514,0.21983433365753258,1.0706611308067062,21.24707293510437
1780876740.7572062,3.2126278457001196,-2.3459593209550103,0.2196251891002566,1.0710066524126365,21.271327018737793
1780876740.7771556,3.211132884603665,-2.3435787563479757,0.2197523484210071,1.0710544784973663,21.291276454925537
1780876740.8010435,3.209578913082731,-2.341228697125523,0.2196926457577338,1.0711743696269256,21.31516432762146
1780876740.8252003,3.2079049716915047,-2.3389359625725588,0.21985514509901555,1.071453805151478,21.33932113647461
1780876740.8440118,3.20645592073584,-2.3365217037465875,0.2196964748807232,1.0714221663224857,21.3581326007843
1780876740.8666193,3.2048179992914467,-2.334201472932276,0.21978089191687392,1.0716372108608478,21.38074016571045
1780876740.8874927,3.2031811283973988,-2.3318785863973623,0.21971213605025644,1.0718563467386817,21.401613473892212
1780876740.9099183,3.2016367910607895,-2.329497991771902,0.2197769878378983,1.071939486516289,21.424039125442505
1780876740.9338665,3.20002271417891,-2.3271514365179056,0.21982287112286328,1.0721099035300243,21.44798731803894
1780876740.95325,3.1984315179604037,-2.3247889366920718,0.21984286936955516,1.0722463168757317,21.467370748519897
1780876740.9772332,3.1968848431783066,-2.322397390433966,0.21983690493356092,1.072315163736012,21.49135398864746
1780876740.9980948,3.1952549617669708,-2.3200478276346597,0.21977020380985546,1.0724945781894366,21.512215614318848
1780876741.0224457,3.1936730934482376,-2.3176659186547575,0.21979238393065575,1.0725986859619914,21.536566495895386
1780876741.043579,3.1920723863577103,-2.3152904202776465,0.21980333168308228,1.0727266943066551,21.55769991874695
1780876741.0655377,3.1905083427662917,-2.3128915640408123,0.21977015392436772,1.0727950024478456,21.57965850830078
1780876741.0873697,3.1888681245834363,-2.3105289300719085,0.21976606206849578,1.0729683707726831,21.60149049758911
1780876741.107136,3.1873337118847798,-2.30810348580344,0.21981061684222877,1.0729915601277167,21.621256828308105
1780876741.1298618,3.185686076845409,-2.3057357715418876,0.21982156227211258,1.0731614344095775,21.643982648849487
1780876741.1532753,3.1841278989931867,-2.3033160588047745,0.21981175882169232,1.0732059901518536,21.667396068572998
1780876741.173791,3.182549334508235,-2.3009034260925922,0.21980522275156125,1.073267800780192,21.68791174888611
1780876741.1980999,3.1808968508784656,-2.298527253545226,0.21975297263018337,1.0734267263526585,21.712220668792725
1780876741.219492,3.179323214998123,-2.2961024356078656,0.21979785614651287,1.0734694005639973,21.733612775802612
1780876741.2440734,3.177721111862508,-2.2936900779035487,0.21980834983068273,1.0735475440944668,21.75819420814514
1780876741.2669587,3.176095994502841,-2.2912863521092843,0.21980313951978409,1.0736497812018735,21.781079530715942
1780876741.2879088,3.174554242607739,-2.2888340051111613,0.21979015234890564,1.07363398809858,21.802029609680176
1780876741.3103912,3.1729033055475164,-2.2864353360247787,0.21982586889095226,1.07375754985644,21.824512004852295
1780876741.3301222,3.1713027142689936,-2.284008481697353,0.2197623435572119,1.0738126548883038,21.844243049621582
1780876741.3520977,3.1697070355897603,-2.2815737124271496,0.21975369563842653,1.0738509860589556,21.86621856689453
1780876741.3740962,3.168148010542613,-2.279114454411102,0.21979240932432673,1.0738408730195106,21.888216972351074
1780876741.3944259,3.16653134494824,-2.276683822635991,0.21978747658766815,1.0739039756077222,21.908546686172485
1780876741.4173095,3.1649185197589955,-2.2742486252557157,0.21974316933005036,1.0739627071006117,21.931430339813232
1780876741.437561,3.1632791860267013,-2.271822466273416,0.2197667404091603,1.0740477100940211,21.9516818523407
1780876741.458781,3.1617223684528373,-2.269348086060201,0.2198168514871094,1.0740157946885462,21.972901821136475
1780876741.4809382,3.160083090580201,-2.266917157876032,0.21975035762355494,1.0740991209496684,21.9950590133667
1780876741.502698,3.158501176347642,-2.2644508269028245,0.21974578038926826,1.0740955737305153,22.01681876182556
1780876741.5231512,3.156869978712827,-2.262009639306023,0.21966868570470396,1.074160607311395,22.037271976470947
1780876741.54839,3.155298001732811,-2.2595302651320694,0.21971673889723659,1.0741334251318069,22.06251072883606
1780876741.5670729,3.1536676783852022,-2.257080461938506,0.21974009190383284,1.074187608088275,22.081193685531616
1780876741.589253,3.152099751329721,-2.2545954854396983,0.21969758820715937,1.0741536924407065,22.103373765945435
1780876741.609778,3.1504386645888283,-2.25215636823495,0.21972391122710946,1.074244003488392,22.12389874458313
1780876741.6341674,3.1489036137596114,-2.2496471367241497,0.2196892260565146,1.0741567606220936,22.148288249969482
1780876741.6583514,3.1472421849606396,-2.2472022543183474,0.21971626143524994,1.0742382645331023,22.17247223854065
1780876741.6782992,3.1456562050455323,-2.2447161614857216,0.21965299681147485,1.0742132905903148,22.19242000579834
1780876741.7018712,3.1440421467944346,-2.242241327239979,0.21965024089391275,1.0742249814343454,22.215991973876953
1780876741.7219737,3.142434755684915,-2.239760962076791,0.21961967127421017,1.0742215801642656,22.23609447479248
1780876741.7451224,3.14083707628091,-2.2372721290127626,0.21962320595175464,1.0742014853720034,22.25924324989319
1780876741.7665515,3.139201196718657,-2.2348015237250087,0.21963316131068233,1.0742265694660897,22.280672311782837
1780876741.7879736,3.137574081465518,-2.232324892782452,0.21962002699368366,1.0742395710858892,22.30209445953369
1780876741.8104064,3.136036444455644,-2.229796978734373,0.21958269589082516,1.0741206914893233,22.324527263641357
1780876741.8324773,3.134377599129564,-2.2273298207678858,0.21970537023893694,1.074166387187228,22.346598148345947
1780876741.8568237,3.1328499211642216,-2.2247941233610304,0.21964952467912402,1.0740273674970515,22.370944499969482
1780876741.8803825,3.1311179473915716,-2.222367391196989,0.2195418880307582,1.0741703245415604,22.394503355026245
1780876741.9024887,3.1295170073718723,-2.2198653988707684,0.21956183473899013,1.0741317929405794,22.416609525680542
1780876741.927028,3.128030989158597,-2.2172991196872864,0.21956231637132798,1.0739238702066825,22.44114875793457
1780876741.9474452,3.1263476745601793,-2.2148366268111217,0.2196567060910144,1.0739885198069885,22.46156597137451
1780876741.9688065,3.1247600679458003,-2.2123238481670837,0.2196323677967565,1.073920028643208,22.482927322387695
1780876741.992937,3.1231685692349718,-2.2098117976757115,0.2195627893623903,1.0738553491163474,22.507057905197144
1780876742.0128574,3.121519281135322,-2.207328309471686,0.21955515992370397,1.0738673117251913,22.526978254318237
1780876742.0353503,3.1199957914558887,-2.2047760494272226,0.21948658398732046,1.0737002274083753,22.549471139907837
1780876742.0556362,3.11832078446183,-2.2023016159074236,0.21957120943762595,1.0737387286742353,22.569756984710693
1780876742.0811803,3.116709488053592,-2.199793641508274,0.2195634204288265,1.0736916609483877,22.595301151275635
1780876742.1042075,3.115197493695518,-2.1972325625603224,0.21943604828126342,1.0734990938190094,22.618328332901
1780876742.126497,3.113491593036577,-2.194770578609199,0.2195598266935579,1.0735755922068106,22.640617847442627
1780876742.14943,3.11197186079168,-2.1922100822930144,0.21950717983065535,1.0733880809990612,22.663550853729248
1780876742.1699705,3.1102662177371996,-2.1897483616060316,0.21950538136708939,1.073459713783592,22.684091329574585
1780876742.194658,3.1087661800632405,-2.1871746035787365,0.21947234405645769,1.073242281450555,22.708778858184814
1780876742.217281,3.107079995070042,-2.184700615343413,0.21947886583677845,1.073282797781018,22.731401920318604
1780876742.2371879,3.1055370348668414,-2.182150799523235,0.21931644183902732,1.073121771547454,22.75130867958069
1780876742.2604086,3.1039327886798462,-2.179629556795035,0.21936008262658355,1.0730365789858407,22.774529457092285
1780876742.2855506,3.1022679895447984,-2.17713898604486,0.21948265793646918,1.0730450346457454,22.799671411514282
1780876742.3050127,3.1007890012830677,-2.1745548117016376,0.21923552239089167,1.0727849041266655,22.819133520126343
1780876742.327002,3.0991024391912654,-2.172074830759992,0.21937738071865467,1.0728135767587172,22.84112286567688
1780876742.3478954,3.097499820289534,-2.1695527649265984,0.21929665422428468,1.072726079862754,22.862016201019287
1780876742.3699036,3.09592656064322,-2.1670115451497254,0.2193638732672577,1.0725858223239992,22.884024381637573
1780876742.3964882,3.094226269517451,-2.1645420247581066,0.21929370665590694,1.0726366103551772,22.910609006881714
1780876742.415159,3.092727339985014,-2.1619575538145943,0.21948475425584232,1.0723870821207004,22.929279804229736
1780876742.4386098,3.0911221985184243,-2.1594427055056933,0.21909908938897238,1.072293984648832,22.952730655670166
1780876742.4589128,3.089484972445874,-2.156931534987078,0.21931908916427184,1.0722378299992243,22.973033666610718
1780876742.4823983,3.08787677571694,-2.1544129063236106,0.21925330116096103,1.0721432879384842,22.996519088745117
1780876742.5044572,3.086332582973607,-2.1518585635883065,0.21913887841522073,1.0719534822497057,23.018578052520752
1780876742.5240335,3.0847584489547573,-2.149313798870766,0.21940430517713505,1.0717972526316402,23.038154363632202
1780876742.5480335,3.083028134112124,-2.1468636797248553,0.21919793212272762,1.071874628288314,23.062154293060303
1780876742.5680335,3.08149554050311,-2.1443006008255763,0.21925744591967022,1.0716596393720028,23.082154273986816
1780876742.5934412,3.0799653825991338,-2.1417382790757986,0.21920509383275485,1.0714348561579587,23.10756206512451
1780876742.6156912,3.0783033136589424,-2.1392455672043824,0.21930086892464767,1.0714050042814645,23.129812002182007
1780876742.6363394,3.076814711946901,-2.1366644546144054,0.2190941841521576,1.0711174850913414,23.150460243225098
1780876742.6591635,3.075136540663852,-2.134178845690029,0.21927975283876652,1.0711002137939545,23.17328429222107
1780876742.6798518,3.0734799548933895,-2.1316892030608767,0.21913271060394884,1.0710601092261767,23.19397258758545
1780876742.7030694,3.0720044862441735,-2.129093879486046,0.21930251119370658,1.070744529058036,23.217190265655518
1780876742.7250807,3.070406973685625,-2.126573899018274,0.2191317976688769,1.070608939418177,23.239201545715332
1780876742.747822,3.068773721284858,-2.1240710637280182,0.21904697797792094,1.0705234337265734,23.261942863464355
1780876742.7710109,3.0672094323411945,-2.121525631952611,0.21922076380789235,1.0703314319871584,23.285131692886353
1780876742.7912765,3.0656723276064124,-2.118972436159975,0.2191330721677173,1.07009731074921,23.305397272109985
1780876742.8141794,3.064001440065113,-2.116489017875319,0.2192051869526979,1.0700605917763717,23.32830023765564
1780876742.8388414,3.062503920828484,-2.113914063442814,0.21919422232090527,1.0697640612337587,23.352962255477905
1780876742.8595943,3.060791023444533,-2.1114590087540828,0.21906935862385454,1.0697842258919792,23.37371516227722
1780876742.8814335,3.0592001486026845,-2.1089375043440652,0.21898620195073334,1.0696277713591673,23.395554304122925
1780876742.901684,3.057767781357634,-2.106323929696062,0.21916608796277723,1.0692261597330592,23.415804862976074
1780876742.9238737,3.056136638435987,-2.103826724969658,0.21907603081345953,1.069121747983738,23.437994480133057
1780876742.9477284,3.0545196200551694,-2.1013212848318874,0.21900423749271758,1.0689955202207617,23.461849212646484
1780876742.9672105,3.0529770573213755,-2.0987744331010245,0.21900441944548973,1.0687552130044349,23.48133134841919
1780876742.9927077,3.051383939599934,-2.0962537441002054,0.21913941059792783,1.0685873874860832,23.506828546524048
1780876743.014831,3.0497227052538283,-2.0937767147497115,0.21902729103776172,1.0685281903040567,23.52895188331604
1780876743.0340607,3.0482606786799926,-2.0911847986253833,0.2191957490304546,1.0681621585708214,23.548181533813477
1780876743.057275,3.046657334713819,-2.0886805080087036,0.2189681118598601,1.0680087223504646,23.571395874023438
1780876743.0814908,3.0450460726865205,-2.086176641353738,0.2189285968988007,1.067867103839431,23.595611572265625
1780876743.1033921,3.043489567181161,-2.083638247192971,0.21919262891703475,1.067637660497116,23.617512941360474
1780876743.1273682,3.041957393893785,-2.0810985526676875,0.21893959021176607,1.067375958571036,23.641489028930664
1780876743.1469617,3.0403231841400773,-2.0786099228026997,0.2189369265099384,1.0672599370589602,23.66108250617981
1780876743.1680226,3.0386941029976753,-2.0761196258042736,0.2189659563487252,1.0671394838540724,23.682143449783325
1780876743.188125,3.037258516136546,-2.073520496087045,0.21915732522015752,1.066720738237282,23.702245712280273
1780876743.2110436,3.035562775241294,-2.0710745294793895,0.21893568921266968,1.0666976647895998,23.72516441345215
1780876743.2321136,3.034015569754374,-2.068544234305567,0.2188708735369058,1.066450807770945,23.74623441696167
1780876743.2535233,3.0325377023908975,-2.0659736105588737,0.2189243964364124,1.0660906467585853,23.76764416694641
1780876743.276509,3.030967174428522,-2.0634546854609606,0.21906358111804863,1.065868120264689,23.790629863739014
1780876743.2970958,3.0292789486310245,-2.06100777292163,0.21889546278450972,1.0658294236335886,23.811216592788696
1780876743.3183594,3.0277892999955447,-2.058445988219829,0.21903818917848678,1.065484615463964,23.83248019218445
1780876743.3410728,3.026224201995432,-2.0559319361977155,0.21893124929443855,1.065249420345328,23.855193614959717
1780876743.362768,3.0246951446279136,-2.0533957222351416,0.21896860315246738,1.0649611874673983,23.876888751983643
1780876743.3852353,3.023174288417677,-2.050858257034065,0.21892386586322324,1.064655413308632,23.89935612678528
1780876743.4056058,3.0214864090717892,-2.0484115605317172,0.2189814616879479,1.0646028115871093,23.919726610183716
1780876743.4288552,3.019943480909894,-2.0458867756523578,0.21903402912372355,1.0643295297624356,23.942975997924805
1780876743.4507692,3.018512493876599,-2.0433046256883722,0.21888120154389346,1.0638837158962033,23.964890003204346
1780876743.4714103,3.016885054075773,-2.040826717602808,0.2190089810307042,1.0637297388276714,23.985531091690063
1780876743.4942813,3.0152496985763753,-2.0383598758875023,0.21886265558901813,1.0635965901365116,24.008402109146118
1780876743.5148582,3.0137603091018095,-2.035806934991083,0.21899578503148737,1.063232149522781,24.028979063034058
1780876743.5402853,3.012217640333013,-2.033287607105023,0.21904689469423405,1.0629471474472307,24.05440616607666
1780876743.5619197,3.010535134348536,-2.030850409977508,0.21889707324510746,1.0628771459052224,24.076040506362915
1780876743.5855262,3.009045318622035,-2.0283029913627466,0.21896367601677214,1.0625140754059066,24.099647045135498
1780876743.608005,3.0075147933663877,-2.0257812297882936,0.218910034146492,1.0622074437736986,24.12212586402893
1780876743.6298351,3.005962623513821,-2.0232701923587664,0.21896696543092303,1.0619347299796082,24.143955945968628
1780876743.6535504,3.004398849994928,-2.020768460816618,0.21896415278799883,1.0616742723914045,24.16767120361328
1780876743.6760068,3.002888048728523,-2.018237339284125,0.21896710631619587,1.0613371436787844,24.19012761116028
1780876743.7000108,3.0013108650670115,-2.0157444842310848,0.2189749433540179,1.061096391127931,24.214131593704224
1780876743.721876,2.999709806478152,-2.013267491669408,0.21888940956196945,1.060894422905621,24.23599672317505
1780876743.7487593,2.998209762610822,-2.010732354033218,0.21891603597775136,1.0605332904966325,24.262880086898804
1780876743.7678814,2.9966411472456183,-2.0082361943026124,0.21898184973412496,1.0602715564649685,24.282002210617065
1780876743.7931626,2.995094416678291,-2.00573065506533,0.21893974267735286,1.0599844041723525,24.307283401489258
1780876743.8139815,2.9935440059782277,-2.003227491621584,0.21892197608944297,1.0596933257341217,24.328102350234985
1780876743.8387244,2.991991806313908,-2.0007237274231247,0.21900936980524147,1.059407390736002,24.352845191955566
1780876743.8621018,2.9904697925250927,-1.9982065586815512,0.21897663073539683,1.0590683382788004,24.376222610473633
1780876743.8827121,2.988883016873366,-1.9957254895146883,0.218978687690149,1.0588320016402912,24.396832942962646
1780876743.908161,2.9873098788803416,-1.9932369893653072,0.219012911932669,1.0585690720007026,24.422281742095947
1780876743.9288526,2.985802980892322,-1.9907116659785193,0.2190256066151686,1.058204709111978,24.442973375320435
1780876743.9497972,2.9842238842280633,-1.9882286808241798,0.21902951633139411,1.0579470700500941,24.46391797065735
1780876743.97174,2.9827125335497,-1.9857085519084514,0.21898310067423613,1.0575859676512227,24.48586082458496
1780876743.9916916,2.981117515270762,-1.9832347233307441,0.21901721436021246,1.057348563631792,24.505812406539917
1780876744.0144203,2.9796209025053133,-1.9807051977672168,0.21906457870544008,1.056960468529014,24.528541088104248
1780876744.0352163,2.9780406867090425,-1.9782254343537473,0.21902829589798029,1.0566960064931283,24.549337148666382
1780876744.055466,2.9765179516925655,-1.9757118876492237,0.21906408569444394,1.0563400606984281,24.569586753845215
1780876744.07719,2.974978227426243,-1.9732086610463637,0.2190960853719441,1.0560101491638267,24.591310739517212
1780876744.0978508,2.973417601288075,-1.9707186905730105,0.21907743243412614,1.0557116443481496,24.611971616744995
1780876744.1215873,2.9718740497714577,-1.9682173793346036,0.21913704756492539,1.055380412216964,24.63570809364319
1780876744.141906,2.9703294085491865,-1.9657191196023376,0.21912293796924498,1.055051060553156,24.65602684020996
1780876744.1651347,2.9687903239877156,-1.9632171317839597,0.21912956723464191,1.0547081838026404,24.679255485534668
1780876744.1884305,2.9672301396478327,-1.9607273960561569,0.21913606797141832,1.054398116585114,24.70255136489868
1780876744.2086911,2.9657516604609144,-1.958192648448258,0.21908910790586617,1.0539609015419718,24.722811937332153
1780876744.231183,2.964110538462804,-1.9557493870459988,0.2190779297295108,1.053766303595042,24.745303869247437
1780876744.251341,2.962634762838628,-1.9532098140699257,0.21921448862587392,1.0533172780894873,24.765461921691895
1780876744.2749302,2.9610909278254804,-1.9507176242025606,0.21894858804490203,1.0529728977245245,24.789051055908203
1780876744.2983012,2.9595163171764995,-1.948235310893295,0.21900878676957466,1.0526680119991259,24.812422037124634
1780876744.3181973,2.957957494166995,-1.9457432352885446,0.219196673724394,1.0523361993211724,24.83231806755066
1780876744.3404422,2.9564845674869193,-1.9432104670530892,0.2189407840113812,1.0518767884499756,24.854562997817993
1780876744.3624578,2.954901683636196,-1.9407299538080691,0.21918482737179493,1.0515690678939054,24.87657856941223
1780876744.38546,2.9533251947911228,-1.9382582694917316,0.2190994112929929,1.0514308777425931,24.899580717086792
1780876744.4099078,2.9518652303139556,-1.9357274680610814,0.21907172924875337,1.0511112023403584,24.924028635025024
1780876744.4297538,2.9502930196599655,-1.933268138005795,0.21912884298862081,1.0509606403046376,24.94387459754944
1780876744.4510527,2.9488017581624284,-1.9307722274185564,0.21917470391955723,1.0506923205758874,24.965173482894897
1780876744.4755855,2.947227933699871,-1.9283331538138206,0.21914490358389976,1.050546907620559,24.98970627784729
1780876744.494905,2.94576384779615,-1.92583847612756,0.21920812246080149,1.0502438397407587,25.009025812149048
1780876744.520504,2.944217012354192,-1.9234008228044925,0.21918245809965015,1.0500627487667566,25.034624814987183
1780876744.5402315,2.942755001487572,-1.920923176882622,0.21916474949906228,1.0497567969206951,25.054352283477783
1780876744.5626369,2.9412018021304855,-1.9185051997140234,0.2191940735896297,1.0495860011531981,25.076757669448853
1780876744.5862563,2.9397587351831187,-1.9160315538829942,0.21922396237309028,1.0492559828664607,25.100377082824707
1780876744.6055155,2.938227056614368,-1.9136179101730175,0.2192210464741936,1.0490580401211442,25.119636297225952
1780876744.6299264,2.936753073833225,-1.9111787463019314,0.21922384251186777,1.0487753850877413,25.144047260284424
1780876744.650867,2.9352383580097494,-1.9087708313322036,0.21924597140691324,1.048552591279286,25.164987802505493
1780876744.6750607,2.9337567416858237,-1.9063507512902027,0.21927968369128076,1.0482832686968875,25.189181566238403
1780876744.6977615,2.9322762778705846,-1.9039386355005836,0.21926278593300036,1.0480154731266254,25.21188235282898
1780876744.7194064,2.9308106424819496,-1.901524736123842,0.21928393260587634,1.0477242978299035,25.233527183532715
1780876744.7409394,2.929333858145935,-1.8991240441546446,0.21930954003133288,1.047451268886217,25.25506019592285
1780876744.7640033,2.9278477472111186,-1.8967370279706317,0.21929203861639632,1.0471909357761735,25.2781240940094
1780876744.7871306,2.926381176496696,-1.8943450633489136,0.2193121762241328,1.0469060682620182,25.30125141143799
1780876744.8103595,2.924915905408406,-1.8919596489548631,0.21932196269995338,1.0466196086105999,25.324480295181274
1780876744.832883,2.92345734867659,-1.8895773156584434,0.21931448451368507,1.0463229998876002,25.347003698349
1780876744.8556736,2.921996473546865,-1.887202794729697,0.21932419801317787,1.0460290745052934,25.369794368743896
1780876744.876307,2.9205197067649578,-1.884844291860881,0.21932498269365036,1.0457607666924487,25.390427827835083
1780876744.898979,2.919066437265342,-1.8824781255053558,0.21933742321454083,1.0454557364223547,25.413099765777588
1780876744.9210467,2.917627929459598,-1.8801106759855641,0.21932786826876038,1.0451305919079195,25.43516755104065
1780876744.9409869,2.9161524491232256,-1.8777712981706034,0.21931724567063546,1.0448590346642952,25.45510768890381
1780876744.9640603,2.914764880854853,-1.8753868295396259,0.219292812581017,1.0444582436743115,25.47818112373352
1780876744.9843628,2.91325793426628,-1.8730756601281506,0.2194092936903423,1.0442328645721073,25.498483657836914
1780876745.0083938,2.911873372116131,-1.8707023318796043,0.21936262462646586,1.0438317235518424,25.522514581680298
1780876745.0317643,2.910366722282295,-1.868403298397449,0.21943453180729972,1.0436044178077255,25.54588508605957
1780876745.0528636,2.908945707133415,-1.8660623635711533,0.21945531080224326,1.0432557885833589,25.56698441505432
1780876745.0751507,2.9075586729853744,-1.8637088236298969,0.2193912514667863,1.0428570198809721,25.589271545410156
1780876745.0964572,2.9060228134933217,-1.8614474675577568,0.21933057970324116,1.0426780847554529,25.610578060150146
1780876745.1186268,2.9046515814459157,-1.859092453853293,0.2194356061756325,1.04225910693998,25.632747650146484
1780876745.1440194,2.9032819346611043,-1.8567460320439158,0.21936310451221702,1.0418343496562894,25.658140182495117
1780876745.1640015,2.9017799622889533,-1.8544785694860857,0.21944549990617965,1.041603437529,25.6781222820282
1780876745.1854806,2.900397922769146,-1.852150151340154,0.21938030992157023,1.041199681618096,25.699601411819458
1780876745.2111385,2.898939417099952,-1.8498709579473942,0.21934402163091954,1.040908982105413,25.72525930404663
1780876745.2313137,2.8975543001723776,-1.8475527069957771,0.21936549798706267,1.0405088013607662,25.745434522628784
1780876745.2521782,2.8961133334133153,-1.845270756831739,0.21947317604912203,1.0401855755847995,25.76629900932312
1780876745.2725897,2.8946468787681296,-1.843013837481505,0.21937591181837196,1.039907762543967,25.786710500717163
1780876745.298408,2.8933276038202975,-1.8406697759268729,0.21949574589859436,1.0394116238723887,25.81252884864807
1780876745.3215504,2.891864204446979,-1.8384178403418079,0.21955105690591833,1.0391264916345424,25.835671186447144
1780876745.3430283,2.8905201829976193,-1.8361038574647968,0.21944053940515493,1.0386689317914684,25.857149124145508
1780876745.3674574,2.889007874648259,-1.8338918781991624,0.21938865462600385,1.0384525912860987,25.88157820701599
1780876745.387947,2.887615714416769,-1.8316135850894493,0.21938976025793902,1.0380711893450982,25.90206789970398
1780876745.4091349,2.8863155870808748,-1.8292849787537269,0.2193851692964364,1.03755149149716,25.923255681991577
1780876745.4325688,2.8848445305133956,-1.827059772717688,0.2195040330888583,1.0372773568964515,25.94668960571289
1780876745.4548879,2.8834228542642695,-1.8248136367521546,0.21947203990677963,1.0369362274727703,25.969008684158325
1780876745.4782946,2.8820810505255645,-1.822523349712386,0.21947068439681325,1.0364753559174353,25.99241542816162
1780876745.4984455,2.8806752085412537,-1.8202754341385736,0.2194916141119142,1.036112392926082,26.012566328048706
1780876745.5236583,2.879284760163656,-1.818023704522555,0.21947377036069157,1.0357215438817864,26.037779092788696
1780876745.5460095,2.8778934010673862,-1.8157758537279733,0.2194915204593268,1.035334056050183,26.06013035774231
1780876745.5667741,2.876509453080272,-1.8135293579191223,0.2194360021727432,1.0349343416191088,26.080894947052002
1780876745.5904086,2.875108790235382,-1.8112953919684265,0.21945865498155104,1.0345612840618976,26.10452938079834
1780876745.6112196,2.873746906708003,-1.8090419121151393,0.21952353913932054,1.0341310410897417,26.125340461730957
1780876745.6345391,2.8723165599105087,-1.80683478712083,0.21950701919715093,1.0337986127160246,26.1486599445343
1780876745.657742,2.870967410828999,-1.804583417407265,0.21947737114259644,1.0333476051505475,26.171862840652466
1780876745.677993,2.8695870930004053,-1.8023542287988064,0.21948272754322953,1.0329458894298034,26.192113876342773
1780876745.7008843,2.8681658866654725,-1.8001527087415008,0.21951614572903588,1.032600188987577,26.21500515937805
1780876745.72084,2.8667915142118123,-1.7979292748759172,0.21946101698680584,1.032191532449203,26.234960794448853
1780876745.744532,2.865463299534427,-1.7956805035775756,0.2194647011076877,1.0317091706004087,26.258652925491333
1780876745.768214,2.8640506044642695,-1.7934834847141525,0.21960197597438488,1.0313499805716742,26.282334804534912
1780876745.7895286,2.862760516438775,-1.7912223963121159,0.2195145023460641,1.0308173600361492,26.303649425506592
1780876745.811995,2.861268019918777,-1.7890827683325214,0.2195713569941262,1.030574093196762,26.32611584663391
1780876745.8326795,2.8600082557852993,-1.7868094848842901,0.2195392875514474,1.0299961393809056,26.346800327301025
1780876745.8553078,2.8585388974147583,-1.7846659768921245,0.21949372194874314,1.0297162508270654,26.369428634643555
1780876745.8789718,2.85722192728343,-1.7824345481174484,0.21944425283895863,1.0292229562916848,26.3930926322937
1780876745.901253,2.855843206169667,-1.7802415586512117,0.21949540389995695,1.0288117368462188,26.41537380218506
1780876745.927004,2.854455477642591,-1.7780605316604252,0.21944354535378638,1.028419535540932,26.44112491607666
1780876745.952712,2.85316062217771,-1.7758261063461374,0.2194110364956649,1.0278879495742386,26.466832876205444
1780876745.9715583,2.851783043193615,-1.7736401847255483,0.21964773095211051,1.0274729382477208,26.485679149627686
1780876745.994861,2.8503431758164406,-1.7715039738787168,0.21949708583609046,1.0271568484192768,26.508981704711914
1780876746.0150223,2.8490915856118373,-1.769252880389483,0.2195303795624685,1.0265643384124674,26.52914309501648
1780876746.0373206,2.847678350430006,-1.7671032364097472,0.21957676184124222,1.0262020042439328,26.551441431045532
1780876746.059657,2.8463143917756013,-1.764929912550442,0.21951097572155487,1.025773601902241,26.57377791404724
1780876746.0806563,2.8449891529285414,-1.7627349202380527,0.219521663758717,1.0252870629563624,26.59477710723877
1780876746.1018395,2.8435868275356535,-1.7605897951818674,0.21953381605863026,1.0249137041944865,26.615960359573364
1780876746.1217546,2.8422703187570666,-1.7583957560192993,0.21955388914801954,1.0244122365867243,26.635875463485718
1780876746.1443,2.840864421918833,-1.7562626339977228,0.21944823018458073,1.0240458673516786,26.65842080116272
1780876746.1662686,2.8395979154690068,-1.7540450028009997,0.21947111415009646,1.023470839296726,26.680389404296875
1780876746.1883721,2.8381952003437916,-1.7519137903017152,0.2195043915552627,1.02309548698147,26.7024929523468
1780876746.213799,2.836866399475969,-1.7497411803505984,0.2195473559321399,1.0226144075690833,26.727919816970825
1780876746.2350352,2.835541513223982,-1.7475702479997492,0.21953137163136044,1.022123549347345,26.74915599822998
1780876746.256005,2.8341329796073795,-1.745454730891894,0.21947110822170085,1.0217570551123263,26.77012586593628
1780876746.279015,2.83284992752912,-1.7432640648506657,0.21948333920212404,1.0212048977563235,26.79313588142395
1780876746.2995443,2.8314740292200113,-1.7411335155959167,0.21952550656452663,1.020790440062017,26.81366515159607
1780876746.3230376,2.830160723803535,-1.738969057678883,0.21952174429010912,1.020282320859776,26.83715844154358
1780876746.3430254,2.828815589485405,-1.7368284953043573,0.21948537777645422,1.0198234983812116,26.85714626312256
1780876746.3668315,2.8274555495951192,-1.734700128285499,0.21946448994270806,1.0193817159965182,26.88095235824585
1780876746.390471,2.8261712809427486,-1.7325283896094685,0.2194312418078872,1.01883526483486,26.90459179878235
1780876746.4108622,2.824811394169252,-1.7304045044236518,0.21950657767574835,1.018392571396264,26.924983024597168
1780876746.4331486,2.823421001393519,-1.7283054072647275,0.21946397412043075,1.0180000394502997,26.947269439697266
1780876746.4530556,2.822163442772549,-1.7261280997642345,0.2193910689519324,1.0174099008797146,26.96717643737793
1780876746.4740455,2.820758319082372,-1.724042810507457,0.219437978955408,1.017035435976764,26.988166332244873
1780876746.496491,2.8194855461902466,-1.7218800583886253,0.2194478497196305,1.0164679953161109,27.01061177253723
1780876746.5167494,2.818183363722331,-1.7197409302897093,0.21938995519875645,1.0159414154255018,27.03087019920349
1780876746.538895,2.8167670234664777,-1.717672409266995,0.21945313852004272,1.01558383453163,27.05301570892334
1780876746.559218,2.815512800064458,-1.7155079045873116,0.21951469055738662,1.0149844128613896,27.073338747024536
1780876746.582309,2.8140645564474793,-1.7134722777339202,0.21933596270333738,1.0146776608173678,27.0964298248291
1780876746.6064324,2.8128019360462777,-1.711321506175004,0.21930223081154837,1.014097859224444,27.120553255081177
1780876746.6263611,2.8115260054301565,-1.7091817118222379,0.219277210201564,1.0135318193897813,27.14048194885254
1780876746.6482134,2.810142108215274,-1.707108894212979,0.21951319278821713,1.0131260495552006,27.162334203720093
1780876746.6738257,2.808850559537597,-1.70499300694814,0.21918552302513133,1.0125906567554033,27.187946557998657
1780876746.692516,2.807542169968726,-1.7028783371824474,0.2194499374306754,1.0120724449777079,27.206636905670166
1780876746.7171447,2.8061436841356486,-1.700833595533773,0.21933785883879064,1.0116959495137587,27.231265544891357
1780876746.741239,2.8049638312109697,-1.6986522438855203,0.21930287036638782,1.0109921576261112,27.255359888076782
1780876746.7661119,2.8036751367375636,-1.6965456856887215,0.2191699974357664,1.0104487678380334,27.280232667922974
1780876746.788515,2.802199960119786,-1.6945516602295223,0.21939574717768026,1.0101802912297453,27.30263590812683
1780876746.8103197,2.8008795655444567,-1.6924761023307173,0.2190990775992054,1.0096909543848351,27.324440479278564
1780876746.8336642,2.7996441826924547,-1.6903376764323073,0.2193511088988431,1.0090631676912736,27.347784996032715
1780876746.854828,2.7984205905367565,-1.688204566767976,0.21927566597947776,1.0084221102076736,27.368948698043823
1780876746.8793933,2.7969642177699012,-1.6862175384096005,0.21936590886765495,1.0081310810521078,27.393514156341553
1780876746.9060433,2.7957481991826456,-1.6840863067483187,0.21927622477328004,1.0074863319630518,27.420164108276367
1780876746.9260786,2.794474057158282,-1.6819950628595994,0.2192196150852973,1.0069227744384772,27.440199375152588
1780876746.9520338,2.793016764248804,-1.6800185972041646,0.2193593930215663,1.0066354557098993,27.4661545753479
1780876746.9729712,2.7918184270071844,-1.6778890908810906,0.21920858676117239,1.0059647853156237,27.48709201812744
1780876746.995977,2.7904617873293196,-1.675858875638691,0.21924294214548598,1.0055265205079262,27.51009774208069
1780876747.0179117,2.789102930207526,-1.6738384659044632,0.21909001404191505,1.0051018485655483,27.53203248977661
1780876747.0380635,2.7879007357694756,-1.6717146133670961,0.21927139113262833,1.004430903300367,27.552184343338013
1780876747.0604393,2.786621170907699,-1.6696500734937318,0.2191971455506508,1.0038795170721162,27.574560165405273
1780876747.0809245,2.7852311465000126,-1.6676563186969864,0.21925262608609208,1.0034989261964515,27.59504532814026
1780876747.1056318,2.7840013110266346,-1.6655655688447482,0.21930289382110185,1.0028721347291887,27.619752645492554
1780876747.129148,2.782635993038611,-1.6635682608004578,0.21918145703462844,1.002454683966537,27.643268823623657
1780876747.1496265,2.7814248491748317,-1.6614726682563596,0.21920789604532873,1.0018011391977364,27.663747310638428
1780876747.1729064,2.780101689030059,-1.6594527686881704,0.21925599912861263,1.001316842219918,27.68702721595764
1780876747.1928074,2.778736748281196,-1.6574666698780347,0.21914652667626322,1.000905713423327,27.706928253173828
1780876747.2144332,2.7775377581504346,-1.6553748156739994,0.21918019993206544,1.0002344958737988,27.728554010391235
1780876747.235966,2.776213153184393,-1.6533682796193956,0.21920612456068808,0.9997556958294673,27.750086784362793
1780876747.2569046,2.774888107638474,-1.651368053974887,0.21914845038485353,0.999284086454594,27.77102541923523
1780876747.2788486,2.77367749096872,-1.6492971792777469,0.21910229867005604,0.9986336288795332,27.792969465255737
1780876747.3003018,2.7723351580870164,-1.6473126840138508,0.21916199127023944,0.9981864948314509,27.814422607421875
1780876747.3233256,2.7710810469530904,-1.6452772857799445,0.21914211838326791,0.9976035466789543,27.837446451187134
1780876747.345937,2.7697854973496066,-1.643271421659059,0.2191941727087512,0.997085084702384,27.860057830810547
1780876747.3661182,2.7684979942921553,-1.6412655617889047,0.21919430606646648,0.9965555072588561,27.880239009857178
1780876747.3897464,2.7672396280591793,-1.6392449424645559,0.21921113142534604,0.9959803701457464,27.90386724472046
1780876747.4132574,2.765896432353222,-1.6372854295738082,0.21912302126167427,0.9955404949660114,27.927378177642822
1780876747.433001,2.764728045427401,-1.635215979592551,0.21904050351974003,0.9948268780211578,27.9471218585968
1780876747.4549398,2.7633842639072257,-1.633261871212391,0.21911741252937683,0.9943848353017426,27.96906065940857
1780876747.4749324,2.762154292867796,-1.6312400713418762,0.2190585856906806,0.9937731624918493,27.98905324935913
1780876747.4983487,2.7608754881361808,-1.6292533962450129,0.2190611708956768,0.9932343951032898,28.01246953010559
1780876747.520962,2.759574062662486,-1.6272855016628252,0.21904668498261118,0.9927370449220039,28.035082817077637
1780876747.5429459,2.7583192403494485,-1.6252925621295538,0.21900918678902637,0.9921625966121947,28.057066679000854
1780876747.5730877,2.75699449299686,-1.6233497373974408,0.21893541872586164,0.9917020734324931,28.08720850944519
1780876747.5942101,2.75579862257694,-1.6213226076116254,0.2190527097184952,0.9910372925099047,28.108330965042114
1780876747.6173584,2.7545026649273954,-1.6193681159759001,0.21904666704543063,0.9905291030960903,28.131479263305664
1780876747.6402543,2.753222725676958,-1.6174074042233022,0.21905733567015911,0.9900015435088605,28.154375076293945
1780876747.6601467,2.7519844750111324,-1.6154230168797659,0.21905597503881427,0.9894044991474829,28.174267530441284
1780876747.682593,2.750665095067455,-1.6134985114053098,0.2189622838050657,0.9889428022979967,28.19671392440796
1780876747.7032619,2.749480297224959,-1.611487940223353,0.21893420604759678,0.9882646379906603,28.217382669448853
1780876747.72774,2.7481748142214513,-1.6095591887865228,0.21899327264369808,0.987777987580067,28.24186086654663
1780876747.7493968,2.746893379602929,-1.6076222347294666,0.21892963862159184,0.9872591916090458,28.26351761817932
1780876747.7708774,2.745686665333609,-1.6056360447998983,0.2190346085846069,0.9866129121567981,28.284998178482056
1780876747.795449,2.7443556844539505,-1.6037430304409612,0.21886536823946842,0.986175139882782,28.309569835662842
1780876747.8165874,2.743191544597421,-1.6017355064621195,0.21903108763512305,0.9854639390742701,28.330708265304565
1780876747.838063,2.741887936502853,-1.5998296977391002,0.21900286049631543,0.9849796557203234,28.35218381881714
1780876747.8614535,2.7407072205435052,-1.5978478118952235,0.21888855165408178,0.9842995832019099,28.375574350357056
1780876747.8829334,2.739378115281241,-1.5959651024279407,0.21895630154911422,0.9838564391240823,28.397054195404053
1780876747.906015,2.738166078303757,-1.5940095335570834,0.21900257982893304,0.9832272698240132,28.420135736465454
1780876747.9268434,2.7369421277943538,-1.5920682739071093,0.21894452822552493,0.9826164834473605,28.440964221954346
1780876747.9497764,2.7356459902797328,-1.590179757096931,0.21888355520745487,0.9821263432507017,28.463897228240967
1780876747.9735675,2.734481913926314,-1.5882057260057254,0.21887336833019633,0.9814215836110289,28.487688302993774
1780876747.9941761,2.733162999032588,-1.5863377095174922,0.2189446543180843,0.9809661472377158,28.508296966552734
1780876748.015426,2.7319446527299527,-1.584408158225263,0.21895805659481682,0.9803533593498086,28.5295467376709
1780876748.035784,2.7307450560370405,-1.5824736525042253,0.21882655615090413,0.9797091815448749,28.549904823303223
1780876748.058224,2.7294255241408725,-1.5806211357982687,0.21880908834962623,0.9792604013559565,28.57234477996826
1780876748.0810795,2.728238680473911,-1.5786807830511675,0.2189409718647491,0.9785952985025599,28.595200300216675
1780876748.1009336,2.727000523636208,-1.5767834813298096,0.2188731099826843,0.9780148196959093,28.61505436897278
1780876748.1223845,2.72575088632849,-1.574898178821622,0.21879581479283394,0.9774553030923006,28.636505365371704
1780876748.1491861,2.724546493322686,-1.5729844841462952,0.2188186295008095,0.9768213901101603,28.663306951522827
1780876748.1689723,2.7232657863001766,-1.57112672802119,0.2188301951299911,0.9763115570576737,28.683093070983887
1780876748.1926618,2.722082682072987,-1.56920560243786,0.2189121264995117,0.975643428520355,28.706782579421997
1780876748.2124143,2.7208506528066136,-1.567324973697665,0.218864793068748,0.9750586352492636,28.726535081863403
1780876748.2336566,2.7195985488873373,-1.5654604609742635,0.21888540918028615,0.9745034102059016,28.747777462005615
1780876748.257436,2.7184023404236224,-1.5635636239778523,0.21883190206788974,0.9738616896354317,28.771556854248047
1780876748.277492,2.7171393517697804,-1.5617148777541807,0.21886139687842396,0.9733275127437038,28.79161286354065
1780876748.3012257,2.715953789800421,-1.5598179703642685,0.21884483697716758,0.9726699350144878,28.815346479415894
1780876748.3219872,2.714703868730581,-1.5579689150463656,0.218855891284011,0.9721180986580258,28.836107969284058
1780876748.346108,2.713478627897412,-1.5561077969480084,0.21883294771998826,0.9715250544445722,28.860228776931763
1780876748.3670948,2.7122834362042294,-1.5542293854835476,0.21885286194800066,0.9708863440824009,28.881215572357178
1780876748.3883808,2.711024383640806,-1.5524000721048654,0.21880557743301518,0.9703487519600316,28.902501583099365
1780876748.4095442,2.7098701965780165,-1.550499993655744,0.2188778974829033,0.9696406720482464,28.923665046691895
1780876748.429985,2.7085852900925027,-1.5486977772135162,0.21876135786454218,0.9691503378482134,28.944105863571167
1780876748.4510214,2.707434846108876,-1.5468023665999666,0.21887406738526777,0.9684353663227228,28.965142250061035
1780876748.476084,2.7061798944850053,-1.544986659119665,0.21880444857946368,0.9678973960017387,28.99020481109619
1780876748.4968817,2.7049826338245224,-1.5431330825799048,0.21883211195336286,0.9672610379594477,29.01100254058838
1780876748.5193884,2.7037563950046795,-1.5413054110583417,0.2187948371321078,0.9666789348582032,29.033509254455566
1780876748.539807,2.7025672635628983,-1.5394551954960358,0.2187666187672382,0.9660311742698298,29.053927898406982
1780876748.5614247,2.701389728937936,-1.5375993990908678,0.2188083380568765,0.965367976227256,29.0755455493927
1780876748.5831335,2.7001615566228616,-1.535783134640455,0.21883404775925522,0.9647840850097946,29.097254276275635
1780876748.6033707,2.6989535864414584,-1.533956371711977,0.21883351274850388,0.964170832272023,29.117491483688354
1780876748.626106,2.6977379372034815,-1.5321401124060248,0.21881226480688581,0.963569531245402,29.1402268409729
1780876748.6461775,2.696538403480415,-1.530315151884871,0.21882998159850423,0.9629417249066012,29.160298347473145
1780876748.6755574,2.6953343357244726,-1.528497699413427,0.21883186207346242,0.9623222240007827,29.189678192138672
1780876748.6996207,2.694138814496244,-1.5266778268048475,0.21884542728627596,0.9616910497175519,29.213741540908813
1780876748.7199812,2.692948564790754,-1.524857696143456,0.2188369633209583,0.9610509473758473,29.23410201072693
1780876748.7414663,2.691746495647555,-1.5230493949037427,0.21884766922805166,0.9604311342985579,29.255587100982666
1780876748.762114,2.6905470307801465,-1.521243140765441,0.2188572222212329,0.9598074028037189,29.2762348651886
1780876748.7848034,2.6893418795506787,-1.5194451398762552,0.21879825666364874,0.9591923033317205,29.298924207687378
1780876748.808348,2.6881644784911414,-1.5176303728730507,0.21880799576665294,0.9585315128258589,29.322468757629395
1780876748.8298435,2.686950944211127,-1.5158442457399615,0.21881716514760663,0.9579312170558936,29.343964338302612
1780876748.8519986,2.6857404708079584,-1.5140597016422412,0.2188327343795565,0.9573239353031564,29.366119384765625
1780876748.8749776,2.684567654167525,-1.5122518516618413,0.2188281139845496,0.956654416582003,29.389098405838013
1780876748.8937695,2.6833737782273146,-1.5104629430695677,0.21883841206418939,0.9560232638020931,29.40789031982422
1780876748.9177508,2.6821920148171317,-1.5086673844924359,0.21887071461486832,0.9553674705351902,29.43187165260315
1780876748.9390476,2.6809900004193357,-1.5068914056567628,0.21881663974122556,0.9547511727295568,29.453168392181396
1780876748.9649634,2.679808157306661,-1.505102982797348,0.21885953842599176,0.9540949803255092,29.479084253311157
1780876748.988313,2.6786138598177334,-1.5033271840276123,0.2188558026168105,0.9534630920019698,29.50243377685547
1780876749.0098834,2.6774405378960378,-1.5015406678026755,0.21880585359391272,0.9527926539574505,29.524004220962524
1780876749.0314293,2.6762761259819565,-1.4997497465624137,0.21881769348045943,0.9521104556220994,29.545550107955933
1780876749.052006,2.6750426988816556,-1.4980098218855726,0.2188661615742551,0.9515392999699133,29.566126823425293
1780876749.075016,2.673866035307908,-1.4962334517685736,0.21891200412151066,0.9508773979353311,29.589136838912964
1780876749.096015,2.6727419204083054,-1.4944252385705319,0.2188336900410338,0.9501279272151351,29.610135793685913
1780876749.1162171,2.671466240223343,-1.492726793480985,0.21880199418399016,0.949631835389253,29.630337953567505
1780876749.1380925,2.67034163266161,-1.49092207304263,0.21883038682697797,0.9488817363593771,29.65221333503723
1780876749.1588333,2.669150939587008,-1.4891687501595057,0.2188366181697162,0.9482401985466833,29.672954082489014
1780876749.183346,2.667927531108682,-1.487443119093379,0.2187941061018017,0.9476570318074229,29.69746685028076
1780876749.2078838,2.666842776412205,-1.4856197382768268,0.21876351718810194,0.9468392007335025,29.722004652023315
1780876749.2278862,2.6656191607667625,-1.483896161281898,0.2188805646249675,0.9462476942622615,29.74200701713562
1780876749.2514195,2.6643627801997916,-1.482204892491096,0.21872642325069608,0.9457184917115331,29.76554036140442
1780876749.274561,2.663277571612473,-1.480386164599912,0.2188695076413446,0.944899192628899,29.788681745529175
1780876749.2959425,2.662067349428887,-1.4786655082722453,0.2188025195043895,0.9442872198707972,29.810063362121582
1780876749.3181977,2.6608808768463055,-1.476929610872713,0.2187472699108354,0.9436395797177175,29.832318544387817
1780876749.3380456,2.6597193660380083,-1.4751735277888747,0.21889708653909207,0.9429422840598782,29.852166414260864
1780876749.3626316,2.6584790902823325,-1.4734820712965329,0.21888425065479034,0.9423836450130096,29.876752376556396
1780876749.3825815,2.6574306545906574,-1.4716534787479756,0.21884633540210222,0.9414991527534049,29.8967022895813
1780876749.405124,2.6561866594618113,-1.4699665445915555,0.21897059796612486,0.9409375019932735,29.91924476623535
1780876749.4272096,2.6549698678089233,-1.468270651170916,0.21871668828997345,0.9403385564822937,29.941330432891846
1780876749.4476075,2.653865343976789,-1.4664858873601854,0.21884249170776507,0.9395451121830884,29.96172833442688
1780876749.4705355,2.6527190521308426,-1.4647393846103027,0.21878852037732271,0.9388217950553202,29.98465633392334
1780876749.4911783,2.6514390289979763,-1.463090631686356,0.2187985393727659,0.9383210471732264,30.00529909133911
1780876749.5163424,2.650274488257288,-1.461359215313128,0.21886926551395108,0.9376285691147999,30.030463218688965
1780876749.5412304,2.6492030983297976,-1.4595645141490192,0.2187584314597779,0.9367799242189161,30.05535125732422
1780876749.562898,2.647971382244879,-1.4578830498218627,0.21897487002292837,0.9361911778108265,30.07701873779297
1780876749.585382,2.6467213120614206,-1.4562259532356885,0.21881346961123255,0.9356421680929312,30.09950280189514
1780876749.60933,2.6456578595978693,-1.454425468186359,0.2189998472907126,0.9347727577428921,30.123450756072998
1780876749.6290119,2.6444133012343243,-1.452768014922451,0.21886254946909633,0.9342060647253287,30.14313268661499
1780876749.6515493,2.6432309897307995,-1.4510628505892502,0.2188872974471606,0.9335384086362897,30.165670156478882
1780876749.6721115,2.6421619063837496,-1.4492735413640414,0.21898246766466817,0.9326736359556831,30.186232328414917
1780876749.6939964,2.6408821268480023,-1.447645644858863,0.21896945306986454,0.9321619081724482,30.208117246627808
1780876749.7172208,2.6398331714080188,-1.4458476555011768,0.21897274267018485,0.9312652954954999,30.23134160041809
1780876749.7370791,2.6385774818152137,-1.4442067075918712,0.21890245724985194,0.9307091393661562,30.251199960708618
1780876749.7581365,2.637429406485082,-1.4424861607625166,0.21887525739043548,0.929978892710265,30.272257328033447
1780876749.7788157,2.6362691359355965,-1.4407732202435628,0.21897794713749683,0.9292566589393072,30.29293656349182
1780876749.8023958,2.635029574477122,-1.4391281492569183,0.21881743637866422,0.9286772582820824,30.316516637802124
1780876749.8242824,2.633964424323135,-1.4373448576768075,0.21903195431727274,0.9277980446985428,30.33840322494507
1780876749.8445075,2.6327342844339325,-1.4356936027230007,0.21896698459741262,0.9271944387336042,30.358628273010254
1780876749.8678815,2.6316384243180058,-1.4339410391537613,0.21895357563955017,0.9263695140422961,30.382002353668213
1780876749.8876657,2.6304753559387546,-1.4322423285251016,0.2188979063257971,0.925649160751906,30.40178656578064
1780876749.9090786,2.62921386467583,-1.430613719314132,0.21903466538275523,0.9250910802128551,30.42319941520691
1780876749.9312015,2.628128428772372,-1.4288570458542313,0.21907585057772241,0.924239520361672,30.445322275161743
1780876749.9519064,2.626828933223313,-1.4272674607955922,0.21889809716031075,0.9237470843650737,30.46602725982666
1780876749.9734018,2.6256683955950675,-1.4255696133590248,0.21895138431057515,0.9230200651264955,30.4875226020813
1780876749.9957888,2.6246083386325734,-1.423793186751719,0.21914565303930292,0.9221158948939596,30.509909629821777
1780876750.0193453,2.623313813891901,-1.4222044177267212,0.21899090616331185,0.9216097305374991,30.53346610069275
1780876750.0426934,2.6222123196221965,-1.420466483330113,0.21900944201013733,0.9207808341865036,30.556814193725586
1780876750.0631607,2.6211024790982638,-1.4187395775151899,0.21882613093804348,0.919965006629182,30.57728147506714
1780876750.0840425,2.6199056997040087,-1.4170677941036456,0.21920646542664463,0.9192802732675034,30.59816336631775
1780876750.1050384,2.6186517906285602,-1.415459520296723,0.21879053852524724,0.918705426510499,30.61915922164917
1780876750.127295,2.6174953868241544,-1.4137600286720613,0.2191189417406212,0.9179569771029712,30.64141583442688
1780876750.1490703,2.6165126350882972,-1.4119447922045274,0.21878165936524324,0.9169273751780338,30.663191080093384
1780876750.1696937,2.6153330052832184,-1.4102730147864284,0.21879377661491262,0.9162151433071397,30.683814525604248
1780876750.192622,2.6139765498475382,-1.4087289169922768,0.21918801285877265,0.9157878624094957,30.706742763519287
1780876750.2124143,2.6128601905242004,-1.4070162915490498,0.21894819313835998,0.9149778085128757,30.726535081863403
1780876750.2346046,2.6117591156709827,-1.4052853962425758,0.21902250358056496,0.9141282349587989,30.748725414276123
1780876750.2575622,2.610458718887585,-1.4037074674093555,0.21918819372999934,0.91361185664974,30.77168297767639
1780876750.277967,2.609420483422716,-1.4019355435986478,0.2189976308167171,0.9126658438361535,30.79208779335022
1780876750.2997103,2.608282101220593,-1.400240123129222,0.21890961039791793,0.9118798986659051,30.813831090927124
1780876750.322813,2.6069614767917693,-1.3986765007067434,0.21921876977741833,0.9113874679062963,30.836933851242065
1780876750.3424144,2.6058078443054393,-1.3969981638461664,0.21895057709176224,0.9106327422552098,30.85653519630432
1780876750.3660362,2.6046694968529485,-1.395296574492394,0.2191690819013945,0.9098372901223435,30.880156993865967
1780876750.3899395,2.6034076994748876,-1.3936999547359012,0.21911329434821183,0.9092496763798046,30.90406036376953
1780876750.4129627,2.6023529821737377,-1.3919408244961173,0.2190650851389945,0.9083188489183129,30.927083492279053
1780876750.436299,2.6012246991122097,-1.3902423815690248,0.21893257135886027,0.9075065120974726,30.950419902801514
1780876750.4552557,2.5999136119489523,-1.3886767993765439,0.21923022035813364,0.9069883596877455,30.96937656402588
1780876750.4805481,2.5987259281649338,-1.387029847707384,0.21891891319824758,0.9062780431501416,30.99466896057129
1780876750.5018337,2.597597639744474,-1.385321572499395,0.21922934048726297,0.9054505186114721,31.01595449447632
1780876750.5244668,2.596454120602347,-1.3836402179173029,0.2190109597866273,0.9046588875845929,31.03858757019043
1780876750.5477712,2.5952031673078575,-1.3820364173368738,0.2190228999880963,0.9040370663619672,31.06189203262329
1780876750.5682762,2.5939457836135693,-1.380438263767152,0.21908689830617714,0.903428755835292,31.082396984100342
1780876750.5947194,2.5929138307557005,-1.3786609081466163,0.21923966673451614,0.9024410177696582,31.108840227127075
1780876750.6149402,2.5916865835517973,-1.3770461444036604,0.2190096550915005,0.9017793641880214,31.129060983657837
1780876750.63607,2.5904174380832807,-1.3754558960900825,0.2191970207274049,0.901184671894244,31.150190830230713
1780876750.6580238,2.5894114351266286,-1.373663142240646,0.21914690828554248,0.9001547803881973,31.172144651412964
1780876750.6801457,2.588178707497796,-1.3720531172467647,0.21898651164653485,0.8994966888929952,31.19426655769348
1780876750.7031548,2.5869125662366614,-1.3704620340250342,0.21911919530796456,0.8988897079265357,31.217275619506836
1780876750.7232687,2.5857617487687423,-1.3687865714725218,0.21905644580494413,0.898094545807214,31.23738956451416
1780876750.7511384,2.58462129282975,-1.3671012038265271,0.21897928016093293,0.8972796534088552,31.265259265899658
1780876750.7764132,2.5834655861814775,-1.365427124020176,0.21905625780382776,0.8964869899385519,31.290534019470215
1780876750.7962685,2.582214888756058,-1.3638296267438137,0.21901941686555185,0.8958477018120679,31.310389280319214
1780876750.8198261,2.5809304617714464,-1.3622626660110795,0.21896765180274994,0.8952676559715922,31.33394694328308
1780876750.8404913,2.5798540444871376,-1.3605204798062336,0.2191954452520862,0.894338998719638,31.354612112045288
1780876750.8660839,2.5788343166522774,-1.358749026597661,0.2187964069000116,0.8933198811660068,31.380204677581787
1780876750.8871763,2.5776340496561114,-1.3571094805020805,0.2189415911155913,0.8925881561701932,31.401297092437744
1780876750.9075024,2.57624764714884,-1.3556140625266788,0.21937375042857865,0.8921636959550163,31.42162322998047
1780876750.930237,2.575034310385964,-1.3540019455714203,0.21884510152840442,0.8914714788309084,31.444357872009277
1780876750.9519677,2.5739029829075895,-1.3523029198747722,0.21926127386306957,0.89062173609768,31.46608853340149
1780876750.9750288,2.5727762024729106,-1.3506175877054407,0.2188591537701918,0.8897749857713926,31.489149570465088
1780876750.9984336,2.5716007923288196,-1.3489641706686766,0.21888829701438814,0.8890011692668249,31.51255440711975
1780876751.020037,2.5703464563134646,-1.3473636882502662,0.21929859340267335,0.8883477832592277,31.534157752990723
1780876751.04328,2.5690693885304627,-1.3458070259778019,0.2187962859499888,0.8877532476706573,31.557400703430176
1780876751.0681596,2.5678694572994707,-1.3441612551008117,0.21934613290383537,0.8870104047789624,31.58228039741516
1780876751.086456,2.5669314950064543,-1.3423255203472426,0.21893066304843686,0.8858437284549616,31.600576877593994
1780876751.1098804,2.56584058730381,-1.3406088796952325,0.21874492602342727,0.8849233002969532,31.624001264572144
1780876751.130258,2.5645363142889592,-1.3390589703577596,0.21889983982524563,0.8843534522232783,31.644378900527954
1780876751.154035,2.563087452644734,-1.3376206880832384,0.21935912750265277,0.8840217507711312,31.668155908584595
1780876751.1769092,2.5619417324577958,-1.3359557054360565,0.21891809930880182,0.8832025658979248,31.691030025482178
1780876751.1990674,2.5609224619365416,-1.3341729384274283,0.21911603095934656,0.8821531673763694,31.71318817138672
1780876751.2207334,2.5596323601159603,-1.3326141877798112,0.21920157486305647,0.8815533348327342,31.734854221343994
1780876751.2409875,2.5582193606182058,-1.3311674058788154,0.2188919694613411,0.8811764736236798,31.75510835647583
1780876751.2631752,2.5570072674220343,-1.3295483325270852,0.21890094894879394,0.880453990582474,31.77729606628418
1780876751.285208,2.556006820843346,-1.3277481141249754,0.21915626209534203,0.8793681747136457,31.799328804016113
1780876751.3066146,2.554914612531413,-1.3260282328275195,0.21918972672526213,0.8784333528385364,31.820735454559326
1780876751.328559,2.5535788109781468,-1.3245219934080819,0.21883358639389194,0.8779200162584697,31.842679738998413
1780876751.349553,2.5523114497008814,-1.3229342038487828,0.21947543387632437,0.8772740397637069,31.86367392539978
1780876751.3707101,2.5512920046605156,-1.321170813729361,0.21888477400126552,0.8762326579507143,31.884830951690674
1780876751.3925853,2.550195937569328,-1.3194559019231622,0.21891022976099886,0.8752987974810811,31.90670609474182
1780876751.4130018,2.548875288481176,-1.317925637884458,0.21911569118824561,0.8747441202009227,31.927122592926025
1780876751.4345236,2.5474925598057334,-1.316452304009528,0.21903806732713665,0.874299137741982,31.948644399642944
1780876751.4568653,2.546262994324655,-1.3148569239044106,0.21884378105872404,0.8735989022890855,31.970986127853394
1780876751.4798822,2.545193166593315,-1.3131128702748764,0.2191985043291013,0.8726173096892538,31.99400305747986
1780876751.5053062,2.54412233626174,-1.311387296475236,0.21884962457224225,0.8716427609601061,32.01942706108093
1780876751.5263915,2.542889283724464,-1.3097846076496729,0.21910320845642536,0.8709341554367711,32.04051232337952
1780876751.5479155,2.5414581960539966,-1.3083529296143934,0.21914719415130965,0.8705651456955241,32.06203627586365
1780876751.5679808,2.5402452730401675,-1.3067484374066325,0.21880718539428412,0.8698350833807336,32.082101583480835
1780876751.5922358,2.5391417301153143,-1.3050311386448623,0.21928641213725103,0.8688969497188044,32.106356620788574
1780876751.6161819,2.5381349588844224,-1.3032543424114955,0.21887257347782124,0.867807153149319,32.1303026676178
1780876751.6367724,2.5369321585374753,-1.3016343723262105,0.2188349991416163,0.8670420524520122,32.150893211364746
1780876751.6590316,2.535532411407121,-1.3001733028255194,0.21917682188811385,0.8666060618290707,32.173152446746826
1780876751.6791697,2.534223293579065,-1.2986407652129734,0.2192862817498133,0.86602201120819,32.19329047203064
1780876751.701848,2.533221447081049,-1.2968593008302467,0.21895803033361586,0.8649190264394155,32.21596884727478
1780876751.7235136,2.532023883358335,-1.2952381771494523,0.21883355755286996,0.8641385684459708,32.2376344203949
1780876751.7437341,2.53066331792684,-1.2937454212510637,0.21924944194549315,0.8636324922791854,32.25785493850708
1780876751.7657158,2.5294118701664927,-1.2921770108613675,0.2188870988708349,0.8629553870031259,32.279836654663086
1780876751.789565,2.5282396149987485,-1.2905311069231122,0.21904673903408112,0.8621282715469807,32.303685903549194
1780876751.809694,2.5270770514252483,-1.2888813484627717,0.21894299053755997,0.8612878936047954,32.323814868927
1780876751.8324225,2.525884766582364,-1.287260256429906,0.21884516408986962,0.8605012305162605,32.346543312072754
1780876751.8540602,2.524629827273394,-1.2856792285608196,0.2192294553909218,0.8598092745179837,32.368180990219116
1780876751.8782194,2.523314041738926,-1.2841757872437456,0.2187423468673263,0.8592393215943659,32.39234018325806
1780876751.9025607,2.5220856589941234,-1.2825723922551922,0.2192137017013262,0.8584984809228402,32.41668152809143
1780876751.9245844,2.521102575434847,-1.2807765651746352,0.21891268131386513,0.8573466099374834,32.43870520591736
1780876751.9466882,2.5199494503829865,-1.2791231615241225,0.21886307467911092,0.8564839983695949,32.460808992385864
1780876751.967275,2.51856347019047,-1.2776683418220705,0.21895187987394718,0.8560189063559411,32.48139572143555
1780876751.9905083,2.517211830667498,-1.276179811717201,0.21919902749830494,0.8554905835327684,32.504629135131836
1780876752.0121372,2.516112402453781,-1.2744921883817384,0.21873696107803325,0.854541253002159,32.52625799179077
1780876752.0334842,2.514952501145849,-1.2728299582891995,0.2193700166790807,0.8536696488862852,32.54760503768921
1780876752.0551038,2.513610633577352,-1.2713576889601894,0.2187780734216482,0.8531417326762174,32.56922459602356
1780876752.0758767,2.5122852828367748,-1.2698512786157945,0.21901840359282498,0.8525689291880356,32.58999752998352
1780876752.0972784,2.5112508976572245,-1.2680992539960219,0.21895358174047874,0.8514941887825351,32.61139917373657
1780876752.1214054,2.5100733882719863,-1.266464070107921,0.21921785659720222,0.8506549431247468,32.635526180267334
1780876752.1424813,2.50862993507579,-1.265077894883236,0.21891122982686387,0.8502983325724109,32.65660214424133
1780876752.1648798,2.507372326862257,-1.2635251001120258,0.21879507610434737,0.8496152317108088,32.67900061607361
1780876752.1850808,2.5063150379343404,-1.2617894629225883,0.21895005715717253,0.848571944345915,32.699201583862305
1780876752.2093418,2.505190215809137,-1.2601111823671098,0.21919917542037246,0.847638882567578,32.72346258163452
1780876752.2327995,2.5038159794294494,-1.2586717820615223,0.21880059036814425,0.8471615650659992,32.746920347213745
1780876752.2530162,2.502550359322489,-1.2571196168541172,0.2190573277335832,0.8464846564734785,32.76713705062866
1780876752.2763398,2.501554168539534,-1.2553385966315243,0.2190060578911209,0.845334910409191,32.79046058654785
1780876752.2972174,2.500298362613837,-1.2537930557134238,0.21873046358966558,0.8446392148334017,32.81133818626404
1780876752.3231177,2.4989208308360618,-1.252339938930763,0.2191814715112995,0.8441496074481218,32.83723855018616
1780876752.3451495,2.4977303410320717,-1.2507398021663825,0.21883885031989544,0.8433489228916109,32.859270334243774
1780876752.365768,2.496636454386399,-1.2490463012403001,0.21892587727297808,0.8423677065125057,32.87988877296448
1780876752.3889966,2.4953164481870367,-1.2475501172437684,0.21912843751355054,0.8417720626732352,32.903117418289185
1780876752.4090228,2.4939173688986878,-1.2461438458766243,0.21868877655693214,0.8413403303136961,32.9231436252594
1780876752.43094,2.492695806799723,-1.2445685892800153,0.21867990746783758,0.8405854287480468,32.94506072998047
1780876752.455149,2.4916562976322876,-1.2428215548050139,0.219053771396228,0.8395004156389714,32.96926975250244
1780876752.4751086,2.4904714022149053,-1.2412148651742625,0.219040904241226,0.8386709651173287,32.98922944068909
1780876752.498467,2.4890451711876223,-1.2398314016911045,0.21889282516892233,0.8382795918215145,33.012587785720825
1780876752.5225918,2.4878668571913014,-1.2382258922501352,0.21868961655023955,0.8374520917916035,33.036712646484375
1780876752.5441175,2.4867883017186205,-1.2365154280515283,0.21918421420396106,0.8364280321328303,33.05823826789856
1780876752.5658236,2.485524455003141,-1.2349943515764406,0.21878928521510133,0.8357529792125824,33.079944372177124
1780876752.588342,2.4841410821832075,-1.233571703088442,0.218903905982365,0.8352826536361508,33.10246276855469
1780876752.6143165,2.4830242626247827,-1.2319115312495654,0.21886337582537232,0.8343420245361131,33.12843728065491
1780876752.636039,2.4819252527425713,-1.2302333940078,0.2189507440659161,0.8333602201115031,33.15015983581543
1780876752.6582987,2.4805660022604505,-1.2287986014722356,0.2188489610117987,0.8328544536717892,33.17241954803467
1780876752.68333,2.479291836279605,-1.2272785826298311,0.2190381700400958,0.8321885579926693,33.19745087623596
1780876752.7038953,2.478204096205975,-1.2256047050021892,0.21874611606526115,0.8311974490705563,33.218016147613525
1780876752.7275553,2.476947700002421,-1.2240709682422166,0.21896365231292217,0.8304928450125182,33.24167609214783
1780876752.7504349,2.4755314298019093,-1.2226943322266675,0.21883246189331704,0.8300941298088009,33.26455569267273
1780876752.7711067,2.474337478333772,-1.2211144786125465,0.21878539685679013,0.8292911474491138,33.28522753715515
1780876752.7941523,2.4732898251801005,-1.2193951023232668,0.21892415551477776,0.828216721899846,33.30827307701111
1780876752.8147695,2.472128895591242,-1.2177936259130817,0.21864324543003058,0.8273575332424805,33.328890323638916
1780876752.8392787,2.4707806443481912,-1.2163535861983563,0.21878481259908178,0.8268260322549299,33.35339951515198
1780876752.8626885,2.4694105051757087,-1.2149321618204219,0.21906147826173977,0.826340650515295,33.3768093585968
1780876752.88345,2.4683591124620103,-1.2132336560574173,0.2187695809207916,0.8252841257162906,33.397570848464966
1780876752.9078667,2.4671602230019363,-1.2116665923658576,0.21866164245537148,0.8244849587897747,33.421987533569336
1780876752.9280493,2.465803660253013,-1.210234865723838,0.21908683013544836,0.8239682281963567,33.44217014312744
1780876752.951999,2.464523921525427,-1.2087554076506086,0.2185844993587769,0.8233347647889051,33.46611976623535
1780876752.973702,2.4633126277960375,-1.2071988168011594,0.21876947870623534,0.82255903379221,33.48782277107239
1780876752.994738,2.4621460878726937,-1.2056029754666993,0.21882356291569455,0.8217003256229116,33.50885891914368
1780876753.0164268,2.4609771225537265,-1.2040209623651577,0.21861196951627365,0.8208565490711086,33.53054761886597
1780876753.03646,2.4596816140666378,-1.2025382411867334,0.21908943177139806,0.8202250242820393,33.550580739974976
1780876753.059717,2.458293703890924,-1.2011690979708198,0.21865359294362105,0.8197911674311049,33.573837757110596
1780876753.083163,2.457084174843384,-1.1996242183288046,0.21857164744969054,0.8190225520022185,33.59728384017944
1780876753.1039717,2.455990368968487,-1.197957366514363,0.21909718396115546,0.8180253056331503,33.61809253692627
1780876753.1282983,2.4548503998850375,-1.1963645548723478,0.21850414347799446,0.8171388984824155,33.64241909980774
1780876753.1485672,2.4536052568764126,-1.1948471416873276,0.2188665396585528,0.8164246399015322,33.66268801689148
1780876753.1729257,2.4521610665051163,-1.1935263144694965,0.2189164835487186,0.8160872326070585,33.68704652786255
1780876753.1958134,2.450988973408908,-1.1919627311365009,0.21853710926811318,0.8152576959747506,33.70993423461914
1780876753.2177856,2.449847477015313,-1.1903458525383743,0.21914246792948358,0.8143467825664725,33.73190641403198
1780876753.2431538,2.448639819864572,-1.1888283151127206,0.21840493794050675,0.8135909601119184,33.75727462768555
1780876753.2694807,2.447376838380976,-1.1873333093234841,0.2189198769375299,0.8129115817022718,33.78360152244568
1780876753.2879403,2.4460859061529074,-1.1858846079204635,0.21864556126333998,0.8122959769311731,33.80206108093262
1780876753.31012,2.4448082439698093,-1.1844213765185734,0.2186304960741797,0.8116543379010706,33.824240922927856
1780876753.3310628,2.443654149011681,-1.182830821546901,0.21895430359313708,0.8107770171439714,33.84518361091614
1780876753.3521712,2.4425800982008163,-1.1811880879499677,0.21854231387429301,0.8097708494677223,33.866291999816895
1780876753.3760774,2.441317648442739,-1.1797123962292313,0.21856537010450047,0.8090977348025783,33.89019823074341
1780876753.3967404,2.4398896128626633,-1.1783880946836915,0.2189794304161564,0.8087302898239557,33.9108612537384
1780876753.4200037,2.438681248733983,-1.1768697974318962,0.21878246375675353,0.8079718944639005,33.93412446975708
1780876753.4401846,2.437629253535508,-1.1752036792203506,0.21869028952419592,0.8069191511684242,33.95430541038513
1780876753.461668,2.4363554254883897,-1.1737448289303478,0.21874680486444792,0.8062707052786511,33.975788831710815
1780876753.4834301,2.434893688016939,-1.1724686462573113,0.21884819035611577,0.8059791311888631,33.99755096435547
1780876753.5038283,2.4337293200802312,-1.1709175511579515,0.21855660893571524,0.8051443470815745,34.01794910430908
1780876753.5288877,2.4326808556200183,-1.169241795539669,0.21888559236755975,0.804075068134642,34.04300856590271
1780876753.5492294,2.431366982291147,-1.167827840105369,0.21897819346022762,0.8035047659144485,34.063350200653076
1780876753.572276,2.4298977369897603,-1.1665822762895248,0.21847020495125632,0.803248810818971,34.08639693260193
1780876753.5936098,2.42861321683707,-1.1651510789586528,0.21829214637078703,0.8026372852607793,34.10773062705994
1780876753.6138859,2.4274990850978084,-1.163544067162157,0.2185939312316169,0.8016954416407192,34.12800669670105
1780876753.6386526,2.4265208453199625,-1.1618029655711877,0.21903791801464534,0.8004937221675679,34.15277338027954
1780876753.6589305,2.4252661236666966,-1.1603566963419734,0.2185307032205841,0.7998334438953965,34.17305135726929
1780876753.6839793,2.4238714673565136,-1.1590319997795298,0.21869242928477556,0.7994246796216995,34.198100090026855
1780876753.7079096,2.4226559478226513,-1.1575268708220434,0.21905966521266512,0.7986764158233877,34.22203040122986
1780876753.728532,2.4216355799857245,-1.1558607254027522,0.21847628008740178,0.7975850034182832,34.242652893066406
1780876753.753606,2.42046908568801,-1.154320493190355,0.21849492941763654,0.796748345431614,34.26772689819336
1780876753.7741563,2.4190794868927568,-1.152999205690813,0.21860816470121325,0.7963362210019156,34.28827714920044
1780876753.7981133,2.4176851170025073,-1.1516787310991208,0.21885468735023136,0.7959285524226587,34.3122341632843
1780876753.824011,2.4164561235276922,-1.1502207546942773,0.21834263972592788,0.7952312790751854,34.33813190460205
1780876753.8448753,2.415266078210872,-1.1486921131835246,0.21907954609438363,0.7944312078128872,34.35899615287781
1780876753.8667905,2.4142116416459563,-1.1470681367440827,0.21842504248097253,0.7934075394756261,34.380911350250244
1780876753.887724,2.4130925129759593,-1.1454883933203288,0.21857355177172916,0.7924840365080748,34.40184473991394
1780876753.912485,2.411706451362255,-1.1441788503326322,0.21850648774740256,0.7920734064769395,34.42660570144653
1780876753.936597,2.4102882911963963,-1.142884489395695,0.21909621315794264,0.7917112677143505,34.45071792602539
1780876753.9573839,2.4090920644856766,-1.1414109072512888,0.21829326543527175,0.7909686642706681,34.47150468826294
1780876753.9795456,2.4079421532675243,-1.1398625045832134,0.2186578088889576,0.7901038210949434,34.49366641044617
1780876754.0051053,2.4067690344407437,-1.1383397108282496,0.21888817013596368,0.7892834025529929,34.51922607421875
1780876754.0239968,2.405512843656578,-1.1369252328241843,0.2183259583360381,0.7886464274896534,34.53811764717102
1780876754.0458188,2.404235608744349,-1.1354948039118378,0.21914954314146293,0.788015048054481,34.55993962287903
1780876754.0669258,2.403001513254738,-1.1340643401339205,0.218423265546066,0.7873421798389995,34.58104658126831
1780876754.0909386,2.4017662759047704,-1.1326084877044125,0.21879857042097975,0.7866393338802364,34.60505938529968
1780876754.1127336,2.400554231365092,-1.1311417423517127,0.21866657187544777,0.7859046135911196,34.62685441970825
1780876754.132863,2.3993447894272446,-1.1296773048071258,0.21851635666049424,0.7851695712016591,34.64698386192322
1780876754.1551337,2.3981009389141863,-1.1282279995379418,0.21903683646274458,0.7844815245550238,34.669254541397095
1780876754.1753178,2.396819118501441,-1.1268489206531473,0.21851212656607147,0.7838945094885457,34.689438581466675
1780876754.1989448,2.395568775253637,-1.1254073127631936,0.21912831983835565,0.7832188695807911,34.71306562423706
1780876754.2210965,2.394449075495063,-1.1238689306948255,0.218529180909321,0.7823257710625624,34.735217332839966
1780876754.2427492,2.3932659510435568,-1.1223683463834373,0.21892560114419557,0.7815260302387248,34.75687003135681
1780876754.2660139,2.3918051807524967,-1.1211624635277455,0.21880567906795986,0.781271841345422,34.78013467788696
1780876754.2862914,2.390531834052932,-1.1197759711554467,0.21840728348016097,0.7806675562527037,34.80041217803955
1780876754.3090656,2.3893599486844628,-1.1182654306903341,0.21885379454352932,0.7798480451991914,34.82318639755249
1780876754.334614,2.3883426660849336,-1.1166102304498293,0.2188859275489548,0.7787401148513897,34.848734855651855
1780876754.356279,2.3870613794238555,-1.1152359106963357,0.2184817794650333,0.7781504416023513,34.870399713516235
1780876754.380655,2.3857293761276543,-1.1138847878026332,0.21913651273430396,0.7776302207969294,34.89477586746216
1780876754.4010942,2.3844593390346227,-1.1125070786212425,0.21851559088779807,0.7770259627109741,34.91521501541138
1780876754.4242814,2.3832249730180677,-1.111062863307794,0.2190555624762152,0.7763254112405864,34.93840217590332
1780876754.4463038,2.382126367008167,-1.1095041284746172,0.2187304172926176,0.7753860009183526,34.96042466163635
1780876754.4689283,2.380888669224596,-1.1080801932520858,0.2186965325097255,0.7747020211506399,34.983049154281616
1780876754.4920442,2.379517608660335,-1.1067848823401996,0.2189490181394521,0.7742648645545334,35.00616502761841
1780876754.5120885,2.3782315609687723,-1.1054171234846466,0.21876520421087542,0.7736800594008963,35.026209354400635
1780876754.5370486,2.377125984836851,-1.1038558492724362,0.218872102385587,0.7727435602716586,35.05116939544678
1780876754.5590909,2.3759222886111777,-1.1023988855925733,0.21884207033956934,0.7719906730930663,35.073211669921875
1780876754.5804586,2.3745281281528694,-1.1011371316960177,0.21891825613819016,0.7716075562430671,35.094579458236694
1780876754.608122,2.3733831351845676,-1.0996227695327883,0.2188289296019097,0.7707525696267652,35.12224292755127
1780876754.6293805,2.3722413368057267,-1.098104801093936,0.2187712074703028,0.7698831862306523,35.14350128173828
1780876754.6532955,2.3709112154008016,-1.0967765274932615,0.21896275734991077,0.7693756550560487,35.16741633415222
1780876754.6740234,2.369628662364792,-1.0954092415429404,0.21871669713529374,0.768785964502916,35.18814420700073
1780876754.69414,2.3683984830817564,-1.0939732310489678,0.21910019994028562,0.7680786793300634,35.20826077461243
1780876754.7199476,2.3672262929677514,-1.0924994775985475,0.21864029584204134,0.7672809910128597,35.234068393707275
1780876754.7445009,2.3659940851912924,-1.0910649026422812,0.21906714526046206,0.7665744292478767,35.25862169265747
1780876754.7632306,2.364586296784686,-1.089833048095414,0.21875839852507262,0.7662275713682227,35.27735137939453
1780876754.785966,2.363312063958814,-1.0884554761243548,0.21871584657015516,0.7656179718455718,35.30008673667908
1780876754.8073714,2.3622081263524466,-1.0868913191196532,0.21903060999619609,0.764671653013119,35.321492195129395
1780876754.8302794,2.3610413735724776,-1.085407601627299,0.2187710722513035,0.7638539412444709,35.34440016746521
1780876754.8529294,2.3597110769459277,-1.084086248195495,0.21891896130609378,0.763348070896984,35.36705017089844
1780876754.8724923,2.3584484610853895,-1.082699044436437,0.21880002746405802,0.7627172131118192,35.38661313056946
1780876754.8941066,2.3572686149493975,-1.0812248922128362,0.218816395629892,0.7619221032005754,35.40822744369507
1780876754.9141738,2.3560032158415813,-1.0798360459524325,0.21889784885308564,0.7612860554970293,35.42829465866089
1780876754.936534,2.3546724606432097,-1.0785246960442452,0.21878320150787112,0.760786816851482,35.45065474510193
1780876754.9573178,2.353469670247455,-1.0770647000127427,0.21909070810301254,0.7600305680991966,35.47143864631653
1780876754.978647,2.352395179721963,-1.0754886659282028,0.21880384960436938,0.7590382402730462,35.49276781082153
1780876755.000731,2.351103005962013,-1.0741382949662308,0.2186076514095215,0.7584589987905375,35.514851808547974
1780876755.0209832,2.3497172045498274,-1.0728648869106587,0.2192101354569311,0.7580415925534796,35.53510403633118
1780876755.046228,2.3483883643463703,-1.0715681080290218,0.2185133180650758,0.7575525919356192,35.56034874916077
1780876755.0679345,2.347106273012243,-1.0701908297726466,0.21895988460042584,0.756943069762051,35.58205533027649
1780876755.0886827,2.346090151599196,-1.0685434637650966,0.21896433001544868,0.7558290677699091,35.602803468704224
1780876755.1096435,2.3449110155666686,-1.0670822763160361,0.21849837101969116,0.7550383940648633,35.62376427650452
1780876755.1301966,2.3436086214882783,-1.0657283367163,0.21888859048202394,0.7544638529140721,35.644317388534546
1780876755.152879,2.3421292434574044,-1.0645662786516263,0.2191711736893405,0.754239105086441,35.66699981689453
1780876755.1746638,2.340952595198061,-1.063098814687327,0.21881950190570992,0.7534469487974658,35.6887845993042
1780876755.1954346,2.3398674557829597,-1.0615207830085824,0.21897462857695027,0.7524569732660957,35.70955538749695
1780876755.219325,2.338510033449091,-1.0602429067569257,0.21874774770290917,0.7520013856584491,35.73344588279724
1780876755.2400565,2.3371064272406823,-1.058997168504404,0.21917029164431662,0.7516251188253058,35.75417733192444
1780876755.2631686,2.3360160449640106,-1.0574337138285055,0.21894487660030057,0.7506608958915972,35.777289390563965
1780876755.2842412,2.334852534433492,-1.0559509144114472,0.21862397009059995,0.7498275353097625,35.798362016677856
1780876755.3042438,2.33352766499247,-1.0546260180663427,0.21883670346785875,0.7492921820182712,35.81836462020874
1780876755.3285682,2.3321011840516035,-1.053404702425015,0.21927191530701123,0.7489536871097364,35.842689037323
1780876755.3487928,2.3309236188576614,-1.0519413947558571,0.2187717190713851,0.7481592009698286,35.862913608551025
1780876755.3715649,2.329753323390663,-1.0504459382582392,0.21915043480628843,0.747320802791231,35.88568568229675
1780876755.3925192,2.328307209512708,-1.0492627413784972,0.21896505289035026,0.747029050345291,35.90664005279541
1780876755.41298,2.326952898091938,-1.0479826638468035,0.2187006565354438,0.746567418726614,35.92710089683533
1780876755.4353726,2.325761022973204,-1.046515111542525,0.21884992649361357,0.7457791568397418,35.949493408203125
1780876755.4581842,2.3246759396809415,-1.0449246611414216,0.21925646840321844,0.7447732349646374,35.97230505943298
1780876755.4778857,2.3233668986761162,-1.0436023490186346,0.21874407296765158,0.7442219425109267,35.99200654029846
1780876755.5033643,2.321989571664897,-1.042328328813197,0.21917898836114305,0.7437820277652731,36.01748514175415
1780876755.5246496,2.3208260953357414,-1.0408391674493807,0.21893698726089206,0.7429450533373947,36.0387704372406
1780876755.5464098,2.319627640033334,-1.0393836997055816,0.2188516593458825,0.7421664674697288,36.06053066253662
1780876755.5686512,2.3182620107263965,-1.0380993969146532,0.21917767860668616,0.7417035561745209,36.08277201652527
1780876755.5908399,2.3169146839800847,-1.0368113706803421,0.2188773864659221,0.7412216717805222,36.104960680007935
1780876755.6130273,2.3157060137793284,-1.0353581550068056,0.21905430163995884,0.7404581477674004,36.127148151397705
1780876755.6336052,2.314496900679477,-1.0339127220235733,0.21894409887983404,0.7396958882257945,36.14772605895996
1780876755.6552377,2.31314300335048,-1.0326149939576548,0.21922607521256612,0.7392089725396342,36.16935849189758
1780876755.6786015,2.3118574878325586,-1.031258050190709,0.2189355468438345,0.738604263343646,36.19272232055664
1780876755.699364,2.3106263403411846,-1.0298287507979527,0.21902505614629988,0.737879761689932,36.21348476409912
1780876755.72062,2.309402013643648,-1.028394225951275,0.21909928942748075,0.7371433660306366,36.23474073410034
1780876755.741285,2.30800476971682,-1.0271523354525554,0.2190084434277535,0.7367449363247438,36.25540590286255
1780876755.7635982,2.3066802447282955,-1.0258298687688572,0.21893719466999184,0.7362097958516403,36.277719020843506
1780876755.7860966,2.3055157614741284,-1.0243212011657246,0.2191967579143335,0.7353480219626753,36.300217390060425
1780876755.8065772,2.304217080217247,-1.0229717082814969,0.21901134102036196,0.7347539259681204,36.32069802284241
1780876755.829615,2.3028740840380615,-1.021663443569254,0.21910354553890304,0.7342462915580796,36.34373593330383
1780876755.8500555,2.3017069325956823,-1.020159610526067,0.21921614398978093,0.733390958094505,36.36417627334595
1780876755.8721323,2.300307116996915,-1.0189196395892373,0.21907568479756528,0.7329939745591982,36.386253118515015
1780876755.8947573,2.298996232895685,-1.0175795109846362,0.21898160233196123,0.7324256133022082,36.40887808799744
1780876755.9148057,2.2978326530197832,-1.016064507691818,0.21924206462559706,0.7315575698779311,36.42892646789551
1780876755.9378307,2.2965037317537202,-1.0147471700745767,0.218983647301105,0.7310226596678149,36.45195150375366
1780876755.9578738,2.2951709171106107,-1.0134236098348537,0.21908708972366087,0.7304919966475243,36.47199463844299
1780876755.9797485,2.2939891390298874,-1.011931269806725,0.21919116798506624,0.7296569250204215,36.49386930465698
1780876756.0030937,2.2925772201167613,-1.0107013104546339,0.2190811032411217,0.7292769629204123,36.51721453666687
1780876756.0235717,2.2913130616537014,-1.009304934820118,0.2189828884798315,0.7286109473296634,36.53769254684448
1780876756.0471237,2.2900981324811736,-1.0078479416772406,0.21901306391866454,0.7278405650523592,36.56124448776245
1780876756.0674877,2.288837923822724,-1.006442151521878,0.21907867291426103,0.7271581883748395,36.58160853385925
1780876756.0894983,2.2873907466950265,-1.0052444409966856,0.21914814645911565,0.7268370435549212,36.60361909866333
1780876756.1118698,2.286138620907845,-1.0038361112291823,0.21890336938993377,0.7261450222264649,36.62599062919617
1780876756.132127,2.2849132763413804,-1.0023809491155675,0.21918674315281478,0.7253813758756715,36.64624786376953
1780876756.154156,2.283608762203003,-1.00103218711583,0.21892557889938694,0.7247907466715251,36.6682767868042
1780876756.1782167,2.2822586266042824,-0.9997203306865469,0.21906917657106703,0.7242755473437938,36.69233751296997
1780876756.1966877,2.280911802578648,-0.9984154672445699,0.2189263251195346,0.7237646243210083,36.710808515548706
1780876756.2196043,2.2796755548519037,-0.9969720848873328,0.2191310185750249,0.723025619287796,36.73372507095337
1780876756.239857,2.2784869397454774,-0.9954865337331462,0.21897933079687892,0.7222003279932085,36.75397777557373
1780876756.2614024,2.277116720528646,-0.9941981642972235,0.21911169527112065,0.7217255180610813,36.77552318572998
1780876756.284754,2.2756878510660243,-0.9929838289015963,0.21891129560094022,0.7213735926373559,36.798874855041504
1780876756.3039489,2.2743731980981154,-0.991633309104234,0.21895006510279616,0.7207917764643206,36.81806969642639
1780876756.3264496,2.273195493945611,-0.9901197067179668,0.2192082957489806,0.7199301011631345,36.8405704498291
1780876756.3476126,2.2719132304630185,-0.988742417970115,0.21887900049635053,0.7192907281722096,36.86173343658447
1780876756.3706305,2.270518409115848,-0.9874739408477079,0.2191642274899827,0.718855132482549,36.884751319885254
1780876756.3925304,2.2691349713336066,-0.9862092578389665,0.21890008459835514,0.7184171475774743,36.90665125846863
1780876756.4128377,2.267898770424771,-0.9847628476135362,0.21907227901835022,0.7176744805742175,36.9269585609436
1780876756.436441,2.266643833814382,-0.9833413373198563,0.2190559190171814,0.7169670773789001,36.95056176185608
1780876756.4580052,2.2652496643193447,-0.9820777332266468,0.21916698237764978,0.7165393743437427,36.97212600708008
1780876756.4812043,2.264009540448626,-0.9806426531156146,0.2190014416938979,0.7158085738646243,36.99532508850098
1780876756.5040312,2.26271868644591,-0.9792597826467564,0.21904134630963867,0.7151662844515947,37.0181519985199
1780876756.5237792,2.26130198700694,-0.9780159829474544,0.21929982456785466,0.7147751702592231,37.0378999710083
1780876756.5460062,2.260083962789576,-0.9765600232506784,0.21892685569211134,0.714004700420741,37.0601270198822
1780876756.570038,2.2587895870811563,-0.975176725523394,0.2190583767943189,0.7133650700520517,37.0841588973999
1780876756.5933492,2.257318479294682,-0.973998067523748,0.2191975473891411,0.7130813665605693,37.10747003555298
1780876756.6148026,2.2561053284434562,-0.9725297909819874,0.21898197715731815,0.7122943175767684,37.128923416137695
1780876756.634709,2.2548788254200978,-0.9710723191473917,0.21890372066947014,0.7115219043171566,37.14882969856262
1780876756.6573684,2.2534734776001746,-0.9698162153954966,0.2190829346260206,0.7111057456114924,37.171489238739014
1780876756.6773417,2.252049718077041,-0.9685891947365103,0.21888769861090265,0.7107345734895336,37.19146251678467
1780876756.7005436,2.250684293229051,-0.9672901416504435,0.21893487059407998,0.7102420486671157,37.214664459228516
1780876756.7222955,2.2495132321913074,-0.9657594660316721,0.21910109274180578,0.7093579864309767,37.23641633987427
1780876756.7419796,2.2482529457603535,-0.9643467881361183,0.21875691739196088,0.7086591199114958,37.25610041618347
1780876756.76404,2.2468689254793004,-0.9630586321822258,0.21914430806620228,0.7081932138737521,37.27816081047058
1780876756.7840543,2.2454192068169707,-0.9618656936176072,0.21881248224247862,0.7078773745894598,37.29817509651184
1780876756.8056808,2.244034305273064,-0.9605857523502904,0.2189445244269338,0.7074200419212868,37.319801568984985
1780876756.8310087,2.2428719437085736,-0.9590459787385197,0.2190034588160199,0.7065180275582783,37.34512948989868
1780876756.8508482,2.241644084946982,-0.9575849149001233,0.2189670416423028,0.7057420176218052,37.36496901512146
1780876756.8720922,2.2401999376253863,-0.9563812454310422,0.21885803901406467,0.7054097421012546,37.386213064193726
1780876756.8981996,2.238786618981919,-0.9551268287494528,0.2191713881700061,0.7050021767467296,37.412320375442505
1780876756.9182162,2.2375179854990077,-0.9537280917914872,0.21868296951247226,0.7043272899741329,37.432337045669556
1780876756.9408414,2.2362217950465033,-0.9523267113269323,0.21934729647355392,0.703672024689264,37.45496225357056
1780876756.9629338,2.2348699186738634,-0.9510311299017584,0.21865557191312412,0.7031694297363282,37.477054595947266
1780876756.9855235,2.233484790167514,-0.949737315770179,0.21928114944756516,0.7026953157875848,37.49964427947998
1780876757.0096884,2.2321776520050776,-0.9483833014484233,0.21873482696365748,0.7020945733724684,37.52380919456482
1780876757.0297506,2.2308812148806307,-0.9469992455232431,0.21887800502852145,0.7014545830808991,37.54387140274048
1780876757.0533173,2.229537485098864,-0.9456668965169136,0.21906300215120528,0.7009054404947088,37.56743812561035
1780876757.0736923,2.2281577557265746,-0.9443976994740546,0.2186758691920849,0.7004498612306875,37.58781313896179
1780876757.0970213,2.2268085235564476,-0.9430600589024722,0.21931872053804333,0.6998996370590334,37.6111421585083
1780876757.1203141,2.2255647232812277,-0.9416359658602507,0.2186813402777043,0.6991727863585471,37.634434938430786
1780876757.1404734,2.224266236426032,-0.9402434189333725,0.21917928270521997,0.6985213133530772,37.65459418296814
1780876757.1634583,2.2227393136497966,-0.9391458743196975,0.21887594845410607,0.6983606946609715,37.677579164505005
1780876757.1834197,2.2213044721931596,-0.9379376992894064,0.2186107108708868,0.6980138088013312,37.697540521621704
1780876757.2056866,2.220022361047,-0.9365346898591081,0.21878552034301457,0.6973410209842719,37.719807386398315
1780876757.2271583,2.21888293331867,-0.934953239451344,0.21922214159724546,0.6963667828000606,37.74127912521362
1780876757.2473247,2.2175785941550994,-0.933598146287646,0.21866781048832462,0.695755342953869,37.76144552230835
1780876757.2687922,2.2161583111885466,-0.9323607005187999,0.21889681757679622,0.6953648845719158,37.78291296958923
1780876757.2891166,2.2147507591331315,-0.9311106279584324,0.21894860197585894,0.6949507612217616,37.803237438201904
1780876757.3102741,2.2134061435419747,-0.9297952735384252,0.21878242311890547,0.6944167240480148,37.824394941329956
1780876757.3331685,2.212120365426408,-0.928392845715775,0.21907042400014337,0.6937463234458079,37.84728932380676
1780876757.3530676,2.210862229785511,-0.926974135888701,0.21890997330039283,0.6930355138962376,37.867188453674316
1780876757.376114,2.209416757957172,-0.9257723513987527,0.2189583399374746,0.692698015894333,37.89023470878601
1780876757.39638,2.2079811652875048,-0.9245610066521344,0.21893529850107069,0.6923513747863197,37.9105007648468
1780876757.4219744,2.206735260478085,-0.9231203325578736,0.2189984715154536,0.6916085783792933,37.936095237731934
1780876757.443887,2.2054237959137466,-0.9217620071424097,0.21886899676473603,0.6910023073553102,37.9580078125
1780876757.4641826,2.2040346425750617,-0.920491439486193,0.21905911459233907,0.6905530056529621,37.9783034324646
1780876757.4874556,2.202687473874339,-0.9191807376585392,0.21879775352083125,0.6900264415671433,38.00157642364502
1780876757.5079076,2.2013626663982544,-0.9178288425230625,0.2191170412016658,0.6894377801202713,38.02202844619751
1780876757.53143,2.1999947308443426,-0.9165470075905782,0.21876125627992543,0.6889567944403421,38.04555082321167
1780876757.5558813,2.1986092688330094,-0.915266707850105,0.21915604276721518,0.68849404439751,38.07000207901001
1780876757.578043,2.1973313512644803,-0.913876354304761,0.21881432205673365,0.6878279807203906,38.09216380119324
1780876757.5999272,2.1959960603850615,-0.9125382768898715,0.21909164569902564,0.6872597342992925,38.11404800415039
1780876757.6244104,2.1945168385933154,-0.911391506735634,0.2188237070410555,0.6870127549829323,38.13853120803833
1780876757.6429653,2.193176947831348,-0.9100656408535285,0.21889831200009102,0.6864665779856729,38.15708613395691
1780876757.6665883,2.191952844849219,-0.9085940076253416,0.21910696947985378,0.6856705277722153,38.18070912361145
1780876757.6869524,2.1905825588904353,-0.9073192625128846,0.21874877031294596,0.685194334515467,38.20107316970825
1780876757.7091255,2.1891734980906232,-0.9060683346838525,0.21913282049337288,0.684776820910189,38.223246335983276
1780876757.7314591,2.187802770624078,-0.9047991032874239,0.21865589798963753,0.6843093028373115,38.245579957962036
1780876757.75157,2.1864654413853755,-0.9034573958491816,0.21918299517341971,0.6837404575848725,38.26569080352783
1780876757.7742834,2.1852146430516965,-0.9020402936871551,0.21875479430951977,0.6830200477117181,38.2884042263031
1780876757.7958884,2.1838308540418687,-0.9007676809457817,0.21891329114858157,0.6825544925677534,38.310009241104126
1780876757.819589,2.182333274696465,-0.899636592529943,0.21907700979031705,0.6823372952298543,38.333709716796875
1780876757.8412607,2.1810932932549285,-0.898200914577153,0.2188302937690081,0.681590893014274,38.35538148880005
1780876757.8614228,2.179773356794205,-0.8968500428267011,0.21902313445625002,0.6809919837284877,38.37554359436035
1780876757.8855312,2.1782546795384308,-0.895753806224885,0.21894765034294028,0.6808250499025696,38.39965200424194
1780876757.9060574,2.1769537818194116,-0.894393628031118,0.21870373488531908,0.6802059816114552,38.420178174972534
1780876757.9297452,2.17568780908736,-0.8929688058217343,0.21916522035581612,0.679488114177321,38.44386601448059
1780876757.9523125,2.1743496000508062,-0.891667551682526,0.21855964181457932,0.6789566732393162,38.46643328666687
1780876757.973883,2.1729503402208117,-0.89040496056823,0.2191859447665643,0.678515443338684,38.488003730773926
1780876757.9958324,2.1715155346643837,-0.8892219086708449,0.2186508699468297,0.6781865376032084,38.50995326042175
1780876758.0162954,2.1701264786702326,-0.8879566742698046,0.21898732640084137,0.6777368020194361,38.53041625022888
1780876758.0407145,2.168949583078684,-0.8864394148861522,0.21894930531727838,0.6768461661457907,38.55483531951904
1780876758.063413,2.167570679187909,-0.8851831061787435,0.2186137373848626,0.6763918651939882,38.57753372192383
1780876758.0871,2.1661191332030607,-0.8839895608123644,0.219202598774426,0.6760630860307355,38.60122084617615
1780876758.109199,2.1647052511709517,-0.8827885475134712,0.21853121047098314,0.6756969426731256,38.62331986427307
1780876758.1292796,2.1633213154521713,-0.881515710132433,0.21902935376836802,0.6752319123116735,38.64340043067932
1780876758.1515765,2.162144486451764,-0.8800071724193229,0.2187562630246516,0.6743489821582065,38.6656973361969
1780876758.1757815,2.1608750405647146,-0.8786148834113944,0.2185123056383094,0.6736583412105102,38.68990230560303
1780876758.1972632,2.159439217497942,-0.8774187851172804,0.21867506372241907,0.6733074742060676,38.71138405799866
1780876758.2207687,2.1578924845831056,-0.8763551283266973,0.21907259254421774,0.6731901420841222,38.7348895072937
1780876758.2414207,2.1565399514328183,-0.8750789047449092,0.21849962806466827,0.6726926013692482,38.75554156303406
1780876758.264003,2.1552231386157805,-0.8737235546919424,0.21910624101614667,0.6720807300550469,38.77812385559082
1780876758.2879074,2.1539422943273894,-0.872355054147966,0.21861120061392753,0.6714228943301492,38.8020281791687
1780876758.308097,2.1526199505713803,-0.8710194412410686,0.21886211614661957,0.6708345588980666,38.8222177028656
1780876758.329504,2.1511317665537155,-0.8698969146591398,0.21890326228512147,0.6706040457961233,38.84362483024597
1780876758.3541505,2.1496282736301198,-0.8688059713675343,0.2186591698642622,0.6704238722890778,38.868271350860596
1780876758.3711495,2.1483017481457143,-0.8674852073888656,0.2186291933089761,0.6698561799644818,38.88527035713196
1780876758.394464,2.1471108949969357,-0.8659798567052456,0.21903500031996523,0.66898206767552,38.90858483314514
1780876758.4151404,2.1457558903562792,-0.8646973511310869,0.2189381317379637,0.668469631802691,38.929261207580566
1780876758.4375992,2.144218877097262,-0.8636488322369246,0.2188108123564769,0.6683591998458338,38.951719999313354
1780876758.460303,2.142895042770801,-0.8623316175430157,0.21860604025906552,0.6677941356497374,38.97442388534546
1780876758.479804,2.141636465356243,-0.8609097607436581,0.21915840936845277,0.6670616711553459,38.99392485618591
1780876758.5010588,2.140299602967361,-0.8596219241082107,0.218602682272019,0.6665323343429854,39.01517963409424
1780876758.520838,2.138896135208771,-0.8583866280454038,0.2191426744655121,0.6661148086916473,39.034958839416504
1780876758.5462925,2.137490440966586,-0.8571859978534117,0.2186347066820776,0.6657362105669264,39.0604133605957
1780876758.5691442,2.136104379654238,-0.8559330454863109,0.21907614735259134,0.6652877609280559,39.08326506614685
1780876758.5896246,2.1348544588120957,-0.8545291728784049,0.21878116109765092,0.6645658766837386,39.103745460510254
1780876758.6138444,2.133477928080846,-0.8532794395710177,0.2187413177211264,0.6641066078342988,39.127965211868286
1780876758.6344643,2.1320062188804347,-0.8521410806034032,0.21904072535227495,0.6638465221523493,39.148585081100464
1780876758.6581185,2.1306575807928017,-0.8508679525771332,0.21867854493256322,0.6633442590517902,39.17223930358887
1780876758.680305,2.1293269666915267,-0.84954825459085,0.21902483888804705,0.6627761912961656,39.19442582130432
1780876758.7031298,2.1279887302458262,-0.8482625620578276,0.21870514647581302,0.6622486980690354,39.21725058555603
1780876758.7267635,2.126578442350464,-0.8470482140956248,0.21898376081193288,0.6618544208107346,39.24088430404663
1780876758.7486014,2.1251363736650544,-0.8458935470782132,0.21879253351230019,0.661550535264066,39.26272225379944
1780876758.7712054,2.1238514184640414,-0.8445256187530343,0.21889569746157642,0.6608958423800981,39.2853262424469
1780876758.7940242,2.122580522292816,-0.8431518383564746,0.21863690673830996,0.6602123592231459,39.30814504623413
1780876758.81652,2.1211717021598218,-0.8419397651541577,0.2189342318041293,0.6598145432185083,39.33064079284668
1780876758.8398492,2.119653162187601,-0.8408820047511174,0.21878005396992078,0.6596729750286796,39.35397005081177
1780876758.8601122,2.1182722310770865,-0.8396434261647522,0.2188120963979017,0.6592274850447257,39.37423300743103
1780876758.8820832,2.1170259380585557,-0.8382229323801388,0.21909320485735914,0.6584784662485816,39.39620399475098
1780876758.9055965,2.1156436001141308,-0.8370003456883838,0.21868547105478914,0.6580465796402599,39.41971731185913
1780876758.9255128,2.114222427482291,-0.8358018884637939,0.2191227450723616,0.6576753721098747,39.43963360786438
1780876758.9503028,2.112902393057678,-0.8345003599167986,0.21871759705744676,0.6571125917732239,39.46442365646362
1780876758.9704137,2.111518882569566,-0.8332581245526297,0.2190110835349897,0.6566602479470252,39.48453450202942
1780876758.9933856,2.1100725161832936,-0.8321128537266445,0.21888723422807474,0.6563647334588536,39.507506370544434
1780876759.0147479,2.108773207078901,-0.8307671497402924,0.2190586041887566,0.6557367857428265,39.528868675231934
1780876759.0364823,2.1074306015184647,-0.8294900219384351,0.21885216018727846,0.6552132793589642,39.55060315132141
1780876759.0593593,2.1059793678093928,-0.8283466736719793,0.21886656966555096,0.6549197528302599,39.57348012924194
1780876759.0872018,2.1045851381267764,-0.8271324015346893,0.21882883215875096,0.6545074745483763,39.601322650909424
1780876759.1060736,2.1032994635886584,-0.8257677399973418,0.21904366777986267,0.6538453295335804,39.62019443511963
1780876759.1285427,2.101878981187983,-0.824589614405519,0.21898010565093412,0.653488553849563,39.64266347885132
1780876759.149739,2.1005380075026823,-0.8233085241843384,0.21884780121724845,0.6529612670096778,39.663859844207764
1780876759.1722894,2.099135598893448,-0.8220999392971564,0.21897517682317483,0.6525545551834089,39.68641018867493
1780876759.19636,2.0977014705121784,-0.820941545688469,0.21886731761303893,0.65223060519215,39.71048092842102
1780876759.2159321,2.096410785839344,-0.8195861886928629,0.21903405476529197,0.6515802586040369,39.73005294799805
1780876759.239418,2.0950329764868156,-0.8183543595344028,0.21893682743491868,0.6511277817783299,39.753538846969604
1780876759.2595026,2.093611004000256,-0.8171769313873303,0.21893381688154642,0.6507703519548516,39.7736234664917
1780876759.2826717,2.092282015452538,-0.8158743150746293,0.2190308569722528,0.6502054142398626,39.79679250717163
1780876759.3057394,2.090850483162413,-0.8147122737799123,0.21894824952884767,0.6498721394237617,39.819860219955444
1780876759.325039,2.089514145673631,-0.8134227660394988,0.21893928350694447,0.6493254091969289,39.83915972709656
1780876759.347528,2.0881201762007655,-0.812206860010314,0.21901059720672986,0.6489022540712934,39.86164879798889
1780876759.3683984,2.0867294563362213,-0.8109915563014034,0.21895716918858926,0.6484798931145246,39.882519245147705
1780876759.3906224,2.0853562507030055,-0.8097520646302108,0.21891296347027409,0.6480113888462151,39.90474319458008
1780876759.413222,2.08396607294119,-0.8085330673183463,0.21894404144065702,0.6475833909420725,39.927342891693115
1780876759.4332855,2.082588940648848,-0.8072965450192995,0.21897955669089922,0.6471197055503444,39.94740629196167
1780876759.455823,2.0811847749844103,-0.806098285885509,0.21895994857918802,0.6467235356693966,39.96994376182556
1780876759.4760718,2.0798704758839435,-0.8047815899282257,0.21887928293213532,0.6461268241363136,39.99019265174866
1780876759.501294,2.0784329336379366,-0.8036227368258181,0.21901287020164595,0.645793903091537,40.01541471481323
1780876759.5265424,2.077092704409575,-0.8023391166182376,0.21897244183069586,0.6452550772775876,40.04066324234009
1780876759.5500994,2.0756892786320926,-0.8011391138864056,0.21896061536158715,0.6448495864927697,40.06422019004822
1780876759.57334,2.074295380159312,-0.7999261915708609,0.21894706966930083,0.6444286668221881,40.08746075630188
1780876759.5947144,2.0729349632772864,-0.7986712282669737,0.21886727351093255,0.6439290123760752,40.108835220336914
1780876759.618468,2.0714956101928954,-0.7975153458760613,0.21894702047364648,0.6436016588600779,40.1325888633728
1780876759.6416492,2.0701163996934904,-0.7962805286021666,0.2190671608179811,0.6431410464868748,40.15577006340027
1780876759.6620417,2.0687874034151603,-0.7949880356876058,0.2188292792326562,0.6425782390714092,40.17616248130798
1780876759.6842265,2.067350698333553,-0.7938276096081686,0.21897368283222157,0.6422367702091849,40.198347330093384
1780876759.7047505,2.065916080799214,-0.7926746543127695,0.21880383039963155,0.641907953452252,40.21887135505676
1780876759.7274494,2.064600720578046,-0.7913493614424917,0.21901843701141582,0.641298625966618,40.241570234298706
1780876759.7499657,2.0632554676198045,-0.7900773492897417,0.21883835588555742,0.6407652973061033,40.26408648490906
1780876759.7723408,2.06176996043357,-0.7889810990817093,0.21903666388752735,0.6405316636201359,40.28646159172058
1780876759.7937474,2.060353577882983,-0.7878024140027943,0.21892765564440275,0.6401583146331182,40.307868242263794
1780876759.8183658,2.0590554176774334,-0.7864560933915955,0.21906270032550085,0.6395100501307276,40.332486629486084
1780876759.8366752,2.0575916379295545,-0.7853400002620495,0.21898911322536024,0.6392357410580907,40.35079598426819
1780876759.8588245,2.0562627242052813,-0.7840388902056356,0.2189905809618031,0.6386629526583523,40.3729453086853
1780876759.8789182,2.0548751978445465,-0.7828207305245573,0.21887579421801795,0.638217050911428,40.3930389881134
1780876759.9021997,2.053406191178618,-0.7817071292151248,0.2188960225911757,0.6379486054638406,40.41632056236267
1780876759.925709,2.052012852820655,-0.7804926596933051,0.21890381783322949,0.6375156361989722,40.43982982635498
1780876759.9460642,2.0506865746982057,-0.7791811711906934,0.2190990739604551,0.636920948039398,40.460185050964355
1780876759.9688249,2.049207047722343,-0.7780879514522204,0.21897765766067595,0.63668062622751,40.482945680618286
1780876759.989792,2.047884492029119,-0.7767771681349134,0.21897731092935946,0.6360875975671672,40.503912925720215
1780876760.0110707,2.0464869938794856,-0.7755701357965914,0.21890045839550712,0.6356570654511398,40.52519154548645
1780876760.0330474,2.0450409929060767,-0.7744240602853093,0.21894874504613523,0.6353337956557006,40.547168254852295
1780876760.0533142,2.0436533037386795,-0.7731953303067989,0.21915002396597685,0.6348756326214344,40.56743502616882
1780876760.0789878,2.04229559560563,-0.7719380634467956,0.21895909009455172,0.6343618321146813,40.59310865402222
1780876760.1000164,2.0408376627815836,-0.7708103506426812,0.2189323338051827,0.6340625572790701,40.614137172698975
1780876760.1239884,2.039426828400817,-0.7696197519770488,0.21889231356278185,0.6336634514574353,40.63810920715332
1780876760.1474848,2.0380957889780427,-0.7683155302079895,0.21896637378975917,0.6330770433937118,40.66160559654236
1780876760.167688,2.0366754366038498,-0.7671349895573264,0.21901110634559626,0.6326902209200238,40.68180871009827
1780876760.190057,2.0352593605199254,-0.7659486674782447,0.21902009807672365,0.6322979443528354,40.70417785644531
1780876760.21122,2.0338791556092346,-0.7647153254195547,0.21898102563191466,0.6318210789463059,40.725340843200684
1780876760.23469,2.0324095128720656,-0.7636015904561587,0.21898250111343132,0.6315434880917197,40.74881076812744
1780876760.2569475,2.031046611042244,-0.7623390224865518,0.21908207417111145,0.6310255564658167,40.77106833457947
1780876760.2782948,2.0296439577775933,-0.7611370965787422,0.21895500446028193,0.6305982011749336,40.792415618896484
1780876760.300593,2.0282353749153086,-0.7599383484411334,0.21896349285794245,0.630182592813691,40.81471371650696
1780876760.3208172,2.026821795359463,-0.7587424581533624,0.21909416799731551,0.629769018611837,40.834938049316406
1780876760.343227,2.025381041083939,-0.75759207288861,0.21897967881240374,0.6294296242486688,40.8573477268219
1780876760.3643687,2.02402873108798,-0.7563103379122831,0.2191232283856654,0.6288777733337074,40.87848949432373
1780876760.3848677,2.0225717806336827,-0.7551798034246409,0.21903957611181976,0.6285691999800527,40.898988485336304
1780876760.4081106,2.0212076766445115,-0.7539157050569104,0.21911101974419137,0.6280432414385917,40.92223143577576
1780876760.4280517,2.019747618911369,-0.7527869546873258,0.21910061870774536,0.6277373756676798,40.94217252731323
1780876760.4524026,2.018412343740948,-0.7514894176344962,0.21893974727856905,0.6271538429229597,40.96652340888977
1780876760.4740438,2.0169632963421593,-0.7503401737399428,0.2190640847993157,0.6268144120074588,40.98816466331482
1780876760.4957244,2.0155267214002044,-0.7491793658811484,0.21896417093908094,0.6264564693529877,41.00984525680542
1780876760.5199122,2.014146818069414,-0.7479358148114642,0.2189936439587074,0.6259642894263102,41.03403306007385
1780876760.544192,2.0126910928940562,-0.7467947988640178,0.21909648393502582,0.6256374851038045,41.05831289291382
1780876760.5646198,2.0112891109903344,-0.7455820892892141,0.21910957675715217,0.6251960815858535,41.07874059677124
1780876760.58661,2.009902447391291,-0.7443504776424718,0.2190061912802657,0.6247199208781335,41.100730895996094
1780876760.6068678,2.008424075099708,-0.7432427789778614,0.21898438560073072,0.6244450507026187,41.120988607406616
1780876760.629605,2.0070171205630865,-0.7420330790011036,0.21905677624365885,0.6240097004273482,41.143725872039795
1780876760.650883,2.0056424492529943,-0.7407813640611179,0.21899370876177107,0.6234990701542706,41.16500377655029
1780876760.6739123,2.0041903825435443,-0.7396306556515015,0.21913519736428097,0.6231592563694388,41.18803310394287
1780876760.6956887,2.0028129513057507,-0.7383817775050032,0.21910460072414123,0.6226522934550864,41.20980954170227
1780876760.716556,2.001325535266242,-0.7372856111787209,0.2190459893056561,0.6223960170721803,41.230676889419556
1780876760.7401302,1.9999581409943437,-0.7360155235925904,0.21919435074579888,0.6218588495981603,41.25425100326538
1780876760.7635581,1.9985033084157975,-0.7348758757288674,0.21907692437417697,0.6215271565718012,41.27767896652222
1780876760.784339,1.9971275772611867,-0.7336204208188022,0.21907246820860365,0.6210115989185407,41.29845976829529
1780876760.807034,1.9956576956541414,-0.7324929474543092,0.21916877157724704,0.6207015843202157,41.321154832839966
1780876760.827867,1.9942669726560716,-0.7312601426628436,0.21909992038116868,0.6202202585125836,41.34198784828186
1780876760.8517184,1.9927793675661436,-0.7301616565574187,0.21901479843868352,0.61995435472042,41.36583924293518
1780876760.873653,1.9913847343983033,-0.7289283432972758,0.2190907668193617,0.6194751879623546,41.387773752212524
1780876760.8939583,1.9899781378587291,-0.7277157934338117,0.2190019009609903,0.6190223471631855,41.40807914733887
1780876760.9163525,1.988540210506822,-0.7265430647479567,0.2190205878593185,0.6186393701939963,41.43047332763672
1780876760.9365685,1.9871077210720838,-0.7253610822388415,0.21907777503639003,0.6182386613005022,41.4506893157959
1780876760.9588149,1.9856799346780651,-0.7241742200520815,0.2190840510872333,0.617832475830129,41.47293567657471
1780876760.9836166,1.9842367426855736,-0.7230096473748304,0.21903127211736426,0.6174560423881896,41.497737407684326
1780876761.003722,1.9828411083886754,-0.7217734457935503,0.21909824886888266,0.6169705837102075,41.5178427696228
1780876761.0259845,1.9814091261431799,-0.7205906318419503,0.21909883589332751,0.6165646710507868,41.54010534286499
1780876761.0464392,1.9799024555241072,-0.7195158752001355,0.21897108888375097,0.6163327376858341,41.56055998802185
1780876761.0705173,1.978509626389973,-0.7182737703315132,0.21904945433784556,0.6158368120906648,41.5846381187439
1780876761.0930243,1.9771085454464983,-0.7170479587980402,0.21893843283044823,0.6153595835614016,41.60714507102966
1780876761.1134398,1.975637058457341,-0.7159112974703534,0.21913155388891487,0.6150317735277229,41.62756061553955
1780876761.1345441,1.9741673504907202,-0.7147814496347392,0.21908381796723617,0.6147116159694299,41.64866495132446
1780876761.1558402,1.9728154537738085,-0.7134815476741178,0.21905953268576528,0.6141169622698914,41.66996097564697
1780876761.1799407,1.9713323707589425,-0.7123632933873993,0.2191744693720648,0.613815115082506,41.694061517715454
1780876761.2047935,1.9698457429154743,-0.7112576371479035,0.2190394349173618,0.6135324879216526,41.718914270401
1780876761.225541,1.9684759987073788,-0.7099757787864139,0.21918880175291555,0.6129698576952158,41.73966193199158
1780876761.2476046,1.9669941950209942,-0.708861818171618,0.2190927627899243,0.6126694706487568,41.761725425720215
1780876761.272407,1.96561125586033,-0.7076045279158584,0.2190150611894183,0.612144115203284,41.78652787208557
1780876761.2909591,1.964160407793539,-0.7064391764499177,0.2190846567826793,0.6117629282911263,41.8050799369812
1780876761.3147047,1.9626799784915296,-0.7053191164229103,0.21901851165550915,0.6114577469567966,41.8288254737854
1780876761.3351638,1.961255268586142,-0.7041126928470461,0.21916352396787128,0.6110118964406501,41.849284648895264
1780876761.3581915,1.9597614389910334,-0.7030140309683116,0.21902164329961352,0.6107377455610106,41.87231230735779
1780876761.3802054,1.958380331020541,-0.7017433250561593,0.21918752610791808,0.6101908403942744,41.89432621002197
1780876761.401276,1.956872321929744,-0.7006628498726478,0.2190713781587642,0.6099425332291943,41.91539692878723
1780876761.4240758,1.95546883933513,-0.6994247726927298,0.21917555552098902,0.6094481639765181,41.938196659088135
1780876761.4449627,1.9540367291535317,-0.6982328026261314,0.21912288738063979,0.6090209944108498,41.959083557128906
1780876761.4686975,1.95254221704977,-0.6971283073459204,0.2190813137938511,0.6087369335665302,41.982818365097046
1780876761.4905994,1.9511388512982382,-0.6958899619370342,0.21911972630671736,0.6082400237501266,42.00472021102905
1780876761.5118124,1.9496661808166411,-0.6947502809283009,0.21920485908535917,0.6079010217404468,42.025933265686035
1780876761.5355227,1.948221070563828,-0.6935766089634879,0.21909868944718824,0.6075043319353082,42.04964351654053
1780876761.5561903,1.946777493466886,-0.6923989360107997,0.21900426951124416,0.6071012500235113,42.070311069488525
1780876761.5822356,1.945315360510066,-0.6912450492023332,0.21898427069114212,0.6067372901539301,42.09635639190674
1780876761.6078687,1.9438648516890078,-0.6900691767529157,0.21910103503151412,0.6063424866485576,42.121989488601685
1780876761.62818,1.9424516259797195,-0.6888435823043665,0.21913823654115896,0.6058621430365214,42.142300844192505
1780876761.6517346,1.9409071445492505,-0.6878130215371812,0.21894529516100425,0.6056913912401534,42.165855407714844
1780876761.6724594,1.9394648111749209,-0.6866256078593649,0.21904286695661745,0.6052768170588134,42.186580181121826
1780876761.6980298,1.9380969016437546,-0.6853297536940204,0.2191167559527492,0.6046847231670398,42.21215057373047
1780876761.720529,1.9365615336801159,-0.684279900048749,0.21912112226693434,0.6044844741457283,42.234649896621704
1780876761.7406342,1.9351594275104196,-0.6830398204902647,0.2189748006065095,0.6039815281665932,42.2547550201416
1780876761.7633853,1.9337239332002547,-0.6818450599379514,0.21893121282032335,0.6035459390262492,42.27750611305237
1780876761.783889,1.9321919912152432,-0.680780780778172,0.21913987530160614,0.6033266891786955,42.29800987243652
1780876761.8060768,1.9307268035115444,-0.6796343549607164,0.21896320559548443,0.6029680906167929,42.32019758224487
1780876761.8297706,1.9293380043302335,-0.6783684582603018,0.21895634728578584,0.6024232993086542,42.34389138221741
1780876761.849626,1.9279019230262062,-0.6771731875489946,0.21891923590511428,0.6019851522516859,42.363746881484985
1780876761.8728995,1.9263542713510595,-0.6761314942132989,0.21911678546882613,0.6017993408070286,42.38702034950256
1780876761.8930552,1.9248711396206626,-0.675006593630125,0.21903554858994986,0.6014763778581536,42.40717601776123
1780876761.9184475,1.9235057379102423,-0.673704003396385,0.2190686758359406,0.6008711231151276,42.432568311691284
1780876761.9457934,1.9220183836455027,-0.6725797085409082,0.21912856927813446,0.6005473771538137,42.459914207458496
1780876761.9678571,1.9204912474376292,-0.6715206874832229,0.21892594931257414,0.6003251310614406,42.48197793960571
1780876761.9905484,1.919070327127503,-0.6702957167840244,0.21905311534132452,0.5998458651095717,42.504669189453125
1780876762.0149941,1.9176103998407292,-0.6691324376720652,0.21900149338498093,0.5994554740010924,42.529114961624146
1780876762.0364423,1.9160902738174974,-0.6680550761685343,0.21903614162687565,0.5992089410722841,42.55056309700012
1780876762.0579162,1.9147145382048532,-0.6667626184923691,0.2191878671873422,0.5986170893985046,42.57203698158264
1780876762.0780637,1.9131736791548848,-0.6657240694055032,0.21894302077134145,0.598421650017853,42.59218454360962
1780876762.1010401,1.9116821764445155,-0.6646091461572563,0.21881275763139257,0.5981123141622255,42.61516094207764
1780876762.1232557,1.9102838886605507,-0.6633394193133518,0.21921859423861328,0.5975619283924667,42.63737654685974
1780876762.143422,1.9088809003736225,-0.6621062784341853,0.21875032058632857,0.5970521215518723,42.65754270553589
1780876762.1677797,1.9073757113489256,-0.6609959434368241,0.2190749885562638,0.5967487121360477,42.68190050125122
1780876762.191162,1.9057935713464842,-0.6600146711186554,0.21892396315120732,0.5966500780964932,42.70528292655945
1780876762.2164807,1.904369232333897,-0.6587976795712106,0.2189283753277093,0.5961738595213255,42.73060154914856
1780876762.2388794,1.9029698567256121,-0.6575415167685393,0.2189142610215825,0.5956351422197308,42.753000259399414
1780876762.2611403,1.9015369546928222,-0.6563341680432327,0.21900670441398695,0.5951727302676844,42.77526116371155
1780876762.283415,1.899934207235615,-0.6553774756265999,0.21904238536089815,0.5951091066714369,42.79753589630127
1780876762.303247,1.8984459811115828,-0.6542613607485754,0.2188213517222037,0.5947902340867888,42.81736779212952
1780876762.3274372,1.8970756247375145,-0.6529540822783947,0.21908224901077872,0.5941753252954527,42.84155797958374
1780876762.3507078,1.8956125658454859,-0.6517980656056477,0.21889058030272993,0.5937852388236688,42.86482858657837
1780876762.3709326,1.8940426546058435,-0.6507879943028435,0.2191233476465519,0.5936393721733726,42.885053396224976
1780876762.3946593,1.8926811771596452,-0.6494797554260371,0.21897794286678607,0.5930138277076615,42.908780097961426
1780876762.4149106,1.8912676692104573,-0.6482523902278677,0.2187536142943141,0.5925092119816853,42.92903137207031
1780876762.4364836,1.889717470482167,-0.6472121396225755,0.21900229400709972,0.5923097122188974,42.95060443878174
1780876762.4581425,1.888162564493913,-0.646183087762571,0.21908460824749384,0.5921307658687258,42.97226333618164
1780876762.478276,1.8867814405701278,-0.6449015176689659,0.21905063406515415,0.5915426032445428,42.99239683151245
1780876762.50129,1.8852242277845874,-0.6438814148056561,0.2190016293400759,0.5913669659242036,43.01541090011597
1780876762.521864,1.8837578259756382,-0.64272820427921,0.2188707136241974,0.590984732118347,43.03598475456238
1780876762.54449,1.8823365590686414,-0.6414928352247359,0.21918354590992342,0.5904727791455535,43.058610916137695
1780876762.5702608,1.8807909859903946,-0.6404623280599325,0.2189685465522212,0.590276276611319,43.08438158035278
1780876762.5902352,1.8793675795290576,-0.6392388954087919,0.2190164016104878,0.5897831606329849,43.10435605049133
1780876762.6118777,1.8779091042752734,-0.638073233520225,0.2189202895846225,0.589371601895218,43.12599849700928
1780876762.6328323,1.876358236639176,-0.6370400915572638,0.21896498152993582,0.589174535496177,43.146953105926514
1780876762.6552584,1.8748788114324388,-0.6359019042558428,0.2189880572667612,0.588811548520221,43.169379234313965
1780876762.677951,1.8734435645323817,-0.6346942603732387,0.21906539948324466,0.588334966529108,43.19207191467285
1780876762.6979508,1.871927392666055,-0.6336137898374826,0.2189983475942938,0.5880618546218237,43.212071657180786
1780876762.7220552,1.8704834624333264,-0.6324226733521772,0.21898443495825967,0.5876096341452453,43.23617601394653
1780876762.7465482,1.8689790001830522,-0.6313205455302692,0.2190228737336069,0.5872992805061044,43.260668992996216
1780876762.7642505,1.867512677155863,-0.6301622858474197,0.2190523736247123,0.5869005442209119,43.27837133407593
1780876762.789739,1.8660043678709672,-0.6290678018427968,0.21901563906918647,0.5866006559885966,43.30385971069336
1780876762.809805,1.8645591506044765,-0.6278757762058338,0.21907751638218576,0.5861475249899932,43.323925733566284
1780876762.8335505,1.8630413246376925,-0.6267930520394415,0.21913607019435324,0.585866176422547,43.34767127037048
1780876762.8562338,1.8616021576016564,-0.6255966089257992,0.21904927445889086,0.5854014751144865,43.370354652404785
1780876762.8757222,1.8600616535639745,-0.624549811580594,0.21903604057159962,0.5851752962256178,43.38984298706055
1780876762.8966303,1.858617774461958,-0.6233543819421745,0.2191177776207204,0.5847128655940779,43.41075110435486
1780876762.9185498,1.857086206074371,-0.6222981804090797,0.21899947815344137,0.5844683314697914,43.43267059326172
1780876762.9408803,1.8556519089223165,-0.6210873031881757,0.21910006699543622,0.5839797917374803,43.45500111579895
1780876762.9642444,1.8541393146650404,-0.6199993762288162,0.21911179393862792,0.5836830417167942,43.47836518287659
1780876762.9879515,1.852660291956297,-0.6188669609438759,0.21889279253327462,0.5833123259132869,43.50207233428955
1780876763.0108562,1.851181269779728,-0.6177253206279508,0.2189419152037018,0.5829296727514937,43.52497696876526
1780876763.0311224,1.8496793772768203,-0.6166177075725467,0.21902491480554728,0.5826001879470919,43.54524326324463
1780876763.053847,1.8481983053799822,-0.6154802135907587,0.21907131377160932,0.5822231602750119,43.567967891693115
1780876763.075531,1.8467474069497365,-0.614301545683446,0.21899588568927142,0.5817746552048249,43.58965182304382
1780876763.0985324,1.8452047885816205,-0.6132573883174274,0.21903700200185686,0.5815449707273981,43.61265325546265
1780876763.1219208,1.8437392174686762,-0.612096446255325,0.21909022654257893,0.5811271410056396,43.63604164123535
1780876763.1424057,1.8422357552228894,-0.6109955076695891,0.21910938961703752,0.58080232777254,43.65652656555176
1780876763.1686928,1.8407579946169625,-0.6098641831304026,0.21882392873814022,0.5804242516409372,43.68281364440918
1780876763.190487,1.8392679291470273,-0.608736470996106,0.2189673412475738,0.5800581069215252,43.70460772514343
1780876763.2121484,1.8377606621326685,-0.6076417985004199,0.21901880890733472,0.5797403735730491,43.726269245147705
1780876763.233772,1.8362854974893585,-0.6065049033939811,0.218787920253527,0.5793522279665257,43.7478928565979
1780876763.2541625,1.8348043838785268,-0.6053571615441001,0.21918881826661057,0.578953605558242,43.76828336715698
1780876763.2780263,1.833291479451371,-0.6042864433877219,0.21877938893625357,0.5786638068323366,43.792147159576416
1780876763.2993639,1.831802569876146,-0.603154426318584,0.21904027492487024,0.5782893609866484,43.81348466873169
1780876763.31959,1.8303547296196623,-0.6019741555482656,0.2189887050115286,0.5778285323992627,43.83371090888977
1780876763.3433836,1.8287836992704616,-0.6009796161101434,0.2189529695005285,0.5776612729672301,43.85750436782837
1780876763.3634968,1.8272913940584161,-0.5998661281626109,0.2189116368670543,0.577307287574321,43.877617597579956
1780876763.3870177,1.8258767407347511,-0.5986257970973915,0.21905759929371185,0.576751755169008,43.90113854408264
1780876763.408926,1.8243175381995442,-0.5976152663068003,0.2190364545182085,0.5765557241575383,43.923046827316284
1780876763.4311604,1.8228853036475465,-0.5964101132109081,0.21895893571085753,0.5760536381963277,43.94528126716614
1780876763.4558654,1.8213995940550343,-0.5952856593432526,0.21895450544288395,0.5756734173729248,43.96998620033264
1780876763.4784513,1.8198358657561962,-0.594277246895804,0.21904091952912216,0.5754828946831445,43.99257206916809
1780876763.4992042,1.818395667615681,-0.5930822515710702,0.21905901632835778,0.574992051671841,44.01332497596741
1780876763.5231857,1.8168414948064966,-0.5920677845401339,0.2189194242920056,0.5747854153504051,44.03730654716492
1780876763.5440812,1.8153911195057872,-0.5908850301323249,0.21902033708246982,0.5743153698708081,44.058202028274536
1780876763.565938,1.81391172587917,-0.5897546617853504,0.2189388381719553,0.5739211759122158,44.08005881309509
1780876763.5886228,1.8123554902978747,-0.5887397436527084,0.21892581253596052,0.5737159452424425,44.10274362564087
1780876763.6092682,1.810896566835124,-0.5875715710268049,0.21901770792267636,0.5732706119326654,44.12338900566101
1780876763.6300993,1.809390644641354,-0.5864832957796897,0.21887709854808957,0.5729423652177914,44.14422011375427
1780876763.6500735,1.807899324789516,-0.5853624078595038,0.2190243260361544,0.5725716277195998,44.16419434547424
1780876763.6734734,1.8064574259613455,-0.5841773936269227,0.21886834992098847,0.5720895911431718,44.187594175338745
1780876763.697611,1.8048843624362063,-0.583181241294422,0.21910206595316378,0.5719145716271345,44.211731910705566
1780876763.7182777,1.8033976540169752,-0.5820694903176697,0.21882088184187762,0.5715518801783137,44.23239850997925
1780876763.7403204,1.8019202157180214,-0.5809261765752416,0.21900778457602654,0.5711414529037366,44.254441261291504
1780876763.7605479,1.8003799418794364,-0.579890302556297,0.21901076866929714,0.5708967582444107,44.27466869354248
1780876763.78181,1.7989317361809276,-0.5787138730205749,0.2188725140944324,0.5704329725792885,44.29593086242676
1780876763.804293,1.7974126698532018,-0.5776402524001659,0.2189699641234131,0.5701292757938674,44.318413734436035
1780876763.8242009,1.795869303032819,-0.5766139790603664,0.21881359471069645,0.5699011932868263,44.338321685791016
1780876763.8505034,1.7944221645445972,-0.5754228628209118,0.21906146883950414,0.5694160253776843,44.36462426185608
1780876763.8728309,1.7929693305055052,-0.5742555789426185,0.21894090098216157,0.5689593794039851,44.38695168495178
1780876763.8955152,1.7913773654923963,-0.5732968202303673,0.21905354568538923,0.5688388384753615,44.4096360206604
1780876763.917755,1.7899392868026258,-0.5721042755520381,0.2189745972744438,0.5683488504042975,44.431875705718994
1780876763.9377835,1.7884219278342501,-0.5710364461804747,0.2188800702515367,0.5680474154136981,44.451904296875
1780876763.960927,1.7868881252808388,-0.5699901511797293,0.2188905224309862,0.5677844528302316,44.47504782676697
1780876763.981405,1.7854025372543898,-0.568862538552877,0.21909454558519584,0.5673994513689014,44.49552583694458
1780876764.0059764,1.7839392333691209,-0.5677133723722058,0.2189625588383352,0.5669723542501091,44.52009725570679
1780876764.0283124,1.7823560774216782,-0.5667469700558858,0.21892734531421945,0.5668321083663246,44.54243326187134
1780876764.0483692,1.7808380003687825,-0.5656809230927652,0.2188544384811695,0.5665369207900888,44.56248998641968
1780876764.0737557,1.7794205749926097,-0.5644458242060226,0.2190834180608765,0.5659784831390358,44.58787655830383
1780876764.0940075,1.7778771987360336,-0.5634229461167433,0.21894601511719677,0.5657496983630086,44.60812830924988
1780876764.116784,1.7764071401558132,-0.5622799170807452,0.2189031409329949,0.5653367159026264,44.63090491294861
1780876764.1391811,1.7749160502727266,-0.561171157063561,0.21885941986304658,0.5649696448233774,44.65330195426941
1780876764.1593714,1.7733540637238687,-0.5601676362160087,0.21897712216137094,0.5647733711036791,44.673492193222046
1780876764.184401,1.7718627474522246,-0.5590583521721808,0.219021133011171,0.5644113048229906,44.698521852493286
1780876764.2095938,1.7703946337150802,-0.5579174221581825,0.21884957505765776,0.5639971723244575,44.72371459007263
1780876764.2287214,1.7688537849671517,-0.5568800230663951,0.21900876087445814,0.5637466671299745,44.74284219741821
1780876764.2516503,1.7673087864955885,-0.5558633477614343,0.21881876882283574,0.5635244403327446,44.76577115058899
1780876764.2720804,1.765873876716237,-0.5546570035256181,0.2190407932856946,0.5630111581970993,44.7862012386322
1780876764.2966719,1.7644072818509329,-0.5535144369184585,0.21890151659782664,0.5625908868807841,44.810792684555054
1780876764.3214173,1.7628175216453914,-0.5525542758535245,0.21910503965929445,0.5624621157644736,44.835538148880005
1780876764.3406327,1.7613361392972093,-0.5514392625314584,0.21886219938338497,0.5620838962297823,44.854753494262695
1780876764.363726,1.7598372842130723,-0.5503403261478932,0.21890825771151246,0.5617299811982672,44.87784671783447
1780876764.3840926,1.7583078683565543,-0.5492858820112639,0.2191296899477057,0.5614549276649718,44.898213386535645
1780876764.4083407,1.7568207867522059,-0.5481813711619576,0.21885172846305997,0.561091120535834,44.92246150970459
1780876764.4293175,1.7553071384938084,-0.5471070880433649,0.2188844498037581,0.5607766235991045,44.94343829154968
1780876764.449811,1.753782165342332,-0.5460454996265485,0.2191279467211272,0.5604838945543431,44.96393179893494
1780876764.4731057,1.7523238972713189,-0.544894202538471,0.21889152648054935,0.5600435299465492,44.987226486206055
1780876764.4936783,1.7507530756560679,-0.5439091739269234,0.2190137460025885,0.5598691358200858,45.00779914855957
1780876764.5147269,1.7492523184517852,-0.5428215220193338,0.2188956496874187,0.5595327835200568,45.02884769439697
1780876764.536635,1.747788348891508,-0.5416713932962313,0.21884859084210523,0.559094678284513,45.050755739212036
1780876764.5579555,1.746280190908227,-0.5405838043107307,0.21908430590487332,0.5587541957786097,45.07207632064819
1780876764.5798087,1.7446789116013317,-0.5396601529920646,0.21887471735265873,0.5586686796400304,45.09392952919006
1780876764.5999608,1.7431863290331513,-0.5385530626075271,0.2189400314672381,0.558302784345142,45.114081621170044
1780876764.622132,1.7417490558002415,-0.5373534503265115,0.21909867908424766,0.5577861528549661,45.136252880096436
1780876764.6447957,1.7401612889339173,-0.536406234468713,0.2189639469677568,0.5576598414017067,45.15891647338867
1780876764.664373,1.7386940416827004,-0.5352565957899236,0.2191017008224449,0.5572195660311268,45.17849373817444
1780876764.6871622,1.7372174815380035,-0.5341354456242875,0.21882723640035903,0.5568198131732967,45.20128297805786
1780876764.7069845,1.7356601634411415,-0.5331280653634697,0.2189814893074093,0.5566024302833661,45.221105337142944
1780876764.729053,1.734108673316119,-0.5321209386389931,0.2189175490986308,0.5563823226627012,45.24317383766174
1780876764.75278,1.732665986027444,-0.5309281114502657,0.21913500637915861,0.5558715655063207,45.26690077781677
1780876764.7736685,1.7311485867835668,-0.5298725829537697,0.2188999889014653,0.5555674716707912,45.2877893447876
1780876764.7985,1.7296085443972002,-0.5288443329842467,0.21887876010658522,0.555313477084395,45.312620878219604
1780876764.820006,1.7281004811308807,-0.527756953478132,0.21908662757014596,0.5549691022851686,45.334126710891724
1780876764.8426993,1.726640827382377,-0.5266053891528432,0.21891566936459678,0.5545118754222305,45.35682010650635
1780876764.8641734,1.7250631921944073,-0.5256310147468833,0.2191063718816861,0.5543354276072598,45.378294229507446
1780876764.8850505,1.7235263797965665,-0.5246042448594903,0.21895467258160273,0.5540792316951659,45.399171352386475
1780876764.9107578,1.7220841731940644,-0.523418061770001,0.2189277871672909,0.553575069181127,45.42487859725952
1780876764.9350286,1.720585677698587,-0.5223231833425337,0.21892411706577952,0.5532055330780903,45.44914937019348
1780876764.9565587,1.7189792857280422,-0.5213950457036476,0.2191120079543686,0.5530990702668532,45.47067952156067
1780876764.9805646,1.7175368109261453,-0.5202125139280909,0.21900573225626147,0.5525955214280476,45.49468541145325
1780876765.0015924,1.715976258118339,-0.5192179642165083,0.2190008958566713,0.5523830558939533,45.51571321487427
1780876765.0267913,1.7144482162967496,-0.5181735780457892,0.21887452353009149,0.5520923279644379,45.54091215133667
1780876765.0503829,1.712949037928297,-0.5170724288691584,0.2190172106368006,0.5517119610699686,45.56450366973877
1780876765.073149,1.7114239284619892,-0.5160179804084811,0.21910944420752418,0.551402868615261,45.58726978302002
1780876765.0969725,1.7098877925373073,-0.5149874568113562,0.2189775249969042,0.5511323023943966,45.611093282699585
1780876765.1176565,1.7083954518262674,-0.5138816987890688,0.21894608297993975,0.5507438044237993,45.63177728652954
1780876765.1416776,1.7068395469991338,-0.5128750763212081,0.21904334838686929,0.550504596745343,45.65579843521118
1780876765.164628,1.7053240812986858,-0.5118051715185027,0.21906576531514058,0.5501677399023137,45.67874884605408
1780876765.1854737,1.7038500661920886,-0.5106702597752726,0.21899219060254255,0.5497309932739594,45.699594497680664
1780876765.2080295,1.7022750045481723,-0.5096945079781966,0.21906765871857506,0.5495425545892054,45.72215032577515
1780876765.2287583,1.7007871335163225,-0.5085779129501922,0.21909875667558054,0.5491304611654835,45.742879152297974
1780876765.2495995,1.6992423569600457,-0.5075554928006014,0.21910566643027332,0.548862115261084,45.76372027397156
1780876765.2719114,1.6977470572076165,-0.5064547698639111,0.2190137357869547,0.5484676919596669,45.78603219985962
1780876765.2923641,1.6962036136539274,-0.5054291057912076,0.2190200104731451,0.5481978340982483,45.80648493766785
1780876765.3162935,1.6946645356597303,-0.5043946164907596,0.21906095803092446,0.5479091331329364,45.83041429519653
1780876765.3365662,1.6931460155684424,-0.5033274231371078,0.21904825236585038,0.5475652788938454,45.85068702697754
1780876765.3600144,1.6916151716834105,-0.5022817068480298,0.2190189598191663,0.54725418987673,45.8741352558136
1780876765.3838878,1.6901203231506279,-0.50117728249592,0.21894693021254955,0.5468525309857064,45.898008584976196
1780876765.405351,1.6885566927002587,-0.5001832184702792,0.21892214433844923,0.5466213003647216,45.919471740722656
1780876765.4265249,1.6870160087787143,-0.49914752986892175,0.21902670589903186,0.5463269849953152,45.940645694732666
1780876765.4468904,1.6855490250100542,-0.4979925920507071,0.21905182950894816,0.545838241070129,45.96101117134094
1780876765.4690604,1.6839465270691416,-0.49706094625057984,0.21908667800532375,0.5456975897750631,45.98318123817444
1780876765.4933128,1.6825135387873253,-0.4958539297338616,0.21898107372332223,0.5451334656590738,46.00743365287781
1780876765.5163252,1.6809832913261533,-0.4948048365160343,0.21895618271362627,0.5448073943774547,46.03044605255127
1780876765.537975,1.6793516818590444,-0.4939208611631263,0.2189183214928923,0.5447353317799521,46.052095890045166
1780876765.5598774,1.6778117387760763,-0.4928882190730114,0.21886896409344878,0.5444308834907101,46.07399821281433
1780876765.5838468,1.6763773024253765,-0.49166842077231865,0.21914419594989584,0.543844945460898,46.09796762466431
1780876765.6067877,1.674801039114706,-0.49070308537971574,0.21886345186774833,0.5436375583912305,46.12090849876404
1780876765.6275685,1.6732399759494612,-0.48969400999324697,0.21907499273974668,0.5433734669614365,46.14168930053711
1780876765.6504211,1.6718007443555603,-0.48849592496727623,0.2189309118317632,0.5428025216282046,46.16454195976257
1780876765.6732554,1.670230520345341,-0.48750407405617596,0.2191056599298375,0.542554206633584,46.187376260757446
1780876765.694493,1.6686200916783729,-0.48659063433568467,0.2189306507204804,0.5424269821159307,46.208613872528076
1780876765.716242,1.667127795140486,-0.48547100738545124,0.21903343261914296,0.5419836470412029,46.23036289215088
1780876765.7364478,1.6656530348763465,-0.4843316103083797,0.21883364097055563,0.5414988126843348,46.25056862831116
1780876765.759441,1.6640881297795427,-0.48332748389485064,0.2190488612839226,0.5412224725301975,46.27356171607971
1780876765.7815847,1.6624947679646076,-0.4823850825012806,0.21886105772743594,0.5410452974183757,46.29570555686951
1780876765.800818,1.6610008222193229,-0.48125927021651976,0.21916851155466105,0.5405891972932242,46.31493878364563
1780876765.8221626,1.6595320589685296,-0.4801120007257089,0.2189167993538663,0.5400854898021183,46.336283445358276
1780876765.8424299,1.6579286730609508,-0.47917639421754316,0.2189861223950187,0.5399069857306547,46.35655069351196
1780876765.865893,1.6563759385553574,-0.4781578198560221,0.2189745301248806,0.5396039953689833,46.38001370429993
1780876765.8887255,1.654905788042824,-0.47699997454641524,0.21905284306714992,0.5390871236244568,46.402846336364746
1780876765.910372,1.6532667073361722,-0.4761274392466168,0.21901725018123563,0.5390041238726591,46.424492835998535
1780876765.9329202,1.6517572012821309,-0.47504195975302044,0.2188630935736544,0.5385929403458629,46.447041034698486
1780876765.9531517,1.6502646172280961,-0.47391239580341804,0.21910395661500773,0.5381115809680237,46.46727252006531
1780876765.9747422,1.6486904472491135,-0.4729376784295099,0.21891952462437866,0.5378630974998968,46.48886299133301
1780876765.9975536,1.6471437411295105,-0.471907013811968,0.21892454971203468,0.5375352212693292,46.51167440414429
1780876766.0190775,1.6456176111537546,-0.4708337296977746,0.21917962052640916,0.5371398296709149,46.53319835662842
1780876766.0402927,1.6440626225132413,-0.4698271237816328,0.21895590099819962,0.5368346118696774,46.55441355705261
1780876766.060548,1.6425251582883456,-0.4687824448464211,0.21890467371356398,0.5364719406576182,46.574668884277344
1780876766.084129,1.6409923748632622,-0.4677182182072884,0.21919299955024862,0.5360877868526881,46.59824991226196
1780876766.1080904,1.6394259067006927,-0.4667329587180956,0.21888869159107135,0.5358125747202447,46.62221121788025
1780876766.1285045,1.6378972524631215,-0.46566744450712483,0.2189714939401406,0.5354187373806809,46.64262533187866
1780876766.150122,1.6363860542472197,-0.4645726450999278,0.21910175580410818,0.5349723534893762,46.6642427444458
1780876766.1703207,1.6347544823830593,-0.46369196741248603,0.21888125908995762,0.5348507466368222,46.684441566467285
1780876766.1919148,1.633217960897324,-0.46264133587787876,0.2189412773825574,0.5344766202329456,46.70603561401367
1780876766.2149534,1.6317530214829672,-0.46146490719577327,0.21907544061108195,0.5339040288420476,46.729074239730835
1780876766.2350938,1.630155954449357,-0.4605182109162042,0.21909277153511175,0.5336772371082432,46.74921464920044
1780876766.2561688,1.6286244452063074,-0.45946583455249523,0.21889305180486468,0.5332850365203203,46.77028965950012
1780876766.2766542,1.6270814879493416,-0.45841691184612704,0.21911312826583101,0.5329026158832697,46.79077506065369
1780876766.2988796,1.6254733653810947,-0.4574935357767968,0.21899334080264113,0.5327075252415909,46.813000440597534
1780876766.3215425,1.624009599936471,-0.4563176045127626,0.21901095260581244,0.5321279757003241,46.83566331863403
1780876766.3415291,1.6224844671767669,-0.45525438212864955,0.2187886701413473,0.5317063377354954,46.85564994812012
1780876766.3654375,1.6208567247443528,-0.4543450742643627,0.2190940167314818,0.5315258712486219,46.87955832481384
1780876766.391291,1.6192567770868118,-0.45340814497478865,0.21890465369183035,0.5313055300956488,46.90541172027588
1780876766.4099367,1.6177691200306226,-0.4522639802620768,0.21913347374114303,0.5307696902297003,46.924057483673096
1780876766.4329796,1.616295437071428,-0.451113895154528,0.21885882452143382,0.5302091535956066,46.94710040092468
1780876766.4531868,1.6146900674340843,-0.45017548415226744,0.21891650043003333,0.529972053874582,46.967307567596436
1780876766.4753397,1.613084139629524,-0.4492336076026316,0.21906078574440574,0.5297381506232552,46.989460468292236
1780876766.4975271,1.611598985406528,-0.44809599519268223,0.21899754270092403,0.5291986371379558,47.01164793968201
1780876766.5201695,1.610007539737738,-0.4471351419647256,0.21897108561966647,0.528923224495415,47.0342903137207
1780876766.543255,1.608395659763635,-0.4462116472689578,0.21891923388963083,0.5287057866928766,47.05737590789795
1780876766.563619,1.6069060906382275,-0.44506803464137656,0.2191472374253327,0.5281500123910545,47.07773971557617
1780876766.5888023,1.6054111971260496,-0.4439499590131254,0.21892506836309164,0.527630055973507,47.10292315483093
1780876766.6116757,1.6037901439400168,-0.4430322296713662,0.21911047262147312,0.5274172399360566,47.12579655647278
1780876766.6326203,1.6021963731366864,-0.442081788960285,0.21891259884560393,0.5271498079539789,47.14674115180969
1780876766.6553338,1.600702852745109,-0.44094325715909277,0.21912246587638737,0.5265958201136094,47.16945457458496
1780876766.6762156,1.5991064616203525,-0.43999532866055285,0.2189650744928833,0.5263255642591282,47.19033646583557
1780876766.698067,1.5975737879333687,-0.43892903493009455,0.21901416741316534,0.5258850423826562,47.21218776702881
1780876766.7207909,1.5960269720603837,-0.43789218763961324,0.21892344548821763,0.5254762106258841,47.23491168022156
1780876766.7423046,1.5944280571991587,-0.4369376146347735,0.21899903115793531,0.5251954177076108,47.25642538070679
1780876766.766002,1.5928787183061832,-0.4358961798946107,0.21915314727954524,0.5247781618702945,47.28012275695801
1780876766.7861857,1.5913501251342248,-0.43482701065568297,0.2190553951979323,0.524317807994338,47.30030655860901
1780876766.8098907,1.5897595887055147,-0.4338597082060426,0.2190713008256687,0.524013423570965,47.32401156425476
1780876766.8335202,1.5882090679089529,-0.43282400337644,0.21908987662958526,0.5235955502305423,47.34764099121094
1780876766.8535912,1.5866313407248047,-0.4318348694470602,0.21907020723184006,0.5232485124039457,47.36771202087402
1780876766.8773932,1.5850710553895926,-0.4308150114433716,0.2190795884701129,0.5228521233120329,47.39151406288147
1780876766.898111,1.583533642349134,-0.4297557500284157,0.21903537731775477,0.5223979040621618,47.41223192214966
1780876766.9209619,1.5819376452271598,-0.4287964164616754,0.2190486356099759,0.5220917091739263,47.43508267402649
1780876766.9447148,1.5803846574275515,-0.4277601423729587,0.21908293012657012,0.5216629827979169,47.45883560180664
1780876766.964989,1.5788134471957518,-0.42675861548946226,0.21905129917669114,0.5212860756876578,47.47910976409912
1780876766.9882195,1.5772519852141376,-0.42573990820854063,0.21900137212522713,0.520883629161748,47.50234031677246
1780876767.0089803,1.5757033096936508,-0.4246965487793864,0.2189955608478325,0.520443411476025,47.52310109138489
1780876767.0331168,1.5741068233180553,-0.42373269456204665,0.2190901110077077,0.5201178298514515,47.54723763465881
1780876767.056035,1.5725709391214038,-0.42266874787082337,0.21900350543316033,0.5196348888092164,47.57015585899353
1780876767.076022,1.570967948353266,-0.42171866420981213,0.21900912595571684,0.5193274062591486,47.59014272689819
1780876767.1003819,1.5694267128518655,-0.4206562658883997,0.21912012233390446,0.5188510036790968,47.61450266838074
1780876767.1228812,1.567827501714482,-0.4197026486709271,0.21900872483026199,0.5185330917147777,47.63700199127197
1780876767.1418984,1.5662899440542588,-0.41863766146732573,0.2189903879299836,0.5180408358286765,47.65601921081543
1780876767.1653247,1.564689600841813,-0.41767904389906446,0.21906471158229765,0.5177066828982753,47.67944550514221
1780876767.1859946,1.5631380489628868,-0.41663563947939364,0.21908863501665563,0.5172532756071,47.700115442276
1780876767.2099426,1.5615724072758395,-0.4156199309002986,0.21906166550671913,0.5168316382783935,47.72406339645386
1780876767.2311869,1.5599738255554922,-0.41466090328261473,0.21901059638038867,0.5164953548104361,47.7453076839447
1780876767.2519822,1.5584337161956021,-0.41359847614141115,0.21899106407957103,0.5159948282126177,47.7661030292511
1780876767.2741058,1.556822923692889,-0.4126584200343325,0.2190086083916287,0.5156801872931442,47.78822660446167
1780876767.2943764,1.555281381403072,-0.4115938523101774,0.21908576383606498,0.5151807080473167,47.808497190475464
1780876767.3190858,1.5536806289696756,-0.41063713586059836,0.21907071023735658,0.5148353513208797,47.83320665359497
1780876767.3420465,1.552157824396962,-0.4095436975627809,0.2189970395591304,0.5142799942582288,47.85616731643677
1780876767.3616138,1.5505510131631615,-0.40859285423982167,0.2190895508818464,0.5139347741186757,47.87573456764221
1780876767.3848588,1.548929812529383,-0.40767650383540893,0.21892514663531915,0.5136486589012819,47.89897966384888
1780876767.4048946,1.5474088090635019,-0.4065693991291806,0.2191266292656122,0.5130715321751165,47.919015407562256
1780876767.4268286,1.545810909116558,-0.4056109608718578,0.21899295677577776,0.5127090370179506,47.94094944000244
1780876767.448581,1.5442558636692656,-0.4045706223200836,0.21899259948481975,0.5122229697358902,47.96270179748535
1780876767.4689386,1.5426423848982809,-0.40363175719127653,0.2190578822364641,0.511886428504754,47.98305940628052
1780876767.4923613,1.5411015408855722,-0.4025656941052033,0.21905207754693892,0.5113614808283611,48.00648212432861
1780876767.5125554,1.5394963536223074,-0.40161301241779557,0.2190767059679541,0.5110051082956675,48.026676177978516
1780876767.53505,1.5379472611590765,-0.40056371243866673,0.21901588006030775,0.51049237071115,48.04917073249817
1780876767.5584743,1.536345341937631,-0.39960379173129007,0.21905369085788495,0.5101167767494745,48.07259511947632
1780876767.5795288,1.5347879076345001,-0.3985691909273979,0.21898646320326315,0.5096251324740404,48.0936496257782
1780876767.6024077,1.5331714416435334,-0.3976365161793213,0.21899880299488877,0.509291187632245,48.11652851104736
1780876767.6227832,1.5316199091774605,-0.39658802668554777,0.21899274921567524,0.508775345276705,48.13690400123596
1780876767.64435,1.5300105378135826,-0.39564063565693597,0.21902322896452445,0.5084091890771729,48.15847086906433
1780876767.665229,1.5284374545833996,-0.39463147290082545,0.2189942735007523,0.5079420814611089,48.17934989929199
1780876767.685414,1.5268646961191634,-0.3936206259738509,0.2189871344361554,0.5074796295570287,48.19953489303589
1780876767.708983,1.525266571090587,-0.3926512111717852,0.21906314982187802,0.5070751564325837,48.223103761672974
1780876767.7305179,1.5236923922401782,-0.391643339902514,0.21904559939784699,0.5066046391291872,48.24463868141174
1780876767.752448,1.5221028692142002,-0.3906617258114467,0.21902973115262528,0.5061727867083015,48.26656889915466
1780876767.7756798,1.5205126033835163,-0.38967925551568955,0.21906885135278467,0.5057378088543318,48.2898006439209
1780876767.7959814,1.5189281632601315,-0.3886902009650559,0.2190127330762615,0.5052930597136704,48.310102224349976
1780876767.8193777,1.517350331635014,-0.38768605062538225,0.2190171665421036,0.5048217493424758,48.33349847793579
1780876767.8425457,1.5157700979502469,-0.3866863563517671,0.21903603639567834,0.50435389656419,48.356666564941406
1780876767.8624477,1.5141708556029152,-0.38572210731123807,0.2190145363261883,0.5039328515357075,48.37656855583191
1780876767.8849556,1.512591455454741,-0.3847189767020723,0.21906102941945382,0.5034591248300959,48.39907646179199
1780876767.9056857,1.510985323285485,-0.38376859972344485,0.2189811781756048,0.5030620873897789,48.419806480407715
1780876767.9311106,1.5094122666574314,-0.38275604628822096,0.21896558158643264,0.5025619395830629,48.445231437683105
1780876767.952768,1.507822877337655,-0.38177172893159267,0.21899460285786806,0.5021052822492491,48.46688890457153
1780876767.9746292,1.5062431419159188,-0.38077155267142043,0.21898774703606544,0.5016190452330598,48.488749980926514
1780876767.9962494,1.5046208293333143,-0.37984931774846575,0.21895187996840426,0.5012540785306445,48.5103702545166
1780876768.017269,1.50308012762309,-0.37877585232794225,0.21894914155948605,0.5006556108048859,48.53138971328735
1780876768.0392292,1.5014551201363777,-0.3778538126375414,0.2190434796346104,0.5002802017106527,48.55334997177124
1780876768.0608206,1.4998405606013538,-0.37692006329330185,0.21896253448536065,0.49988394711627215,48.57494139671326
1780876768.081914,1.498299173499015,-0.3758447597771418,0.2190456779839473,0.4992772512603363,48.59603476524353
1780876768.1070588,1.4966567119285663,-0.3749625314149812,0.21894351135695295,0.49896066256890137,48.62117958068848
1780876768.1279783,1.4951096528590258,-0.37389606132606046,0.21907613205654294,0.49836132754045437,48.642099142074585
1780876768.1537783,1.4935108788126716,-0.37293611812431704,0.21895291660963584,0.4979131176981877,48.6678991317749
1780876768.175071,1.491660174446394,-0.37244985815868936,0.2185403844435614,0.4974050533502794,48.689191818237305
1780876768.1977468,1.489744960200888,-0.37215095014097643,0.2168434510145602,0.4962921365155939,48.711867570877075
1780876768.2205756,1.4879146774786856,-0.3716706281572404,0.2162956441749165,0.49493698045655954,48.73469638824463
1780876768.240555,1.486261342689451,-0.3708589940987004,0.21625981941582673,0.49311447125704344,48.75467586517334
1780876768.2659895,1.4848389373463722,-0.36963679708599084,0.21638976849762617,0.49073779129066963,48.780110359191895
1780876768.2879558,1.4836606495952613,-0.36791320181885395,0.21827843077920564,0.48826905631206774,48.80207657814026
1780876768.3092735,1.482634364227192,-0.36595604846878804,0.21957173594848173,0.4854528219719656,48.82339429855347
1780876768.3305311,1.4814541541807702,-0.3643762946571507,0.21934497241548442,0.48318674688217733,48.84465193748474
1780876768.35088,1.4800252568830066,-0.36332758360861483,0.2181002297387892,0.48171420206944404,48.86500072479248
1780876768.3733704,1.4783973807037352,-0.3627017839865914,0.21611710664896477,0.48101237098507,48.88749122619629
1780876768.3947723,1.4767268112590288,-0.3621176763721161,0.21549422366728477,0.4805590918049578,48.90889310836792
1780876768.4148822,1.4750120180793396,-0.36155708959333543,0.21688207978092358,0.48017324460013455,48.9290030002594
1780876768.437319,1.47325293555707,-0.3610538899693548,0.21976170380658175,0.4798898149891109,48.95143985748291
1780876768.4576712,1.471492418538597,-0.3606821538578304,0.2202078570203272,0.4797719264058866,48.97179198265076
1780876768.4809384,1.4698818436969046,-0.3601574177107612,0.217743073630782,0.47939856509525747,48.99505925178528
1780876768.5028045,1.468410097280302,-0.3593581899666949,0.2156328067023181,0.4786209210371144,49.01692533493042
1780876768.5231392,1.4669284494091468,-0.35850762174830825,0.21554941671359046,0.47779427661454577,49.03726005554199
1780876768.5465384,1.4654421187047815,-0.35760706138889786,0.21745893784042142,0.47691722525858005,49.06065917015076
1780876768.571731,1.4641004339131594,-0.35643978051099073,0.21979318462109096,0.4756516842195957,49.0858519077301
1780876768.5899045,1.4629492010852407,-0.35502148358356617,0.21979879370507968,0.4739817042936991,49.10402536392212
1780876768.6131556,1.4618002590980652,-0.353720673551742,0.21717966303588818,0.47245532452729755,49.12727642059326
1780876768.6351736,1.4605937293456552,-0.35247990037838073,0.2160246151168347,0.4710447629501706,49.14929437637329
1780876768.6583784,1.4593368014335224,-0.3512727546666282,0.21682173228083,0.4697164634811779,49.17249917984009
1780876768.683481,1.4579169942441095,-0.35038688855472944,0.21804731061903346,0.46887011317206717,49.19760179519653
1780876768.7024775,1.456250679977994,-0.350045976390842,0.2183333718711351,0.46882078046258346,49.21659827232361
1780876768.72455,1.4543929436062057,-0.35012180819967914,0.2181415755745559,0.46939095828840927,49.23867082595825
1780876768.7442052,1.4525778699225185,-0.35009518539691226,0.21879468665149038,0.46983222560421734,49.258326053619385
1780876768.7667027,1.45103653634329,-0.3495818157353486,0.21855040160269293,0.46954750048715255,49.28082346916199
1780876768.7879744,1.4497829110753961,-0.34855333133112143,0.21734692436961284,0.46849315097044464,49.30209517478943
1780876768.8096154,1.4486727032900915,-0.3472390353962227,0.21655694902810094,0.4670175768654419,49.3237361907959
1780876768.832856,1.4475453931606608,-0.3458964864550795,0.21764031396860586,0.4655249345313264,49.34697675704956
1780876768.853182,1.4463623734833262,-0.3446384646698147,0.219956900928143,0.46417149196355556,49.367302894592285
1780876768.8765657,1.4451231420434352,-0.3436097287235895,0.2199685483172934,0.4631307839085741,49.39068651199341
1780876768.89941,1.4437423507876217,-0.3429586690729195,0.21805641596260256,0.4626190109928716,49.4135308265686
1780876768.9201422,1.4422361616707104,-0.34254824184829963,0.21661361857022887,0.4624783440715401,49.43426299095154
1780876768.9429946,1.4407009985576429,-0.3421290733431381,0.2170537385612029,0.46235219077608036,49.45711541175842
1780876768.963056,1.4391664748706772,-0.34166084475885833,0.21913056480834062,0.4621748633693219,49.477176904678345
1780876768.985347,1.4378279502763929,-0.34085482523244004,0.22043276609198137,0.4614927546465566,49.499467849731445
1780876769.0085988,1.4366262808671126,-0.3399130397718884,0.21875872104064764,0.4605803495213774,49.522719621658325
1780876769.029292,1.4355473570500203,-0.338737125077923,0.2169736365325787,0.45932402962218255,49.543412923812866
1780876769.050825,1.434437427509988,-0.337556062298002,0.21702446606622777,0.45808547374760344,49.564945936203
1780876769.0710227,1.4332719608094662,-0.33643826892426765,0.2186309963181859,0.4569600778709759,49.58514356613159
1780876769.0929563,1.4319071155572778,-0.33577123240297213,0.21962430448841322,0.4564834635702306,49.60707712173462
1780876769.1171267,1.4303260891201988,-0.33560789594790813,0.2194545222820553,0.4567300837974919,49.63124752044678
1780876769.1412537,1.4287173578542347,-0.3355684823054807,0.21800130361848633,0.45715234623912515,49.65537452697754
1780876769.1670752,1.4272188356315398,-0.3352895043218038,0.2171018825421381,0.45724186404221356,49.681195974349976
1780876769.1897535,1.4258378460802652,-0.3347540000421942,0.21692191070330508,0.4569643023493608,49.703874349594116
1780876769.2133112,1.424639724292768,-0.33384979243240537,0.2169225719898154,0.4561552884927522,49.72743201255798
1780876769.2379284,1.423546397308255,-0.33270978393495493,0.21777198393503452,0.4550145312048661,49.75204920768738
1780876769.2580812,1.4225929131737263,-0.33128986491632084,0.218936679881901,0.4534684780020264,49.772202014923096
1780876769.2817872,1.4216626242222528,-0.32985484143003646,0.21968395305237268,0.4518958716762933,49.795907974243164
1780876769.304914,1.4205431200616256,-0.3288834925483049,0.21903208475748462,0.45097646730797614,49.819034814834595
1780876769.3245072,1.4192055594346398,-0.3284088416118087,0.21749065099051065,0.450769945008787,49.83862805366516
1780876769.3459542,1.4177902234075654,-0.3280546434643308,0.21712739814330667,0.45075968818072987,49.86007499694824
1780876769.3662229,1.4163480028702198,-0.3276936089961588,0.21856369009735677,0.4507622359278596,49.8803436756134
1780876769.3882592,1.4149995396520634,-0.3271472739818929,0.2202448017031387,0.4505014627197461,49.90237998962402
1780876769.4119763,1.4137922549955322,-0.326447755587754,0.2190261204560109,0.4499879514628171,49.92609715461731
1780876769.4306653,1.4127439777314548,-0.3254478192712116,0.21732488050190615,0.4490357123531874,49.944786071777344
1780876769.4538379,1.4116751851102305,-0.324424008510573,0.21736005378330717,0.4480701113303205,49.96795868873596
1780876769.4740791,1.4105685790392992,-0.32342233445670515,0.2190547492748824,0.44715657279876453,49.988199949264526
1780876769.4957023,1.409308076236565,-0.3227831228835335,0.22018591654736877,0.446757032882763,50.00982308387756
1780876769.518321,1.408009192637557,-0.3223545722420936,0.21855378727440175,0.4466299374775211,50.03244185447693
1780876769.5405192,1.406647841452311,-0.32204271176795013,0.21743399236777222,0.4466823065306684,50.05464005470276
1780876769.5633967,1.4052680153247097,-0.3217025039724031,0.21809086307098574,0.4467160678720976,50.07751750946045
1780876769.5839322,1.40401474096758,-0.32109252378362657,0.21915247851522923,0.44637225272086223,50.098052978515625
1780876769.60833,1.4030294316397887,-0.31998181101492584,0.21913547570226052,0.44529874996454755,50.122450828552246
1780876769.6313329,1.4022102958886302,-0.3185509384480113,0.2187543799077215,0.4437565282404057,50.145453691482544
1780876769.6525457,1.4012254804457014,-0.3174896863629045,0.2180437571146362,0.44273652739652825,50.16666650772095
1780876769.6731474,1.4000758779456441,-0.31678831232734705,0.2172928242357276,0.4422378024765159,50.18726825714111
1780876769.6934757,1.398868582479599,-0.31614859049474897,0.21815379202974308,0.44184901243107166,50.20759654045105
1780876769.7158504,1.397475132404198,-0.3159304357478891,0.218630648589631,0.4420569598903583,50.229971170425415
1780876769.7406652,1.396000675428729,-0.3158870394676456,0.21937638735315118,0.44252615628124303,50.254786014556885
1780876769.7637184,1.3947363062526443,-0.31543684876315825,0.2195063329686572,0.4424114367703975,50.27783918380737
1780876769.786047,1.3937323382275892,-0.31449316535191235,0.21853680730193298,0.44157986479188516,50.30016779899597
1780876769.8071473,1.3928230209901495,-0.3133378372307067,0.21807517496321532,0.44044664385122534,50.32126808166504
1780876769.8287969,1.391859342609508,-0.312246591688478,0.21898957553343118,0.439420142095579,50.342917680740356
1780876769.850478,1.3906989792756639,-0.311615188767938,0.21919109784333904,0.4390407315820717,50.364598751068115
1780876769.8702147,1.3893364827705232,-0.31146375396467196,0.21849628365669127,0.43933950342800454,50.3843355178833
1780876769.893432,1.3879296867602222,-0.31137298226541266,0.21880942064336914,0.4397439064679549,50.40755271911621
1780876769.913602,1.3867164326859973,-0.31089388181581984,0.21876002761445695,0.43959612894293887,50.4277229309082
1780876769.9371076,1.3857416092219161,-0.3099517919053253,0.21792230023914083,0.43877783307971363,50.45122838020325
1780876769.9597483,1.3847924716692308,-0.30891010352535364,0.21835737364149013,0.43782827804307445,50.47386908531189
1780876769.9798057,1.3837949147915622,-0.3079352833430721,0.21990310557435236,0.43698579472360954,50.49392652511597
1780876770.0020394,1.3827431976237767,-0.3071886374081869,0.21915047778473568,0.43644152587569085,50.51616024971008
1780876770.026245,1.381546523206681,-0.30678613877833333,0.21783885147717647,0.436384442458869,50.54036593437195
1780876770.0450225,1.3803157277655704,-0.3063929559691605,0.21815688421996499,0.4363624590007724,50.55914330482483
1780876770.0666702,1.3791045401846584,-0.30591391178140204,0.21975753265570555,0.43623465328145006,50.580790996551514
1780876770.0867455,1.378036790868173,-0.30522749114451864,0.2193044950964603,0.43578831125847284,50.60086631774902
1780876770.1094046,1.3770914682349205,-0.30433203949999943,0.21785624290933894,0.43503326175113255,50.62352538108826
1780876770.1322544,1.3761233969646902,-0.30341893652450264,0.21807056435107836,0.4342715202970382,50.64637517929077
1780876770.1520882,1.3750860180726714,-0.3026155674090129,0.2194307191418486,0.4336770116382489,50.66620898246765
1780876770.1764238,1.373869702075945,-0.30225983938562084,0.21964733169414846,0.43370751354351533,50.69054460525513
1780876770.1972015,1.3725955868442086,-0.30210797892966706,0.2183197929340655,0.43401415708383606,50.71132230758667
1780876770.2207327,1.3713224987764494,-0.3019035145739775,0.2182637610481376,0.43426618429844766,50.73485350608826
1780876770.242734,1.3702595215393285,-0.3012726667369764,0.21775465179161968,0.433908893439213,50.75685477256775
1780876770.2638767,1.3692559537378652,-0.30047978553305854,0.2182774244282352,0.43332673966587976,50.7779974937439
1780876770.2853522,1.3683849298884148,-0.2993976859402906,0.2190407639019401,0.4323410767552325,50.79947304725647
1780876770.3063016,1.3675608275095885,-0.29825030516477957,0.21927587018161596,0.4312460959682278,50.820422410964966
1780876770.3300014,1.366526221095522,-0.29761369917733294,0.2184647848157933,0.4308669149282567,50.84412217140198
1780876770.351489,1.3653662682879795,-0.2972480070286454,0.21791163543620468,0.43088280821663005,50.865609884262085
1780876770.3718138,1.3641778681495484,-0.2968784445684741,0.21905873320737704,0.43091306731611567,50.885934591293335
1780876770.394921,1.3630353647631608,-0.2964465532930025,0.21955442676405382,0.43084829279126247,50.90904188156128
1780876770.415115,1.362026743791941,-0.2958250567552998,0.2180477134015453,0.4304926968123741,50.92923593521118
1780876770.4362156,1.3610241893785398,-0.29513402075262984,0.21794403480542568,0.43005103201100603,50.95033645629883
1780876770.4586577,1.3600018776670344,-0.2944244101559794,0.219463884775411,0.4296008249350374,50.97277855873108
1780876770.4789448,1.3590221118181594,-0.2937153400862028,0.21908324110224758,0.4291299856205102,50.99306559562683
1780876770.5003018,1.35802699337192,-0.2930897530221185,0.21785917603996954,0.4287688091638344,51.01442265510559
1780876770.5205512,1.357002163004931,-0.2924586463416996,0.2183535863568041,0.42842012446372557,51.034672021865845
1780876770.543668,1.3559224161930814,-0.291919357934233,0.2197123261985208,0.42821054742061193,51.05778884887695
1780876770.567995,1.3548459975413716,-0.2914986100514083,0.21850478960603612,0.42814306261543944,51.08211588859558
1780876770.5885987,1.353755037098685,-0.2910815455084128,0.21812563405712276,0.4280904861901691,51.10271954536438
1780876770.6105182,1.3526763265105057,-0.29058421637285137,0.2191069162384983,0.4279403685012788,51.12463903427124
1780876770.6307478,1.351811787335243,-0.28966212468368535,0.21928778787254485,0.4271751502016503,51.14486861228943
1780876770.6520028,1.3510083498250798,-0.28866039748333466,0.21850590708147227,0.42627821939969124,51.16612362861633
1780876770.6733832,1.350080933420214,-0.2879227151371697,0.21804966665828604,0.42576202109085415,51.187504053115845
1780876770.6934738,1.3490429153680452,-0.2874085985307273,0.21820645094434885,0.42557348524729743,51.20759463310242
1780876770.7155738,1.347895206666092,-0.28712505190168425,0.2188716898965913,0.42572300134074226,51.22969460487366
1780876770.7399576,1.34666883471191,-0.28703226448238056,0.21936049998102902,0.4261473098419053,51.25407838821411
1780876770.7574015,1.3456572655913706,-0.2865193971889502,0.21886251920734595,0.42596229514620276,51.27152228355408
1780876770.7815702,1.3448023983970014,-0.28567830641381464,0.2181997900354423,0.42529863857789785,51.29569101333618
1780876770.8026078,1.3439224607188336,-0.2848302909178154,0.21910710239345663,0.42464005398342586,51.316728591918945
1780876770.825405,1.342931664555785,-0.28426169737599033,0.2194320818461151,0.424374947931053,51.33952569961548
1780876770.8482099,1.341842040752322,-0.28398824920891996,0.21833236075218193,0.4245186516875439,51.36233067512512
1780876770.8663695,1.3407178480230082,-0.28373633700495343,0.2186121040942838,0.42471235401013985,51.38049030303955
1780876770.891204,1.3397459249890444,-0.28315608526245045,0.21884114986787528,0.424437430350304,51.405324935913086
1780876770.91182,1.3389625496223179,-0.28219215511072865,0.21859045142897715,0.42359889850409704,51.42594075202942
1780876770.939366,1.3381225702352235,-0.2813237265819497,0.21917789480136465,0.42290154360315224,51.453486919403076
1780876770.9619744,1.3370842116664405,-0.28094915737856196,0.21877588054749952,0.4229041388065973,51.47609519958496
1780876770.982104,1.335940773857082,-0.2808058857004588,0.2186890446193227,0.42324971121606403,51.496224880218506
1780876771.0054605,1.3349086063364284,-0.28040616782174443,0.21891386098447613,0.42323407227837784,51.51958131790161
1780876771.0259116,1.3340966929131235,-0.2795640354310193,0.21834361673728747,0.4225661338836648,51.540032386779785
1780876771.0486212,1.3332907811999168,-0.27866426469820116,0.21896137808040103,0.42182251787533787,51.56274199485779
1780876771.0709295,1.332329992732643,-0.27813243218984773,0.21925658136902,0.4216040056842507,51.58505034446716
1780876771.0909886,1.3311952755820353,-0.27803494422256436,0.21877143270311836,0.42200938901829765,51.605109453201294
1780876771.1161704,1.3301653648100606,-0.2777160776292126,0.21816802755766213,0.4220992852376231,51.630291223526
1780876771.138049,1.3292043456607567,-0.2772162128579859,0.21836176290735568,0.4219326267565311,51.652169704437256
1780876771.1628752,1.328381420183685,-0.27641451821404117,0.21865032896437256,0.4213263760793282,51.67699599266052
1780876771.18496,1.3276179311807732,-0.2754817239911416,0.21907621514566683,0.42052886077093454,51.6990807056427
1780876771.2063906,1.32672965130544,-0.2748946747089037,0.21828935620757875,0.4202155251757471,51.7205114364624
1780876771.2283962,1.3257737698206624,-0.27442200878228995,0.21852619734435683,0.4200834248422991,51.74251699447632
1780876771.2482936,1.3247343944642533,-0.2741235468951703,0.21917573971653723,0.42020707490365083,51.76241445541382
1780876771.2710803,1.3237333276031211,-0.27382271827285465,0.2182943943646832,0.4203135996619025,51.78520107269287
1780876771.2947955,1.3227558900027392,-0.2734217926581529,0.21860122609394975,0.4202872254221752,51.808916330337524
1780876771.3169708,1.3219614063058147,-0.2726388783222443,0.21850596379549178,0.4196982268540008,51.83109164237976
1780876771.340026,1.321165596535259,-0.27183116128962537,0.21924823883868208,0.4190749930517317,51.85414671897888
1780876771.3603423,1.320224149565677,-0.27141005476674374,0.2188704065649491,0.4190022845459058,51.87446308135986
1780876771.3843737,1.319179505368316,-0.2712299067798672,0.2185665922282709,0.4192866653981948,51.898494482040405
1780876771.4090564,1.3182587471934837,-0.2707672293503385,0.21844347671150455,0.4191655136473882,51.92317724227905
1780876771.4289582,1.317458058024148,-0.2700391779003685,0.21852245796579056,0.4186496012446055,51.94307899475098
1780876771.4515097,1.316651435428199,-0.2693064330838713,0.21912319145440876,0.4181321566274505,51.965630531311035
1780876771.4755032,1.3157992930826417,-0.2687603879029656,0.21820160733452656,0.4178673138905431,51.9896240234375
1780876771.497258,1.3149068805960848,-0.2682472198242837,0.21871546364304545,0.4176682480637739,52.0113787651062
1780876771.520474,1.3139231532055908,-0.267961577912054,0.2188828950792549,0.41779833846816317,52.034594774246216
1780876771.5406857,1.3129573118465205,-0.2676836053285801,0.21835050443436615,0.4179318454615757,52.05480647087097
1780876771.5642717,1.312064698019424,-0.2672131870221705,0.2185101905519366,0.41779394035439665,52.07839250564575
1780876771.587686,1.3113128831365983,-0.2664395094049797,0.21864762832001958,0.41720254322579553,52.10180687904358
1780876771.606485,1.3105298660691078,-0.2657306212540874,0.2190535610339387,0.4167063749508966,52.12060570716858
1780876771.630585,1.309637185722031,-0.26534343728965853,0.2181368918627038,0.4166676762939847,52.1447057723999
1780876771.6510859,1.3087002764598725,-0.2650036940414497,0.21855236668626152,0.416715987846187,52.16520667076111
1780876771.6744063,1.3077971735190435,-0.2645885816414325,0.21908932911353352,0.41665468595361155,52.18852710723877
1780876771.6963308,1.3070058379016505,-0.26400896009621017,0.21804746875003936,0.416330650768975,52.21045160293579
1780876771.7160246,1.3062020673863386,-0.26339590629470666,0.21850860329117422,0.41597086045003806,52.23014545440674
1780876771.7390504,1.3053412606312749,-0.2629114453815602,0.21913535872800285,0.4158011150719201,52.25317120552063
1780876771.7592564,1.3044549184832375,-0.2625766689262424,0.2181035349919724,0.4158328544007812,52.27337718009949
1780876771.7817056,1.3035406811852697,-0.2622427174551167,0.21859016638239845,0.41588356174897356,52.29582643508911
1780876771.8042326,1.3027554324397388,-0.26162568297599853,0.21903464839726328,0.4155161933536924,52.31835341453552
1780876771.824721,1.3020658497138853,-0.26085689137283974,0.21839084525888933,0.4149042063265487,52.338841915130615
1780876771.8472137,1.3012733743752707,-0.260307581530932,0.21817239165961297,0.41461831977319896,52.361334562301636
1780876771.867883,1.300389589651576,-0.2599473565650896,0.2185982608218564,0.41462257241023615,52.38200378417969
1780876771.8909874,1.2993960464586671,-0.2598544205843171,0.21881897238004513,0.41502218506601984,52.40510821342468
1780876771.9125936,1.2985621862444556,-0.259449257667224,0.21819752971483636,0.414950360079521,52.4267144203186
1780876771.9341135,1.2977670569013497,-0.2589205231308831,0.218579520787787,0.4146994744053609,52.44823431968689
1780876771.9579546,1.2970568388957748,-0.25821636001170245,0.21870181176251133,0.4141848843168763,52.47207546234131
1780876771.9793224,1.2963367058087294,-0.25757516205207814,0.21830121211176806,0.4137535655238498,52.49344325065613
1780876772.0024042,1.2955088372164136,-0.257162645372766,0.21835630877336815,0.4136643699588092,52.51652503013611
1780876772.0258226,1.2945850846593785,-0.25696182575864507,0.21885150173019235,0.413899524252324,52.53994345664978
1780876772.0458379,1.293743057107743,-0.2566163477009276,0.2185857314937051,0.4139124567408272,52.559958696365356
1780876772.0692852,1.2930062732250351,-0.25604696779974956,0.21829559002219168,0.4135836665167778,52.5834059715271
1780876772.0900962,1.292238506058121,-0.255506290143593,0.21902774765883673,0.41330780169615355,52.60421705245972
1780876772.112662,1.2914517947432793,-0.2550957613237539,0.2181799431077682,0.4132063348403303,52.62678289413452
1780876772.1339304,1.2906328729066003,-0.2547040590899245,0.2187114304100392,0.4131482946441025,52.648051261901855
1780876772.1541305,1.2898448474148476,-0.25428275122858535,0.21849413368555642,0.41303756840470207,52.668251276016235
1780876772.176302,1.2890803499615775,-0.2538243982520567,0.2182412429004629,0.4128670924463549,52.690422773361206
1780876772.2003684,1.288305322230934,-0.25334725645134526,0.21902750094926954,0.4126797548263337,52.714489221572876
1780876772.2185147,1.2875621582098125,-0.25289071630891174,0.21809858322773604,0.41250094090703193,52.732635498046875
1780876772.2409225,1.2867946803852623,-0.25243488536644065,0.21854552015221923,0.4123375226280679,52.755043268203735
1780876772.2621844,1.2860054091842137,-0.2520524780037626,0.21861053692614388,0.41227846940547863,52.776305198669434
1780876772.2836175,1.2852174154718667,-0.2517084447164918,0.2181377246217844,0.41226879398682126,52.79773831367493
1780876772.3070161,1.284437212758851,-0.25129239200770176,0.2189618647325889,0.4121670738173959,52.82113695144653
1780876772.327519,1.2837650804240242,-0.25071078007975633,0.21825438175719267,0.4117946341316099,52.84163975715637
1780876772.3502998,1.2830825425336998,-0.25012188074854436,0.21845055952384687,0.4114186110252849,52.864420652389526
1780876772.3711014,1.282262362304256,-0.24985881360135154,0.2185588749293612,0.4115265421861709,52.88522219657898
1780876772.3957694,1.281387263768203,-0.2497415059141967,0.2185021686476525,0.4118594880005695,52.90989017486572
1780876772.4173446,1.2806814314484587,-0.24926243524293795,0.21810224976325318,0.4116403810195006,52.93146538734436
1780876772.437484,1.2799958721171503,-0.2486906901919541,0.2188673433662463,0.4112927322453199,52.95160484313965
1780876772.4599185,1.2793591973933434,-0.24808523060803317,0.21817936431859697,0.41087231106685174,52.97403931617737
1780876772.4804633,1.2786729894294595,-0.24756205709666979,0.21838849100063412,0.41058511887907123,52.99458408355713
1780876772.5034382,1.277844822093651,-0.2473793223440982,0.21844442912656187,0.41080506161813,53.01755905151367
1780876772.5273402,1.276992012611518,-0.24725830770537707,0.2186237023776203,0.41112610824452567,53.04146099090576
1780876772.550072,1.2763352665672842,-0.24672715681381396,0.21817024414321076,0.41081851190295815,53.06419277191162
1780876772.572663,1.2756864251753008,-0.24613321478355238,0.2188676196837538,0.4104233551840917,53.08678388595581
1780876772.5929217,1.2749877226303772,-0.24571937519656128,0.2183501842368734,0.4102831698193352,53.10704255104065
1780876772.6151044,1.2742292172366179,-0.2454257730652814,0.21846713596876363,0.4103320214543107,53.12922525405884
1780876772.639003,1.2735002903544155,-0.2450655813102443,0.21864846363794355,0.4102822556179575,53.15312385559082
1780876772.6603858,1.2728474379610488,-0.24457892954331323,0.21811680159256366,0.41002887950343414,53.17450666427612
1780876772.6838286,1.2721580276924624,-0.24411744420195658,0.21896687184287358,0.40982640385037783,53.19794940948486
1780876772.7052226,1.2714425565056189,-0.24380192483343452,0.2182024883430855,0.40982488844403964,53.219343423843384
1780876772.728836,1.2706997580586101,-0.24351707272928605,0.21835299587095205,0.40987875802958484,53.24295687675476
1780876772.7510974,1.2700200476415078,-0.24307778689029946,0.2187972316322788,0.4097043376974039,53.26521825790405
1780876772.7721536,1.2694257330989225,-0.24250147914538356,0.21830992784884826,0.4093073775163445,53.286274433135986
1780876772.7952993,1.2687504964061378,-0.24208068970170107,0.21857236383692777,0.409148171716768,53.309420108795166
1780876772.8160915,1.2679382221879578,-0.24200002081527927,0.21857307341731683,0.40950132503764713,53.330212354660034
1780876772.840463,1.2672538290475894,-0.24163277677691647,0.2185206558231469,0.40942647986566794,53.354583740234375
1780876772.8648665,1.2666962491902622,-0.24098476651237438,0.21849741460978309,0.40891959134314604,53.378987312316895
1780876772.8851757,1.2660276851107186,-0.24058491992654527,0.2187462934387274,0.4087841031360657,53.3992965221405
1780876772.9058516,1.26522000648792,-0.2405415447602562,0.2184887985057625,0.40918467092130584,53.41997241973877
1780876772.9302793,1.2645483044058854,-0.24019974625251053,0.2180628469393529,0.40913498909763657,53.44440007209778
1780876772.9482095,1.2639175160103315,-0.23972596220126977,0.21861359931301427,0.4088936427339682,53.46233034133911
1780876772.971374,1.2633972187899676,-0.2390379412239348,0.21846502781382293,0.40831606784044716,53.48549485206604
1780876772.991879,1.26278064338691,-0.23859100950232046,0.2181776832196077,0.40809900761634754,53.50599980354309
1780876773.0152402,1.2620644574731668,-0.23835280091183436,0.2184376303204955,0.40819866927397896,53.52936100959778
1780876773.0365467,1.2612726641211396,-0.23829808891753812,0.21876213119958218,0.4085813050457645,53.55066752433777
1780876773.057937,1.2606782225929425,-0.23782666594797444,0.21840503975771733,0.4083283816475163,53.57205772399902
1780876773.0803912,1.2601549529385931,-0.23717720377373183,0.21855496065858465,0.40780403418305866,53.59451198577881
1780876773.1006346,1.2594881744908513,-0.23687477993319425,0.21849144681548677,0.40779546118257315,53.614755392074585
1780876773.1219857,1.2587136824349947,-0.23682704791757794,0.21856655070072614,0.40817655805542064,53.63610649108887
1780876773.1437979,1.2580820073468952,-0.23645822855310478,0.21853979519778902,0.4080767614028904,53.65791869163513
1780876773.1644325,1.2575882009655084,-0.23578661755935498,0.2184236799413451,0.4075117251641025,53.678553342819214
1780876773.1875458,1.256983191594771,-0.235363657673036,0.2185799810434348,0.4073176635503053,53.701666593551636
1780876773.2079222,1.2562296878957513,-0.23531571312290775,0.21832384452691883,0.4076857084976213,53.72204303741455
1780876773.2326708,1.255528960587669,-0.23511920677083153,0.21873619783368972,0.40784249364809355,53.74679160118103
1780876773.2557507,1.2550392053880988,-0.23448304731124864,0.21832420592169238,0.4073248032501793,53.76987147331238
1780876773.2773938,1.254528481264246,-0.23387298860990233,0.21852300135510155,0.40684498511319056,53.79151463508606
1780876773.3012202,1.2538501259319819,-0.23368944955626,0.21810452120598384,0.40699882555898714,53.815340995788574
1780876773.3210454,1.2531279810189895,-0.23355935001958028,0.21888186632121054,0.4072488998177768,53.835166215896606
1780876773.3433044,1.2524954867483438,-0.23328408367663614,0.2184440932618067,0.4072682641056051,53.85742521286011
1780876773.3664052,1.2519492360895796,-0.23281766118583447,0.21807636215560752,0.40699508635887227,53.880526065826416
1780876773.388654,1.2513710158735365,-0.23236588233872937,0.2190575802269177,0.40675761302976543,53.902774810791016
1780876773.4150908,1.2507732230926767,-0.23205653564286424,0.2181803487738062,0.4067105681050709,53.92921161651611
1780876773.4349463,1.250130652961695,-0.2318208772177313,0.21811869676810183,0.40678331344847507,53.94906711578369
1780876773.4577801,1.2494982051637913,-0.23151826130344666,0.219068576056182,0.4067672427691331,53.971900939941406
1780876773.4821658,1.2489595652448364,-0.2310996114336232,0.2180978441737966,0.40655342242317793,53.99628663063049
1780876773.5027647,1.248417119158221,-0.23063895586038272,0.2183457580429138,0.4062876945788503,54.01688551902771
1780876773.5245266,1.2477939217822964,-0.23035067925079164,0.21899686455659295,0.4062812138923739,54.038647413253784
1780876773.544692,1.2471285019673097,-0.23024232821502544,0.21817429121266735,0.4065273849638782,54.058812856674194
1780876773.5662346,1.2464673187653186,-0.2300719299881348,0.2185339671123851,0.4066964140067748,54.080355405807495
1780876773.5883467,1.2459941088692819,-0.22949815356825962,0.21834180825516852,0.40625528210754513,54.10246753692627
1780876773.611022,1.2455199917177295,-0.22890112277940264,0.21883474595779415,0.40577896185850193,54.12514281272888
1780876773.634354,1.2448704478426957,-0.22875695169584723,0.2185261829278524,0.40596758074380546,54.14847493171692
1780876773.6568735,1.2441674590702536,-0.22872499977193733,0.21862778938010372,0.4063341463408756,54.1709942817688
1780876773.6762497,1.2436445611833142,-0.22830271221793177,0.2182438922367014,0.4061126814898355,54.19037055969238
1780876773.7009485,1.2431473164179212,-0.22777874980205107,0.2189064863714496,0.40574553297407334,54.21506929397583
1780876773.721774,1.2426184218949068,-0.2273857803587921,0.21844407360485096,0.4055580045909597,54.23589491844177
1780876773.7440057,1.2420192141894775,-0.22714906830486664,0.2183527904390582,0.4056084438892569,54.25812649726868
1780876773.7667346,1.241408153988941,-0.22690901904070346,0.21894765307492686,0.4056611724978936,54.28085541725159
1780876773.786901,1.240853544669384,-0.22661464202561057,0.21814842985407928,0.4056161408591379,54.30102181434631
1780876773.8094792,1.2402818667787296,-0.2262925024878294,0.21886933765023533,0.40554522990676123,54.32360005378723
1780876773.830266,1.2397615693424562,-0.22590750586739552,0.21846729279332902,0.40536747558600794,54.34438681602478
1780876773.8512244,1.239237665540453,-0.22552375317993617,0.21842567044898994,0.40519333888956055,54.36534523963928
1780876773.8736696,1.2386519189844283,-0.22525805072472332,0.2189592015505922,0.405198661164504,54.38779044151306
1780876773.8938758,1.2380436273086253,-0.22510664636636993,0.21842459313328272,0.40536142231241534,54.4079966545105
1780876773.9155982,1.2374816641192563,-0.2248087618604108,0.21873565794591657,0.4053200670560475,54.42971897125244
1780876773.9360938,1.237050569431411,-0.2242238944223923,0.21882401808160432,0.4048445013388875,54.45021462440491
1780876773.958958,1.2364733589307957,-0.22400331921497904,0.2185027749798586,0.4048997260602061,54.47307872772217
1780876773.9808133,1.2358336108789651,-0.2239037355719023,0.21884805275019775,0.40514604422237177,54.49493408203125
1780876774.0021358,1.2353628710153866,-0.2234334872155783,0.2187720711068804,0.4048417468129131,54.51625657081604
1780876774.0262086,1.2349101588288833,-0.22294160165561608,0.21840124086393808,0.40449252547396597,54.540329456329346
1780876774.0469687,1.2343571287758364,-0.2226647830741938,0.21850900331842987,0.40446606016362274,54.561089515686035
1780876774.0680962,1.23371307740453,-0.22258894105380814,0.21898740619529167,0.4047424234766481,54.58221697807312
1780876774.0915432,1.2331594405457114,-0.22235450438380164,0.21847169819964105,0.4047758712139782,54.605664014816284
1780876774.111911,1.232638451432048,-0.22200295112729362,0.21893737133618416,0.40464382404801746,54.62603187561035
1780876774.1360593,1.2321743284479458,-0.22156033518058005,0.21859176190189905,0.40436676721591613,54.65018010139465
1780876774.1565642,1.2316474533714499,-0.22124954785993395,0.2186594585496452,0.40428449451656157,54.670685052871704
1780876774.1799788,1.2310373645501933,-0.22112534853888463,0.2189912666316683,0.4044823689370407,54.69409966468811
1780876774.2027037,1.2305222490017929,-0.22082183114189102,0.21856006714962853,0.40440909561674765,54.716824531555176
1780876774.2266922,1.2300214524396929,-0.2204468146969519,0.21895996475806911,0.40423731842822885,54.74081301689148
1780876774.2488298,1.2295258098401853,-0.22009865453698538,0.2187204744784699,0.4040952784520542,54.76295065879822
1780876774.2691562,1.2289418926911626,-0.21994043528070664,0.21882685471181962,0.4042345680154824,54.78327703475952
1780876774.291085,1.2283883880426874,-0.21973200872213028,0.21864221471202555,0.40429994621736753,54.80520582199097
1780876774.3139372,1.2279212565103457,-0.21930497734625432,0.2188895889711313,0.4040478656206119,54.82805800437927
1780876774.3341227,1.2274219112923297,-0.21897557864366465,0.21871380895379613,0.40392884006354457,54.84824347496033
1780876774.3558378,1.2268680856314638,-0.21875609447983502,0.21902092038647114,0.40397946339659363,54.8699586391449
1780876774.3795357,1.2263760601198184,-0.21842458696943742,0.21874564756898698,0.4038584906602569,54.893656492233276
1780876774.4026117,1.2258499058063796,-0.2181592344553342,0.21878503091429513,0.40383515617028376,54.91673254966736
1780876774.4241204,1.2253034511267316,-0.21794167979010934,0.21895962088947235,0.4038850221909005,54.93824124336243
1780876774.4460392,1.224869956574409,-0.21747855919491707,0.2187733911715922,0.40357041481534583,54.96016001701355
1780876774.4678147,1.2243659466242947,-0.21717977841465666,0.21870916883196745,0.4034936949130836,54.98193550109863
1780876774.4907198,1.2237774919167788,-0.2170632581076547,0.21902342296827187,0.4036888742751872,55.0048406124115
1780876774.5106676,1.223314451926392,-0.21668372420395451,0.2187894598627584,0.4034962562309099,55.02478837966919
1780876774.535529,1.2228073090620517,-0.2163998862810226,0.21876447472075902,0.40343801967536663,55.049649715423584
1780876774.556059,1.22223984834803,-0.21624699399571834,0.21905969659409089,0.4035799006277987,55.07017970085144
1780876774.5790384,1.221816089702047,-0.21578718568092337,0.21880124913039667,0.4032665570345024,55.093159198760986
1780876774.6074111,1.221321766672469,-0.2154884787788211,0.21869324857687344,0.4031845056467045,55.12153196334839
1780876774.626897,1.2207324268734463,-0.2153971820245285,0.2189610349134998,0.40340967175927567,55.14101791381836
1780876774.6513588,1.2202390135443413,-0.2151091369761775,0.21872961314042608,0.40334659913065174,55.16547966003418
1780876774.6738966,1.2197760056971116,-0.21472980177529713,0.2189529999204942,0.4031512981525047,55.18801736831665
1780876774.6957927,1.2192852432175407,-0.21443964426820264,0.21882437453648199,0.40308064358866513,55.20991349220276
1780876774.719214,1.2187370621644167,-0.21427823494001408,0.2188016486462653,0.40319751742734944,55.23333477973938
1780876774.7391918,1.2182085446278608,-0.21407622890577077,0.2187612732394156,0.4032591567242818,55.25331258773804
1780876774.7623146,1.2177664489881408,-0.21365900027188744,0.2190611978514051,0.40300765736456423,55.27643537521362
1780876774.7819982,1.2173088174522364,-0.21331252348886548,0.21871962317224763,0.40284921583262445,55.29611897468567
1780876774.8042746,1.2167607435637848,-0.21315283146471506,0.21894069076787578,0.40296628604921825,55.318395376205444
1780876774.828384,1.2162180507307803,-0.21300877024649983,0.21865818191491407,0.4031067855441597,55.34250473976135
1780876774.8501823,1.2157593805935276,-0.2126480964210288,0.2188336136652011,0.40293644378229576,55.36430311203003
1780876774.8731773,1.2153195390974254,-0.21224437401930596,0.21905411672244723,0.4026964282308221,55.38729810714722
1780876774.8932571,1.2147477708933168,-0.21217213525503492,0.21889975158250477,0.4029371003116342,55.40737795829773
1780876774.915966,1.214286764101239,-0.2118420315610217,0.21875840923716935,0.40280517779174474,55.430086851119995
1780876774.9393349,1.2138420447855889,-0.2114624669198494,0.2188621983764904,0.4026009866136633,55.453455686569214
1780876774.959314,1.2133759998946152,-0.21114424635101217,0.21888400796660112,0.4024835723111959,55.473434925079346
1780876774.9827948,1.2128082065559889,-0.21106696897328833,0.21883123048372696,0.40271398208887454,55.49691557884216
1780876775.0030913,1.2122762036668362,-0.21091986494947407,0.2185978734683921,0.4028444869216532,55.51721215248108
1780876775.0297434,1.2118336782132326,-0.21054465386763352,0.21878757258781517,0.40264775080340875,55.543864250183105
1780876775.0529933,1.211428431991041,-0.21008331244023043,0.2189930644767847,0.4023208209258975,55.56711411476135
1780876775.074796,1.2109103232174918,-0.20991659807768023,0.21869408026565995,0.40241601039594244,55.58891677856445
1780876775.098557,1.2103926504171303,-0.20971772656449802,0.21903250888768291,0.402474270130214,55.612677812576294
1780876775.1218348,1.209944992371155,-0.20939547799057442,0.218663632924017,0.40234364074694007,55.635955572128296
1780876775.1423726,1.2094724037697246,-0.20909218640880176,0.21909092999371535,0.40224819287823266,55.65649342536926
1780876775.1657083,1.2089877897276355,-0.20886831505115647,0.21860028816289448,0.4022566053927372,55.679829120635986
1780876775.1860678,1.2084889201111828,-0.208628744427378,0.21911669810457768,0.40225401566917185,55.700188636779785
1780876775.2092304,1.208025907995274,-0.2083627405241838,0.21855162871285325,0.4022001859299209,55.72335124015808
1780876775.2325315,1.207543221563349,-0.20808454767108453,0.2192236064819521,0.402141386709455,55.746652364730835
1780876775.2538493,1.2070857816440812,-0.20781785060589067,0.21849590524547122,0.4020835077851199,55.76797008514404
1780876775.2801666,1.2066048996497067,-0.20754832439241916,0.21905979436621986,0.40203380243458753,55.79428744316101
1780876775.3008525,1.2061146256981663,-0.20734733356529214,0.21864893287719694,0.40207399068174965,55.8149733543396
1780876775.3230777,1.2056232026951765,-0.20712675343168052,0.21884830597615332,0.4020905016119407,55.83719849586487
1780876775.3450725,1.205175502889603,-0.20681224623394515,0.21882372873372052,0.4019703393104539,55.859193325042725
1780876775.3673007,1.2047568582558248,-0.20644522046891375,0.2186352177216673,0.40176874248651195,55.88142156600952
1780876775.3904283,1.204249312274815,-0.20625526039772513,0.21910307899853468,0.4018269684763238,55.90454912185669
1780876775.4112983,1.2036812873099614,-0.20625484257085114,0.21866659761763604,0.4021564761906937,55.925419092178345
1780876775.4335384,1.2032055429682467,-0.2060243883614388,0.2185667698535989,0.40215489003134053,55.9476592540741
1780876775.4559314,1.202816014122575,-0.2055722542470237,0.21892762794973736,0.4018351747833684,55.97005224227905
1780876775.4768612,1.2024202151477972,-0.20515427593580987,0.21889602590979726,0.40155537388573226,55.99098205566406
1780876775.5007336,1.201907413748485,-0.20502723569970202,0.2186832798313306,0.40169757604156153,56.014854431152344
1780876775.522225,1.2014012202444813,-0.2048584310729624,0.21899370127173176,0.40178712154784346,56.03634572029114
1780876775.5456967,1.2009762075321413,-0.20453685216470632,0.218659178658029,0.4016452668675594,56.05981755256653
1780876775.5681782,1.2005210256969887,-0.20425034352196025,0.21903907191831426,0.4015608510321993,56.08229899406433
1780876775.5891302,1.200037868395555,-0.20407740276695352,0.21858398313145144,0.40163088317418083,56.1032509803772
1780876775.6115646,1.1995646265418658,-0.20383190772902954,0.21913648326171012,0.40160873959875154,56.12568545341492
1780876775.6321008,1.1991654274689056,-0.2034688102168221,0.2186296401531999,0.4014018285669483,56.14622163772583
1780876775.6530526,1.1987023085857376,-0.20321519779992084,0.21899333850974226,0.4013591197970925,56.16717338562012
1780876775.6750903,1.1981513297868505,-0.2032025976807417,0.21870988626013485,0.4016653159572705,56.18921113014221
1780876775.6957555,1.1976873058360367,-0.20297406876135046,0.21875139922999204,0.4016592776983394,56.20987629890442
1780876775.7180033,1.1973135038336493,-0.20252206265681497,0.2190579866619791,0.4013295180880707,56.2321240901947
1780876775.7381308,1.1968718096244,-0.20226971599126858,0.2186139646443188,0.4012776054205256,56.252251625061035
1780876775.7637858,1.1963772915273083,-0.20209871746606808,0.21912787479263773,0.40135663267696486,56.27790665626526
1780876775.7877536,1.1959244341187247,-0.2018846116638901,0.2185596045402202,0.40136193896713745,56.30187439918518
1780876775.808267,1.1954722842260868,-0.20161785746721936,0.219117742676986,0.401301125498696,56.32238793373108
1780876775.830219,1.1950575125445069,-0.2013220483557893,0.21849999899294753,0.40118426013768804,56.3443398475647
1780876775.8555567,1.1946174940685845,-0.2010352513429421,0.21902497841590768,0.40109060141379427,56.36967754364014
1780876775.8722835,1.1941243522867002,-0.2009175139822845,0.2186635081676979,0.4012340780336032,56.386404275894165
1780876775.8966317,1.1936334445460595,-0.20077121282744317,0.2188848264139111,0.40134427452064525,56.41075253486633
1780876775.9170482,1.1932813244823723,-0.20031100751767295,0.2188934008116483,0.4009917764485902,56.43116903305054
1780876775.9380255,1.1928189319680065,-0.2001245337103958,0.21867243982444853,0.4010313764244362,56.45214629173279
1780876775.959577,1.1923210984076609,-0.19999561735718493,0.21904620343038875,0.4011656788502389,56.473697900772095
1780876775.9812782,1.1919310516252275,-0.19965247004557132,0.218709312717082,0.4009782750281019,56.4953989982605
1780876776.0041747,1.191473644908928,-0.1994397101513417,0.21897729242006167,0.40098180060046484,56.51829552650452
1780876776.0249395,1.1909679950391134,-0.1993737128905056,0.2186495104537211,0.4011994255532585,56.53906035423279
1780876776.047438,1.1905506653092688,-0.19908373356350875,0.21872494987965832,0.4010921866149726,56.56155872344971
1780876776.069126,1.1901854028075471,-0.1986664960298551,0.21892376505717884,0.40079620600211285,56.58324670791626
1780876776.0890534,1.1897115683967667,-0.19852882020083099,0.2187618306316936,0.4009042548609578,56.60317420959473
1780876776.1109405,1.1892650182812556,-0.19831993980982052,0.21874484843426398,0.4009129301626908,56.62506127357483
1780876776.1311412,1.1888507627753337,-0.1980295669532056,0.21898104455795564,0.4008002852562882,56.645262002944946
1780876776.1538656,1.1883958268605925,-0.19786045741806862,0.2187147383414597,0.40086012857164643,56.66798639297485
1780876776.1747959,1.1879747730254402,-0.1975936126510885,0.21887233661857938,0.4007838145795173,56.68891668319702
1780876776.1948953,1.1875779470323482,-0.1972902708462418,0.21872412100995653,0.40064458209045917,56.70901608467102
1780876776.2158926,1.1870911563076785,-0.19718311935044058,0.21894017783632877,0.400797853456738,56.730013370513916
1780876776.236102,1.186678085518967,-0.1969258948885856,0.2187682659690481,0.40072841210981913,56.75022292137146
1780876776.2588606,1.1862660393531825,-0.19666340557119666,0.21867733171560633,0.4006488585136614,56.77298140525818
1780876776.2805672,1.1858230641457757,-0.19646004097242134,0.21898153758425443,0.40065965664091685,56.7946879863739
1780876776.300538,1.1853828547057088,-0.19627864408213527,0.21878305625146433,0.4006971557937824,56.814658880233765
1780876776.3245666,1.1849936082344334,-0.19597197171446784,0.21871871144144756,0.4005525785319355,56.83868741989136
1780876776.344632,1.1845679618334641,-0.1957509908946416,0.2187531448242888,0.400529468207135,56.858752727508545
1780876776.3689525,1.184115786401531,-0.1955899781308073,0.2189159687216367,0.400601969964514,56.88307332992554
1780876776.3919008,1.1837508405191326,-0.19524589422204008,0.2187014225541454,0.40039467459678235,56.90602159500122
1780876776.4124973,1.183286309059954,-0.19512267113540283,0.21884104766369242,0.4005146197092486,56.92661809921265
1780876776.4346023,1.1828834875276193,-0.19486715945723668,0.21876446010881814,0.40044320900126174,56.94872307777405
1780876776.4547505,1.182484025006598,-0.1946084057570936,0.21869662814847068,0.4003593208618952,56.96887135505676
1780876776.4765372,1.1820024527202118,-0.19453748849034416,0.2187886076998389,0.4005562270430332,56.99065804481506
1780876776.5005763,1.1815975513899848,-0.19429577098999778,0.21880517805849486,0.4005000978956623,57.01469707489014
1780876776.5202827,1.1812408526335798,-0.19394948158009948,0.21865926522667953,0.4002859890415653,57.034403562545776
1780876776.542452,1.1808078449971124,-0.1937807575149312,0.2186709398623514,0.40033204946309997,57.056572914123535
1780876776.5660236,1.1803594809635534,-0.19364577034023722,0.21878567390563874,0.4004340791433725,57.08014440536499
1780876776.5857055,1.1800027947324125,-0.19330852504422294,0.21875758743155743,0.4002304268217731,57.09982633590698
1780876776.6077275,1.1795403635928732,-0.1932229320421547,0.2187039814790604,0.4003961592974363,57.121848344802856
1780876776.627856,1.1791019613667075,-0.19308988770272142,0.21858345315073402,0.40049487509411374,57.141976833343506
1780876776.6500876,1.178754380345618,-0.1927274841303841,0.21883916058901268,0.40025691661065643,57.16420841217041
1780876776.6758196,1.1783677251274047,-0.19248537557091888,0.21857769827152554,0.4001845320224451,57.189940452575684
1780876776.6970735,1.1779288830920989,-0.1923430516170388,0.21890231361344167,0.4002703378317758,57.21119427680969
1780876776.7208152,1.177551502156548,-0.19208843587888028,0.21867158073524334,0.4001817643076562,57.234935998916626
1780876776.7410772,1.1771469117093367,-0.1918902973970101,0.21863092006357857,0.4001765798533272,57.25519800186157
1780876776.764389,1.1767333719091169,-0.19170547495955126,0.2188648068895167,0.40019601611616373,57.278509855270386
1780876776.7862952,1.176386029842817,-0.19138706696358693,0.21872376576076166,0.40000897573249006,57.300415992736816
1780876776.8081484,1.1759374319032014,-0.1913016646561076,0.2188044429261378,0.40016947858493523,57.32226920127869
1780876776.8319778,1.1755685952959487,-0.19104302988466232,0.2186229392782147,0.4000724978690453,57.34609866142273
1780876776.8525615,1.1751768480979488,-0.19082808172899973,0.21874861498943968,0.40003640001686325,57.366682291030884
1780876776.8755004,1.174740718771888,-0.1907380025148898,0.2185693125439091,0.40018843817690186,57.38962125778198
1780876776.897071,1.1743939806518535,-0.19042289659309314,0.2187653886509246,0.40000741933821526,57.41119170188904
1780876776.917982,1.1740074732628394,-0.19022287578533953,0.21860017904497706,0.399987268740551,57.43210291862488
1780876776.9400928,1.1735989738394967,-0.19006691702455739,0.21866658706264733,0.4000400008442089,57.45421361923218
1780876776.9601438,1.1732293093669677,-0.1898210639041168,0.21883704982368354,0.39995554200037375,57.47426462173462
1780876776.9833612,1.1728323953626825,-0.18966116810320083,0.21863347351287293,0.39999494728424523,57.49748206138611
1780876777.0072784,1.17247149423483,-0.1894096365999168,0.21862599523548187,0.399900532581956,57.52139925956726
1780876777.0278313,1.172073608493836,-0.18924678286650534,0.21871288228842442,0.3999343760370966,57.54195213317871
1780876777.0500615,1.1717175447246306,-0.18899447419275064,0.21867785334999212,0.39983847095971115,57.56418228149414
1780876777.0700974,1.1713482931399946,-0.18877832427180674,0.21865072419081824,0.39978940677940944,57.5842182636261
1780876777.0955071,1.170919833983881,-0.1887020669202487,0.21866453817899692,0.39995273076362814,57.60962796211243
1780876777.118508,1.170570315802504,-0.18844068970531505,0.2187813089123427,0.399838389463274,57.63262891769409
1780876777.140942,1.1702189893700377,-0.18819797792886625,0.21870042690899863,0.3997463880385972,57.65506291389465
1780876777.1652129,1.1697982434828957,-0.18812080496586153,0.21864483415612962,0.3999045101375156,57.67933368682861
1780876777.1855674,1.169456594020902,-0.1878535537810414,0.21876706031926133,0.3997784319767037,57.69968819618225
1780876777.2076087,1.1691078566548812,-0.18761749985372603,0.218697718387026,0.39969265290437406,57.72172951698303
1780876777.2307336,1.1686888358309973,-0.18754965044192548,0.21864694541194024,0.39986194543182485,57.74485445022583
1780876777.250664,1.16835361362118,-0.18728011954744192,0.21878901586724112,0.3997286164443352,57.764784812927246
1780876777.272983,1.1679991325970218,-0.1870748819633726,0.21864492116880604,0.39968615837688226,57.78710389137268
1780876777.29656,1.1676107996830882,-0.1869493807303821,0.21856625069441785,0.3997634301973445,57.810680866241455
1780876777.3160815,1.1672711691394693,-0.18670405425652503,0.21869913603297486,0.3996650975053848,57.83020234107971
1780876777.3400939,1.166889426644085,-0.1865689499217405,0.21869027020824228,0.3997247789699241,57.854214668273926
1780876777.3618202,1.1665534615436255,-0.18632718517176225,0.21872992694890567,0.3996270851761947,57.875941038131714
1780876777.3859792,1.166187135303247,-0.18616462335726522,0.21872228294350646,0.39964598883894986,57.900099992752075
1780876777.4076474,1.1658382737844268,-0.18596480828253176,0.21872207744604263,0.39960712357996186,57.92176818847656
1780876777.4279094,1.165467585743717,-0.18582244639913814,0.21871751016101051,0.3996550905879541,57.94203019142151
1780876777.4513876,1.165166408324009,-0.18552732306617595,0.2185468292306797,0.39946878335297065,57.965508460998535
1780876777.4711423,1.1647761499308589,-0.18542952583816516,0.21874028053689953,0.3995805757595967,57.98526310920715
1780876777.4958837,1.1644075745844835,-0.18530216024322163,0.21858662020037856,0.3996463733516977,58.01000452041626
1780876777.5171127,1.1641125650569546,-0.18499485005474717,0.21860309813995377,0.3994418799980588,58.03123354911804
1780876777.538554,1.163752824748255,-0.18484797430685296,0.2186094603883369,0.39947406103867156,58.052674770355225
1780876777.5610597,1.1633906920212347,-0.18470756496672902,0.21866759509436567,0.3995222488178243,58.075180530548096
1780876777.581723,1.163081792749334,-0.1844552716130057,0.2185668318224114,0.3993923052625883,58.09584379196167
1780876777.6040406,1.16269262644299,-0.18438580388897638,0.21864977994824078,0.3995410044773884,58.11816143989563
1780876777.6263716,1.162356776797406,-0.18419758179992501,0.21872642941179005,0.3995111559320552,58.14049243927002
1780876777.647574,1.1620697459793081,-0.18391015449341727,0.21853079890121227,0.39932617387386937,58.16169476509094
1780876777.6708841,1.1616929447599973,-0.18382555033505305,0.21862801949734195,0.3994461907433937,58.1850049495697
1780876777.6911976,1.1613592572677556,-0.18365081464922683,0.21854531649080225,0.39943362072762767,58.205318450927734
1780876777.7120583,1.1610427624221615,-0.183429800934656,0.2186950369580195,0.3993462642580745,58.226179122924805
1780876777.733619,1.160669379355554,-0.1833645114581199,0.21851035950268863,0.39949336041369143,58.24773979187012
1780876777.7536361,1.1603830357279212,-0.18308008538409143,0.21867553287462407,0.39931354221291127,58.267756938934326
1780876777.7763934,1.1600502416622018,-0.18292515787318728,0.2185349960087187,0.39931925530180834,58.29051423072815
1780876777.796799,1.159697354024378,-0.18281415333007986,0.21853061252448314,0.3993960892364896,58.310919761657715
1780876777.819008,1.1593825359346912,-0.18260773748191372,0.21874651184831315,0.3993295918032693,58.333128929138184
1780876777.841529,1.1590761031601367,-0.1824009741233959,0.2186756740108266,0.3992561873743794,58.35564970970154
1780876777.8620393,1.1587092851616732,-0.18234172633955548,0.2185675672590374,0.39940566258986365,58.37616014480591
1780876777.8881712,1.158421733662715,-0.1820882687783837,0.21869798551427855,0.3992650914663489,58.402292013168335
1780876777.9100955,1.1580770112883076,-0.18198334235611316,0.21863896840462754,0.39934113788368997,58.42421627044678
1780876777.9336917,1.1577836217951023,-0.18175469904203279,0.2187132109319942,0.39923509746448005,58.44781255722046
1780876777.9561017,1.1574529411974357,-0.18162214724510814,0.21871384419307835,0.39927001166105835,58.47022247314453
1780876777.9762247,1.157153442342948,-0.18142212245636666,0.21866801047119108,0.39920295220203084,58.49034547805786
1780876778.000839,1.1568146772161112,-0.1813201940697284,0.21859058674644632,0.39928035058142086,58.51495981216431
1780876778.025597,1.1565403725769787,-0.181063030244375,0.21863255181642266,0.3991276075110015,58.53971791267395
1780876778.0439544,1.1562205289068306,-0.18092251706628282,0.21860744017780812,0.3991439619360593,58.558075189590454
1780876778.0659313,1.1558969392278629,-0.1807916062398794,0.21863295200241764,0.3991806331087089,58.58005213737488
1780876778.0859985,1.1556100180031794,-0.18058406283313272,0.21856103837745466,0.39909372904890894,58.6001193523407
1780876778.1090982,1.1552619816526144,-0.18052054236116039,0.2185493659688296,0.39922650150279004,58.62321901321411
1780876778.1326985,1.1549670126046334,-0.1803297365983912,0.21867650217380694,0.3991701029129011,58.64681935310364
1780876778.1515253,1.1546997454240013,-0.1800889818764352,0.2185722937079435,0.39902994885746246,58.66564607620239
1780876778.1734586,1.154343249517867,-0.18004964183771202,0.2187268191684162,0.39919676324622166,58.68757939338684
1780876778.1935544,1.1540965910438787,-0.17976737368931117,0.21862696909213908,0.39899648485659434,58.70767521858215
1780876778.2157717,1.1537676403288235,-0.17968048281742136,0.2185914663032357,0.3990851550978025,58.72989249229431
1780876778.2377217,1.153458217747436,-0.1795505455338012,0.21854036425981363,0.3991137856935305,58.7518424987793
1780876778.258494,1.1531830819497313,-0.17933072238946127,0.218792572892211,0.39900455545626556,58.77261471748352
1780876778.280452,1.1528509512536478,-0.1792750450143958,0.21850894898827972,0.3991370161689547,58.794572830200195
1780876778.3009088,1.1525813774494336,-0.1790523621491262,0.21865866390138855,0.3990270867539447,58.81502962112427
1780876778.3236966,1.152342841587213,-0.17877662069391712,0.21849325958508362,0.3988253233374479,58.837817430496216
1780876778.3471117,1.1519983040002975,-0.17874123047674847,0.21862329900872632,0.3989876466498554,58.86123251914978
1780876778.3685293,1.1516781819733137,-0.17865347134615936,0.21869746366567264,0.39907740229087807,58.88265013694763
1780876778.391771,1.1514586263755753,-0.1783421015887022,0.21856962095086574,0.3988207847506082,58.90589189529419
1780876778.412202,1.151133118535586,-0.17827311662574458,0.2187060768912823,0.39893032059370537,58.92632269859314
1780876778.435876,1.1507971102034802,-0.17825055440444282,0.21844482808235477,0.399108169311865,58.94999670982361
1780876778.460137,1.150532907633519,-0.1780386255509068,0.2186460044105463,0.3990077466491275,58.974257707595825
1780876778.481542,1.1502956686610117,-0.1777831504782478,0.21851109715844919,0.39882972498908664,58.99566292762756
1780876778.504164,1.1499691452217016,-0.17772326015030163,0.21878714428427565,0.3989520169008607,59.01828479766846
1780876778.52425,1.1496648449045566,-0.1776376273631108,0.21860344830296835,0.39903136152019414,59.038370847702026
1780876778.546305,1.1494402515512536,-0.1773532253960576,0.2186252781122964,0.3988150557779404,59.060425758361816
1780876778.5688052,1.1491682834721393,-0.17719237946785948,0.21853852405008634,0.39877771262577966,59.08292603492737
1780876778.588923,1.1488240889505397,-0.1771950985868954,0.2186344214851071,0.39898956223350357,59.10304379463196
1780876778.6112206,1.148529437381384,-0.17709198398393589,0.2186030967373397,0.39904181521523796,59.12534141540527
1780876778.6309433,1.1483164959444472,-0.17678413824571573,0.2188389710396752,0.3987878520175485,59.14506411552429
1780876778.655342,1.1480135887764402,-0.17672134799172007,0.21850349554004966,0.39889074200487684,59.16946291923523
1780876778.6767328,1.1477247112243372,-0.17659930598284607,0.21874042026572982,0.398917396840309,59.19085359573364
1780876778.6968446,1.1475221435200327,-0.1762999023863955,0.21849041441047215,0.3986662060606996,59.210965394973755
1780876778.718565,1.1472226634768448,-0.1762142745449765,0.21863849638759394,0.39873806164347414,59.232685804367065
1780876778.742181,1.1469033697733992,-0.17617739563015536,0.21880850806020863,0.3988889812893195,59.25630187988281
1780876778.761896,1.1467081298200226,-0.17587105332125127,0.2185282308251343,0.39862608147367506,59.27601671218872
1780876778.7850776,1.1464202006344169,-0.17577043837877881,0.21860485911366248,0.39867244299437576,59.299198389053345
1780876778.8051202,1.1460789824208055,-0.17579253147281249,0.21880911964065924,0.3989076888733951,59.31924104690552
1780876778.8279521,1.1458677301576774,-0.1755349526356737,0.2185158648585469,0.3987182269885885,59.3420729637146
1780876778.8508205,1.1455892480138365,-0.17540767592220538,0.2188298633259796,0.3987235530889386,59.364941358566284
1780876778.870341,1.1452512250255227,-0.17545832457205976,0.21846791295713613,0.3989926514591797,59.384461879730225
1780876778.892314,1.144999659413775,-0.1752875674760521,0.21850653947674442,0.3989347991448575,59.406434774398804
1780876778.9125254,1.144812668006369,-0.17495021785478646,0.21885179080243125,0.39862900064522755,59.42664623260498
1780876778.9343295,1.1445092666454744,-0.1749220750610244,0.21860432047827416,0.3987741615409792,59.448450326919556
1780876778.9564612,1.144247301064558,-0.17478280785808528,0.21864102565349286,0.39876358574880655,59.470582008361816
1780876778.9763134,1.1440235667195584,-0.1745506728948679,0.21878972413926542,0.39860769456935774,59.49043416976929
1780876778.9978313,1.1436886208349717,-0.17459699557377842,0.2186952812397935,0.3988669965533145,59.51195216178894
1780876779.0179431,1.1434671620050045,-0.17437603076465183,0.2186212488837157,0.3987291933743089,59.53206396102905
1780876779.0437243,1.1432379985459646,-0.17416959968572468,0.2186194434067324,0.39861052156907917,59.55784511566162
1780876779.0687683,1.1429640562728351,-0.1740625779399219,0.2188702315021075,0.39864188136030165,59.58288908004761
1780876779.0901482,1.1426723002865473,-0.17402217532927639,0.21864682938288751,0.3987674235016119,59.60426902770996
1780876779.1148765,1.142461685204175,-0.1737761914634247,0.21872033126490575,0.3985939848573574,59.62899732589722
1780876779.134933,1.142224112664712,-0.17360627258716466,0.21860162222947832,0.39852389686723555,59.64905381202698
1780876779.156883,1.1419100834164688,-0.1736063604608385,0.2187335961254395,0.39871152917252495,59.67100381851196
1780876779.1780334,1.141653844270612,-0.17348240386394156,0.21867912773818005,0.3987147219013103,59.69215416908264
1780876779.1992598,1.1414477210521305,-0.17323393829394404,0.21874835060034464,0.39853040455006905,59.713380575180054
1780876779.220884,1.1411854030293944,-0.17312331857117735,0.21882914196426886,0.39855028151630734,59.735004901885986
1780876779.2411277,1.140894365634978,-0.1730948664508852,0.2186055638970114,0.3986893864958567,59.75524854660034
1780876779.2619934,1.1406651173396338,-0.17290427301620093,0.21874365533806045,0.39859503833553234,59.77611422538757
1780876779.2846267,1.1404320016800515,-0.17273453718122644,0.2186777959631493,0.3985214668373178,59.798747539520264
1780876779.30541,1.1401388797365304,-0.17269503866746747,0.21892766221689894,0.39864993539058524,59.819530725479126
1780876779.326905,1.1399531876967801,-0.1724247708458986,0.21870710872966562,0.3984293167816553,59.841025829315186
1780876779.3475235,1.1396816264364658,-0.17234681283930758,0.21876031055893022,0.3984929529077075,59.86164426803589
1780876779.37168,1.139388253406378,-0.17232740333906924,0.21868533005872978,0.3986442467322462,59.88580083847046
1780876779.3930438,1.139168499041851,-0.17212528273957178,0.21883840791109574,0.39852889228745525,59.907164573669434
1780876779.4134116,1.138934909650571,-0.1719718221945724,0.21866978169816317,0.39847765310646377,59.9275324344635
1780876779.4377494,1.1386602647604114,-0.17190600218745558,0.21872650199096696,0.3985601140961563,59.95187020301819
1780876779.460317,1.138403243381043,-0.17179765906507724,0.21888287980404394,0.3985812231312451,59.97443771362305
1780876779.4801598,1.1382204526402102,-0.171527972585695,0.2187190912314884,0.3983585868645889,59.99428057670593
1780876779.5012677,1.137948799448464,-0.17146160134270477,0.2187680377256709,0.39843593620167006,60.01538848876953
1780876779.5238023,1.1376721258019664,-0.1714131312454716,0.21870098387053863,0.39854332242750345,60.037923097610474
1780876779.545973,1.1374473019271898,-0.17122900110831857,0.21892778472383945,0.3984505947175281,60.06009387969971
1780876779.570445,1.1372018572938332,-0.1711181921073226,0.21872953932598532,0.3984597211305694,60.08456587791443
1780876779.5908737,1.1369462181737873,-0.17102418663599644,0.21864160523446868,0.3984960452076214,60.10499453544617
1780876779.6140022,1.1366979029448279,-0.17089623573495002,0.21897135765327258,0.3984869467550043,60.12812304496765
1780876779.6340058,1.1364971801998425,-0.1706923973786001,0.21853783234843918,0.39835669706015686,60.14812660217285
1780876779.6574397,1.13624421664747,-0.17057304015702646,0.2189443792408018,0.3983564786373215,60.171560525894165
1780876779.6821482,1.1359225567922846,-0.17065176415302669,0.21866740744177823,0.3986445228416873,60.196269035339355
1780876779.7046125,1.1356895751967873,-0.17050673914128617,0.2186837924725385,0.3986074994411659,60.21873331069946
1780876779.7279963,1.1355242207552052,-0.1701892050389399,0.21896516081869208,0.39831578107630605,60.242117166519165
1780876779.7482867,1.1352540109458455,-0.17015285479647244,0.21864265206798453,0.3984285634060001,60.262407541275024
1780876779.7723136,1.135001058505935,-0.1700442767083102,0.21895935932977684,0.39844841770384676,60.28643441200256
1780876779.795102,1.1348433544236927,-0.1697411725237276,0.21865298659049495,0.3981695068858535,60.30922269821167
1780876779.814899,1.1345859855141942,-0.16965972829268655,0.21868184183023967,0.3982188176104966,60.32901978492737
1780876779.8384461,1.1342657104774632,-0.1697200662294267,0.2188849530851682,0.3984823943141329,60.352566957473755
1780876779.8589947,1.1340395737610962,-0.1695800086655485,0.21868213943803477,0.39844596785958153,60.37311553955078
1780876779.8805914,1.1338386731400358,-0.1693656263344653,0.2187310883278751,0.39830266049902985,60.39471220970154
1780876779.903338,1.1336075568657473,-0.16922352200308827,0.21883379236494035,0.3982622743129314,60.4174587726593
1780876779.9238396,1.1333230599150939,-0.16921223370215416,0.2188627494130287,0.3984185955030153,60.437960386276245
1780876779.9460256,1.1331232938795919,-0.16899940364589267,0.21893712157381726,0.3982743338697414,60.46014642715454
1780876779.9689293,1.1328379984724872,-0.16900191679581714,0.21877592100422222,0.3984451266095519,60.48305010795593
1780876779.9919364,1.1326347912229693,-0.16879577249521527,0.21889597568538605,0.3983161017086232,60.506057262420654
1780876780.0146208,1.1324246559580555,-0.16861711838689078,0.21882543225654094,0.3982183813797171,60.52874159812927
1780876780.0352542,1.132141961501142,-0.16860308299742593,0.2189110153123732,0.39836784925077673,60.54937505722046
1780876780.0588274,1.131939087873161,-0.1684077297235638,0.21885609405296017,0.3982470503522144,60.57294821739197
1780876780.0783553,1.1316801647689694,-0.16834470634388646,0.21883730144938318,0.39832326525431405,60.59247612953186
1780876780.1007757,1.1314577384712206,-0.16819529022863053,0.21883274965995442,0.39827094020548515,60.61489653587341
1780876780.1252882,1.131204563956043,-0.1681203409832911,0.2188154241117493,0.39832696755227026,60.63940906524658
1780876780.1451867,1.1309809759500178,-0.16797002697638294,0.21893041701195184,0.398276657336023,60.6593074798584
1780876780.16795,1.1307522701023665,-0.16784048255245224,0.21887811844042898,0.39825070252064343,60.6820707321167
1780876780.1903791,1.1305004738528088,-0.16776751529963582,0.21878897354743135,0.3983088054235253,60.70449995994568
1780876780.2090604,1.1302961581817634,-0.16757737961393712,0.21879990563764354,0.3981978851084751,60.72318124771118
1780876780.2318106,1.130051641297687,-0.16748077232798783,0.2188853267521337,0.3982199105730402,60.74593138694763
1780876780.2522144,1.1297992090754472,-0.16741298908727376,0.21877784419456214,0.3982872580660928,60.766335248947144
1780876780.2745848,1.1295883098278858,-0.16724137510001694,0.21878381444357958,0.39820069796879576,60.788705587387085
1780876780.2979405,1.129330141058696,-0.16717932697530763,0.21885530799765243,0.39827409739478803,60.81206130981445
1780876780.3190277,1.129079443750435,-0.1671100795340459,0.2187715086011994,0.3983377104312762,60.83314847946167
1780876780.3417904,1.1288972566838855,-0.16686464290832315,0.21892708385827175,0.3981443673111116,60.85591125488281
1780876780.3622298,1.1286417376085274,-0.1668071319162609,0.21887891910202842,0.39822212618516417,60.87635064125061
1780876780.385469,1.128411381477811,-0.16669411033127834,0.21870066735044827,0.39821986853307045,60.8995897769928
1780876780.4083922,1.1281833476522307,-0.1665595671567601,0.21885178347145365,0.39818763440625027,60.922513008117676
1780876780.4319959,1.127945851145992,-0.16646313312552335,0.21879470101701187,0.3982087044006324,60.94611668586731
1780876780.4551156,1.1277212534183025,-0.16633575501688636,0.2186655411150704,0.39818476198165076,60.96923637390137
1780876780.4761164,1.127494755051458,-0.1661957863535144,0.21897881474538397,0.3981445443474776,60.99023723602295
1780876780.502673,1.1272447635413563,-0.16614311501523676,0.21860913735241455,0.3982261996858103,61.016793727874756
1780876780.526244,1.127008819470612,-0.16602199254275068,0.21899369771538202,0.3982176447986614,61.04036474227905
1780876780.5471015,1.1268434120050919,-0.16576529322817168,0.2187479491325566,0.39799939377402715,61.061222314834595
1780876780.5731866,1.1265784923334814,-0.16573027274463406,0.21882045551963689,0.3981077389215155,61.08730745315552
1780876780.5941694,1.126319673753129,-0.16568418676254562,0.21883183379866353,0.39820660333016455,61.10829019546509
1780876780.6159248,1.1261287701794165,-0.16547764203227677,0.21887029565527097,0.39806238275242123,61.130045652389526
1780876780.6380527,1.125840128535369,-0.16550441779428346,0.21890284587137557,0.3982639347839063,61.15217351913452
1780876780.6584916,1.125671823103701,-0.16524972747601005,0.21886145911672805,0.39805189646568717,61.17261242866516
1780876780.681925,1.1254084225403183,-0.16522210209901786,0.21881418588431104,0.39816844241403704,61.196045875549316
1780876780.7020924,1.1252038454117663,-0.16505072413933178,0.2188521355320218,0.3980816677180865,61.21621322631836
1780876780.7250843,1.124991488570171,-0.16490590156626234,0.2187547249544955,0.39802492155298275,61.23920512199402
1780876780.7470024,1.1247087094903312,-0.16491936989386016,0.21884907084245414,0.39820651659288675,61.261123180389404
1780876780.7674801,1.124501870001642,-0.16475555110295997,0.21894527230466557,0.3981275192830296,61.28160095214844
1780876780.7923403,1.1243059267533007,-0.16458061706019167,0.21871506574848895,0.3980268320919702,61.30646109580994
1780876780.8122582,1.1240340712142545,-0.1645696598384598,0.21882759403169713,0.3981692870750919,61.32637906074524
1780876780.834721,1.123790755346272,-0.1645054373189137,0.21870028658871665,0.39823472956315076,61.34884190559387
1780876780.8579798,1.1236172955348138,-0.16425730165210212,0.2189533927454362,0.3980310189620937,61.372100591659546
1780876780.8779655,1.123347299975775,-0.16425876867044886,0.21881258382863578,0.39818832100742707,61.39208626747131
1780876780.9027624,1.123138821925984,-0.16410687063697707,0.21884450563483918,0.3981261132245697,61.41688323020935
1780876780.9251146,1.1229403039135875,-0.16393808905677126,0.21874580292019297,0.3980317264057618,61.43923544883728
1780876780.9455044,1.1226861505914214,-0.1638911702268309,0.21888398496446498,0.3981233814239111,61.459625244140625
1780876780.9669945,1.1225046298693884,-0.16368275385130748,0.21886011171675288,0.39797332850541967,61.48111534118652
1780876780.9884,1.122227218753791,-0.16370509181639853,0.21874589417830134,0.3981603337576045,61.50252079963684
1780876781.0100837,1.1219989254132776,-0.1636096846145303,0.21871255552366098,0.39817832437315914,61.52420449256897
1780876781.0344188,1.1218284471252113,-0.16336411802802114,0.21894090010557346,0.3979746089519649,61.54853963851929
1780876781.0545309,1.1215463598280857,-0.16340550750223717,0.2187707663731597,0.3981886569235993,61.56865167617798
1780876781.0750127,1.121349964950795,-0.16323916064784544,0.2187130613928098,0.3981007036930846,61.589133501052856
1780876781.095512,1.1211740898661882,-0.16302342591323796,0.21864548823057484,0.3979375913531218,61.60963273048401
1780876781.11725,1.1209648049041707,-0.16288010648939827,0.21880312558751935,0.39788133982766904,61.63137078285217
1780876781.1380572,1.1206623036668293,-0.16296620434579248,0.21879716369068028,0.39816400317813283,61.652178049087524
1780876781.159445,1.1204657698113791,-0.16280560683839235,0.2187598815884522,0.39808224701327966,61.67356586456299
1780876781.1810975,1.1202942173674746,-0.16258876318141624,0.2186237810067243,0.3979154288364395,61.695218324661255
1780876781.2011034,1.1200666158714592,-0.1624917368928588,0.2188244627822105,0.39792554914230305,61.715224266052246
1780876781.2243688,1.1197826493819591,-0.16254628635441518,0.2186814375233095,0.39816129193173566,61.738489627838135
1780876781.246774,1.1195906438881467,-0.16237145278693174,0.2188459509069313,0.3980583272383935,61.760894775390625
1780876781.2685964,1.1194203748154372,-0.16216553167006828,0.21854497954549112,0.39790374210898793,61.78271722793579
1780876781.293616,1.1192032156383944,-0.16204323520464178,0.21888628297301047,0.39787708281331735,61.80773687362671
1780876781.314995,1.1188970324963905,-0.1621643034050503,0.2186062228593258,0.39820476248739656,61.829115867614746
1780876781.3383226,1.1186731605621871,-0.16208257237710694,0.21850092149164907,0.3982373289450063,61.85244345664978
1780876781.359749,1.1185359413985096,-0.16177590933790154,0.2188170277876553,0.39794148058686396,61.87386989593506
1780876781.38301,1.1183226269189341,-0.16166590531270958,0.21881747494124468,0.3979245069708046,61.897130727767944
1780876781.4055467,1.1180381483026316,-0.16174050477846916,0.21857685090456117,0.3981860071112884,61.9196674823761
1780876781.4255588,1.117842315898755,-0.16158762803634757,0.2187283753004109,0.39811287083140723,61.93967962265015
1780876781.448993,1.1177135389730504,-0.16128271669549155,0.2187117982717822,0.39781004160005473,61.96311378479004
1780876781.474036,1.1174847803574206,-0.16122115493056655,0.21869002479756805,0.39786712351581244,61.98815679550171
1780876781.4961238,1.1172174518071054,-0.16125315600619478,0.21859306041898724,0.39806228092407103,62.010244607925415
1780876781.5181894,1.1169927259754995,-0.16117937912543592,0.21865210479983713,0.3981055538255003,62.032310247421265
1780876781.5385754,1.116846580183543,-0.1609105180355729,0.2189329715635477,0.39785705512849034,62.052696228027344
1780876781.5622392,1.1166010851135935,-0.16091046915544194,0.2185876941122262,0.3979982115896128,62.07635998725891
1780876781.5839972,1.1163786456105487,-0.16083260067961538,0.21872065011288028,0.3980358647350215,62.09811806678772
1780876781.605468,1.1162347066747005,-0.16057464062694266,0.21878425178442484,0.3977980205275351,62.11958885192871
1780876781.6284008,1.1159663445945756,-0.16061909202030497,0.2187714111358195,0.39800909972648313,62.14252161979675
1780876781.6538806,1.115804934786558,-0.16040975466766977,0.2187360767827895,0.3978475482912218,62.16800141334534
1780876781.6737967,1.1156232243847537,-0.16025636508892227,0.21860430285602586,0.39776073897883,62.18791747093201
1780876781.6971328,1.1153495751835254,-0.16030818865584043,0.21878842887388936,0.3979844808325268,62.21125364303589
1780876781.7192984,1.1151400268328502,-0.16022523979901046,0.21867710184744296,0.39800629839719015,62.23341917991638
1780876781.740263,1.1149898591937357,-0.15999652778256077,0.21864942468496917,0.397811512593945,62.25438380241394
1780876781.763325,1.114780778175528,-0.15990642195742344,0.21872909539878113,0.39781972819566747,62.277445793151855
1780876781.7840629,1.1145267276074338,-0.15993276074813317,0.2186268776668485,0.3980023805337911,62.29818367958069
1780876781.8063443,1.1143563783384975,-0.15975098984756117,0.21878623213620488,0.397878192649598,62.320465087890625
1780876781.8275452,1.1141333812016525,-0.15970632228742745,0.2187153284433222,0.3979500394575508,62.34166598320007
1780876781.8489683,1.1139455500493256,-0.15957671811406296,0.2187312124079736,0.3979016299669702,62.363089084625244
1780876781.8715956,1.1137490622600015,-0.15947162045538196,0.2186895823793649,0.39788480047727504,62.38571643829346
1780876781.8916261,1.1135464789009129,-0.15938180425112441,0.2186780114266016,0.39789251499069245,62.405746936798096
1780876781.9131925,1.1133548449730206,-0.15926782049816482,0.21866900062690203,0.39786315105846626,62.42731332778931
1780876781.933652,1.11314683861421,-0.15919714655843548,0.2186014890488402,0.3978967737367025,62.44777274131775
1780876781.9547608,1.1129502145100514,-0.15908842045954782,0.21880101565332383,0.3978782786341659,62.468881607055664
1780876781.9762945,1.1127960117782698,-0.1588981477624207,0.2186764178831014,0.397730783229612,62.49041533470154
1780876781.995964,1.1125385714209035,-0.15894324696322162,0.21879595821070627,0.39793684530898066,62.51008486747742
1780876782.0193539,1.1123829552852786,-0.15876283496905227,0.2185922191720448,0.39780697172724633,62.5334746837616
1780876782.0393102,1.112207508971154,-0.15862385361311754,0.21855162877426793,0.3977331732681799,62.553431034088135
1780876782.060944,1.1119503617725672,-0.1586648254787831,0.21887609811280517,0.39793550670595046,62.57506489753723
1780876782.0828302,1.1117855069113831,-0.15852293267408177,0.21849567537466222,0.3978581169616948,62.59695100784302
1780876782.1036048,1.1116024463636474,-0.15839038139670242,0.2188164773380092,0.39779826542423624,62.61772561073303
1780876782.1264567,1.1113762469450608,-0.1583949808442381,0.21855311727137278,0.3979367123675317,62.64057755470276
1780876782.1469402,1.1112148009082095,-0.158224477775042,0.21867669711319132,0.39782189050414907,62.66106104850769
1780876782.169259,1.111088186338637,-0.1579910085723929,0.21849528801374604,0.3976023944521341,62.683379888534546
1780876782.19344,1.1108604933118666,-0.1579826333879721,0.2186938187383307,0.3977245838446475,62.707560777664185
1780876782.2141035,1.110594384587914,-0.1580876792138037,0.2184303201350049,0.3980126799674526,62.72822427749634
1780876782.2360165,1.1103784034889985,-0.1580614331045527,0.21849188348836626,0.39810939046685156,62.75013732910156
1780876782.2569046,1.1102733277925685,-0.15776733806190765,0.21871993874010331,0.39780434736432113,62.77102541923523
1780876782.2818716,1.1101085187082225,-0.15763539068427718,0.21851496711391175,0.39773277151852504,62.795992374420166
1780876782.3065329,1.109871307633853,-0.15766355278095925,0.21870268125866035,0.3979079061627768,62.820653676986694
1780876782.3280227,1.1097157440800807,-0.15751566018253452,0.21848610802507779,0.397817073756463,62.842143535614014
1780876782.3505397,1.1095751486359728,-0.15731536447942732,0.2187210726082369,0.39764757819468777,62.8646605014801
1780876782.3752282,1.1093102792270408,-0.1574300459823567,0.21855984121950955,0.3979454792084365,62.88934898376465
1780876782.3938591,1.1090951727201455,-0.15743272791344826,0.21836078221970756,0.39807797172932347,62.90797996520996
1780876782.4163923,1.108967829684146,-0.15720790865421327,0.21858014413897284,0.39787392525253296,62.93051314353943
1780876782.436358,1.1088462967410735,-0.15696999784453386,0.21882238541102766,0.397643999117828,62.95047879219055
1780876782.4581943,1.1085965959602317,-0.1570722344157598,0.21844564407138845,0.39791776871832596,62.972315073013306
1780876782.4813066,1.108403953885188,-0.15701304465914873,0.2185767079754008,0.3979617801429747,62.99542737007141
1780876782.503199,1.1083239433506096,-0.15669162616017068,0.21869847787128818,0.3976056586274357,63.01731991767883
1780876782.5262089,1.1081013175106125,-0.15672489383265797,0.21851585431716028,0.39777409495733984,63.040329694747925
1780876782.5479295,1.1078447297205238,-0.15683251262181244,0.21853196360899627,0.3980635605867304,63.062050342559814
1780876782.5698698,1.1077216819248865,-0.15662973850743656,0.2184769447850683,0.3978836737608553,63.08399057388306
1780876782.592572,1.1076074550880635,-0.15639650567882418,0.21858905883895452,0.3976578708053138,63.10669279098511
1780876782.6134014,1.1074511795751858,-0.15628786639718872,0.21835205943351998,0.39761438763724577,63.127522230148315
1780876782.6359422,1.1072238769706122,-0.1563136147507431,0.2187765348843639,0.3977777442778425,63.150063037872314
1780876782.6566968,1.1069854167141144,-0.1564103038096951,0.2184375278431619,0.39804131821760436,63.170817613601685
1780876782.6818624,1.1068447136297799,-0.15625878070482743,0.2184157601053104,0.3979376714232412,63.19598317146301
1780876782.705196,1.1067555536503546,-0.1559734875009367,0.21864140180049535,0.39763286661539965,63.219316720962524
1780876782.7261658,1.1066280739222272,-0.15580775403961752,0.2184229695632398,0.39750029668612097,63.24028658866882
1780876782.749847,1.1063924253639175,-0.15588289709796913,0.21853241014792887,0.39773007905623814,63.263967752456665
1780876782.7714422,1.1061805798826272,-0.15589370148866152,0.21885688858740587,0.3978730338945802,63.28556299209595
1780876782.795891,1.1061215560508184,-0.15557758810104325,0.21850122346176518,0.3975127054811818,63.310011863708496
1780876782.8206294,1.1059732408777625,-0.1554643588819274,0.21839779753670116,0.39745715917911895,63.334750175476074
1780876782.8411171,1.1057160184873918,-0.15559647934560056,0.2185977222137492,0.3977712282756585,63.35523796081543
1780876782.862598,1.1055209821106262,-0.15558504283643532,0.21874632694826193,0.3978773862146614,63.37671875953674
1780876782.883453,1.105461225875559,-0.15527226810247993,0.21856736924664988,0.39752056784834444,63.397573709487915
1780876782.9081662,1.1052807419654567,-0.15524942726454397,0.21837096918184948,0.3975964259831475,63.42228698730469
1780876782.9299042,1.1050492154962772,-0.15532050572651604,0.21873644589639127,0.39782124690361176,63.44402503967285
1780876782.950438,1.104864344271098,-0.15532368443295339,0.21835558485989937,0.39793591746356327,63.464558839797974
1780876782.9732525,1.1047467594026659,-0.1551349227054786,0.21859923171093457,0.3977727087301748,63.48737335205078
1780876782.9936545,1.1046618575901797,-0.15488500975810868,0.21857191340322232,0.3975055684520443,63.50777530670166
1780876783.0151832,1.104448360466021,-0.15495086241122746,0.21843520015570356,0.39771325725331774,63.52930402755737
1780876783.0376298,1.1042493312648969,-0.15496075666930906,0.21870491936880002,0.397844557592534,63.55175065994263
1780876783.0580482,1.1041345142017507,-0.1548103087368344,0.2182946778757306,0.39772502806890575,63.572169065475464
1780876783.0825176,1.1039879211930939,-0.15468501954907002,0.21888090428658985,0.39765305634946113,63.596638441085815
1780876783.106845,1.1038223917882757,-0.1546725813996886,0.21818991785619624,0.3977350547328804,63.62096571922302
1780876783.1287248,1.1036367062861665,-0.15464243227644217,0.21887184538976787,0.39780755654600775,63.64284563064575
1780876783.151573,1.103527828411651,-0.15449111122774098,0.2183016031829559,0.3976832736744722,63.66569375991821
1780876783.171846,1.1034152787963663,-0.15431266218556033,0.21856592083842416,0.39752555777891807,63.6859667301178
1780876783.196367,1.1031993436229308,-0.15438825864199085,0.2186266625138342,0.39774410568647056,63.710487842559814
1780876783.2195399,1.1029587343265417,-0.15454282157214932,0.21840575555081854,0.39808135779214204,63.73366069793701
1780876783.240873,1.1028436164272135,-0.15439678264362394,0.21823256449157843,0.397969173575647,63.75499391555786
1780876783.265127,1.102773338941083,-0.15410809040004678,0.21880962049423097,0.3976508945745394,63.779247760772705
1780876783.2863593,1.102698959660501,-0.1538925197285528,0.2181915270587141,0.39742309284294564,63.800480127334595
1780876783.3092077,1.1025515920286826,-0.15380578910789522,0.21849884508451262,0.39739846254930544,63.823328495025635
1780876783.332419,1.102284339525429,-0.15401089598111892,0.21875452669510978,0.3978122420062107,63.84653973579407
1780876783.3542218,1.1021608924736122,-0.15388895293987662,0.2187035207541868,0.39773842455777775,63.86834263801575
1780876783.3781285,1.1021190134305818,-0.153588024916373,0.21841554167507357,0.3973842821937854,63.89224934577942
1780876783.399348,1.101970440823758,-0.15352779623280952,0.2184529006059747,0.39739553577125974,63.91346883773804
1780876783.4232845,1.1017139425213336,-0.15371273392510618,0.21874367903551606,0.3977755429924459,63.9374053478241
1780876783.447758,1.1015770483876173,-0.15363483387357477,0.21860686775149968,0.39776480245500334,63.96187877655029
1780876783.468067,1.1015243028318829,-0.15335459184282244,0.2186060160224116,0.3974437538415643,63.98218774795532
1780876783.4909804,1.101337152523117,-0.1534023102105731,0.21845805468051163,0.3976110056255351,64.00510120391846
1780876783.512962,1.101140667767457,-0.15344941793966713,0.21877690477074183,0.39778696146665027,64.02708292007446
1780876783.5345502,1.1010386296829118,-0.15330615922662477,0.21850723803634167,0.3976694300738268,64.04867100715637
1780876783.5575564,1.1009069114950831,-0.15321083396919635,0.21864605586380326,0.3976263025527196,64.07167720794678
1780876783.578329,1.1007514368375162,-0.1531871010248001,0.21861460694541293,0.39768816553027264,64.09244990348816
1780876783.600282,1.100616752973953,-0.1531136769089288,0.21852673546560727,0.3976768921371807,64.1144027709961
1780876783.620308,1.1004923320108089,-0.15300126069918377,0.2188380241541925,0.39760817362934464,64.13442873954773
1780876783.6436942,1.1003298752807875,-0.15301307158281727,0.21844629389448833,0.39771834367669534,64.15781497955322
1780876783.6657488,1.1001779556183577,-0.15296234664015274,0.21886443993678611,0.3977467414834237,64.17986965179443
1780876783.686234,1.1001245449053074,-0.15271329140457665,0.218570697097505,0.3974669340428605,64.20035481452942
1780876783.7083125,1.0999801313193858,-0.15266731194680827,0.2185874832904884,0.39749148470886375,64.22243332862854
1780876783.7296977,1.099764501233905,-0.15278233689445705,0.21879813566982106,0.3977619739870324,64.24381852149963
1780876783.7523391,1.0996574132025208,-0.15266645034035672,0.2185190386021735,0.3976825177148937,64.26645994186401
1780876783.7745554,1.0995463527996787,-0.1525368574370593,0.21866886010506945,0.397584627340283,64.28867626190186
1780876783.7949278,1.0994034482677122,-0.15249724721285446,0.2186607982128433,0.3976192422891742,64.30904865264893
1780876783.8178244,1.0992510195144007,-0.15248375781916484,0.2185140029299848,0.39769185777080196,64.33194518089294
1780876783.843225,1.0991089309967754,-0.15242653159398467,0.2188509557456653,0.39770464735246236,64.35734581947327
1780876783.8634064,1.0990210161509972,-0.1522702794714788,0.21856525953989941,0.3975620008099092,64.37752723693848
1780876783.8875961,1.0988645567272508,-0.152257093234117,0.218714636083229,0.3976332372758655,64.40171694755554
1780876783.9079502,1.0987114330740608,-0.15225211632349459,0.21856568876189048,0.39772057711558695,64.42207098007202
1780876783.9301763,1.0986118815904564,-0.15209799241687383,0.2188870549912264,0.39758612719398556,64.4442970752716
1780876783.9537542,1.0984837929745908,-0.15204754218192298,0.21852051802850603,0.39759785306986206,64.4678750038147
1780876783.9738522,1.0983349673953346,-0.1520191196063946,0.21867942697656434,0.3976493485083532,64.48797297477722
1780876783.9959674,1.098196805115947,-0.15197073837628247,0.21882991401693352,0.39767073164803435,64.51008820533752
1780876784.0160093,1.098110536034761,-0.1518160059232895,0.21860071897262764,0.3975294480524987,64.53013014793396
1780876784.0381348,1.0979496562446092,-0.15182390108489321,0.21870510413051933,0.39762994674333463,64.55225563049316
1780876784.059313,1.0978269013130952,-0.15174457807928318,0.21874530960748606,0.3976073123614725,64.5734338760376
1780876784.0798545,1.0977307012961015,-0.15161118520891226,0.21865667233746436,0.3974957882921286,64.59397530555725
1780876784.1018112,1.0975448247804547,-0.15167690503305678,0.2188444415255528,0.39768484968318063,64.61593198776245
1780876784.122011,1.0974733367338485,-0.15148797194546648,0.21869424787746802,0.3974935025477073,64.63613176345825
1780876784.1444829,1.0973352820333422,-0.15145043944708145,0.2187215085380024,0.3975247107065023,64.65860366821289
1780876784.1668377,1.0971620786554048,-0.15149523080937136,0.2187707545473674,0.39768389950949334,64.68095850944519
1780876784.187735,1.0970778012447597,-0.15133169135953703,0.2187988927782275,0.39752824367338846,64.70185589790344
1780876784.2118032,1.0969085114993364,-0.15137383511158517,0.21875685520750554,0.3976801358232187,64.72592401504517
1780876784.232383,1.0968096656794866,-0.1512439918768899,0.21882088750403234,0.3975756177933132,64.74650382995605
1780876784.2551682,1.0966612662034467,-0.1512372700827301,0.21881302069521202,0.3976545995544738,64.76928901672363
1780876784.2767801,1.0965699665673736,-0.15109864460337036,0.21873308935990488,0.39753508353409117,64.79090094566345
1780876784.2967312,1.096416278311233,-0.1511028974901816,0.2187511276778628,0.3976297704924132,64.81085205078125
1780876784.3182514,1.0963050716240796,-0.15100978770042084,0.2187291300365355,0.3975786273314945,64.83237218856812
1780876784.3383212,1.0961622279143461,-0.15098974122436876,0.21876971498695413,0.3976354386153069,64.8524420261383
1780876784.3616273,1.0960541589924406,-0.15088569709408994,0.21884493218543674,0.39757067201039487,64.87574815750122
1780876784.387124,1.0959111170252653,-0.15087018730846027,0.21881033249647977,0.3976342816306957,64.90124487876892
1780876784.4074867,1.095799903895394,-0.15078004052373964,0.21876915681445094,0.39758514438796766,64.92160749435425
1780876784.4298508,1.0956825408945954,-0.15070279203923329,0.21878946714476133,0.39755998713125607,64.94397163391113
1780876784.450916,1.0955301657440653,-0.15070884248819613,0.21880339601729387,0.3976534069754454,64.96503686904907
1780876784.475089,1.0954390901364717,-0.15056938887184096,0.2188280334242239,0.39753486496590007,64.9892098903656
1780876784.4966698,1.0952758918633865,-0.15060759595730536,0.2187251404599405,0.3976749782694782,65.01079058647156
1780876784.5173516,1.0951732421933849,-0.1504943644091179,0.21879954477517483,0.3975965712927856,65.0314724445343
1780876784.5401747,1.0950532642531086,-0.15043026481119234,0.21870714987311723,0.3975840189023492,65.05429553985596
1780876784.5647643,1.0949304499939791,-0.1503682765996671,0.21870696464317657,0.39758015495061105,65.07888507843018
1780876784.5851815,1.0948231684465337,-0.1502626269457902,0.2188844340774341,0.3975087657544307,65.09930229187012
1780876784.6075237,1.0946391329793415,-0.15036099942849404,0.21861233898065258,0.39773768146533683,65.12164449691772
1780876784.6276474,1.0945351494071223,-0.15025477296482054,0.21865380287239874,0.3976683620604957,65.14176821708679
1780876784.6494114,1.0944650840667092,-0.15006463140746815,0.21872724552617853,0.3974715328661649,65.16353225708008
1780876784.6739888,1.0943313582347671,-0.15003337518907062,0.21874533018394285,0.3975098507579453,65.18810963630676
1780876784.6946993,1.0941791617606322,-0.15005022548139568,0.2186046403493846,0.3976182015649137,65.208820104599
1780876784.7177925,1.0940502032206136,-0.1499920577677721,0.21892197208916983,0.3976225195868439,65.23191332817078
1780876784.738082,1.093992598902105,-0.1497897731401552,0.21871070859311503,0.397404876566565,65.25220274925232
1780876784.759387,1.0938384741535216,-0.1498045321021382,0.21878243376517728,0.3975095652656657,65.27350783348083
1780876784.7813392,1.093672316351571,-0.1498572653062003,0.2186318693713704,0.3976712606321975,65.29545998573303
1780876784.8015976,1.0935782614292224,-0.14972421288927718,0.21880170671733945,0.39756358660309665,65.31571841239929
1780876784.8238108,1.0934891848182011,-0.1495970315839212,0.21861973773924367,0.39745420084305305,65.3379316329956
1780876784.8458946,1.0933260672740162,-0.14962464612496634,0.21885991013145353,0.3975808456275587,65.36001539230347
1780876784.8677585,1.0931766847895266,-0.14963935601114553,0.21876444195057684,0.3976862996489636,65.3818793296814
1780876784.8906686,1.0931148389376388,-0.14943458140474236,0.21885691912461902,0.39746894574264147,65.40478944778442
1780876784.9127958,1.0929543378364857,-0.1494720398705592,0.21883235636471546,0.3976055032300234,65.42691659927368
1780876784.9358983,1.0928746206429212,-0.14931922234437905,0.2187352561540903,0.397464266696022,65.45001912117004
1780876784.9562662,1.0927489284067862,-0.1492704375731897,0.21878323025081362,0.39747316493874685,65.47038698196411
1780876784.9785137,1.092600392250161,-0.14927554799574377,0.21882259186089334,0.39756775442363157,65.49263453483582
1780876785.0006888,1.0925000545084818,-0.1491738763266976,0.2187424658111006,0.3974970294142093,65.51480960845947
1780876785.021628,1.0923511902690906,-0.1491826813700774,0.21874771933132542,0.39759294041430504,65.53574872016907
1780876785.0446014,1.0922548648801602,-0.1490618902883499,0.21885165189097802,0.3974997054421783,65.55872225761414
1780876785.0660357,1.0921179432096728,-0.1490418523931135,0.21887478260984533,0.39755328259902356,65.58015656471252
1780876785.0907412,1.0920016120104434,-0.1489763843951932,0.2188356666027909,0.3975366217483405,65.60486197471619
1780876785.1121986,1.0918920076095138,-0.1488930655439481,0.21882913536909362,0.39749703536304004,65.62631940841675
1780876785.1327856,1.0917555655817528,-0.14887452005679197,0.21882210497022503,0.39755199666209506,65.64690637588501
1780876785.1557157,1.0916552085948652,-0.1487691893843329,0.21882085477202529,0.39747874595079047,65.66983652114868
1780876785.1762638,1.0915132313843798,-0.14876063948134197,0.21886133047511397,0.39755040358549465,65.69038462638855
1780876785.202164,1.091424637777963,-0.14863333113235352,0.21876158061370635,0.3974417909646224,65.71628475189209
1780876785.2239885,1.0912604916277526,-0.14867921544229865,0.2187692101730388,0.3975924895913625,65.73810935020447
1780876785.2450397,1.0911602043887434,-0.148571853495415,0.21883731509612034,0.39751919253629797,65.75916051864624
1780876785.266072,1.09106974192474,-0.14844836195051475,0.218762644963876,0.3974151203543519,65.78019285202026
1780876785.2914279,1.0909010243905461,-0.1485000385450814,0.2189000691568955,0.3975754030672576,65.80554866790771
1780876785.3109126,1.090823336261206,-0.1483506303079322,0.21873974141837976,0.397434949093574,65.82503342628479
1780876785.335706,1.0906673958512303,-0.14837188338110274,0.21888413623676173,0.397548311085993,65.84982681274414
1780876785.356339,1.090557715081224,-0.14829084698495307,0.21890178495825316,0.39751173241093696,65.87045979499817
1780876785.3836074,1.0904352976373781,-0.1482416602424187,0.21888749265052287,0.3975198068863808,65.89772820472717
1780876785.4080489,1.090310709865987,-0.14819879799335708,0.21884888224482346,0.3975379609771119,65.92216968536377
1780876785.4299467,1.0902073744640524,-0.14810341038647326,0.21883201043033956,0.39747733984058,65.94406747817993
1780876785.4521596,1.09008131469355,-0.14806413684349812,0.21880884031281836,0.3975021190362682,65.96628046035767
1780876785.4748704,1.0899485574096894,-0.14803918112585499,0.2188048965701442,0.39754577717478234,65.98899126052856
1780876785.4992864,1.0898372141478543,-0.14796347197453646,0.21881353322204164,0.39751420425343387,66.0134072303772
1780876785.5209413,1.089722167073154,-0.14789659572151445,0.21882010269950034,0.39749665108711874,66.03506207466125
1780876785.5413034,1.08961081318942,-0.14782153621795968,0.21882431438618316,0.3974674759361658,66.05542421340942
1780876785.5647366,1.0894708837236093,-0.14781587643345526,0.21880044062190301,0.3975400920490557,66.078857421875
1780876785.5859115,1.0893679136794276,-0.14772215323886514,0.21878939168464343,0.39748189527719013,66.10003232955933
1780876785.6083214,1.0892327336900458,-0.14770398008570082,0.2188180845918447,0.397535683255823,66.1224422454834
1780876785.6314442,1.0891249432900494,-0.14762185951612697,0.21879810921730974,0.3974943560211539,66.14556503295898
1780876785.652176,1.089014083471046,-0.14754585154804933,0.21882465859656888,0.39746421728054315,66.16629672050476
1780876785.6737232,1.0888806661691448,-0.14752735393043043,0.21877638578026867,0.3975164492789265,66.18784403800964
1780876785.6938083,1.088778766800009,-0.14743126260602585,0.21879606717163502,0.39745553616662654,66.2079291343689
1780876785.7165198,1.0886425913575746,-0.1474176876831953,0.21878816086437006,0.39751555136160377,66.23064064979553
1780876785.7395031,1.0885378018368306,-0.1473302103827305,0.21879322022750297,0.3974665974692506,66.25362396240234
1780876785.761287,1.0883987980370797,-0.14732412313095422,0.2187837845386304,0.39753756509273863,66.2754077911377
1780876785.7837956,1.088298644968175,-0.14722588637540465,0.218781332455906,0.3974716109048906,66.29791641235352
1780876785.8041534,1.0881751424905082,-0.1471814850068446,0.21884568260230053,0.3974869711687514,66.31827425956726
1780876785.8300028,1.0880521846575548,-0.14713968798309168,0.2188052040377219,0.3975046539446492,66.34412360191345
1780876785.853054,1.0879363186233069,-0.1470782448348012,0.218850141456521,0.3974940301350127,66.36717486381531
1780876785.8738937,1.0878166086932768,-0.14702970277087452,0.21881792797177071,0.39750082996723,66.38801455497742
1780876785.8982847,1.0877014406619856,-0.14696847963881557,0.21883016648673326,0.3974900877495484,66.41240549087524
1780876785.9184866,1.087587437684309,-0.14690713321940063,0.21880511748822734,0.3974779317058399,66.43260741233826
1780876785.941203,1.087479966621016,-0.14683013990236174,0.21877745872888452,0.3974432492241906,66.45532393455505
1780876785.9668167,1.0873460346125068,-0.14681650711889677,0.21877689482616156,0.39750253233680066,66.48093748092651
1780876785.989515,1.0872481319592953,-0.14671629905672012,0.2187825986672627,0.39743319652722864,66.5036358833313
1780876786.012423,1.0871117428533787,-0.14670860464788849,0.2187954377194511,0.3975009087396284,66.52654385566711
1780876786.0356088,1.087002818414618,-0.14663577703631459,0.21880722460159327,0.39747163318664747,66.54972958564758
1780876786.0546772,1.0868892457581507,-0.14657452780370747,0.21880350938583903,0.3974602846734552,66.56879806518555
1780876786.079765,1.0867714843787926,-0.14652446381170586,0.21881005808683326,0.39746453244759294,66.59388589859009
1780876786.1005895,1.0866566034346554,-0.14646729432094874,0.21881991383633656,0.3974587546803905,66.61471033096313
1780876786.1234157,1.0865399798945556,-0.1464177331211598,0.21877961640875046,0.3974629173532911,66.63753652572632
1780876786.1471055,1.0864147885073492,-0.14638634801187564,0.21880580135314373,0.39749378771876387,66.66122627258301
1780876786.1656926,1.086324385986759,-0.14627426460476545,0.2187713877931408,0.39740573261083156,66.67981338500977
1780876786.1899025,1.0861820701669713,-0.1462851833688481,0.21875951757243725,0.3975004342807864,66.70402336120605
1780876786.2103758,1.0860832853135534,-0.14619351006669043,0.21876307893741984,0.39744166657725977,66.72449660301208
1780876786.2311947,1.0859558918009595,-0.14617162858747126,0.21875390602190944,0.39748533636651384,66.74531555175781
1780876786.254697,1.085848332349838,-0.146099904922002,0.21882091887930433,0.39745908703699584,66.76881790161133
1780876786.275553,1.0857356586477596,-0.14604331710505009,0.21882841505235473,0.3974500669098182,66.78967380523682
1780876786.2986119,1.0856092954192293,-0.14602113505594766,0.21880381347268918,0.39749558269620344,66.8127326965332
1780876786.31888,1.0855208856647782,-0.14591165012567425,0.21873318831752056,0.39740733929642413,66.8330008983612
1780876786.3402092,1.0853840752805737,-0.1459157406582498,0.21873209895169246,0.39749062122181833,66.85433006286621
1780876786.3612168,1.0852972512773105,-0.14580030192893292,0.21873792394904681,0.39739573219145896,66.87533760070801
1780876786.381733,1.0851594465073855,-0.1458080189713904,0.21873265905932635,0.3974830093881012,66.89585375785828
1780876786.4025037,1.0850606539613248,-0.1457198272553489,0.21880967793253742,0.39742933997364993,66.91662454605103
1780876786.4230578,1.0849397782298578,-0.14568989949830868,0.21879175381386465,0.39746154994188654,66.93717861175537
1780876786.4447262,1.084836522915464,-0.14561942867155023,0.21877412903759172,0.39742963590194513,66.95884704589844
1780876786.4678018,1.08471915761113,-0.14558103096764366,0.2187834005527719,0.3974503951512727,66.98192262649536
1780876786.4897172,1.084608395882618,-0.14552930992520646,0.218764017397633,0.39744738503345367,67.00383806228638
1780876786.5139132,1.08449095749778,-0.14549423404249426,0.21876950315003638,0.397470006649268,67.0280339717865
1780876786.5342607,1.084388670064219,-0.14542388511818244,0.21876668930528698,0.39743889815487243,67.04838156700134
1780876786.559407,1.0842732259535006,-0.14538530119500498,0.21878407539940564,0.39745686088571475,67.07352781295776
1780876786.5841386,1.0841756882411493,-0.14530421503999444,0.21879551356423202,0.3974102206981769,67.09825944900513
1780876786.6062741,1.0840400525762866,-0.14531797025888027,0.21873985614826277,0.3975051563192631,67.12039494514465
1780876786.6285124,1.0839519706968246,-0.14521494407968383,0.21878154928164684,0.3974243357733567,67.14263319969177
1780876786.6488936,1.0838299700263325,-0.14519854983818037,0.2187555166749707,0.39747491466262375,67.16301441192627
1780876786.671926,1.0837460114971855,-0.14509131493928265,0.2187375823140175,0.39738702288284244,67.18604683876038
1780876786.6943645,1.0836072512128834,-0.14511672421559282,0.2186944746538989,0.3974977929330752,67.20848536491394
1780876786.7164822,1.0835254906879725,-0.14500161530533723,0.21875562884658592,0.397399086440263,67.23060297966003
1780876786.7392247,1.0834064805123977,-0.14498367317565528,0.2186891212985291,0.39744633468844537,67.25334548950195
1780876786.7618403,1.0832945503391969,-0.1449451181615309,0.21872626524526717,0.397458569814348,67.27596116065979
1780876786.7825541,1.0831963868823464,-0.1448755982821769,0.2187591217429305,0.39742937270879075,67.29667496681213
1780876786.8045452,1.0830968452768917,-0.14481483176183857,0.21867903437949643,0.3974088486028897,67.31866598129272
1780876786.8251212,1.0829741321127273,-0.14480887780752769,0.21862976805634862,0.39747081166417697,67.33924198150635
1780876786.8480523,1.0828962995985494,-0.1446929345199992,0.2186666012035498,0.3973714205287209,67.36217308044434
1780876786.8699112,1.0827913922366035,-0.14464718860835937,0.21863665435574828,0.39737133143575587,67.3840320110321
1780876786.889279,1.0826484996906103,-0.14469111219047007,0.21862065684539447,0.3975076684227421,67.40339970588684
1780876786.9133372,1.082568438690715,-0.14457958217143727,0.21878266635183974,0.39741490875508134,67.42745804786682
1780876786.9357436,1.082480861580002,-0.14450471683702854,0.2185495420444026,0.39736932584992957,67.4498643875122
1780876786.9570582,1.082350178573916,-0.14451747812329385,0.21864625983080999,0.3974587063454216,67.47117900848389
1780876786.980376,1.0822478204492785,-0.14447029148609394,0.21865535330143868,0.3974598377390475,67.49449682235718
1780876787.0033212,1.0821608138596748,-0.144387450004622,0.2186547771398484,0.39740339806790903,67.51744198799133
1780876787.0273206,1.082053029033363,-0.14435351696637674,0.21870327579352483,0.39742255806331084,67.54144144058228
1780876787.0483716,1.0819568524573904,-0.14429423739510397,0.2187313811698151,0.39740268147905056,67.56249237060547
1780876787.0717719,1.081843439768059,-0.14427603016332552,0.21876675257281783,0.397444655985856,67.58589267730713
1780876787.093335,1.0817703951709903,-0.14416756866396543,0.21870870335255166,0.3973486725316633,67.60745573043823
1780876787.114107,1.0816397828312725,-0.14419469337464225,0.21870875535516876,0.3974587927859625,67.62822771072388
1780876787.1360579,1.0815511669199525,-0.14412309601600007,0.2187166701306145,0.3974159585360404,67.65017867088318
1780876787.1559284,1.0814335118080323,-0.14412756460577567,0.21863284345095804,0.3974910397618103,67.67004919052124
1780876787.1790345,1.0813671896853883,-0.14399880299145462,0.218763602904024,0.39736531445919443,67.69315528869629
1780876787.20213,1.081231861020865,-0.14405144535234246,0.21859131924200506,0.3975099810115825,67.71625089645386
1780876787.222411,1.0811704765033536,-0.14391521431289278,0.21869302358337467,0.39737412938943883,67.73653173446655
1780876787.2452064,1.0810909907510746,-0.14383305941239552,0.21863187802401152,0.39731374050864154,67.75932717323303
1780876787.2650619,1.0809523468801223,-0.1438887040161954,0.2186320823038105,0.3974640558625069,67.77918267250061
1780876787.2870836,1.080877349837058,-0.14379099721233324,0.21869822573423664,0.3973844035390979,67.8012044429779
1780876787.310427,1.0807944806567922,-0.14372228524775343,0.21862097773441824,0.397343375555657,67.82454776763916
1780876787.33223,1.080667528305812,-0.14375514861318991,0.21860974774906297,0.3974580305743256,67.84635090827942
1780876787.3543637,1.0805987467290863,-0.14364717576048913,0.2186706774883927,0.3973626227369591,67.86848449707031
1780876787.3760726,1.0805157646944645,-0.14358073811464933,0.218636008415262,0.39732424586276416,67.89019346237183
1780876787.4014058,1.080387174786238,-0.14361839701124243,0.218673941629569,0.39744683826010707,67.91552662849426
1780876787.4240358,1.080311803096414,-0.14353240473730167,0.21870030291047116,0.397379469254977,67.93815660476685
1780876787.4442334,1.080197961964584,-0.14354120040447418,0.21871108793708494,0.3974574243320861,67.95835423469543
1780876787.4680443,1.080133700263279,-0.14343731196944473,0.2186165555505563,0.39736101652740885,67.98216509819031
1780876787.4910824,1.0800217927311386,-0.14343998526548446,0.21868205799572277,0.3974300442144978,68.00520324707031
1780876787.5094926,1.0799442861045754,-0.14336273652680753,0.21877251314413373,0.39737529982327313,68.02361345291138
1780876787.533754,1.0798233601430653,-0.14339840384002844,0.21868468531994953,0.3974899358524837,68.04787492752075
1780876787.5551164,1.0797869246059528,-0.1432287345463627,0.2186843933906116,0.3972971104833576,68.06923723220825
1780876787.5764735,1.07966434647815,-0.14326403001940208,0.21876061435460661,0.39741063875989546,68.09059429168701
1780876787.5988936,1.079573770805632,-0.14323862581609367,0.2185042949000925,0.3974310893620192,68.11301445960999
1780876787.6202714,1.0794986519108345,-0.14315877449136102,0.21861960445847514,0.3973733534728989,68.13439226150513
1780876787.6428218,1.079418326417333,-0.14309488255439337,0.21875961153209533,0.3973373238814215,68.15694260597229
1780876787.6628888,1.0792862491942987,-0.1431675238169788,0.21862009501381435,0.3975043690461604,68.17700958251953
1780876787.6849086,1.0792321229870905,-0.1430442934047566,0.21873616420242473,0.39738188863164225,68.1990294456482
1780876787.7075214,1.0791614763413626,-0.14297492997986433,0.2185528114589536,0.39733342972205943,68.22164225578308
1780876787.7281537,1.0790480602984895,-0.1429977089998398,0.2185949403927924,0.39742599667903544,68.24227452278137
1780876787.7519486,1.0789616325095501,-0.1429570858609737,0.21866510958925048,0.3974273089097107,68.26606941223145
1780876787.7719665,1.0789042004684029,-0.14285716168954923,0.21857156539862838,0.39733082403627407,68.28608727455139
1780876787.7948494,1.078788880798536,-0.14288445414497597,0.21870250809789182,0.3974321996586756,68.3089702129364
1780876787.818124,1.078730928498686,-0.14278465634569196,0.2187270885367723,0.3973393983023712,68.33224487304688
1780876787.8389223,1.0786254699500726,-0.14280526822507153,0.2185740695589401,0.3974243846504022,68.35304307937622
1780876787.8605964,1.0785617788835868,-0.14271550998747246,0.21866493424191358,0.3973506238935638,68.37471723556519
1780876787.8831146,1.078512633812777,-0.14260449605879308,0.21854688662200783,0.3972364363250449,68.39723539352417
1780876787.9059358,1.0783690777226964,-0.14270383395965824,0.21872125491076905,0.39744212638124576,68.42005658149719
1780876787.9309359,1.0782934385851874,-0.1426563644313553,0.21865892202060844,0.397427352962052,68.44505667686462
1780876787.9519365,1.0782461777305525,-0.14254282032697724,0.2185487373041084,0.39731150387394365,68.46605730056763
1780876787.974743,1.0781309786780595,-0.1425803838511335,0.21869967375224408,0.397422075516519,68.48886370658875
1780876787.994932,1.0780590077018946,-0.1425267723988861,0.21865303985473697,0.397398032871191,68.50905275344849
1780876788.0191176,1.0779937231558205,-0.14245800796286198,0.21859070564928482,0.3973480893477763,68.5332384109497
1780876788.0412796,1.077896153103859,-0.14246271757271242,0.2186281207918924,0.3974088335520456,68.55540037155151
1780876788.0637844,1.077836481800204,-0.14237696493796478,0.2187090618288395,0.39733689799173355,68.57790517807007
1780876788.0863924,1.0777463415943498,-0.14236693747995705,0.21875179304950418,0.39737282268628693,68.60051321983337
1780876788.1078508,1.0776497937784602,-0.14237764371752074,0.21869629855205427,0.39744341709884345,68.62197160720825
1780876788.1305823,1.0776134768743764,-0.14224611524920142,0.21861777534768495,0.397297019124065,68.64470314979553
1780876788.1526136,1.0775021211112508,-0.14228460809620033,0.2187643047734255,0.3974087451066488,68.66673445701599
1780876788.172712,1.0774281886723274,-0.14224706050262975,0.21871400810789807,0.39740478714891836,68.68683290481567
1780876788.1991868,1.077377532364857,-0.1421532790858646,0.21864780208428566,0.3973161513744863,68.71330761909485
1780876788.2241905,1.077268839961376,-0.14219466224036306,0.21865335091958088,0.3974297735471577,68.73831129074097
1780876788.243873,1.0772212881574963,-0.1420910612112815,0.21869646856135347,0.3973269947239171,68.75799369812012
1780876788.2664213,1.0771364057785133,-0.14208061898581578,0.21868252140878078,0.3973595426652281,68.78054213523865
1780876788.2870355,1.0770583617995066,-0.14205792540109768,0.21860426718948192,0.3973786634052541,68.80115628242493
1780876788.308156,1.0769889322939772,-0.142007415107828,0.21867305973757853,0.39735206935560186,68.82227683067322
1780876788.3324127,1.0768912001027962,-0.14202960120341115,0.2186863960197693,0.39743835956657225,68.84653353691101
1780876788.3513725,1.0768540088180585,-0.14190794738792425,0.21869895156372834,0.39730387654578436,68.8654932975769
1780876788.3744686,1.076746846013728,-0.1419547414050489,0.2187030305887558,0.39742610507845555,68.88858938217163
1780876788.394627,1.0767002063534405,-0.14185859718658492,0.2186975595589538,0.3973291453742611,68.90874791145325
1780876788.4188569,1.076605561144414,-0.14187900320400176,0.21866836355488117,0.39741190694206097,68.9329776763916
1780876788.440756,1.0765535423793346,-0.14179616120183863,0.21869823210038009,0.397333879544874,68.95487689971924
1780876788.46138,1.0764702212304862,-0.14179284857325308,0.2186559470339927,0.39738023583658055,68.97550082206726
1780876788.4844935,1.0763914172902982,-0.1417745847696619,0.21870389755601913,0.39739941515750665,68.99861431121826
1780876788.5042932,1.0763156925809019,-0.14175376883066443,0.2186881087572361,0.3974188922004762,69.01841402053833
1780876788.5260627,1.0762585996445069,-0.14168877716844555,0.21866838661832277,0.39736757865033834,69.04018354415894
1780876788.5480492,1.0762060698938822,-0.1416115450675182,0.21869697386764028,0.3973026310351129,69.06217002868652
1780876788.5684814,1.0761298161580322,-0.14159282769713083,0.2187169985871062,0.39731993698294055,69.08260226249695
1780876788.5904503,1.076053839191868,-0.141576324432378,0.21868470717905816,0.3973448979036611,69.10457110404968
1780876788.610441,1.0759616980548097,-0.1415981184844751,0.218666195492973,0.3974226773010976,69.12456178665161
1780876788.632816,1.0759061940867594,-0.14152931890872034,0.21874136812087733,0.3973707980290486,69.14693689346313
1780876788.6557155,1.0758502992852652,-0.14147005275848726,0.21866454923098239,0.3973257882968202,69.1698362827301
1780876788.676654,1.0757591988640633,-0.14149062675893295,0.21867301224803765,0.3974034177730843,69.19077491760254
1780876788.6988337,1.0757267858072903,-0.1413734312858813,0.21864363494523217,0.3972758615110994,69.2129545211792
1780876788.719089,1.075637998860372,-0.1413852838943092,0.2187707681244479,0.3973389335999249,69.23320984840393
1780876788.7438884,1.0755432653041983,-0.14142507178445107,0.21860496972058086,0.3974438265163567,69.25800919532776
1780876788.767056,1.0755208300423447,-0.14128016803435042,0.21868596038844318,0.3972761696756315,69.28117680549622
1780876788.790574,1.0754603869506076,-0.14123492600101542,0.21864112360925061,0.39725163513945283,69.30469489097595
1780876788.8134303,1.0753495147522527,-0.1412996982649556,0.21878642823945474,0.39739748896984306,69.3275511264801
1780876788.8359857,1.0753144573210645,-0.141197797144054,0.2186751646517607,0.3972875954929309,69.35010647773743
1780876788.8629725,1.075220486482103,-0.1412286235042748,0.21872472053145314,0.3973811765089632,69.37709331512451
1780876788.8885918,1.0751636189339575,-0.14117230553998297,0.2187708232144161,0.3973422723251865,69.40271258354187
1780876788.9097703,1.0750960005843992,-0.1411445218077909,0.2187717571188815,0.3973459989416721,69.42389106750488
1780876788.9344718,1.0750346823771755,-0.1411017750972894,0.21880415925319824,0.3973255370034119,69.44859266281128
1780876788.9600508,1.0749401141941877,-0.1411435631364085,0.21870527829673342,0.39743318459906796,69.47417163848877
1780876788.983454,1.0749080657951704,-0.14102968290224374,0.21874795765137384,0.3973076771384694,69.49757480621338
1780876789.007999,1.0748289761524878,-0.14103166104032536,0.21873832041321445,0.397355024748121,69.5221197605133
1780876789.0300336,1.0747662704913237,-0.14099458896398276,0.21874374403154337,0.3973447914126709,69.54415440559387
1780876789.0565526,1.0746931327480636,-0.14098331672440784,0.21875676874954172,0.39736979178932685,69.57067346572876
1780876789.0807302,1.0746365702216083,-0.14093102198787008,0.21878450377770645,0.39733980231668653,69.59485101699829
1780876789.1003795,1.0745906743935698,-0.14085953535317314,0.21870038463494362,0.3972734424814206,69.61450028419495
1780876789.124258,1.0744927809517457,-0.14090872821841374,0.21868135964032778,0.39739131980786,69.63837885856628
1780876789.1445806,1.0744570223667944,-0.140807623757072,0.21871299458508345,0.3972850285008587,69.65870141983032
1780876789.1688561,1.0743746978322573,-0.14081895873467742,0.21876303902804764,0.3973440856729482,69.68297696113586
1780876789.1909566,1.074321423342623,-0.14076420646417845,0.21872617872953967,0.3973079376274571,69.70507740974426
1780876789.2124321,1.074233925456845,-0.14078906781182499,0.21871791592149595,0.3973874806624016,69.72655296325684
1780876789.2335596,1.0741899219192583,-0.14070725310285903,0.21879906391016338,0.39730947357515856,69.74768042564392
1780876789.2540588,1.0741163202472763,-0.1407037294034859,0.2187376286093091,0.3973478757879425,69.76817965507507
1780876789.2788272,1.074046074980757,-0.14068794976466822,0.21874999292462965,0.3973669678902265,69.79294800758362
1780876789.3019009,1.0739902627686406,-0.14063941103306804,0.21874752666091737,0.3973366771674005,69.81602168083191
1780876789.322187,1.0739350063745519,-0.14058880994052486,0.2187571225584303,0.3973049772887265,69.83630776405334
1780876789.344474,1.0738565010607528,-0.1405941081171522,0.21877921116885665,0.3973564016411375,69.85859489440918
1780876789.3647575,1.0737928376248553,-0.14056320353474586,0.21880571406172347,0.39735351166832444,69.87887835502625
1780876789.3901505,1.0737422802814287,-0.14050464382306885,0.2187628583689223,0.39730735705501097,69.90427136421204
1780876789.4131656,1.0736709786300782,-0.14049430203440855,0.21876708816382956,0.3973360978090943,69.92728638648987
1780876789.4330304,1.0736053781612551,-0.14046862003432445,0.21876967274054102,0.39734027118142023,69.94715118408203
1780876789.455495,1.0735539808225196,-0.14041119036214872,0.21877153074386838,0.397298054252877,69.9696159362793
1780876789.4755967,1.073475023237283,-0.14041884012211792,0.21877264882218536,0.3973515249536348,69.98971748352051
1780876789.4971647,1.073421969713271,-0.14036581425333877,0.21877215494663635,0.3973148200946577,70.01128554344177
1780876789.5189738,1.073342926129631,-0.14037216540370837,0.21881196831449898,0.3973674756834953,70.03309464454651
1780876789.5400546,1.0733199593668132,-0.14025006565911852,0.21873827666051227,0.39722789278757986,70.05417537689209
1780876789.5657244,1.073215063029683,-0.14031483344537868,0.21885637227771934,0.3973669988640154,70.07984519004822
1780876789.5871775,1.0731751445582574,-0.1402346059878727,0.21877403278157692,0.39729048980078474,70.10129833221436
1780876789.6106665,1.0730823063676231,-0.1402767139903493,0.21874069314267103,0.3973940964625555,70.12478733062744
1780876789.6338425,1.0730441517544922,-0.14018472132725318,0.21881259012423038,0.39730112836012843,70.14796328544617
1780876789.6536205,1.0729665269792417,-0.14019317195996428,0.21875544261895516,0.3973541659848232,70.16774129867554
1780876789.6752768,1.0729165957668105,-0.14012974446424942,0.21882081423959787,0.39730352303479144,70.18939757347107
1780876789.6989572,1.0728477227281794,-0.14011713638668652,0.21877022250593342,0.3973265573390501,70.21307802200317
1780876789.718285,1.0727753885221543,-0.14010998104388261,0.21878634763992955,0.39735757148383044,70.2324059009552
1780876789.7404563,1.0727307208791221,-0.1400383847490241,0.2187742990311494,0.3972936340552611,70.25457715988159
1780876789.7608113,1.0726533521792763,-0.1400444595668729,0.21875495583742027,0.3973445047747255,70.27493214607239
1780876789.7839148,1.0726098141184186,-0.13996976812117,0.21874987256583955,0.39727559723664996,70.29803562164307
1780876789.8093915,1.0725157093918527,-0.14001602605201027,0.21871317430337292,0.39738539974367626,70.32351231575012
1780876789.8290505,1.0724858895629972,-0.13990290709044798,0.21882317249694386,0.3972617838352832,70.34317135810852
1780876789.852141,1.0723893339852437,-0.13995457452878055,0.21882042202592003,0.3973787446592656,70.36626172065735
1780876789.8718143,1.0723684308774948,-0.13983077681533626,0.21869017000048577,0.3972370211719527,70.3859350681305
1780876789.8967829,1.0722861686063996,-0.13984410721545068,0.21879320852296213,0.3972978028161904,70.41090369224548
1780876789.9193578,1.072216342382854,-0.13983502762034747,0.2187168035797457,0.3973274808753011,70.4334785938263
1780876789.9400713,1.0721598841677968,-0.13979130263366576,0.21869820857806985,0.3973035394304656,70.45419216156006
1780876789.9618526,1.072088281097255,-0.13978173044878678,0.21872403304076637,0.39733150805884954,70.47597336769104
1780876789.982326,1.0720365875459488,-0.1397255852014382,0.2187383115228171,0.39729108326594975,70.49644684791565
1780876790.0053372,1.071951061150555,-0.13974979152354947,0.2187469543496953,0.3973674866606691,70.51945805549622
1780876790.0284283,1.0718970456790335,-0.13969657115014483,0.21882748982500183,0.3973335727910525,70.54254913330078
1780876790.0490103,1.0718612079394259,-0.13960837363586873,0.2187082646219353,0.397241146903621,70.56313109397888
1780876790.0708597,1.0717605567446622,-0.1396686042417101,0.21871699215333948,0.39737266977034746,70.58498048782349
1780876790.0914125,1.071713440797821,-0.13960058038865839,0.2187595638582419,0.39731650754792547,70.60553336143494
1780876790.1143765,1.0716604405121364,-0.13955086335882672,0.2187125948501701,0.39728106711045186,70.62849736213684
1780876790.1379867,1.0715787878600977,-0.13956711609550573,0.2186974103415653,0.39734763379979476,70.65210747718811
1780876790.1601331,1.071533974372848,-0.13949329956082107,0.21873385049581898,0.39728091406522736,70.67425394058228
1780876790.1828184,1.0714491253883778,-0.1395118540081947,0.21884745392267518,0.3973498625979275,70.69693922996521
1780876790.2026162,1.0714218171221586,-0.13940417144859296,0.21872282128027745,0.3972319819656729,70.71673703193665
1780876790.2259498,1.0713271103915063,-0.1394455754929329,0.21884117879284012,0.3973346425438624,70.74007058143616
1780876790.2486916,1.071290745780632,-0.13935820079889943,0.2187356838326267,0.3972468813426815,70.76281237602234
1780876790.2697508,1.0711948618408687,-0.1394016659060864,0.21886416419752738,0.3973534326990018,70.7838716506958
1780876790.291385,1.0711559398841468,-0.13931771874285187,0.2188451053856438,0.3972712348871017,70.80550575256348
1780876790.312217,1.0710624650020135,-0.13936516508831615,0.21877415056861205,0.39738151439432734,70.82633781433105
1780876790.336213,1.071039079867954,-0.13923902347523462,0.21882964637574687,0.39723800938024745,70.85033392906189
1780876790.3569446,1.0709315613724322,-0.13931912293390342,0.21878048981182327,0.39739652685757143,70.87106537818909
1780876790.3772094,1.0709077892272303,-0.13919543698877562,0.21882702093946704,0.3972568593821446,70.89133024215698
1780876790.3989851,1.0708117940050375,-0.13925015639177604,0.21872635808095567,0.3973758149320652,70.91310596466064
1780876790.4226048,1.0707550392122815,-0.13920358569997876,0.21879653609507854,0.3973519960160976,70.93672561645508
1780876790.44085,1.0707195818300737,-0.1391146050490692,0.21868831580979836,0.3972590081396685,70.9549708366394
1780876790.4653273,1.0706298948512563,-0.13914930634462414,0.2186871349690254,0.3973515208923404,70.97944808006287
1780876790.4852743,1.070577931565774,-0.1390919692737472,0.21874821782666992,0.39731148471072686,70.99939513206482
1780876790.5085483,1.0705266388901615,-0.13903876295243525,0.21869285387970777,0.39727024806989775,71.02266907691956
1780876790.5315676,1.0704396272571959,-0.13906648012478948,0.21870353756037267,0.39735449831680825,71.04568839073181
1780876790.551483,1.0703896140821785,-0.1389992598871624,0.21887878579605255,0.39729830059295246,71.06560373306274
1780876790.574333,1.0703335658251802,-0.13896074919048138,0.2187893120952779,0.3972806679581158,71.08845376968384
1780876790.5959375,1.0702570855019318,-0.1389673252650367,0.21873115347628838,0.39733066897497693,71.1100583076477
1780876790.6196942,1.0702187622942083,-0.13887942250095933,0.21875717436506248,0.3972436556885608,71.13381505012512
1780876790.6411953,1.0701302805274302,-0.13890741074481808,0.21884801480978672,0.39732495992696926,71.15531611442566
1780876790.6617193,1.0700612465751516,-0.13889668574424877,0.2188068611331678,0.39735215595816875,71.17584013938904
1780876790.6842914,1.0700283309077532,-0.1388026940754529,0.21870106187467697,0.3972515539667185,71.1984121799469
1780876790.705962,1.0699318243499594,-0.13885231766001851,0.21875514744801206,0.39736656476470067,71.22008275985718
1780876790.7289195,1.069896115638255,-0.1387570107850527,0.21880621844493633,0.3972692363119892,71.24304032325745
1780876790.7510457,1.0698455808148724,-0.1387047133478614,0.21872070499535695,0.3972291229071878,71.26516652107239
1780876790.7718294,1.0697546787942056,-0.13874052024207825,0.21878191562015561,0.3973265072739576,71.28595018386841
1780876790.7950597,1.0696999829679064,-0.13869439347969945,0.21878243371212147,0.39729604927572915,71.30918049812317
1780876790.8154266,1.0696308145015034,-0.1386855556964761,0.21873751287238458,0.39732546008110603,71.32954740524292
1780876790.8381422,1.0695872434572729,-0.1386109009931585,0.21877680415872738,0.39725577464843553,71.3522629737854
1780876790.8605945,1.06949136551368,-0.1386644390831285,0.21872939026970004,0.39737533363330435,71.37471532821655
1780876790.8827174,1.0694638172089153,-0.13854884062637476,0.21882894650442977,0.3972463802439439,71.39683818817139
1780876790.9066005,1.0693705480468232,-0.13859718250408007,0.2187806045358255,0.39735815921895323,71.42072129249573
1780876790.9271872,1.0693351764326269,-0.13850155783230636,0.2188503227894866,0.39725747026568925,71.44130802154541
1780876790.949702,1.0692390309827595,-0.138559143980548,0.2187729081297979,0.3973834915263925,71.46382284164429
1780876790.973428,1.0692132740478866,-0.1384415570516584,0.21884308144620837,0.3972492656402986,71.487548828125
1780876790.9932005,1.0691176225105197,-0.13850196272605492,0.21868378548415968,0.3973786238407424,71.50732135772705
1780876791.0156856,1.0690916967656556,-0.1383807259197083,0.21884918718975174,0.39724135806955374,71.52980637550354
1780876791.0361638,1.0689889280710374,-0.13845740275184887,0.21870282299843155,0.39739344277522015,71.55028462409973
1780876791.0615249,1.0689512254145046,-0.13836882415374815,0.21878350289552034,0.39730606568973403,71.57564568519592
1780876791.0858743,1.0689088636486095,-0.1383023655697757,0.21865275757860353,0.39724325547086003,71.59999513626099
1780876791.1062865,1.0688196230846467,-0.13834080770329613,0.21863767170817494,0.39734052496811234,71.62040734291077
1780876791.1316197,1.0687603697320378,-0.13830187546022718,0.21876932171674318,0.3973273277768259,71.6457405090332
1780876791.1559944,1.068734687276212,-0.13819715175500522,0.21862252505827257,0.3972075083541249,71.67011523246765
1780876791.17451,1.068631338479843,-0.13826476941890753,0.21870920833659566,0.3973489656833671,71.68863081932068
1780876791.1963987,1.068550367623404,-0.1382877066547961,0.2186731464074619,0.39742440518459965,71.71051955223083
1780876791.2168403,1.068544607836897,-0.1381221321388387,0.2188057060467627,0.3972191373774123,71.73096108436584
1780876791.2399335,1.0684644768445948,-0.13814576244586763,0.21874936791838637,0.3972917757787542,71.75405430793762
1780876791.26161,1.0683977240995188,-0.13814179054278108,0.21855029105328838,0.3973245584644438,71.77573084831238
1780876791.2819812,1.0683464629376427,-0.1380771094073814,0.21884835070305075,0.3972720411679749,71.79610204696655
1780876791.3064032,1.0682976640526871,-0.13803363745782332,0.21866868478986332,0.3972439293661658,71.82052397727966
1780876791.3262074,1.0682190037664716,-0.13805446073324232,0.21855863613795926,0.3973127223886923,71.84032821655273
1780876791.349629,1.0681354725545191,-0.1380713862121023,0.21883616006405676,0.39738118333725403,71.86374974250793
1780876791.3722832,1.0681343087114463,-0.13791795778570046,0.21855193290885633,0.39719015239504074,71.88640403747559
1780876791.3929214,1.0680747147717586,-0.1378878591068935,0.21859987255345525,0.39718160180989504,71.90704226493835
1780876791.414769,1.0679505251724677,-0.13800112264612602,0.21890836352863552,0.39739475146518544,71.92888975143433
1780876791.436699,1.0679647618877384,-0.13781382894079866,0.2186234552074298,0.3971537288570035,71.95081973075867
1780876791.459544,1.0679080002638868,-0.13778834290925338,0.21848074859119887,0.39714963850905516,71.9736647605896
1780876791.4825504,1.0677871952310187,-0.13789142687053607,0.21881495917067495,0.39734494109586116,71.99667119979858
1780876791.5035636,1.0677035733517535,-0.1379436224566511,0.21846848546541747,0.39745795730373956,72.01768445968628
1780876791.5258806,1.067687091781677,-0.1378028968830969,0.21873327789713426,0.3972943859264646,72.0400013923645
1780876791.546387,1.067703950759682,-0.1376138587171811,0.2184157022489638,0.39704388292698933,72.06050777435303
1780876791.5719686,1.0676210524385834,-0.1376413074773483,0.2185361942178982,0.3971215173560356,72.08608937263489
1780876791.5953853,1.0674774272570189,-0.13781067455347534,0.21870309136549362,0.3974147251862279,72.1095061302185
1780876791.6168447,1.0674114184316157,-0.13781290911956431,0.21859176992125065,0.3974545209074831,72.1309654712677
1780876791.6393216,1.067434896902498,-0.13758704123581075,0.21872379596123975,0.3971593623679919,72.1534423828125
1780876791.6599474,1.067395671383121,-0.13753017362063644,0.218520504394427,0.39710712271695137,72.17406821250916
1780876791.6837242,1.0672660946884904,-0.13766355591440183,0.21882158460578738,0.397344400407051,72.19784498214722
1780876791.7067056,1.0672470687079667,-0.13755591195212455,0.21866823345391428,0.3972239202817711,72.2208263874054
1780876791.727084,1.0672430660691898,-0.13741654055856892,0.21847502826043008,0.39704812093189457,72.24120473861694
1780876791.7489612,1.0671366439443226,-0.13750263702160018,0.21866658109761974,0.3972127876816991,72.2630820274353
1780876791.768987,1.0670274042395576,-0.13761048763114192,0.21852278924777888,0.3974104572802357,72.28310775756836
1780876791.791962,1.0669729872524056,-0.1375741467893978,0.21873008644819578,0.39739579160012983,72.3060827255249
1780876791.814027,1.0669995874526494,-0.13736450680740836,0.2185090000657794,0.397116534330193,72.3281478881836
1780876791.834519,1.0669450558578732,-0.13733828634089928,0.21853089063510395,0.39711107281759617,72.3486397266388
1780876791.8564663,1.0668096671737204,-0.1374892655015258,0.2188702409281761,0.39737582804243843,72.37058711051941
1780876791.8817708,1.0668180645314302,-0.13732759063499497,0.21862642167402965,0.3971707576939201,72.39589166641235
1780876791.9008157,1.0667892849565777,-0.13724928337106848,0.21850274368526054,0.397085058501359,72.41493654251099
1780876791.925709,1.0666619521466276,-0.13738644747184403,0.21878375813971856,0.3973257904449623,72.43982982635498
1780876791.9460893,1.0666279834109629,-0.13732138614390993,0.21864577166409616,0.39726657863890047,72.46021008491516
1780876791.9700634,1.066615190161298,-0.13720444800786985,0.21856643506073062,0.3971222624236601,72.48418426513672
1780876791.9954367,1.066509344999545,-0.1372934972607291,0.21884675191231656,0.397292417515799,72.50955748558044
1780876792.0161068,1.0664459865776021,-0.1373096229480402,0.21855911615239274,0.39734885215499993,72.53022766113281
1780876792.0401447,1.066429529297926,-0.13719505088448794,0.21863649637414828,0.39721462635065574,72.55426549911499
1780876792.061201,1.0663945024453472,-0.1371358878492403,0.21853623946524425,0.39715640043099754,72.5753219127655
1780876792.0827167,1.0662849387485953,-0.13723909058330255,0.2187294017632471,0.39734651089242146,72.59683752059937
1780876792.1066487,1.066220109604117,-0.13725270366917774,0.21865142096426954,0.3974002483740282,72.62076950073242
1780876792.126598,1.0662372314756732,-0.1370633215095015,0.2186734925709399,0.3971521364789261,72.64071869850159
1780876792.1477525,1.0661874161604352,-0.1370380781260276,0.21867021698006453,0.39714539402396376,72.66187334060669
1780876792.1685822,1.0660670594335537,-0.1371776273812596,0.21871282176772533,0.39738865379779753,72.68270301818848
1780876792.1897054,1.066050802432822,-0.1370708918754581,0.21879355609164558,0.39726347896701064,72.70382618904114
1780876792.2120802,1.0660182577642399,-0.13702041427597064,0.21846061831017813,0.39721631760309517,72.72620105743408
1780876792.2362812,1.065944284543532,-0.13703523427081066,0.21883407650001413,0.39727452606932445,72.75040197372437
1780876792.2590783,1.065881414761118,-0.1370577593442108,0.21858109995127362,0.39733796962431356,72.7731990814209
1780876792.281813,1.0658658421271214,-0.13695175414651206,0.21859744103072615,0.3972139919852502,72.7959337234497
1780876792.3045018,1.0658372871594746,-0.13687667760735964,0.218668465036078,0.3971319237335287,72.81862258911133
1780876792.3270195,1.065722515730139,-0.13700464024698608,0.21880640381217206,0.39735789710724845,72.84114027023315
1780876792.347755,1.0657388697945631,-0.13683530342043268,0.21863518595407055,0.39713561481805293,72.8618757724762
1780876792.3710132,1.0656813792325606,-0.1368329698266578,0.21867637790937003,0.3971615062216616,72.88513398170471
1780876792.3911545,1.065576367323593,-0.13694232681140753,0.218747114012548,0.3973597807313567,72.90527534484863
1780876792.4123843,1.0655860384728981,-0.13678457904313035,0.2187372586010394,0.39715462390725964,72.92650508880615
1780876792.4338176,1.0654804168170775,-0.13690303199240866,0.21869415552665172,0.3973601681036767,72.94793844223022
1780876792.4541152,1.0654573382423271,-0.1368282735043717,0.218601381872804,0.3972809665358934,72.96823596954346
1780876792.478462,1.0654274763042282,-0.13676608918343128,0.21855780283642426,0.3972168969890726,72.99258279800415
1780876792.4986544,1.06535915043625,-0.13678495300572996,0.21881095794452202,0.397278294901378,73.012775182724
1780876792.5200446,1.06531609182426,-0.1367679710668113,0.21853694581798283,0.3972807888354106,73.03416538238525
1780876792.542031,1.0652715685957723,-0.13673507722079514,0.21865443145422464,0.39726378428668774,73.05615186691284
1780876792.5623837,1.0652328038921655,-0.13669057025738748,0.21881644341628798,0.39722762500090436,73.07650446891785
1780876792.585448,1.0651728165955048,-0.13671579039543974,0.2185514376019305,0.39729258619478625,73.09956884384155
1780876792.6077611,1.0651414469808775,-0.1366548178667553,0.2186501378306583,0.3972342429082172,73.12188196182251
1780876792.627858,1.065109614419741,-0.13660109552948407,0.21866866013402592,0.3971807211500762,73.14197874069214
1780876792.6497164,1.0650215301481472,-0.1366790128542409,0.21874949587886633,0.39733037665714566,73.16383719444275
1780876792.6700704,1.0650312516128493,-0.13653303521137727,0.21865274653240627,0.3971389576631248,73.18419122695923
1780876792.6937075,1.0649452535428672,-0.13660469807829936,0.2187839473169853,0.39727540086209423,73.20782828330994
1780876792.717067,1.0648794463511146,-0.1366421944287325,0.21867248245524162,0.3973604720473096,73.23118782043457
1780876792.736945,1.0648934379124722,-0.13648176791678232,0.21867756181186948,0.39715027112904,73.25106573104858
1780876792.7623618,1.064836398881419,-0.13649077752894764,0.2187490310202481,0.39719113333378964,73.27648258209229
1780876792.7830431,1.0647368855862906,-0.136611503014839,0.2185909706525476,0.3973982035818793,73.29716396331787
1780876792.80685,1.0647157847852968,-0.1365330929007682,0.21869436929072572,0.39731367500064785,73.3209707736969
1780876792.8298564,1.0647064156195645,-0.1364357584527112,0.2186147287102947,0.3971925360918851,73.34397721290588
1780876792.850527,1.064627191026682,-0.13649287498166807,0.21880782384779163,0.3973086575219096,73.36464786529541
1780876792.8761947,1.0646182897775223,-0.13640445684141256,0.21860992623015096,0.39720310200312436,73.39031553268433
1780876792.89762,1.06455903408415,-0.13642451199519867,0.21859047818173868,0.39725858099953726,73.41174077987671
1780876792.9188855,1.0644843468079939,-0.13647519981754738,0.21875344836975075,0.3973658779322644,73.4330062866211
1780876792.9413245,1.064523404107219,-0.13627064484778392,0.2185791894036605,0.39708506990813675,73.45544528961182
1780876792.9612198,1.0644758140243555,-0.13626254588543918,0.2186591172883306,0.39709911662091013,73.4753406047821
1780876792.985637,1.0643408239793644,-0.1364644207140796,0.21867905718134015,0.39742859555959065,73.49975776672363
1780876793.006662,1.0643278707572614,-0.13639130661351684,0.21843088879204883,0.3973450940817509,73.5207827091217
1780876793.0308428,1.0643259706274486,-0.1362626169266381,0.21872814778150576,0.39718306933405145,73.54496359825134
1780876793.0555737,1.0643030730294878,-0.13621543233350789,0.2184956412014456,0.3971355750231389,73.56969451904297
1780876793.0760653,1.0642161697955825,-0.13629652577631407,0.21866901831793073,0.3972834922118169,73.59018611907959
1780876793.1035192,1.0641136823178634,-0.13643598304995708,0.2185102867798879,0.39751731850478045,73.61764001846313
1780876793.1239672,1.0641175441785748,-0.1363108903520198,0.21856543203699608,0.39735910469713076,73.63808798789978
1780876793.147066,1.064148814932133,-0.1361203934089353,0.21858134826514844,0.39709977631034654,73.66118693351746
1780876793.1713266,1.0641242556678843,-0.1360687851041651,0.21859003292672446,0.397047819985735,73.68544745445251
1780876793.1917958,1.0639896796325632,-0.13627193323723716,0.21868690465398566,0.39737597927145174,73.7059166431427
1780876793.2151737,1.0639267881245555,-0.13632778468387322,0.21836550307793118,0.39748351671743,73.72929453849792
1780876793.235028,1.0639346473145794,-0.13618490915253603,0.21863164128737714,0.39730246281834614,73.74914884567261
1780876793.2575407,1.0639723839856459,-0.13598440668845793,0.21865447096474447,0.39702431486572376,73.77166152000427
1780876793.2833452,1.063874607393067,-0.13612024937832076,0.21845603941365846,0.39724842552095385,73.79746603965759
1780876793.3029368,1.063801028785313,-0.13616804335464205,0.21882180538904475,0.3973513894169276,73.8170576095581
1780876793.3256774,1.0638268463802405,-0.13601899944670534,0.2184712748285875,0.39715011519650734,73.83979821205139
1780876793.3499851,1.063774919719761,-0.13601764150541348,0.21883495822916196,0.39717245294191006,73.86410593986511
1780876793.370891,1.0636512393533715,-0.13622560865354907,0.21845562829360582,0.3975047112058139,73.88501191139221
1780876793.393032,1.063613682401688,-0.13621068366200653,0.21844681470564548,0.3975085776000684,73.90715289115906
1780876793.4140868,1.0636638677894588,-0.13596889422862812,0.218803661493314,0.39717747578127316,73.92820763587952
1780876793.4369423,1.0636256000236728,-0.13596517769252112,0.2186076858726527,0.3971888490804236,73.95106315612793
1780876793.4627569,1.0635258192027623,-0.13609646135442996,0.2186927425685568,0.3974118989996587,73.97687768936157
1780876793.482331,1.063557368527069,-0.13591987715808126,0.21869452887310917,0.39717366084633543,73.99645185470581
1780876793.5053587,1.0634878730978203,-0.13598111557938378,0.21871618476249297,0.3972848298482319,74.01947951316833
1780876793.5256183,1.0634195778133306,-0.1360514582462905,0.21855173269753184,0.39741341982229805,74.03973913192749
1780876793.5469368,1.0634366493193392,-0.13589795557133022,0.21878077366410814,0.39721316559744135,74.06105756759644
1780876793.569889,1.0634167666346803,-0.13585437750134383,0.21859663064603538,0.3971662038483732,74.08400988578796
1780876793.5915136,1.0633468786924398,-0.13591938014494906,0.21860472239107,0.39728618667197857,74.10563445091248
1780876793.6130438,1.0632996377182713,-0.1359285141499127,0.21868777479920035,0.39732639604581976,74.12716460227966
1780876793.6331358,1.0633129461387958,-0.13579322771707267,0.21877356130199552,0.3971459577671297,74.14725661277771
1780876793.6557539,1.0632300716088001,-0.13589433751770427,0.2187286693174686,0.39732022160129965,74.16987466812134
1780876793.6780663,1.06323179957036,-0.1357872380297852,0.21883299539622728,0.39718374478560037,74.19218707084656
1780876793.6978214,1.0631632754667397,-0.13586054521297158,0.21867751458210868,0.3973129373541546,74.21194219589233
1780876793.7194657,1.063168706352013,-0.1357444242477299,0.21877427031202598,0.39716609571285844,74.23358654975891
1780876793.7398863,1.063096941777853,-0.13582289722714552,0.21867814065094207,0.3973014830744255,74.25400710105896
1780876793.762086,1.063084446785771,-0.1357557998298901,0.2186652371292288,0.3972273059045568,74.27620673179626
1780876793.7834666,1.0630406827966816,-0.13575908995506272,0.21873107419297283,0.3972517869099548,74.29758739471436
1780876793.8041992,1.0629836189078614,-0.13580411155542677,0.21862652734126123,0.3973426347230582,74.31832003593445
1780876793.8264036,1.062995102768497,-0.1356730591880534,0.21875593315747585,0.3971710790966485,74.34052443504333
1780876793.847325,1.0629468939980202,-0.1356889264767084,0.21883681392873658,0.39721638269250015,74.36144590377808
1780876793.869804,1.0628922698810888,-0.1357333862278345,0.21863284605982897,0.39730278406759645,74.38392472267151
1780876793.8914266,1.0629005405032432,-0.13561285671114237,0.21870260984451415,0.3971477479078249,74.40554738044739
1780876793.911299,1.0628605879839452,-0.13561517248216437,0.2186662139240666,0.3971705573238449,74.42541980743408
1780876793.9332771,1.0627956577467583,-0.13567430995614055,0.2186558230099727,0.39728278161273334,74.4473979473114
1780876793.9529476,1.0627822698653981,-0.135602457112743,0.21882955162455156,0.39719989371954334,74.4670684337616
1780876793.9759958,1.062753377029011,-0.13558582286397144,0.21867363492411843,0.3971940965728624,74.49011659622192
1780876793.9982913,1.06270196761436,-0.13561763286319198,0.218559431423396,0.3972618905140308,74.51241207122803
1780876794.0187619,1.0626574900579935,-0.13561547083122644,0.2188491771177323,0.39728559785411655,74.53288269042969
1780876794.041261,1.0626894604254622,-0.13545520362425098,0.21863771450504024,0.39706613872310736,74.55538177490234
1780876794.0643783,1.0626279583891851,-0.13550562508738043,0.21868310345222272,0.39716101493019096,74.57849907875061
1780876794.0835214,1.0625456585172324,-0.13561314006461975,0.21854105596641946,0.39734211733301006,74.59764218330383
1780876794.105775,1.0625118622792442,-0.13559112239054014,0.21871904884891777,0.39733547801178926,74.6198959350586
1780876794.1264615,1.0625454969153758,-0.13541737457820566,0.21870513230333155,0.39709580643672204,74.64058232307434
1780876794.1519632,1.062468200766682,-0.13550553985382968,0.2188016341641361,0.3972483189394236,74.6660840511322
1780876794.1752028,1.0624401106713728,-0.13549109983357985,0.21852496654190762,0.39724756183215426,74.68932366371155
1780876794.1961238,1.0624204884768405,-0.13542667442339257,0.21888480439255134,0.39717622251168194,74.71024465560913
1780876794.218659,1.0623621035983193,-0.13548402233517984,0.21868940415439944,0.3972794999680307,74.73277974128723
1780876794.2387877,1.0623580952229752,-0.1354024490310905,0.2186292422968612,0.39718158024969696,74.75290846824646
1780876794.2608707,1.0623425680628802,-0.13534589532643435,0.21863633495946544,0.39711533927541254,74.77499151229858
1780876794.2828887,1.0622525923625155,-0.13545555279338173,0.21889509788167705,0.3973039481320537,74.79700946807861
1780876794.3029375,1.0622707213189786,-0.13533231602777746,0.21866381584463737,0.3971410260031618,74.81705832481384
1780876794.324479,1.0622072121698019,-0.13538963729405706,0.2186798423214599,0.3972435143665658,74.83859992027283
1780876794.344672,1.0621422698837133,-0.13545832894884052,0.21854485754441974,0.3973691778118198,74.85879278182983
1780876794.3673766,1.062149749678643,-0.13533291330620636,0.21886757355727798,0.3972077381084702,74.88149738311768
1780876794.3898447,1.062149819846316,-0.13525410432699095,0.21861028904818272,0.3971075937355728,74.90396547317505
1780876794.4137948,1.062062553868973,-0.1353606258826986,0.21879468535691657,0.39728738465850544,74.92791557312012
1780876794.4362266,1.06205301742863,-0.1352947910347127,0.21874714678470258,0.39721234094591473,74.95034742355347
1780876794.4566176,1.0620216327175274,-0.13528120394306084,0.21866936281480723,0.39721078041037305,74.9707384109497
1780876794.479698,1.0619784385952942,-0.13529287412472799,0.21864372240338284,0.39724997431712783,74.99381875991821
1780876794.5051293,1.0619499051216992,-0.1352579813785202,0.2188722479752477,0.3972216562681581,75.01925015449524
1780876794.5305052,1.0619283750630604,-0.13522623600390024,0.21872858348337876,0.39719364189761386,75.04462599754333
1780876794.5542753,1.0618822862116122,-0.13525103528354912,0.21856421642355955,0.39724924269922113,75.06839609146118
1780876794.5746837,1.0618442095955578,-0.13523489849592113,0.2188636064753601,0.3972516831483741,75.0888044834137
1780876794.6021938,1.0618588860881732,-0.13511616597417636,0.2187090987479115,0.39709326508283205,75.11631464958191
1780876794.624892,1.0617763906410647,-0.13521407262692559,0.21886571010995523,0.39726045014873534,75.13901281356812
1780876794.645399,1.0617623017886768,-0.13516823497164482,0.21859970968056988,0.39721254726764776,75.15951991081238
1780876794.6667314,1.0617355887048887,-0.13512971910172908,0.21877851116809865,0.397176620308338,75.18085217475891
1780876794.6873167,1.0616603301729721,-0.13522066186147272,0.2187519174021165,0.3973324835841794,75.20143747329712
1780876794.7117362,1.0616916848421496,-0.13505708607508743,0.2186593142732042,0.3971120530096659,75.22585701942444
1780876794.7335312,1.0616820615116773,-0.13499267957246347,0.21859030422180514,0.39703466709144664,75.24765205383301
1780876794.7538507,1.061576614878418,-0.13513929880375264,0.2188267672851074,0.397274547281782,75.26797151565552
1780876794.7762976,1.0615394324365424,-0.1351480676058599,0.21860570460459197,0.3973079956452743,75.29041838645935
1780876794.8008125,1.061553375288994,-0.13501925760755293,0.21864863690403505,0.3971395477016735,75.31493330001831
1780876794.8199465,1.0615466075460656,-0.13494287597903043,0.21867436587960257,0.3970449283380457,75.33406734466553
1780876794.8429928,1.0614379086053867,-0.1351021135763953,0.21885557562204372,0.3973044732057103,75.35711359977722
1780876794.8646724,1.061453103555092,-0.134983812004981,0.21865335673619293,0.3971506004654879,75.3787932395935
1780876794.8861525,1.0614319937787466,-0.1349462815754275,0.2185735588360064,0.3971118147844699,75.40027332305908
1780876794.9113135,1.061345264468847,-0.13504953449234283,0.2187873457325234,0.39728881576028563,75.42543435096741
1780876794.9295747,1.0613064993271655,-0.1350613205047542,0.21860407808806756,0.3973254613710804,75.44369554519653
1780876794.9527397,1.0613147306630606,-0.1349452075426613,0.21865989372910113,0.397176617189432,75.46686053276062
1780876794.9738812,1.0613203550969508,-0.1348399699961775,0.21867863092088954,0.39703917145078016,75.48800206184387
1780876794.9962656,1.061217104693497,-0.13498591364527446,0.2188733229986529,0.39727804896348395,75.51038646697998
1780876795.0194902,1.0612016626835443,-0.13494608392762514,0.2185438267633691,0.3972391719210453,75.53361105918884
1780876795.03959,1.0611999214941228,-0.13484154330754083,0.21890698476376622,0.3971065034188648,75.55371069908142
1780876795.0623188,1.0611040331662105,-0.1349951276021842,0.2185649744132001,0.3973501450275325,75.57643961906433
1780876795.0826697,1.061060164892259,-0.13500979126908885,0.21851194071087218,0.3973960623774362,75.59679055213928
1780876795.105705,1.0610873676323749,-0.13483440123846935,0.2188925804564667,0.3971615377742612,75.61982583999634
1780876795.1284618,1.0610829935202615,-0.13477414925939676,0.21848488473094813,0.3970860278015955,75.642582654953
1780876795.1487062,1.0610039126929147,-0.13485202489718098,0.21885490733862553,0.39722401866298895,75.6628270149231
1780876795.1742394,1.060919664775198,-0.13497605450570863,0.2185796062357242,0.39742772903653645,75.6883602142334
1780876795.1944885,1.0609255117396734,-0.13486642249684222,0.21867282991563278,0.39728907523514945,75.70860934257507
1780876795.2169368,1.0609462760005437,-0.1347278453139807,0.21859472108750744,0.39710223159434577,75.73105764389038
1780876795.2403471,1.0608983720299678,-0.1347416237002796,0.21880029262002726,0.3971435412311246,75.75446796417236
1780876795.260546,1.060801472820764,-0.13489278519757245,0.21856799431603963,0.39738734244752116,75.77466678619385
1780876795.2840219,1.0607856668301996,-0.13483348207165327,0.21869155544083071,0.39732401766143255,75.79814267158508
1780876795.3036506,1.0608041351299342,-0.13469031109370244,0.2188380852720085,0.39713154869723155,75.81777143478394
1780876795.3265843,1.0607178027438495,-0.13480988190186866,0.21875858593000796,0.3973294149909341,75.8407051563263
1780876795.3483734,1.0607348175763203,-0.13467699240221065,0.2188050443847884,0.3971546376392867,75.86249423027039
1780876795.3707042,1.0606780290667797,-0.13472906366464404,0.21863135902570466,0.39724844244652324,75.8848249912262
1780876795.393278,1.0606388575197458,-0.13472606748261146,0.21872693002128743,0.3972698517747979,75.90739870071411
1780876795.4130518,1.0606461263281117,-0.13461885134059848,0.21870177520461562,0.39712752893645664,75.92717266082764
1780876795.436125,1.0605734226216315,-0.13469410044543614,0.21884052073115043,0.39726237726941704,75.95024585723877
1780876795.4602423,1.0605603771457286,-0.1346431792691472,0.21869735625485712,0.39720671639914507,75.97436308860779
1780876795.4840336,1.060529353584949,-0.13462931198501535,0.21860312395064482,0.3972053802724691,75.99815440177917
1780876795.5081542,1.0604876279473414,-0.134625016617949,0.21883945006363228,0.39722321443309827,76.0222749710083
1780876795.532006,1.060476296574179,-0.13456900539657746,0.21872007440153843,0.39715937295583004,76.04612684249878
1780876795.551122,1.0604148334411778,-0.1346260981697424,0.21866259334036048,0.397262940402225,76.06524276733398
1780876795.5729108,1.0603967181803085,-0.13457491199469473,0.21872865055491272,0.3972115892011576,76.0870316028595
1780876795.59395,1.0603654367690019,-0.13455864128344766,0.2187168442017294,0.3972044667442507,76.10807085037231
1780876795.6187737,1.0603239587052549,-0.1345679030626593,0.2186828013368179,0.39724217383690164,76.13289451599121
1780876795.6398475,1.0603140029259022,-0.1344938733684303,0.21881856725374543,0.39715121743201554,76.153968334198
1780876795.660662,1.0602373486506869,-0.13459585978418828,0.21861309300775292,0.39732284053538613,76.17478275299072
1780876795.6817205,1.060246034266763,-0.13447662910948796,0.21877345046799254,0.39717072112272866,76.19584131240845
1780876795.7023091,1.0602163928484245,-0.13446289661078636,0.21863553816718798,0.397166216073515,76.21642994880676
1780876795.7231488,1.060157010976154,-0.13451062983569426,0.218668785582096,0.397259745155611,76.23726963996887
1780876795.7461553,1.060135973149921,-0.1344600086925728,0.2188813945652362,0.39720799250997274,76.26027607917786
1780876795.7658887,1.0601309223815139,-0.13439585306931176,0.2185952285839036,0.39712989782963604,76.28000950813293
1780876795.7890487,1.0600591645991544,-0.1344691884889841,0.218702362333271,0.3972586821904702,76.30316948890686
1780876795.8092418,1.0600008763492843,-0.13452548628347227,0.21855015477508302,0.39736357143656686,76.32336258888245
1780876795.8336275,1.0600237697284722,-0.13436769305988744,0.2188046351812215,0.3971541328816848,76.34774827957153
1780876795.8578272,1.0599706582889927,-0.13441052351859042,0.21866351274302448,0.39723339380870293,76.37194800376892
1780876795.8782055,1.0599398284038364,-0.13438913615779052,0.21873978290079463,0.397227220692562,76.39232635498047
1780876795.901328,1.059941520039228,-0.13430150210274774,0.21860552730597635,0.3971130083133403,76.41544890403748
1780876795.921799,1.0598652710232528,-0.13438133477410308,0.21882312341207893,0.39725436056438035,76.43591976165771
1780876795.9453366,1.0598153295364863,-0.13441861987319112,0.21869216513148074,0.39732978406336006,76.45945739746094
1780876795.968585,1.0598501040976174,-0.1342433624226439,0.21870838305146903,0.39709131292712563,76.48270583152771
1780876795.9897525,1.0598190203156246,-0.13422810907040486,0.2187201614618571,0.39708734023604286,76.50387334823608
1780876796.0127697,1.0597116295724718,-0.13439915243996178,0.21860098349938759,0.39736006635499344,76.52689051628113
1780876796.0330524,1.0596717797051218,-0.1344044300635616,0.21860528131748216,0.3973909879640365,76.54717326164246
1780876796.0550566,1.0597126364437146,-0.134206395734618,0.21881261325736265,0.3971199044193927,76.5691773891449
1780876796.0776145,1.0596878970226506,-0.13419029035311117,0.21855139993418957,0.3971112566819297,76.59173536300659
1780876796.0989335,1.0596092109245259,-0.1342812736586007,0.21866616167567302,0.39726773053871334,76.6130542755127
1780876796.1209416,1.0595505652049586,-0.1343332757987933,0.21866865200867797,0.39736693322506866,76.63506245613098
1780876796.141395,1.059582995115215,-0.1341573924960743,0.21888493685001872,0.397127666547612,76.65551590919495
1780876796.1632004,1.0595146004690228,-0.1342453629008428,0.218608529908272,0.39727272090792987,76.67732119560242
1780876796.1851978,1.0594682231541757,-0.13426932234102498,0.21856493274484504,0.39733185372708846,76.69931864738464
1780876796.2068374,1.0594872234161745,-0.13412087797846836,0.21887287709176498,0.39713408231240876,76.72095823287964
1780876796.2292295,1.0594568404400249,-0.13412292041526525,0.21854740652969867,0.3971516012039995,76.74335026741028
1780876796.2565591,1.0593976042837365,-0.1341693304024562,0.21866438586067027,0.3972423472070554,76.77067995071411
1780876796.275782,1.0593552568545859,-0.13417786538399676,0.21880821732755928,0.3972773075911835,76.78990292549133
1780876796.299453,1.0593849611278778,-0.13402895599403317,0.21862712675403528,0.3970742406134766,76.81357383728027
1780876796.320743,1.0593284686140354,-0.1340778447364227,0.21860572096121797,0.397163500097113,76.8348639011383
1780876796.343072,1.0592667331062793,-0.13413490449142054,0.21864925191782206,0.3972712275620278,76.85719275474548
1780876796.3652134,1.0592590519416583,-0.13405974269135154,0.2188433718225769,0.39718062554670475,76.87933421134949
1780876796.3866913,1.059231336196406,-0.13405261279661634,0.21856971283459475,0.3971856417124009,76.90081214904785
1780876796.4101293,1.0591890309008944,-0.13406079825195555,0.21868779585491943,0.3972195449755276,76.92425012588501
1780876796.4301171,1.0591601516414861,-0.1340366971664804,0.218868731762985,0.3972047649634156,76.94423794746399
1780876796.453998,1.0591381125457233,-0.1340155409243729,0.21864941519463318,0.3971901289184494,76.96811890602112
1780876796.4760509,1.059095907202226,-0.13403288329966695,0.21859363979685487,0.39723439667185545,76.9901716709137
1780876796.497258,1.0590663491065881,-0.13400640368559122,0.21883364132269584,0.39721866141958273,77.0113787651062
1780876796.5188537,1.0590736958986127,-0.13391287139853233,0.21867291307642897,0.39709487062527415,77.03297448158264
1780876796.5390587,1.0589970073116772,-0.1340068294232659,0.21875242412044563,0.39725478112591084,77.05317950248718
1780876796.5614827,1.0589588286496245,-0.13401507879339536,0.21875188326087483,0.3972879269100176,77.07560348510742
1780876796.5836577,1.0589758814156036,-0.1338966502812946,0.21862214783018338,0.39712788656761155,77.09777855873108
1780876796.6039639,1.0589110878168098,-0.13396217800153534,0.21871800496320512,0.3972447364333549,77.11808466911316
1780876796.6248806,1.0588683636911744,-0.13398805354238866,0.21859207840738665,0.39730277207453923,77.13900136947632
1780876796.6453285,1.0588834945664607,-0.1338617931695867,0.2187217424090031,0.3971346217876217,77.15944933891296
1780876796.667327,1.058858658577252,-0.13384024893341523,0.2187288484089153,0.39712003357018943,77.1814477443695
1780876796.6905022,1.0587820757130486,-0.13394627193481282,0.2185953883539841,0.3972946115671139,77.2046229839325
1780876796.7126703,1.0587671522825497,-0.13389835544868145,0.21863242800234176,0.39724499370558064,77.22679114341736
1780876796.7369857,1.0587678677261132,-0.1338147091822475,0.21861591099664632,0.3971368951332419,77.25110650062561
1780876796.7575212,1.0587194467893488,-0.13383931285400727,0.21884502158732386,0.39719430050069704,77.27164196968079
1780876796.785119,1.0586863047177106,-0.13384916162356897,0.21860675922727385,0.3972250768786436,77.29923987388611
1780876796.80678,1.058669221657,-0.1338080563705887,0.21860729959830422,0.39718325114910336,77.32090091705322
1780876796.827063,1.0586516614917936,-0.13376178990688423,0.21879155776751574,0.3971324811293284,77.34118390083313
1780876796.8481863,1.0585623765234335,-0.13390396887491254,0.2185894646098786,0.3973612589751303,77.36230707168579
1780876796.8692095,1.0585526232566511,-0.13384599600602287,0.21863774711649211,0.3972953884393178,77.38333034515381
1780876796.8929813,1.0585810618434028,-0.13369627183918384,0.21866829646580088,0.3970885588963622,77.40710210800171
1780876796.915535,1.058517403919889,-0.13376865724040365,0.21872979566776637,0.3972142295625636,77.42965579032898
1780876796.9363065,1.0584878680326377,-0.13376914967947295,0.21852799754429655,0.3972323636201658,77.45042729377747
1780876796.9587934,1.0584720431410009,-0.1337132929721954,0.21883788279839173,0.39717027725100706,77.47291421890259
1780876796.981139,1.0584477493821924,-0.13370732792046036,0.21859606408152105,0.397175448222165,77.4952597618103
1780876797.0003352,1.0584084630224717,-0.13372483266627386,0.2185414671040239,0.39721867092080565,77.51445603370667
1780876797.022008,1.0583652847148604,-0.13374120082763113,0.21878087085064388,0.39726341159217604,77.53612875938416
1780876797.042467,1.0583707938928648,-0.13366491630781202,0.21848730501639882,0.397164459548752,77.55658793449402
1780876797.0650618,1.0583405954686183,-0.13364336079838163,0.21884504793863666,0.39715136881302904,77.5791826248169
1780876797.0880673,1.0582537819999167,-0.13378775523139513,0.21859509221142845,0.3973813545436693,77.60218811035156
1780876797.1077673,1.0582618024504205,-0.13369522397784597,0.21855863626386096,0.39726291268366154,77.62188816070557
1780876797.1295779,1.058278878692278,-0.13357303312805272,0.2186639430009404,0.3970969391957979,77.64369869232178
1780876797.1499372,1.0582299635681103,-0.13361809941850733,0.2186662031647956,0.3971804684232145,77.664057970047
1780876797.1728761,1.0581819881482284,-0.13366435669074414,0.2185229854077999,0.39726540605724203,77.6869969367981
1780876797.1949327,1.0581592459140743,-0.1336312372322285,0.21882510513506076,0.3972381750647571,77.70905351638794
1780876797.2151532,1.0581919457289624,-0.1334910787300984,0.2186201731133957,0.3970419835659733,77.72927403450012
1780876797.2362244,1.0581213312211406,-0.13358564372910384,0.21865754757839928,0.39719737973224056,77.75034523010254
1780876797.2574313,1.0580843966140765,-0.13360390993744736,0.2185861777216042,0.39724376876859324,77.77155208587646
1780876797.2796984,1.0580996279139758,-0.1334879863659675,0.21879010777740432,0.39708751125893826,77.79381918907166
1780876797.3019738,1.0580185466675658,-0.13362151989349844,0.2185532434695478,0.3972984793668237,77.81609463691711
1780876797.3220448,1.0579785583204477,-0.133649591966752,0.21848554033534442,0.3973589058869802,77.8361656665802
1780876797.3474753,1.058011472084114,-0.13348625781739276,0.21877222137905833,0.3971351930858429,77.86159610748291
1780876797.3674996,1.0580250691943773,-0.133395955961346,0.21857060144344395,0.3970119558895764,77.88162040710449
1780876797.392139,1.0579379149739827,-0.1335258726210604,0.2187644425505339,0.39722145655392715,77.90625977516174
1780876797.4141245,1.0579106805122416,-0.1335341357975428,0.21849585471470123,0.3972500130413108,77.92824530601501
1780876797.4348576,1.057911689146404,-0.13344597397370947,0.21887987736382744,0.3971368029704596,77.94897842407227
1780876797.4568517,1.0578714313167052,-0.13349644340048292,0.218425551932798,0.39722184892548196,77.97097253799438
1780876797.4771056,1.057828724089415,-0.1335089285129153,0.21887186719834198,0.3972628062241652,77.99122643470764
1780876797.499345,1.0578683258679602,-0.13336730119128856,0.21849504375378842,0.3970627304828387,78.01346588134766
1780876797.521428,1.0578267335643166,-0.13339257154344,0.21862326115681366,0.3971127518523936,78.03554892539978
1780876797.5422442,1.0577230772537005,-0.1335711923230351,0.21869316528921567,0.39739842805536796,78.05636501312256
1780876797.563867,1.0577642146315769,-0.13341676212829645,0.21854137930286102,0.39718264397696323,78.07798790931702
1780876797.5841253,1.0577613178102723,-0.13334685343231045,0.21875604243049382,0.3970929067937181,78.0982460975647
1780876797.606031,1.0576787003599286,-0.1334952222265512,0.21848812833125428,0.39732511422485395,78.12015175819397
1780876797.6288066,1.0576697838078268,-0.13343949321122697,0.21873270725915794,0.3972644273517698,78.14292740821838
1780876797.648882,1.0577396613459882,-0.13322598074025296,0.21840734970676437,0.39695353301480285,78.1630027294159
1780876797.6707168,1.0577106575734367,-0.1332272220719691,0.2185221756462452,0.39696867620527776,78.18483757972717
1780876797.6930976,1.0575919723694343,-0.13343305011650863,0.21882691766922213,0.3972938117058682,78.2072184085846
1780876797.7129805,1.0575802866164887,-0.13342082280137454,0.21841766211499108,0.3972875489035763,78.22710132598877
1780876797.7345629,1.0575809727914216,-0.1333365674189512,0.2188410021732847,0.39718074207276466,78.24868369102478
1780876797.7543626,1.057584007069295,-0.13328976570249057,0.21845888220504509,0.3971194899477748,78.26848340034485
1780876797.7765625,1.0575403316201473,-0.13331808899991204,0.21874211748449762,0.3971773192339292,78.29068326950073
1780876797.799455,1.057464049623184,-0.13345089688238707,0.21858722001927322,0.397387360009577,78.3135757446289
1780876797.8202116,1.0574977134423826,-0.13331108016199386,0.2185912484394946,0.3971959697677834,78.33433246612549
1780876797.845496,1.0575090158736766,-0.13321874565805628,0.21872320979687643,0.3970686002159809,78.35961675643921
1780876797.8663914,1.0573957737530864,-0.1334356548071168,0.21865418415436869,0.3974047504647258,78.38051223754883
1780876797.8925648,1.0574136293640923,-0.13334459130822873,0.21846551615195203,0.39728381323739725,78.40668559074402
1780876797.914474,1.0574426325051938,-0.1331968113767233,0.21891734429218904,0.39707884482627875,78.42859482765198
1780876797.935781,1.0573748215478476,-0.13332601891287799,0.2184414301821436,0.39727740872792516,78.44990181922913
1780876797.9567676,1.0573177674284489,-0.13339366734340447,0.2186852764658083,0.3973975822851017,78.47088837623596
1780876797.979592,1.0574052472407982,-0.1331318003953389,0.21866627957495133,0.39701972809169916,78.49371290206909
1780876798.001349,1.057370692943387,-0.13316754350121868,0.21847725357907183,0.39707911122757267,78.515469789505
1780876798.0234766,1.0572664941436756,-0.13334529016257893,0.21883945428580054,0.3973621867225603,78.53759741783142
1780876798.0441928,1.057313458812432,-0.1331895205921006,0.21862337531124723,0.3971438112094141,78.55831360816956
1780876798.0658538,1.0573705350175606,-0.13301607497759582,0.2183056765028924,0.3968904834775939,78.57997465133667
1780876798.0860374,1.0573297796532113,-0.13305025732787193,0.21849980802094868,0.3969530192534023,78.60015821456909
1780876798.1086047,1.0571967422195938,-0.13329564961974524,0.21892290169174908,0.39733679006697287,78.62272548675537
1780876798.1345842,1.0572036323829581,-0.13324625806063195,0.2185221050111741,0.39727482873495745,78.64870500564575
1780876798.1545668,1.0572761060393145,-0.13302014006239235,0.21860145704425837,0.3969483947849586,78.66868758201599
1780876798.1779156,1.057209872675541,-0.13313079066575878,0.21850721269411516,0.3971196218512514,78.69203639030457
1780876798.1979523,1.0570945472152065,-0.13334387870533432,0.21875788203259536,0.3974543661128376,78.71207308769226
1780876798.2210293,1.0571541029908822,-0.1331663589748272,0.21848056173301594,0.3972008752518672,78.73515009880066
1780876798.243464,1.0571923992205052,-0.1330103027149793,0.21879685405770646,0.39697914610549034,78.75758481025696
1780876798.2634835,1.0570734535063773,-0.13325948634547075,0.21852676600667426,0.3973561722738008,78.77760434150696
1780876798.285785,1.0570243832264585,-0.13333413341836103,0.2183741792328655,0.3974821504076491,78.79990577697754
1780876798.3057585,1.0570593396247894,-0.1331910499543303,0.2186652793565847,0.39728227016468765,78.81987929344177
1780876798.33026,1.0571147616418015,-0.1330169041385806,0.21850200010002524,0.39703135597520856,78.8443808555603
1780876798.354689,1.0571252221396639,-0.13295779539572458,0.21828306588610558,0.39695122884075396,78.8688097000122
1780876798.375027,1.057052442698603,-0.13305605606820645,0.21884405445541386,0.3971108908625478,78.88914775848389
1780876798.397024,1.056927708170227,-0.1333349780885765,0.21828235162795578,0.39753299991114943,78.91114473342896
1780876798.4204464,1.056882752951684,-0.13340203624068445,0.21814625508593755,0.3976456744743295,78.93456721305847
1780876798.438791,1.0569219458994041,-0.13324474237723194,0.21850983759539783,0.3974286691839133,78.95291185379028
1780876798.461582,1.0570216170195526,-0.1329385351466627,0.21902345812509222,0.3969854106598749,78.97570276260376
1780876798.485334,1.0569639553022712,-0.13305202281606887,0.21861406749572418,0.3971556200758517,78.9994547367096
1780876798.507313,1.0568281093778376,-0.13334023391216882,0.21847682765919824,0.3975957788688991,79.02143383026123
1780876798.5289526,1.05684009200008,-0.13328383894382004,0.21815217201604242,0.3975217750389559,79.04307341575623
1780876798.5500853,1.0568812872279367,-0.13310783682451297,0.2188747264268471,0.3972794913631006,79.06420612335205
1780876798.5742924,1.056976320050229,-0.13286676160721841,0.21828160350967737,0.3969219693273569,79.08841323852539
1780876798.5948877,1.0570095372231085,-0.13274633150395174,0.21829054220377164,0.3967522329985158,79.10900855064392
1780876798.617762,1.0569166306198556,-0.1329177644526496,0.21842755786993495,0.39701552227829584,79.13188290596008
1780876798.6415403,1.056779982285845,-0.13317440552001264,0.2190239058518479,0.397416920083006,79.15566110610962
1780876798.663791,1.056817930798054,-0.13306853840310381,0.21850405762841255,0.3972677196299985,79.17791175842285
1780876798.6857414,1.0569204994659724,-0.13278755679579213,0.21846708588562944,0.39685764483911523,79.199862241745
1780876798.7067008,1.0568929673128087,-0.13281062464192547,0.21847114529025433,0.39689671108195146,79.22082161903381
1780876798.7307603,1.0567540802109512,-0.13309597227423695,0.21864680211025656,0.3973325144833906,79.24488115310669
1780876798.7568696,1.0567271570187464,-0.13310469313918574,0.21896071892442864,0.39736435136398107,79.2709903717041
1780876798.778124,1.0568506630734738,-0.13279913075498523,0.21841447027367353,0.39691264020907013,79.29224491119385
1780876798.8004892,1.0568892200811009,-0.13267643254352135,0.21825528488078771,0.39673505348672755,79.31461000442505
1780876798.8210597,1.0568190841106089,-0.13279327805967509,0.218485412923821,0.3969181103239503,79.33518052101135
1780876798.8456523,1.0566704506679538,-0.13308685980688362,0.21896145988223636,0.39737032389381,79.3597731590271
1780876798.8700364,1.0566968767190257,-0.13300033749655643,0.2186705655682373,0.3972522960470677,79.38415718078613
1780876798.890889,1.0567881254641132,-0.13275227003851223,0.2185567207518308,0.3968883689118261,79.40500974655151
1780876798.9153333,1.0567475497101666,-0.13282097039662488,0.21837901341815794,0.39699510986807773,79.42945408821106
1780876798.935708,1.056641323791814,-0.13301292554266522,0.21883313907174795,0.3972927985426029,79.44982886314392
1780876798.9593163,1.0565754719386433,-0.13315969856520668,0.218325949286181,0.39751553458167876,79.47343707084656
1780876798.9859464,1.0565795910904527,-0.1331065089270549,0.21843445252320687,0.3974499623623018,79.5000672340393
1780876799.0074635,1.0566584006313826,-0.13285890103468448,0.21889578210119745,0.3970961766706633,79.52158427238464
1780876799.0302594,1.0566808692226932,-0.13279782276497998,0.2183206184260006,0.3970038611273594,79.54438018798828
1780876799.0508354,1.0566407845548014,-0.1328346414891048,0.21879134603960268,0.3970706364308967,79.5649561882019
1780876799.072937,1.0565445988914588,-0.13304263940095434,0.21846300582167602,0.39738481685340155,79.5870578289032
1780876799.095811,1.056496580858165,-0.13311958195002596,0.21847570689364113,0.39751102603171695,79.6099317073822
1780876799.1166012,1.0565490313188435,-0.13294588545468086,0.21876387330417663,0.39726483703110205,79.63072204589844
1780876799.1380064,1.0566019917374734,-0.13279617734689148,0.2184612736879318,0.39704571665664723,79.65212726593018
1780876799.1616066,1.0565905885520872,-0.13278059991400626,0.21864056569905094,0.39703258085621496,79.67572736740112
1780876799.1796792,1.056504542285609,-0.13294793272643843,0.21862186371509648,0.3972877704152715,79.69379997253418
1780876799.204807,1.056425591774427,-0.13310485909190853,0.21854107438357023,0.39753000921433923,79.71892786026001
1780876799.226973,1.0564717657921439,-0.13296158013819695,0.21848535093997826,0.3973270530613622,79.74109387397766
1780876799.2480745,1.0565326309282586,-0.13276242660943083,0.21881284301727666,0.39704298455253983,79.76219534873962
1780876799.270441,1.056522968778605,-0.1327764923483312,0.2182845974281779,0.39706466536134943,79.7845618724823
1780876799.2902408,1.0564696856856415,-0.13283094063593284,0.2190176007716509,0.397161071948144,79.80436158180237
1780876799.3123527,1.0564181794947782,-0.13295161033080088,0.21831104739325594,0.39734138849716416,79.82647347450256
1780876799.3327622,1.0563632674567287,-0.13302867894394152,0.21866862673101078,0.3974694463372934,79.84688305854797
1780876799.3545322,1.056460510806899,-0.1327565439382162,0.2187344788631269,0.3970780551735178,79.86865305900574
1780876799.376941,1.0564950668602118,-0.13265807491927503,0.21829977754779012,0.39693143471980896,79.89106178283691
1780876799.3979585,1.0564530861568824,-0.13270302846659657,0.21868920448836926,0.3970094784987346,79.91207933425903
1780876799.4192057,1.056328780685761,-0.13296472381953198,0.21860457085315896,0.39740599855757,79.93332648277283
1780876799.4390857,1.0562781778896786,-0.13305586877713257,0.21847952070493953,0.3975493039862483,79.95320653915405
1780876799.4620285,1.0563258535310844,-0.1328967877524075,0.21866727678187667,0.39732527583597843,79.97614932060242
1780876799.4830995,1.0564018428211963,-0.13267750029542053,0.21864602395322405,0.3970069932877056,79.99722027778625
1780876799.5030468,1.0563914168856718,-0.1326770987729668,0.21844987464568733,0.3970117779836215,80.01716756820679
1780876799.524398,1.056302577305963,-0.1328318865672344,0.2188084292029017,0.3972516642600592,80.03851890563965
1780876799.5449274,1.05622962918608,-0.13298415002931782,0.2185056462133784,0.397485016165084,80.05904817581177
1780876799.5691285,1.0562459759560718,-0.1329034023074559,0.21859588899232277,0.3973770080294132,80.08324933052063
1780876799.5926125,1.0563155486913707,-0.132689921409183,0.21878714577354041,0.39706966772908636,80.10673332214355
1780876799.6147447,1.056290240776634,-0.1327214587112114,0.21864191571668853,0.39712176103306795,80.12886548042297
1780876799.6379128,1.0562301164273864,-0.1328262010827435,0.21862536330045168,0.3972852814601904,80.15203356742859
1780876799.657751,1.0562055616006154,-0.13284195370934362,0.2187201782090952,0.397321202631991,80.17187190055847
1780876799.681991,1.0562561178721377,-0.13267551654080573,0.21888187707478515,0.3970828374986457,80.19611191749573
1780876799.7051764,1.0561739145869038,-0.13284043047527264,0.21872924033576424,0.39733290722558845,80.21929717063904
1780876799.7266235,1.0561659369151302,-0.1328217522221017,0.21871461543563617,0.39731605302992,80.2407443523407
1780876799.7498786,1.0562175075600508,-0.13265755575955332,0.2187179070807404,0.39708111248846567,80.26399946212769
1780876799.7701676,1.05618290963044,-0.1326967465162687,0.21882522326000273,0.39714791151272255,80.28428840637207
1780876799.7939236,1.0561188789791065,-0.13281851234304812,0.21862232321134098,0.39733519756099867,80.30804443359375
1780876799.815278,1.0561235846191213,-0.13276308866791603,0.2187034815919084,0.39726550692198437,80.32939887046814
1780876799.836584,1.056154237322369,-0.13265307451664354,0.21859733767834022,0.3971099386358663,80.35070490837097
1780876799.85823,1.056125558280819,-0.13266950398982005,0.2188208044506492,0.39714336907436554,80.3723509311676
1780876799.8831995,1.0560580618251432,-0.13279906105793635,0.21861903549138037,0.3973440822749694,80.39732027053833
1780876799.9036982,1.0560786747940178,-0.1327014658842004,0.21876054300469033,0.3972129040983905,80.41781902313232
1780876799.9248638,1.0560746592554484,-0.13267266167070066,0.21866290182395706,0.3971760769417081,80.43898463249207
1780876799.9461093,1.0560411259935745,-0.13270165180163213,0.21881741084742834,0.3972323466202585,80.4602301120758
1780876799.9705927,1.0560518995436008,-0.13263312483370712,0.21884090108595183,0.39713887277032356,80.48471355438232
1780876799.992489,1.0559892431882723,-0.1327487753483019,0.218644712579219,0.3973180669413505,80.50660991668701
1780876800.0127568,1.0560020526699125,-0.13266717952418774,0.21879469409991534,0.3972114506234643,80.52687764167786
1780876800.033783,1.0559820482623719,-0.13267351109126865,0.21872966214480405,0.39722626729594523,80.54790377616882
1780876800.0540915,1.0559551717166349,-0.1326937220453918,0.21873251470712216,0.39726845261347155,80.5682122707367
1780876800.0773249,1.0559725029571403,-0.13260714827587586,0.2187203575415615,0.3971495845208448,80.59144568443298
1780876800.100036,1.055928768500702,-0.13266604124020734,0.21871851175456986,0.3972466016664926,80.61415672302246
1780876800.1211002,1.0559205675419148,-0.1326377047445133,0.21878396768240385,0.39721742438516827,80.63522100448608
1780876800.1441622,1.055919064823088,-0.13259744855184946,0.2187376265053976,0.3971665828120212,80.658282995224
1780876800.165034,1.055875736751123,-0.13265521268101735,0.21870836269261393,0.39726166541968766,80.67915487289429
1780876800.189473,1.0558874728400949,-0.13257561478801944,0.2188072983000186,0.3971574588869835,80.70359373092651
1780876800.2114465,1.0558428469714207,-0.13263432682531703,0.2188063648124827,0.3972535785327729,80.72556734085083
1780876800.2321656,1.0558507602749923,-0.13256479588367126,0.21886852296688558,0.3971620145535635,80.74628639221191
1780876800.25516,1.055808643682973,-0.13262090581640246,0.21878259068789063,0.3972563361465813,80.76928091049194
1780876800.2783713,1.0558117165951288,-0.13256551687013998,0.21876659484990202,0.397183612197999,80.79249215126038
1780876800.3030338,1.0557940581522038,-0.13255802431699173,0.21877824903973977,0.3971858927291603,80.8171546459198
1780876800.327618,1.0557921715948884,-0.13251646314442936,0.21873289042341976,0.3971326231561383,80.8417387008667
1780876800.3482354,1.0557441270459165,-0.13257934615494138,0.21875250848254982,0.39723961594124546,80.86235618591309
1780876800.3729703,1.0557415483246202,-0.1325313145636238,0.21884354875872103,0.3971782806742956,80.88709115982056
1780876800.3936129,1.0556967606893393,-0.13259328584549326,0.21874015089951587,0.3972820989621093,80.90773367881775
1780876800.418964,1.0557145717529028,-0.13249966246048225,0.21873688118331727,0.39715418554117754,80.93308472633362
1780876800.4431791,1.0556785449798456,-0.1325321819089052,0.21878478283235733,0.3972133093718675,80.95729994773865
1780876800.4657137,1.0556538567649283,-0.13254405932526767,0.21872143618525536,0.3972435557514018,80.97983455657959
1780876800.4890704,1.055667412803091,-0.1324591951099583,0.218743594649967,0.39712929199242275,81.00319123268127
1780876800.509121,1.0556154470412997,-0.13252687792838735,0.21880982659860243,0.3972416930823046,81.02324175834656
1780876800.5317395,1.05561377350039,-0.13247696359572325,0.21885217865500425,0.3971802969902072,81.04586029052734
1780876800.555317,1.0555856075974526,-0.13249271723042888,0.21884228242089254,0.3972159975055831,81.06943774223328
1780876800.5768254,1.0555801084310856,-0.13245724021541858,0.2187523949731661,0.39717230530468584,81.09094619750977
1780876800.5996833,1.055565385448832,-0.13243969308926457,0.2187514195160601,0.397160731075628,81.11380410194397
1780876800.6219265,1.05554118862752,-0.13244284702926304,0.218801640706654,0.3971757587479434,81.13604736328125
1780876800.6433902,1.055495073538685,-0.1325062578355545,0.21864667315767078,0.3972804088206754,81.15751099586487
1780876800.6656666,1.0555159360005382,-0.13239568771420393,0.21878017380120715,0.3971318035916944,81.17978739738464
1780876800.6862862,1.0554851523813737,-0.1324161875514345,0.2187855213487154,0.39717231208832615,81.20040702819824
1780876800.7093832,1.055438125929564,-0.1324788142956977,0.21868128354013122,0.3972764379528524,81.22350406646729
1780876800.732601,1.0554626044018631,-0.13236131213055533,0.21876772226725816,0.3971167944078715,81.24672174453735
1780876800.7517393,1.0554284257400568,-0.13238927270362572,0.2187819395068211,0.39716876351028674,81.265860080719
1780876800.7741547,1.0553873713020359,-0.13243828894498355,0.21865315479633932,0.397252813393683,81.28827548027039
1780876800.7947683,1.055393637968898,-0.13236633996910002,0.2186873655546665,0.39716007530307884,81.3088891506195
1780876800.817901,1.055374117178872,-0.13235886207752873,0.21868215628637092,0.397158219301744,81.33202171325684
1780876800.838944,1.0553290693600086,-0.13240322189829254,0.21884569467372833,0.3972413567649209,81.35306477546692
1780876800.859473,1.0553677147529468,-0.13226943427077434,0.21859987038671677,0.39705107044852817,81.37359380722046
1780876800.8806906,1.0553100709799665,-0.1323448929994532,0.21876537069443217,0.3971751569952975,81.39481139183044
1780876800.9008763,1.0552611412083621,-0.132415783590954,0.21855807124512336,0.397292206595794,81.41499710083008
1780876800.922412,1.055260761073036,-0.13234764105740235,0.21883508424592588,0.3972082089294222,81.43653273582458
1780876800.9443705,1.0553001234394184,-0.13221098041554524,0.21859924844766307,0.39701245834362897,81.45849132537842
1780876800.966853,1.0552423987594568,-0.13228522264663575,0.21879431842414315,0.3971350912092806,81.48097372055054
1780876800.9906132,1.0551677438443015,-0.13242230278340117,0.21850474507172987,0.39734969695884637,81.50473403930664
1780876801.0107074,1.0551636146768728,-0.13236848430097672,0.21868083754529605,0.3972872565295411,81.5248281955719
1780876801.033382,1.055201913361833,-0.13221793124494682,0.2187865890170049,0.39707275078651527,81.54750275611877
1780876801.0554566,1.0551132021450704,-0.1323799018897456,0.21872061571548151,0.39732414330386323,81.56957745552063
1780876801.0771737,1.0551377611718944,-0.13227025316204818,0.21866027673371988,0.3971759193108184,81.59129452705383
1780876801.10062,1.055124636320599,-0.13224467188086284,0.2187031855662372,0.3971458126279783,81.61474084854126
1780876801.1219676,1.055049502601358,-0.13237175467014736,0.21868187461285726,0.39734970509601375,81.63608837127686
1780876801.1459455,1.0550784735387122,-0.13224314958649316,0.21884017167956435,0.39717221984473117,81.66006636619568
1780876801.168455,1.0550749148894656,-0.13221226423829277,0.21854438142210986,0.39713334402068856,81.68257570266724
1780876801.188036,1.0550283572992558,-0.13225817197388234,0.21875146467558634,0.39721573587961956,81.70215678215027
1780876801.2099276,1.0549788334019405,-0.13232930637268583,0.21868762744268566,0.3973325878526346,81.72404837608337
1780876801.230158,1.0550308714445733,-0.13215176595095368,0.2186692901116973,0.3970822202814066,81.74427890777588
1780876801.2519562,1.0550441780476518,-0.13207698592419098,0.21849348888999656,0.39697824294822226,81.76607704162598
