t,x,y,z,yaw,time_s
1780785202.7163477,3.5039654561074745,2.9131860016616895e-08,0.21747459763434146,-7.346408396724513e-06,0.1188812255859375
1780785202.740093,3.5040138929454,2.948769682643369e-08,0.2176769342958684,-7.346408394948156e-06,0.14262652397155762
1780785202.7621863,3.5040531562899853,2.9776141412768483e-08,0.21840917944522403,-7.346408393171799e-06,0.164719820022583
1780785202.7904258,3.504128302325824,3.032819490567305e-08,0.21751059118552285,-7.346408391839532e-06,0.19295930862426758
1780785202.8166256,3.5041753522055616,3.067384256600892e-08,0.21815055057824642,-7.3464083891749965e-06,0.21915912628173828
1780785202.8370943,3.504240034109335,3.1149022277029825e-08,0.2179096762734566,-7.346408387842729e-06,0.23962783813476562
1780785202.859959,3.5043092812591508,3.165774015145083e-08,0.21763910013070417,-7.3464083869545505e-06,0.26249241828918457
1780785202.8867378,3.5043576087544452,3.201277370096701e-08,0.21847702574138309,-7.3464083869545505e-06,0.28927135467529297
1780785202.9079542,3.504442496649247,3.2636394874526785e-08,0.21758264485910217,-7.346408385622283e-06,0.3104877471923828
1780785202.9308143,3.504503414678459,3.3083923621894355e-08,0.21802448122982296,-7.346408385178194e-06,0.33334779739379883
1780785202.9512215,3.504569721129492,3.3571037911988316e-08,0.21818808588052158,-7.346408384290015e-06,0.35375499725341797
1780785202.9727461,3.504657763679005,3.421783445320285e-08,0.2174483519848706,-7.34640838162548e-06,0.37527966499328613
1780785202.9960022,3.504715192468729,3.4639729804967366e-08,0.21834350236848246,-7.346408380293212e-06,0.39853572845458984
1780785203.0158885,3.5047962620112254,3.5235299776234145e-08,0.21802799568598805,-7.3464083785168555e-06,0.41842198371887207
1780785203.037808,3.504885360464496,3.588985339900689e-08,0.21747417982661393,-7.346408374964142e-06,0.4403414726257324
1780785203.0585096,3.5049445899536753,3.632497740655506e-08,0.21851254355212676,-7.346408374964142e-06,0.461043119430542
1780785203.0801835,3.5050355509977043,3.699321437031132e-08,0.2179580895123326,-7.3464083745200526e-06,0.48271703720092773
1780785203.1021914,3.505125470198609,3.765379752248263e-08,0.2175907644112525,-7.346408372743696e-06,0.5047249794006348
1780785203.122986,3.5051885726539327,3.81173739034365e-08,0.21863960686477502,-7.3464083700791605e-06,0.525519609451294
1780785203.1478739,3.50528877660941,3.885351305376065e-08,0.21785308190815725,-7.346408366526447e-06,0.5504074096679688
1780785203.167705,3.5053740393898054,3.9479888228534304e-08,0.2179336758175316,-7.346408365194179e-06,0.5702385902404785
1780785203.1894665,3.5054488318908184,4.002934445421074e-08,0.21853936395671725,-7.3464083638619115e-06,0.5920000076293945
1780785203.2125642,3.505553536622148,4.0798548139795954e-08,0.2177477349260866,-7.346408361197376e-06,0.6150977611541748
1780785203.2327278,3.505628744538153,4.135105617688208e-08,0.21851683402428537,-7.346408361197376e-06,0.6352612972259521
1780785203.2554264,3.5057280323267097,4.208046479239128e-08,0.2180221896257087,-7.346408359865109e-06,0.6579599380493164
1780785203.275829,3.5058224280508252,4.277393430730445e-08,0.21790043741615783,-7.346408359865109e-06,0.6783626079559326
1780785203.2979956,3.5058975607959866,4.3325890115445083e-08,0.21876190784452515,-7.346408358532841e-06,0.7005290985107422
1780785203.319745,3.5060104954144786,4.4155553923012294e-08,0.21774323032258072,-7.346408356756484e-06,0.7222785949707031
1780785203.3399937,3.506097930350054,4.479788665018165e-08,0.2180763357214781,-7.346408354091949e-06,0.7425272464752197
1780785203.3636699,3.5061783272701934,4.538851524576336e-08,0.2187559872303788,-7.346408354091949e-06,0.7662034034729004
1780785203.3838384,3.5062938951389557,4.6237523994307026e-08,0.21771471473784407,-7.3464083532037705e-06,0.7863719463348389
1780785203.4059167,3.506379409389312,4.6865746592786356e-08,0.2182349175481783,-7.3464083532037705e-06,0.8084502220153809
1780785203.4275267,3.5064652550505935,4.749640387291108e-08,0.2187001409404194,-7.3464083509833245e-06,0.8300602436065674
1780785203.4477642,3.506580040814376,4.833966696527588e-08,0.21777630593273836,-7.346408350539235e-06,0.8502976894378662
1780785203.4706662,3.5066634191348776,4.895219815698791e-08,0.21847594730392395,-7.346408349651057e-06,0.8731997013092041
1780785203.4910593,3.506759310335867,4.965665407961855e-08,0.21845978140915429,-7.3464083469865216e-06,0.8935928344726562
1780785203.5147016,3.5068664365802666,5.044364722120504e-08,0.21797301834370264,-7.346408342989719e-06,0.9172351360321045
1780785203.536454,3.506945691647377,5.102588731735287e-08,0.21889160800469218,-7.346408342989719e-06,0.9389874935150146
1780785203.5567107,3.5070574395462977,5.184683302573655e-08,0.2181121893186979,-7.34640834210154e-06,0.9592442512512207
1780785203.5818226,3.5071505724451355,5.2531025344845986e-08,0.2183356706579343,-7.346408338104737e-06,0.984356164932251
1780785203.6078725,3.507238994294057,5.318060836962431e-08,0.21870916238455673,-7.346408337660648e-06,1.0104060173034668
1780785203.62653,3.5073495660607845,5.399291373585851e-08,0.2180191385346614,-7.346408338104737e-06,1.0290634632110596
1780785203.6496828,3.507429172751884,5.457773701219898e-08,0.2189049853384816,-7.34640833677247e-06,1.0522162914276123
1780785203.6709437,3.507536195274261,5.53639681792347e-08,0.21828024866761303,-7.346408335440202e-06,1.0734772682189941
1780785203.6935682,3.5076364897105687,5.6100772076518985e-08,0.21803855436525266,-7.346408332775667e-06,1.0961017608642578
1780785203.720165,3.5077104682111386,5.664424836108481e-08,0.21912657661442161,-7.346408332331578e-06,1.1226985454559326
1780785203.7408392,3.507822597174575,5.746799352209944e-08,0.21818855993249794,-7.346408329667042e-06,1.1433727741241455
1780785203.7637186,3.507917525673975,5.816537704693692e-08,0.2181338392702796,-7.3464083278906855e-06,1.1662521362304688
1780785203.783975,3.507990017254136,5.869792979726513e-08,0.2191981694371184,-7.346408324337972e-06,1.1865084171295166
1780785203.8110418,3.5081018054167337,5.9519171286011167e-08,0.21818489299464663,-7.346408322561615e-06,1.2135753631591797
1780785203.8349993,3.508191122966735,6.017533447625999e-08,0.21831387735307828,-7.3464083234497934e-06,1.2375328540802002
1780785203.856157,3.508265494824989,6.072170050888436e-08,0.21914002860516915,-7.346408320785258e-06,1.258690595626831
1780785203.8805914,3.508373282610506,6.151355358604644e-08,0.2182223706801477,-7.346408319008901e-06,1.2831249237060547
1780785203.9010673,3.50845195535155,6.209151565557707e-08,0.21878941903721702,-7.346408318564812e-06,1.303600788116455
1780785203.926781,3.508540758817375,6.274390216385546e-08,0.21868043890195926,-7.3464083172325445e-06,1.3293144702911377
1780785203.9498549,3.508634762660557,6.343449276634551e-08,0.21833413810251323,-7.346408313235742e-06,1.3523883819580078
1780785203.97075,3.508703490676952,6.393939682452896e-08,0.21920832679676533,-7.3464083110152956e-06,1.3732836246490479
1780785203.993929,3.508804365538531,6.468046473392685e-08,0.2183331793426291,-7.34640830835076e-06,1.3964624404907227
1780785204.0149555,3.5088809257590086,6.524290736387779e-08,0.2186984729621767,-7.346408305242136e-06,1.4174890518188477
1780785204.040738,3.5089556692707973,6.579200371225747e-08,0.21900541577784602,-7.34640830302169e-06,1.4432716369628906
1780785204.0645244,3.50905204151643,6.649999357332755e-08,0.21818640901873954,-7.346408301245333e-06,1.4670579433441162
1780785204.0870805,3.5091158455645908,6.696872416281085e-08,0.21900439267252675,-7.346408301245333e-06,1.4896140098571777
1780785204.110463,3.5091950770572153,6.755079106055574e-08,0.21884335557779305,-7.3464082959162624e-06,1.5129964351654053
1780785204.1311605,3.5092833849485343,6.81995368934692e-08,0.21820815076365596,-7.346408292363549e-06,1.5336940288543701
1780785204.1546628,3.5093393429264657,6.861062706182282e-08,0.2191955105850032,-7.346408290143103e-06,1.5571963787078857
1780785204.1782868,3.509419190050475,6.919721665398635e-08,0.2187661263399566,-7.346408286590389e-06,1.5808203220367432
1780785204.1989577,3.509499074168602,6.97840780260656e-08,0.21831583519895967,-7.346408285702211e-06,1.6014912128448486
1780785204.2227674,3.5095488508706816,7.014975803422358e-08,0.21935344767819817,-7.346408283925854e-06,1.6253008842468262
1780785204.2433352,3.5096295527702823,7.074262717158295e-08,0.21863521675787967,-7.346408282593586e-06,1.6458687782287598
1780785204.2689085,3.50969586281906,7.122976790012821e-08,0.21863224027259404,-7.3464082812613185e-06,1.6714420318603516
1780785204.2931402,3.5097461883521133,7.159947985187397e-08,0.21932089246877437,-7.346408276820426e-06,1.6956737041473389
1780785204.3165162,3.5098243937647076,7.217400878174081e-08,0.21848572776204683,-7.346408275932248e-06,1.7190496921539307
1780785204.3403523,3.5098721039562,7.252450736689406e-08,0.21918551321386198,-7.346408272379534e-06,1.7428858280181885
1780785204.3657448,3.5099364582365844,7.299728022382174e-08,0.21879786439804172,-7.3464082728236235e-06,1.7682783603668213
1780785204.3854625,3.5099970625982757,7.34425046438981e-08,0.2185895645680275,-7.346408271047267e-06,1.7879960536956787
1780785204.4098685,3.5100340766616425,7.371442509655867e-08,0.2194905639538952,-7.346408267938642e-06,1.8124020099639893
1780785204.4322922,3.510105047055327,7.423580261210304e-08,0.21848023774945766,-7.346408266606375e-06,1.8348257541656494
1780785204.4547548,3.5101506158855607,7.457056986498958e-08,0.21872517687338192,-7.346408263053661e-06,1.8572883605957031
1780785204.4778802,3.5101834925476547,7.4812095263054e-08,0.21949758166420955,-7.3464082643859285e-06,1.8804137706756592
1780785204.4974709,3.5102497263732797,7.529867599851557e-08,0.2184217942122151,-7.346408262609572e-06,1.9000043869018555
1780785204.521745,3.5102854714008607,7.556127356549256e-08,0.21885279647393266,-7.346408260833215e-06,1.9242784976959229
1780785204.5428824,3.5103153034446524,7.578043193140169e-08,0.21943646916515588,-7.346408257280501e-06,1.94541597366333
1780785204.569304,3.510373628473603,7.620891139428711e-08,0.21844944283359735,-7.3464082559482335e-06,1.9718375205993652
1780785204.5906906,3.5103997281122656,7.640064997574103e-08,0.21905949132776942,-7.346408253283698e-06,1.9932241439819336
1780785204.610997,3.510431479752795,7.663391046505962e-08,0.21917344012926854,-7.346408249730985e-06,2.0135304927825928
1780785204.6320662,3.510475862733129,7.695996593075506e-08,0.21859521274885782,-7.346408247954628e-06,2.034599781036377
1780785204.652595,3.5104897707959726,7.706214020825772e-08,0.21949316587854326,-7.346408244401914e-06,2.055128574371338
1780785204.6767218,3.5105313519440706,7.736761226678942e-08,0.2187591711395192,-7.346408241737379e-06,2.0792553424835205
1780785204.6997461,3.5105554035664257,7.754430527474178e-08,0.21889044584463305,-7.34640824129329e-06,2.1022796630859375
1780785204.7222197,3.5105693671561085,7.764688747846547e-08,0.21936508980269556,-7.346408239961022e-06,2.12475323677063
1780785204.745296,3.5106057298900906,7.791402294280328e-08,0.21859531273821572,-7.346408236408308e-06,2.147829532623291
1780785204.7661984,3.5106100449506434,7.794572312102784e-08,0.21941715665917663,-7.346408233743773e-06,2.168731927871704
1780785204.7893996,3.5106357209344248,7.813434936542056e-08,0.21889088967895312,-7.3464082346319515e-06,2.1919331550598145
1780785204.8123322,3.510656766187449,7.828895637513511e-08,0.21855358323668508,-7.346408235964219e-06,2.2148656845092773
1780785204.833058,3.510648896223384,7.823114039944049e-08,0.2196318479190373,-7.346408231967416e-06,2.2355916500091553
1780785204.8553088,3.5106749079187813,7.842223292772864e-08,0.21874979809436676,-7.346408231523327e-06,2.2578423023223877
1780785204.8757014,3.510685490221696,7.849997484469542e-08,0.2185984161329682,-7.346408230191059e-06,2.2782349586486816
1780785204.8981853,3.510670576556266,7.83904129746508e-08,0.2196796203776317,-7.346408229302881e-06,2.3007187843322754
1780785204.92055,3.510691976650789,7.854762681128034e-08,0.21869396598076324,-7.346408227526524e-06,2.3230836391448975
1780785204.9420683,3.5106924977448415,7.855145498998756e-08,0.2187259984275977,-7.346408227082435e-06,2.34460186958313
1780785204.965923,3.5106742135577793,7.841713189827719e-08,0.21960925199099748,-7.346408225750167e-06,2.3684566020965576
1780785204.986008,3.510688548304119,7.852244080746486e-08,0.21866376212027222,-7.3464082244179e-06,2.3885414600372314
1780785205.0092578,3.510674515060032,7.841934687857409e-08,0.21913507443964875,-7.3464082239738104e-06,2.4117913246154785
1780785205.0319695,3.5106654295140802,7.835260075913992e-08,0.2191362463218625,-7.346408223085632e-06,2.4345030784606934
1780785205.0524817,3.5106642738387603,7.834411070396635e-08,0.21869264323628793,-7.3464082244179e-06,2.455015182495117
1780785205.0740764,3.510635506307252,7.813277267708502e-08,0.21956784730586168,-7.346408222641543e-06,2.476609945297241
1780785205.099255,3.5106368328207695,7.81425177881007e-08,0.21870504191712636,-7.346408220421097e-06,2.50178861618042
1780785205.120079,3.5106155663765723,7.798628580438825e-08,0.21897283629443903,-7.346408217312472e-06,2.5226125717163086
1780785205.1447828,3.510588042708689,7.778408569759053e-08,0.21938936646567953,-7.346408213315669e-06,2.547316312789917
1780785205.1652322,3.5105843999931996,7.775732481564567e-08,0.2184852240158503,-7.346408208430688e-06,2.567765712738037
1780785205.1898687,3.5105483319356785,7.749235413665863e-08,0.21920590638743723,-7.3464082070984205e-06,2.592402219772339
1780785205.21227,3.510522617247069,7.730344353341163e-08,0.2191807025332872,-7.346408208430688e-06,2.6148035526275635
1780785205.2332218,3.510509831617318,7.72095150737881e-08,0.218445878033355,-7.346408206654331e-06,2.6357553005218506
1780785205.2550876,3.5104644719687017,7.687628457422286e-08,0.21934988218924686,-7.346408203545707e-06,2.657621145248413
1780785205.2761009,3.510438188259664,7.668319371371034e-08,0.21904202093190636,-7.346408199992993e-06,2.6786344051361084
1780785205.298613,3.510416105781726,7.652096681313277e-08,0.21849194109109246,-7.346408199548904e-06,2.7011466026306152
1780785205.321775,3.5103630053024344,7.613086901434193e-08,0.21948760465270237,-7.346408197772547e-06,2.724308490753174
1780785205.341377,3.5103381637063675,7.594837250755969e-08,0.21883583482781274,-7.346408193331655e-06,2.743910551071167
1780785205.3654242,3.51030229874322,7.568489385011645e-08,0.21873381256189728,-7.346408192887566e-06,2.7679576873779297
1780785205.3870866,3.510247862193057,7.52849807363107e-08,0.21947672180604058,-7.346408193331655e-06,2.7896201610565186
1780785205.4122293,3.5102228520289027,7.510124586723503e-08,0.21859785244752356,-7.3464081880025844e-06,2.814762830734253
1780785205.4338343,3.510168796393682,7.470413111447446e-08,0.21920038843086254,-7.346408189334852e-06,2.8363678455352783
1780785205.4537365,3.510127841068013,7.44032565840839e-08,0.21892060349549328,-7.346408185338049e-06,2.8562700748443604
1780785205.4761398,3.510087426555071,7.410635508655904e-08,0.21861316723864507,-7.346408185782138e-06,2.8786733150482178
1780785205.4972134,3.510021881151769,7.362483181029156e-08,0.2195274381598924,-7.346408186226228e-06,2.899746894836426
1780785205.5199404,3.5099905997106027,7.339502558539409e-08,0.21852813449317277,-7.346408182673514e-06,2.922473907470703
1780785205.5418103,3.509936722432712,7.299922111961716e-08,0.21867347067770562,-7.346408181341246e-06,2.9443438053131104
1780785205.5616982,3.509867764424618,7.249262745241856e-08,0.21951405525378964,-7.346408181341246e-06,2.9642317295074463
1780785205.58916,3.509834639338398,7.224927705404518e-08,0.21840800647945363,-7.346408178676711e-06,2.9916934967041016
1780785205.6091433,3.509773145676276,7.17975195145171e-08,0.21873978357106055,-7.346408177344443e-06,3.011676788330078
1780785205.6338096,3.5097030721722886,7.128273095197814e-08,0.21941909157211434,-7.3464081755680866e-06,3.0363430976867676
1780785205.6582284,3.509665282663866,7.100511379720329e-08,0.21837470654973337,-7.346408174679908e-06,3.0607619285583496
1780785205.679914,3.509596954241568,7.050314531240614e-08,0.21888668812188217,-7.346408172015373e-06,3.0824475288391113
1780785205.70268,3.5095312027113494,7.002010772633588e-08,0.21912355632408215,-7.3464081711271945e-06,3.1052136421203613
1780785205.723324,3.509483740045675,6.96714276027468e-08,0.21844763865291983,-7.346408168462659e-06,3.1258575916290283
1780785205.7468164,3.509405725732532,6.909830260490024e-08,0.21930468272912515,-7.346408166686302e-06,3.1493499279022217
1780785205.767718,3.5093548769760616,6.872474687398923e-08,0.21862484437724547,-7.346408164465856e-06,3.1702516078948975
1780785205.7886014,3.509290739278315,6.825356515622138e-08,0.2186589218107407,-7.346408163577678e-06,3.1911349296569824
1780785205.8129225,3.5092145379716624,6.769375924336041e-08,0.21921670837414298,-7.346408163577678e-06,3.215456008911133
1780785205.8381407,3.5091651658395,6.733105139672378e-08,0.21837771607867018,-7.34640816224541e-06,3.2406742572784424
1780785205.8568583,3.5090854250440024,6.67452429525854e-08,0.2191182966586169,-7.346408161357232e-06,3.2593917846679688
1780785205.882342,3.509024921780437,6.630076126927871e-08,0.21870213903057945,-7.346408160024964e-06,3.2848756313323975
1780785205.9066117,3.5089656508346025,6.586533269590115e-08,0.2182675670038117,-7.3464081542518045e-06,3.309145212173462
1780785205.929816,3.5088774223083328,6.521716992119948e-08,0.21932038781076307,-7.346408149810912e-06,3.3323495388031006
1780785205.9567242,3.508823395004256,6.482026328606628e-08,0.21850780526807653,-7.346408150255002e-06,3.359257698059082
1780785205.979685,3.5087588847843025,6.434634487707409e-08,0.2182595769639728,-7.346408147146377e-06,3.382218599319458
1780785206.0073323,3.5086684638923855,6.368207610272234e-08,0.2193436165436076,-7.346408146702288e-06,3.4098658561706543
1780785206.030001,3.508616038809558,6.329694005173645e-08,0.21840073512411115,-7.346408147146377e-06,3.4325344562530518
1780785206.054389,3.5085470634751896,6.279021910226677e-08,0.2183370090675307,-7.34640814537002e-06,3.4569225311279297
1780785206.076248,3.508458402206897,6.213887725056626e-08,0.2192650256653616,-7.346408144481842e-06,3.4787814617156982
1780785206.0979,3.5084060218671933,6.175406990895248e-08,0.21830834372917507,-7.346408143149574e-06,3.5004334449768066
1780785206.123854,3.508328462051597,6.118428386235422e-08,0.21868642329206006,-7.346408140929128e-06,3.5263874530792236
1780785206.1445732,3.5082541408692376,6.063829013810974e-08,0.21880139280168098,-7.346408138708682e-06,3.5471067428588867
1780785206.1718924,3.5081941950793936,6.019790391529303e-08,0.21826491778608217,-7.3464081373764145e-06,3.5744259357452393
1780785206.1938927,3.5081067306322917,5.955535440549348e-08,0.21913160040604043,-7.3464081351559685e-06,3.596426248550415
1780785206.2139895,3.508051359543685,5.914857580572759e-08,0.21830055343883972,-7.346408132491433e-06,3.616523027420044
1780785206.2370284,3.5079776832160654,5.860731944940818e-08,0.21847639971234828,-7.346408131159166e-06,3.639561891555786
1780785206.2574418,3.5078963300597192,5.800966597593831e-08,0.21899515873811382,-7.346408128050541e-06,3.659975290298462
1780785206.2808752,3.5078448700077085,5.763161944676029e-08,0.21802707026304566,-7.346408127162363e-06,3.683408737182617
1780785206.3046455,3.507763089849859,5.7030829044540385e-08,0.21865729811192366,-7.346408125830095e-06,3.707179069519043
1780785206.3297331,3.5076898212417733,5.6492567959558666e-08,0.21877608866603673,-7.346408121833292e-06,3.732266664505005
1780785206.3514209,3.507637099525448,5.610525272665148e-08,0.2179507226703598,-7.346408116504222e-06,3.7539544105529785
1780785206.3724797,3.507553113106255,5.548825422816607e-08,0.2187659787978989,-7.346408116948311e-06,3.7750132083892822
1780785206.3998768,3.507486789931864,5.500101713486132e-08,0.21860297933220083,-7.346408113839686e-06,3.802410364151001
1780785206.4246016,3.5074319854166562,5.459840081434424e-08,0.21796335938379316,-7.346408109398794e-06,3.8271350860595703
1780785206.4445672,3.507346972411592,5.3973860601624546e-08,0.21891303176484325,-7.3464081076224375e-06,3.8471007347106934
1780785206.4687827,3.507290659195869,5.356016075478202e-08,0.21835240631119396,-7.346408105846081e-06,3.8713161945343018
1780785206.4912512,3.507229260968271,5.310910433705527e-08,0.21816244065551854,-7.346408104069724e-06,3.893784761428833
1780785206.516205,3.507148654762432,5.2516938273660715e-08,0.21895704126540227,-7.346408101849278e-06,3.918738603591919
1780785206.539286,3.5071020936781863,5.217488156707867e-08,0.21806046926417216,-7.346408099628832e-06,3.941819429397583
1780785206.5604136,3.507029572164328,5.164210894978784e-08,0.21857753420110726,-7.346408097408386e-06,3.962947130203247
1780785206.5842183,3.5069691418979665,5.119816357047777e-08,0.2184185781714528,-7.346408095632029e-06,3.9867517948150635
1780785206.6078877,3.506915979803847,5.0807613149194854e-08,0.21802533302151286,-7.346408094299761e-06,4.010421276092529
1780785206.6277559,3.506837601565312,5.0231814638334455e-08,0.21895235237533567,-7.346408093411583e-06,4.0302894115448
1780785206.6514826,3.5067964253585355,4.992931743328294e-08,0.2179922132951505,-7.3464080929674935e-06,4.05401611328125
1780785206.6726522,3.5067370561872417,4.949316728247399e-08,0.21805221284085505,-7.346408087638423e-06,4.075185775756836
1780785206.6972601,3.5066617723273383,4.894010133194813e-08,0.2189618208190063,-7.346408086750245e-06,4.0997936725616455
1780785206.7226918,3.5066272402386116,4.8686414521626185e-08,0.21785492310386265,-7.346408086306155e-06,4.125225305557251
1780785206.7429984,3.5065676562158425,4.824868597691567e-08,0.21810280012178035,-7.3464080823093525e-06,4.145531892776489
1780785206.767034,3.506498324557652,4.7739347321934284e-08,0.218879832924157,-7.346408081865263e-06,4.169567584991455
1780785206.7870214,3.5064671183574467,4.7510093838221634e-08,0.21780851134034088,-7.346408080977085e-06,4.189554929733276
1780785206.812919,3.5064080061316387,4.707583129929326e-08,0.21823862334644442,-7.346408076536193e-06,4.215452432632446
1780785206.8353114,3.506349874450025,4.664877223646738e-08,0.21861522229969893,-7.346408075203925e-06,4.237844944000244
1780785206.8575962,3.506317172377477,4.640852945799542e-08,0.21785909596549985,-7.346408074315747e-06,4.260129690170288
1780785206.8802652,3.5062547952299288,4.5950281467129795e-08,0.2186785513252737,-7.346408074315747e-06,4.282798767089844
1780785206.9010146,3.506220138138579,4.569567632009873e-08,0.21808434677852487,-7.346408070763033e-06,4.303548097610474
1780785206.9255562,3.5061776083540845,4.538323515696163e-08,0.2180389532977352,-7.346408068542587e-06,4.328089714050293
1780785206.949963,3.5061218228721636,4.497341223164934e-08,0.2186840401670409,-7.34640806676623e-06,4.35249662399292
1780785206.9716666,3.5060982735231985,4.480040909400984e-08,0.21780796222808949,-7.346408068098498e-06,4.374200105667114
1780785206.996225,3.506046545957185,4.4420397275724306e-08,0.2184715973113003,-7.346408066322141e-06,4.39875864982605
1780785207.0211215,3.506012667901681,4.417151524562291e-08,0.2181979217696882,-7.346408064545784e-06,4.423655033111572
1780785207.044284,3.5059867198069927,4.3980889944333034e-08,0.21768501699325674,-7.3464080632135165e-06,4.446817636489868
1780785207.0666275,3.505932029281323,4.3579111016522696e-08,0.21871729256806277,-7.346408064101695e-06,4.469161033630371
1780785207.0867589,3.5059120801186636,4.3432556317818164e-08,0.21800713730020385,-7.346408059216714e-06,4.48929238319397
1780785207.1108384,3.505887191244633,4.32497124856041e-08,0.21768142788115716,-7.34640806099307e-06,4.51337194442749
1780785207.1312995,3.5058360737903254,4.287418280006913e-08,0.21877378615230722,-7.346408057884446e-06,4.533833026885986
1780785207.1557984,3.505824581716497,4.278975732916661e-08,0.21790713323961217,-7.3464080569962675e-06,4.5583319664001465
1780785207.1795545,3.505801200490762,4.2617989297965635e-08,0.21776740643291637,-7.346408057440357e-06,4.582087993621826
1780785207.200603,3.5057571153936142,4.229412217941626e-08,0.21874621397207425,-7.346408052999465e-06,4.6031365394592285
1780785207.2232044,3.5057526188369406,4.226108863429614e-08,0.2178121466203967,-7.346408051223108e-06,4.625737905502319
1780785207.2435403,3.5057260951007834,4.20662344432945e-08,0.21811679244493232,-7.346408050334929e-06,4.646073818206787
1780785207.2648036,3.505700558755599,4.187863403107422e-08,0.21836555895158172,-7.346408048114483e-06,4.66733717918396
1780785207.286968,3.5056958796536692,4.184425944056558e-08,0.21775645210763145,-7.3464080463381265e-06,4.689501523971558
1780785207.306917,3.5056632956413147,4.160488399486622e-08,0.21862082905765323,-7.3464080441176804e-06,4.7094504833221436
1780785207.3321433,3.505663707946716,4.160791296475466e-08,0.21785529641407753,-7.346408042785413e-06,4.734676837921143
1780785207.3579266,3.505649834499575,4.150599296965096e-08,0.21795899164726024,-7.346408040564967e-06,4.760460138320923
1780785207.3773942,3.5056262422272058,4.133267452088272e-08,0.2185861306926629,-7.34640803878861e-06,4.779927730560303
1780785207.4001315,3.505637312733429,4.1414002988240927e-08,0.21758761925193584,-7.346408039232699e-06,4.8026649951934814
1780785207.4206672,3.5056196415161693,4.128418302713399e-08,0.2181467418587625,-7.3464080401208776e-06,4.823200702667236
1780785207.4452934,3.5056076924209356,4.119640010785082e-08,0.2184291153213449,-7.346408037456342e-06,4.847826957702637
1780785207.4683354,3.505622480430552,4.1305038869413375e-08,0.21753279636955322,-7.346408034347718e-06,4.870868921279907
1780785207.4865875,3.5056066080599737,4.1188433967136304e-08,0.2182783400212524,-7.346408028130469e-06,4.889121055603027
1780785207.510201,3.505605474666339,4.1180107604330975e-08,0.2182795559042573,-7.346408025465934e-06,4.912734508514404
1780785207.530143,3.5056221226532265,4.13024105211895e-08,0.21756969722606548,-7.3464080210250415e-06,4.932676553726196
1780785207.5526295,3.505608424376003,4.120177740673595e-08,0.21847873035931883,-7.346408014807793e-06,4.95516300201416
1780785207.5746064,3.505621525935371,4.129802683077073e-08,0.2180418684819504,-7.346408017028239e-06,4.977139949798584
1780785207.595045,3.5056344947891263,4.1393301348046545e-08,0.21778280872531772,-7.346408017916417e-06,4.9975786209106445
1780785207.6170902,3.5056264671307455,4.133432692149331e-08,0.21863415663356034,-7.3464080188045955e-06,5.019623756408691
1780785207.637385,3.505654581722028,4.154086820584102e-08,0.21775198419777508,-7.34640802191322e-06,5.039918422698975
1780785207.6625197,3.5056588936960726,4.157254574426261e-08,0.21820173670682189,-7.346408019692774e-06,5.065053224563599
1780785207.6868231,3.5056721539998206,4.166996135796793e-08,0.21818175806607049,-7.346408014807793e-06,5.0893566608428955
1780785207.7062778,3.505697753773864,4.185802775170157e-08,0.2177205385364698,-7.346408009922811e-06,5.108811378479004
1780785207.730727,3.5056967308162146,4.185051269280838e-08,0.21866421789992488,-7.346408007258276e-06,5.133260488510132
1780785207.7510529,3.5057327464442984,4.21150981955705e-08,0.2177740188695961,-7.346408004593741e-06,5.153586387634277
1780785207.7745109,3.5057536994252847,4.2269027345272796e-08,0.21776546353326118,-7.346408003261473e-06,5.17704439163208
1780785207.7985075,3.505756352982255,4.228852145762217e-08,0.21874701519811482,-7.3464080019292055e-06,5.201040983200073
1780785207.8200972,3.505801324537868,4.2618900852955726e-08,0.21766891155553825,-7.346408000596938e-06,5.222630739212036
1780785207.8454993,3.505823279860898,4.278019361089318e-08,0.21784854818174415,-7.346407998376492e-06,5.248032808303833
1780785207.8651695,3.505832515179695,4.284804002567572e-08,0.21872518371157115,-7.346407995267867e-06,5.267703056335449
1780785207.8898692,3.505882213162222,4.3213141676903666e-08,0.21765543844639437,-7.346407992603332e-06,5.292402744293213
1780785207.9125543,3.5059053181545474,4.338288037372807e-08,0.21801827296787946,-7.346407990826975e-06,5.315087795257568
1780785207.9349294,3.5059256360324342,4.353214379173943e-08,0.21853547644820376,-7.346407990382886e-06,5.337462902069092
1780785207.962254,3.50597515104675,4.389590128723351e-08,0.21772662538658988,-7.346407984609726e-06,5.364787578582764
1780785207.984975,3.50599475116016,4.403989171949072e-08,0.21850861024096851,-7.3464079828333695e-06,5.3875086307525635
1780785208.008913,3.5060389095675824,4.436429740109463e-08,0.21802691341666558,-7.34640798238928e-06,5.411446571350098
1780785208.0310276,3.506078731069234,4.465684240534253e-08,0.217914980956009,-7.3464079806129234e-06,5.433561086654663
1780785208.0512395,3.5061021776028665,4.4829090215618443e-08,0.2186465444794908,-7.346407977504299e-06,5.453773021697998
1780785208.0737648,3.5061593961595086,4.5249441086827947e-08,0.21775905433734744,-7.346407976172031e-06,5.4762983322143555
1780785208.100109,3.5061891590683265,4.546809157040607e-08,0.21835748276768105,-7.346407975283853e-06,5.502642631530762
1780785208.1193113,3.506232233660958,4.578453511503663e-08,0.2182377775688907,-7.346407975727942e-06,5.521844863891602
1780785208.1422985,3.5062872251244355,4.6188524853015e-08,0.21765739234980297,-7.346407975727942e-06,5.544831991195679
1780785208.168348,3.5063121598122327,4.6371705250929575e-08,0.21866607368329882,-7.3464079721752285e-06,5.570881605148315
1780785208.1900613,3.506368118754116,4.6782802474869546e-08,0.21808176244868377,-7.3464079743956745e-06,5.592594861984253
1780785208.213463,3.5064225376025355,4.718258553972531e-08,0.21768790190120849,-7.346407970842961e-06,5.615996599197388
1780785208.2341654,3.5064487741959405,4.737533025711246e-08,0.21878401998339583,-7.346407969954782e-06,5.636698961257935
1780785208.256049,3.5065117924990465,4.783828841742706e-08,0.21801533638797813,-7.346407970398872e-06,5.658582448959351
1780785208.2772036,3.50656559490546,4.823354283521601e-08,0.2178073213260372,-7.346407969954782e-06,5.679737091064453
1780785208.2994213,3.506595851939771,4.845582333627908e-08,0.21883079548911785,-7.346407970842961e-06,5.7019548416137695
1780785208.323246,3.5066644868783334,4.89600435753417e-08,0.21793942684135217,-7.346407969066604e-06,5.7257795333862305
1780785208.3430953,3.5067125367438137,4.931303746218283e-08,0.21817679435747386,-7.3464079681784256e-06,5.745628833770752
1780785208.3673797,3.506756798802651,4.9638204570045295e-08,0.21856525337343324,-7.346407965069801e-06,5.769913196563721
1780785208.3880913,3.5068244778787565,5.01354026375644e-08,0.21788855196108523,-7.346407962405266e-06,5.7906248569488525
1780785208.410757,3.506862589257515,5.041538433565548e-08,0.21874197289723124,-7.346407961961177e-06,5.813290596008301
1780785208.4349623,3.5069302318582753,5.091231443780271e-08,0.218059678488183,-7.346407962405266e-06,5.837495803833008
1780785208.4560394,3.5069856495681906,5.1319435503166245e-08,0.21809498921403458,-7.346407962849355e-06,5.858572959899902
1780785208.4802551,3.507027162113603,5.162440355586954e-08,0.2188205371798189,-7.346407962849355e-06,5.88278865814209
1780785208.5023255,3.507103700463345,5.2186685456240643e-08,0.21780781795157828,-7.34640796018482e-06,5.9048590660095215
1780785208.5288918,3.507151622191939,5.253873798494426e-08,0.21829820424644375,-7.346407956632106e-06,5.931425333023071
1780785208.552942,3.50719983927817,5.289296033462814e-08,0.21873271611389575,-7.346407955743928e-06,5.955475568771362
1780785208.5732248,3.507276863829937,5.345881408203367e-08,0.21778015514950705,-7.346407952635303e-06,5.97575831413269
1780785208.5962605,3.5073224813878827,5.379393924818142e-08,0.21845678394863902,-7.346407951303036e-06,5.998794078826904
1780785208.616459,3.507376723499745,5.419242391081588e-08,0.21862266289892232,-7.346407948194411e-06,6.0189924240112305
1780785208.642473,3.5074516697498725,5.474300962628767e-08,0.2178420871302337,-7.346407945973965e-06,6.045006513595581
1780785208.6668344,3.5074950182433313,5.506146534365469e-08,0.21869603243240146,-7.3464079446416974e-06,6.0693678855896
1780785208.6866336,3.507559153900797,5.5532632054699786e-08,0.21839501659273325,-7.346407942865341e-06,6.08916711807251
1780785208.7093785,3.5076258231063338,5.602241125182366e-08,0.21806470781621085,-7.346407943753519e-06,6.11191201210022
1780785208.7299256,3.5076681498708,5.63333609552864e-08,0.21895689589080952,-7.346407941088984e-06,6.1324591636657715
1780785208.7566247,3.507744442137148,5.6893835094974526e-08,0.21809942954475695,-7.346407939312627e-06,6.159158229827881
1780785208.7801433,3.5077975140185638,5.7283722821544054e-08,0.21847816023390057,-7.3464079384244485e-06,6.182676792144775
1780785208.7999551,3.507853835627772,5.769748437784917e-08,0.2185932152071744,-7.3464079362040025e-06,6.202488660812378
1780785208.82467,3.507924521108522,5.8216768796214574e-08,0.2180593022298538,-7.346407936648092e-06,6.227203607559204
1780785208.8492231,3.507966095842468,5.852219379443769e-08,0.21900125693426611,-7.346407933095378e-06,6.25175666809082
1780785208.869571,3.508040471970772,5.906859121624707e-08,0.218189011354053,-7.3464079322071996e-06,6.272104501724243
1780785208.8911304,3.5081013203767055,5.951560846884519e-08,0.21810603874869242,-7.34640793176311e-06,6.29366397857666
1780785208.912026,3.5081400614636395,5.980021633326545e-08,0.2191401067434969,-7.346407930430843e-06,6.314559459686279
1780785208.9345827,3.50821856108758,6.037690662604303e-08,0.21809761385735982,-7.346407928654486e-06,6.337116241455078
1780785208.9588199,3.508274855008593,6.079046475833451e-08,0.21820199891046826,-7.3464079277663075e-06,6.361353397369385
1780785208.9788384,3.5083139795488876,6.107788960692963e-08,0.21915759597420462,-7.34640792643404e-06,6.381371974945068
1780785209.0024467,3.508391987908632,6.165097084965018e-08,0.2180949997875165,-7.34640792643404e-06,6.404980182647705
1780785209.0228982,3.5084437072308243,6.203092208642694e-08,0.21838220640188352,-7.346407921104969e-06,6.425431728363037
1780785209.0467734,3.5084872532941445,6.23508292209076e-08,0.21901795052975365,-7.34640792066088e-06,6.449306964874268
1780785209.0694346,3.5085603220935244,6.288762241243223e-08,0.2181605506839151,-7.346407918884523e-06,6.471968173980713
1780785209.0941556,3.508602734456698,6.31992009083633e-08,0.2188817550905217,-7.346407916664077e-06,6.496689081192017
1780785209.1170502,3.508663456831445,6.364529221289697e-08,0.21851603190639832,-7.346407916219988e-06,6.519583702087402
1780785209.1376567,3.5087218800202082,6.40744927529599e-08,0.21832681126405745,-7.34640791488772e-06,6.54019021987915
1780785209.1620665,3.508759812660873,6.435316136177044e-08,0.21912037233918674,-7.34640791533181e-06,6.564599990844727
1780785209.1865299,3.508829858094049,6.486774364064268e-08,0.21822345828795303,-7.34640791533181e-06,6.589063405990601
1780785209.2071195,3.508872467380104,6.518076878501068e-08,0.21874471975525978,-7.3464079171081664e-06,6.609652996063232
1780785209.2298636,3.5089220151200498,6.554476663797129e-08,0.21876705133203023,-7.3464079131113635e-06,6.632397174835205
1780785209.250062,3.5089854935660942,6.60111051391321e-08,0.21810665442039232,-7.346407913999542e-06,6.652595520019531
1780785209.2745905,3.5090171228357074,6.624346659776056e-08,0.2190654859937894,-7.3464079086704714e-06,6.6771240234375
1780785209.2998445,3.509073460568308,6.665734650578306e-08,0.2186077784805081,-7.346407909114561e-06,6.702378034591675
1780785209.3200254,3.5091304825704874,6.707625334094892e-08,0.21813255610916024,-7.346407907338204e-06,6.722558975219727
1780785209.3426147,3.5091569799097595,6.727091355813751e-08,0.2192055927198844,-7.346407905117758e-06,6.745148181915283
1780785209.365159,3.5092148928778903,6.769636580392989e-08,0.21853498540370606,-7.346407901120955e-06,6.767692565917969
1780785209.388757,3.509265454089055,6.806780905509333e-08,0.21824487206784998,-7.3464079024532225e-06,6.791290521621704
1780785209.4101703,3.509289300319445,6.824299317243983e-08,0.21928559315269355,-7.346407897568241e-06,6.812703847885132
1780785209.4300883,3.5093479709576023,6.867401159991563e-08,0.21843635712559675,-7.34640789845642e-06,6.832621812820435
1780785209.453623,3.5093871024076417,6.896148719457822e-08,0.2185919225156463,-7.346407895347795e-06,6.856156587600708
1780785209.473986,3.509417183061394,6.9182471959713e-08,0.21909205659808484,-7.346407893571438e-06,6.876519441604614
1780785209.4990857,3.509471323711336,6.958021127911458e-08,0.21834642915406335,-7.346407889130546e-06,6.90161919593811
1780785209.5223048,3.5094944810885873,6.975033485520615e-08,0.21916012472548238,-7.346407887354189e-06,6.924838304519653
1780785209.5440972,3.5095420500095735,7.009979559616623e-08,0.2185594563940538,-7.346407888242368e-06,6.9466307163238525
1780785209.5671792,3.509579143131147,7.037229685058161e-08,0.21851072156425205,-7.346407886021922e-06,6.969712734222412
1780785209.5910277,3.509598101042458,7.051156946078139e-08,0.21930545125084147,-7.3464078855778325e-06,6.993561267852783
1780785209.609419,3.5096508540484095,7.089911462195765e-08,0.21827627490063908,-7.346407883801476e-06,7.011952638626099
1780785209.6312602,3.5096752689505757,7.107847651519923e-08,0.21868168226206539,-7.34640788158103e-06,7.033793687820435
1780785209.65152,3.5096945216900197,7.12199150553182e-08,0.21923882752416296,-7.34640788158103e-06,7.054053544998169
1780785209.674869,3.5097433669834492,7.157875256396681e-08,0.21822746608588367,-7.346407878472405e-06,7.077402591705322
1780785209.6980898,3.509760399124114,7.170387766890907e-08,0.21881869149405878,-7.346407876251959e-06,7.100623369216919
1780785209.718441,3.5097800478954713,7.184822560382324e-08,0.21913328367436283,-7.346407876251959e-06,7.120974540710449
1780785209.740716,3.5098224343278104,7.215961366244912e-08,0.2182658290243928,-7.3464078771401375e-06,7.14324951171875
1780785209.7611287,3.509832347257782,7.223243811191379e-08,0.2190346492355894,-7.346407871366978e-06,7.1636621952056885
1780785209.786483,3.5098570276597245,7.241375042482725e-08,0.21886728211842468,-7.346407869590621e-06,7.189016580581665
1780785209.809866,3.5098868323409183,7.263270777232605e-08,0.21844965311247164,-7.3464078687024426e-06,7.212399482727051
1780785209.8308852,3.5098895551123226,7.265271035027024e-08,0.21935297603580187,-7.34640787003471e-06,7.233418703079224
1780785209.8533764,3.5099235986043937,7.29028077096117e-08,0.21851797422717473,-7.346407866926086e-06,7.2559099197387695
1780785209.874532,3.509935647425771,7.29913232333801e-08,0.2188095084764088,-7.346407863373372e-06,7.2770655155181885
1780785209.8960204,3.5099455913673614,7.306437544276819e-08,0.21904382996624025,-7.346407862929283e-06,7.298553943634033
1780785209.919492,3.50997231166139,7.326067357310486e-08,0.21842140635068666,-7.346407861597015e-06,7.322025537490845
1780785209.9399788,3.509968137619145,7.323000929876418e-08,0.21933192630765463,-7.346407862929283e-06,7.342512369155884
1780785209.9652624,3.509992590838047,7.340965255629113e-08,0.21859564570653675,-7.3464078602647476e-06,7.367795944213867
1780785209.9855318,3.5100058299653987,7.350691251888551e-08,0.218422312938655,-7.346407857156123e-06,7.388065338134766
1780785210.0123088,3.5099941198692415,7.34208853079581e-08,0.21947928455822993,-7.34640785315932e-06,7.414842367172241
1780785210.034861,3.510019893967846,7.361023228132335e-08,0.21847053427750657,-7.346407848718428e-06,7.437394618988037
1780785210.056295,3.5100252144754034,7.36493188414461e-08,0.21848383296971768,-7.346407846497982e-06,7.458828449249268
1780785210.0829625,3.5100100374048857,7.353782184384301e-08,0.21948910500376503,-7.346407845609804e-06,7.4854960441589355
1780785210.104304,3.5100326986266377,7.370430037957304e-08,0.21843215830472895,-7.346407842501179e-06,7.506837606430054
1780785210.1285818,3.5100304983169104,7.368813598062523e-08,0.2186283459854113,-7.346407842501179e-06,7.531115293502808
1780785210.1515405,3.51001598790511,7.35815365640765e-08,0.21935409782026918,-7.346407841613001e-06,7.554074048995972
1780785210.1714985,3.510032029008148,7.369938104296789e-08,0.21844726386244495,-7.346407841613001e-06,7.5740320682525635
1780785210.1949975,3.510017832613019,7.359508854184853e-08,0.2190792315307446,-7.346407844277536e-06,7.597531080245972
1780785210.2152293,3.5100171304901506,7.358993047488804e-08,0.21882922325843746,-7.346407843389358e-06,7.617762804031372
1780785210.2388427,3.510017372122181,7.359170562201112e-08,0.2185487952280259,-7.3464078451657144e-06,7.641376256942749
1780785210.261676,3.5099943513801732,7.342258588712176e-08,0.219376939753958,-7.3464078451657144e-06,7.664209604263306
1780785210.2813704,3.510002949117943,7.348574840117697e-08,0.21847111538350616,-7.3464078451657144e-06,7.683903932571411
1780785210.3037748,3.509985523952894,7.335773605838283e-08,0.2189016922491247,-7.346407841613001e-06,7.706308364868164
1780785210.3300462,3.5099701767573612,7.324498932690432e-08,0.2190533215920205,-7.346407839836644e-06,7.732579708099365
1780785210.3487363,3.50997244990953,7.326168885473613e-08,0.21830042542986153,-7.3464078389484655e-06,7.751269817352295
1780785210.3718565,3.5099424820024834,7.304153240919717e-08,0.21918273186190518,-7.346407837616198e-06,7.774389982223511
1780785210.3919523,3.5099323405874254,7.296702945764852e-08,0.21885319550395835,-7.346407834951663e-06,7.794485807418823
1780785210.4170256,3.509926982419751,7.292766618987224e-08,0.21828459744839598,-7.3464078305107705e-06,7.819559097290039
1780785210.4403374,3.5098902521358437,7.265783055946622e-08,0.21930846597455667,-7.346407826069878e-06,7.8428709506988525
1780785210.4592044,3.5098813384849943,7.25923472587206e-08,0.21873819167682193,-7.346407827402146e-06,7.861737966537476
1780785210.4848545,3.5098687846452563,7.25001216422927e-08,0.21835458623124288,-7.346407827402146e-06,7.887387990951538
1780785210.5049953,3.5098279710176916,7.220028809409476e-08,0.2193873597884742,-7.3464078251817e-06,7.907528877258301
1780785210.5278478,3.509820407622064,7.214472430759827e-08,0.2185834075420098,-7.3464078220730755e-06,7.9303812980651855
1780785210.5509205,3.509796091347901,7.196608704016634e-08,0.21864649956802276,-7.346407818520362e-06,7.95345401763916
1780785210.5723355,3.5097594858371477,7.169716802678109e-08,0.21923452243594482,-7.346407815411737e-06,7.974869012832642
1780785210.595763,3.509749479907904,7.162366038559854e-08,0.21842413665653213,-7.346407814967648e-06,7.998296499252319
1780785210.618093,3.509708926501996,7.132573852106447e-08,0.21917475695674996,-7.3464078136353805e-06,8.020626544952393
1780785210.6431756,3.509689702781901,7.118451322592427e-08,0.21866075561080217,-7.346407810082667e-06,8.045709133148193
1780785210.6694007,3.509663793137381,7.099417040418689e-08,0.2185193817287883,-7.3464078051976855e-06,8.071934223175049
1780785210.6906855,3.5096174563853935,7.065376172326435e-08,0.21936127728750213,-7.346407803865418e-06,8.09321904182434
1780785210.713604,3.5096060149413795,7.056970820619576e-08,0.21832195256443265,-7.346407804753596e-06,8.116137504577637
1780785210.7350461,3.5095682290692434,7.029211777816592e-08,0.2186345726566018,-7.346407801644972e-06,8.137579679489136
1780785210.7586977,3.5095221064404236,6.995328213719746e-08,0.2192935485121318,-7.346407798092258e-06,8.161231279373169
1780785210.7812185,3.509508707988761,6.985485164849486e-08,0.2182306834746643,-7.346407794983634e-06,8.183752059936523
1780785210.8019423,3.509464751739158,6.953193111961945e-08,0.21872950981018577,-7.346407790986831e-06,8.20447587966919
1780785210.8239224,3.5094199098092886,6.920250402623706e-08,0.21917307349894669,-7.3464077883222956e-06,8.226455926895142
1780785210.8459504,3.5094021173183907,6.907179314578357e-08,0.21822687291798493,-7.346407786990028e-06,8.248483896255493
1780785210.867538,3.509352633757536,6.870826674866327e-08,0.21890436111548944,-7.346407782549136e-06,8.270071506500244
1780785210.890635,3.5093144796222497,6.842797093581652e-08,0.21886565520820037,-7.346407779884601e-06,8.293168544769287
1780785210.9126153,3.5092864418308736,6.822199391457508e-08,0.21835598914242657,-7.3464077816609574e-06,8.315148830413818
1780785210.9365509,3.5092303659618618,6.781003774485376e-08,0.2192518340147928,-7.346407777220065e-06,8.339084386825562
1780785210.9574678,3.50920553493064,6.762761889559895e-08,0.2184491467017756,-7.3464077754437085e-06,8.3600013256073
1780785210.9799747,3.509161876895384,6.73068891996166e-08,0.21864941458035123,-7.346407773667352e-06,8.382508277893066
1780785211.0048115,3.5091131719097945,6.694908254895766e-08,0.2189996315344249,-7.346407770114638e-06,8.407345056533813
1780785211.027641,3.5090859171549806,6.674885804031014e-08,0.21828602237701086,-7.34640776878237e-06,8.430174589157104
1780785211.05187,3.5090279031909257,6.632266383746055e-08,0.21914846956800713,-7.3464077670060135e-06,8.454403638839722
1780785211.080882,3.508996838609876,6.60944507901821e-08,0.21850007545977257,-7.346407767894192e-06,8.483415603637695
1780785211.10111,3.50895910713123,6.581725998921844e-08,0.21823471802601538,-7.346407766561924e-06,8.50364351272583
1780785211.1224375,3.508895389905221,6.5349167284787e-08,0.2192992065620794,-7.346407767450103e-06,8.524971008300781
1780785211.1427488,3.5088696485646853,6.516006091630423e-08,0.21833745087580136,-7.346407766561924e-06,8.545282363891602
1780785211.1696022,3.508827145291335,6.48478145436679e-08,0.2182590587512127,-7.346407763897389e-06,8.57213568687439
1780785211.190905,3.5087627065482225,6.437442125499138e-08,0.21929980659164053,-7.346407764341478e-06,8.593438625335693
1780785211.2108684,3.5087378258658495,6.419163760589962e-08,0.21826287504387637,-7.346407762121032e-06,8.613401889801025
1780785211.233136,3.508691165636191,6.384885251000415e-08,0.2183682789694447,-7.3464077634533e-06,8.635669469833374
1780785211.2529397,3.5086302500132884,6.340134147111931e-08,0.21917092182762496,-7.3464077607887646e-06,8.655473232269287
1780785211.2771308,3.5086034673453264,6.32045850321499e-08,0.21822982174765276,-7.346407760344675e-06,8.679664373397827
1780785211.299372,3.5085484498427695,6.28004039749324e-08,0.21877349458532963,-7.346407756791962e-06,8.701905488967896
1780785211.3194084,3.5085045143518583,6.247763588890275e-08,0.21864127334060146,-7.346407754127426e-06,8.721941947937012
1780785211.3432431,3.5084668637592373,6.22010392258997e-08,0.21827186232098347,-7.34640775190698e-06,8.745776653289795
1780785211.3635914,3.5084049740125582,6.174637185262792e-08,0.21912301543018894,-7.346407751462891e-06,8.766124963760376
1780785211.390506,3.5083766220434036,6.153808666933503e-08,0.21822512540846561,-7.346407748798356e-06,8.793039560317993
1780785211.4141185,3.5083251585371196,6.116001471446758e-08,0.21856775519829313,-7.346407747466088e-06,8.816652059555054
1780785211.4355323,3.5082732479409664,6.07786582593711e-08,0.2188522429659593,-7.3464077456897314e-06,8.83806586265564
1780785211.4590185,3.5082446982399698,6.056892047188868e-08,0.21801113291781996,-7.3464077416929285e-06,8.861552000045776
1780785211.4800692,3.508184861511576,6.012933543682372e-08,0.2188070448009312,-7.346407741248839e-06,8.88260269165039
1780785211.5033097,3.5081422592714957,5.981636198730912e-08,0.2186243251268023,-7.346407739028393e-06,8.905843257904053
1780785211.5258584,3.5081106688103927,5.958428556478047e-08,0.21796778536703088,-7.34640774080475e-06,8.928391933441162
1780785211.5458548,3.508048139148869,5.9124917173030195e-08,0.21893381946320312,-7.346407738140215e-06,8.94838833808899
1780785211.5679781,3.5080117331227645,5.885746366513947e-08,0.21848365885790594,-7.346407737696126e-06,8.970511674880981
1780785211.5882463,3.5079774369637207,5.8605510109753856e-08,0.2180129073991131,-7.346407734143412e-06,8.990779876708984
1780785211.610697,3.507914595317245,5.81438497768223e-08,0.2190300606516327,-7.346407733699323e-06,9.013230562210083
1780785211.6324153,3.5078853742126315,5.7929179657572703e-08,0.2182920896153166,-7.3464077310347875e-06,9.034948825836182
1780785211.6531177,3.507843774079053,5.762356815328979e-08,0.21826954652525837,-7.346407729258431e-06,9.055651187896729
1780785211.6769574,3.507788127254322,5.7214763935744865e-08,0.21893879489230506,-7.34640772970252e-06,9.079490900039673
1780785211.698019,3.5077633673998094,5.703286799715037e-08,0.21808499517129387,-7.346407728370252e-06,9.100552558898926
1780785211.721027,3.5077098986864645,5.664006507795905e-08,0.21876609439050626,-7.346407727037985e-06,9.123560428619385
1780785211.7453613,3.5076759051932287,5.639033506561694e-08,0.2183604232245589,-7.346407725261628e-06,9.147894859313965
1780785211.7662349,3.5076407239804412,5.6131879578113884e-08,0.2181344598963834,-7.346407725261628e-06,9.168768405914307
1780785211.7908397,3.507583954433337,5.5714827378592136e-08,0.2190178462167609,-7.346407723041182e-06,9.193373203277588
1780785211.8162446,3.507564740344842,5.5573672886007587e-08,0.21799093320607071,-7.346407723041182e-06,9.218778133392334
1780785211.835949,3.5075222275999107,5.526135695396426e-08,0.21821929884347868,-7.346407719044379e-06,9.238482475280762
1780785211.8586357,3.507469427601784,5.4873466657380623e-08,0.21897539184634562,-7.3464077181562e-06,9.261169195175171
1780785211.8809047,3.5074538650186975,5.475913758906709e-08,0.2178844038643046,-7.346407715935754e-06,9.283438205718994
1780785211.906642,3.507409837383549,5.443569263204706e-08,0.21830012823380426,-7.346407713271219e-06,9.309175491333008
1780785211.9312427,3.507362618406753,5.4088802770538816e-08,0.21886894308878527,-7.346407712383041e-06,9.333776235580444
1780785211.955694,3.507347875362662,5.398049434622853e-08,0.21786816062659026,-7.346407710162595e-06,9.358227491378784
1780785211.9801037,3.507302927189349,5.365028671831613e-08,0.21846433384001385,-7.346407706609881e-06,9.38263726234436
1780785212.0005994,3.5072668310073336,5.3385109422240335e-08,0.21856508632004593,-7.346407705277613e-06,9.403132915496826
1780785212.026527,3.5072470363588657,5.323968983515983e-08,0.2179744966988208,-7.346407700836721e-06,9.429060459136963
1780785212.048731,3.507198850126739,5.2885694096446516e-08,0.21885998675719004,-7.346407702168989e-06,9.45126461982727
1780785212.0728168,3.507182484707465,5.276546702105329e-08,0.21811471515454625,-7.346407699060364e-06,9.475350379943848
1780785212.0987236,3.5071512588500813,5.253606910949693e-08,0.2182348869455065,-7.3464076950635615e-06,9.501257181167603
1780785212.1201248,3.507112755905986,5.225321075483394e-08,0.21869877134302315,-7.346407693731294e-06,9.522658348083496
1780785212.1483963,3.507100859618664,5.2165815750821316e-08,0.21791934208742178,-7.346407691066759e-06,9.55092978477478
1780785212.1720238,3.5070590216868203,5.18584572259677e-08,0.21873134663153238,-7.346407687958134e-06,9.574557304382324
1780785212.1926777,3.507042607375997,5.173787099048023e-08,0.21819634232578336,-7.34640769017858e-06,9.595211267471313
1780785212.2163684,3.507024822391329,5.160721523135756e-08,0.21785077195502456,-7.346407686181777e-06,9.61890196800232
1780785212.236466,3.5069803356393554,5.128039741196186e-08,0.21892065326944588,-7.346407683961331e-06,9.638999462127686
1780785212.2578282,3.50697442703255,5.123699037802958e-08,0.21803167475108404,-7.346407686181777e-06,9.660361766815186
1780785212.2798414,3.506955912620525,5.11009759644871e-08,0.21787358024528677,-7.346407685737688e-06,9.682374954223633
1780785212.300049,3.5069142456948645,5.0794873750891176e-08,0.21894805196496778,-7.346407680408618e-06,9.702582597732544
1780785212.323537,3.5069137760919307,5.079142386787426e-08,0.21795722092598555,-7.3464076781881715e-06,9.726070642471313
1780785212.3438172,3.5068949485854284,5.0653109347667005e-08,0.217984131527839,-7.3464076781881715e-06,9.746350765228271
1780785212.3676822,3.5068599686036968,5.039613216322179e-08,0.21886241814278787,-7.346407676855904e-06,9.7702157497406
1780785212.390778,3.5068624127200803,5.041408766200095e-08,0.21791345620924354,-7.346407674635458e-06,9.793311595916748
1780785212.410176,3.506838725683011,5.024007305792555e-08,0.2183812215026311,-7.346407670638655e-06,9.81270956993103
1780785212.4319239,3.506823482561394,5.012809090152432e-08,0.2183796283996092,-7.346407670638655e-06,9.834457397460938
1780785212.4526083,3.5068199296623486,5.0101989887146066e-08,0.21793410560536827,-7.346407668418209e-06,9.855141878128052
1780785212.4753883,3.5067909913944115,4.9889397604490306e-08,0.2188072881357713,-7.346407668418209e-06,9.87792181968689
1780785212.4988837,3.5067967602931662,4.993177831662265e-08,0.2179438916679337,-7.346407664421406e-06,9.901417255401611
1780785212.51913,3.5067823566782237,4.982596351876165e-08,0.21821114321935398,-7.346407659980514e-06,9.921663522720337
1780785212.5413623,3.5067646563224133,4.9695929518062587e-08,0.2186276012673743,-7.346407657760068e-06,9.943895816802979
1780785212.5652716,3.506775219267728,4.9773529248035796e-08,0.21772463908383105,-7.346407659980514e-06,9.96780514717102
1780785212.5830348,3.5067552504899084,4.962683048862414e-08,0.21844624794421383,-7.346407659536425e-06,9.985568284988403
1780785212.6078901,3.5067492096435404,4.9582451987212514e-08,0.21842285170996614,-7.346407659980514e-06,10.01042366027832
1780785212.6279747,3.5067599485633187,4.966134448171072e-08,0.21769077408244353,-7.346407658204157e-06,10.030508279800415
1780785212.6535416,3.5067399223603277,4.951422383145061e-08,0.21859724566860403,-7.346407657760068e-06,10.056075096130371
1780785212.6779892,3.5067428048512355,4.9535399779042597e-08,0.2182929338538329,-7.346407654651443e-06,10.080522775650024
1780785212.6980836,3.506753326029898,4.9612692633855735e-08,0.21774711761198567,-7.3464076506546405e-06,10.100617170333862
1780785212.721406,3.506734516101888,4.947450721492396e-08,0.21874683618057686,-7.346407644437392e-06,10.123939514160156
1780785212.741565,3.5067480977510286,4.9574283524263676e-08,0.21810041408783548,-7.346407641328767e-06,10.14409852027893
1780785212.7676582,3.506753240204457,4.961206206220851e-08,0.2180040209433635,-7.3464076377760534e-06,10.170191764831543
1780785212.788908,3.5067419363523404,4.952901933745086e-08,0.21875264174187445,-7.34640763422334e-06,10.191441535949707
1780785212.8100317,3.506764157131683,4.96922622237759e-08,0.2178807743366684,-7.346407631114715e-06,10.212565183639526
1780785212.8318992,3.506759097401997,4.9655091377941386e-08,0.21849019950445372,-7.346407628006091e-06,10.234432697296143
1780785212.8520877,3.5067702590213776,4.9737089179749625e-08,0.21821814414216073,-7.346407624453377e-06,10.254621267318726
1780785212.8751047,3.506784857211072,4.9844333436646884e-08,0.21791901452357537,-7.346407621344753e-06,10.27763819694519
1780785212.8998704,3.5067759232636835,4.977870103353519e-08,0.21884152654673938,-7.346407621344753e-06,10.302403926849365
1780785212.9227076,3.5068051467797408,4.9993388915009076e-08,0.21785177182624743,-7.3464076209006635e-06,10.325241088867188
1780785212.9494221,3.5068134931543105,5.005470481256243e-08,0.2180066111253595,-7.346407620012485e-06,10.351955652236938
1780785212.9702134,3.5068086705484665,5.001927601674958e-08,0.21885684095313312,-7.346407619568396e-06,10.37274694442749
1780785212.9939148,3.50684342433861,5.02745915587055e-08,0.2177617200887088,-7.346407621344753e-06,10.396448373794556
1780785213.0214305,3.5068511547384786,5.033138225913545e-08,0.21810424956621727,-7.3464076231211095e-06,10.423964023590088
1780785213.0428267,3.506852272779311,5.033959587093866e-08,0.21879459058855116,-7.3464076253415556e-06,10.44536018371582
1780785213.0694313,3.5068890478242403,5.060976036465199e-08,0.21776238109914994,-7.346407621788842e-06,10.471964836120605
1780785213.090547,3.5068964107581335,5.066385149186085e-08,0.21828634146310588,-7.346407617792039e-06,10.493080615997314
1780785213.1167533,3.5069084664249774,5.07524173415379e-08,0.21853567690246162,-7.3464076146834145e-06,10.519286870956421
1780785213.1401355,3.506941499713399,5.099509334556748e-08,0.2178730322663145,-7.346407612018879e-06,10.54266905784607
1780785213.1608205,3.506944948722981,5.1020431171249566e-08,0.21874317615428707,-7.346407612018879e-06,10.563354015350342
1780785213.1849792,3.506978232997436,5.126495100990339e-08,0.2180773454869278,-7.346407613351147e-06,10.587512731552124
1780785213.2053,3.506999663987078,5.1422391777171375e-08,0.21812558343735514,-7.3464076124629685e-06,10.607833623886108
1780785213.2281077,3.507010366859016,5.150101941017383e-08,0.21869768617294452,-7.346407609798433e-06,10.630641222000122
1780785213.2503006,3.507050340080136,5.179467895552914e-08,0.2178738366451825,-7.346407608466166e-06,10.652834177017212
1780785213.2713547,3.507060693369454,5.1870738402469416e-08,0.21862938419728026,-7.346407606689809e-06,10.673888206481934
1780785213.2954965,3.5070922219890814,5.2102360454319635e-08,0.21822881855681098,-7.346407608466166e-06,10.6980299949646
1780785213.3223004,3.507126458215185,5.2353873683184776e-08,0.21781016315078558,-7.346407602693006e-06,10.724833965301514
1780785213.3439438,3.5071323608482454,5.239723678749359e-08,0.2188787380641484,-7.346407601360738e-06,10.746477365493774
1780785213.36549,3.5071745158277117,5.270692440554474e-08,0.2180826833482727,-7.34640760047256e-06,10.768023490905762
1780785213.3855824,3.507207113792629,5.294640230153587e-08,0.21785108563800717,-7.346407600916649e-06,10.788115978240967
1780785213.4088414,3.5072143344458375,5.299944812433798e-08,0.2189516441911648,-7.3464075946994e-06,10.81137490272522
1780785213.431731,3.507261359447414,5.33449129165987e-08,0.21802600647602652,-7.346407592923043e-06,10.834264516830444
1780785213.4513257,3.5072924157914445,5.3573065450512105e-08,0.21797953581183394,-7.346407595143489e-06,10.853859186172485
1780785213.4775646,3.5073042614251673,5.366008828379632e-08,0.21892478516180533,-7.346407595143489e-06,10.880098104476929
1780785213.4978867,3.507353826607318,5.402421429814006e-08,0.2179859392363465,-7.346407591146686e-06,10.900420188903809
1780785213.5225682,3.5073784572205136,5.4205160815845756e-08,0.21838177967559197,-7.346407590258508e-06,10.92510175704956
1780785213.5467508,3.507406960393145,5.441455674022551e-08,0.2185147090716484,-7.34640758892624e-06,10.949284315109253
1780785213.5691316,3.507450604122306,5.473518137064244e-08,0.2179964985084566,-7.3464075849294375e-06,10.971665143966675
1780785213.5903797,3.5074667704068467,5.485394550398091e-08,0.21888135871716244,-7.346407584485348e-06,10.992913246154785
1780785213.6113415,3.5075158082513456,5.521419751860913e-08,0.21806886910233128,-7.346407586705794e-06,11.013875007629395
1780785213.6334205,3.507546585933174,5.544030294083483e-08,0.21826325900689567,-7.346407581376724e-06,11.035953998565674
1780785213.6560414,3.507569794455986,5.5610802240567234e-08,0.21880060633541631,-7.346407580044456e-06,11.058574914932251
1780785213.6767201,3.507623315202584,5.6003987493131937e-08,0.21785137025422682,-7.346407579600367e-06,11.079253673553467
1780785213.6996417,3.5076462575032146,5.617253102203675e-08,0.21850034512899166,-7.346407574715386e-06,11.102175235748291
1780785213.7234175,3.507677734665348,5.64037751245841e-08,0.2186379636340375,-7.346407573383118e-06,11.125951051712036
1780785213.7461426,3.5077297725369223,5.678606657919985e-08,0.21783154647443342,-7.346407571162672e-06,11.14867615699768
1780785213.7705595,3.5077501400567073,5.693569472281386e-08,0.21866564763793286,-7.346407567165869e-06,11.17309308052063
1780785213.7921765,3.5077879827207656,5.721370239893168e-08,0.21852153484015868,-7.346407566277691e-06,11.19471001625061
1780785213.8182492,3.507837010341179,5.7573879320759606e-08,0.2179008173684699,-7.346407565389512e-06,11.22078275680542
1780785213.839855,3.5078552979574513,5.770822763966884e-08,0.2188693106156449,-7.346407560504531e-06,11.242388486862183
1780785213.8652186,3.5079018399867654,5.805014439008655e-08,0.2183274847495488,-7.3464075618367985e-06,11.267752170562744
1780785213.888097,3.5079426766027577,5.8350146842703725e-08,0.21815626913960592,-7.346407560504531e-06,11.290630578994751
1780785213.908093,3.5079636515237405,5.8504237180831666e-08,0.21896955921439662,-7.346407556063639e-06,11.31062650680542
1780785213.93197,3.50801790086136,5.890277494046324e-08,0.2180915674424642,-7.346407556951817e-06,11.334503412246704
1780785213.9536562,3.508045409809565,5.9104866892142695e-08,0.21862717275131188,-7.346407554287282e-06,11.356189727783203
1780785213.9788039,3.508084111727624,5.9389186956159236e-08,0.21848662351712986,-7.346407554287282e-06,11.381337404251099
1780785214.002568,3.50812907108874,5.971947673835239e-08,0.2181116625438537,-7.346407554731371e-06,11.405101537704468
1780785214.0225816,3.508147923267525,5.985797250650995e-08,0.21905693698341375,-7.3464075511786575e-06,11.42511510848999
1780785214.0476508,3.5082026776634803,6.026022058884697e-08,0.21811475866419158,-7.346407552066836e-06,11.450184345245361
1780785214.0737405,3.5082381639103106,6.052091698503018e-08,0.2181926646327387,-7.3464075489582115e-06,11.476274013519287
1780785214.0921934,3.5082566542335942,6.065675439266532e-08,0.219120100710967,-7.346407544517319e-06,11.49472689628601
1780785214.1169994,3.5083142491232038,6.107986987939227e-08,0.2180306124900044,-7.346407543629141e-06,11.519532918930054
1780785214.1414058,3.5083456425757187,6.131049892880089e-08,0.21829587677321283,-7.3464075383000704e-06,11.543939352035522
1780785214.16516,3.5083660019317997,6.14600670106792e-08,0.21909015529537024,-7.346407536523714e-06,11.56769347190857
1780785214.189304,3.5084225602936483,6.18755677439845e-08,0.2180355732303431,-7.346407532526911e-06,11.591837644577026
1780785214.208397,3.5084499900771515,6.207707807823955e-08,0.21848242546535757,-7.346407528530108e-06,11.610930442810059
1780785214.2338667,3.508476834430151,6.22742876092836e-08,0.21887550561524938,-7.346407527641929e-06,11.63640022277832
1780785214.2539272,3.508527059046645,6.264325809171796e-08,0.21813537467622168,-7.346407524977394e-06,11.656460762023926
1780785214.275694,3.508546338966519,6.278489623607519e-08,0.21897085418510834,-7.3464075214246805e-06,11.678227424621582
1780785214.2969139,3.508591184868732,6.311435251271743e-08,0.21839211081047588,-7.346407524533305e-06,11.699447393417358
1780785214.3182404,3.5086264266382643,6.337325292682617e-08,0.21836198899156525,-7.3464075214246805e-06,11.720773935317993
1780785214.34258,3.5086468161428566,6.352304255948877e-08,0.21902220896889496,-7.346407519204234e-06,11.745113611221313
1780785214.3629158,3.5086969287921006,6.389119053055893e-08,0.2181605888163097,-7.346407517871967e-06,11.765449285507202
1780785214.3930504,3.5087174095916702,6.404165086794387e-08,0.2188387361639463,-7.346407513875164e-06,11.795583963394165
1780785214.4178054,3.508753452969762,6.43064402543803e-08,0.2185790295992395,-7.346407511654718e-06,11.82033896446228
1780785214.44039,3.5087951556206116,6.46128049698726e-08,0.21807968039230102,-7.346407511654718e-06,11.842923641204834
1780785214.4659505,3.5088066295352496,6.469709707562647e-08,0.21912559314163024,-7.346407509878361e-06,11.868484020233154
1780785214.4878829,3.508850009263094,6.501578228851681e-08,0.21842824132831337,-7.346407508546093e-06,11.890416383743286
1780785214.5114374,3.508886335781769,6.528265175124498e-08,0.21811507692600704,-7.346407508102004e-06,11.913970947265625
1780785214.5376444,3.5088948369470345,6.534510482487017e-08,0.2192200294076014,-7.3464075045492905e-06,11.940177917480469
1780785214.55797,3.508939821051252,6.567557643285223e-08,0.21836499462510262,-7.346407501884755e-06,11.960503578186035
1780785214.5841656,3.508970882057931,6.590376328695533e-08,0.21823671463501906,-7.346407500108398e-06,11.986699104309082
1780785214.6040509,3.5089794686686333,6.596684406264857e-08,0.21922692627065551,-7.346407495667506e-06,12.006584405899048
1780785214.625915,3.5090243103116334,6.629626907556962e-08,0.21830322402994376,-7.3464074938911494e-06,12.028448581695557
1780785214.6475601,3.5090452946553,6.645042863703375e-08,0.21861821956374225,-7.34640749344706e-06,12.050093650817871
1780785214.6679637,3.509064924679037,6.659463880454112e-08,0.21887692015743257,-7.346407491670703e-06,12.070497274398804
1780785214.6910775,3.509102362233508,6.686967034229261e-08,0.21827697989525088,-7.346407488562079e-06,12.093611001968384
1780785214.7110913,3.509110241980975,6.692755817470097e-08,0.21915062010250524,-7.346407487229811e-06,12.113624811172485
1780785214.7357821,3.509147786050364,6.720337219823697e-08,0.2183933463542478,-7.34640748811799e-06,12.138315677642822
1780785214.7599332,3.509168922581919,6.735864975184746e-08,0.21850515918097668,-7.346407483233008e-06,12.162466764450073
1780785214.7814,3.5091781799202955,6.742665790360356e-08,0.21914018222058051,-7.346407481900741e-06,12.18393349647522
1780785214.8052742,3.509218558374625,6.77232944498651e-08,0.21814848907317752,-7.34640748234483e-06,12.207807779312134
1780785214.831296,3.5092285026550036,6.77963491433236e-08,0.21871457963769123,-7.346407484565276e-06,12.233829498291016
1780785214.851006,3.5092415402639068,6.789212868166946e-08,0.21900338371700645,-7.3464074814566516e-06,12.253539562225342
1780785214.874999,3.5092779042631337,6.815927338476845e-08,0.21811255291803558,-7.346407477903938e-06,12.277532577514648
1780785214.8952343,3.5092819865494747,6.81892634669758e-08,0.2188637824131986,-7.34640747657167e-06,12.297767877578735
1780785214.9213371,3.509297885153876,6.83060610354871e-08,0.21886995591910688,-7.346407473907135e-06,12.323870658874512
1780785214.9462786,3.5093283010677347,6.852950867604736e-08,0.21816425028979952,-7.346407476127581e-06,12.348812103271484
1780785214.9669018,3.5093268565293108,6.851889645352104e-08,0.2190775973170966,-7.346407469466243e-06,12.36943531036377
1780785214.9882517,3.509348877646154,6.868067249826883e-08,0.2186440702560571,-7.346407469022154e-06,12.390785217285156
1780785215.0089564,3.509368145260329,6.88222201981747e-08,0.218387922067611,-7.346407466801708e-06,12.411489963531494
1780785215.030686,3.509364564434344,6.879591395674542e-08,0.21924219207127899,-7.346407465025351e-06,12.43321943283081
1780785215.0542305,3.5093934303176475,6.900797446844576e-08,0.2183617712592825,-7.346407464581262e-06,12.456763982772827
1780785215.0741777,3.5093966156458185,6.903137517078715e-08,0.2188132975292705,-7.346407464137172e-06,12.47671127319336
1780785215.1000063,3.5094060916841143,6.910099000134975e-08,0.21879448960347428,-7.3464074623608155e-06,12.502539873123169
1780785215.1216087,3.509424849357735,6.923879151629182e-08,0.21833374464510066,-7.346407456587656e-06,12.524142265319824
1780785215.1445234,3.509415430019428,6.916959323539408e-08,0.2192780255530982,-7.3464074539231206e-06,12.547056913375854
1780785215.168277,3.509439410173994,6.93457612446047e-08,0.218387248757049,-7.346407451258585e-06,12.570810556411743
1780785215.1894984,3.509446304499438,6.939640980484737e-08,0.2183780397802122,-7.346407450370407e-06,12.592031955718994
1780785215.2140043,3.5094330508516314,6.929904315602996e-08,0.21935891387255269,-7.346407449038139e-06,12.616537809371948
1780785215.2347915,3.509458329614756,6.948475130155265e-08,0.21827884673311918,-7.3464074494822285e-06,12.637325048446655
1780785215.2600102,3.5094589013712305,6.94889517156507e-08,0.21845659721200933,-7.346407446817693e-06,12.662543773651123
1780785215.284135,3.509444795042938,6.938532094244728e-08,0.219331183783283,-7.346407446373604e-06,12.686668634414673
1780785215.3065634,3.5094674889048423,6.955203935913033e-08,0.21825814676578725,-7.346407450814496e-06,12.709096908569336
1780785215.330479,3.5094621458816095,6.951278738621165e-08,0.2186178553099217,-7.3464074517026745e-06,12.733012437820435
1780785215.3498664,3.5094517771177047,6.943661426555356e-08,0.21913155398060974,-7.346407453479031e-06,12.752399921417236
1780785215.3739955,3.509467358273451,6.955107981705912e-08,0.21831818070042597,-7.346407456143567e-06,12.77652907371521
1780785215.3965902,3.509451702178879,6.943606377704222e-08,0.21909578503133328,-7.346407457031745e-06,12.799123764038086
1780785215.4171429,3.5094577058701963,6.948016933635754e-08,0.21860880930643004,-7.346407458808102e-06,12.819676399230957
1780785215.44229,3.5094573310694774,6.947741587120497e-08,0.21849128269929688,-7.346407459252191e-06,12.844823598861694
1780785215.4632528,3.5094389013835583,6.934202383786026e-08,0.21921716387307344,-7.3464074601403695e-06,12.86578631401062
1780785215.4855268,3.509451109684308,6.94317109243429e-08,0.21832295356381448,-7.3464074623608155e-06,12.888060331344604
1780785215.5124307,3.5094346493294335,6.931078635624085e-08,0.21891483120410227,-7.346407464137172e-06,12.914964199066162
1780785215.532564,3.5094290939872317,6.92699744374331e-08,0.218787944145523,-7.346407464581262e-06,12.935097455978394
1780785215.5551317,3.5094330739950204,6.929921306834978e-08,0.21819978529155581,-7.3464074663576184e-06,12.957665205001831
1780785215.5824351,3.5094059098482857,6.909965402743518e-08,0.21920087958873696,-7.346407466801708e-06,12.984968662261963
1780785215.600427,3.5094070549664678,6.91080663732282e-08,0.21860808361050887,-7.346407465913529e-06,13.002960443496704
1780785215.6288671,3.5094048226585572,6.909166676388351e-08,0.21820543457864167,-7.346407463693083e-06,13.031400680541992
1780785215.649589,3.5093733676092675,6.886058498613694e-08,0.21929293635523836,-7.346407461472637e-06,13.052122592926025
1780785215.671727,3.509375985087712,6.88798138824531e-08,0.21851469829203451,-7.346407461472637e-06,13.074260473251343
1780785215.695105,3.5093679713893975,6.882094183337949e-08,0.21829701619329467,-7.346407458808102e-06,13.097638607025146
1780785215.7183177,3.5093352974780587,6.85809058286435e-08,0.2193109366758858,-7.3464074579199234e-06,13.120851278305054
1780785215.7449503,3.509338430709198,6.86039236943388e-08,0.2184091045583808,-7.3464074539231206e-06,13.147483825683594
1780785215.766914,3.509319922399513,6.846795401452833e-08,0.2186360337667777,-7.346407449038139e-06,13.169447422027588
1780785215.7899134,3.509296265805958,6.829416297275627e-08,0.2190138241197447,-7.3464074494822285e-06,13.192446947097778
1780785215.8129423,3.5092939805920285,6.827737481847681e-08,0.21832580982050542,-7.34640744859405e-06,13.215475797653198
1780785215.8339384,3.509261430380905,6.803824770502269e-08,0.2191680533089966,-7.346407447261782e-06,13.236471891403198
1780785215.8566227,3.509256449238943,6.800165422652645e-08,0.21847390140737916,-7.346407446373604e-06,13.259156227111816
1780785215.8838143,3.5092382121508097,6.786767720122565e-08,0.21849724068643886,-7.346407441932712e-06,13.28634786605835
1780785215.9066894,3.5092051694514064,6.762493215647415e-08,0.21921073559062174,-7.346407439268177e-06,13.309222936630249
1780785215.9293613,3.509205264253887,6.762562871882063e-08,0.21818527468317256,-7.346407436159552e-06,13.331894874572754
1780785215.9504175,3.5091762175118517,6.741223965425786e-08,0.21866304023321695,-7.346407436159552e-06,13.352951049804688
1780785215.9779785,3.5091464459283452,6.719352562799863e-08,0.21908470684942682,-7.346407434383195e-06,13.380511999130249
1780785216.0049393,3.509143945711808,6.717515818263406e-08,0.2181187641263367,-7.346407433495017e-06,13.407472848892212
1780785216.0297675,3.509109690446615,6.692350522250981e-08,0.21878218172210787,-7.3464074303863924e-06,13.432301044464111
1780785216.0558815,3.5090830846892436,6.672804866652029e-08,0.2189345863796692,-7.346407428165946e-06,13.458415031433105
1780785216.0765817,3.5090760178426774,6.667613290526388e-08,0.21814015890477786,-7.346407429054125e-06,13.47911524772644
1780785216.100811,3.5090371230086594,6.639039576722444e-08,0.21898042701419546,-7.346407428165946e-06,13.503344535827637
1780785216.1210382,3.509018063650091,6.625037810216775e-08,0.21866541107965068,-7.3464074263895895e-06,13.523571729660034
1780785216.1445928,3.509000873887387,6.612409522807272e-08,0.21832094782424394,-7.346407423280965e-06,13.547126293182373
1780785216.1684916,3.508959134777354,6.581746281704447e-08,0.21919907408410616,-7.346407422392787e-06,13.571025133132935
1780785216.1912415,3.508950445785723,6.575363002382497e-08,0.2183271711014314,-7.346407423725054e-06,13.593775033950806
1780785216.214865,3.5089183989038104,6.551820061173876e-08,0.21869153093567192,-7.346407421504608e-06,13.617398500442505
1780785216.2378318,3.5088892321360925,6.53039296618231e-08,0.21879210429542392,-7.34640741484327e-06,13.640365362167358
1780785216.2636063,3.5088739745754376,6.51918413881067e-08,0.21824351972832948,-7.346407413955092e-06,13.666139841079712
1780785216.287809,3.50882966748567,6.486634339975285e-08,0.21917088416222436,-7.346407413066913e-06,13.690342426300049
1780785216.3081095,3.5088177168607424,6.4778549167719e-08,0.21834381026802407,-7.3464074095141996e-06,13.71064305305481
1780785216.3322124,3.508792266149504,6.459157777459455e-08,0.21824600002442002,-7.346407404185129e-06,13.734745979309082
1780785216.360327,3.5087448307394893,6.424309780458233e-08,0.21926526258156528,-7.3464074028528614e-06,13.762860536575317
1780785216.378059,3.508736924248761,6.418501337274485e-08,0.21820777994850768,-7.346407402408772e-06,13.780592441558838
1780785216.40335,3.5087070565610223,6.396559302742546e-08,0.21829721279070918,-7.346407401076505e-06,13.805883646011353
1780785216.423125,3.5086602522122643,6.36217490628246e-08,0.2192378866919723,-7.34640739796788e-06,13.825658559799194
1780785216.446957,3.508652389879135,6.356398901021588e-08,0.21816028266124057,-7.3464073988560585e-06,13.849490642547607
1780785216.4706314,3.508618628787422,6.331596613026934e-08,0.2184325435391104,-7.346407397523791e-06,13.873164892196655
1780785216.4901037,3.508577050018489,6.301051141604213e-08,0.21905338667294716,-7.346407393082899e-06,13.892637252807617
1780785216.5118148,3.508565350445534,6.292456145947355e-08,0.2181811046042783,-7.346407391750631e-06,13.914348363876343
1780785216.5324647,3.508523496638408,6.261708623877106e-08,0.21888749972218455,-7.346407389086096e-06,13.934998273849487
1780785216.556185,3.508500470541885,6.244792706638626e-08,0.21850704869395796,-7.346407387309739e-06,13.958718538284302
1780785216.5790248,3.5084757456122913,6.226628760203239e-08,0.21830317803179633,-7.346407383312936e-06,13.981558322906494
1780785216.599601,3.508431136253162,6.193856905143267e-08,0.2190821629293182,-7.346407384645204e-06,14.002134561538696
1780785216.6237624,3.508419419337045,6.185249180428416e-08,0.21817082663181905,-7.346407384201115e-06,14.026295900344849
1780785216.6443977,3.508380960034415,6.156995412682835e-08,0.21867771427434457,-7.346407380204312e-06,14.046931266784668
1780785216.669456,3.508350266788345,6.134446908816441e-08,0.218685813118015,-7.346407380648401e-06,14.0719895362854
1780785216.69333,3.5083344735823223,6.122844583375237e-08,0.21801134383184756,-7.3464073797602225e-06,14.095863580703735
1780785216.7160192,3.5082875938926024,6.088404863524898e-08,0.21895610952146954,-7.346407377095687e-06,14.118552684783936
1780785216.7384562,3.508266539887566,6.072937745009256e-08,0.2184845845209791,-7.346407376651598e-06,14.140989780426025
1780785216.7583797,3.508247253839111,6.058769440697698e-08,0.2179956849870494,-7.3464073775397765e-06,14.160913228988647
1780785216.7812965,3.508198299603645,6.022805678658416e-08,0.21905503401212525,-7.34640737531933e-06,14.18383002281189
1780785216.804953,3.5081821515196254,6.010942652125972e-08,0.218371087994491,-7.3464073713225275e-06,14.207486629486084
1780785216.8267105,3.5081598191868237,5.994536424478622e-08,0.2180677598928382,-7.3464073713225275e-06,14.229243993759155
1780785216.84812,3.5081117436037874,5.95921815593153e-08,0.21909527594453207,-7.34640736999026e-06,14.250653505325317
1780785216.868069,3.508100147576168,5.9506992542776015e-08,0.21823328069152267,-7.346407365549368e-06,14.270602464675903
1780785216.8918757,3.50807016431631,5.928672341387727e-08,0.2183761524057061,-7.346407361996654e-06,14.294409275054932
1780785216.9146094,3.508032378298753,5.9009132033989055e-08,0.21886374969499106,-7.346407359776208e-06,14.317142963409424
1780785216.9349918,3.508020421721764,5.8921294232991834e-08,0.21810601748671343,-7.346407356223494e-06,14.337525367736816
1780785216.9582815,3.5079785491335636,5.8613681202514724e-08,0.21890759101920168,-7.34640735311487e-06,14.360815048217773
1780785216.9780731,3.5079629196328006,5.849886056931249e-08,0.21829527772421672,-7.346407352670781e-06,14.380606651306152
1780785217.0066068,3.5079382642377115,5.831773201441642e-08,0.21823506434731776,-7.346407351782602e-06,14.409140348434448
1780785217.0301843,3.5078967721117276,5.801291394850806e-08,0.2190184159593458,-7.346407349562156e-06,14.43271780014038
1780785217.050695,3.507891265510102,5.7972460189619964e-08,0.2179784804119155,-7.3464073500062455e-06,14.45322847366333
1780785217.0765855,3.5078586543597274,5.7732885345668976e-08,0.2183731112958227,-7.346407347785799e-06,14.479119062423706
1780785217.1047301,3.5078224714383976,5.746707079618765e-08,0.21891972088766326,-7.346407345565353e-06,14.507263660430908
1780785217.1252675,3.5078181904055343,5.743562050391997e-08,0.21789844859818783,-7.346407339792194e-06,14.527801036834717
1780785217.1493297,3.5077833116586503,5.7179386922855865e-08,0.21847968520299407,-7.3464073415685505e-06,14.551863193511963
1780785217.1690006,3.507752867027319,5.695572814992775e-08,0.21878463073159857,-7.34640734201264e-06,14.571534156799316
1780785217.192443,3.507747499729846,5.691629768059548e-08,0.21790811712256275,-7.346407340680372e-06,14.594976425170898
1780785217.215881,3.5077108956967145,5.664738941995449e-08,0.21866777486784064,-7.3464073375717476e-06,14.618414640426636
1780785217.234999,3.5076912056807092,5.6502738417780766e-08,0.2184917603071209,-7.346407341124461e-06,14.637532472610474
1780785217.2566333,3.5076787355374863,5.641112754366917e-08,0.21806587832261454,-7.346407338904015e-06,14.659166812896729
1780785217.2770393,3.507640538085458,5.613051338521646e-08,0.21896091217669314,-7.346407334907212e-06,14.679572820663452
1780785217.2981546,3.5076363047913075,5.6099413771962966e-08,0.21811839210309172,-7.346407330022231e-06,14.700688123703003
1780785217.3215775,3.5076116200028213,5.591806917114314e-08,0.21840244351970564,-7.346407329578142e-06,14.724111080169678
1780785217.341592,3.5075867356328048,5.573525838047475e-08,0.21862960291169686,-7.346407328689963e-06,14.744125604629517
1780785217.3675115,3.507581112378988,5.569394761337994e-08,0.21800062077712123,-7.346407323360893e-06,14.770045042037964
1780785217.393242,3.507545911656267,5.543534874390792e-08,0.21890448983172636,-7.346407320696358e-06,14.795775413513184
1780785217.4173136,3.5075420371033714,5.5406884693829036e-08,0.2181623505549162,-7.346407317143644e-06,14.819847106933594
1780785217.4395242,3.507528800148817,5.53096406578856e-08,0.21798335864966492,-7.346407317143644e-06,14.842057704925537
1780785217.4600177,3.5074920821243554,5.503989514981342e-08,0.21903467053788897,-7.346407314479109e-06,14.862551212310791
1780785217.4826715,3.5074958577177986,5.506763226487176e-08,0.21802121655887316,-7.346407315367287e-06,14.885205030441284
1780785217.5030513,3.5074808038612373,5.495704059492983e-08,0.21802986813252895,-7.3464073140350195e-06,14.905584812164307
1780785217.5274868,3.5074468326139545,5.470747408772489e-08,0.219030560264931,-7.346407309594127e-06,14.930020332336426
1780785217.5513108,3.507453782441003,5.475853046677185e-08,0.21797001781221984,-7.346407311370484e-06,14.95384430885315
1780785217.5733514,3.507437312735288,5.463753742990072e-08,0.21816254643639887,-7.346407310482306e-06,14.975884914398193
1780785217.5978677,3.5074103746703433,5.4439639567263514e-08,0.2188848275402514,-7.346407309594127e-06,15.000401258468628
1780785217.6185014,3.5074169408200087,5.448787730926796e-08,0.21797541214727545,-7.3464073100382166e-06,15.021034955978394
1780785217.6436102,3.507394618091587,5.432388557646962e-08,0.2186047033753893,-7.346407307373681e-06,15.046143770217896
1780785217.6664107,3.507388192822852,5.427668304901589e-08,0.21835263156284976,-7.346407302932789e-06,15.068944215774536
1780785217.6874664,3.507384850115696,5.4252126260960073e-08,0.21807052608193525,-7.346407298935986e-06,15.089999914169312
1780785217.710489,3.507359779965437,5.4067950808578315e-08,0.21889698272413008,-7.346407298935986e-06,15.113022565841675
1780785217.7350247,3.507369269303682,5.413766342269564e-08,0.2179903864615899,-7.346407300712343e-06,15.137558221817017
1780785217.7581882,3.50735416377243,5.402669207883022e-08,0.21842016326047767,-7.346407301156432e-06,15.160721778869629
1780785217.7822506,3.5073431983415966,5.394613557632683e-08,0.21857142178351707,-7.346407300268254e-06,15.184784173965454
1780785217.8056242,3.5073524555659414,5.401414291368811e-08,0.2178188408539296,-7.346407300268254e-06,15.208157777786255
1780785217.8294368,3.5073306713472965,5.385410713071345e-08,0.21870131516093022,-7.346407298491897e-06,15.231970310211182
1780785217.8566983,3.5073312054032053,5.3858030463680746e-08,0.2183726565159806,-7.346407297603719e-06,15.259231805801392
1780785217.8778296,3.5073387265390115,5.3913283709098226e-08,0.21780539261703483,-7.3464072949391834e-06,15.280363082885742
1780785217.9023666,3.5073160516783544,5.374670483818848e-08,0.2188304455980654,-7.34640729138647e-06,15.304900169372559
1780785217.9225712,3.5073238607484094,5.380407332756245e-08,0.21826218103763773,-7.346407286057399e-06,15.325104713439941
1780785217.9444954,3.507330004421049,5.384920712123181e-08,0.21788091081568173,-7.346407282948775e-06,15.347028970718384
1780785217.9687212,3.5073090043214,5.369493170369121e-08,0.21891593113691427,-7.346407275843347e-06,15.371254682540894
1780785217.9879622,3.5073240121069458,5.3805184878243825e-08,0.21811511435514697,-7.346407270514277e-06,15.390495777130127
1780785218.0107868,3.507323752743539,5.380327937328328e-08,0.21818140369236236,-7.346407264741117e-06,15.413320302963257
1780785218.0315819,3.5073127099303947,5.372215427327861e-08,0.21877275398962595,-7.34640725763569e-06,15.434115409851074
1780785218.0533686,3.507330811449726,5.385513532723214e-08,0.21796645463535935,-7.3464072527507085e-06,15.455902099609375
1780785218.0792134,3.5073194703181776,5.377181871613748e-08,0.21872106354848164,-7.346407247421638e-06,15.481746912002563
1780785218.0997238,3.507331635112901,5.3861186235112796e-08,0.21821168891068912,-7.346407241204389e-06,15.502257347106934
1780785218.1243813,3.507338801453832,5.39138331181081e-08,0.21807518903444326,-7.346407236319408e-06,15.526914834976196
1780785218.1475024,3.5073266523169724,5.382458068058513e-08,0.21892196968047556,-7.34640722965807e-06,15.550035953521729
1780785218.1693068,3.507351911376695,5.401014411068443e-08,0.21788836350820248,-7.346407226993534e-06,15.571840286254883
1780785218.1912284,3.5073518430692086,5.4009642433887754e-08,0.21820660179807794,-7.34640722388491e-06,15.593761920928955
1780785218.2118983,3.5073448184228755,5.395803669351695e-08,0.2188713773063292,-7.346407217667661e-06,15.614431858062744
1780785218.232746,3.50737285683839,5.416401850034218e-08,0.21781508579372988,-7.346407215003126e-06,15.635279417037964
1780785218.2541456,3.507371163625346,5.4151579688008363e-08,0.21832034642017856,-7.346407209674055e-06,15.656679153442383
1780785218.2767766,3.5073700177271836,5.414316169168124e-08,0.21877063509452233,-7.34640720700952e-06,15.679310083389282
1780785218.299855,3.5073979919604454,5.4348672043874434e-08,0.21783182758569017,-7.34640720700952e-06,15.702388525009155
1780785218.3212304,3.507395056055349,5.4327103935117925e-08,0.21851664134859847,-7.346407205677252e-06,15.723763942718506
1780785218.3432863,3.507404933421532,5.4399667329587396e-08,0.2184856822539477,-7.3464072061213415e-06,15.745819807052612
1780785218.3642464,3.507426496611427,5.455807952535236e-08,0.21798417243403242,-7.346407209229966e-06,15.766779899597168
1780785218.389799,3.507420715698742,5.4515610774612e-08,0.21888808531010776,-7.346407207897698e-06,15.792332649230957
1780785218.4104471,3.507448011581652,5.471613761128802e-08,0.2180940945594867,-7.346407210118144e-06,15.812980651855469
1780785218.4307716,3.5074573167353407,5.478449717335173e-08,0.2183030708543649,-7.3464072061213415e-06,15.83330512046814
1780785218.454852,3.507462582387011,5.482318086308432e-08,0.21866215787237234,-7.3464072021245386e-06,15.857385635375977
1780785218.4749641,3.507490814736053,5.503058722806609e-08,0.21795788243815523,-7.3464071976836465e-06,15.877497673034668
1780785218.5002017,3.5074887808519,5.5015645460506075e-08,0.21882951986190738,-7.346407193686844e-06,15.902735233306885
1780785218.5237348,3.5075151242694598,5.5209174878562184e-08,0.2181907969908534,-7.346407191910487e-06,15.926268339157104
1780785218.5449746,3.5075356447708295,5.535992673963363e-08,0.21793522780186042,-7.346407192354576e-06,15.947508096694946
1780785218.5690398,3.507530659340758,5.532330159381971e-08,0.21900942270447402,-7.346407190578219e-06,15.97157335281372
1780785218.5927577,3.5075650816730346,5.557618189850981e-08,0.2180579173995511,-7.346407190578219e-06,15.995291233062744
1780785218.613303,3.5075832785682803,5.570986350203686e-08,0.21798979042945696,-7.346407186137327e-06,16.015836477279663
1780785218.636436,3.5075799736118016,5.568558372120935e-08,0.2190407795453127,-7.346407182584613e-06,16.03896951675415
1780785218.6564608,3.507617473245006,5.5961071065886504e-08,0.21801458835389612,-7.346407176811454e-06,16.05899429321289
1780785218.679991,3.5076335380677897,5.6079089563704126e-08,0.21813071666394995,-7.346407175035097e-06,16.08252453804016
1780785218.7039704,3.5076357586949682,5.6095402968943226e-08,0.21894413020687373,-7.346407174146918e-06,16.10650396347046
1780785218.7251167,3.5076730806832743,5.636958527499043e-08,0.21801419645934592,-7.346407173702829e-06,16.127650260925293
1780785218.7490878,3.5076823329107545,5.643755571463056e-08,0.21856898080002357,-7.34640716748558e-06,16.151621341705322
1780785218.7692897,3.5077032102414343,5.659092891728059e-08,0.21844806367138436,-7.3464071639328665e-06,16.171823263168335
1780785218.7921176,3.507730841211267,5.679391713787149e-08,0.21809011514890878,-7.3464071617124205e-06,16.194651126861572
1780785218.8144336,3.5077343335352977,5.681957308684542e-08,0.21895269102270754,-7.346407160380153e-06,16.21696710586548
1780785218.8355377,3.5077719533695957,5.709594364756006e-08,0.21806649069372244,-7.346407158603796e-06,16.23807120323181
1780785218.856892,3.507786499385232,5.7202804597516466e-08,0.21842076539227379,-7.346407152830636e-06,16.2594256401062
1780785218.87773,3.507800772189492,5.730765846941024e-08,0.2187169521593311,-7.346407148833833e-06,16.280263423919678
1780785218.9020596,3.50783870832698,5.7586352856417645e-08,0.21788769318002907,-7.346407148833833e-06,16.304593086242676
1780785218.9241557,3.507845232243116,5.763428033310745e-08,0.21869536296106792,-7.346407148389744e-06,16.32668924331665
1780785218.9453895,3.5078691176767114,5.780975261472285e-08,0.21852448470862598,-7.346407146169298e-06,16.347923040390015
1780785218.96728,3.5079040453017107,5.8066345356749114e-08,0.2178798431452462,-7.3464071448370305e-06,16.369813442230225
1780785218.9925864,3.5079078231615552,5.809409927376381e-08,0.2188576984490976,-7.346407142172495e-06,16.3951199054718
1780785219.0228066,3.5079377077777547,5.831364406394803e-08,0.21841941945561796,-7.346407143060674e-06,16.425340175628662
1780785219.044839,3.5079695246223395,5.854738379595948e-08,0.21796055804378484,-7.346407142172495e-06,16.447372436523438
1780785219.0648396,3.5079725049408745,5.8569278666777536e-08,0.21898955607441226,-7.346407137287514e-06,16.46737313270569
1780785219.0874617,3.508008909545795,5.883672194865324e-08,0.2182634485127226,-7.346407135511157e-06,16.48999524116516
1780785219.1079228,3.5080325864073094,5.9010662026967706e-08,0.21825275228082236,-7.3464071341788895e-06,16.510456323623657
1780785219.1297822,3.5080418497559047,5.907871454716538e-08,0.218933824016641,-7.3464071341788895e-06,16.532315731048584
1780785219.1546044,3.508081588425195,5.937065115910387e-08,0.2180918107590707,-7.346407131958443e-06,16.557137966156006
1780785219.1780512,3.508092167069187,5.944836630623884e-08,0.21878468467632467,-7.346407129293908e-06,16.58058476448059
1780785219.2012973,3.508121702813006,5.96653479977006e-08,0.2183907149267952,-7.346407127517551e-06,16.603830814361572
1780785219.2215362,3.5081494842829137,5.986944203392288e-08,0.21817640303172176,-7.346407127517551e-06,16.624069690704346
1780785219.2453694,3.508155142436839,5.99110091294787e-08,0.21907141394897145,-7.346407126185284e-06,16.647902965545654
1780785219.2667987,3.5081976023527135,6.022293692533968e-08,0.2180559608811725,-7.346407123964838e-06,16.669332265853882
1780785219.2883759,3.5082161429792293,6.035914382841585e-08,0.2182957567384422,-7.3464071235207484e-06,16.690909385681152
1780785219.311843,3.50822372834031,6.04148688459815e-08,0.21906320374663166,-7.3464071235207484e-06,16.71437644958496
1780785219.3375468,3.5082675920163275,6.073710911301777e-08,0.21798333552530672,-7.346407121744392e-06,16.7400803565979
1780785219.3563068,3.5082823164961003,6.084528093781514e-08,0.2184101589671819,-7.346407118191678e-06,16.758840322494507
1780785219.3782818,3.508293036883105,6.092403703990817e-08,0.2189899472829171,-7.346407113750786e-06,16.780815362930298
1780785219.3997831,3.50833510949984,6.123311937661307e-08,0.21799986006194552,-7.3464071150830534e-06,16.802316665649414
1780785219.423764,3.508346249800024,6.131496030991158e-08,0.21860672476218132,-7.346407113306697e-06,16.826297521591187
1780785219.4487827,3.5083652311974185,6.145440513226361e-08,0.21871796630434917,-7.346407108421715e-06,16.851316213607788
1780785219.4708972,3.5083993419441386,6.170499632366882e-08,0.21813762418045726,-7.3464071066453585e-06,16.873430728912354
1780785219.493518,3.5084042740370567,6.174122926644941e-08,0.21903336956757866,-7.3464071066453585e-06,16.89605164527893
1780785219.5145,3.5084396663081763,6.200123509365996e-08,0.2182979904300689,-7.346407104869002e-06,16.917033433914185
1780785219.5371122,3.5084592051826475,6.214477545145183e-08,0.2184279914980256,-7.34640709998402e-06,16.939645767211914
1780785219.5612495,3.5084704241804685,6.222719464599625e-08,0.21890158497023038,-7.3464070982076635e-06,16.963783025741577
1780785219.5808125,3.508506756589316,6.249410721251063e-08,0.21813149957830852,-7.346407097319485e-06,16.983345985412598
1780785219.6060302,3.5085122716992565,6.253462341353858e-08,0.2189529021772574,-7.346407097319485e-06,17.00856375694275
1780785219.6261418,3.5085417020821654,6.27508309760233e-08,0.21842690678358725,-7.346407095543128e-06,17.028675317764282
1780785219.6498632,3.50856847119543,6.294748781442362e-08,0.2180901702050404,-7.3464070919904145e-06,17.052396774291992
1780785219.6729095,3.508567588388036,6.294100244245354e-08,0.2191689149651134,-7.346407091102236e-06,17.075443029403687
1780785219.6933851,3.508603464291022,6.32045615430378e-08,0.2182882518226013,-7.3464070897699685e-06,17.095918655395508
1780785219.7166522,3.508625525216511,6.33666302355461e-08,0.21813837439886458,-7.34640708888179e-06,17.11918568611145
1780785219.7368555,3.508623393795619,6.335097214054562e-08,0.21922105011233645,-7.346407084884987e-06,17.139389038085938
1780785219.7590034,3.508660468754606,6.362334008402191e-08,0.21823779962712503,-7.3464070835527195e-06,17.161536931991577
1780785219.7805915,3.508678011446915,6.375221606441563e-08,0.2182722319453388,-7.34640708310863e-06,17.183125019073486
1780785219.8011448,3.508678224436077,6.375378100116117e-08,0.21915795019491024,-7.346407083996809e-06,17.203678369522095
1780785219.826444,3.508713797725148,6.401511709339186e-08,0.21821579032068789,-7.346407081776363e-06,17.22897744178772
1780785219.847325,3.5087221565425524,6.407652458698116e-08,0.21869037543459877,-7.346407076891381e-06,17.249858617782593
1780785219.8721595,3.5087373630181773,6.41882377528786e-08,0.21869525419909847,-7.346407073782757e-06,17.27469301223755
1780785219.895584,3.508762498116701,6.437289060388525e-08,0.2182558202376799,-7.346407071118222e-06,17.298117637634277
1780785219.916015,3.5087611624967185,6.436307874814217e-08,0.21913511678250672,-7.3464070720064e-06,17.318548440933228
1780785219.9402847,3.5087923922187914,6.459250513052036e-08,0.2182771859466086,-7.346407074226846e-06,17.34281826019287
1780785219.9607534,3.508802215314339,6.466466967052754e-08,0.21854988328513925,-7.3464070720064e-06,17.3632869720459
1780785219.9851093,3.508807266263359,6.470177603679354e-08,0.2189715668219847,-7.34640706623324e-06,17.387642860412598
1780785220.009725,3.508838444225291,6.493082204513781e-08,0.2180732385701447,-7.346407064900973e-06,17.412258625030518
1780785220.0322664,3.5088380497727907,6.492792418971678e-08,0.21879960000340468,-7.346407063124616e-06,17.434799909591675
1780785220.054218,3.5088497684735307,6.501401445594778e-08,0.21878052050010224,-7.346407063124616e-06,17.456751585006714
1780785220.0800545,3.5088762874564976,6.520883358732753e-08,0.2180522888388465,-7.346407062680527e-06,17.482588052749634
1780785220.1010911,3.508871005382718,6.517002916262889e-08,0.21896272774839384,-7.346407063124616e-06,17.50362467765808
1780785220.1250124,3.508886620919123,6.52847470667746e-08,0.21866182023531933,-7.346407062680527e-06,17.527545928955078
1780785220.1453416,3.5089079797744924,6.544165770707773e-08,0.21811901282632468,-7.346407058683724e-06,17.54787516593933
1780785220.1697824,3.5088990370060382,6.537596026011366e-08,0.21912180657015426,-7.346407054686921e-06,17.57231593132019
1780785220.1933274,3.508920243036564,6.553174815660216e-08,0.21847776474404731,-7.346407052910564e-06,17.595860958099365
1780785220.2113588,3.508931510730975,6.561452499101983e-08,0.2183835846815559,-7.346407051134207e-06,17.613892316818237
1780785220.2329369,3.5089250609330014,6.556714192124439e-08,0.21913435621925137,-7.346407050690118e-06,17.635470390319824
1780785220.253319,3.508949815981426,6.574900236535973e-08,0.2182639267122593,-7.346407048913761e-06,17.655852556228638
1780785220.2759895,3.508946198750951,6.572242852657061e-08,0.21887487470991926,-7.346407047137404e-06,17.678523063659668
1780785220.2973762,3.508956912883881,6.580113873690849e-08,0.2186038572545982,-7.3464070475814935e-06,17.699909687042236
1780785220.3171628,3.5089693296805384,6.589235744002335e-08,0.218305443809165,-7.346407046249226e-06,17.719696283340454
1780785220.339522,3.5089571078871344,6.580257107487666e-08,0.21922870766944438,-7.3464070431406014e-06,17.742055416107178
1780785220.360541,3.5089806765392413,6.597571591379649e-08,0.21823892803459635,-7.346407037811531e-06,17.76307463645935
1780785220.3845487,3.508982190026451,6.598683458865558e-08,0.21839374489162022,-7.346407035591085e-06,17.787082195281982
1780785220.4077947,3.508969245041779,6.589173549385149e-08,0.21924384064863978,-7.346407031150193e-06,17.810328245162964
1780785220.4296613,3.5089934908032343,6.606985478370189e-08,0.21814779013373456,-7.346407027597479e-06,17.832194805145264
1780785220.4566193,3.5089897051793923,6.604204416510741e-08,0.2184894680153365,-7.346407025821122e-06,17.859152793884277
1780785220.4774504,3.508977926625296,6.59555142702072e-08,0.21917875607596832,-7.346407023600676e-06,17.87998390197754
1780785220.5054886,3.508999533567602,6.611424784043852e-08,0.21814475523072485,-7.346407023156587e-06,17.908022165298462
1780785220.5283294,3.5089908723852234,6.605061948310479e-08,0.21866708291024126,-7.346407022712498e-06,17.93086290359497
1780785220.5489435,3.5089852920982403,6.600962465592122e-08,0.2189144424265945,-7.3464070200479625e-06,17.95147705078125
1780785220.572481,3.508998741906375,6.610843266023766e-08,0.2182492708161078,-7.346407018271606e-06,17.975014448165894
1780785220.5941265,3.5089817527250204,6.59836234636398e-08,0.21911698032758448,-7.346407017383427e-06,17.996659994125366
1780785220.6170337,3.5089926045612088,6.606334570998145e-08,0.21844807424136486,-7.3464070178275165e-06,18.019567251205444
1780785220.6394482,3.508990455570749,6.604755857379e-08,0.21849315130814628,-7.34640701605116e-06,18.04198169708252
1780785220.660008,3.5089763565901015,6.594398192239218e-08,0.21906197308023548,-7.346407013386624e-06,18.062541484832764
1780785220.6843061,3.508989570270616,6.60410551739715e-08,0.21823422444017035,-7.346407013830714e-06,18.08683967590332
1780785220.704506,3.5089724340071786,6.591516533625048e-08,0.21898602548246685,-7.346407012054357e-06,18.10703945159912
1780785220.7267985,3.508974740353826,6.593210879635668e-08,0.21858120072143766,-7.346407011166178e-06,18.129332065582275
1780785220.750989,3.5089783772109877,6.595882668260616e-08,0.21815799685833637,-7.346407012054357e-06,18.153522491455078
1780785220.7725778,3.5089529348163566,6.57719164878811e-08,0.21922209737152362,-7.346407008945732e-06,18.175111293792725
1780785220.7980626,3.508961869625804,6.583755519859885e-08,0.21842091596712182,-7.3464070071693754e-06,18.20059609413147
1780785220.823708,3.508960196382655,6.582526278727694e-08,0.21818406532523452,-7.346407005393019e-06,18.22624158859253
1780785220.8437395,3.508932411007169,6.562113997024517e-08,0.21927942363712058,-7.346407004060751e-06,18.246273040771484
1780785220.8666928,3.5089425976868287,6.569597530451068e-08,0.21834793477010342,-7.346407002728483e-06,18.26922631263733
1780785220.8872278,3.508936026374379,6.564769957078391e-08,0.21829561738936848,-7.3464069987316805e-06,18.289761304855347
1780785220.9107869,3.508909411097054,6.545217268314583e-08,0.21923503631042146,-7.3464069947348776e-06,18.31332039833069
1780785220.936176,3.5089188309247614,6.552137433587015e-08,0.21828976944524678,-7.346406989405807e-06,18.338709592819214
1780785220.9558678,3.508902685879816,6.540276602324823e-08,0.21867924797327462,-7.346406985853093e-06,18.35840129852295
1780785220.98413,3.508889394612576,6.530512272564165e-08,0.21880559005694658,-7.346406980524023e-06,18.38666343688965
1780785221.0045974,3.5088900856662626,6.531019926231808e-08,0.21828047389650582,-7.34640698230038e-06,18.40713095664978
1780785221.0297682,3.5088627256634135,6.510920134610361e-08,0.21915853673434577,-7.346406980524023e-06,18.43230175971985
1780785221.0552244,3.5088668792991546,6.513971546032503e-08,0.21833877001010252,-7.34640698230038e-06,18.4577579498291
1780785221.075679,3.5088522350915317,6.503213300379139e-08,0.21852589664094804,-7.346406980968112e-06,18.478212594985962
1780785221.1027968,3.5088292603949123,6.486335141996103e-08,0.21905586588374565,-7.346406980079934e-06,18.505330324172974
1780785221.123971,3.508835397637356,6.490843801489737e-08,0.2180988185507143,-7.346406978747666e-06,18.526504516601562
1780785221.148423,3.50881061846629,6.472640010688144e-08,0.21874003913932805,-7.3464069756390415e-06,18.55095648765564
1780785221.1702397,3.5087935873614096,6.460128268149808e-08,0.21886966484453618,-7.346406972530417e-06,18.572773218154907
1780785221.1932871,3.508796178219126,6.462031621291274e-08,0.21805493653123736,-7.346406968089525e-06,18.595820665359497
1780785221.2154922,3.5087668501977327,6.440486072462403e-08,0.21888080102416366,-7.346406966313168e-06,18.61802577972412
1780785221.2374911,3.508754232300397,6.431216463818719e-08,0.21872819499091262,-7.346406965869079e-06,18.640024662017822
1780785221.2621357,3.508752113674501,6.429660050172906e-08,0.21809878643124006,-7.34640696542499e-06,18.664669275283813
1780785221.286574,3.5087190680754006,6.405383427074281e-08,0.21905868691545957,-7.346406964536811e-06,18.689107418060303
1780785221.3073864,3.5087135351535204,6.401318737684513e-08,0.21850800118810024,-7.346406963204544e-06,18.709919929504395
1780785221.330171,3.5087019131870307,6.392780789591444e-08,0.2183278837206892,-7.346406961872276e-06,18.732704639434814
1780785221.351106,3.5086702249038395,6.369501309363114e-08,0.21913232680763567,-7.3464069587636516e-06,18.753639459609985
1780785221.373222,3.5086711688830583,6.37019481687635e-08,0.21824524499014378,-7.346406954766849e-06,18.775755643844604
1780785221.3965912,3.508645279308081,6.35117530238805e-08,0.21877185373930663,-7.346406956987295e-06,18.799124717712402
1780785221.4188304,3.508630242110965,6.340128385043805e-08,0.21862221147785232,-7.3464069565432055e-06,18.821363925933838
1780785221.4423795,3.508621180092356,6.333471074566204e-08,0.2182380773212912,-7.346406953434581e-06,18.844913005828857
1780785221.465408,3.5085859979103957,6.307624825448753e-08,0.2191742422826978,-7.346406952990492e-06,18.8679416179657
1780785221.4934683,3.508586351818039,6.307884831849186e-08,0.21822277484954491,-7.346406951214135e-06,18.8960018157959
1780785221.5121744,3.5085674504315696,6.293999110922365e-08,0.21829140393487384,-7.346406946773243e-06,18.914707899093628
1780785221.5337026,3.5085315711088065,6.267640702521234e-08,0.21920956215004786,-7.346406946773243e-06,18.936236143112183
1780785221.555805,3.5085345875336094,6.269856690792195e-08,0.2181106492655661,-7.3464069485496e-06,18.958338499069214
1780785221.5808027,3.5085115402025453,6.252925177825878e-08,0.21836649782890563,-7.346406946329154e-06,18.983336210250854
1780785221.599582,3.508477548869678,6.227953751256785e-08,0.21915134012928827,-7.34640694277644e-06,19.002115488052368
1780785221.623528,3.5084797371362644,6.229561328717943e-08,0.2180872368349937,-7.346406938335548e-06,19.026061534881592
1780785221.6437056,3.5084530193481247,6.209933338178003e-08,0.21852458189789464,-7.346406932562388e-06,19.046239137649536
1780785221.668323,3.5084258867013927,6.190000573384809e-08,0.21890814955922866,-7.346406933006477e-06,19.07085657119751
1780785221.6916707,3.5084223104297174,6.187373279111354e-08,0.2181584948598713,-7.346406932118299e-06,19.09420418739319
1780785221.7112157,3.50838807802979,6.16222474401532e-08,0.21898448761977174,-7.346406930786031e-06,19.113749265670776
1780785221.7345865,3.508379682584601,6.156057086959286e-08,0.21839629025554907,-7.346406926345139e-06,19.137120008468628
1780785221.7562444,3.508362021853454,6.143082774472304e-08,0.21835676397641202,-7.3464069205719795e-06,19.158777952194214
1780785221.7827356,3.5083298618510406,6.11945670875604e-08,0.21900764019657068,-7.346406919683801e-06,19.185269117355347
1780785221.806494,3.5083278590149938,6.117985326063597e-08,0.218136762112523,-7.346406921016069e-06,19.209027528762817
1780785221.8276827,3.5082966297597453,6.095043029705902e-08,0.2188057083385789,-7.34640692012789e-06,19.23021626472473
1780785221.850321,3.50828145960393,6.083898403368628e-08,0.21853690647428872,-7.3464069183515335e-06,19.252854585647583
1780785221.871019,3.5082724946082737,6.077312343400191e-08,0.21802855340576016,-7.346406913466552e-06,19.273552417755127
1780785221.8953016,3.508233760646659,6.048856794533633e-08,0.21906549491493083,-7.346406911246106e-06,19.297835111618042
1780785221.9180958,3.5082276152720424,6.044342150097251e-08,0.2183593355588477,-7.346406911690195e-06,19.320629358291626
1780785221.9381669,3.508215031950921,6.035097932334232e-08,0.21803742798738623,-7.346406909469749e-06,19.340700387954712
1780785221.960858,3.5081751509888295,6.005799761541135e-08,0.2191336408538858,-7.346406908581571e-06,19.363391637802124
1780785221.9816797,3.508172607814303,6.003931450688643e-08,0.21827008157302047,-7.34640690902566e-06,19.38421320915222
1780785222.0076303,3.5081568101409535,5.992325849117935e-08,0.2181333111672867,-7.346406906805214e-06,19.41016387939453
1780785222.0302181,3.5081191514146446,5.964660231700199e-08,0.21911503587980452,-7.34640690902566e-06,19.432751655578613
1780785222.0520988,3.5081187555183004,5.964369406410796e-08,0.21818310597370472,-7.346406906805214e-06,19.45463228225708
1780785222.0766528,3.5080951737843584,5.9470453229336306e-08,0.21848986975253373,-7.3464069032525e-06,19.479186296463013
1780785222.097537,3.508071048811198,5.9293221546225185e-08,0.21874045113126409,-7.346406898811608e-06,19.500070571899414
1780785222.1250296,3.508065764811508,5.9254403322028925e-08,0.21813260993287342,-7.346406894370716e-06,19.527563095092773
1780785222.1481593,3.5080315829417863,5.900328958471309e-08,0.21899833235883154,-7.3464068952588946e-06,19.550692796707153
1780785222.1684346,3.5080282313131854,5.897866733742567e-08,0.21823345394815385,-7.346406896147073e-06,19.57096815109253
1780785222.1932192,3.508009305933031,5.883963395301968e-08,0.21833773122042124,-7.3464068952588946e-06,19.595752716064453
1780785222.2133777,3.50797935365374,5.8619592456489746e-08,0.2189653233053301,-7.346406889929824e-06,19.61591124534607
1780785222.236569,3.5079818442779045,5.8637889711707575e-08,0.21796656524336486,-7.3464068868212e-06,19.639102458953857
1780785222.2597902,3.507954639029681,5.8438028968061355e-08,0.21852558660391413,-7.346406885933021e-06,19.662323713302612
1780785222.2797832,3.5079315869984162,5.826867941848237e-08,0.21880753729301444,-7.34640688637711e-06,19.682316780090332
1780785222.3049524,3.5079332230147493,5.828069828480854e-08,0.21791020204483147,-7.346406887265289e-06,19.707485914230347
1780785222.3285644,3.5079033233809147,5.806104338426222e-08,0.21865489594345502,-7.346406885933021e-06,19.73109793663025
1780785222.3485034,3.5078864650715906,5.793719533012722e-08,0.21865482010519835,-7.346406884156664e-06,19.751036882400513
1780785222.372955,3.5078854754805158,5.7929925308415366e-08,0.2179431667034999,-7.346406879271683e-06,19.77548861503601
1780785222.396088,3.50785339984914,5.769428454673596e-08,0.21885050969894038,-7.346406877051237e-06,19.79862141609192
1780785222.421679,3.5078462326818123,5.764163147969307e-08,0.21841136322150784,-7.346406873498523e-06,19.824212551116943
1780785222.4481,3.5078375082807822,5.757753832054596e-08,0.21814976352446733,-7.346406877051237e-06,19.85063362121582
1780785222.468853,3.507806832360396,5.735218034763747e-08,0.21899858022383184,-7.346406875718969e-06,19.871386528015137
1780785222.4942322,3.5078102681901915,5.73774211649808e-08,0.2181131834854815,-7.346406872166256e-06,19.89676570892334
1780785222.5148163,3.507788933235551,5.722068571645581e-08,0.21855970120517274,-7.346406868613542e-06,19.917349815368652
1780785222.537122,3.507775194215117,5.711975309299835e-08,0.21853614358571963,-7.346406864616739e-06,19.939655542373657
1780785222.560779,3.5077721751348534,5.7097573524198475e-08,0.21807094235070257,-7.346406865060828e-06,19.96331262588501
1780785222.582697,3.5077418414163484,5.687472953025553e-08,0.21901071879787137,-7.346406866393096e-06,19.985230445861816
1780785222.6048977,3.5077466702035016,5.69102036213144e-08,0.21811597022956575,-7.346406867281274e-06,20.007431268692017
1780785222.625484,3.507735480169843,5.682799696456111e-08,0.21810285399449147,-7.346406866837185e-06,20.02801752090454
1780785222.646975,3.5077051322327297,5.660504858457692e-08,0.2190798678735835,-7.346406861508115e-06,20.049508571624756
1780785222.6703978,3.5077152221553325,5.667917319179068e-08,0.21799654919717368,-7.3464068592876686e-06,20.07293128967285
1780785222.6924071,3.5077015561887896,5.6578777414391525e-08,0.21817105262693445,-7.346406855290866e-06,20.094940662384033
1780785222.7176132,3.5076742918539185,5.637848252992534e-08,0.2190425043445711,-7.346406853514509e-06,20.12014675140381
1780785222.7394478,3.5076857518976317,5.646267270480895e-08,0.21796694278076745,-7.346406857955401e-06,20.14198136329651
1780785222.7660377,3.5076700723475702,5.634748442081575e-08,0.21832409711094308,-7.346406859731758e-06,20.16857123374939
1780785222.7888467,3.5076505902705293,5.620436125254358e-08,0.21883544390296275,-7.346406859731758e-06,20.191380262374878
1780785222.8092976,3.5076588506447623,5.62650454321678e-08,0.21802022875594113,-7.346406858843579e-06,20.211831092834473
1780785222.833598,3.507636703147789,5.610234103959884e-08,0.21879591290598924,-7.34640685839949e-06,20.23613142967224
1780785222.855101,3.5076378702512536,5.61109151954562e-08,0.21830747821591973,-7.346406856179044e-06,20.25763463973999
1780785222.8803933,3.5076339267255907,5.608194459705307e-08,0.218188660203422,-7.346406851738152e-06,20.28292679786682
1780785222.90481,3.507612934431448,5.592772681271849e-08,0.21891328862604453,-7.346406850405884e-06,20.30734348297119
