t,x,z,yaw,time_s
1780959455.7134647,-2.749913975168976,4.939689367198687,-0.03592794651425164,6.900744199752808
1780959455.8135362,-2.713539127303722,4.9683092220392915,-0.04334338724068103,7.0008156299591064
1780959455.9143126,-2.690593548137733,4.9868176777532005,-0.045686077951770404,7.101592063903809
1780959456.0133853,-2.697235079601613,4.981023212883755,-0.038942458361756076,7.200664758682251
1780959456.1133978,-2.684246825999832,4.9854307759831915,-0.03668159035460828,7.300677299499512
1780959456.213329,-2.6773580383876436,4.991047677692763,-0.03150842382251829,7.400608539581299
1780959456.3134682,-2.703582047762257,4.971335224777054,-0.017433389331898492,7.5007476806640625
1780959456.4134185,-2.7222968965887575,4.9629322310166595,-0.004631482820175947,7.600697994232178
1780959456.5133898,-2.7455046616740124,4.95161262685879,0.008565041953172765,7.700669288635254
1780959456.6133907,-2.768620640964598,4.9382862436705945,0.02240458554143408,7.800670146942139
1780959456.7132764,-2.789350987479504,4.931452530287296,0.03369995907983831,7.900555849075317
1780959456.8134506,-2.8079959469533757,4.925982817748372,0.04410113791133193,8.000730037689209
1780959456.9143665,-2.814274962460685,4.9236920622866736,0.0509756285800263,8.101645946502686
1780959457.0135698,-2.8067746732217693,4.924317066825886,0.05501300568287566,8.200849294662476
1780959457.11432,-2.829048704683297,4.921677973222252,0.06342902005455435,8.301599502563477
1780959457.21433,-2.837711842653127,4.929126401157352,0.06837145246242293,8.401609420776367
1780959457.3138554,-2.843425360589774,4.943472392568937,0.07209884807867759,8.501134872436523
1780959457.4133089,-2.83940540698311,4.952902163751696,0.07416178071503597,8.600588321685791
1780959457.5134454,-2.8423539563782088,4.9543131223221755,0.07751588043981775,8.700724840164185
1780959457.6130528,-2.8423539563782088,4.9543131223221755,0.07751588043981775,8.800332307815552
1780959457.7133303,-2.848185987255461,4.94644516240178,0.07758549162453995,8.900609731674194
1780959457.8130915,-2.792215928832928,4.9717590604237785,0.06853438987523675,9.000370979309082
1780959457.9129705,-2.7281472353757206,5.005511338204549,0.060545951829813593,9.100250005722046
1780959458.013194,-2.7512986400570534,4.989782199793267,0.07116621668133231,9.200473546981812
1780959458.1133986,-2.760421461456377,4.977022668511094,0.08155924039197121,9.300678014755249
1780959458.2132292,-2.7734412180356567,4.975761190130255,0.09157643353676775,9.400508642196655
1780959458.3134813,-2.8016397897748724,4.972767080408354,0.10539362305871504,9.500760793685913
1780959458.413519,-2.8340027463051105,4.965049645824979,0.12029297091048265,9.60079836845398
1780959458.5134819,-2.8459332068853254,4.969739545781984,0.1302469181145504,9.700761318206787
1780959458.6133,-2.8594185635169733,4.97080397246462,0.1393680014657031,9.80057954788208
1780959458.7133784,-2.8749265767062706,4.958234619627129,0.14967269874362227,9.900657892227173
1780959458.8134992,-2.8721307046652207,4.966988746537417,0.15382002440823705,10.000778675079346
1780959458.913127,-2.8721307046652207,4.966988746537417,0.15382002440823705,10.100406408309937
1780959459.014316,-2.88678235218066,4.964882498867345,0.15683392510720132,10.201595544815063
1780959459.1129553,-2.88678235218066,4.964882498867345,0.15683392510720132,10.3002347946167
1780959459.2129376,-2.88678235218066,4.964882498867345,0.15683392510720132,10.400217056274414
1780959459.3131342,-2.88678235218066,4.964882498867345,0.15683392510720132,10.500413656234741
1780959459.4130838,-2.88678235218066,4.964882498867345,0.15683392510720132,10.60036325454712
1780959459.513674,-2.88678235218066,4.964882498867345,0.15683392510720132,10.700953483581543
1780959459.6131127,-2.88678235218066,4.964882498867345,0.15683392510720132,10.800392150878906
1780959459.7132235,-2.88678235218066,4.964882498867345,0.15683392510720132,10.900502920150757
1780959459.813076,-2.88678235218066,4.964882498867345,0.15683392510720132,11.00035548210144
1780959459.9130588,-2.88678235218066,4.964882498867345,0.15683392510720132,11.100338220596313
1780959460.0130389,-2.88678235218066,4.964882498867345,0.15683392510720132,11.200318336486816
1780959460.113506,-2.88678235218066,4.964882498867345,0.15683392510720132,11.300785541534424
1780959460.214354,-2.88678235218066,4.964882498867345,0.15683392510720132,11.401633501052856
1780959460.313316,-2.88678235218066,4.964882498867345,0.15683392510720132,11.500595569610596
1780959460.4131193,-2.88678235218066,4.964882498867345,0.15683392510720132,11.600398778915405
1780959460.5131934,-2.88678235218066,4.964882498867345,0.15683392510720132,11.700472831726074
1780959460.61315,-2.88678235218066,4.964882498867345,0.15683392510720132,11.800429344177246
1780959460.7133648,-2.88678235218066,4.964882498867345,0.15683392510720132,11.900644302368164
1780959460.8140209,-2.88678235218066,4.964882498867345,0.15683392510720132,12.00130033493042
1780959460.9130123,-2.88678235218066,4.964882498867345,0.15683392510720132,12.100291728973389
1780959461.0132108,-2.88678235218066,4.964882498867345,0.15683392510720132,12.200490236282349
1780959461.1130805,-2.88678235218066,4.964882498867345,0.15683392510720132,12.300359964370728
1780959461.2131054,-2.88678235218066,4.964882498867345,0.15683392510720132,12.400384902954102
1780959461.3127875,-2.88678235218066,4.964882498867345,0.15683392510720132,12.500066995620728
1780959461.4132688,-2.88678235218066,4.964882498867345,0.15683392510720132,12.600548267364502
1780959461.5130227,-2.88678235218066,4.964882498867345,0.15683392510720132,12.700302124023438
1780959461.613625,-2.88678235218066,4.964882498867345,0.15683392510720132,12.800904512405396
1780959461.7131257,-2.88678235218066,4.964882498867345,0.15683392510720132,12.900405168533325
1780959461.8132203,-2.88678235218066,4.964882498867345,0.15683392510720132,13.000499725341797
1780959461.9131992,-2.88678235218066,4.964882498867345,0.15683392510720132,13.100478649139404
1780959462.0131907,-2.88678235218066,4.964882498867345,0.15683392510720132,13.200470209121704
1780959462.113035,-2.88678235218066,4.964882498867345,0.15683392510720132,13.30031442642212
1780959462.2131104,-2.88678235218066,4.964882498867345,0.15683392510720132,13.400389909744263
1780959462.3130362,-2.88678235218066,4.964882498867345,0.15683392510720132,13.50031566619873
1780959462.4130886,-2.88678235218066,4.964882498867345,0.15683392510720132,13.600368022918701
1780959462.5131476,-2.88678235218066,4.964882498867345,0.15683392510720132,13.700427055358887
1780959462.613649,-2.88678235218066,4.964882498867345,0.15683392510720132,13.800928354263306
1780959462.7131836,-2.88678235218066,4.964882498867345,0.15683392510720132,13.900463104248047
1780959462.8131309,-2.88678235218066,4.964882498867345,0.15683392510720132,14.000410318374634
1780959462.9131105,-2.88678235218066,4.964882498867345,0.15683392510720132,14.100389957427979
1780959463.0130923,-2.88678235218066,4.964882498867345,0.15683392510720132,14.200371742248535
1780959463.1131153,-2.88678235218066,4.964882498867345,0.15683392510720132,14.300394773483276
1780959463.213215,-2.88678235218066,4.964882498867345,0.15683392510720132,14.400494575500488
1780959463.313028,-2.88678235218066,4.964882498867345,0.15683392510720132,14.500307559967041
1780959463.4131413,-2.88678235218066,4.964882498867345,0.15683392510720132,14.600420713424683
1780959463.5130832,-2.88678235218066,4.964882498867345,0.15683392510720132,14.70036268234253
1780959463.6131299,-2.88678235218066,4.964882498867345,0.15683392510720132,14.800409317016602
1780959463.7130785,-2.88678235218066,4.964882498867345,0.15683392510720132,14.900357961654663
1780959463.8131566,-2.88678235218066,4.964882498867345,0.15683392510720132,15.000436067581177
1780959463.9131389,-2.88678235218066,4.964882498867345,0.15683392510720132,15.100418329238892
1780959464.0131242,-2.88678235218066,4.964882498867345,0.15683392510720132,15.200403690338135
1780959464.1131432,-2.88678235218066,4.964882498867345,0.15683392510720132,15.300422668457031
1780959464.213139,-2.88678235218066,4.964882498867345,0.15683392510720132,15.400418519973755
1780959464.3130627,-2.88678235218066,4.964882498867345,0.15683392510720132,15.50034213066101
1780959464.4132004,-2.88678235218066,4.964882498867345,0.15683392510720132,15.6004798412323
1780959464.5129983,-2.88678235218066,4.964882498867345,0.15683392510720132,15.70027780532837
1780959464.6129656,-2.88678235218066,4.964882498867345,0.15683392510720132,15.8002450466156
1780959464.7131202,-2.88678235218066,4.964882498867345,0.15683392510720132,15.900399684906006
1780959464.8130326,-2.88678235218066,4.964882498867345,0.15683392510720132,16.000312089920044
1780959464.9131744,-2.88678235218066,4.964882498867345,0.15683392510720132,16.100453853607178
1780959465.0136824,-2.88678235218066,4.964882498867345,0.15683392510720132,16.20096182823181
1780959465.1131685,-2.88678235218066,4.964882498867345,0.15683392510720132,16.300447940826416
1780959465.2131798,-2.88678235218066,4.964882498867345,0.15683392510720132,16.40045928955078
1780959465.313046,-2.88678235218066,4.964882498867345,0.15683392510720132,16.500325441360474
1780959465.4130785,-2.88678235218066,4.964882498867345,0.15683392510720132,16.60035800933838
1780959465.5131247,-2.88678235218066,4.964882498867345,0.15683392510720132,16.700404167175293
1780959465.6138036,-2.88678235218066,4.964882498867345,0.15683392510720132,16.801083087921143
1780959465.713258,-2.88678235218066,4.964882498867345,0.15683392510720132,16.900537490844727
1780959465.8130157,-2.88678235218066,4.964882498867345,0.15683392510720132,17.000295162200928
1780959465.913085,-2.88678235218066,4.964882498867345,0.15683392510720132,17.100364446640015
1780959466.013592,-2.88678235218066,4.964882498867345,0.15683392510720132,17.200871467590332
1780959466.113144,-2.88678235218066,4.964882498867345,0.15683392510720132,17.30042338371277
1780959466.2130806,-2.88678235218066,4.964882498867345,0.15683392510720132,17.400360107421875
1780959466.313002,-2.88678235218066,4.964882498867345,0.15683392510720132,17.50028157234192
1780959466.4137418,-2.88678235218066,4.964882498867345,0.15683392510720132,17.60102128982544
1780959466.5130315,-2.88678235218066,4.964882498867345,0.15683392510720132,17.700310945510864
1780959466.6130223,-2.88678235218066,4.964882498867345,0.15683392510720132,17.800301790237427
1780959466.7130475,-2.88678235218066,4.964882498867345,0.15683392510720132,17.90032696723938
1780959466.8131258,-2.88678235218066,4.964882498867345,0.15683392510720132,18.000405311584473
1780959466.913039,-2.88678235218066,4.964882498867345,0.15683392510720132,18.100318431854248
1780959467.0130196,-2.88678235218066,4.964882498867345,0.15683392510720132,18.20029902458191
1780959467.1130922,-2.88678235218066,4.964882498867345,0.15683392510720132,18.300371646881104
1780959467.213342,-2.88678235218066,4.964882498867345,0.15683392510720132,18.40062141418457
1780959467.3133428,-2.88678235218066,4.964882498867345,0.15683392510720132,18.500622272491455
1780959467.4130206,-2.88678235218066,4.964882498867345,0.15683392510720132,18.600300073623657
1780959467.5131018,-2.88678235218066,4.964882498867345,0.15683392510720132,18.7003812789917
1780959467.6139028,-2.88678235218066,4.964882498867345,0.15683392510720132,18.80118227005005
1780959467.7131941,-2.88678235218066,4.964882498867345,0.15683392510720132,18.900473594665527
1780959467.8131697,-2.88678235218066,4.964882498867345,0.15683392510720132,19.000449180603027
1780959467.9129417,-2.88678235218066,4.964882498867345,0.15683392510720132,19.100221157073975
1780959468.012993,-2.88678235218066,4.964882498867345,0.15683392510720132,19.20027256011963
1780959468.1132593,-2.88678235218066,4.964882498867345,0.15683392510720132,19.300538778305054
1780959468.2130687,-2.88678235218066,4.964882498867345,0.15683392510720132,19.40034818649292
1780959468.3131304,-2.88678235218066,4.964882498867345,0.15683392510720132,19.500409841537476
1780959468.413116,-2.88678235218066,4.964882498867345,0.15683392510720132,19.600395441055298
1780959468.5130727,-2.88678235218066,4.964882498867345,0.15683392510720132,19.70035219192505
1780959468.613211,-2.88678235218066,4.964882498867345,0.15683392510720132,19.800490379333496
1780959468.7129643,-2.88678235218066,4.964882498867345,0.15683392510720132,19.900243759155273
1780959468.8137176,-2.88678235218066,4.964882498867345,0.15683392510720132,20.000997066497803
1780959468.9130604,-2.88678235218066,4.964882498867345,0.15683392510720132,20.100339889526367
1780959469.0130897,-2.88678235218066,4.964882498867345,0.15683392510720132,20.200369119644165
1780959469.1131568,-2.88678235218066,4.964882498867345,0.15683392510720132,20.30043625831604
1780959469.2130969,-2.88678235218066,4.964882498867345,0.15683392510720132,20.400376319885254
1780959469.3128152,-2.88678235218066,4.964882498867345,0.15683392510720132,20.500094652175903
1780959469.4130545,-2.88678235218066,4.964882498867345,0.15683392510720132,20.60033392906189
1780959469.513143,-2.88678235218066,4.964882498867345,0.15683392510720132,20.700422525405884
1780959469.6130855,-2.88678235218066,4.964882498867345,0.15683392510720132,20.80036497116089
1780959469.7130675,-2.88678235218066,4.964882498867345,0.15683392510720132,20.900346994400024
1780959469.8130748,-2.88678235218066,4.964882498867345,0.15683392510720132,21.000354290008545
1780959469.9130723,-2.88678235218066,4.964882498867345,0.15683392510720132,21.100351810455322
1780959470.0130944,-2.88678235218066,4.964882498867345,0.15683392510720132,21.200373888015747
1780959470.1130128,-2.88678235218066,4.964882498867345,0.15683392510720132,21.300292253494263
1780959470.213082,-2.88678235218066,4.964882498867345,0.15683392510720132,21.40036153793335
1780959470.3131378,-2.88678235218066,4.964882498867345,0.15683392510720132,21.500417232513428
1780959470.413286,-2.88678235218066,4.964882498867345,0.15683392510720132,21.600565433502197
1780959470.5131752,-2.88678235218066,4.964882498867345,0.15683392510720132,21.700454711914062
1780959470.6130185,-2.88678235218066,4.964882498867345,0.15683392510720132,21.80029797554016
1780959470.7131023,-2.88678235218066,4.964882498867345,0.15683392510720132,21.900381803512573
1780959470.8129783,-2.88678235218066,4.964882498867345,0.15683392510720132,22.00025773048401
1780959470.9131868,-2.88678235218066,4.964882498867345,0.15683392510720132,22.10046625137329
1780959471.013106,-2.88678235218066,4.964882498867345,0.15683392510720132,22.200385570526123
1780959471.1132114,-2.88678235218066,4.964882498867345,0.15683392510720132,22.300490856170654
1780959471.2131326,-2.88678235218066,4.964882498867345,0.15683392510720132,22.40041208267212
1780959471.3131201,-2.88678235218066,4.964882498867345,0.15683392510720132,22.500399589538574
1780959471.413223,-2.88678235218066,4.964882498867345,0.15683392510720132,22.600502490997314
1780959471.5130808,-2.88678235218066,4.964882498867345,0.15683392510720132,22.70036029815674
1780959471.6131268,-2.88678235218066,4.964882498867345,0.15683392510720132,22.800406217575073
1780959471.7132967,-2.88678235218066,4.964882498867345,0.15683392510720132,22.90057611465454
1780959471.8130996,-2.88678235218066,4.964882498867345,0.15683392510720132,23.00037908554077
1780959471.9131246,-2.88678235218066,4.964882498867345,0.15683392510720132,23.100404024124146
1780959472.0130227,-2.88678235218066,4.964882498867345,0.15683392510720132,23.200302124023438
1780959472.1139004,-2.88678235218066,4.964882498867345,0.15683392510720132,23.301179885864258
1780959472.2135618,-2.88678235218066,4.964882498867345,0.15683392510720132,23.400841236114502
1780959472.313033,-2.88678235218066,4.964882498867345,0.15683392510720132,23.500312566757202
1780959472.4132855,-2.88678235218066,4.964882498867345,0.15683392510720132,23.60056495666504
1780959472.5131369,-2.88678235218066,4.964882498867345,0.15683392510720132,23.700416326522827
1780959472.612983,-2.88678235218066,4.964882498867345,0.15683392510720132,23.800262451171875
1780959472.7131217,-2.88678235218066,4.964882498867345,0.15683392510720132,23.90040111541748
1780959472.813025,-2.88678235218066,4.964882498867345,0.15683392510720132,24.000304460525513
1780959472.913453,-2.88678235218066,4.964882498867345,0.15683392510720132,24.100732564926147
1780959473.0130339,-2.88678235218066,4.964882498867345,0.15683392510720132,24.200313329696655
1780959473.1131604,-2.88678235218066,4.964882498867345,0.15683392510720132,24.300439834594727
1780959473.2131014,-2.88678235218066,4.964882498867345,0.15683392510720132,24.400380849838257
1780959473.3131435,-2.88678235218066,4.964882498867345,0.15683392510720132,24.500422954559326
1780959473.413127,-2.88678235218066,4.964882498867345,0.15683392510720132,24.600406408309937
1780959473.5131774,-2.88678235218066,4.964882498867345,0.15683392510720132,24.700456857681274
1780959473.6134973,-2.88678235218066,4.964882498867345,0.15683392510720132,24.800776720046997
1780959473.7131283,-2.88678235218066,4.964882498867345,0.15683392510720132,24.900407791137695
1780959473.8130934,-2.88678235218066,4.964882498867345,0.15683392510720132,25.000372886657715
1780959473.913,-2.88678235218066,4.964882498867345,0.15683392510720132,25.100279569625854
1780959474.013101,-2.88678235218066,4.964882498867345,0.15683392510720132,25.200380563735962
1780959474.1131153,-2.88678235218066,4.964882498867345,0.15683392510720132,25.300394773483276
1780959474.2132208,-2.88678235218066,4.964882498867345,0.15683392510720132,25.400500297546387
1780959474.3131337,-2.88678235218066,4.964882498867345,0.15683392510720132,25.500413179397583
1780959474.4131565,-2.88678235218066,4.964882498867345,0.15683392510720132,25.600435972213745
1780959474.5131075,-2.88678235218066,4.964882498867345,0.15683392510720132,25.700387001037598
1780959474.6136773,-2.88678235218066,4.964882498867345,0.15683392510720132,25.80095672607422
1780959474.7129738,-2.88678235218066,4.964882498867345,0.15683392510720132,25.900253295898438
1780959474.8131528,-2.88678235218066,4.964882498867345,0.15683392510720132,26.00043225288391
1780959474.9132545,-2.88678235218066,4.964882498867345,0.15683392510720132,26.100533962249756
1780959475.0130832,-2.88678235218066,4.964882498867345,0.15683392510720132,26.20036268234253
1780959475.1131403,-2.88678235218066,4.964882498867345,0.15683392510720132,26.300419807434082
1780959475.2130754,-2.88678235218066,4.964882498867345,0.15683392510720132,26.400354862213135
1780959475.3131294,-2.88678235218066,4.964882498867345,0.15683392510720132,26.50040888786316
1780959475.4130545,-2.88678235218066,4.964882498867345,0.15683392510720132,26.60033392906189
1780959475.513055,-2.88678235218066,4.964882498867345,0.15683392510720132,26.700334548950195
1780959475.6130645,-2.88678235218066,4.964882498867345,0.15683392510720132,26.800343990325928
1780959475.7129896,-2.88678235218066,4.964882498867345,0.15683392510720132,26.900269031524658
1780959475.8133202,-2.88678235218066,4.964882498867345,0.15683392510720132,27.00059962272644
1780959475.9131596,-2.88678235218066,4.964882498867345,0.15683392510720132,27.100439071655273
1780959476.01312,-2.88678235218066,4.964882498867345,0.15683392510720132,27.20039939880371
1780959476.1130078,-2.88678235218066,4.964882498867345,0.15683392510720132,27.3002872467041
1780959476.2131922,-2.88678235218066,4.964882498867345,0.15683392510720132,27.400471687316895
1780959476.3131075,-2.88678235218066,4.964882498867345,0.15683392510720132,27.500386953353882
1780959476.41311,-2.88678235218066,4.964882498867345,0.15683392510720132,27.60038948059082
1780959476.5130775,-2.88678235218066,4.964882498867345,0.15683392510720132,27.70035696029663
1780959476.613143,-2.88678235218066,4.964882498867345,0.15683392510720132,27.800422430038452
1780959476.7130475,-2.88678235218066,4.964882498867345,0.15683392510720132,27.90032696723938
1780959476.8131762,-2.88678235218066,4.964882498867345,0.15683392510720132,28.000455617904663
1780959476.9128795,-2.88678235218066,4.964882498867345,0.15683392510720132,28.10015892982483
1780959477.0131567,-2.88678235218066,4.964882498867345,0.15683392510720132,28.200436115264893
1780959477.1134229,-2.88678235218066,4.964882498867345,0.15683392510720132,28.300702333450317
1780959477.2131448,-2.88678235218066,4.964882498867345,0.15683392510720132,28.400424242019653
1780959477.3128033,-2.88678235218066,4.964882498867345,0.15683392510720132,28.50008273124695
1780959477.4131827,-2.88678235218066,4.964882498867345,0.15683392510720132,28.600462198257446
1780959477.5130892,-2.88678235218066,4.964882498867345,0.15683392510720132,28.700368642807007
1780959477.6130877,-2.88678235218066,4.964882498867345,0.15683392510720132,28.8003671169281
1780959477.713104,-2.88678235218066,4.964882498867345,0.15683392510720132,28.900383472442627
1780959477.8130157,-2.88678235218066,4.964882498867345,0.15683392510720132,29.000295162200928
1780959477.913207,-2.88678235218066,4.964882498867345,0.15683392510720132,29.100486516952515
1780959478.0131347,-2.88678235218066,4.964882498867345,0.15683392510720132,29.200414180755615
1780959478.1131153,-2.88678235218066,4.964882498867345,0.15683392510720132,29.300394773483276
1780959478.2130756,-2.88678235218066,4.964882498867345,0.15683392510720132,29.400355100631714
1780959478.312811,-2.88678235218066,4.964882498867345,0.15683392510720132,29.50009036064148
1780959478.412794,-2.88678235218066,4.964882498867345,0.15683392510720132,29.60007357597351
1780959478.513062,-2.88678235218066,4.964882498867345,0.15683392510720132,29.70034146308899
1780959478.6130402,-2.88678235218066,4.964882498867345,0.15683392510720132,29.80031967163086
1780959478.713112,-2.88678235218066,4.964882498867345,0.15683392510720132,29.900391578674316
1780959478.8135123,-2.88678235218066,4.964882498867345,0.15683392510720132,30.000791788101196
1780959478.9131818,-2.88678235218066,4.964882498867345,0.15683392510720132,30.10046124458313
1780959479.0131342,-2.88678235218066,4.964882498867345,0.15683392510720132,30.200413703918457
1780959479.1134238,-2.8863296784697714,4.969730917121276,0.269679398539602,30.300703287124634
1780959479.2133899,-2.861203627668685,4.995514782158322,0.3659427261585087,30.40066933631897
1780959479.3137772,-2.8150217992642768,5.013746443618302,0.4490682690948219,30.501056671142578
1780959479.413126,-2.8150217992642768,5.013746443618302,0.4490682690948219,30.60040545463562
1780959479.513435,-2.778244157071339,5.026948122514737,0.5051950605713317,30.700714349746704
1780959479.613098,-2.778244157071339,5.026948122514737,0.5051950605713317,30.800377368927002
1780959479.713339,-2.778244157071339,5.026948122514737,0.5051950605713317,30.90061855316162
1780959479.813446,-2.7476055528300476,5.0379461362782765,0.5518083687189584,31.000725507736206
1780959479.9140277,-2.7476055528300476,5.0379461362782765,0.5518083687189584,31.101307153701782
1780959480.0130558,-2.7220639306299987,5.047114540631393,0.5905499419901525,31.200335264205933
1780959480.1137834,-2.694899430294884,5.0645485942733295,0.6308328919575811,31.30106282234192
1780959480.2135453,-2.6698707782270397,5.066030552407554,0.6683676823911618,31.400824785232544
1780959480.313162,-2.6399198192012356,5.069107484414448,0.7006953852291404,31.500441551208496
1780959480.4133718,-2.6369250290301687,5.067992326207313,0.7345084150558534,31.600651264190674
1780959480.5129297,-2.6133938264873273,5.048105714661456,0.7621886081775671,31.700209140777588
1780959480.6133223,-2.6179187157865513,5.052562131829342,0.7910701305158258,31.800601720809937
1780959480.7134936,-2.5902442855110452,5.075499791282425,0.8115924014739416,31.90077304840088
1780959480.8134632,-2.5981734474969134,5.077049203198835,0.8362325368408996,32.0007426738739
1780959480.9134374,-2.6041403201993596,5.080577442411934,0.8585270336493593,32.10071682929993
1780959481.0136611,-2.5907495442794835,5.096384013068489,0.8744382443071383,32.20094060897827
1780959481.1134548,-2.5821193965644866,5.104745003461725,0.8900475586791737,32.30073428153992
1780959481.2134454,-2.5755623135439643,5.108894837992437,0.9040077757091388,32.4007248878479
1780959481.3133945,-2.5658481169489638,5.106924892086921,0.9164744904521783,32.50067400932312
1780959481.4134462,-2.5551066561340785,5.116286637799659,0.9266296209663938,32.60072565078735
1780959481.5134535,-2.537927708006355,5.127495526499564,0.9347260803187939,32.700732946395874
1780959481.613106,-2.5237229910388996,5.127665525606527,0.9432831655297865,32.80038547515869
1780959481.7135496,-2.5173640855065877,5.123123977037788,0.9520573756415284,32.90082907676697
1780959481.8135216,-2.507075524872192,5.116601428285494,0.9595321317587836,33.00080108642578
1780959481.913486,-2.497613471662054,5.114986707585383,0.9657146911692417,33.10076546669006
1780959482.014019,-2.470867154242327,5.123784177233879,0.9679316782051035,33.2012984752655
1780959482.1134982,-2.4512104642234678,5.125122709802585,0.971463259689203,33.30077767372131
1780959482.2134666,-2.4304428697055163,5.130863364595184,0.9735628044773326,33.40074610710144
1780959482.3134327,-2.402414443229808,5.136815986717905,0.9741048885022956,33.500712156295776
1780959482.4134421,-2.3837685646269056,5.128777340923372,0.9760507290679264,33.60072159767151
1780959482.5132117,-2.3705713047068837,5.129244098141716,0.9783892125527333,33.700491189956665
1780959482.613108,-2.3705713047068837,5.129244098141716,0.9783892125527333,33.800387382507324
1780959482.7131274,-2.3705713047068837,5.129244098141716,0.9783892125527333,33.90040683746338
1780959482.8131254,-2.3705713047068837,5.129244098141716,0.9783892125527333,34.000404834747314
1780959482.9133158,-2.3705713047068837,5.129244098141716,0.9783892125527333,34.100595235824585
1780959483.0131598,-2.3705713047068837,5.129244098141716,0.9783892125527333,34.20043921470642
1780959483.1131601,-2.3705713047068837,5.129244098141716,0.9783892125527333,34.30043959617615
1780959483.2131457,-2.3705713047068837,5.129244098141716,0.9783892125527333,34.40042519569397
1780959483.3130841,-2.3705713047068837,5.129244098141716,0.9783892125527333,34.50036358833313
1780959483.4131978,-2.3705713047068837,5.129244098141716,0.9783892125527333,34.60047721862793
1780959483.513112,-2.3705713047068837,5.129244098141716,0.9783892125527333,34.7003915309906
1780959483.613002,-2.3705713047068837,5.129244098141716,0.9783892125527333,34.8002815246582
1780959483.7130597,-2.3705713047068837,5.129244098141716,0.9783892125527333,34.900339126586914
1780959483.812901,-2.3705713047068837,5.129244098141716,0.9783892125527333,35.00018048286438
1780959483.913201,-2.3705713047068837,5.129244098141716,0.9783892125527333,35.10048055648804
1780959484.0130918,-2.3705713047068837,5.129244098141716,0.9783892125527333,35.20037126541138
1780959484.1130824,-2.3705713047068837,5.129244098141716,0.9783892125527333,35.30036187171936
1780959484.2140636,-2.3705713047068837,5.129244098141716,0.9783892125527333,35.40134310722351
1780959484.3131213,-2.3705713047068837,5.129244098141716,0.9783892125527333,35.50040078163147
1780959484.4131322,-2.3705713047068837,5.129244098141716,0.9783892125527333,35.60041165351868
1780959484.513103,-2.3705713047068837,5.129244098141716,0.9783892125527333,35.700382471084595
1780959484.6131048,-2.3705713047068837,5.129244098141716,0.9783892125527333,35.800384283065796
1780959484.7133822,-2.3705713047068837,5.129244098141716,0.9783892125527333,35.90066170692444
1780959484.8130534,-2.3705713047068837,5.129244098141716,0.9783892125527333,36.000332832336426
1780959484.9133248,-2.3705713047068837,5.129244098141716,0.9783892125527333,36.10060429573059
1780959485.0129607,-2.3705713047068837,5.129244098141716,0.9783892125527333,36.20024013519287
1780959485.113065,-2.3705713047068837,5.129244098141716,0.9783892125527333,36.300344467163086
1780959485.2131593,-2.3705713047068837,5.129244098141716,0.9783892125527333,36.40043878555298
1780959485.313154,-2.3705713047068837,5.129244098141716,0.9783892125527333,36.50043344497681
1780959485.4131708,-2.3705713047068837,5.129244098141716,0.9783892125527333,36.60045027732849
1780959485.513166,-2.3705713047068837,5.129244098141716,0.9783892125527333,36.70044541358948
1780959485.613093,-2.3705713047068837,5.129244098141716,0.9783892125527333,36.80037236213684
1780959485.713106,-2.3705713047068837,5.129244098141716,0.9783892125527333,36.90038537979126
1780959485.8131027,-2.3705713047068837,5.129244098141716,0.9783892125527333,37.0003821849823
1780959485.9129822,-2.3705713047068837,5.129244098141716,0.9783892125527333,37.10026168823242
1780959486.0130684,-2.3705713047068837,5.129244098141716,0.9783892125527333,37.200347900390625
1780959486.1130078,-2.3705713047068837,5.129244098141716,0.9783892125527333,37.3002872467041
1780959486.2130094,-2.3705713047068837,5.129244098141716,0.9783892125527333,37.400288820266724
1780959486.3130317,-2.3705713047068837,5.129244098141716,0.9783892125527333,37.50031113624573
1780959486.413069,-2.3705713047068837,5.129244098141716,0.9783892125527333,37.600348472595215
1780959486.5138874,-2.3705713047068837,5.129244098141716,0.9783892125527333,37.70116686820984
1780959486.613113,-2.3705713047068837,5.129244098141716,0.9783892125527333,37.800392389297485
1780959486.7129562,-2.3705713047068837,5.129244098141716,0.9783892125527333,37.900235652923584
1780959486.8132243,-2.3705713047068837,5.129244098141716,0.9783892125527333,38.00050377845764
1780959486.91309,-2.3705713047068837,5.129244098141716,0.9783892125527333,38.100369453430176
1780959487.0131218,-2.3705713047068837,5.129244098141716,0.9783892125527333,38.200401306152344
1780959487.113071,-2.3705713047068837,5.129244098141716,0.9783892125527333,38.30035042762756
1780959487.2136438,-2.3705713047068837,5.129244098141716,0.9783892125527333,38.40092325210571
1780959487.3131287,-2.3705713047068837,5.129244098141716,0.9783892125527333,38.50040817260742
1780959487.4131603,-2.3705713047068837,5.129244098141716,0.9783892125527333,38.60043978691101
1780959487.513131,-2.3705713047068837,5.129244098141716,0.9783892125527333,38.70041036605835
1780959487.613139,-2.3705713047068837,5.129244098141716,0.9783892125527333,38.80041837692261
1780959487.7130501,-2.3705713047068837,5.129244098141716,0.9783892125527333,38.90032958984375
1780959487.813169,-2.3705713047068837,5.129244098141716,0.9783892125527333,39.00044846534729
1780959487.9131117,-2.3705713047068837,5.129244098141716,0.9783892125527333,39.100391149520874
1780959488.0132682,-2.3705713047068837,5.129244098141716,0.9783892125527333,39.20054769515991
1780959488.1134677,-2.3705713047068837,5.129244098141716,0.9783892125527333,39.30074715614319
1780959488.213119,-2.3705713047068837,5.129244098141716,0.9783892125527333,39.40039849281311
1780959488.3136823,-2.3705713047068837,5.129244098141716,0.9783892125527333,39.500961780548096
1780959488.4139256,-2.3705713047068837,5.129244098141716,0.9783892125527333,39.60120511054993
1780959488.5131266,-2.3705713047068837,5.129244098141716,0.9783892125527333,39.700406074523926
1780959488.6131346,-2.3705713047068837,5.129244098141716,0.9783892125527333,39.800414085388184
1780959488.7130141,-2.3705713047068837,5.129244098141716,0.9783892125527333,39.900293588638306
1780959488.8130708,-2.3705713047068837,5.129244098141716,0.9783892125527333,40.0003502368927
1780959488.9130743,-2.3705713047068837,5.129244098141716,0.9783892125527333,40.100353717803955
1780959489.0131657,-2.3705713047068837,5.129244098141716,0.9783892125527333,40.2004451751709
1780959489.1131241,-2.3705713047068837,5.129244098141716,0.9783892125527333,40.3004035949707
1780959489.213749,-2.3705713047068837,5.129244098141716,0.9783892125527333,40.4010283946991
1780959489.3129995,-2.3705713047068837,5.129244098141716,0.9783892125527333,40.50027894973755
1780959489.4140263,-2.3705713047068837,5.129244098141716,0.9783892125527333,40.60130572319031
1780959489.5131533,-2.3705713047068837,5.129244098141716,0.9783892125527333,40.700432777404785
1780959489.6133928,-2.3705713047068837,5.129244098141716,0.9783892125527333,40.80067229270935
1780959489.7130597,-2.3705713047068837,5.129244098141716,0.9783892125527333,40.900339126586914
1780959489.8129802,-2.3705713047068837,5.129244098141716,0.9783892125527333,41.00025963783264
1780959489.9134004,-2.3705713047068837,5.129244098141716,0.9783892125527333,41.100679874420166
1780959490.0131385,-2.3705713047068837,5.129244098141716,0.9783892125527333,41.20041799545288
1780959490.113059,-2.3705713047068837,5.129244098141716,0.9783892125527333,41.30033850669861
1780959490.2139707,-2.3705713047068837,5.129244098141716,0.9783892125527333,41.40125012397766
1780959490.313126,-2.3705713047068837,5.129244098141716,0.9783892125527333,41.50040555000305
1780959490.4131649,-2.3705713047068837,5.129244098141716,0.9783892125527333,41.600444316864014
1780959490.5131235,-2.3705713047068837,5.129244098141716,0.9783892125527333,41.7004029750824
1780959490.6130757,-2.3705713047068837,5.129244098141716,0.9783892125527333,41.800355195999146
1780959490.7131376,-2.3705713047068837,5.129244098141716,0.9783892125527333,41.90041708946228
1780959490.8131304,-2.3705713047068837,5.129244098141716,0.9783892125527333,42.000409841537476
1780959490.9172113,-2.3705713047068837,5.129244098141716,0.9783892125527333,42.104490756988525
1780959491.0129416,-2.3705713047068837,5.129244098141716,0.9783892125527333,42.20022106170654
1780959491.1129045,-2.3705713047068837,5.129244098141716,0.9783892125527333,42.30018401145935
1780959491.2128992,-2.3705713047068837,5.129244098141716,0.9783892125527333,42.40017867088318
1780959491.312796,-2.3705713047068837,5.129244098141716,0.9783892125527333,42.500075578689575
1780959491.4128168,-2.3705713047068837,5.129244098141716,0.9783892125527333,42.600096225738525
1780959491.513106,-2.3705713047068837,5.129244098141716,0.9783892125527333,42.70038557052612
1780959491.612785,-2.3705713047068837,5.129244098141716,0.9783892125527333,42.80006456375122
1780959491.7128134,-2.3705713047068837,5.129244098141716,0.9783892125527333,42.9000928401947
1780959491.8129432,-2.3705713047068837,5.129244098141716,0.9783892125527333,43.00022268295288
1780959491.9130175,-2.3705713047068837,5.129244098141716,0.9783892125527333,43.10029697418213
1780959492.0145173,-2.3705713047068837,5.129244098141716,0.9783892125527333,43.201796770095825
1780959492.1129415,-2.3705713047068837,5.129244098141716,0.9783892125527333,43.30022096633911
1780959492.2131288,-2.3705713047068837,5.129244098141716,0.9783892125527333,43.40040826797485
1780959492.3129754,-2.3705713047068837,5.129244098141716,0.9783892125527333,43.50025486946106
1780959492.4129944,-2.3705713047068837,5.129244098141716,0.9783892125527333,43.600273847579956
1780959492.5129175,-2.3705713047068837,5.129244098141716,0.9783892125527333,43.700196981430054
1780959492.6128953,-2.3705713047068837,5.129244098141716,0.9783892125527333,43.800174713134766
1780959492.7127817,-2.3705713047068837,5.129244098141716,0.9783892125527333,43.90006113052368
1780959492.8128915,-2.3705713047068837,5.129244098141716,0.9783892125527333,44.000170946121216
1780959492.9129303,-2.3705713047068837,5.129244098141716,0.9783892125527333,44.10020971298218
1780959493.0131912,-2.3705713047068837,5.129244098141716,0.9783892125527333,44.20047068595886
1780959493.1128042,-2.3705713047068837,5.129244098141716,0.9783892125527333,44.30008363723755
1780959493.2130597,-2.3705713047068837,5.129244098141716,0.9783892125527333,44.400339126586914
1780959493.3138247,-2.3705713047068837,5.129244098141716,0.9783892125527333,44.50110411643982
1780959493.4132147,-2.3705713047068837,5.129244098141716,0.9783892125527333,44.600494146347046
1780959493.5131373,-2.3705713047068837,5.129244098141716,0.9783892125527333,44.700416803359985
1780959493.6131473,-2.3705713047068837,5.129244098141716,0.9783892125527333,44.800426721572876
1780959493.7131696,-2.3705713047068837,5.129244098141716,0.9783892125527333,44.90044903755188
1780959493.813079,-2.3705713047068837,5.129244098141716,0.9783892125527333,45.00035858154297
1780959493.9132738,-2.3705713047068837,5.129244098141716,0.9783892125527333,45.10055327415466
1780959494.014154,-2.3705713047068837,5.129244098141716,0.9783892125527333,45.201433420181274
1780959494.1132002,-2.3705713047068837,5.129244098141716,0.9783892125527333,45.30047965049744
1780959494.2131205,-2.3705713047068837,5.129244098141716,0.9783892125527333,45.400399923324585
1780959494.312988,-2.3705713047068837,5.129244098141716,0.9783892125527333,45.50026750564575
1780959494.4132361,-2.3705713047068837,5.129244098141716,0.9783892125527333,45.600515604019165
1780959494.513091,-2.3705713047068837,5.129244098141716,0.9783892125527333,45.70037055015564
1780959494.6130846,-2.3705713047068837,5.129244098141716,0.9783892125527333,45.80036401748657
1780959494.7132003,-2.3705713047068837,5.129244098141716,0.9783892125527333,45.900479793548584
1780959494.813108,-2.3705713047068837,5.129244098141716,0.9783892125527333,46.00038743019104
1780959494.9130769,-2.3705713047068837,5.129244098141716,0.9783892125527333,46.100356340408325
1780959495.0139217,-2.3705713047068837,5.129244098141716,0.9783892125527333,46.20120120048523
1780959495.1130807,-2.3705713047068837,5.129244098141716,0.9783892125527333,46.30036020278931
1780959495.2130914,-2.3705713047068837,5.129244098141716,0.9783892125527333,46.400370836257935
1780959495.3131516,-2.3705713047068837,5.129244098141716,0.9783892125527333,46.500431060791016
1780959495.4132042,-2.3705713047068837,5.129244098141716,0.9783892125527333,46.600483655929565
1780959495.513013,-2.3705713047068837,5.129244098141716,0.9783892125527333,46.700292348861694
1780959495.6131065,-2.3705713047068837,5.129244098141716,0.9783892125527333,46.80038595199585
1780959495.7131355,-2.3705713047068837,5.129244098141716,0.9783892125527333,46.90041494369507
1780959495.813108,-2.3705713047068837,5.129244098141716,0.9783892125527333,47.00038743019104
1780959495.913146,-2.3705713047068837,5.129244098141716,0.9783892125527333,47.100425481796265
1780959496.0131536,-2.3705713047068837,5.129244098141716,0.9783892125527333,47.200433015823364
1780959496.1131732,-2.3705713047068837,5.129244098141716,0.9783892125527333,47.300452709198
1780959496.213098,-2.3705713047068837,5.129244098141716,0.9783892125527333,47.40037751197815
1780959496.3131087,-2.3705713047068837,5.129244098141716,0.9783892125527333,47.50038814544678
1780959496.4130516,-2.3705713047068837,5.129244098141716,0.9783892125527333,47.60033106803894
1780959496.512983,-2.3705713047068837,5.129244098141716,0.9783892125527333,47.70026254653931
1780959496.612995,-2.3705713047068837,5.129244098141716,0.9783892125527333,47.80027437210083
1780959496.713013,-2.3705713047068837,5.129244098141716,0.9783892125527333,47.90029239654541
1780959496.8131053,-2.3705713047068837,5.129244098141716,0.9783892125527333,48.00038480758667
1780959496.9129295,-2.3705713047068837,5.129244098141716,0.9783892125527333,48.10020899772644
1780959497.013057,-2.3705713047068837,5.129244098141716,0.9783892125527333,48.20033645629883
1780959497.1131392,-2.3705713047068837,5.129244098141716,0.9783892125527333,48.30041861534119
1780959497.2131393,-2.3705713047068837,5.129244098141716,0.9783892125527333,48.400418758392334
1780959497.313126,-2.3705713047068837,5.129244098141716,0.9783892125527333,48.50040555000305
1780959497.4128363,-2.3705713047068837,5.129244098141716,0.9783892125527333,48.60011577606201
1780959497.5130715,-2.3705713047068837,5.129244098141716,0.9783892125527333,48.70035099983215
1780959497.6131356,-2.3705713047068837,5.129244098141716,0.9783892125527333,48.8004150390625
1780959497.7130182,-2.3705713047068837,5.129244098141716,0.9783892125527333,48.90029764175415
1780959497.813041,-2.3705713047068837,5.129244098141716,0.9783892125527333,49.00032043457031
1780959497.9130847,-2.3705713047068837,5.129244098141716,0.9783892125527333,49.100364208221436
1780959498.013112,-2.3705713047068837,5.129244098141716,0.9783892125527333,49.2003915309906
1780959498.1135314,-2.3705713047068837,5.129244098141716,0.9783892125527333,49.30081081390381
1780959498.2140656,-2.3705713047068837,5.129244098141716,0.9783892125527333,49.401345014572144
1780959498.3131342,-2.3705713047068837,5.129244098141716,0.9783892125527333,49.50041365623474
1780959498.4131467,-2.3705713047068837,5.129244098141716,0.9783892125527333,49.600426197052
1780959498.5130694,-2.3705713047068837,5.129244098141716,0.9783892125527333,49.70034885406494
1780959498.6131108,-2.3705713047068837,5.129244098141716,0.9783892125527333,49.80039024353027
1780959498.713411,-2.3705713047068837,5.129244098141716,0.9783892125527333,49.90069055557251
1780959498.8131711,-2.3705713047068837,5.129244098141716,0.9783892125527333,50.0004506111145
1780959498.913137,-2.3705713047068837,5.129244098141716,0.9783892125527333,50.10041642189026
1780959499.0129757,-2.3705713047068837,5.129244098141716,0.9783892125527333,50.200255155563354
1780959499.1130283,-2.3705713047068837,5.129244098141716,0.9783892125527333,50.300307750701904
1780959499.2130616,-2.3705713047068837,5.129244098141716,0.9783892125527333,50.40034103393555
1780959499.3131287,-2.3705713047068837,5.129244098141716,0.9783892125527333,50.50040817260742
1780959499.4131703,-2.3705713047068837,5.129244098141716,0.9783892125527333,50.60044980049133
1780959499.5130284,-2.3705713047068837,5.129244098141716,0.9783892125527333,50.700307846069336
1780959499.613093,-2.3705713047068837,5.129244098141716,0.9783892125527333,50.80037236213684
1780959499.713157,-2.3705713047068837,5.129244098141716,0.9783892125527333,50.90043640136719
1780959499.813475,-2.3705713047068837,5.129244098141716,0.9783892125527333,51.00075435638428
1780959499.9133077,-2.3705713047068837,5.129244098141716,0.9783892125527333,51.100587129592896
1780959500.0130007,-2.3705713047068837,5.129244098141716,0.9783892125527333,51.20028018951416
1780959500.113119,-2.3705713047068837,5.129244098141716,0.9783892125527333,51.30039834976196
1780959500.2130027,-2.3705713047068837,5.129244098141716,0.9783892125527333,51.40028214454651
1780959500.3128633,-2.3705713047068837,5.129244098141716,0.9783892125527333,51.50014281272888
1780959500.4130657,-2.3705713047068837,5.129244098141716,0.9783892125527333,51.60034513473511
1780959500.5131807,-2.3705713047068837,5.129244098141716,0.9783892125527333,51.70046019554138
1780959500.6131997,-2.3705713047068837,5.129244098141716,0.9783892125527333,51.80047917366028
1780959500.7133982,-2.3705713047068837,5.129244098141716,0.9783892125527333,51.90067768096924
1780959500.8129332,-2.3705713047068837,5.129244098141716,0.9783892125527333,52.00021266937256
1780959500.9136336,-2.3705713047068837,5.129244098141716,0.9783892125527333,52.10091304779053
1780959501.0129619,-2.3705713047068837,5.129244098141716,0.9783892125527333,52.20024132728577
1780959501.1139016,-2.3705713047068837,5.129244098141716,0.9783892125527333,52.30118107795715
1780959501.2130919,-2.3705713047068837,5.129244098141716,0.9783892125527333,52.40037131309509
1780959501.313023,-2.3705713047068837,5.129244098141716,0.9783892125527333,52.50030255317688
1780959501.4131486,-2.3705713047068837,5.129244098141716,0.9783892125527333,52.600428104400635
1780959501.5129433,-2.3705713047068837,5.129244098141716,0.9783892125527333,52.7002227306366
1780959501.6129851,-2.3705713047068837,5.129244098141716,0.9783892125527333,52.80026459693909
1780959501.7129529,-2.3705713047068837,5.129244098141716,0.9783892125527333,52.90023231506348
1780959501.8131287,-2.3705713047068837,5.129244098141716,0.9783892125527333,53.00040817260742
1780959501.913113,-2.3705713047068837,5.129244098141716,0.9783892125527333,53.10039258003235
1780959502.0131264,-2.3705713047068837,5.129244098141716,0.9783892125527333,53.20040583610535
1780959502.1131022,-2.3705713047068837,5.129244098141716,0.9783892125527333,53.300381660461426
1780959502.2132833,-2.3705713047068837,5.129244098141716,0.9783892125527333,53.40056276321411
1780959502.313184,-2.3705713047068837,5.129244098141716,0.9783892125527333,53.50046348571777
1780959502.413179,-2.3705713047068837,5.129244098141716,0.9783892125527333,53.60045838356018
1780959502.513973,-2.3705713047068837,5.129244098141716,0.9783892125527333,53.701252460479736
1780959502.6138613,-2.3705713047068837,5.129244098141716,0.9783892125527333,53.801140785217285
1780959502.713813,-2.3705713047068837,5.129244098141716,0.9783892125527333,53.901092529296875
1780959502.814378,-2.3705713047068837,5.129244098141716,0.9783892125527333,54.001657485961914
1780959502.9131417,-2.3705713047068837,5.129244098141716,0.9783892125527333,54.10042119026184
1780959503.0131764,-2.3705713047068837,5.129244098141716,0.9783892125527333,54.20045590400696
1780959503.1130352,-2.3705713047068837,5.129244098141716,0.9783892125527333,54.3003146648407
1780959503.2130294,-2.3705713047068837,5.129244098141716,0.9783892125527333,54.40030884742737
1780959503.3131766,-2.3705713047068837,5.129244098141716,0.9783892125527333,54.50045609474182
1780959503.4130738,-2.3705713047068837,5.129244098141716,0.9783892125527333,54.6003532409668
1780959503.51317,-2.3705713047068837,5.129244098141716,0.9783892125527333,54.70044946670532
1780959503.6132195,-2.3705713047068837,5.129244098141716,0.9783892125527333,54.800498962402344
1780959503.713302,-2.3705713047068837,5.129244098141716,0.9783892125527333,54.90058135986328
1780959503.8136764,-2.3705713047068837,5.129244098141716,0.9783892125527333,55.00095582008362
1780959503.9136798,-2.3705713047068837,5.129244098141716,0.9783892125527333,55.10095930099487
1780959504.0131204,-2.3705713047068837,5.129244098141716,0.9783892125527333,55.20039987564087
1780959504.113114,-2.3705713047068837,5.129244098141716,0.9783892125527333,55.30039358139038
1780959504.2130427,-2.3705713047068837,5.129244098141716,0.9783892125527333,55.4003221988678
1780959504.3130784,-2.3705713047068837,5.129244098141716,0.9783892125527333,55.50035786628723
1780959504.413196,-2.3705713047068837,5.129244098141716,0.9783892125527333,55.600475549697876
1780959504.5129516,-2.3705713047068837,5.129244098141716,0.9783892125527333,55.700231075286865
1780959504.6130967,-2.3705713047068837,5.129244098141716,0.9783892125527333,55.800376176834106
1780959504.7129574,-2.3705713047068837,5.129244098141716,0.9783892125527333,55.90023684501648
1780959504.8130934,-2.3705713047068837,5.129244098141716,0.9783892125527333,56.000372886657715
1780959504.9130483,-2.3705713047068837,5.129244098141716,0.9783892125527333,56.10032773017883
1780959505.0130208,-2.3705713047068837,5.129244098141716,0.9783892125527333,56.200300216674805
1780959505.113159,-2.3705713047068837,5.129244098141716,0.9783892125527333,56.30043840408325
1780959505.2131486,-2.3705713047068837,5.129244098141716,0.9783892125527333,56.40042805671692
1780959505.3131328,-2.3705713047068837,5.129244098141716,0.9783892125527333,56.50041222572327
1780959505.4130552,-2.3705713047068837,5.129244098141716,0.9783892125527333,56.60033464431763
1780959505.513091,-2.3705713047068837,5.129244098141716,0.9783892125527333,56.70037055015564
1780959505.6130037,-2.3705713047068837,5.129244098141716,0.9783892125527333,56.80028319358826
1780959505.7131972,-2.3705713047068837,5.129244098141716,0.9783892125527333,56.900476694107056
1780959505.813194,-2.3705713047068837,5.129244098141716,0.9783892125527333,57.000473499298096
1780959505.9129808,-2.3705713047068837,5.129244098141716,0.9783892125527333,57.10026025772095
1780959506.0130196,-2.3705713047068837,5.129244098141716,0.9783892125527333,57.20029902458191
1780959506.1132288,-2.3705713047068837,5.129244098141716,0.9783892125527333,57.30050826072693
1780959506.2131429,-2.3705713047068837,5.129244098141716,0.9783892125527333,57.40042233467102
1780959506.313297,-2.3705713047068837,5.129244098141716,0.9783892125527333,57.50057649612427
1780959506.412772,-2.3705713047068837,5.129244098141716,0.9783892125527333,57.600051403045654
1780959506.512929,-2.3705713047068837,5.129244098141716,0.9783892125527333,57.70020842552185
1780959506.612958,-2.3705713047068837,5.129244098141716,0.9783892125527333,57.80023741722107
1780959506.7129886,-2.3705713047068837,5.129244098141716,0.9783892125527333,57.90026807785034
1780959506.8132172,-2.3705713047068837,5.129244098141716,0.9783892125527333,58.00049662590027
1780959506.9132159,-2.3705713047068837,5.129244098141716,0.9783892125527333,58.10049533843994
1780959507.0132365,-2.3705713047068837,5.129244098141716,0.9783892125527333,58.20051598548889
1780959507.1130402,-2.3705713047068837,5.129244098141716,0.9783892125527333,58.30031967163086
1780959507.2131908,-2.3705713047068837,5.129244098141716,0.9783892125527333,58.40047025680542
1780959507.313128,-2.3705713047068837,5.129244098141716,0.9783892125527333,58.500407457351685
1780959507.4130607,-2.3705713047068837,5.129244098141716,0.9783892125527333,58.600340127944946
1780959507.5131037,-2.3705713047068837,5.129244098141716,0.9783892125527333,58.70038318634033
1780959507.613206,-2.3705713047068837,5.129244098141716,0.9783892125527333,58.800485372543335
1780959507.7131422,-2.3705713047068837,5.129244098141716,0.9783892125527333,58.90042161941528
1780959507.8130472,-2.3705713047068837,5.129244098141716,0.9783892125527333,59.00032663345337
1780959507.9132638,-2.3705713047068837,5.129244098141716,0.9783892125527333,59.10054326057434
1780959508.0139146,-2.3705713047068837,5.129244098141716,0.9783892125527333,59.201194047927856
1780959508.1130853,-2.3705713047068837,5.129244098141716,0.9783892125527333,59.30036473274231
1780959508.2131133,-2.3705713047068837,5.129244098141716,0.9783892125527333,59.40039277076721
1780959508.3132768,-2.3705713047068837,5.129244098141716,0.9783892125527333,59.500556230545044
1780959508.4130926,-2.3705713047068837,5.129244098141716,0.9783892125527333,59.600372076034546
1780959508.513104,-2.3705713047068837,5.129244098141716,0.9783892125527333,59.70038342475891
1780959508.6131177,-2.3705713047068837,5.129244098141716,0.9783892125527333,59.80039715766907
1780959508.7131412,-2.3705713047068837,5.129244098141716,0.9783892125527333,59.90042066574097
1780959508.813026,-2.3705713047068837,5.129244098141716,0.9783892125527333,60.00030541419983
1780959508.913148,-2.3705713047068837,5.129244098141716,0.9783892125527333,60.1004273891449
1780959509.013293,-2.3705713047068837,5.129244098141716,0.9783892125527333,60.20057249069214
1780959509.1138697,-2.3705713047068837,5.129244098141716,0.9783892125527333,60.301149129867554
1780959509.2131238,-2.3705713047068837,5.129244098141716,0.9783892125527333,60.40040326118469
1780959509.313012,-2.3705713047068837,5.129244098141716,0.9783892125527333,60.50029134750366
1780959509.413016,-2.3705713047068837,5.129244098141716,0.9783892125527333,60.600295543670654
1780959509.513092,-2.3705713047068837,5.129244098141716,0.9783892125527333,60.700371503829956
1780959509.6131516,-2.3705713047068837,5.129244098141716,0.9783892125527333,60.8004310131073
1780959509.7131298,-2.3705713047068837,5.129244098141716,0.9783892125527333,60.90040922164917
1780959509.8131351,-2.3705713047068837,5.129244098141716,0.9783892125527333,61.00041460990906
1780959509.91382,-2.3705713047068837,5.129244098141716,0.9783892125527333,61.101099491119385
1780959510.013124,-2.3705713047068837,5.129244098141716,0.9783892125527333,61.200403451919556
1780959510.1131275,-2.3705713047068837,5.129244098141716,0.9783892125527333,61.30040693283081
1780959510.213152,-2.3705713047068837,5.129244098141716,0.9783892125527333,61.400431394577026
1780959510.313138,-2.3705713047068837,5.129244098141716,0.9783892125527333,61.50041747093201
1780959510.4131358,-2.3705713047068837,5.129244098141716,0.9783892125527333,61.60041522979736
1780959510.513215,-2.3705713047068837,5.129244098141716,0.9783892125527333,61.70049452781677
1780959510.6130776,-2.3705713047068837,5.129244098141716,0.9783892125527333,61.80035710334778
1780959510.7130997,-2.3705713047068837,5.129244098141716,0.9783892125527333,61.9003791809082
1780959510.8131428,-2.3705713047068837,5.129244098141716,0.9783892125527333,62.00042223930359
1780959510.9131057,-2.3705713047068837,5.129244098141716,0.9783892125527333,62.1003851890564
1780959511.013151,-2.3705713047068837,5.129244098141716,0.9783892125527333,62.200430393218994
1780959511.112803,-2.3705713047068837,5.129244098141716,0.9783892125527333,62.30008244514465
1780959511.2131076,-2.3705713047068837,5.129244098141716,0.9783892125527333,62.40038704872131
1780959511.3130171,-2.3705713047068837,5.129244098141716,0.9783892125527333,62.5002965927124
1780959511.413257,-2.3705713047068837,5.129244098141716,0.9783892125527333,62.60053634643555
1780959511.5131128,-2.3705713047068837,5.129244098141716,0.9783892125527333,62.70039224624634
1780959511.6130996,-2.3705713047068837,5.129244098141716,0.9783892125527333,62.800379037857056
1780959511.713016,-2.3705713047068837,5.129244098141716,0.9783892125527333,62.90029549598694
1780959511.8131146,-2.3705713047068837,5.129244098141716,0.9783892125527333,63.000394105911255
1780959511.9136724,-2.3705713047068837,5.129244098141716,0.9783892125527333,63.10095191001892
1780959512.013165,-2.3705713047068837,5.129244098141716,0.9783892125527333,63.20044445991516
1780959512.1131535,-2.3705713047068837,5.129244098141716,0.9783892125527333,63.30043292045593
1780959512.213168,-2.3705713047068837,5.129244098141716,0.9783892125527333,63.400447368621826
1780959512.313146,-2.3705713047068837,5.129244098141716,0.9783892125527333,63.500425577163696
1780959512.413089,-2.3705713047068837,5.129244098141716,0.9783892125527333,63.60036849975586
1780959512.513114,-2.3705713047068837,5.129244098141716,0.9783892125527333,63.70039343833923
1780959512.6133955,-2.3705713047068837,5.129244098141716,0.9783892125527333,63.80067491531372
1780959512.7131145,-2.3705713047068837,5.129244098141716,0.9783892125527333,63.90039396286011
1780959512.813214,-2.3705713047068837,5.129244098141716,0.9783892125527333,64.00049352645874
1780959512.913039,-2.3705713047068837,5.129244098141716,0.9783892125527333,64.10031843185425
1780959513.0128973,-2.3705713047068837,5.129244098141716,0.9783892125527333,64.20017671585083
1780959513.113153,-2.3705713047068837,5.129244098141716,0.9783892125527333,64.30043244361877
1780959513.2131438,-2.3705713047068837,5.129244098141716,0.9783892125527333,64.40042328834534
1780959513.3131073,-2.3705713047068837,5.129244098141716,0.9783892125527333,64.5003867149353
1780959513.4131591,-2.3705713047068837,5.129244098141716,0.9783892125527333,64.60043859481812
1780959513.5131226,-2.3705713047068837,5.129244098141716,0.9783892125527333,64.70040202140808
1780959513.613124,-2.3705713047068837,5.129244098141716,0.9783892125527333,64.80040335655212
1780959513.7141063,-2.3705713047068837,5.129244098141716,0.9783892125527333,64.90138578414917
1780959513.813214,-2.3705713047068837,5.129244098141716,0.9783892125527333,65.00049352645874
1780959513.9132326,-2.3705713047068837,5.129244098141716,0.9783892125527333,65.10051202774048
1780959514.0129807,-2.3705713047068837,5.129244098141716,0.9783892125527333,65.20026016235352
1780959514.1130302,-2.3705713047068837,5.129244098141716,0.9783892125527333,65.30030965805054
1780959514.213001,-2.3705713047068837,5.129244098141716,0.9783892125527333,65.40028047561646
1780959514.3128767,-2.3705713047068837,5.129244098141716,0.9783892125527333,65.50015616416931
1780959514.4129927,-2.3705713047068837,5.129244098141716,0.9783892125527333,65.6002721786499
1780959514.5130477,-2.3705713047068837,5.129244098141716,0.9783892125527333,65.70032715797424
1780959514.612999,-2.3705713047068837,5.129244098141716,0.9783892125527333,65.80027842521667
1780959514.7132819,-2.3705713047068837,5.129244098141716,0.9783892125527333,65.90056133270264
1780959514.813139,-2.3705713047068837,5.129244098141716,0.9783892125527333,66.00041842460632
1780959514.9132128,-2.3705713047068837,5.129244098141716,0.9783892125527333,66.10049223899841
1780959515.0130875,-2.3705713047068837,5.129244098141716,0.9783892125527333,66.20036697387695
1780959515.113172,-2.3705713047068837,5.129244098141716,0.9783892125527333,66.3004515171051
1780959515.2131312,-2.3705713047068837,5.129244098141716,0.9783892125527333,66.40041065216064
1780959515.313144,-2.3705713047068837,5.129244098141716,0.9783892125527333,66.50042343139648
1780959515.4131498,-2.3705713047068837,5.129244098141716,0.9783892125527333,66.60042929649353
1780959515.5134013,-2.3705713047068837,5.129244098141716,0.9783892125527333,66.70068073272705
1780959515.613194,-2.3705713047068837,5.129244098141716,0.9783892125527333,66.80047345161438
1780959515.7130551,-2.3705713047068837,5.129244098141716,0.9783892125527333,66.90033459663391
1780959515.8130765,-2.3705713047068837,5.129244098141716,0.9783892125527333,67.0003559589386
1780959515.9130218,-2.3705713047068837,5.129244098141716,0.9783892125527333,67.10030126571655
1780959516.0131304,-2.3705713047068837,5.129244098141716,0.9783892125527333,67.20040988922119
1780959516.1130302,-2.3705713047068837,5.129244098141716,0.9783892125527333,67.30030965805054
1780959516.2131038,-2.3705713047068837,5.129244098141716,0.9783892125527333,67.40038323402405
1780959516.3132393,-2.3705713047068837,5.129244098141716,0.9783892125527333,67.50051879882812
1780959516.4140077,-2.3705713047068837,5.129244098141716,0.9783892125527333,67.60128712654114
1780959516.513055,-2.3705713047068837,5.129244098141716,0.9783892125527333,67.7003345489502
1780959516.6131523,-2.3705713047068837,5.129244098141716,0.9783892125527333,67.80043172836304
1780959516.7131667,-2.3705713047068837,5.129244098141716,0.9783892125527333,67.90044617652893
1780959516.8131065,-2.3705713047068837,5.129244098141716,0.9783892125527333,68.00038599967957
1780959516.9131234,-2.3705713047068837,5.129244098141716,0.9783892125527333,68.10040283203125
1780959517.0131323,-2.3705713047068837,5.129244098141716,0.9783892125527333,68.20041179656982
1780959517.113016,-2.3705713047068837,5.129244098141716,0.9783892125527333,68.30029535293579
1780959517.213139,-2.3705713047068837,5.129244098141716,0.9783892125527333,68.40041851997375
1780959517.3130815,-2.3705713047068837,5.129244098141716,0.9783892125527333,68.50036096572876
1780959517.413373,-2.3705713047068837,5.129244098141716,0.9783892125527333,68.60065245628357
1780959517.5130987,-2.3705713047068837,5.129244098141716,0.9783892125527333,68.70037817955017
1780959517.6131299,-2.3705713047068837,5.129244098141716,0.9783892125527333,68.8004093170166
1780959517.7129784,-2.3705713047068837,5.129244098141716,0.9783892125527333,68.90025782585144
1780959517.8130195,-2.3705713047068837,5.129244098141716,0.9783892125527333,69.0002989768982
1780959517.9131854,-2.3705713047068837,5.129244098141716,0.9783892125527333,69.10046482086182
1780959518.0131378,-2.3705713047068837,5.129244098141716,0.9783892125527333,69.20041728019714
1780959518.1131256,-2.3705713047068837,5.129244098141716,0.9783892125527333,69.30040502548218
1780959518.2138333,-2.3705713047068837,5.129244098141716,0.9783892125527333,69.4011127948761
1780959518.313457,-2.3705713047068837,5.129244098141716,0.9783892125527333,69.50073647499084
1780959518.4131768,-2.3705713047068837,5.129244098141716,0.9783892125527333,69.60045623779297
1780959518.5131483,-2.3705713047068837,5.129244098141716,0.9783892125527333,69.70042777061462
1780959518.613061,-2.3705713047068837,5.129244098141716,0.9783892125527333,69.80034041404724
1780959518.7131255,-2.3705713047068837,5.129244098141716,0.9783892125527333,69.90040493011475
1780959518.813606,-2.3705713047068837,5.129244098141716,0.9783892125527333,70.00088548660278
1780959518.9130151,-2.3705713047068837,5.129244098141716,0.9783892125527333,70.10029458999634
1780959519.0132217,-2.3705713047068837,5.129244098141716,0.9783892125527333,70.20050120353699
1780959519.113128,-2.3705713047068837,5.129244098141716,0.9783892125527333,70.30040740966797
1780959519.2131078,-2.3705713047068837,5.129244098141716,0.9783892125527333,70.40038728713989
1780959519.312987,-2.3705713047068837,5.129244098141716,0.9783892125527333,70.50026655197144
1780959519.4131444,-2.3705713047068837,5.129244098141716,0.9783892125527333,70.60042381286621
1780959519.5131087,-2.3705713047068837,5.129244098141716,0.9783892125527333,70.7003881931305
1780959519.6131604,-2.3705713047068837,5.129244098141716,0.9783892125527333,70.80043983459473
1780959519.7132719,-2.3705713047068837,5.129244098141716,0.9783892125527333,70.90055131912231
1780959519.8131435,-2.3705713047068837,5.129244098141716,0.9783892125527333,71.00042295455933
1780959519.913333,-2.3705713047068837,5.129244098141716,0.9783892125527333,71.10061240196228
1780959520.0133195,-2.3705713047068837,5.129244098141716,0.9783892125527333,71.20059895515442
1780959520.113116,-2.3705713047068837,5.129244098141716,0.9783892125527333,71.30039548873901
1780959520.2130756,-2.3705713047068837,5.129244098141716,0.9783892125527333,71.40035510063171
1780959520.313619,-2.3705713047068837,5.129244098141716,0.9783892125527333,71.50089836120605
1780959520.4137497,-2.3705713047068837,5.129244098141716,0.9783892125527333,71.60102915763855
1780959520.5131338,-2.3705713047068837,5.129244098141716,0.9783892125527333,71.7004132270813
1780959520.613081,-2.3705713047068837,5.129244098141716,0.9783892125527333,71.80036044120789
1780959520.7130473,-2.3705713047068837,5.129244098141716,0.9783892125527333,71.9003267288208
1780959520.8130934,-2.3705713047068837,5.129244098141716,0.9783892125527333,72.00037288665771
1780959520.91315,-2.3705713047068837,5.129244098141716,0.9783892125527333,72.10042953491211
1780959521.0131023,-2.3705713047068837,5.129244098141716,0.9783892125527333,72.20038175582886
1780959521.1138756,-2.3705713047068837,5.129244098141716,0.9783892125527333,72.30115509033203
1780959521.213226,-2.3705713047068837,5.129244098141716,0.9783892125527333,72.40050554275513
1780959521.313133,-2.3705713047068837,5.129244098141716,0.9783892125527333,72.50041246414185
1780959521.4131353,-2.3705713047068837,5.129244098141716,0.9783892125527333,72.6004147529602
1780959521.5131202,-2.3705713047068837,5.129244098141716,0.9783892125527333,72.70039963722229
1780959521.6131165,-2.3705713047068837,5.129244098141716,0.9783892125527333,72.80039596557617
1780959521.7131336,-2.3705713047068837,5.129244098141716,0.9783892125527333,72.90041303634644
1780959521.813407,-2.3705713047068837,5.129244098141716,0.9783892125527333,73.00068640708923
1780959521.9132333,-2.3705713047068837,5.129244098141716,0.9783892125527333,73.10051274299622
1780959522.0131345,-2.3705713047068837,5.129244098141716,0.9783892125527333,73.20041394233704
1780959522.1131165,-2.3705713047068837,5.129244098141716,0.9783892125527333,73.30039596557617
1780959522.2131128,-2.3705713047068837,5.129244098141716,0.9783892125527333,73.40039229393005
1780959522.3128822,-2.3705713047068837,5.129244098141716,0.9783892125527333,73.50016164779663
1780959522.4129655,-2.3705713047068837,5.129244098141716,0.9783892125527333,73.60024499893188
1780959522.5130217,-2.3705713047068837,5.129244098141716,0.9783892125527333,73.70030117034912
1780959522.612995,-2.3705713047068837,5.129244098141716,0.9783892125527333,73.80027437210083
1780959522.7130678,-2.3705713047068837,5.129244098141716,0.9783892125527333,73.9003472328186
1780959522.8131623,-2.3705713047068837,5.129244098141716,0.9783892125527333,74.00044178962708
1780959522.9131842,-2.3705713047068837,5.129244098141716,0.9783892125527333,74.10046362876892
1780959523.0130975,-2.3705713047068837,5.129244098141716,0.9783892125527333,74.20037698745728
1780959523.1130884,-2.3705713047068837,5.129244098141716,0.9783892125527333,74.30036783218384
1780959523.2133465,-2.3705713047068837,5.129244098141716,0.9783892125527333,74.40062594413757
1780959523.3131993,-2.3705713047068837,5.129244098141716,0.9783892125527333,74.50047874450684
1780959523.4131703,-2.3705713047068837,5.129244098141716,0.9783892125527333,74.60044980049133
1780959523.513204,-2.3705713047068837,5.129244098141716,0.9783892125527333,74.70048356056213
1780959523.6131566,-2.3705713047068837,5.129244098141716,0.9783892125527333,74.80043601989746
1780959523.7131739,-2.3705713047068837,5.129244098141716,0.9783892125527333,74.9004533290863
1780959523.8131716,-2.3705713047068837,5.129244098141716,0.9783892125527333,75.00045108795166
1780959523.9132981,-2.3705713047068837,5.129244098141716,0.9783892125527333,75.10057759284973
1780959524.01317,-2.3705713047068837,5.129244098141716,0.9783892125527333,75.20044946670532
1780959524.113054,-2.3705713047068837,5.129244098141716,0.9783892125527333,75.30033349990845
1780959524.213028,-2.3705713047068837,5.129244098141716,0.9783892125527333,75.4003074169159
1780959524.3132994,-2.3705713047068837,5.129244098141716,0.9783892125527333,75.50057888031006
1780959524.4131722,-2.3705713047068837,5.129244098141716,0.9783892125527333,75.60045170783997
1780959524.513357,-2.3705713047068837,5.129244098141716,0.9783892125527333,75.70063638687134
1780959524.6130757,-2.3705713047068837,5.129244098141716,0.9783892125527333,75.80035519599915
1780959524.7130606,-2.3705713047068837,5.129244098141716,0.9783892125527333,75.90034008026123
1780959524.8131232,-2.3705713047068837,5.129244098141716,0.9783892125527333,76.0004026889801
1780959524.913168,-2.3705713047068837,5.129244098141716,0.9783892125527333,76.10044741630554
1780959525.013123,-2.3705713047068837,5.129244098141716,0.9783892125527333,76.20040249824524
1780959525.113655,-2.3705713047068837,5.129244098141716,0.9783892125527333,76.30093455314636
1780959525.213167,-2.3705713047068837,5.129244098141716,0.9783892125527333,76.40044641494751
1780959525.3131216,-2.3705713047068837,5.129244098141716,0.9783892125527333,76.50040102005005
1780959525.41317,-2.3705713047068837,5.129244098141716,0.9783892125527333,76.60044956207275
1780959525.5130336,-2.3705713047068837,5.129244098141716,0.9783892125527333,76.70031309127808
1780959525.6131568,-2.3705713047068837,5.129244098141716,0.9783892125527333,76.80043625831604
1780959525.7131023,-2.3705713047068837,5.129244098141716,0.9783892125527333,76.90038180351257
1780959525.8130958,-2.3705713047068837,5.129244098141716,0.9783892125527333,77.0003752708435
1780959525.9130344,-2.3705713047068837,5.129244098141716,0.9783892125527333,77.10031390190125
1780959526.0131238,-2.3705713047068837,5.129244098141716,0.9783892125527333,77.20040321350098
1780959526.1131294,-2.3705713047068837,5.129244098141716,0.9783892125527333,77.30040884017944
1780959526.2130828,-2.3705713047068837,5.129244098141716,0.9783892125527333,77.40036225318909
1780959526.3131878,-2.3705713047068837,5.129244098141716,0.9783892125527333,77.50046730041504
1780959526.413162,-2.3705713047068837,5.129244098141716,0.9783892125527333,77.60044145584106
1780959526.5130453,-2.3705713047068837,5.129244098141716,0.9783892125527333,77.70032477378845
1780959526.6137638,-2.3705713047068837,5.129244098141716,0.9783892125527333,77.80104327201843
1780959526.7131784,-2.3705713047068837,5.129244098141716,0.9783892125527333,77.9004578590393
1780959526.813087,-2.3705713047068837,5.129244098141716,0.9783892125527333,78.00036644935608
1780959526.9130619,-2.3705713047068837,5.129244098141716,0.9783892125527333,78.10034132003784
1780959527.0130835,-2.3705713047068837,5.129244098141716,0.9783892125527333,78.20036292076111
1780959527.1131127,-2.3705713047068837,5.129244098141716,0.9783892125527333,78.3003921508789
1780959527.2131484,-2.3705713047068837,5.129244098141716,0.9783892125527333,78.40042781829834
1780959527.3131216,-2.3705713047068837,5.129244098141716,0.9783892125527333,78.50040102005005
1780959527.413064,-2.3705713047068837,5.129244098141716,0.9783892125527333,78.60034346580505
1780959527.512989,-2.3705713047068837,5.129244098141716,0.9783892125527333,78.70026850700378
1780959527.613151,-2.3705713047068837,5.129244098141716,0.9783892125527333,78.80043053627014
1780959527.713183,-2.3705713047068837,5.129244098141716,0.9783892125527333,78.90046238899231
1780959527.8130841,-2.3705713047068837,5.129244098141716,0.9783892125527333,79.00036358833313
1780959527.9131544,-2.3705713047068837,5.129244098141716,0.9783892125527333,79.10043382644653
1780959528.0129907,-2.3705713047068837,5.129244098141716,0.9783892125527333,79.20027017593384
1780959528.1133034,-2.3705713047068837,5.129244098141716,0.9783892125527333,79.30058288574219
1780959528.2130282,-2.3705713047068837,5.129244098141716,0.9783892125527333,79.40030765533447
1780959528.313057,-2.3705713047068837,5.129244098141716,0.9783892125527333,79.50033640861511
1780959528.4130206,-2.3705713047068837,5.129244098141716,0.9783892125527333,79.60030007362366
1780959528.5137362,-2.3705713047068837,5.129244098141716,0.9783892125527333,79.70101571083069
1780959528.6132712,-2.3705713047068837,5.129244098141716,0.9783892125527333,79.80055069923401
1780959528.7131276,-2.3705713047068837,5.129244098141716,0.9783892125527333,79.90040707588196
1780959528.8129952,-2.3705713047068837,5.129244098141716,0.9783892125527333,80.00027465820312
1780959528.9131677,-2.3705713047068837,5.129244098141716,0.9783892125527333,80.10044717788696
1780959529.0131114,-2.3705713047068837,5.129244098141716,0.9783892125527333,80.20039081573486
1780959529.1130316,-2.3705713047068837,5.129244098141716,0.9783892125527333,80.30031108856201
1780959529.2130966,-2.3705713047068837,5.129244098141716,0.9783892125527333,80.40037608146667
1780959529.313756,-2.3705713047068837,5.129244098141716,0.9783892125527333,80.50103545188904
1780959529.4139144,-2.3705713047068837,5.129244098141716,0.9783892125527333,80.60119390487671
1780959529.5132313,-2.3705713047068837,5.129244098141716,0.9783892125527333,80.70051074028015
1780959529.612912,-2.3705713047068837,5.129244098141716,0.9783892125527333,80.8001914024353
1780959529.7130694,-2.3705713047068837,5.129244098141716,0.9783892125527333,80.90034890174866
1780959529.8131087,-2.3705713047068837,5.129244098141716,0.9783892125527333,81.00038814544678
1780959529.9130702,-2.3705713047068837,5.129244098141716,0.9783892125527333,81.10034966468811
1780959530.013021,-2.3705713047068837,5.129244098141716,0.9783892125527333,81.20030045509338
1780959530.1131384,-2.3705713047068837,5.129244098141716,0.9783892125527333,81.30041790008545
1780959530.213167,-2.3705713047068837,5.129244098141716,0.9783892125527333,81.40044641494751
1780959530.313107,-2.3705713047068837,5.129244098141716,0.9783892125527333,81.50038647651672
1780959530.412987,-2.3705713047068837,5.129244098141716,0.9783892125527333,81.600266456604
1780959530.5135908,-2.3705713047068837,5.129244098141716,0.9783892125527333,81.70087027549744
1780959530.6130419,-2.3705713047068837,5.129244098141716,0.9783892125527333,81.80032134056091
1780959530.713136,-2.3705713047068837,5.129244098141716,0.9783892125527333,81.90041542053223
1780959530.8130372,-2.3705713047068837,5.129244098141716,0.9783892125527333,82.00031661987305
1780959530.91306,-2.3705713047068837,5.129244098141716,0.9783892125527333,82.10033941268921
1780959531.0131106,-2.3705713047068837,5.129244098141716,0.9783892125527333,82.20039010047913
1780959531.1130073,-2.3705713047068837,5.129244098141716,0.9783892125527333,82.30028676986694
1780959531.2130697,-2.3705713047068837,5.129244098141716,0.9783892125527333,82.40034914016724
1780959531.3131006,-2.3705713047068837,5.129244098141716,0.9783892125527333,82.50038003921509
1780959531.4131613,-2.3705713047068837,5.129244098141716,0.9783892125527333,82.60044074058533
1780959531.5133767,-2.3705713047068837,5.129244098141716,0.9783892125527333,82.7006561756134
1780959531.613004,-2.3705713047068837,5.129244098141716,0.9783892125527333,82.80028343200684
1780959531.713148,-2.3705713047068837,5.129244098141716,0.9783892125527333,82.90042757987976
1780959531.8132207,-2.3705713047068837,5.129244098141716,0.9783892125527333,83.00050020217896
1780959531.9130335,-2.3705713047068837,5.129244098141716,0.9783892125527333,83.10031294822693
1780959532.0131068,-2.3705713047068837,5.129244098141716,0.9783892125527333,83.20038628578186
1780959532.113137,-2.3705713047068837,5.129244098141716,0.9783892125527333,83.30041646957397
1780959532.2131302,-2.3705713047068837,5.129244098141716,0.9783892125527333,83.40040969848633
1780959532.3130937,-2.3705713047068837,5.129244098141716,0.9783892125527333,83.5003731250763
1780959532.413173,-2.3705713047068837,5.129244098141716,0.9783892125527333,83.6004524230957
1780959532.513063,-2.3705713047068837,5.129244098141716,0.9783892125527333,83.7003424167633
1780959532.613271,-2.3705713047068837,5.129244098141716,0.9783892125527333,83.80055046081543
1780959532.713146,-2.3705713047068837,5.129244098141716,0.9783892125527333,83.90042543411255
1780959532.8131196,-2.3705713047068837,5.129244098141716,0.9783892125527333,84.00039911270142
1780959532.9131644,-2.3705713047068837,5.129244098141716,0.9783892125527333,84.10044384002686
1780959533.0137084,-2.3705713047068837,5.129244098141716,0.9783892125527333,84.20098781585693
1780959533.1130483,-2.3705713047068837,5.129244098141716,0.9783892125527333,84.30032777786255
1780959533.2130668,-2.3705713047068837,5.129244098141716,0.9783892125527333,84.40034627914429
1780959533.3130698,-2.3705713047068837,5.129244098141716,0.9783892125527333,84.50034928321838
1780959533.4130976,-2.3705713047068837,5.129244098141716,0.9783892125527333,84.6003770828247
1780959533.5131097,-2.3705713047068837,5.129244098141716,0.9783892125527333,84.70038914680481
1780959533.6135476,-2.3705713047068837,5.129244098141716,0.9783892125527333,84.80082702636719
1780959533.7131221,-2.3705713047068837,5.129244098141716,0.9783892125527333,84.90040159225464
1780959533.8131173,-2.3705713047068837,5.129244098141716,0.9783892125527333,85.00039672851562
1780959533.913143,-2.3705713047068837,5.129244098141716,0.9783892125527333,85.10042238235474
1780959534.0131567,-2.3705713047068837,5.129244098141716,0.9783892125527333,85.20043611526489
1780959534.113277,-2.3705713047068837,5.129244098141716,0.9783892125527333,85.30055642127991
1780959534.2131865,-2.3705713047068837,5.129244098141716,0.9783892125527333,85.400465965271
1780959534.3135645,-2.3705713047068837,5.129244098141716,0.9783892125527333,85.50084400177002
1780959534.4130847,-2.3705713047068837,5.129244098141716,0.9783892125527333,85.60036420822144
1780959534.5130677,-2.3705713047068837,5.129244098141716,0.9783892125527333,85.70034718513489
1780959534.6128583,-2.3705713047068837,5.129244098141716,0.9783892125527333,85.800137758255
1780959534.7129786,-2.3705713047068837,5.129244098141716,0.9783892125527333,85.90025806427002
1780959534.8130677,-2.3705713047068837,5.129244098141716,0.9783892125527333,86.00034713745117
1780959534.9130375,-2.3705713047068837,5.129244098141716,0.9783892125527333,86.10031700134277
1780959535.0130126,-2.3705713047068837,5.129244098141716,0.9783892125527333,86.20029211044312
1780959535.1131063,-2.3705713047068837,5.129244098141716,0.9783892125527333,86.30038571357727
1780959535.2131717,-2.3705713047068837,5.129244098141716,0.9783892125527333,86.40045118331909
1780959535.313136,-2.3705713047068837,5.129244098141716,0.9783892125527333,86.50041556358337
1780959535.4133418,-2.3705713047068837,5.129244098141716,0.9783892125527333,86.6006212234497
1780959535.513073,-2.3705713047068837,5.129244098141716,0.9783892125527333,86.70035243034363
1780959535.613169,-2.3705713047068837,5.129244098141716,0.9783892125527333,86.80044841766357
1780959535.7140682,-2.3705713047068837,5.129244098141716,0.9783892125527333,86.90134763717651
1780959535.8131566,-2.3705713047068837,5.129244098141716,0.9783892125527333,87.00043606758118
1780959535.9130185,-2.3705713047068837,5.129244098141716,0.9783892125527333,87.10029792785645
1780959536.01311,-2.3705713047068837,5.129244098141716,0.9783892125527333,87.20038938522339
1780959536.1131556,-2.3705713047068837,5.129244098141716,0.9783892125527333,87.30043506622314
1780959536.2131758,-2.3705713047068837,5.129244098141716,0.9783892125527333,87.40045523643494
1780959536.31318,-2.3705713047068837,5.129244098141716,0.9783892125527333,87.50045943260193
1780959536.4132218,-2.3705713047068837,5.129244098141716,0.9783892125527333,87.60050129890442
1780959536.5131118,-2.3705713047068837,5.129244098141716,0.9783892125527333,87.70039129257202
1780959536.6130967,-2.3705713047068837,5.129244098141716,0.9783892125527333,87.8003761768341
1780959536.713215,-2.3705713047068837,5.129244098141716,0.9783892125527333,87.90049457550049
1780959536.8130765,-2.3705713047068837,5.129244098141716,0.9783892125527333,88.0003559589386
1780959536.9140933,-2.3705713047068837,5.129244098141716,0.9783892125527333,88.10137271881104
1780959537.0131068,-2.3705713047068837,5.129244098141716,0.9783892125527333,88.20038628578186
1780959537.1130545,-2.3705713047068837,5.129244098141716,0.9783892125527333,88.3003339767456
1780959537.213136,-2.3705713047068837,5.129244098141716,0.9783892125527333,88.40041542053223
1780959537.3131056,-2.3705713047068837,5.129244098141716,0.9783892125527333,88.50038504600525
1780959537.4131408,-2.3705713047068837,5.129244098141716,0.9783892125527333,88.60042023658752
1780959537.5132713,-2.3705713047068837,5.129244098141716,0.9783892125527333,88.70055079460144
1780959537.6130385,-2.3705713047068837,5.129244098141716,0.9783892125527333,88.8003180027008
1780959537.7131321,-2.3705713047068837,5.129244098141716,0.9783892125527333,88.90041160583496
1780959537.8131242,-2.3705713047068837,5.129244098141716,0.9783892125527333,89.00040364265442
1780959537.9130228,-2.3705713047068837,5.129244098141716,0.9783892125527333,89.10030221939087
1780959538.0131097,-2.3705713047068837,5.129244098141716,0.9783892125527333,89.20038914680481
1780959538.1131544,-2.3705713047068837,5.129244098141716,0.9783892125527333,89.30043387413025
1780959538.2129931,-2.3705713047068837,5.129244098141716,0.9783892125527333,89.40027260780334
1780959538.3131385,-2.3705713047068837,5.129244098141716,0.9783892125527333,89.50041794776917
1780959538.4131079,-2.3705713047068837,5.129244098141716,0.9783892125527333,89.60038733482361
1780959538.513124,-2.3705713047068837,5.129244098141716,0.9783892125527333,89.70040345191956
1780959538.6139398,-2.3705713047068837,5.129244098141716,0.9783892125527333,89.80121922492981
1780959538.713229,-2.3705713047068837,5.129244098141716,0.9783892125527333,89.90050840377808
1780959538.8130891,-2.3705713047068837,5.129244098141716,0.9783892125527333,90.00036859512329
1780959538.9131916,-2.3705713047068837,5.129244098141716,0.9783892125527333,90.10047101974487
1780959539.0139544,-2.3705713047068837,5.129244098141716,0.9783892125527333,90.20123386383057
1780959539.113033,-2.3705713047068837,5.129244098141716,0.9783892125527333,90.30031251907349
1780959539.212951,-2.3705713047068837,5.129244098141716,0.9783892125527333,90.40023040771484
1780959539.3130724,-2.3705713047068837,5.129244098141716,0.9783892125527333,90.50035190582275
1780959539.4131434,-2.3705713047068837,5.129244098141716,0.9783892125527333,90.6004228591919
1780959539.5129797,-2.3705713047068837,5.129244098141716,0.9783892125527333,90.7002592086792
1780959539.6130931,-2.3705713047068837,5.129244098141716,0.9783892125527333,90.80037260055542
1780959539.7131472,-2.3705713047068837,5.129244098141716,0.9783892125527333,90.90042662620544
1780959539.8131275,-2.3705713047068837,5.129244098141716,0.9783892125527333,91.00040698051453
1780959539.9131248,-2.3705713047068837,5.129244098141716,0.9783892125527333,91.10040426254272
1780959540.0130982,-2.3705713047068837,5.129244098141716,0.9783892125527333,91.20037770271301
1780959540.1128795,-2.3705713047068837,5.129244098141716,0.9783892125527333,91.30015897750854
1780959540.2136607,-2.3705713047068837,5.129244098141716,0.9783892125527333,91.40094017982483
1780959540.3129516,-2.3705713047068837,5.129244098141716,0.9783892125527333,91.50023102760315
1780959540.4131393,-2.3705713047068837,5.129244098141716,0.9783892125527333,91.60041880607605
1780959540.5131629,-2.3705713047068837,5.129244098141716,0.9783892125527333,91.70044231414795
1780959540.6130219,-2.3705713047068837,5.129244098141716,0.9783892125527333,91.80030131340027
1780959540.71299,-2.3705713047068837,5.129244098141716,0.9783892125527333,91.90026950836182
1780959540.8129911,-2.3705713047068837,5.129244098141716,0.9783892125527333,92.00027060508728
1780959540.9131021,-2.3705713047068837,5.129244098141716,0.9783892125527333,92.10038161277771
1780959541.013101,-2.3705713047068837,5.129244098141716,0.9783892125527333,92.20038056373596
1780959541.1131542,-2.3705713047068837,5.129244098141716,0.9783892125527333,92.30043363571167
1780959541.2131057,-2.3705713047068837,5.129244098141716,0.9783892125527333,92.40038514137268
1780959541.3133624,-2.3705713047068837,5.129244098141716,0.9783892125527333,92.50064182281494
1780959541.4131446,-2.3705713047068837,5.129244098141716,0.9783892125527333,92.60042405128479
1780959541.5130963,-2.3705713047068837,5.129244098141716,0.9783892125527333,92.70037579536438
1780959541.6131163,-2.3705713047068837,5.129244098141716,0.9783892125527333,92.80039572715759
1780959541.7130535,-2.3705713047068837,5.129244098141716,0.9783892125527333,92.90033292770386
1780959541.8131425,-2.3705713047068837,5.129244098141716,0.9783892125527333,93.00042200088501
1780959541.9131148,-2.3705713047068837,5.129244098141716,0.9783892125527333,93.1003942489624
1780959542.0131536,-2.3705713047068837,5.129244098141716,0.9783892125527333,93.20043301582336
1780959542.1131954,-2.3705713047068837,5.129244098141716,0.9783892125527333,93.30047488212585
1780959542.2128425,-2.3705713047068837,5.129244098141716,0.9783892125527333,93.40012192726135
1780959542.313119,-2.3705713047068837,5.129244098141716,0.9783892125527333,93.50039839744568
1780959542.4132292,-2.3705713047068837,5.129244098141716,0.9783892125527333,93.60050868988037
1780959542.5132618,-2.3705713047068837,5.129244098141716,0.9783892125527333,93.70054125785828
1780959542.6130354,-2.3705713047068837,5.129244098141716,0.9783892125527333,93.80031490325928
1780959542.7131765,-2.3705713047068837,5.129244098141716,0.9783892125527333,93.90045595169067
1780959542.8138106,-2.3705713047068837,5.129244098141716,0.9783892125527333,94.00109004974365
1780959542.9131293,-2.3705713047068837,5.129244098141716,0.9783892125527333,94.10040879249573
1780959543.013041,-2.3705713047068837,5.129244098141716,0.9783892125527333,94.20032048225403
1780959543.1130188,-2.3705713047068837,5.129244098141716,0.9783892125527333,94.30029821395874
1780959543.213205,-2.3705713047068837,5.129244098141716,0.9783892125527333,94.40048456192017
1780959543.3131073,-2.3705713047068837,5.129244098141716,0.9783892125527333,94.5003867149353
1780959543.4131334,-2.3705713047068837,5.129244098141716,0.9783892125527333,94.60041284561157
1780959543.513107,-2.3705713047068837,5.129244098141716,0.9783892125527333,94.70038652420044
1780959543.6131463,-2.3705713047068837,5.129244098141716,0.9783892125527333,94.80042576789856
1780959543.7133524,-2.3705713047068837,5.129244098141716,0.9783892125527333,94.90063190460205
1780959543.8131235,-2.3705713047068837,5.129244098141716,0.9783892125527333,95.00040292739868
1780959543.913088,-2.3705713047068837,5.129244098141716,0.9783892125527333,95.10036754608154
1780959544.013126,-2.3705713047068837,5.129244098141716,0.9783892125527333,95.20040535926819
1780959544.11298,-2.3705713047068837,5.129244098141716,0.9783892125527333,95.30025935173035
1780959544.2130995,-2.3705713047068837,5.129244098141716,0.9783892125527333,95.40037894248962
1780959544.3134234,-2.3705713047068837,5.129244098141716,0.9783892125527333,95.50070285797119
1780959544.4131005,-2.3705713047068837,5.129244098141716,0.9783892125527333,95.60037994384766
1780959544.5131004,-2.3705713047068837,5.129244098141716,0.9783892125527333,95.70037984848022
1780959544.6131175,-2.3705713047068837,5.129244098141716,0.9783892125527333,95.80039691925049
1780959544.7135518,-2.3705713047068837,5.129244098141716,0.9783892125527333,95.90083122253418
1780959544.8130453,-2.3705713047068837,5.129244098141716,0.9783892125527333,96.00032472610474
1780959544.9131896,-2.3705713047068837,5.129244098141716,0.9783892125527333,96.10046911239624
1780959545.0138407,-2.3705713047068837,5.129244098141716,0.9783892125527333,96.20112013816833
1780959545.1129286,-2.3705713047068837,5.129244098141716,0.9783892125527333,96.30020809173584
1780959545.213107,-2.3705713047068837,5.129244098141716,0.9783892125527333,96.40038657188416
1780959545.313144,-2.3705713047068837,5.129244098141716,0.9783892125527333,96.50042343139648
1780959545.413151,-2.3705713047068837,5.129244098141716,0.9783892125527333,96.60043048858643
1780959545.5129862,-2.3705713047068837,5.129244098141716,0.9783892125527333,96.70026564598083
1780959545.6129642,-2.3705713047068837,5.129244098141716,0.9783892125527333,96.80024361610413
1780959545.7131453,-2.3705713047068837,5.129244098141716,0.9783892125527333,96.90042471885681
1780959545.8131351,-2.3705713047068837,5.129244098141716,0.9783892125527333,97.00041460990906
1780959545.9130087,-2.3705713047068837,5.129244098141716,0.9783892125527333,97.1002881526947
1780959546.0130746,-2.3705713047068837,5.129244098141716,0.9783892125527333,97.20035409927368
1780959546.113151,-2.3705713047068837,5.129244098141716,0.9783892125527333,97.30043053627014
1780959546.2132175,-2.3705713047068837,5.129244098141716,0.9783892125527333,97.40049695968628
1780959546.3131511,-2.3705713047068837,5.129244098141716,0.9783892125527333,97.50043058395386
1780959546.4130886,-2.3705713047068837,5.129244098141716,0.9783892125527333,97.6003680229187
1780959546.5130234,-2.3705713047068837,5.129244098141716,0.9783892125527333,97.70030283927917
1780959546.612934,-2.3705713047068837,5.129244098141716,0.9783892125527333,97.80021357536316
1780959546.7131,-2.3705713047068837,5.129244098141716,0.9783892125527333,97.90037941932678
1780959546.8137143,-2.3705713047068837,5.129244098141716,0.9783892125527333,98.0009937286377
1780959546.9130876,-2.3705713047068837,5.129244098141716,0.9783892125527333,98.10036706924438
1780959547.0130904,-2.3705713047068837,5.129244098141716,0.9783892125527333,98.2003698348999
1780959547.1131704,-2.3705713047068837,5.129244098141716,0.9783892125527333,98.30044984817505
1780959547.2129138,-2.3705713047068837,5.129244098141716,0.9783892125527333,98.4001932144165
1780959547.3130322,-2.3705713047068837,5.129244098141716,0.9783892125527333,98.50031161308289
1780959547.413043,-2.3705713047068837,5.129244098141716,0.9783892125527333,98.60032248497009
1780959547.5132177,-2.3705713047068837,5.129244098141716,0.9783892125527333,98.70049715042114
1780959547.6132045,-2.3705713047068837,5.129244098141716,0.9783892125527333,98.80048394203186
1780959547.7129426,-2.3705713047068837,5.129244098141716,0.9783892125527333,98.90022206306458
1780959547.8133678,-2.3705713047068837,5.129244098141716,0.9783892125527333,99.00064730644226
1780959547.9130902,-2.3705713047068837,5.129244098141716,0.9783892125527333,99.10036969184875
1780959548.0131943,-2.3705713047068837,5.129244098141716,0.9783892125527333,99.20047378540039
1780959548.113039,-2.3705713047068837,5.129244098141716,0.9783892125527333,99.30031847953796
1780959548.2131422,-2.3705713047068837,5.129244098141716,0.9783892125527333,99.40042161941528
1780959548.3130968,-2.3705713047068837,5.129244098141716,0.9783892125527333,99.50037622451782
1780959548.413081,-2.3705713047068837,5.129244098141716,0.9783892125527333,99.60036039352417
1780959548.5131757,-2.3705713047068837,5.129244098141716,0.9783892125527333,99.70045518875122
1780959548.613141,-2.3705713047068837,5.129244098141716,0.9783892125527333,99.80042052268982
1780959548.7130463,-2.3705713047068837,5.129244098141716,0.9783892125527333,99.90032577514648
1780959548.8133652,-2.3705713047068837,5.129244098141716,0.9783892125527333,100.00064468383789
1780959548.9131691,-2.3705713047068837,5.129244098141716,0.9783892125527333,100.10044860839844
1780959549.0130677,-2.3705713047068837,5.129244098141716,0.9783892125527333,100.20034718513489
1780959549.1131907,-2.3705713047068837,5.129244098141716,0.9783892125527333,100.30047011375427
1780959549.2131922,-2.3705713047068837,5.129244098141716,0.9783892125527333,100.4004716873169
1780959549.3131642,-2.3705713047068837,5.129244098141716,0.9783892125527333,100.50044369697571
1780959549.4131312,-2.3705713047068837,5.129244098141716,0.9783892125527333,100.60041069984436
1780959549.513085,-2.3705713047068837,5.129244098141716,0.9783892125527333,100.70036435127258
1780959549.6130626,-2.3705713047068837,5.129244098141716,0.9783892125527333,100.8003420829773
1780959549.7133408,-2.3705713047068837,5.129244098141716,0.9783892125527333,100.90062022209167
1780959549.8131309,-2.3705713047068837,5.129244098141716,0.9783892125527333,101.00041031837463
1780959549.9131734,-2.3705713047068837,5.129244098141716,0.9783892125527333,101.10045289993286
1780959550.013153,-2.3705713047068837,5.129244098141716,0.9783892125527333,101.2004325389862
1780959550.1131127,-2.3705713047068837,5.129244098141716,0.9783892125527333,101.3003921508789
1780959550.2131412,-2.3705713047068837,5.129244098141716,0.9783892125527333,101.40042066574097
1780959550.3137066,-2.3705713047068837,5.129244098141716,0.9783892125527333,101.50098609924316
1780959550.41314,-2.3705713047068837,5.129244098141716,0.9783892125527333,101.60041952133179
1780959550.5130503,-2.3705713047068837,5.129244098141716,0.9783892125527333,101.70032978057861
1780959550.6130974,-2.3705713047068837,5.129244098141716,0.9783892125527333,101.80037689208984
1780959550.7131832,-2.3705713047068837,5.129244098141716,0.9783892125527333,101.90046262741089
1780959550.8130183,-2.3705713047068837,5.129244098141716,0.9783892125527333,102.0002977848053
1780959550.9128997,-2.3705713047068837,5.129244098141716,0.9783892125527333,102.10017919540405
1780959551.0130296,-2.3705713047068837,5.129244098141716,0.9783892125527333,102.20030903816223
1780959551.1131241,-2.3705713047068837,5.129244098141716,0.9783892125527333,102.3004035949707
1780959551.213239,-2.3705713047068837,5.129244098141716,0.9783892125527333,102.4005184173584
1780959551.3130016,-2.3705713047068837,5.129244098141716,0.9783892125527333,102.50028109550476
1780959551.4131129,-2.3705713047068837,5.129244098141716,0.9783892125527333,102.60039234161377
1780959551.513924,-2.3705713047068837,5.129244098141716,0.9783892125527333,102.70120334625244
1780959551.6131494,-2.3705713047068837,5.129244098141716,0.9783892125527333,102.80042886734009
1780959551.7129302,-2.3705713047068837,5.129244098141716,0.9783892125527333,102.90020966529846
1780959551.8130198,-2.3705713047068837,5.129244098141716,0.9783892125527333,103.00029921531677
1780959551.913164,-2.3705713047068837,5.129244098141716,0.9783892125527333,103.1004433631897
1780959552.01303,-2.3705713047068837,5.129244098141716,0.9783892125527333,103.20030951499939
1780959552.113128,-2.3705713047068837,5.129244098141716,0.9783892125527333,103.30040740966797
1780959552.213071,-2.3705713047068837,5.129244098141716,0.9783892125527333,103.40035057067871
1780959552.3132095,-2.3705713047068837,5.129244098141716,0.9783892125527333,103.50048899650574
1780959552.4130933,-2.3705713047068837,5.129244098141716,0.9783892125527333,103.60037279129028
1780959552.5131106,-2.3705713047068837,5.129244098141716,0.9783892125527333,103.70039010047913
1780959552.61316,-2.3705713047068837,5.129244098141716,0.9783892125527333,103.80043935775757
1780959552.713057,-2.3705713047068837,5.129244098141716,0.9783892125527333,103.90033650398254
1780959552.813006,-2.3705713047068837,5.129244098141716,0.9783892125527333,104.00028538703918
1780959552.913161,-2.3705713047068837,5.129244098141716,0.9783892125527333,104.10044050216675
1780959553.013127,-2.3705713047068837,5.129244098141716,0.9783892125527333,104.20040655136108
1780959553.1131337,-2.3705713047068837,5.129244098141716,0.9783892125527333,104.30041313171387
1780959553.2132277,-2.3705713047068837,5.129244098141716,0.9783892125527333,104.40050721168518
1780959553.3132143,-2.3705713047068837,5.129244098141716,0.9783892125527333,104.50049376487732
1780959553.4131413,-2.3705713047068837,5.129244098141716,0.9783892125527333,104.60042071342468
1780959553.5131326,-2.3705713047068837,5.129244098141716,0.9783892125527333,104.7004120349884
1780959553.613146,-2.3705713047068837,5.129244098141716,0.9783892125527333,104.80042552947998
1780959553.7129955,-2.3705713047068837,5.129244098141716,0.9783892125527333,104.90027499198914
1780959553.8130085,-2.3705713047068837,5.129244098141716,0.9783892125527333,105.00028800964355
1780959553.9136143,-2.3705713047068837,5.129244098141716,0.9783892125527333,105.10089373588562
1780959554.0130734,-2.3705713047068837,5.129244098141716,0.9783892125527333,105.20035290718079
1780959554.1134198,-2.3705713047068837,5.129244098141716,0.9783892125527333,105.30069923400879
1780959554.2131221,-2.3705713047068837,5.129244098141716,0.9783892125527333,105.40040159225464
1780959554.313099,-2.3705713047068837,5.129244098141716,0.9783892125527333,105.50037837028503
1780959554.4132547,-2.3705713047068837,5.129244098141716,0.9783892125527333,105.60053420066833
1780959554.5130978,-2.3705713047068837,5.129244098141716,0.9783892125527333,105.70037722587585
1780959554.612718,-2.3705713047068837,5.129244098141716,0.9783892125527333,105.7999975681305
1780959554.7131698,-2.3705713047068837,5.129244098141716,0.9783892125527333,105.90044927597046
1780959554.8131335,-2.3705713047068837,5.129244098141716,0.9783892125527333,106.000412940979
1780959554.9128304,-2.3705713047068837,5.129244098141716,0.9783892125527333,106.10010981559753
1780959555.0131075,-2.3705713047068837,5.129244098141716,0.9783892125527333,106.2003870010376
1780959555.1131203,-2.3705713047068837,5.129244098141716,0.9783892125527333,106.30039978027344
1780959555.2131379,-2.3705713047068837,5.129244098141716,0.9783892125527333,106.40041732788086
1780959555.3132918,-2.3705713047068837,5.129244098141716,0.9783892125527333,106.50057125091553
1780959555.4130101,-2.3705713047068837,5.129244098141716,0.9783892125527333,106.60028958320618
1780959555.5130172,-2.3705713047068837,5.129244098141716,0.9783892125527333,106.70029664039612
1780959555.6131024,-2.3705713047068837,5.129244098141716,0.9783892125527333,106.80038189888
1780959555.7130597,-2.3705713047068837,5.129244098141716,0.9783892125527333,106.90033912658691
1780959555.813039,-2.3705713047068837,5.129244098141716,0.9783892125527333,107.00031852722168
1780959555.9133956,-2.3705713047068837,5.129244098141716,0.9783892125527333,107.10067510604858
1780959556.0132015,-2.3705713047068837,5.129244098141716,0.9783892125527333,107.20048093795776
1780959556.113359,-2.3705713047068837,5.129244098141716,0.9783892125527333,107.30063843727112
1780959556.212782,-2.3705713047068837,5.129244098141716,0.9783892125527333,107.40006136894226
1780959556.3128297,-2.3705713047068837,5.129244098141716,0.9783892125527333,107.50010919570923
1780959556.4130113,-2.3705713047068837,5.129244098141716,0.9783892125527333,107.60029077529907
1780959556.5131564,-2.3705713047068837,5.129244098141716,0.9783892125527333,107.70043587684631
1780959556.6131024,-2.3705713047068837,5.129244098141716,0.9783892125527333,107.80038189888
1780959556.7131271,-2.3705713047068837,5.129244098141716,0.9783892125527333,107.9004065990448
1780959556.8131423,-2.3705713047068837,5.129244098141716,0.9783892125527333,108.00042176246643
1780959556.9130206,-2.3705713047068837,5.129244098141716,0.9783892125527333,108.10030007362366
1780959557.013106,-2.3705713047068837,5.129244098141716,0.9783892125527333,108.20038557052612
1780959557.113001,-2.3705713047068837,5.129244098141716,0.9783892125527333,108.30028057098389
1780959557.2130716,-2.3705713047068837,5.129244098141716,0.9783892125527333,108.40035104751587
1780959557.3130152,-2.3705713047068837,5.129244098141716,0.9783892125527333,108.50029468536377
1780959557.4130232,-2.3705713047068837,5.129244098141716,0.9783892125527333,108.60030269622803
1780959557.513194,-2.3705713047068837,5.129244098141716,0.9783892125527333,108.70047354698181
1780959557.6130292,-2.3705713047068837,5.129244098141716,0.9783892125527333,108.80030870437622
1780959557.7131088,-2.3705713047068837,5.129244098141716,0.9783892125527333,108.90038824081421
1780959557.8129215,-2.3705713047068837,5.129244098141716,0.9783892125527333,109.00020098686218
1780959557.9130843,-2.3705713047068837,5.129244098141716,0.9783892125527333,109.10036373138428
1780959558.013079,-2.3705713047068837,5.129244098141716,0.9783892125527333,109.2003583908081
1780959558.113338,-2.3705713047068837,5.129244098141716,0.9783892125527333,109.30061745643616
1780959558.2131455,-2.3705713047068837,5.129244098141716,0.9783892125527333,109.40042495727539
1780959558.313173,-2.3705713047068837,5.129244098141716,0.9783892125527333,109.50045251846313
1780959558.4131737,-2.3705713047068837,5.129244098141716,0.9783892125527333,109.60045313835144
1780959558.513032,-2.3705713047068837,5.129244098141716,0.9783892125527333,109.70031142234802
1780959558.6131191,-2.3705713047068837,5.129244098141716,0.9783892125527333,109.80039858818054
1780959558.71314,-2.3705713047068837,5.129244098141716,0.9783892125527333,109.90041947364807
1780959558.8131123,-2.3705713047068837,5.129244098141716,0.9783892125527333,110.00039172172546
1780959558.9131246,-2.3705713047068837,5.129244098141716,0.9783892125527333,110.10040402412415
1780959559.0130541,-2.3705713047068837,5.129244098141716,0.9783892125527333,110.20033359527588
1780959559.113196,-2.3705713047068837,5.129244098141716,0.9783892125527333,110.30047535896301
1780959559.2131085,-2.3705713047068837,5.129244098141716,0.9783892125527333,110.40038800239563
1780959559.313451,-2.3705713047068837,5.129244098141716,0.9783892125527333,110.50073051452637
1780959559.4131274,-2.3705713047068837,5.129244098141716,0.9783892125527333,110.6004068851471
1780959559.513013,-2.3705713047068837,5.129244098141716,0.9783892125527333,110.7002923488617
1780959559.6129906,-2.3705713047068837,5.129244098141716,0.9783892125527333,110.8002700805664
1780959559.7131314,-2.3705713047068837,5.129244098141716,0.9783892125527333,110.90041089057922
1780959559.813212,-2.3705713047068837,5.129244098141716,0.9783892125527333,111.00049138069153
1780959559.9136124,-2.3705713047068837,5.129244098141716,0.9783892125527333,111.10089182853699
1780959560.0131524,-2.3705713047068837,5.129244098141716,0.9783892125527333,111.20043182373047
1780959560.1129858,-2.3705713047068837,5.129244098141716,0.9783892125527333,111.30026531219482
1780959560.2131114,-2.3705713047068837,5.129244098141716,0.9783892125527333,111.40039086341858
1780959560.312951,-2.3705713047068837,5.129244098141716,0.9783892125527333,111.50023055076599
1780959560.413188,-2.3705713047068837,5.129244098141716,0.9783892125527333,111.60046744346619
1780959560.5131488,-2.3705713047068837,5.129244098141716,0.9783892125527333,111.70042824745178
1780959560.6129575,-2.3705713047068837,5.129244098141716,0.9783892125527333,111.80023694038391
1780959560.7131917,-2.3705713047068837,5.129244098141716,0.9783892125527333,111.90047121047974
1780959560.81305,-2.3705713047068837,5.129244098141716,0.9783892125527333,112.00032949447632
1780959560.9130507,-2.3705713047068837,5.129244098141716,0.9783892125527333,112.10033011436462
1780959561.0131302,-2.3705713047068837,5.129244098141716,0.9783892125527333,112.20040965080261
1780959561.113012,-2.3705713047068837,5.129244098141716,0.9783892125527333,112.30029153823853
1780959561.2131927,-2.3705713047068837,5.129244098141716,0.9783892125527333,112.40047216415405
1780959561.3139396,-2.3705713047068837,5.129244098141716,0.9783892125527333,112.50121903419495
1780959561.4130664,-2.3705713047068837,5.129244098141716,0.9783892125527333,112.60034584999084
1780959561.5130649,-2.3705713047068837,5.129244098141716,0.9783892125527333,112.70034432411194
1780959561.613151,-2.3705713047068837,5.129244098141716,0.9783892125527333,112.80043053627014
1780959561.713105,-2.3705713047068837,5.129244098141716,0.9783892125527333,112.90038442611694
1780959561.8130322,-2.3705713047068837,5.129244098141716,0.9783892125527333,113.00031161308289
1780959561.9129744,-2.3705713047068837,5.129244098141716,0.9783892125527333,113.10025382041931
1780959562.0130258,-2.3705713047068837,5.129244098141716,0.9783892125527333,113.20030522346497
1780959562.1132238,-2.3705713047068837,5.129244098141716,0.9783892125527333,113.30050325393677
1780959562.2129045,-2.3705713047068837,5.129244098141716,0.9783892125527333,113.40018391609192
1780959562.3131695,-2.3705713047068837,5.129244098141716,0.9783892125527333,113.50044894218445
1780959562.4131181,-2.3705713047068837,5.129244098141716,0.9783892125527333,113.60039758682251
1780959562.513208,-2.3705713047068837,5.129244098141716,0.9783892125527333,113.7004873752594
1780959562.613134,-2.3705713047068837,5.129244098141716,0.9783892125527333,113.80041337013245
1780959562.7131522,-2.3705713047068837,5.129244098141716,0.9783892125527333,113.9004316329956
1780959562.813086,-2.3705713047068837,5.129244098141716,0.9783892125527333,114.00036549568176
1780959562.91309,-2.3705713047068837,5.129244098141716,0.9783892125527333,114.10036945343018
1780959563.0131276,-2.3705713047068837,5.129244098141716,0.9783892125527333,114.20040702819824
1780959563.1130083,-2.3705713047068837,5.129244098141716,0.9783892125527333,114.30028772354126
1780959563.2129898,-2.3705713047068837,5.129244098141716,0.9783892125527333,114.40026926994324
1780959563.3130882,-2.3705713047068837,5.129244098141716,0.9783892125527333,114.50036764144897
1780959563.4131458,-2.3705713047068837,5.129244098141716,0.9783892125527333,114.60042524337769
1780959563.5130951,-2.3705713047068837,5.129244098141716,0.9783892125527333,114.70037460327148
1780959563.6131268,-2.3705713047068837,5.129244098141716,0.9783892125527333,114.80040621757507
1780959563.7131212,-2.3705713047068837,5.129244098141716,0.9783892125527333,114.90040063858032
1780959563.813054,-2.3705713047068837,5.129244098141716,0.9783892125527333,115.00033354759216
1780959563.9131691,-2.3705713047068837,5.129244098141716,0.9783892125527333,115.10044860839844
1780959564.013128,-2.3705713047068837,5.129244098141716,0.9783892125527333,115.2004075050354
1780959564.113133,-2.3705713047068837,5.129244098141716,0.9783892125527333,115.30041241645813
1780959564.213961,-2.3705713047068837,5.129244098141716,0.9783892125527333,115.40124034881592
1780959564.3130262,-2.3705713047068837,5.129244098141716,0.9783892125527333,115.50030565261841
1780959564.4131024,-2.3705713047068837,5.129244098141716,0.9783892125527333,115.60038185119629
1780959564.5135386,-2.3705713047068837,5.129244098141716,0.9783892125527333,115.70081806182861
1780959564.6132648,-2.3705713047068837,5.129244098141716,0.9783892125527333,115.80054426193237
1780959564.7128868,-2.3705713047068837,5.129244098141716,0.9783892125527333,115.90016627311707
1780959564.8130956,-2.3705713047068837,5.129244098141716,0.9783892125527333,116.00037503242493
1780959564.9131632,-2.3705713047068837,5.129244098141716,0.9783892125527333,116.10044264793396
1780959565.0131252,-2.3705713047068837,5.129244098141716,0.9783892125527333,116.20040464401245
1780959565.1130989,-2.3705713047068837,5.129244098141716,0.9783892125527333,116.30037832260132
1780959565.2131028,-2.3705713047068837,5.129244098141716,0.9783892125527333,116.40038228034973
1780959565.3131125,-2.3705713047068837,5.129244098141716,0.9783892125527333,116.50039196014404
1780959565.4131444,-2.3705713047068837,5.129244098141716,0.9783892125527333,116.60042381286621
1780959565.5130227,-2.3705713047068837,5.129244098141716,0.9783892125527333,116.70030212402344
1780959565.6131308,-2.3705713047068837,5.129244098141716,0.9783892125527333,116.80041027069092
1780959565.7131436,-2.3705713047068837,5.129244098141716,0.9783892125527333,116.90042304992676
1780959565.81356,-2.3705713047068837,5.129244098141716,0.9783892125527333,117.00083947181702
1780959565.9130046,-2.3705713047068837,5.129244098141716,0.9783892125527333,117.10028409957886
1780959566.013085,-2.3705713047068837,5.129244098141716,0.9783892125527333,117.20036435127258
1780959566.1131718,-2.3705713047068837,5.129244098141716,0.9783892125527333,117.30045127868652
1780959566.2131116,-2.3705713047068837,5.129244098141716,0.9783892125527333,117.40039110183716
1780959566.313144,-2.3705713047068837,5.129244098141716,0.9783892125527333,117.50042343139648
1780959566.4131644,-2.3705713047068837,5.129244098141716,0.9783892125527333,117.60044384002686
1780959566.5130634,-2.3705713047068837,5.129244098141716,0.9783892125527333,117.70034289360046
1780959566.6131673,-2.3705713047068837,5.129244098141716,0.9783892125527333,117.80044674873352
1780959566.7128494,-2.3705713047068837,5.129244098141716,0.9783892125527333,117.90012884140015
1780959566.8130975,-2.3705713047068837,5.129244098141716,0.9783892125527333,118.00037693977356
1780959566.913597,-2.3705713047068837,5.129244098141716,0.9783892125527333,118.10087656974792
1780959567.0134299,-2.3705713047068837,5.129244098141716,0.9783892125527333,118.20070934295654
1780959567.11283,-2.3705713047068837,5.129244098141716,0.9783892125527333,118.30010938644409
1780959567.2130406,-2.3705713047068837,5.129244098141716,0.9783892125527333,118.40032005310059
1780959567.313131,-2.3705713047068837,5.129244098141716,0.9783892125527333,118.50041055679321
1780959567.4131024,-2.3705713047068837,5.129244098141716,0.9783892125527333,118.60038185119629
1780959567.5131993,-2.3705713047068837,5.129244098141716,0.9783892125527333,118.70047879219055
1780959567.6130805,-2.3705713047068837,5.129244098141716,0.9783892125527333,118.80035996437073
1780959567.7131913,-2.3705713047068837,5.129244098141716,0.9783892125527333,118.90047073364258
1780959567.8131418,-2.3705713047068837,5.129244098141716,0.9783892125527333,119.00042128562927
1780959567.9133358,-2.3705713047068837,5.129244098141716,0.9783892125527333,119.10061526298523
1780959568.013218,-2.3705713047068837,5.129244098141716,0.9783892125527333,119.20049738883972
1780959568.1130803,-2.3705713047068837,5.129244098141716,0.9783892125527333,119.30035972595215
1780959568.2131708,-2.3705713047068837,5.129244098141716,0.9783892125527333,119.40045022964478
1780959568.313203,-2.3705713047068837,5.129244098141716,0.9783892125527333,119.5004825592041
1780959568.4131556,-2.3705713047068837,5.129244098141716,0.9783892125527333,119.60043501853943
1780959568.5130825,-2.3705713047068837,5.129244098141716,0.9783892125527333,119.70036196708679
1780959568.6131244,-2.3705713047068837,5.129244098141716,0.9783892125527333,119.80040383338928
1780959568.713184,-2.3705713047068837,5.129244098141716,0.9783892125527333,119.9004635810852
1780959568.813224,-2.3705713047068837,5.129244098141716,0.9783892125527333,120.00050354003906
1780959568.9130473,-2.3705713047068837,5.129244098141716,0.9783892125527333,120.10032677650452
1780959569.0130968,-2.3705713047068837,5.129244098141716,0.9783892125527333,120.20037627220154
1780959569.1130834,-2.3705713047068837,5.129244098141716,0.9783892125527333,120.30036282539368
1780959569.213177,-2.3705713047068837,5.129244098141716,0.9783892125527333,120.40045642852783
1780959569.3130949,-2.3705713047068837,5.129244098141716,0.9783892125527333,120.50037431716919
1780959569.4131048,-2.3705713047068837,5.129244098141716,0.9783892125527333,120.60038423538208
1780959569.513028,-2.3705713047068837,5.129244098141716,0.9783892125527333,120.70030736923218
1780959569.6132083,-2.3705713047068837,5.129244098141716,0.9783892125527333,120.80048775672913
1780959569.7131042,-2.3705713047068837,5.129244098141716,0.9783892125527333,120.9003837108612
1780959569.8131247,-2.3705713047068837,5.129244098141716,0.9783892125527333,121.00040411949158
1780959569.9131472,-2.3705713047068837,5.129244098141716,0.9783892125527333,121.10042667388916
1780959570.0130286,-2.3705713047068837,5.129244098141716,0.9783892125527333,121.20030808448792
1780959570.1131747,-2.3705713047068837,5.129244098141716,0.9783892125527333,121.30045413970947
1780959570.2132015,-2.3705713047068837,5.129244098141716,0.9783892125527333,121.40048098564148
1780959570.3128803,-2.3705713047068837,5.129244098141716,0.9783892125527333,121.500159740448
1780959570.4131544,-2.3705713047068837,5.129244098141716,0.9783892125527333,121.60043382644653
1780959570.5131218,-2.3705713047068837,5.129244098141716,0.9783892125527333,121.70040130615234
1780959570.613095,-2.3705713047068837,5.129244098141716,0.9783892125527333,121.80037450790405
1780959570.7131393,-2.3705713047068837,5.129244098141716,0.9783892125527333,121.90041875839233
1780959570.8130515,-2.3705713047068837,5.129244098141716,0.9783892125527333,122.0003309249878
1780959570.9130232,-2.3705713047068837,5.129244098141716,0.9783892125527333,122.10030269622803
1780959571.0131245,-2.3705713047068837,5.129244098141716,0.9783892125527333,122.20040392875671
1780959571.1131032,-2.3705713047068837,5.129244098141716,0.9783892125527333,122.30038261413574
1780959571.2131388,-2.3705713047068837,5.129244098141716,0.9783892125527333,122.40041828155518
1780959571.3135045,-2.3705713047068837,5.129244098141716,0.9783892125527333,122.50078392028809
1780959571.4131777,-2.3705713047068837,5.129244098141716,0.9783892125527333,122.60045719146729
1780959571.5140295,-2.3705713047068837,5.129244098141716,0.9783892125527333,122.70130896568298
1780959571.6131177,-2.3705713047068837,5.129244098141716,0.9783892125527333,122.80039715766907
1780959571.7131486,-2.3705713047068837,5.129244098141716,0.9783892125527333,122.90042805671692
1780959571.8130896,-2.3705713047068837,5.129244098141716,0.9783892125527333,123.00036907196045
1780959571.9131587,-2.3705713047068837,5.129244098141716,0.9783892125527333,123.10043811798096
1780959572.0131369,-2.3705713047068837,5.129244098141716,0.9783892125527333,123.20041632652283
1780959572.113223,-2.3705713047068837,5.129244098141716,0.9783892125527333,123.30050253868103
1780959572.2131708,-2.3705713047068837,5.129244098141716,0.9783892125527333,123.40045022964478
1780959572.313141,-2.3705713047068837,5.129244098141716,0.9783892125527333,123.50042057037354
1780959572.4131267,-2.3705713047068837,5.129244098141716,0.9783892125527333,123.60040616989136
1780959572.5131354,-2.3705713047068837,5.129244098141716,0.9783892125527333,123.70041489601135
1780959572.6130326,-2.3705713047068837,5.129244098141716,0.9783892125527333,123.80031204223633
1780959572.7131271,-2.3705713047068837,5.129244098141716,0.9783892125527333,123.9004065990448
1780959572.813094,-2.3705713047068837,5.129244098141716,0.9783892125527333,124.00037336349487
1780959572.913108,-2.3705713047068837,5.129244098141716,0.9783892125527333,124.10038757324219
1780959573.013183,-2.3705713047068837,5.129244098141716,0.9783892125527333,124.20046257972717
1780959573.113003,-2.3705713047068837,5.129244098141716,0.9783892125527333,124.30028247833252
1780959573.2145927,-2.3705713047068837,5.129244098141716,0.9783892125527333,124.40187215805054
1780959573.3130972,-2.3705713047068837,5.129244098141716,0.9783892125527333,124.50037670135498
1780959573.4129848,-2.3705713047068837,5.129244098141716,0.9783892125527333,124.60026431083679
1780959573.5130935,-2.3705713047068837,5.129244098141716,0.9783892125527333,124.70037293434143
1780959573.6128764,-2.3705713047068837,5.129244098141716,0.9783892125527333,124.80015587806702
1780959573.7129123,-2.3705713047068837,5.129244098141716,0.9783892125527333,124.90019178390503
1780959573.813051,-2.3705713047068837,5.129244098141716,0.9783892125527333,125.00033044815063
1780959573.9131448,-2.3705713047068837,5.129244098141716,0.9783892125527333,125.10042428970337
1780959574.0131295,-2.3705713047068837,5.129244098141716,0.9783892125527333,125.20040893554688
1780959574.1130779,-2.3705713047068837,5.129244098141716,0.9783892125527333,125.30035734176636
1780959574.2130241,-2.3705713047068837,5.129244098141716,0.9783892125527333,125.40030360221863
1780959574.313207,-2.3705713047068837,5.129244098141716,0.9783892125527333,125.50048637390137
1780959574.4131708,-2.3705713047068837,5.129244098141716,0.9783892125527333,125.60045027732849
1780959574.5130444,-2.3705713047068837,5.129244098141716,0.9783892125527333,125.70032382011414
1780959574.6133895,-2.3705713047068837,5.129244098141716,0.9783892125527333,125.80066895484924
1780959574.7130222,-2.3705713047068837,5.129244098141716,0.9783892125527333,125.90030169487
1780959574.813051,-2.3705713047068837,5.129244098141716,0.9783892125527333,126.00033044815063
1780959574.9131405,-2.3705713047068837,5.129244098141716,0.9783892125527333,126.10041999816895
1780959575.0129569,-2.3705713047068837,5.129244098141716,0.9783892125527333,126.2002363204956
1780959575.1130905,-2.3705713047068837,5.129244098141716,0.9783892125527333,126.30036997795105
1780959575.2133412,-2.3705713047068837,5.129244098141716,0.9783892125527333,126.40062069892883
1780959575.3129365,-2.3705713047068837,5.129244098141716,0.9783892125527333,126.50021600723267
1780959575.4131992,-2.3705713047068837,5.129244098141716,0.9783892125527333,126.6004786491394
1780959575.5131721,-2.3705713047068837,5.129244098141716,0.9783892125527333,126.70045161247253
1780959575.613001,-2.3705713047068837,5.129244098141716,0.9783892125527333,126.80028057098389
1780959575.713045,-2.3705713047068837,5.129244098141716,0.9783892125527333,126.90032434463501
1780959575.8130429,-2.3705713047068837,5.129244098141716,0.9783892125527333,127.00032234191895
1780959575.9133458,-2.3705713047068837,5.129244098141716,0.9783892125527333,127.10062527656555
1780959576.0129135,-2.3705713047068837,5.129244098141716,0.9783892125527333,127.20019292831421
1780959576.113681,-2.3705713047068837,5.129244098141716,0.9783892125527333,127.30096054077148
1780959576.2131705,-2.3705713047068837,5.129244098141716,0.9783892125527333,127.4004499912262
1780959576.3132238,-2.3705713047068837,5.129244098141716,0.9783892125527333,127.50050330162048
1780959576.4130793,-2.3705713047068837,5.129244098141716,0.9783892125527333,127.60035872459412
1780959576.5131183,-2.3705713047068837,5.129244098141716,0.9783892125527333,127.70039772987366
1780959576.6131766,-2.3705713047068837,5.129244098141716,0.9783892125527333,127.8004560470581
1780959576.713206,-2.3705713047068837,5.129244098141716,0.9783892125527333,127.90048551559448
1780959576.8132772,-2.3705713047068837,5.129244098141716,0.9783892125527333,128.0005567073822
1780959576.913106,-2.3705713047068837,5.129244098141716,0.9783892125527333,128.10038542747498
1780959577.0132222,-2.3705713047068837,5.129244098141716,0.9783892125527333,128.20050168037415
1780959577.113147,-2.3705713047068837,5.129244098141716,0.9783892125527333,128.3004264831543
1780959577.2131217,-2.3705713047068837,5.129244098141716,0.9783892125527333,128.40040111541748
1780959577.3128817,-2.3705713047068837,5.129244098141716,0.9783892125527333,128.50016117095947
1780959577.4131427,-2.3705713047068837,5.129244098141716,0.9783892125527333,128.60042214393616
1780959577.513148,-2.3705713047068837,5.129244098141716,0.9783892125527333,128.70042753219604
1780959577.613097,-2.3705713047068837,5.129244098141716,0.9783892125527333,128.80037641525269
1780959577.7131004,-2.3705713047068837,5.129244098141716,0.9783892125527333,128.90037989616394
1780959577.8131216,-2.3705713047068837,5.129244098141716,0.9783892125527333,129.00040102005005
1780959577.9130297,-2.3705713047068837,5.129244098141716,0.9783892125527333,129.10030913352966
1780959578.013436,-2.3705713047068837,5.129244098141716,0.9783892125527333,129.2007155418396
1780959578.1131155,-2.3705713047068837,5.129244098141716,0.9783892125527333,129.30039501190186
1780959578.2132084,-2.3705713047068837,5.129244098141716,0.9783892125527333,129.40048789978027
1780959578.3137624,-2.3705713047068837,5.129244098141716,0.9783892125527333,129.50104188919067
1780959578.4130883,-2.3705713047068837,5.129244098141716,0.9783892125527333,129.60036778450012
1780959578.513058,-2.3705713047068837,5.129244098141716,0.9783892125527333,129.70033740997314
1780959578.6131697,-2.3705713047068837,5.129244098141716,0.9783892125527333,129.8004491329193
1780959578.7131152,-2.3705713047068837,5.129244098141716,0.9783892125527333,129.90039467811584
1780959578.8131156,-2.3705713047068837,5.129244098141716,0.9783892125527333,130.00039505958557
1780959578.913074,-2.3705713047068837,5.129244098141716,0.9783892125527333,130.10035347938538
1780959579.013219,-2.3705713047068837,5.129244098141716,0.9783892125527333,130.20049858093262
1780959579.1138387,-2.3705713047068837,5.129244098141716,0.9783892125527333,130.30111813545227
1780959579.213383,-2.3705713047068837,5.129244098141716,0.9783892125527333,130.40066242218018
1780959579.313097,-2.3705713047068837,5.129244098141716,0.9783892125527333,130.5003764629364
1780959579.4131594,-2.3705713047068837,5.129244098141716,0.9783892125527333,130.6004388332367
1780959579.5130806,-2.3705713047068837,5.129244098141716,0.9783892125527333,130.70036005973816
1780959579.6130407,-2.3705713047068837,5.129244098141716,0.9783892125527333,130.80032014846802
1780959579.7131088,-2.3705713047068837,5.129244098141716,0.9783892125527333,130.9003882408142
1780959579.8131819,-2.3705713047068837,5.129244098141716,0.9783892125527333,131.00046133995056
1780959579.9134302,-2.3705713047068837,5.129244098141716,0.9783892125527333,131.10070967674255
1780959580.0131893,-2.3705713047068837,5.129244098141716,0.9783892125527333,131.20046877861023
1780959580.1130664,-2.3705713047068837,5.129244098141716,0.9783892125527333,131.30034589767456
1780959580.213101,-2.3705713047068837,5.129244098141716,0.9783892125527333,131.4003803730011
1780959580.3131416,-2.3705713047068837,5.129244098141716,0.9783892125527333,131.5004210472107
1780959580.4130147,-2.3705713047068837,5.129244098141716,0.9783892125527333,131.60029411315918
1780959580.5130312,-2.3705713047068837,5.129244098141716,0.9783892125527333,131.70031070709229
1780959580.613143,-2.3705713047068837,5.129244098141716,0.9783892125527333,131.80042243003845
1780959580.7132208,-2.3705713047068837,5.129244098141716,0.9783892125527333,131.9005002975464
1780959580.813544,-2.3705713047068837,5.129244098141716,0.9783892125527333,132.00082349777222
1780959580.9131188,-2.3705713047068837,5.129244098141716,0.9783892125527333,132.10039830207825
1780959581.0131507,-2.3705713047068837,5.129244098141716,0.9783892125527333,132.20043015480042
1780959581.1131308,-2.3705713047068837,5.129244098141716,0.9783892125527333,132.30041027069092
1780959581.212896,-2.3705713047068837,5.129244098141716,0.9783892125527333,132.40017557144165
1780959581.3137987,-2.3705713047068837,5.129244098141716,0.9783892125527333,132.5010781288147
1780959581.4131577,-2.3705713047068837,5.129244098141716,0.9783892125527333,132.60043716430664
1780959581.5131311,-2.3705713047068837,5.129244098141716,0.9783892125527333,132.70041060447693
1780959581.6130393,-2.3705713047068837,5.129244098141716,0.9783892125527333,132.80031871795654
1780959581.7129974,-2.3705713047068837,5.129244098141716,0.9783892125527333,132.90027689933777
1780959581.8130403,-2.3705713047068837,5.129244098141716,0.9783892125527333,133.00031971931458
1780959581.9130797,-2.3705713047068837,5.129244098141716,0.9783892125527333,133.10035920143127
1780959582.0138907,-2.3705713047068837,5.129244098141716,0.9783892125527333,133.20117020606995
1780959582.1131203,-2.3705713047068837,5.129244098141716,0.9783892125527333,133.30039978027344
1780959582.2130668,-2.3705713047068837,5.129244098141716,0.9783892125527333,133.4003462791443
1780959582.313142,-2.3705713047068837,5.129244098141716,0.9783892125527333,133.50042152404785
1780959582.4133794,-2.3705713047068837,5.129244098141716,0.9783892125527333,133.6006588935852
1780959582.513133,-2.3705713047068837,5.129244098141716,0.9783892125527333,133.70041251182556
1780959582.61314,-2.3705713047068837,5.129244098141716,0.9783892125527333,133.8004195690155
1780959582.713157,-2.3705713047068837,5.129244098141716,0.9783892125527333,133.9004364013672
1780959582.8131657,-2.3705713047068837,5.129244098141716,0.9783892125527333,134.00044512748718
1780959582.9131558,-2.3705713047068837,5.129244098141716,0.9783892125527333,134.100435256958
1780959583.0130486,-2.3705713047068837,5.129244098141716,0.9783892125527333,134.20032811164856
1780959583.1136115,-2.3705713047068837,5.129244098141716,0.9783892125527333,134.3008909225464
1780959583.213086,-2.3705713047068837,5.129244098141716,0.9783892125527333,134.40036535263062
1780959583.3131528,-2.3705713047068837,5.129244098141716,0.9783892125527333,134.5004322528839
1780959583.4132833,-2.3705713047068837,5.129244098141716,0.9783892125527333,134.60056281089783
1780959583.5131533,-2.3705713047068837,5.129244098141716,0.9783892125527333,134.70043277740479
1780959583.6131096,-2.3705713047068837,5.129244098141716,0.9783892125527333,134.80038905143738
1780959583.7130673,-2.3705713047068837,5.129244098141716,0.9783892125527333,134.90034675598145
1780959583.8131008,-2.3705713047068837,5.129244098141716,0.9783892125527333,135.00038027763367
1780959583.913324,-2.3705713047068837,5.129244098141716,0.9783892125527333,135.10060358047485
1780959584.0130868,-2.3705713047068837,5.129244098141716,0.9783892125527333,135.20036625862122
1780959584.1131396,-2.3705713047068837,5.129244098141716,0.9783892125527333,135.30041909217834
1780959584.213126,-2.3705713047068837,5.129244098141716,0.9783892125527333,135.4004054069519
1780959584.3130472,-2.3705713047068837,5.129244098141716,0.9783892125527333,135.50032663345337
1780959584.4130335,-2.3705713047068837,5.129244098141716,0.9783892125527333,135.60031294822693
1780959584.5132194,-2.3705713047068837,5.129244098141716,0.9783892125527333,135.7004988193512
1780959584.6136024,-2.3705713047068837,5.129244098141716,0.9783892125527333,135.80088186264038
1780959584.7129076,-2.3705713047068837,5.129244098141716,0.9783892125527333,135.90018701553345
1780959584.813133,-2.3705713047068837,5.129244098141716,0.9783892125527333,136.00041246414185
1780959584.9131436,-2.3705713047068837,5.129244098141716,0.9783892125527333,136.10042309761047
1780959585.013509,-2.3705713047068837,5.129244098141716,0.9783892125527333,136.2007884979248
1780959585.1138258,-2.3705713047068837,5.129244098141716,0.9783892125527333,136.301105260849
1780959585.2130554,-2.3705713047068837,5.129244098141716,0.9783892125527333,136.4003348350525
1780959585.31302,-2.3705713047068837,5.129244098141716,0.9783892125527333,136.50029945373535
1780959585.4131503,-2.3705713047068837,5.129244098141716,0.9783892125527333,136.6004297733307
1780959585.5130234,-2.3705713047068837,5.129244098141716,0.9783892125527333,136.70030283927917
1780959585.6131165,-2.3705713047068837,5.129244098141716,0.9783892125527333,136.80039596557617
1780959585.7131379,-2.3705713047068837,5.129244098141716,0.9783892125527333,136.90041732788086
1780959585.8130732,-2.3705713047068837,5.129244098141716,0.9783892125527333,137.0003526210785
1780959585.913023,-2.3705713047068837,5.129244098141716,0.9783892125527333,137.10030245780945
1780959586.013163,-2.3705713047068837,5.129244098141716,0.9783892125527333,137.20044255256653
1780959586.1131704,-2.3705713047068837,5.129244098141716,0.9783892125527333,137.30044984817505
1780959586.2130435,-2.3705713047068837,5.129244098141716,0.9783892125527333,137.40032291412354
1780959586.3129528,-2.3705713047068837,5.129244098141716,0.9783892125527333,137.50023221969604
1780959586.4130483,-2.3705713047068837,5.129244098141716,0.9783892125527333,137.60032773017883
1780959586.513176,-2.3705713047068837,5.129244098141716,0.9783892125527333,137.7004554271698
1780959586.6130507,-2.3705713047068837,5.129244098141716,0.9783892125527333,137.80033016204834
1780959586.7131217,-2.3705713047068837,5.129244098141716,0.9783892125527333,137.90040111541748
1780959586.8132129,-2.3705713047068837,5.129244098141716,0.9783892125527333,138.00049233436584
1780959586.913066,-2.3705713047068837,5.129244098141716,0.9783892125527333,138.1003453731537
1780959587.0130446,-2.3705713047068837,5.129244098141716,0.9783892125527333,138.20032405853271
1780959587.1133235,-2.3705713047068837,5.129244098141716,0.9783892125527333,138.30060291290283
1780959587.2132585,-2.3705713047068837,5.129244098141716,0.9783892125527333,138.40053796768188
1780959587.3129556,-2.3705713047068837,5.129244098141716,0.9783892125527333,138.500235080719
1780959587.413148,-2.3705713047068837,5.129244098141716,0.9783892125527333,138.6004273891449
1780959587.5128303,-2.3705713047068837,5.129244098141716,0.9783892125527333,138.7001097202301
1780959587.6134045,-2.3705713047068837,5.129244098141716,0.9783892125527333,138.80068397521973
1780959587.713272,-2.3705713047068837,5.129244098141716,0.9783892125527333,138.9005515575409
1780959587.8133833,-2.3705713047068837,5.129244098141716,0.9783892125527333,139.0006628036499
1780959587.9131167,-2.3705713047068837,5.129244098141716,0.9783892125527333,139.10039615631104
1780959588.0132375,-2.3705713047068837,5.129244098141716,0.9783892125527333,139.2005169391632
1780959588.1129992,-2.3705713047068837,5.129244098141716,0.9783892125527333,139.30027866363525
1780959588.2131424,-2.3705713047068837,5.129244098141716,0.9783892125527333,139.40042185783386
1780959588.3130121,-2.3705713047068837,5.129244098141716,0.9783892125527333,139.50029158592224
1780959588.4132373,-2.3705713047068837,5.129244098141716,0.9783892125527333,139.60051679611206
1780959588.5130837,-2.3705713047068837,5.129244098141716,0.9783892125527333,139.7003631591797
1780959588.6144714,-2.3705713047068837,5.129244098141716,0.9783892125527333,139.8017508983612
1780959588.7131543,-2.3705713047068837,5.129244098141716,0.9783892125527333,139.90043377876282
1780959588.8142953,-2.3705713047068837,5.129244098141716,0.9783892125527333,140.00157475471497
1780959588.9131413,-2.3705713047068837,5.129244098141716,0.9783892125527333,140.10042071342468
1780959589.0131211,-2.3705713047068837,5.129244098141716,0.9783892125527333,140.2004005908966
1780959589.1132033,-2.3705713047068837,5.129244098141716,0.9783892125527333,140.30048274993896
1780959589.2133458,-2.3705713047068837,5.129244098141716,0.9783892125527333,140.40062522888184
1780959589.31303,-2.3705713047068837,5.129244098141716,0.9783892125527333,140.50030946731567
1780959589.4129665,-2.3705713047068837,5.129244098141716,0.9783892125527333,140.6002459526062
1780959589.513099,-2.3705713047068837,5.129244098141716,0.9783892125527333,140.70037841796875
1780959589.613002,-2.3705713047068837,5.129244098141716,0.9783892125527333,140.8002815246582
1780959589.7130928,-2.3705713047068837,5.129244098141716,0.9783892125527333,140.9003722667694
1780959589.8130941,-2.3705713047068837,5.129244098141716,0.9783892125527333,141.00037360191345
1780959589.913114,-2.3705713047068837,5.129244098141716,0.9783892125527333,141.10039353370667
1780959590.0132306,-2.4293464355735814,5.086414018713521,0.8384078221933889,141.2005100250244
1780959590.1134236,-2.4565717739989736,5.059438455628064,0.7088054006695562,141.30070304870605
1780959590.2134893,-2.469072960241554,5.041666749509004,0.5913623435671845,141.40076875686646
1780959590.3134959,-2.4926972964828367,5.017972180791407,0.4909121013425895,141.50077533721924
1780959590.413649,-2.517368294432175,4.992009977524563,0.40424533396432116,141.60092854499817
1780959590.5134878,-2.571175752552579,4.9628890509939065,0.33541122759120184,141.70076727867126
1780959590.6131313,-2.571175752552579,4.9628890509939065,0.33541122759120184,141.80041074752808
1780959590.714302,-2.557017573416335,4.965615787356179,0.30221467740518826,141.9015815258026
1780959590.8133452,-2.551756746000002,4.971182035488909,0.27421386309124074,142.00062465667725
1780959590.9134548,-2.5984696762980084,4.951389115301719,0.25995189055620227,142.1007342338562
1780959591.0133538,-2.6406558423668787,4.933512584456893,0.24744537710921027,142.2006332874298
1780959591.1130996,-2.6406558423668787,4.933512584456893,0.24744537710921027,142.30037903785706
1780959591.2131732,-2.6406558423668787,4.933512584456893,0.24744537710921027,142.40045261383057
1780959591.313211,-2.6406558423668787,4.933512584456893,0.24744537710921027,142.5004904270172
1780959591.4131248,-2.6406558423668787,4.933512584456893,0.24744537710921027,142.60040426254272
1780959591.513094,-2.6406558423668787,4.933512584456893,0.24744537710921027,142.7003734111786
1780959591.6131105,-2.6406558423668787,4.933512584456893,0.24744537710921027,142.8003900051117
1780959591.7132344,-2.6406558423668787,4.933512584456893,0.24744537710921027,142.9005138874054
1780959591.813085,-2.6406558423668787,4.933512584456893,0.24744537710921027,143.00036454200745
1780959591.9130783,-2.6406558423668787,4.933512584456893,0.24744537710921027,143.1003577709198
1780959592.0140152,-2.6406558423668787,4.933512584456893,0.24744537710921027,143.20129466056824
1780959592.1135926,-2.6406558423668787,4.933512584456893,0.24744537710921027,143.30087208747864
1780959592.2132156,-2.6406558423668787,4.933512584456893,0.24744537710921027,143.40049505233765
1780959592.3139122,-2.6406558423668787,4.933512584456893,0.24744537710921027,143.50119161605835
1780959592.4132247,-2.6406558423668787,4.933512584456893,0.24744537710921027,143.60050415992737
1780959592.513111,-2.6406558423668787,4.933512584456893,0.24744537710921027,143.70039057731628
1780959592.6132314,-2.6406558423668787,4.933512584456893,0.24744537710921027,143.8005108833313
1780959592.713155,-2.6406558423668787,4.933512584456893,0.24744537710921027,143.90043449401855
1780959592.8131423,-2.6406558423668787,4.933512584456893,0.24744537710921027,144.00042176246643
1780959592.9131148,-2.6406558423668787,4.933512584456893,0.24744537710921027,144.1003942489624
1780959593.0129988,-2.6406558423668787,4.933512584456893,0.24744537710921027,144.20027828216553
1780959593.113132,-2.6406558423668787,4.933512584456893,0.24744537710921027,144.3004114627838
1780959593.2131073,-2.6406558423668787,4.933512584456893,0.24744537710921027,144.40038681030273
1780959593.313263,-2.6406558423668787,4.933512584456893,0.24744537710921027,144.50054240226746
1780959593.4131186,-2.6406558423668787,4.933512584456893,0.24744537710921027,144.60039806365967
1780959593.5131357,-2.6406558423668787,4.933512584456893,0.24744537710921027,144.70041513442993
1780959593.6130502,-2.6406558423668787,4.933512584456893,0.24744537710921027,144.80032968521118
1780959593.713434,-2.6406558423668787,4.933512584456893,0.24744537710921027,144.9007134437561
1780959593.8130715,-2.6406558423668787,4.933512584456893,0.24744537710921027,145.00035095214844
1780959593.913144,-2.6406558423668787,4.933512584456893,0.24744537710921027,145.10042357444763
1780959594.0134685,-2.6406558423668787,4.933512584456893,0.24744537710921027,145.20074796676636
1780959594.1131337,-2.6406558423668787,4.933512584456893,0.24744537710921027,145.30041313171387
1780959594.2127345,-2.6406558423668787,4.933512584456893,0.24744537710921027,145.40001392364502
1780959594.313136,-2.6406558423668787,4.933512584456893,0.24744537710921027,145.50041556358337
1780959594.412816,-2.6406558423668787,4.933512584456893,0.24744537710921027,145.6000955104828
1780959594.5130472,-2.6406558423668787,4.933512584456893,0.24744537710921027,145.70032668113708
1780959594.6134834,-2.6406558423668787,4.933512584456893,0.24744537710921027,145.8007628917694
1780959594.713201,-2.6406558423668787,4.933512584456893,0.24744537710921027,145.90048050880432
1780959594.813207,-2.6406558423668787,4.933512584456893,0.24744537710921027,146.00048637390137
1780959594.9131525,-2.6406558423668787,4.933512584456893,0.24744537710921027,146.1004319190979
1780959595.0131953,-2.6406558423668787,4.933512584456893,0.24744537710921027,146.2004747390747
1780959595.1130188,-2.6406558423668787,4.933512584456893,0.24744537710921027,146.30029821395874
1780959595.2139778,-2.6406558423668787,4.933512584456893,0.24744537710921027,146.40125727653503
1780959595.3134897,-2.6406558423668787,4.933512584456893,0.24744537710921027,146.50076913833618
1780959595.4131598,-2.6406558423668787,4.933512584456893,0.24744537710921027,146.60043931007385
1780959595.513044,-2.6406558423668787,4.933512584456893,0.24744537710921027,146.70032358169556
1780959595.6128585,-2.6406558423668787,4.933512584456893,0.24744537710921027,146.80013799667358
1780959595.7138019,-2.6406558423668787,4.933512584456893,0.24744537710921027,146.90108132362366
1780959595.8137565,-2.6406558423668787,4.933512584456893,0.24744537710921027,147.0010359287262
1780959595.9131045,-2.6406558423668787,4.933512584456893,0.24744537710921027,147.1003839969635
1780959596.0131702,-2.6406558423668787,4.933512584456893,0.24744537710921027,147.2004497051239
1780959596.1128047,-2.6406558423668787,4.933512584456893,0.24744537710921027,147.3000841140747
1780959596.212746,-2.6406558423668787,4.933512584456893,0.24744537710921027,147.40002536773682
1780959596.3132677,-2.6406558423668787,4.933512584456893,0.24744537710921027,147.50054717063904
1780959596.4130805,-2.6406558423668787,4.933512584456893,0.24744537710921027,147.600359916687
1780959596.5130875,-2.6406558423668787,4.933512584456893,0.24744537710921027,147.70036697387695
1780959596.6131227,-2.6406558423668787,4.933512584456893,0.24744537710921027,147.80040216445923
1780959596.7130752,-2.6406558423668787,4.933512584456893,0.24744537710921027,147.90035462379456
1780959596.81316,-2.6406558423668787,4.933512584456893,0.24744537710921027,148.00043940544128
1780959596.913126,-2.6406558423668787,4.933512584456893,0.24744537710921027,148.10040545463562
1780959597.0130837,-2.6406558423668787,4.933512584456893,0.24744537710921027,148.2003631591797
1780959597.1136441,-2.6406558423668787,4.933512584456893,0.24744537710921027,148.30092358589172
1780959597.2131684,-2.6406558423668787,4.933512584456893,0.24744537710921027,148.40044784545898
1780959597.313212,-2.6406558423668787,4.933512584456893,0.24744537710921027,148.50049138069153
1780959597.413168,-2.6406558423668787,4.933512584456893,0.24744537710921027,148.60044741630554
1780959597.513319,-2.6406558423668787,4.933512584456893,0.24744537710921027,148.70059847831726
1780959597.613087,-2.6406558423668787,4.933512584456893,0.24744537710921027,148.80036640167236
1780959597.7130353,-2.6406558423668787,4.933512584456893,0.24744537710921027,148.90031480789185
1780959597.813112,-2.6406558423668787,4.933512584456893,0.24744537710921027,149.00039148330688
1780959597.9131434,-2.6406558423668787,4.933512584456893,0.24744537710921027,149.1004228591919
1780959598.0129836,-2.6406558423668787,4.933512584456893,0.24744537710921027,149.20026302337646
1780959598.1130362,-2.6406558423668787,4.933512584456893,0.24744537710921027,149.30031561851501
1780959598.213157,-2.6406558423668787,4.933512584456893,0.24744537710921027,149.4004364013672
1780959598.3130472,-2.6406558423668787,4.933512584456893,0.24744537710921027,149.50032663345337
1780959598.4130237,-2.6406558423668787,4.933512584456893,0.24744537710921027,149.60030317306519
1780959598.513107,-2.6406558423668787,4.933512584456893,0.24744537710921027,149.70038652420044
1780959598.6131191,-2.6406558423668787,4.933512584456893,0.24744537710921027,149.80039858818054
1780959598.7131913,-2.6406558423668787,4.933512584456893,0.24744537710921027,149.90047073364258
1780959598.8131645,-2.6406558423668787,4.933512584456893,0.24744537710921027,150.0004439353943
1780959598.9131575,-2.6406558423668787,4.933512584456893,0.24744537710921027,150.10043692588806
1780959599.013091,-2.6406558423668787,4.933512584456893,0.24744537710921027,150.20037055015564
1780959599.1131887,-2.6406558423668787,4.933512584456893,0.24744537710921027,150.30046820640564
1780959599.2131584,-2.6406558423668787,4.933512584456893,0.24744537710921027,150.40043783187866
1780959599.312925,-2.6406558423668787,4.933512584456893,0.24744537710921027,150.50020456314087
1780959599.4131181,-2.6406558423668787,4.933512584456893,0.24744537710921027,150.6003975868225
1780959599.5129576,-2.6406558423668787,4.933512584456893,0.24744537710921027,150.70023703575134
1780959599.6130462,-2.6406558423668787,4.933512584456893,0.24744537710921027,150.80032563209534
1780959599.7133114,-2.6406558423668787,4.933512584456893,0.24744537710921027,150.90059089660645
1780959599.8132246,-2.6406558423668787,4.933512584456893,0.24744537710921027,151.00050401687622
1780959599.913148,-2.6406558423668787,4.933512584456893,0.24744537710921027,151.1004273891449
1780959600.013139,-2.6406558423668787,4.933512584456893,0.24744537710921027,151.20041847229004
1780959600.1130192,-2.6406558423668787,4.933512584456893,0.24744537710921027,151.3002986907959
1780959600.213096,-2.6406558423668787,4.933512584456893,0.24744537710921027,151.40037536621094
1780959600.313045,-2.6406558423668787,4.933512584456893,0.24744537710921027,151.50032448768616
1780959600.412818,-2.6406558423668787,4.933512584456893,0.24744537710921027,151.60009741783142
1780959600.5129523,-2.6406558423668787,4.933512584456893,0.24744537710921027,151.7002317905426
1780959600.6130967,-2.6406558423668787,4.933512584456893,0.24744537710921027,151.8003761768341
1780959600.71315,-2.6406558423668787,4.933512584456893,0.24744537710921027,151.9004294872284
1780959600.8134265,-2.6406558423668787,4.933512584456893,0.24744537710921027,152.00070595741272
1780959600.9131618,-2.6406558423668787,4.933512584456893,0.24744537710921027,152.10044121742249
1780959601.0131607,-2.6406558423668787,4.933512584456893,0.24744537710921027,152.20044016838074
1780959601.113019,-2.6406558423668787,4.933512584456893,0.24744537710921027,152.30029845237732
1780959601.2129085,-2.6406558423668787,4.933512584456893,0.24744537710921027,152.40018796920776
1780959601.31289,-2.6406558423668787,4.933512584456893,0.24744537710921027,152.50016951560974
1780959601.4131987,-2.6406558423668787,4.933512584456893,0.24744537710921027,152.60047817230225
1780959601.513077,-2.6406558423668787,4.933512584456893,0.24744537710921027,152.70035648345947
1780959601.6130955,-2.6406558423668787,4.933512584456893,0.24744537710921027,152.8003749847412
1780959601.7131274,-2.6406558423668787,4.933512584456893,0.24744537710921027,152.90040683746338
1780959601.813156,-2.6406558423668787,4.933512584456893,0.24744537710921027,153.00043535232544
1780959601.9137483,-2.6406558423668787,4.933512584456893,0.24744537710921027,153.10102772712708
1780959602.013767,-2.6406558423668787,4.933512584456893,0.24744537710921027,153.2010464668274
1780959602.1130054,-2.6406558423668787,4.933512584456893,0.24744537710921027,153.3002848625183
1780959602.2131207,-2.6406558423668787,4.933512584456893,0.24744537710921027,153.40040016174316
1780959602.313111,-2.6406558423668787,4.933512584456893,0.24744537710921027,153.50039052963257
1780959602.413181,-2.6406558423668787,4.933512584456893,0.24744537710921027,153.6004605293274
1780959602.5131032,-2.6406558423668787,4.933512584456893,0.24744537710921027,153.70038270950317
1780959602.6130857,-2.6406558423668787,4.933512584456893,0.24744537710921027,153.80036520957947
1780959602.713136,-2.6406558423668787,4.933512584456893,0.24744537710921027,153.90041542053223
1780959602.8132021,-2.6406558423668787,4.933512584456893,0.24744537710921027,154.00048160552979
1780959602.9132156,-2.6406558423668787,4.933512584456893,0.24744537710921027,154.10049510002136
1780959603.0131197,-2.6406558423668787,4.933512584456893,0.24744537710921027,154.20039916038513
1780959603.1131706,-2.6406558423668787,4.933512584456893,0.24744537710921027,154.30045008659363
1780959603.2136152,-2.6406558423668787,4.933512584456893,0.24744537710921027,154.40089464187622
1780959603.3131633,-2.6406558423668787,4.933512584456893,0.24744537710921027,154.5004427433014
1780959603.4131286,-2.6406558423668787,4.933512584456893,0.24744537710921027,154.60040807724
1780959603.5131414,-2.6406558423668787,4.933512584456893,0.24744537710921027,154.70042085647583
1780959603.6131532,-2.6406558423668787,4.933512584456893,0.24744537710921027,154.80043268203735
1780959603.7133796,-2.6406558423668787,4.933512584456893,0.24744537710921027,154.90065908432007
1780959603.8131056,-2.6406558423668787,4.933512584456893,0.24744537710921027,155.00038504600525
1780959603.913555,-2.6406558423668787,4.933512584456893,0.24744537710921027,155.10083436965942
1780959604.012831,-2.6406558423668787,4.933512584456893,0.24744537710921027,155.20011043548584
1780959604.1130643,-2.6406558423668787,4.933512584456893,0.24744537710921027,155.30034375190735
1780959604.2131531,-2.6406558423668787,4.933512584456893,0.24744537710921027,155.40043258666992
1780959604.312972,-2.6406558423668787,4.933512584456893,0.24744537710921027,155.50025153160095
1780959604.4130352,-2.6406558423668787,4.933512584456893,0.24744537710921027,155.60031461715698
1780959604.513123,-2.6406558423668787,4.933512584456893,0.24744537710921027,155.70040249824524
1780959604.612999,-2.6406558423668787,4.933512584456893,0.24744537710921027,155.80027842521667
1780959604.7141027,-2.6406558423668787,4.933512584456893,0.24744537710921027,155.90138220787048
1780959604.8130586,-2.6406558423668787,4.933512584456893,0.24744537710921027,156.00033807754517
1780959604.913029,-2.6406558423668787,4.933512584456893,0.24744537710921027,156.10030841827393
1780959605.0130858,-2.6406558423668787,4.933512584456893,0.24744537710921027,156.2003653049469
1780959605.113125,-2.6406558423668787,4.933512584456893,0.24744537710921027,156.30040454864502
1780959605.2131052,-2.6406558423668787,4.933512584456893,0.24744537710921027,156.40038466453552
1780959605.3131022,-2.6406558423668787,4.933512584456893,0.24744537710921027,156.50038170814514
1780959605.4129117,-2.6406558423668787,4.933512584456893,0.24744537710921027,156.600191116333
1780959605.5130959,-2.6406558423668787,4.933512584456893,0.24744537710921027,156.70037531852722
1780959605.613258,-2.6406558423668787,4.933512584456893,0.24744537710921027,156.80053734779358
1780959605.713515,-2.6406558423668787,4.933512584456893,0.24744537710921027,156.900794506073
1780959605.8133461,-2.6406558423668787,4.933512584456893,0.24744537710921027,157.00062561035156
1780959605.9131868,-2.6406558423668787,4.933512584456893,0.24744537710921027,157.1004662513733
1780959606.013099,-2.6406558423668787,4.933512584456893,0.24744537710921027,157.20037841796875
1780959606.1131365,-2.6406558423668787,4.933512584456893,0.24744537710921027,157.30041599273682
1780959606.213591,-2.6406558423668787,4.933512584456893,0.24744537710921027,157.40087056159973
1780959606.3131318,-2.6406558423668787,4.933512584456893,0.24744537710921027,157.50041127204895
1780959606.4130595,-2.6406558423668787,4.933512584456893,0.24744537710921027,157.60033893585205
1780959606.5131094,-2.6406558423668787,4.933512584456893,0.24744537710921027,157.70038890838623
1780959606.6131303,-2.6406558423668787,4.933512584456893,0.24744537710921027,157.80040979385376
1780959606.7135055,-2.5857820355705803,4.972945244654967,0.3245525187499518,157.90078496932983
1780959606.8132894,-2.50449860676066,5.020062389098088,0.38849266273232624,158.00056886672974
1780959606.9133937,-2.50488593338985,5.015612107712343,0.4609077271653375,158.10067319869995
1780959607.0142543,-2.514197858656508,5.0089916290274585,0.5273436449957164,158.20153379440308
1780959607.1133113,-2.4747191207727433,5.028230323159452,0.5781269207638221,158.3005907535553
1780959607.2143962,-2.4658153404823526,5.025571015943194,0.6286678653478237,158.40167570114136
1780959607.3137672,-2.4586780341073853,5.02083954858982,0.673698448563394,158.50104665756226
1780959607.4137745,-2.468601134490727,5.017521548465717,0.7164941302567245,158.60105395317078
1780959607.5137873,-2.3974977565303486,5.052721183755721,0.7396517624504441,158.70106673240662
1780959607.613436,-2.409671325178167,5.049662071241302,0.7739246618068245,158.80071544647217
1780959607.7134907,-2.418599643110569,5.046623957516473,0.8042512253887122,158.90077018737793
1780959607.8135483,-2.424598744003868,5.045299768321002,0.8300357126718955,159.00082778930664
1780959607.9135587,-2.432458139022667,5.0413165062579814,0.8534896797567035,159.1008381843567
1780959608.013638,-2.396620916959587,5.06038142109188,0.8653153139583708,159.2009174823761
1780959608.1133554,-2.3582099839245165,5.085762760432859,0.8740669649474077,159.30063486099243
1780959608.2132282,-2.3572322804533568,5.089864577978353,0.8884319360069117,159.40050768852234
1780959608.3134513,-2.3508631036841856,5.097173292325463,0.8992480980272337,159.50073075294495
1780959608.4142756,-2.342728746658514,5.1037091227407325,0.9076514857626992,159.60155510902405
1780959608.514285,-2.3252571387066236,5.103268203686711,0.9137514040090717,159.70156455039978
1780959608.6134822,-2.3321715752468566,5.096448009196761,0.9226539434669488,159.8007616996765
1780959608.7134655,-2.336579917772141,5.0824022699700295,0.9305838314739334,159.90074491500854
1780959608.8135328,-2.3356275781666747,5.081624339003969,0.9357098017380557,160.000812292099
1780959608.913625,-2.3198466909246593,5.084634435134152,0.9377001022298057,160.10090446472168
1780959609.0136423,-2.3221989107245005,5.072165215518591,0.9425352188535785,160.20092177391052
1780959609.113458,-2.304854114265552,5.074807175327007,0.9429317561853082,160.30073738098145
1780959609.2133389,-2.2947221604512924,5.072841151466349,0.9439825440352274,160.40061831474304
1780959609.3133116,-2.2825200247643616,5.073209603600729,0.9438269942878015,160.5005910396576
1780959609.4136438,-2.274124515582305,5.069602742649351,0.9444929718844525,160.60092329978943
1780959609.5134478,-2.265594569208744,5.063169122013989,0.9446197189263998,160.70072722434998
1780959609.613503,-2.2650528554217466,5.0572688414837055,0.9465916307049815,160.8007824420929
1780959609.7134807,-2.2563798079215083,5.057603047064929,0.9464138023258479,160.9007601737976
1780959609.8134725,-2.242707409031683,5.05826452926663,0.9456478758181703,161.0007519721985
1780959609.9134445,-2.226689510896252,5.061675949506852,0.9439925182564428,161.1007239818573
1780959610.0134518,-2.213117914028612,5.060201533201571,0.9432590623487778,161.20073127746582
1780959610.113471,-2.1885556417263308,5.065196585094466,0.9401676962038475,161.3007504940033
1780959610.2134106,-2.1725054008069886,5.0681099105056555,0.9388337880349422,161.40069007873535
1780959610.3135006,-2.1633625804956917,5.06765079023519,0.9391789385906817,161.50078010559082
1780959610.4134996,-2.1537959261449457,5.069875790424338,0.9389586673021039,161.60077905654907
1780959610.5131721,-2.1537959261449457,5.069875790424338,0.9389586673021039,161.70045161247253
1780959610.612973,-2.1537959261449457,5.069875790424338,0.9389586673021039,161.80025243759155
1780959610.7131977,-2.1537959261449457,5.069875790424338,0.9389586673021039,161.9004771709442
1780959610.813112,-2.1537959261449457,5.069875790424338,0.9389586673021039,162.00039148330688
1780959610.9131615,-2.1537959261449457,5.069875790424338,0.9389586673021039,162.1004409790039
1780959611.0133429,-2.1567381262017737,5.075371677555979,0.9350063540689507,162.20062232017517
1780959611.1135488,-2.1458839395833955,5.084838112599404,0.9287961160181476,162.30082821846008
1780959611.2132719,-2.139316734572669,5.0903671390213985,0.9237780802261211,162.40055131912231
1780959611.3134365,-2.1385018478497404,5.090241788846331,0.92040255510343,162.50071597099304
1780959611.4136097,-2.143491108519946,5.086807093748981,0.918677723079476,162.60088920593262
1780959611.5134807,-2.140143999271986,5.090539218553014,0.9154096882272448,162.7007601261139
1780959611.613087,-2.1250530926628817,5.098987173584741,0.910417746483694,162.80036640167236
1780959611.7130592,-2.1250530926628817,5.098987173584741,0.910417746483694,162.90033864974976
1780959611.813149,-2.1250530926628817,5.098987173584741,0.910417746483694,163.00042843818665
1780959611.9133828,-2.1250530926628817,5.098987173584741,0.910417746483694,163.1006622314453
1780959612.01312,-2.1250530926628817,5.098987173584741,0.910417746483694,163.2003993988037
1780959612.1130733,-2.1250530926628817,5.098987173584741,0.910417746483694,163.30035281181335
1780959612.213203,-2.1250530926628817,5.098987173584741,0.910417746483694,163.40048241615295
1780959612.3131506,-2.1250530926628817,5.098987173584741,0.910417746483694,163.5004301071167
1780959612.413193,-2.1250530926628817,5.098987173584741,0.910417746483694,163.60047245025635
1780959612.5130205,-2.1250530926628817,5.098987173584741,0.910417746483694,163.70029997825623
1780959612.6130197,-2.1250530926628817,5.098987173584741,0.910417746483694,163.80029916763306
1780959612.7130756,-2.1250530926628817,5.098987173584741,0.910417746483694,163.9003551006317
1780959612.8132806,-2.1250530926628817,5.098987173584741,0.910417746483694,164.0005600452423
1780959612.9131243,-2.1250530926628817,5.098987173584741,0.910417746483694,164.10040378570557
1780959613.014052,-2.1250530926628817,5.098987173584741,0.910417746483694,164.20133137702942
1780959613.1131256,-2.1250530926628817,5.098987173584741,0.910417746483694,164.30040502548218
1780959613.2131147,-2.1250530926628817,5.098987173584741,0.910417746483694,164.4003942012787
1780959613.313146,-2.1250530926628817,5.098987173584741,0.910417746483694,164.5004255771637
1780959613.413147,-2.1250530926628817,5.098987173584741,0.910417746483694,164.60042643547058
1780959613.5130053,-2.1250530926628817,5.098987173584741,0.910417746483694,164.70028471946716
1780959613.613171,-2.1250530926628817,5.098987173584741,0.910417746483694,164.8004505634308
1780959613.7132378,-2.1250530926628817,5.098987173584741,0.910417746483694,164.9005172252655
1780959613.8131201,-2.1250530926628817,5.098987173584741,0.910417746483694,165.00039958953857
1780959613.9130733,-2.1250530926628817,5.098987173584741,0.910417746483694,165.10035276412964
1780959614.014016,-2.1250530926628817,5.098987173584741,0.910417746483694,165.20129537582397
1780959614.1131928,-2.1250530926628817,5.098987173584741,0.910417746483694,165.30047225952148
1780959614.213078,-2.1250530926628817,5.098987173584741,0.910417746483694,165.4003574848175
1780959614.3132703,-2.1250530926628817,5.098987173584741,0.910417746483694,165.5005497932434
1780959614.41309,-2.1250530926628817,5.098987173584741,0.910417746483694,165.60036945343018
1780959614.512899,-2.1250530926628817,5.098987173584741,0.910417746483694,165.70017838478088
1780959614.6129944,-2.1250530926628817,5.098987173584741,0.910417746483694,165.80027389526367
1780959614.7131379,-2.1250530926628817,5.098987173584741,0.910417746483694,165.90041732788086
1780959614.81321,-2.1250530926628817,5.098987173584741,0.910417746483694,166.0004894733429
1780959614.9131055,-2.1250530926628817,5.098987173584741,0.910417746483694,166.10038495063782
1780959615.013044,-2.1250530926628817,5.098987173584741,0.910417746483694,166.20032358169556
1780959615.1132376,-2.1250530926628817,5.098987173584741,0.910417746483694,166.30051708221436
1780959615.2130163,-2.1250530926628817,5.098987173584741,0.910417746483694,166.40029573440552
1780959615.3131292,-2.1250530926628817,5.098987173584741,0.910417746483694,166.50040864944458
1780959615.4132166,-2.1250530926628817,5.098987173584741,0.910417746483694,166.60049605369568
1780959615.5131588,-2.1250530926628817,5.098987173584741,0.910417746483694,166.7004382610321
1780959615.613121,-2.1250530926628817,5.098987173584741,0.910417746483694,166.80040049552917
1780959615.713312,-2.1250530926628817,5.098987173584741,0.910417746483694,166.9005913734436
1780959615.813139,-2.1250530926628817,5.098987173584741,0.910417746483694,167.00041842460632
1780959615.9132023,-2.1250530926628817,5.098987173584741,0.910417746483694,167.10048174858093
1780959616.012997,-2.1250530926628817,5.098987173584741,0.910417746483694,167.2002763748169
1780959616.1133096,-2.1250530926628817,5.098987173584741,0.910417746483694,167.30058908462524
1780959616.2129042,-2.1250530926628817,5.098987173584741,0.910417746483694,167.40018367767334
1780959616.3131175,-2.1250530926628817,5.098987173584741,0.910417746483694,167.5003969669342
1780959616.4131334,-2.1250530926628817,5.098987173584741,0.910417746483694,167.60041284561157
1780959616.5131152,-2.1250530926628817,5.098987173584741,0.910417746483694,167.70039463043213
1780959616.6132224,-2.1250530926628817,5.098987173584741,0.910417746483694,167.8005018234253
1780959616.7139993,-2.1250530926628817,5.098987173584741,0.910417746483694,167.90127873420715
1780959616.8129802,-2.1250530926628817,5.098987173584741,0.910417746483694,168.00025963783264
1780959616.913182,-2.1250530926628817,5.098987173584741,0.910417746483694,168.1004614830017
1780959617.013211,-2.1250530926628817,5.098987173584741,0.910417746483694,168.20049047470093
1780959617.1130047,-2.1250530926628817,5.098987173584741,0.910417746483694,168.30028414726257
1780959617.2131143,-2.1250530926628817,5.098987173584741,0.910417746483694,168.40039372444153
1780959617.3131216,-2.1250530926628817,5.098987173584741,0.910417746483694,168.50040102005005
1780959617.4131303,-2.1250530926628817,5.098987173584741,0.910417746483694,168.60040974617004
1780959617.5131361,-2.1250530926628817,5.098987173584741,0.910417746483694,168.7004156112671
1780959617.613238,-2.1250530926628817,5.098987173584741,0.910417746483694,168.8005175590515
1780959617.7130096,-2.1250530926628817,5.098987173584741,0.910417746483694,168.9002890586853
1780959617.8131099,-2.1250530926628817,5.098987173584741,0.910417746483694,169.00038933753967
1780959617.913025,-2.1250530926628817,5.098987173584741,0.910417746483694,169.10030436515808
1780959618.0128753,-2.1250530926628817,5.098987173584741,0.910417746483694,169.20015478134155
1780959618.1134682,-2.1250530926628817,5.098987173584741,0.910417746483694,169.30074763298035
1780959618.21308,-2.1250530926628817,5.098987173584741,0.910417746483694,169.40035939216614
1780959618.3130174,-2.1250530926628817,5.098987173584741,0.910417746483694,169.50029683113098
1780959618.413163,-2.1250530926628817,5.098987173584741,0.910417746483694,169.60044240951538
1780959618.5132089,-2.1250530926628817,5.098987173584741,0.910417746483694,169.70048832893372
1780959618.613107,-2.1250530926628817,5.098987173584741,0.910417746483694,169.800386428833
1780959618.7131402,-2.1250530926628817,5.098987173584741,0.910417746483694,169.90041971206665
1780959618.81312,-2.1250530926628817,5.098987173584741,0.910417746483694,170.00039935112
1780959618.913088,-2.1250530926628817,5.098987173584741,0.910417746483694,170.10036754608154
1780959619.0131202,-2.1250530926628817,5.098987173584741,0.910417746483694,170.2003996372223
1780959619.1131306,-2.1250530926628817,5.098987173584741,0.910417746483694,170.30041003227234
1780959619.2131948,-2.1250530926628817,5.098987173584741,0.910417746483694,170.40047430992126
1780959619.3131356,-2.1250530926628817,5.098987173584741,0.910417746483694,170.50041508674622
1780959619.4131083,-2.1250530926628817,5.098987173584741,0.910417746483694,170.60038781166077
1780959619.5131338,-2.1250530926628817,5.098987173584741,0.910417746483694,170.7004132270813
1780959619.6130404,-2.1250530926628817,5.098987173584741,0.910417746483694,170.80031991004944
1780959619.7130797,-2.1250530926628817,5.098987173584741,0.910417746483694,170.90035915374756
1780959619.813111,-2.1250530926628817,5.098987173584741,0.910417746483694,171.00039052963257
1780959619.9135149,-2.1250530926628817,5.098987173584741,0.910417746483694,171.10079431533813
1780959620.0131755,-2.1250530926628817,5.098987173584741,0.910417746483694,171.20045495033264
