t,x,y,z,yaw,time_s
1780959449.1449986,5.002702059443555,-2.9868205318300385,0.21838518105931964,-0.3802698451252131,0.3322780132293701
1780959449.1760447,5.002710875736728,-2.98680272174811,0.2183920098906956,-0.37819574075512064,0.3633241653442383
1780959449.2170873,5.002697358895512,-2.9867370961389073,0.21843122274679164,-0.37620018363393637,0.40436673164367676
1780959449.2470732,5.002678749253719,-2.986660304593372,0.21838033948402344,-0.3742206183910022,0.4343526363372803
1780959449.2928708,5.002679817053158,-2.986645619723744,0.21843200949796465,-0.3721521262585554,0.4801502227783203
1780959449.3315823,5.002664431843954,-2.986593711223425,0.21843690369919744,-0.3701382787117966,0.5188617706298828
1780959449.3714693,5.0026407729690625,-2.9865232375132527,0.21838176518899308,-0.36815968883827344,0.558748722076416
1780959449.4144318,5.002628164726304,-2.9864919874183626,0.2184010911019898,-0.36612027198878794,0.6017112731933594
1780959449.4586442,5.0026183529468105,-2.9864763203199356,0.21842513995167015,-0.3640620547243625,0.6459236145019531
1780959449.4880266,5.002577411681327,-2.9863803948659666,0.21836088560992548,-0.36212982065489463,0.6753060817718506
1780959449.529555,5.00257367857653,-2.9863911137390806,0.21833869672029083,-0.36003509266119593,0.716834545135498
1780959449.5646,5.002529764527065,-2.986302649322794,0.21833728133589547,-0.3580958960394267,0.7518794536590576
1780959449.6093886,5.002517760730762,-2.986310749961354,0.21839826273991056,-0.35601308365800044,0.7966680526733398
1780959449.6513875,5.002478479520125,-2.9862446291284264,0.21836450667130744,-0.3540470747967217,0.8386669158935547
1780959449.6873925,5.002463528543073,-2.986254097971773,0.21835877248684468,-0.3519669793632514,0.8746719360351562
1780959449.7296414,5.002414085118947,-2.9861742890952447,0.2183207890615942,-0.35002917803649014,0.9169209003448486
1780959449.7718651,5.002381336867842,-2.986145744239021,0.2182986791453595,-0.3480115229874694,0.9591445922851562
1780959449.8191895,5.002346940005967,-2.986120415730028,0.21829960442371335,-0.3459983209171309,1.0064690113067627
1780959449.8610678,5.002302944050834,-2.986073244072738,0.2182828808890882,-0.3440156673131911,1.0483472347259521
1780959449.897947,5.002272367777059,-2.986071062078967,0.2182888502361104,-0.34197418642856503,1.0852265357971191
1780959449.946969,5.002236461315626,-2.9860582471495576,0.2182869665912051,-0.3399467752952683,1.1342484951019287
1780959449.9862237,5.002153159399003,-2.9859118973678154,0.2181686915029722,-0.33812806783947424,1.1735031604766846
1780959450.033256,5.002130988457773,-2.9859558926949767,0.21827237546457223,-0.3360255786550086,1.2205355167388916
1780959450.0759342,5.002068252950994,-2.985883453307897,0.2182559244720923,-0.33409771643830943,1.2632136344909668
1780959450.1132004,5.0020008036319705,-2.985794125492876,0.2181196092509239,-0.33220478953861177,1.3004798889160156
1780959450.1572914,5.002000259842936,-2.985922519187191,0.21828321471492426,-0.3299825708342574,1.3445708751678467
1780959450.1957285,5.001959965910313,-2.9859180879284035,0.21810031313227585,-0.3279619886915599,1.3830080032348633
1780959450.2438772,5.001848624769436,-2.985730686348533,0.21822356885779243,-0.3262295467284968,1.4311566352844238
1780959450.2868228,5.0017933022402605,-2.985693626743824,0.21810556660475408,-0.3242685189962504,1.474102258682251
1780959450.3230002,5.001790433254916,-2.985828955648929,0.21809700126817527,-0.32204836309110974,1.510279655456543
1780959450.3658664,5.00174775861529,-2.9858414379433404,0.2179977547410606,-0.32001660964253986,1.5531458854675293
1780959450.4033644,5.001626976850348,-2.985643245468671,0.21822337075736867,-0.31831638127745254,1.5906438827514648
1780959450.4474924,5.001561576551847,-2.9855834364434757,0.21796794114520104,-0.3164042636597335,1.6347718238830566
1780959450.4890783,5.0015478363177,-2.9857173118086084,0.2181661037913858,-0.3142020162727195,1.6763577461242676
1780959450.5186665,5.001513624808859,-2.9857673572619676,0.21799954767277777,-0.31212503148353044,1.7059459686279297
1780959450.5550706,5.001399087421313,-2.985598522073545,0.21824972723814354,-0.3103934612919885,1.7423501014709473
1780959450.5865138,5.00130904373036,-2.9854673324541467,0.21787300645765956,-0.3086045301516269,1.7737932205200195
1780959450.6276698,5.001269614590631,-2.9855340743351295,0.21805125437805525,-0.30651934510127,1.8149492740631104
1780959450.6706448,5.00123688466399,-2.98561333211724,0.21803609718384795,-0.3044095461217071,1.857924222946167
1780959450.7068098,5.00112626239712,-2.985452663524969,0.2181585251344959,-0.3026807605948991,1.8940892219543457
1780959450.7475755,5.001106148610988,-2.985563890592879,0.21793370943066373,-0.30053237787308396,1.9348549842834473
1780959450.7930307,5.001047476142905,-2.9855622419293693,0.21784206601881564,-0.29855858121414025,1.9803102016448975
1780959450.8243017,5.000931896906459,-2.98540099118337,0.2180882250153751,-0.29684136251919213,2.0115811824798584
1780959450.8643875,5.000845178385775,-2.9852993919781388,0.21788881853614972,-0.29503056229545965,2.0516669750213623
1780959450.8967352,5.000822517588347,-2.985437749915932,0.218057563733792,-0.2928548216717868,2.084014654159546
1780959450.937119,5.000751075924701,-2.9853958075183784,0.21789022981736725,-0.2909539611383849,2.1243984699249268
1780959450.9769726,5.000647645534633,-2.985261944728754,0.2179807601533311,-0.289207834825699,2.1642520427703857
1780959451.008341,5.000636837578631,-2.9854327707691226,0.21796433823207215,-0.28698640773624273,2.195620536804199
1780959451.0495677,5.00054060855718,-2.9853066297571598,0.21780505747003973,-0.28522691242086706,2.236847162246704
1780959451.0819178,5.000452411910934,-2.985229871308914,0.217964729479659,-0.28340307826567335,2.2691972255706787
1780959451.1211941,5.000441924939222,-2.9854007229264488,0.21786389495618663,-0.28118666876207676,2.308473587036133
1780959451.16026,5.000349325603132,-2.985292776722256,0.2178589400474702,-0.27941116768656693,2.3475394248962402
1780959451.1945448,5.000254579398565,-2.9851670929610883,0.2176672616110074,-0.2776663736147662,2.381824254989624
1780959451.2349992,5.000177093689954,-2.9851270492121507,0.21790908773464873,-0.2757931594160783,2.422278642654419
1780959451.2691224,5.000175720621022,-2.9853263883108645,0.2177015397641131,-0.2735426544831401,2.456401824951172
1780959451.311378,5.000122881704293,-2.985348878940123,0.21759551083302092,-0.2715713443490637,2.498657464981079
1780959451.3527398,4.999997423273633,-2.9851371665343094,0.21788011963740234,-0.26997370807743115,2.5400192737579346
1780959451.3893902,4.999925472498485,-2.9850789174306067,0.21765575093774583,-0.2681398675125246,2.576669692993164
1780959451.4302728,4.999895647735315,-2.985202699970677,0.21789376840141123,-0.26601777811307015,2.6175522804260254
1780959451.4650223,4.999800179218681,-2.9850466496545276,0.2175897374014705,-0.2643348865836548,2.652301788330078
1780959451.5068717,4.99970017956021,-2.9848965214852647,0.21766171331481235,-0.26265260674924784,2.6941511631011963
1780959451.5465207,4.9996857569123625,-2.9850582799780674,0.21771664507193486,-0.2604763156269212,2.733800172805786
1780959451.5865276,4.999639236892762,-2.9850931669205845,0.21762404265550217,-0.258498326842453,2.7738070487976074
1780959451.6265442,4.999540176547273,-2.9849235575127753,0.2176192506649761,-0.25685038285114636,2.813823699951172
1780959451.6608667,4.999496185687842,-2.9849734240763306,0.21768310058825915,-0.25486094096329825,2.8481462001800537
1780959451.702845,4.999494484930462,-2.9851574204419795,0.21749345352870253,-0.2526511750028275,2.890124559402466
1780959451.7422318,4.999418873981888,-2.9850696173567015,0.21752054700777382,-0.2508791090541913,2.929511308670044
1780959451.7748148,4.999291559005628,-2.9847846792092367,0.21762397529975785,-0.2494233457115116,2.962094306945801
1780959451.8173082,4.999232819238211,-2.9847213303247204,0.21730106682994807,-0.24761320350442917,3.0045876502990723
1780959451.8534088,4.999208719154836,-2.9848498941581005,0.21764645305231506,-0.24550639056813717,3.0406882762908936
1780959451.8950713,4.999205469731149,-2.9850012361189475,0.21731438500119618,-0.2433511519463707,3.082350730895996
1780959451.9354591,4.9991419801373835,-2.984946820258319,0.21751368217801917,-0.241534348578214,3.1227385997772217
1780959451.972432,4.999026435408365,-2.984660019461826,0.2174900499115243,-0.24008953888424056,3.1597113609313965
1780959452.0175376,4.998964153501035,-2.9845659678261174,0.21734701574968476,-0.23833582912621987,3.204817056655884
1780959452.0579882,4.998957361455116,-2.984725492610349,0.21754049597544295,-0.23618006212779585,3.245267629623413
1780959452.08721,4.998936834513517,-2.984798034774113,0.21738399293395286,-0.23415769293936428,3.274489402770996
1780959452.1254413,4.998869723323892,-2.984681860287976,0.21748109556057524,-0.2324439973560466,3.312720775604248
1780959452.1594553,4.998822747229422,-2.984630809225755,0.21734676676220274,-0.23062611061145866,3.3467347621917725
1780959452.201472,4.998784907929101,-2.9846447409077657,0.21766030758744143,-0.22870485693899312,3.38875150680542
1780959452.2438056,4.998747604209618,-2.984597153279405,0.21730537776883782,-0.22687826868408711,3.4310851097106934
1780959452.275726,4.998704853315509,-2.9845696120637157,0.2174878761759056,-0.22502552994549463,3.463005542755127
1780959452.3174663,4.99868432719785,-2.984607990388081,0.21750042822022553,-0.22306263127574733,3.5047457218170166
1780959452.3503137,4.998621263191716,-2.984442449114162,0.21735855019283723,-0.2214272404966784,3.537593126296997
1780959452.3895266,4.998590544942058,-2.9844213050019577,0.21734872355700938,-0.2195635103556297,3.57680606842041
1780959452.4316833,4.998592695544251,-2.984541843874261,0.21731022677089484,-0.21746851360884945,3.6189627647399902
1780959452.4654067,4.998567360056461,-2.9845361990133603,0.21737273763526896,-0.21557627230629084,3.65268611907959
1780959452.50521,4.998497542834775,-2.984330890068077,0.2175793003596684,-0.2140117431608437,3.6924893856048584
1780959452.53741,4.998517626571788,-2.984484653992858,0.21729225612931594,-0.2118626318471648,3.724689483642578
1780959452.5806324,4.998512179574751,-2.9845261992539336,0.21716474460973886,-0.20989278489125995,3.767911911010742
1780959452.619434,4.9984499645910025,-2.9843340200721573,0.2174576337453659,-0.208303025792417,3.806713581085205
1780959452.6544363,4.998409336138206,-2.984174160496801,0.2171515634060412,-0.20666149118072275,3.8417158126831055
1780959452.7000716,4.998400661944563,-2.984207553927471,0.21738648346745934,-0.20470884846960358,3.8873510360717773
1780959452.736034,4.998420321363862,-2.984323840707528,0.21715939490706093,-0.2026124304691037,3.9233133792877197
1780959452.776739,4.998388240407383,-2.9842240438229846,0.21739810339605753,-0.20087024252734675,3.9640183448791504
1780959452.8172817,4.998353316456448,-2.9840494625994363,0.21714638385779297,-0.19925011401546078,4.004561185836792
1780959452.8522599,4.998356430051229,-2.984095941211454,0.21733103953346986,-0.19727232674866002,4.039539337158203
1780959452.8919752,4.998364708051387,-2.9841318733198605,0.21723954304738963,-0.19530226162098874,4.079254627227783
1780959452.922785,4.998333650238008,-2.9839846531230942,0.21744817307499348,-0.19363707260704066,4.110064506530762
1780959452.9668348,4.998368878293123,-2.9841245815307835,0.21723493189109427,-0.19150041650861604,4.154114246368408
1780959453.0071256,4.998370298469234,-2.9840959275401815,0.21717215464140718,-0.18963443280334502,4.1944050788879395
1780959453.0382037,4.998331347048824,-2.983877899475481,0.21741919208394794,-0.18807985933568006,4.225483179092407
1780959453.0850403,4.998353308264556,-2.9839134462723047,0.21719971964660809,-0.1861099891331306,4.272319793701172
1780959453.1166003,4.998357419792554,-2.9838805812178135,0.21726790037259805,-0.18424697645856014,4.303879737854004
1780959453.1629167,4.9983505237783366,-2.9837741323807494,0.21736520852318708,-0.1825072823129701,4.350196123123169
1780959453.2060888,4.998388982659959,-2.9838759788453926,0.21719831756658337,-0.18042168462707675,4.393368244171143
1780959453.2386022,4.998383099455573,-2.983759135247475,0.21736341486437977,-0.17869098959702878,4.425881624221802
1780959453.283566,4.998382778405919,-2.9836170797827823,0.21715163045934185,-0.1770031254070643,4.470845460891724
1780959453.3262131,4.998416494574707,-2.9837015878017925,0.21737820513130818,-0.1749458926961025,4.513492584228516
1780959453.3546622,4.998438269283629,-2.9836620647725356,0.21717556611223113,-0.1730809322735336,4.5419416427612305
1780959453.3979998,4.998447298356996,-2.983584216830131,0.2173756016644225,-0.17128508168435186,4.585279226303101
1780959453.4304755,4.998497723877016,-2.9836894618609624,0.21723080889150367,-0.16918378166455694,4.617754936218262
1780959453.4736686,4.998502010548399,-2.9835427399661665,0.21734951838552516,-0.1674918023561105,4.660948038101196
1780959453.5148077,4.998523910276848,-2.983443351709981,0.21704983542133374,-0.16572109040412464,4.702087163925171
1780959453.5485797,4.998550749522036,-2.9834441687701467,0.2174656323628889,-0.16378805743329572,4.735859155654907
1780959453.589969,4.9986020880514745,-2.983480785123626,0.21707952084525486,-0.16178959177311336,4.777248382568359
1780959453.6230826,4.998616742453429,-2.983369787046741,0.2173569404065661,-0.16002929907170138,4.810362100601196
1780959453.665072,4.99863822410261,-2.9832114150686713,0.2171031540753353,-0.15834653731170834,4.852351427078247
1780959453.7073755,4.998687667355624,-2.983277080967553,0.21732023718013013,-0.15629964002804098,4.894654989242554
1780959453.7416542,4.998742922291629,-2.9833236173799302,0.217151907854575,-0.15427464316448214,4.928933620452881
1780959453.7805107,4.998765177049089,-2.9831998819915975,0.21742032836686997,-0.1525291368070163,4.967790126800537
1780959453.8129094,4.998810536364341,-2.9831452831048653,0.21721817449047695,-0.15066697389635486,5.000188827514648
1780959453.8545473,4.998866479468348,-2.9831783018829063,0.21717485328378455,-0.14866162407157413,5.0418267250061035
1780959453.8927088,4.998909530534369,-2.9831376235688385,0.217335356829023,-0.1467701666509349,5.079988241195679
1780959453.9287302,4.998944951896261,-2.9829844245569004,0.21715882341239245,-0.14506224848035965,5.116009712219238
1780959453.9714382,4.999003288828154,-2.9830348451477384,0.21738296337638655,-0.14302339002129338,5.158717632293701
1780959454.0049362,4.999071738447315,-2.9830882181589757,0.21725254908091862,-0.1409720154313514,5.19221568107605
1780959454.047737,4.9991011609390466,-2.9829039417052554,0.21745112693381613,-0.13930432097175638,5.235016345977783
1780959454.0888329,4.999165670379814,-2.9828862018062914,0.2171541883416255,-0.13736689165154736,5.27611231803894
1780959454.1225283,4.9992241122770675,-2.98290215068234,0.2174410610322647,-0.13537089309830108,5.309807777404785
1780959454.1605644,4.999269905938021,-2.982730808078909,0.21725819758466444,-0.13367205132895688,5.347843885421753
1780959454.1935062,4.999344090539604,-2.9828103110233246,0.2173456605545896,-0.13157403911606735,5.380785703659058
1780959454.2367623,4.999423671623104,-2.982877726318361,0.2171624614898902,-0.1294837984240358,5.424041748046875
1780959454.276456,4.999466327129163,-2.982704291707476,0.21735263673102825,-0.12778155011393855,5.463735580444336
1780959454.312747,4.99952244414672,-2.9825853154756103,0.2172709389190836,-0.12599334451590316,5.50002646446228
1780959454.353464,4.999600410823523,-2.9826639609980408,0.2174911368029652,-0.12388124510964138,5.540743350982666
1780959454.3860474,4.999664091356691,-2.982540215303715,0.21717627323960606,-0.12208837513366655,5.573326826095581
1780959454.4267755,4.999720167848002,-2.9824392246087053,0.21747167184036348,-0.1202632210606378,5.614054918289185
1780959454.4653258,4.999822869733045,-2.982618493830889,0.21718012584222954,-0.11798171743171526,5.652605295181274
1780959454.5031383,4.999895960922658,-2.9825864707859973,0.21716320159541194,-0.11603523709014318,5.690417766571045
1780959454.5456738,4.999937734714247,-2.982335056184703,0.2174925664533665,-0.11443843869325843,5.732953310012817
1780959454.5903537,5.000011572124022,-2.9822094576088807,0.2170801761493517,-0.11263804913540687,5.777633190155029
1780959454.6209614,5.000091558572622,-2.982265669510151,0.21738982391864395,-0.11054924673986122,5.80824089050293
1780959454.6649806,5.000187006714106,-2.9823972068579376,0.21740035523576623,-0.1083294794819345,5.852260112762451
1780959454.699793,5.000250294660281,-2.982193979694288,0.21729416311582112,-0.10664245520629434,5.887072563171387
1780959454.751386,5.000325267428983,-2.9821576758737174,0.21746809328141842,-0.10469316474273782,5.938665390014648
1780959454.7988534,5.000428007476867,-2.982298177309762,0.21732294061945337,-0.10245595729315848,5.986132860183716
1780959454.8395798,5.00049666821699,-2.9821395337556806,0.21730106883023456,-0.10068722037000999,6.026859283447266
1780959454.8814335,5.00055818025452,-2.981956485419557,0.2176028685934693,-0.09896268309011935,6.068712949752808
1780959454.9195724,5.00066874801032,-2.9821600835184796,0.2174261652152223,-0.09662062150393291,6.106851816177368
1780959454.9654307,5.000755318689496,-2.9821082303614186,0.21721418072782567,-0.09467624420445064,6.152710199356079
1780959455.0103579,5.000815438005845,-2.9818956446196445,0.2175731521695256,-0.09298511684427435,6.197637319564819
1780959455.048483,5.000898630047633,-2.9817683325167854,0.21731182312634958,-0.09115731218412515,6.235762357711792
1780959455.0936859,5.0009935427875405,-2.9818736049982815,0.21750505662229616,-0.08896450021521929,6.280965328216553
1780959455.133361,5.001081724032345,-2.981882137750862,0.21760276385356683,-0.08691310930694884,6.320640563964844
1780959455.1824944,5.001156551097502,-2.9816568304831224,0.21741858222928803,-0.08523275122338303,6.369773864746094
1780959455.2256155,5.001247322888313,-2.9816848407772047,0.21755674114635742,-0.08315311072202469,6.41289496421814
1780959455.2638316,5.001349809379811,-2.9818121535133177,0.21748992969108455,-0.08091064686040816,6.451111078262329
1780959455.3130887,5.001428238824075,-2.9816871429888074,0.21768064123498188,-0.07906381888318448,6.500368118286133
1780959455.3473182,5.001516521976035,-2.9815875183248908,0.21743921258306348,-0.07717514416763382,6.534597635269165
1780959455.389865,5.001604659549,-2.9816019120774393,0.21763808849275867,-0.07510793996329479,6.577144384384155
1780959455.427156,5.001704886053409,-2.9816823936973833,0.21755930789550135,-0.07293239624771175,6.614435434341431
1780959455.4624352,5.001780544000622,-2.981484970112092,0.21767642063241702,-0.07118629415548083,6.649714708328247
1780959455.5026805,5.001874308093759,-2.981477066196885,0.2175332954950894,-0.06914890897964154,6.68996000289917
1780959455.5340676,5.001967140813676,-2.9815332866034283,0.21768932547338438,-0.06700414969390422,6.721347093582153
1780959455.5780957,5.002045446062115,-2.981326301192684,0.21768565535262846,-0.0652683115816508,6.765375137329102
1780959455.6193318,5.00214270877233,-2.9814042251276107,0.2177010467707797,-0.06309011835065448,6.8066112995147705
1780959455.6546044,5.002231519087735,-2.9813232136556262,0.2175664021627708,-0.06115126121908521,6.841883897781372
1780959455.6952667,5.002316980824483,-2.981288231604476,0.21775467995976047,-0.05914623851507139,6.8825461864471436
1780959455.727358,5.002415848773985,-2.9813558881182636,0.21758365933020496,-0.05697488042381016,6.914637565612793
1780959455.7665277,5.002493291166091,-2.981198064460389,0.21781302526073779,-0.05515005086103164,6.95380711555481
1780959455.808316,5.002586435686521,-2.9812072532872897,0.21770378528558165,-0.05295512686732273,6.995595455169678
1780959455.8416822,5.002670186669707,-2.9811134200404554,0.21778730433276147,-0.050806941325129085,7.028961658477783
1780959455.8817465,5.0027611166096415,-2.981145896218996,0.2178055259084206,-0.04847563737961513,7.069025993347168
1780959455.9278824,5.002843099034503,-2.9809573285286817,0.21770560451238186,-0.04623649141345254,7.115161895751953
1780959455.9582632,5.002930525422632,-2.980999109790598,0.21786262964269246,-0.0436665402923917,7.145542621612549
1780959455.9967256,5.003019815966804,-2.9809420883071307,0.2176886783387038,-0.04114013413582507,7.18400502204895
1780959456.0309749,5.003101609531689,-2.9808449914195543,0.21775305871746203,-0.0385358112337193,7.218254327774048
1780959456.0695808,5.003188149842909,-2.980884005513872,0.21789679956606864,-0.0357439362852352,7.256860256195068
1780959456.1132805,5.0032707161587595,-2.9805577759976605,0.21752624441540203,-0.03329399721304549,7.300559997558594
1780959456.1475148,5.003355361040143,-2.9803710346140027,0.21732121421513387,-0.03057003386666901,7.334794282913208
1780959456.1884809,5.00343767858727,-2.9803678877801443,0.21750745839636587,-0.02748584740303217,7.375760316848755
1780959456.222026,5.003521754375689,-2.9804579088927823,0.21779423060012668,-0.0239803418750828,7.409305572509766
1780959456.2604299,5.003610435830107,-2.9805369389958343,0.21782053533817547,-0.020533513466846287,7.447709321975708
1780959456.304414,5.00369367490978,-2.980060394491352,0.21765688257354068,-0.017591485884429048,7.491693496704102
1780959456.3388345,5.003770580670827,-2.9794687453255126,0.21751647435019789,-0.014218755802311467,7.526113986968994
1780959456.3779008,5.003870584723422,-2.9794279290773025,0.21643836494102317,-0.010079298409509718,7.56518030166626
1780959456.410911,5.003949689280594,-2.97979943161976,0.2164104665974563,-0.005750217245398481,7.598190546035767
1780959456.4591491,5.0039927867359255,-2.9801701465322994,0.21803735090838386,-0.0014963743495335358,7.64642858505249
1780959456.5018203,5.004050672873665,-2.980447168613474,0.21877279549955495,0.002285248228790948,7.6890997886657715
1780959456.5386472,5.004140065818244,-2.9805629229494817,0.21770465519291884,0.005399263080692052,7.725926637649536
1780959456.581716,5.00423528468482,-2.9801903730427113,0.21600047291516358,0.00774649810431427,7.768995523452759
1780959456.6185584,5.004289740281874,-2.980178544806838,0.21582338649304242,0.009951942246273049,7.805837869644165
1780959456.665736,5.004304439130328,-2.9801302428415677,0.21744380009777606,0.012096637469428018,7.853015422821045
1780959456.7114894,5.004322456487549,-2.9798804818497495,0.21890506261817264,0.01373158556404075,7.898768901824951
1780959456.74962,5.004393923129531,-2.9795546145750453,0.21746612759490846,0.01512071419905503,7.936899423599243
1780959456.7963297,5.004450737587759,-2.9792461269556108,0.2163560997230704,0.016435471127611123,7.983609199523926
1780959456.82961,5.004463703827128,-2.9790694360682024,0.21701494554165102,0.017782901861496114,8.016889572143555
1780959456.8705041,5.004454973064767,-2.9791291897822734,0.2183072777202936,0.019482232836522506,8.057783603668213
1780959456.908412,5.004459015054008,-2.979743222690497,0.218053155019217,0.02185388140369504,8.095691442489624
1780959456.9435153,5.004477728491588,-2.980266793534339,0.21672214924255576,0.024025542187021465,8.130794763565063
1780959456.9844487,5.004462996096054,-2.9806778053244987,0.21668472842159145,0.02601837628003345,8.171728134155273
1780959457.0204618,5.004460517934839,-2.9807012491674545,0.21612548426099404,0.027269619944918944,8.207741260528564
1780959457.0647364,5.004436476871462,-2.9805369411231664,0.21667687015747603,0.028259396791892044,8.252015829086304
1780959457.103801,5.004408529458974,-2.980101643202403,0.2175463417989237,0.028788675360253535,8.291080474853516
1780959457.1390002,5.0043892198746205,-2.9794104930345027,0.21830683816262697,0.028859177349080056,8.326279640197754
1780959457.181621,5.004361725974189,-2.979112579670353,0.2187056684096567,0.029528832374085212,8.368900537490845
1780959457.2278035,5.004332515286104,-2.9793919482192117,0.21797204609592485,0.031035464953953706,8.415082931518555
1780959457.2648554,5.004284991496517,-2.9800025965738346,0.21719389565470007,0.03305829481808775,8.452134847640991
1780959457.30731,5.004205486513308,-2.9805182062524413,0.21769407860880027,0.034969852903280696,8.494589567184448
1780959457.341087,5.004150050527511,-2.980517338905446,0.21745873500608767,0.03615443961407472,8.528366565704346
1780959457.383044,5.004110034760593,-2.980094465897204,0.21692809224196002,0.03674651693540376,8.570323467254639
1780959457.43212,5.004035396214666,-2.979645141737338,0.21800229652457043,0.037323543681162974,8.619399547576904
1780959457.467679,5.003950596539276,-2.9793886930067934,0.21898759586623906,0.03820563637707153,8.654958486557007
1780959457.5114017,5.003888205039087,-2.979491415802375,0.21783953855511862,0.03962669961849841,8.698681116104126
1780959457.5468473,5.0038001492941975,-2.979879702542925,0.216926258880708,0.041491480110015466,8.734126806259155
1780959457.59161,5.003669700614913,-2.980259563006971,0.21773225925889544,0.04336956325119967,8.778889417648315
1780959457.6300619,5.003541393836679,-2.9803265339829763,0.21873815219977624,0.04482661466580229,8.817341327667236
1780959457.6702278,5.003456353097762,-2.979900689669005,0.21833311384623938,0.045593685096871006,8.857507228851318
1780959457.712455,5.00350915700856,-2.976871672209911,0.21701079789752353,0.04625195804626525,8.899734497070312
1780959457.7507534,5.003619374093841,-2.9732590632586855,0.21507325009403264,0.047705685632166706,8.938032865524292
1780959457.7990546,5.003704863299262,-2.9705457619419184,0.21293080875056924,0.05017337600369842,8.986334085464478
1780959457.8361475,5.0037452676597365,-2.9688044028011387,0.21108757535980782,0.053772256958383835,9.02342700958252
1780959457.8707125,5.0037476598932225,-2.9678827603011646,0.20935222901055228,0.05841573264222433,9.057991981506348
1780959457.9087546,5.003726590393154,-2.967694464696516,0.20684474457270838,0.06382339055192343,9.096034049987793
1780959457.9417684,5.003669479835251,-2.968224595106024,0.20384608101969998,0.07005015905869705,9.129047870635986
1780959457.9853127,5.003566290418021,-2.969437068385799,0.20073748007456027,0.07709280730736623,9.172592163085938
1780959458.022189,5.003404466009207,-2.9710203974160914,0.19964463693017628,0.08436818820718184,9.209468364715576
1780959458.0537226,5.003209600867586,-2.9726246266710006,0.2011789885270885,0.09157530668009528,9.241002082824707
1780959458.0891516,5.002992850721992,-2.9742740140675683,0.20520551220922487,0.09864307462645527,9.2764310836792
1780959458.1189702,5.002745952403968,-2.9762107983777626,0.2122177600108395,0.10580797666444752,9.306249618530273
1780959458.161872,5.0025363303191615,-2.9783485961086953,0.2206917140213336,0.11308453251280604,9.349151372909546
1780959458.2009716,5.002431829947004,-2.980736465474932,0.22620338319933134,0.12042057240316062,9.388251066207886
1780959458.2347841,5.002424775262481,-2.9832278450066143,0.22766299135349483,0.12757206885574224,9.42206358909607
1780959458.2722862,5.0025153041696315,-2.985507155711821,0.22595853746448172,0.1343301685967191,9.45956563949585
1780959458.3056505,5.00249911612193,-2.9887093784269823,0.22328110281492516,0.14014260169773252,9.492929935455322
1780959458.349854,5.002498348733259,-2.9917174918586866,0.22031728103417367,0.14487108891995515,9.53713345527649
1780959458.3887846,5.002590484786895,-2.9938630906504375,0.2176679737392373,0.14839900003837236,9.576064109802246
1780959458.4216914,5.002748756434723,-2.9954357680124355,0.2146885144125615,0.15095130102573506,9.608970880508423
1780959458.4660332,5.002993883438901,-2.996280030650976,0.21140131914808757,0.152563119367092,9.653312683105469
1780959458.5135345,5.003315251349467,-2.996417752377102,0.20833288271279243,0.15312882751619217,9.700814008712769
1780959458.550039,5.003722881722968,-2.995771700762814,0.205840316370998,0.15258350391211994,9.737318515777588
1780959458.5940235,5.004227544343003,-2.9942980665818437,0.20405949155636888,0.15091264911539604,9.78130292892456
1780959458.6330972,5.004825617481748,-2.9920803521065515,0.2028876067433535,0.14816773590893995,9.820376634597778
1780959458.6797838,5.005531816064033,-2.989083966563368,0.20202791212388618,0.14444958978465028,9.867063283920288
1780959458.729729,5.006262452665904,-2.985835413640382,0.20233240196397928,0.14025281028469472,9.917008399963379
1780959458.7653105,5.006958342707542,-2.9826232935344574,0.20504132512349924,0.13612649331131,9.952589988708496
1780959458.8100233,5.007635428126578,-2.979363689065784,0.21085466730259733,0.13197382918364298,9.997302770614624
1780959458.8484144,5.0083217025898294,-2.9761737549171636,0.2188715034287446,0.12797319448998046,10.035693883895874
1780959458.8963048,5.009016194303815,-2.9735124063787817,0.2263248946698622,0.12469895719547708,10.083584308624268
1780959458.9378064,5.009700044715969,-2.9714862920996024,0.23239527138050387,0.12226227398298484,10.125085830688477
1780959458.9794004,5.010397955822053,-2.969857519596014,0.23604543772682254,0.12034727967440162,10.166679859161377
1780959459.0224118,5.011541443421681,-2.9652359154981744,0.23663901985057448,0.11871796595973194,10.209691286087036
1780959459.0541224,5.012645651718121,-2.96112789038525,0.23637672816732785,0.11785272440330274,10.24140191078186
1780959459.0998144,5.0136369105465235,-2.9579717906339433,0.23589169343030747,0.1178572170225376,10.287093877792358
1780959459.135436,5.014496478247884,-2.9558057537384084,0.23567547713905881,0.11880485617035319,10.322715520858765
1780959459.1727035,5.0152314624809655,-2.954529067856159,0.23585183101158108,0.12068450704779643,10.359982967376709
1780959459.2129035,5.015869393945871,-2.954044943772856,0.23529909239398936,0.12321048108668631,10.400182962417603
1780959459.244138,5.016420365528528,-2.9542522449168875,0.2339889055311547,0.12635398471713533,10.431417465209961
1780959459.2847538,5.016876284775417,-2.9551509741082667,0.23211927798560425,0.13013183980010457,10.472033262252808
1780959459.323199,5.017209444708702,-2.9568804583641417,0.22984157887361223,0.13455298739829047,10.510478496551514
1780959459.358875,5.017440413931148,-2.9592703294269826,0.22717332983842553,0.13959948641463704,10.546154499053955
1780959459.4024608,5.017552741753765,-2.962402902006229,0.22408197906781993,0.1452393156117111,10.58974027633667
1780959459.434479,5.017556563531544,-2.9661963828977056,0.2204324127974028,0.15142240843548294,10.621758460998535
1780959459.4754026,5.017473862907381,-2.970495847768387,0.21603755467206545,0.15808006047253276,10.662682056427002
1780959459.5153587,5.017269668239766,-2.9754655867054436,0.21092671610720362,0.16518828451858525,10.702638149261475
1780959459.5487304,5.01693945195574,-2.980969770982686,0.2068454308981803,0.17280757922468126,10.7360098361969
1780959459.5922184,5.016543885639247,-2.9865229735842336,0.2060376472522888,0.1803768553497429,10.779497861862183
1780959459.6282337,5.016105220847203,-2.9920487646067206,0.20864323624592993,0.18760594836772349,10.815513134002686
1780959459.675746,5.015771832611799,-2.9969829533717776,0.21235095538531368,0.19417360412452922,10.863025426864624
1780959459.724115,5.015454025007974,-3.001973617279565,0.2150204075093469,0.19993963312603302,10.911394357681274
1780959459.762494,5.01529202182863,-3.006203116555313,0.21730394035927647,0.20483429451936352,10.94977355003357
1780959459.8103423,5.01526524050633,-3.009722872961215,0.2197387128960033,0.2088186632842728,10.997621774673462
1780959459.8585134,5.0153976315172475,-3.012387900842354,0.22270854546569277,0.21188496471367202,11.045792818069458
1780959459.895637,5.01569095804729,-3.0141900838553655,0.22636491550727747,0.21406062157999095,11.082916498184204
1780959459.9358587,5.016135041914611,-3.0152030987083096,0.23060901761850747,0.21541297356245614,11.123138189315796
1780959459.966883,5.016753431845395,-3.015342157343446,0.23516418133694791,0.21603056706533685,11.154162406921387
1780959460.0163016,5.0175056246126,-3.014840261117846,0.2395468467895958,0.2160289042040029,11.203581094741821
1780959460.0578153,5.018397268323887,-3.0136934514982454,0.24324056928382484,0.21552725393417038,11.245094776153564
1780959460.0987852,5.019425514221319,-3.0118734422716877,0.24668487957716548,0.21448035010695587,11.286064624786377
1780959460.1455936,5.02059141613741,-3.009349016539611,0.25024986720467557,0.21285521455765632,11.332873106002808
1780959460.1836424,5.021896826143372,-3.006151461284733,0.25338439650019684,0.2107587275374634,11.370921850204468
1780959460.231629,5.023286437750458,-3.0026074368347735,0.25513212674087854,0.2083619540974162,11.41890835762024
1780959460.2747376,5.024727313115548,-2.999019076497923,0.25322652058845163,0.20602762353355253,11.462017059326172
1780959460.3145297,5.026177498807155,-2.9955384624757175,0.24750930308762678,0.20380528894192906,11.501809120178223
1780959460.3602,5.027610796156034,-2.9921462969759545,0.2383012828554989,0.20169525921967857,11.547479391098022
1780959460.397112,5.029000292119619,-2.9887553981782706,0.22655858992558087,0.19961917437548848,11.584391355514526
1780959460.4391236,5.030373718640681,-2.984980427505711,0.21487230839909682,0.1972910744307832,11.626403093338013
1780959460.4768806,5.031633575294902,-2.9812016491996753,0.20600546978958797,0.19497781651363688,11.664160013198853
1780959460.5120068,5.032765299179308,-2.977589229651779,0.2009513659869799,0.1928232795928908,11.699286222457886
1780959460.5563974,5.0338113970758,-2.97408027089549,0.19910345768168855,0.1908016277078186,11.743676900863647
1780959460.5870469,5.034742956558875,-2.9708456770998617,0.20078737632237087,0.1890421506333375,11.77432632446289
1780959460.628463,5.035503699245953,-2.96829647204949,0.2046573586263459,0.187792224909618,11.815742492675781
1780959460.6664307,5.0360579514427135,-2.9667355503404607,0.20923664671216746,0.1872130667504983,11.853710174560547
1780959460.7061865,5.0364189766145255,-2.9661070767827384,0.21430737127790922,0.18725002449679096,11.893465995788574
1780959460.7524323,5.036606660003506,-2.966328661956098,0.21944365579606998,0.18782774511644895,11.939711809158325
1780959460.7911496,5.036645575624411,-2.9672928015341316,0.22409223299424527,0.18885820659391506,11.978429079055786
1780959460.8391862,5.036542358029509,-2.9689523929588244,0.22807950660923118,0.1902999403715171,12.026465654373169
1780959460.8836374,5.036260642047088,-2.9714239467734154,0.23217034108893458,0.19222323885178483,12.070916891098022
1780959460.922787,5.035825716726706,-2.9745991457911605,0.23587352671258993,0.19455738653694077,12.110066413879395
1780959460.969643,5.035285941896371,-2.978275935567488,0.23828148079415032,0.1971857584575396,12.156922578811646
1780959461.003447,5.034764296121798,-2.9819736211721617,0.23707768808393143,0.19983929838019243,12.190726518630981
1780959461.051118,5.034278749819019,-2.985584565695303,0.23201023226835715,0.20247584225931448,12.238397359848022
1780959461.0940497,5.033823015548232,-2.9890403559445042,0.22351056147639844,0.20507951152124093,12.281329154968262
1780959461.1334536,5.033449233752839,-2.991861543296594,0.2141858875454501,0.2074074381952089,12.320733070373535
1780959461.1808329,5.033123533341235,-2.994068411385009,0.20661428540883392,0.20945107796008244,12.368112325668335
1780959461.2299504,5.032750798796197,-2.996115364930483,0.20189813468218654,0.2114314050224948,12.417229890823364
1780959461.2649724,5.032352838883706,-2.9979299867268474,0.20048694644553702,0.21330090773004695,12.45225191116333
1780959461.3061657,5.031957173101412,-2.9994043589316215,0.20255657297044902,0.21499525190342705,12.49344515800476
1780959461.3428736,5.0316867762314486,-3.0001151807465045,0.20606939881599276,0.21631623375343345,12.530153036117554
1780959461.3903756,5.031584908408559,-2.9999471507024307,0.20991446575325562,0.21721706112552042,12.57765507698059
1780959461.432861,5.031639754600871,-2.998989518970128,0.21364213534388288,0.21774825234097683,12.620140552520752
1780959461.471614,5.031833114510173,-2.9973598565216886,0.2166999922811532,0.21796982692063516,12.658893346786499
1780959461.516391,5.032173421227308,-2.994998154483473,0.21948270661739597,0.21784502570110398,12.703670501708984
1780959461.559315,5.032666135503641,-2.9918668388687775,0.22231430531481236,0.2173410113151828,12.746594429016113
1780959461.594411,5.033289852816961,-2.988104624987449,0.2246006293443663,0.21651538989681463,12.7816903591156
1780959461.626968,5.033997831657266,-2.983993618843932,0.22517414193843716,0.21549104341728764,12.814247369766235
1780959461.658412,5.034613957576704,-2.980351849113212,0.223709916846244,0.21466495360952997,12.845691442489624
1780959461.7021065,5.035050481649633,-2.977478125272238,0.22165227312521485,0.2141999630713105,12.88938593864441
1780959461.7374165,5.035284326429841,-2.975435372365122,0.21954582184713092,0.21414367260176626,12.92469596862793
1780959461.7827141,5.035298561220317,-2.9742682287689046,0.2178188320636394,0.2145354573413849,12.969993591308594
1780959461.8244658,5.035111797407674,-2.973900202846729,0.21621239228892078,0.2153459197906855,13.01174521446228
1780959461.8604536,5.034776842506621,-2.974140602843161,0.21375886678489317,0.2164731414377643,13.047733068466187
1780959461.9058676,5.034282499122379,-2.9750149122819587,0.21068770540475926,0.21793887482605712,13.093147039413452
1780959461.9420862,5.033618989311078,-2.976543185558151,0.2072176913010091,0.21976555407955622,13.129365682601929
1780959461.9802876,5.032827034888577,-2.9784647519254017,0.2046647400324373,0.22183716849844792,13.167567014694214
1780959462.017587,5.0319759204793675,-2.9803853431711693,0.20471182794559564,0.22395271238065995,13.204866409301758
1780959462.050872,5.031087731165929,-2.982226806236724,0.2072758756141571,0.22605907766210542,13.238151550292969
1780959462.0930066,5.030123384623046,-2.984149697585053,0.21303036311362308,0.22823830015949653,13.280286073684692
1780959462.1273096,5.029104369657049,-2.9861558331411833,0.22129600542630898,0.23047973290694657,13.314589023590088
1780959462.1716805,5.028097604071008,-2.9881741137668936,0.2290039281918078,0.23273099668859842,13.358959913253784
1780959462.2134295,5.02714845337664,-2.990170335045143,0.23256763004913908,0.23497675408510865,13.4007089138031
1780959462.2470381,5.026247660117971,-2.99211980239197,0.23215733506178637,0.23721728911851425,13.434317588806152
1780959462.2899034,5.025445154652806,-2.9937056812486573,0.22938224779351266,0.23926455464375174,13.477182865142822
1780959462.324495,5.0247869543916295,-2.994628724705114,0.22593730727421288,0.2409139950865189,13.51177453994751
1780959462.365208,5.024281489503801,-2.9948344183703077,0.2222308176031813,0.24211083969489344,13.55248737335205
1780959462.4073615,5.023937197601013,-2.9942789838684494,0.2185808219494612,0.24280563632365748,13.594640970230103
1780959462.441768,5.023760832930424,-2.9929370602831185,0.21518699777739295,0.2429583706017553,13.629047393798828
1780959462.4859416,5.023748392488607,-2.9908323970684583,0.2122198667287236,0.24255664818158973,13.673221111297607
1780959462.5315378,5.0237710162765445,-2.9883984823567853,0.21159611078123733,0.24187179062281317,13.718817234039307
1780959462.5612674,5.023766279471858,-2.985868310321818,0.21398037116388338,0.24106759153666069,13.748546838760376
1780959462.6054282,5.023723711470903,-2.983344520804567,0.21890264707289708,0.24022519753787286,13.792707681655884
1780959462.6386545,5.023593859636762,-2.9811825552061553,0.22435867561095232,0.23960629356062135,13.825933933258057
1780959462.6780925,5.02333175943135,-2.979654661425287,0.2287091994479464,0.23942449329658722,13.865371942520142
1780959462.7164483,5.022940102741772,-2.978723665070274,0.23190106830519694,0.23966924747571206,13.903727769851685
1780959462.750762,5.02247869544924,-2.9781791387881227,0.23296469900568034,0.2401835876833136,13.93804144859314
1780959462.7911556,5.021969593775077,-2.977942841483527,0.2315053847101901,0.24090563424484124,13.978435039520264
1780959462.8258126,5.0213185829161695,-2.978279397212315,0.22906390725397413,0.24208349652102434,14.013092041015625
1780959462.8672378,5.02051641958671,-2.9792000096887636,0.2258051335683284,0.24374974556787876,14.054517269134521
1780959462.908017,5.019555656055122,-2.980709016170939,0.22187791006436716,0.2459356403535713,14.095296382904053
1780959462.9402387,5.018432905191769,-2.9827966513653115,0.21741870366508376,0.24866433329864712,14.12751817703247
1780959462.9807422,5.017215962222907,-2.9850868951104466,0.21423285809082973,0.251634367084824,14.16802167892456
1780959463.011191,5.015966695278516,-2.9872872100057024,0.21361253692102888,0.25457463017669557,14.1984703540802
1780959463.053224,5.014727304304295,-2.989267689361545,0.21538118301291465,0.2573432653438674,14.240503549575806
1780959463.0951746,5.013652603010626,-2.9905851260645178,0.21744376925230965,0.2594951086413282,14.282454013824463
1780959463.1296895,5.012777666062854,-2.9911483755039883,0.21930197341415386,0.2609125847142728,14.31696891784668
1780959463.1744695,5.012099128880184,-2.990978969611467,0.22092042054305353,0.2615908379424017,14.361748933792114
1780959463.2067292,5.0116119939487715,-2.9901091969100277,0.22218594500473662,0.26153792247239593,14.39400863647461
1780959463.247467,5.0113082868293075,-2.9885863027306248,0.22292115820679012,0.2607743460718064,14.434746503829956
1780959463.2884758,5.011177382131967,-2.9864710438125615,0.22290255953419122,0.25933206605160564,14.475755214691162
1780959463.3240097,5.011204831088632,-2.9838427037837114,0.22184408838894315,0.2572602720511199,14.511289119720459
1780959463.3678365,5.011267748660129,-2.9812434697237844,0.21850294702731923,0.25511672297866816,14.555115938186646
1780959463.40119,5.011170478241279,-2.979291081682562,0.21433007499495227,0.2536133150519735,14.588469505310059
1780959463.4410698,5.010898993412994,-2.977932239640361,0.21073741617353878,0.2527434608378094,14.628349304199219
1780959463.4828384,5.010507391192369,-2.976837014590892,0.20995233197666383,0.252178225412079,14.670117855072021
1780959463.5165896,5.009933060207067,-2.976362116145921,0.2105174578109538,0.2523372650158908,14.703869104385376
1780959463.5572975,5.009143317504978,-2.97670774985515,0.2113844728472178,0.2534750295144512,14.744576930999756
1780959463.5898113,5.008147697147278,-2.9778397484975394,0.21241898245556268,0.2555772957176492,14.777090787887573
1780959463.6310782,5.006979878918858,-2.9796190059359895,0.21374512247367372,0.25850547548684233,14.818357706069946
1780959463.6716912,5.005743452989522,-2.981551167530833,0.21703746815181585,0.26166991304253173,14.858970642089844
1780959463.7040465,5.004512464220858,-2.9834517676236567,0.22150939672641856,0.2648161614463316,14.891325950622559
1780959463.7447753,5.003393106879887,-2.9851847176139565,0.22333558244161378,0.26774679619855846,14.9320547580719
1780959463.7897289,5.002447762307408,-2.986394154100754,0.22377646663394749,0.2699976000232116,14.97700834274292
1780959463.8197863,5.0016835165677564,-2.9870194105942973,0.22323688342043935,0.27146817565262626,15.007065773010254
1780959463.858946,5.001102202487286,-2.987045695788408,0.22186657451723799,0.27211637494285323,15.046225547790527
1780959463.8951216,5.000704715193979,-2.9864605547384153,0.21980073116221122,0.27190110154610014,15.082401037216187
1780959463.9384587,5.000490062971206,-2.985259427994078,0.2171456054718527,0.27078719970329423,15.125738143920898
1780959463.9786246,5.000451833716055,-2.9834587722932886,0.21400826570119622,0.26876338897960395,15.16590404510498
1780959464.008591,5.000455427751767,-2.9814357123735937,0.21222650254941317,0.26635306443171025,15.195870399475098
1780959464.049194,5.000419708685483,-2.9794387488020773,0.21284046653371397,0.2639364184812072,15.236473560333252
1780959464.0827231,5.000318572318564,-2.977625283391025,0.2153320217369102,0.26175981713105934,15.270002603530884
1780959464.127668,5.000079490838275,-2.976435903865753,0.21752025243927633,0.26048121834612736,15.314947366714478
1780959464.1649854,4.9996919475433454,-2.975913000084594,0.21910256580165396,0.26018821457823016,15.352264881134033
1780959464.2020872,4.999156632757007,-2.9760352495702826,0.22004037549293592,0.26087042829609075,15.389366626739502
1780959464.2419229,4.998477789388503,-2.976775719476015,0.22025253478017462,0.262506384043526,15.429202318191528
1780959464.2719836,4.997663929478358,-2.978099032489041,0.21962484219853445,0.26506446837505315,15.45926308631897
1780959464.3128772,4.9967257525709154,-2.9799622872789535,0.21803083528160305,0.26850638542708793,15.50015664100647
1780959464.3511364,4.995716110111565,-2.9821379737207607,0.21575034439638738,0.2725063137465824,15.538415908813477
1780959464.386228,4.9948606872858905,-2.9837896077383745,0.2129469941375649,0.2757016096316338,15.57350754737854
1780959464.4253812,4.994201718685664,-2.9847528027157026,0.20978435097022605,0.2777880458329056,15.612660646438599
1780959464.4567227,4.993625902074606,-2.9853049909211182,0.20826593712623775,0.27919638839296645,15.644002199172974
1780959464.4981053,4.993109923826796,-2.9855111931110656,0.2090215762581084,0.2800215137086157,15.685384750366211
1780959464.5341573,4.992809996507983,-2.984996614414318,0.2100133265738839,0.2796071271084948,15.721436738967896
1780959464.5696898,4.992736392950735,-2.9837633042929843,0.2109184502917338,0.2779321908512067,15.756969213485718
1780959464.6135485,4.9928116439296035,-2.9820505713724157,0.21243339195692132,0.2753864510848487,15.800827980041504
1780959464.6474218,4.992900304733516,-2.9802614400593126,0.21595098873594504,0.27268083000827303,15.834701299667358
1780959464.68858,4.993034491288614,-2.97848682651415,0.21916199842252115,0.26996318511796424,15.875859498977661
1780959464.7308116,4.993179792854647,-2.976998701837733,0.2196942496129264,0.26768430150687994,15.918091058731079
1780959464.7606137,4.993205583167653,-2.9760917229705144,0.21918388757896293,0.26640962047127825,15.947893142700195
1780959464.8038278,4.993097700550752,-2.975782381192646,0.21780953343280815,0.2661904385472198,15.99110722541809
1780959464.8364582,4.992842675131298,-2.9760844977256786,0.21573090389206862,0.267074224861954,16.02373766899109
1780959464.8778975,4.992429291443248,-2.9770053785916377,0.21307818709250084,0.2690981006875406,16.065176963806152
1780959464.9177814,4.9918727467415005,-2.9784293599194562,0.21047273372284325,0.2720863069517083,16.105060815811157
1780959464.9522526,4.99125459167226,-2.9799181037014524,0.21003136937566055,0.275259157296901,16.1395320892334
1780959464.993661,4.990607007909521,-2.9813750083942643,0.21193369759705688,0.278415091657239,16.18094038963318
1780959465.0374858,4.990018083871541,-2.9826086412945885,0.21515684854429226,0.2811677177258911,16.224765300750732
1780959465.0686603,4.989639756064264,-2.983263888172258,0.21761916570727535,0.2828185321583119,16.255939722061157
1780959465.1093662,4.989468898331808,-2.9833463609108795,0.21916937514354728,0.28337387195280606,16.296645641326904
1780959465.1413326,4.989496343646427,-2.9828801058719927,0.2197375742231503,0.2828755226448747,16.328612089157104
1780959465.1817117,4.989714544630344,-2.981893029385251,0.21923995175928052,0.2813654378750101,16.368991136550903
1780959465.2254364,4.990073537083217,-2.980629951065097,0.21653007687701828,0.27928883286010464,16.412715911865234
1780959465.2600317,4.990531492802303,-2.9791007979157564,0.21290831570552776,0.2766664692628247,16.44731116294861
1780959465.2996163,4.990944023685722,-2.9776092167005475,0.21111720894144553,0.2741155685137411,16.48689579963684
1780959465.3303096,4.991255952898402,-2.9764298531726308,0.21058522382269695,0.27217357920007057,16.51758909225464
1780959465.3718486,4.991398610932002,-2.9759378799564953,0.20974057263127233,0.2715657509926599,16.559128046035767
1780959465.411177,4.991360814854954,-2.9761509811598645,0.2086833403574606,0.2723437181864581,16.598456382751465
1780959465.4420035,4.991183589009432,-2.9768273843252335,0.20862749433153455,0.27407017882184803,16.62928295135498
1780959465.481538,4.990930481861757,-2.977638325517029,0.211021099411418,0.27611693937572834,16.6688175201416
1780959465.51444,4.990577634329004,-2.9788371763907144,0.21408251217370985,0.2789323668892205,16.701719522476196
1780959465.5551963,4.990117808633139,-2.980578042790902,0.2160570468369139,0.282807254452937,16.742475748062134
1780959465.59142,4.989755942542202,-2.9821819207670472,0.21616486521620976,0.2864138022179201,16.77869939804077
1780959465.62754,4.989591666348818,-2.983218218824662,0.21529103892051354,0.28890165295828574,16.81481957435608
1780959465.6647594,4.989626450477155,-2.983659353473076,0.2136546239958924,0.29021700144973117,16.852038860321045
1780959465.6973734,4.989861465092753,-2.9834814654075994,0.21144999498636194,0.2903112818029614,16.884652853012085
1780959465.738422,4.990262732861273,-2.982759004681932,0.20927374782945565,0.28932499602744066,16.925701379776
1780959465.7781124,4.990672172174963,-2.981888667967886,0.20926177724065215,0.28805954273117695,16.965391874313354
1780959465.8173559,4.991070175591357,-2.9809557127566197,0.21159664496373393,0.2866965282867273,17.004635334014893
1780959465.8654163,4.991464264277462,-2.9800237822429367,0.2157983057014481,0.2853610613614199,17.052695751190186
1780959465.900887,4.991875980172882,-2.9792869433430753,0.21855083514918164,0.2844025752113488,17.08816647529602
1780959465.945688,4.992365806887889,-2.978647616464793,0.21767793460189216,0.2835899776700419,17.132967472076416
1780959465.989646,4.992756905968857,-2.978485865379834,0.21533961249341077,0.283715106045598,17.17692542076111
1780959466.0212922,4.992990701441126,-2.9789032249996206,0.21222114805057038,0.2850050157374593,17.208571672439575
1780959466.061291,4.993092298797599,-2.9797036467437796,0.20959220323946265,0.28710148129942503,17.248570442199707
1780959466.0941067,4.99312993500375,-2.980544781216098,0.2093219773208661,0.28933908310774115,17.281386137008667
1780959466.1347413,4.993124193495847,-2.9813941266887505,0.21141388522286933,0.2916357521744999,17.322020769119263
1780959466.17487,4.993113905908731,-2.9822039711767347,0.21539798388510223,0.29387605736228295,17.362149477005005
1780959466.2106333,4.993257147936445,-2.982668566590251,0.21869101836361377,0.2954234315575377,17.397912740707397
1780959466.252086,4.993517003249406,-2.9830701273460063,0.21852190506520558,0.2968194681237728,17.43936538696289
1780959466.2962344,4.993908189730859,-2.983248361150066,0.21572151573817158,0.2977830043289309,17.483513832092285
1780959466.3304567,4.9944673887278865,-2.982898715159416,0.21216461648936674,0.2977320108621644,17.517736196517944
1780959466.3709435,4.995044379120285,-2.9823654181476087,0.21003136403432585,0.2973541354674243,17.558223009109497
1780959466.405081,4.995585711981223,-2.98180243639152,0.21023769976667292,0.29696463120589733,17.592360496520996
1780959466.4468393,4.9960938687516245,-2.9812413495944856,0.21270582956849107,0.2966274492349399,17.634118795394897
1780959466.4886467,4.996559077939924,-2.9808217005574673,0.21650821632840983,0.2965953213394563,17.675926208496094
1780959466.5200057,4.9969405394106055,-2.9808630385009414,0.219036702626404,0.297450268550409,17.707285165786743
1780959466.5569985,4.997382835185001,-2.9810043935079955,0.2180523791301509,0.2984671767682112,17.744277954101562
1780959466.5896971,4.997780714242805,-2.9814480417935068,0.2147331347569539,0.3000465628800475,17.776976585388184
1780959466.6321197,4.998054273410038,-2.982222463002114,0.21165038500507552,0.30230162465514,17.819399118423462
1780959466.6752653,4.9982742153543995,-2.9829918337453623,0.2107386176758927,0.3046024107240015,17.862544775009155
1780959466.7111952,4.9984590977947505,-2.9837283265526287,0.21209474269497314,0.306881785244423,17.89847469329834
1780959466.7505648,4.9986515272180885,-2.984361846075252,0.21523595908433232,0.3089944984693771,17.937844276428223
1780959466.7851596,4.999027110369084,-2.984522765554599,0.21783037910474126,0.3102277016006152,17.97243905067444
1780959466.8257291,4.999588330905772,-2.984256397503143,0.2188490149222651,0.3106658362896937,18.01300859451294
1780959466.8667462,5.000251434709158,-2.983920420575064,0.2165099333088758,0.31097083256436164,18.054025650024414
1780959466.9002993,5.001016318095284,-2.9832930171745393,0.21346261252463547,0.31075916609587395,18.087578773498535
1780959466.940214,5.0017397341418315,-2.982654347895706,0.21231172967018025,0.31057509941240813,18.127493381500244
1780959466.9747148,5.002411061130701,-2.9820559039104264,0.2132719040336452,0.31052030981346235,18.161994218826294
1780959467.0152948,5.002982880288234,-2.9817365331865093,0.21517636940865756,0.3110075591533148,18.202574253082275
1780959467.0527375,5.003390959732386,-2.98201077420409,0.21626904409838102,0.3125762232470244,18.24001693725586
1780959467.0865896,5.003636797767826,-2.982857251107371,0.216458594699098,0.3151747564641685,18.273869037628174
1780959467.1272068,5.003733498681322,-2.9842160334514465,0.2157999596516478,0.31869135058822984,18.314486265182495
1780959467.160672,5.003809129496903,-2.9855859586926434,0.2158332068758972,0.32225659247979266,18.347951412200928
1780959467.2013338,5.004067426545653,-2.986440348274512,0.21523785258842748,0.32492250850759596,18.38861322402954
1780959467.2451043,5.00453702427021,-2.9867065210189367,0.21387269818259885,0.32657059344789374,18.43238377571106
1780959467.2790866,5.005159797816739,-2.9865075943061528,0.212594517442183,0.3274296893860207,18.466366052627563
1780959467.3224123,5.005776818758063,-2.9862009430126872,0.21338441188354101,0.3281435646060711,18.50969171524048
1780959467.3561792,5.006387296342643,-2.9858167488080816,0.21614913588667853,0.3287687241659274,18.543458700180054
1780959467.3979807,5.007131205102759,-2.9851050901359986,0.21859373065583934,0.32886083117640474,18.585260152816772
1780959467.438828,5.007964165047983,-2.984361037933975,0.21782003305623135,0.32888308241339637,18.626107454299927
1780959467.4723048,5.008678269053881,-2.984059986438132,0.21539656838752924,0.3296555878426837,18.659584283828735
1780959467.5159512,5.009256849204393,-2.984100724653964,0.21336738330739985,0.33104417425178667,18.703230619430542
1780959467.5604606,5.00976706909767,-2.984194407010218,0.2134709569006057,0.332578253701044,18.747740030288696
1780959467.5900521,5.010213280548861,-2.984353562233577,0.2156207169637672,0.33426970021597757,18.777331590652466
1780959467.629371,5.010522669530194,-2.984919176518725,0.21780616466207153,0.33663698456778945,18.816650390625
1780959467.661223,5.010682919884052,-2.9859881663505443,0.21872452710553225,0.33981845362877827,18.84850239753723
1780959467.70345,5.010901806265996,-2.9870337428008216,0.21693835977266548,0.34295269677216567,18.890729427337646
1780959467.747518,5.011254940334369,-2.987687486046401,0.21479159867707567,0.34547052579795334,18.934797525405884
1780959467.7817469,5.0115939534377505,-2.988242535648429,0.214548452144405,0.34786319970701385,18.96902632713318
1780959467.8240318,5.011984658250302,-2.988565054233026,0.21561620521787483,0.34991813636132374,19.011311292648315
1780959467.8556533,5.012595320211393,-2.9883153192646295,0.21603458614907087,0.35109155123137725,19.042932748794556
1780959467.89863,5.01338222577742,-2.9876013964531953,0.21616933704713606,0.3515597622776605,19.085909366607666
1780959467.9385238,5.014162258437582,-2.9868228108725847,0.21791161251920602,0.3519667576318817,19.125803232192993
1780959467.9711602,5.014848994318227,-2.9862947976856162,0.2199022593581456,0.352784290129482,19.15843963623047
1780959468.0091338,5.015450590319856,-2.9861192608328984,0.21973791059043343,0.3541415437185709,19.196413278579712
1780959468.0370233,5.015876277797286,-2.9864642383906426,0.2184084477708604,0.35629596508547046,19.224302768707275
1780959468.0719237,5.016131128698874,-2.9872664447826835,0.21646214502288694,0.35915430797847314,19.2592031955719
1780959468.107371,5.016325269698256,-2.9881124285968013,0.21606968056263878,0.36211208725261557,19.294650554656982
1780959468.1498756,5.016495105421011,-2.9889032795830324,0.21748656580980905,0.36501485533956135,19.33715510368347
1780959468.1900108,5.016818209857908,-2.989286332059542,0.2187527409012099,0.36732764740104695,19.37729024887085
1780959468.2241013,5.017363779472581,-2.9891304964526033,0.21901305103774296,0.3688593769396711,19.411380767822266
1780959468.2645404,5.018125739530477,-2.988454175002108,0.2182412126536371,0.3696470492585018,19.451819896697998
1780959468.3018315,5.018953013143587,-2.9875747431782944,0.217953033612365,0.37016126415265127,19.489110946655273
1780959468.328928,5.019632759439299,-2.9870573107227454,0.2177025191098849,0.3712140852980461,19.516207456588745
1780959468.3651125,5.020099213608183,-2.987112212327771,0.2165676846969346,0.373095598170746,19.55239200592041
1780959468.3966868,5.020420701550953,-2.987485960992393,0.21595431407145768,0.37545849854409674,19.58396625518799
1780959468.4377599,5.020679005937836,-2.9878980681683527,0.21730875136270056,0.37791144597391746,19.62503933906555
1780959468.4770682,5.020824260142591,-2.988543547400413,0.2193896079531361,0.38070195616498204,19.664347648620605
1780959468.5102131,5.020859305664957,-2.9895371429377664,0.21960195142420402,0.383967646306667,19.697492599487305
1780959468.5516346,5.021064861328819,-2.990168711844175,0.21796968452305923,0.3867291487678175,19.738914012908936
1780959468.5831788,5.021408125768373,-2.9904224113843316,0.21636841321820105,0.3889800407980477,19.770458221435547
1780959468.627551,5.021732258202996,-2.990600603624374,0.21669453668303457,0.3911557755163768,19.814830541610718
1780959468.668351,5.022091278769215,-2.9906092325755016,0.21838852169589174,0.39312732169347164,19.85563039779663
1780959468.7053823,5.022671254357998,-2.9901090826284302,0.21929713548393617,0.3944210202211291,19.892661809921265
1780959468.7507024,5.023420901404673,-2.9892283565199604,0.21937119347908346,0.3952063327829336,19.937981843948364
1780959468.7952116,5.024012117105233,-2.9887472493245886,0.218638647929797,0.39653054730422,19.98249101638794
1780959468.827228,5.02438797282376,-2.988789865064558,0.21710907936186907,0.3985632760488542,20.01450753211975
1780959468.8689737,5.024663572076395,-2.988980708682267,0.21688027461741927,0.4008245009747089,20.05625319480896
1780959468.9012938,5.024876066256151,-2.989211011107104,0.218518223516867,0.4031673543011749,20.088573217391968
1780959468.944939,5.024923615588049,-2.989812184454187,0.2200727628094948,0.4059985556390089,20.13221836090088
1780959468.9844515,5.024864283953061,-2.9907221412334475,0.21970391942619535,0.40922487510588823,20.171730995178223
1780959469.0198698,5.024982520321296,-2.991255130420736,0.21783467424306013,0.41195453735323095,20.207149267196655
1780959469.0611353,5.025134195014245,-2.9916203633838343,0.2171963476315804,0.41448079768206014,20.248414754867554
1780959469.0928555,5.025299850068163,-2.9918543494899077,0.2181522515279313,0.4168582105604237,20.280134916305542
1780959469.1346378,5.025682862836188,-2.991596605861111,0.21859585044057375,0.4186071808521703,20.321917295455933
1780959469.172549,5.026250397717902,-2.990921296021317,0.21871264030670973,0.41982249300123975,20.35982847213745
1780959469.2059803,5.026785589645512,-2.9902448056064665,0.22017457688320508,0.42105566445994214,20.39325976371765
1780959469.246014,5.027135787469113,-2.9899921489322128,0.22101592199355666,0.4228338423086191,20.43329358100891
1780959469.2800539,5.027266585473433,-2.9902523892684525,0.220708763113348,0.4252645561114603,20.46733331680298
1780959469.3245835,5.0271839035884325,-2.9909952143411465,0.21937534758164137,0.4283078456893623,20.511862993240356
1780959469.3630931,5.027038175633072,-2.99180687410933,0.21883711226352312,0.43145539102661346,20.55037260055542
1780959469.3991778,5.027084416636893,-2.9921813232589085,0.21795094057721506,0.43405067664085095,20.58645725250244
1780959469.4388635,5.02724281556025,-2.9922629705081496,0.21763940382808727,0.4362777875223074,20.626142978668213
1780959469.4694905,5.027451941327136,-2.992157994751258,0.21857790949534,0.43828630568866167,20.65676999092102
1780959469.5146995,5.0278875883762195,-2.991575783750397,0.21891615602557835,0.43969006409136924,20.70197892189026
1780959469.5541253,5.0283433716138575,-2.990892293892413,0.2203338365787356,0.440976281877937,20.74140477180481
1780959469.587483,5.028663742495061,-2.9905081573842778,0.22105279980821338,0.4426382595568379,20.774762392044067
1780959469.6271555,5.0287886021034085,-2.9905755693110643,0.22028327528148398,0.44486063402896736,20.81443500518799
1780959469.6588736,5.028700005800513,-2.991090543543148,0.21874799261315872,0.44764842730610344,20.846153020858765
1780959469.7021828,5.028546697439815,-2.9916531889579194,0.2185814182655966,0.4505146859044169,20.88946223258972
1780959469.7431,5.028414584347646,-2.99209281103042,0.219700754507626,0.4532384239420866,20.930379390716553
1780959469.7767904,5.028520021645376,-2.9920536992691367,0.2200189054742384,0.4553484487512067,20.964069843292236
1780959469.8176854,5.028879210281972,-2.991515840162535,0.21932162528176025,0.45681630265779205,21.00496482849121
1780959469.8510702,5.029299044278929,-2.9908083598914117,0.2193641303701709,0.45807198826894346,21.038349628448486
1780959469.8922539,5.029563103884889,-2.9903867591029227,0.21964101350979898,0.45969189940488775,21.079533338546753
1780959469.9288232,5.029575117384926,-2.9904926936422473,0.218902445952447,0.46197635074743815,21.116102695465088
1780959469.9636018,5.0294133325826635,-2.990919716185802,0.21824893200228837,0.4646769429105486,21.15088129043579
1780959470.0075264,5.029206776117882,-2.9913431267000465,0.21935245786849444,0.46739029591349635,21.19480586051941
1780959470.0480812,5.029043366647744,-2.9916384320924823,0.2210591777531999,0.46994188151317395,21.235360622406006
1780959470.0773134,5.029016385619627,-2.9917495990741187,0.22009634256717625,0.47222794367236887,21.26459288597107
1780959470.1178539,5.029191571350168,-2.991469374646582,0.2183760749403971,0.4739985327768377,21.30513334274292
1780959470.150037,5.0293584654436625,-2.99112368921793,0.218194553955432,0.4756972712312528,21.337316513061523
1780959470.1877398,5.029486563057036,-2.990771251160118,0.21975789466818205,0.47740334532739226,21.375019311904907
1780959470.2303343,5.029474189725902,-2.990690304317685,0.2209827159286327,0.47945660524818745,21.417613744735718
1780959470.2632194,5.0293970649516435,-2.990822939423157,0.2194043216402422,0.48175611544256647,21.450498819351196
1780959470.3016999,5.029199106084801,-2.99115195982205,0.218078216975614,0.4843203291652962,21.48897933959961
1780959470.334313,5.0289684263059495,-2.991451520745253,0.2185456528395976,0.48686229923237434,21.521592378616333
1780959470.3749723,5.028808520391922,-2.9915662792105233,0.21990868930201074,0.48916514715429216,21.562251806259155
1780959470.4148924,5.028920196850414,-2.9911968385284293,0.2202396372740194,0.4908040740068351,21.602171897888184
1780959470.450709,5.029234647615598,-2.9904860906949167,0.21921325987847656,0.49195855637141594,21.637988567352295
1780959470.4948037,5.029463069859164,-2.989918702261211,0.21827210705723865,0.4932983836727285,21.682083129882812
1780959470.5331888,5.02952994181488,-2.989619214895205,0.21779390193679202,0.4950040081345346,21.720468282699585
1780959470.5799317,5.029428948386357,-2.989596148970296,0.21782906476853825,0.4970901568610273,21.767211198806763
1780959470.6237247,5.029164991462111,-2.9898389519361177,0.21838730372662166,0.49954382178750834,21.811004161834717
1780959470.6592882,5.028748745984543,-2.990330707676025,0.21937277364939697,0.5023409121748106,21.846567630767822
1780959470.7046862,5.028322082299653,-2.990833320104636,0.22019805817945837,0.5051487551154192,21.891965627670288
1780959470.7430184,5.028155549580148,-2.99089942530809,0.21973670226648312,0.5073251952988045,21.9302978515625
1780959470.7887526,5.028255818550117,-2.990505727337912,0.21834082127272797,0.5088349640402337,21.9760320186615
1780959470.830625,5.028395522512787,-2.989988870139235,0.2180541419705734,0.5101726645623703,22.01790452003479
1780959470.8577266,5.02848136912426,-2.989503937708756,0.21929586103283777,0.5115658625041499,22.045006036758423
1780959470.8970613,5.028345940762333,-2.9894284117859007,0.21996252047283282,0.5135294546356377,22.084340810775757
1780959470.9301987,5.027957538569839,-2.989833462917209,0.2194484484233235,0.516167575961239,22.117478132247925
1780959470.9727116,5.027526408674361,-2.9903246711757068,0.21826469773866802,0.5189238639514446,22.159991025924683
1780959471.0113978,5.027215425838088,-2.9905692102438235,0.2176193524112202,0.5213216044759212,22.19867730140686
1780959471.0476763,5.0270530880176825,-2.990526908072294,0.21741936957380137,0.5232941118963472,22.23495578765869
1780959471.0872192,5.027032291355907,-2.9902122154729116,0.21775776513570533,0.5248597806908881,22.27449870109558
1780959471.1198962,5.027152677617056,-2.9896352915398965,0.2185378114916997,0.5260264645935724,22.307175636291504
1780959471.1613498,5.027355438695621,-2.9889102212152494,0.21950080088846924,0.526956462650574,22.348629236221313
1780959471.2007835,5.027356302356669,-2.988570123253898,0.21940884892205845,0.5284414061033225,22.388062953948975
1780959471.2378056,5.027092400763694,-2.9887161394452613,0.21822827493861494,0.5306481023361442,22.425085067749023
1780959471.2836764,5.026708443167992,-2.989033779908869,0.21769163707813585,0.5331279600431067,22.470955848693848
1780959471.3282914,5.026323824082434,-2.9892883898281606,0.21866284082382464,0.5355266346240075,22.515570878982544
1780959471.358959,5.026184026125976,-2.9891470112891754,0.21907224811169837,0.5372903125803195,22.5462384223938
1780959471.3972025,5.0263404834905465,-2.988546698930261,0.21841216757812695,0.5383019015115167,22.584481954574585
1780959471.428425,5.026544005752758,-2.9878543600819514,0.21813361161234204,0.5391517586422427,22.61570453643799
1780959471.4696436,5.026498957077602,-2.9875985740274693,0.2172096791555689,0.5406768483549964,22.656923055648804
1780959471.508489,5.026318087001738,-2.987540651651815,0.2170165681225911,0.5425288673027122,22.695768356323242
1780959471.5413616,5.026048486905858,-2.9875792745734526,0.21812376251898094,0.5445487135151375,22.728641033172607
1780959471.5838578,5.025532281411064,-2.988052785830977,0.2184549642582581,0.5472574449163066,22.771137237548828
1780959471.6215165,5.025117499569462,-2.988384613562704,0.21800264285790083,0.5497213167923061,22.808795928955078
1780959471.6686106,5.024978355919001,-2.9882899140351915,0.21681913724391863,0.5514545952095471,22.855890035629272
1780959471.7181861,5.024869254731193,-2.9880946712477727,0.21703074373608222,0.5530297595541995,22.905465602874756
1780959471.756909,5.0248250475342955,-2.9877575924312674,0.2183291425251762,0.5543757265561275,22.944188356399536
1780959471.8003416,5.025016924779885,-2.9870988547320287,0.21817501264543607,0.5551338185375059,22.987621068954468
1780959471.8378518,5.025086862131298,-2.986689010151001,0.21675068909470516,0.5562775089816441,23.025131225585938
1780959471.883599,5.025088560821972,-2.9863355870225803,0.216808362973653,0.5575376894659172,23.070878505706787
1780959471.9277086,5.0248856265963235,-2.9863082468211206,0.21693828273346358,0.5593514999982805,23.114988088607788
1780959471.9673548,5.0244923699743245,-2.9865881450967073,0.21712045993083937,0.5616969897998301,23.15463423728943
1780959472.012726,5.0240609707327595,-2.9868888373746283,0.21842427632134398,0.5640913130741652,23.200005531311035
1780959472.0487435,5.023754702477382,-2.9870709138604608,0.217682065374313,0.5662324253014104,23.23602294921875
1780959472.0949748,5.023696735409272,-2.9868846674736305,0.21636929374616984,0.5676948312910506,23.282254219055176
1780959472.1380086,5.023642732343683,-2.9866383329787,0.21661730758035982,0.5690663101621372,23.32528805732727
1780959472.1725457,5.023598282411906,-2.9863348453288134,0.21825396323012833,0.5703500171319575,23.359825134277344
1780959472.2160661,5.023635978131141,-2.9860007502287647,0.21748500761769457,0.5715159900178364,23.403345584869385
1780959472.246891,5.02359137289527,-2.985823939567966,0.21609457996748727,0.5729486445879282,23.434170484542847
1780959472.289122,5.023510203739913,-2.985642877141926,0.2164526451563523,0.5744015907591322,23.476401567459106
1780959472.3279557,5.023335776465127,-2.985575821066858,0.21786863884185775,0.5760737122961981,23.51523518562317
1780959472.3613725,5.023017548417841,-2.9858070361495628,0.21736080068124616,0.5782569828577362,23.548651933670044
1780959472.4008014,5.022730176021784,-2.9860254633677488,0.21607210574072166,0.5803919873805592,23.588080883026123
1780959472.4363043,5.022436863338559,-2.986192934886811,0.21644148296786075,0.5824595831760568,23.623583793640137
1780959472.4754245,5.022379760647633,-2.986014531032044,0.2166136589306626,0.5838591330853191,23.66270399093628
1780959472.516163,5.022576282045179,-2.985480433412586,0.21637699492628143,0.5845501710833121,23.703442573547363
1780959472.5543156,5.02274887964188,-2.984947891465656,0.21745349235356953,0.5852530685990445,23.741595029830933
1780959472.5958617,5.022689140160614,-2.9848019567130364,0.2179078065457863,0.5866757516903975,23.783141136169434
1780959472.6423142,5.0223836387032685,-2.985083991716115,0.21697576585323344,0.5888945881590661,23.829593658447266
1780959472.673446,5.021977746031368,-2.985510896032613,0.2163064854144478,0.5914049336646672,23.86072540283203
1780959472.7176752,5.021800958141291,-2.9856053842444026,0.21547276945346985,0.5932522560550728,23.90495467185974
1780959472.7481897,5.02169463672762,-2.985560515180562,0.21580820788526997,0.5948377598629477,23.935469150543213
1780959472.7890587,5.021837895160299,-2.985165674694053,0.21592349824716264,0.5957119794584536,23.976338148117065
1780959472.8301094,5.022049462985472,-2.9846503238075677,0.21706291862634075,0.5963485151444967,24.017388820648193
1780959472.864429,5.022247478744186,-2.9842140071979903,0.21697944539960493,0.5970993139997507,24.051708459854126
1780959472.9070368,5.022197770168787,-2.9841996396507198,0.2156566344668432,0.5986627473952488,24.094316244125366
1780959472.9391608,5.022047423578436,-2.9843027849515793,0.21534619367797153,0.6004883323590775,24.126440286636353
1780959472.9787228,5.021867790912323,-2.9843970639227275,0.21675338302407254,0.6023279875933714,24.16600227355957
1780959473.0164752,5.021696468178019,-2.9845311595667465,0.2170094601358942,0.6042123797549266,24.203754663467407
1780959473.0492806,5.021670122738242,-2.9845364742191705,0.21539761460551382,0.6057795706854083,24.236560106277466
1780959473.0888326,5.021646974036171,-2.984487383649347,0.21532275187532943,0.6072636425402642,24.27611207962036
1780959473.1230838,5.021627634974843,-2.984389228936579,0.21680237107296277,0.6086762584086047,24.310363292694092
1780959473.1648645,5.021763227611692,-2.9841396491962833,0.2167080309280108,0.6097234290480564,24.35214400291443
1780959473.202079,5.021912483269788,-2.9839347671007395,0.21526913860092395,0.6108194054695737,24.389358520507812
1780959473.2370908,5.022027594617729,-2.983725432373975,0.21553955431143312,0.611944886250452,24.424370288848877
1780959473.2758977,5.022002572449232,-2.983704792512381,0.216441112235468,0.6134729321516978,24.46317720413208
1780959473.3087833,5.021694818747275,-2.9841357899482617,0.21631848001494397,0.6159233256798409,24.496062755584717
1780959473.3518963,5.0214861736999765,-2.9844568441504475,0.21554942567092922,0.6181306383373029,24.539175748825073
1780959473.3912122,5.021434873461172,-2.9845528216107597,0.21517986045772114,0.6198530442023467,24.578491687774658
1780959473.4252918,5.021502208669166,-2.98446212639279,0.21559695581343016,0.6211960855630458,24.612571239471436
1780959473.4659357,5.021806273711209,-2.984064963792166,0.21583114059179156,0.6218610522996286,24.653215169906616
1780959473.4978065,5.0220785144386975,-2.9837004252286174,0.2168171177310901,0.6226050044177578,24.685086011886597
1780959473.5413804,5.022186425875713,-2.9836463854319972,0.21600182083510527,0.6239573119438777,24.728659868240356
1780959473.584068,5.022090305447382,-2.9838898934789126,0.215043700338133,0.6259528712620739,24.771347522735596
1780959473.6182783,5.021964904461793,-2.9841227509086306,0.2157494331354732,0.6279670376205573,24.80555772781372
1780959473.6627383,5.02195356471358,-2.984193520062272,0.21691842369797418,0.6296370355917933,24.850017786026
1780959473.694525,5.0221502955109925,-2.984078092416695,0.2157110455017841,0.6308298222601589,24.88180446624756
1780959473.7376862,5.022435147241568,-2.9838315258238794,0.21512766822567064,0.631744086744848,24.924965620040894
1780959473.7796783,5.022662307126969,-2.9836243407840177,0.2159796405903372,0.6327782797859758,24.966957807540894
1780959473.815051,5.022627533675021,-2.9838104085050303,0.21618407399006717,0.6346497507423194,25.002330541610718
1780959473.8544245,5.022377033764416,-2.984316842165282,0.21594020031727923,0.637214235450787,25.041703939437866
1780959473.8970199,5.022348237236277,-2.984539329326123,0.21541347961308085,0.6391501891122822,25.084299325942993
1780959473.9297059,5.022516462118576,-2.9845040305211783,0.21501955547061516,0.6405087267443701,25.116985321044922
1780959473.9737353,5.02270852846487,-2.9843974928816692,0.21606083390044026,0.6417483170646765,25.161014795303345
1780959474.005799,5.02312546522005,-2.9840394904738536,0.21611623082910048,0.6423960946709926,25.19307851791382
1780959474.045916,5.0233894410824815,-2.983937691328299,0.21513783829928923,0.6435745203002252,25.233195543289185
1780959474.0880704,5.023581532827853,-2.983894455649357,0.21549721808534694,0.6449229950481428,25.275349855422974
1780959474.1226435,5.023535316899374,-2.9841872435290133,0.21558513010866956,0.6470057599564587,25.30992293357849
1780959474.1608202,5.023397609454742,-2.9845881546804995,0.2163759770202725,0.6493507580110922,25.34809970855713
1780959474.1968179,5.023495765503614,-2.9847096669645743,0.21651568630431184,0.6510554017655537,25.38409733772278
1780959474.2386634,5.02388172033942,-2.9845021043396938,0.21561767549787905,0.65199161118856,25.42594289779663
1780959474.282552,5.024266254605558,-2.984270272706267,0.21577890495733543,0.6528977921250565,25.469831466674805
1780959474.3167975,5.024387101443759,-2.9844107904217734,0.2154175263188457,0.6546172024514139,25.504076957702637
1780959474.3554885,5.024371274100868,-2.9847189809911767,0.21568303067308178,0.6567326538670368,25.542768001556396
1780959474.3896017,5.024344129338669,-2.9850241432681552,0.21665069634971423,0.658860859327663,25.576881170272827
1780959474.4311707,5.024492009449198,-2.9851867874857576,0.21551271347562823,0.6606116447263926,25.618450164794922
1780959474.4664848,5.024716682908743,-2.985225890377376,0.2153175594281874,0.6621104814441319,25.653764247894287
1780959474.5009692,5.024941267506167,-2.9852236425887995,0.21661033639931623,0.6635623840812865,25.68824863433838
1780959474.5448627,5.02524486963596,-2.9851990498181764,0.21590109991291037,0.664905618924128,25.732142210006714
1780959474.5789175,5.025522823997098,-2.985211322575323,0.2153888464877474,0.6663388984043568,25.766196966171265
1780959474.6212304,5.0257477466492535,-2.9852486856027958,0.21634169093332908,0.6678725852432121,25.808509826660156
1780959474.6584482,5.025754090952832,-2.9856009739328155,0.21638149704560009,0.6700834087679084,25.845727682113647
1780959474.6953926,5.02575465614548,-2.9859955394154576,0.21567234686911677,0.672368136547334,25.88267207145691
1780959474.7337716,5.025873751453653,-2.9862181278451874,0.21568415403657937,0.6743003931114036,25.921051025390625
1780959474.7680726,5.02621021537581,-2.986177867690386,0.21572859088210875,0.6756430016821078,25.955352067947388
1780959474.814981,5.0266182373769865,-2.9860251195711007,0.21671576874389412,0.6767692228746123,26.002260446548462
1780959474.858074,5.027037253248142,-2.9859311862025355,0.2158520926865874,0.6779663505260398,26.045353412628174
1780959474.8944168,5.027319713917241,-2.985996061325369,0.2155609347884447,0.6795429345655579,26.081696271896362
1780959474.9391947,5.027494488953346,-2.9861640033710763,0.21631479024040368,0.6813811069511431,26.126474142074585
1780959474.9699516,5.02740233149646,-2.986688190207162,0.2164676952356368,0.6839932620713185,26.157231092453003
1780959475.0178192,5.0274848213645065,-2.987009827656491,0.21634137167040438,0.6861606055213425,26.205098628997803
1780959475.0613465,5.027847549695193,-2.987011066571388,0.21574808484900868,0.6876038584851489,26.248625993728638
1780959475.094115,5.028210451738247,-2.9869701842002545,0.21666264277133157,0.6890005221384818,26.281394481658936
1780959475.1331966,5.028575034380181,-2.98696167407224,0.2166634974243082,0.6904483320459711,26.320476055145264
1780959475.1783319,5.028816796659228,-2.9871393969926614,0.21576764578807353,0.6922845510395517,26.36561131477356
1780959475.2102864,5.0290243667061,-2.987308909815902,0.21649580279282524,0.6941585519288012,26.397565841674805
1780959475.2527888,5.029162537845507,-2.987570446588633,0.21702398607156362,0.696233741328987,26.440068244934082
1780959475.2869802,5.0293454517795455,-2.987836914175027,0.2159445606717049,0.6982773959433155,26.474259614944458
1780959475.3289816,5.029512004090874,-2.988072493886575,0.21647565226443105,0.7003061422422494,26.516261100769043
1780959475.369857,5.029867796655682,-2.988080969176485,0.21716089131271227,0.7018563248615468,26.55713653564453
1780959475.4031825,5.0303646725118165,-2.9879773042365647,0.2163575333018774,0.7031178686042105,26.59046196937561
1780959475.4433281,5.03075179274142,-2.987981441200586,0.21631554114139007,0.7046424903187329,26.63060760498047
1780959475.4710183,5.030929428149478,-2.988232681881993,0.2163954218733213,0.7067175421244132,26.658297777175903
1780959475.511454,5.030938896927388,-2.988665590768743,0.2169583704424198,0.7092030428235763,26.69873356819153
1780959475.5525846,5.030998218543166,-2.9890575543436624,0.21701428851225302,0.7115997163159973,26.739864110946655
1780959475.5877001,5.031366714596793,-2.9891135696012827,0.21641260388258146,0.7132541730800472,26.77497959136963
1780959475.627412,5.031747889841055,-2.989115123377211,0.21719630411051724,0.7148362968018409,26.8146915435791
1780959475.6617646,5.03208542004424,-2.989194107173442,0.2170977335696508,0.7165685733053531,26.84904408454895
1780959475.7047334,5.032307728759965,-2.989426892303647,0.21643865385920702,0.7186232398209551,26.89201283454895
1780959475.747549,5.032500278699584,-2.9896433199840375,0.21740371949387283,0.7206980463786783,26.934828519821167
1780959475.7824678,5.032705756060598,-2.9898827074545875,0.21707167377578396,0.7227962921064766,26.969747304916382
1780959475.8239582,5.032958362038617,-2.9900757171000434,0.21659824314296083,0.7247960191326399,27.011237621307373
1780959475.8614554,5.033204582975296,-2.990228399024879,0.21765216402604265,0.7267645891189884,27.04873490333557
1780959475.9044375,5.033555774813316,-2.9903113238676338,0.217081105905642,0.7285475342311791,27.091717004776
1780959475.9431288,5.0339130859575505,-2.9903808490155503,0.2167938623166877,0.730318489783019,27.13040828704834
1780959475.9759915,5.0341826432151375,-2.9905113255269633,0.21768023808152326,0.732259645109469,27.163270950317383
1780959476.0161428,5.034221747575915,-2.990935923051288,0.21724713767104883,0.7347934816016881,27.20342230796814
1780959476.047823,5.034254857227015,-2.991357387102992,0.21706422827761224,0.737336846660499,27.23510241508484
1780959476.0892375,5.0345395676979265,-2.991500632858208,0.21676633611209287,0.7393047129318262,27.276516914367676
1780959476.1283586,5.034907007795214,-2.991524072255448,0.21746692659380515,0.7410540962632597,27.315638065338135
1780959476.162582,5.035446444459083,-2.9913735490818913,0.21765312234512454,0.7424364014997087,27.34986138343811
1780959476.2039545,5.035810889331889,-2.991443390652017,0.2168772360719591,0.7442578770165831,27.391233921051025
1780959476.2395153,5.036090944460906,-2.9915641886611635,0.2173776904166234,0.7462341186555346,27.42679476737976
1780959476.2800906,5.036091001262905,-2.9919955669660787,0.21750707495729352,0.7488517712282121,27.46737003326416
1780959476.3208525,5.0361015226077335,-2.992399193204741,0.2180706636230204,0.7514374234515273,27.508131980895996
1780959476.3522632,5.036477966851948,-2.992435985679696,0.2176502324095814,0.753245624356154,27.53954267501831
1780959476.3904266,5.036972182068383,-2.992332265692694,0.2177144587039015,0.7547800491973087,27.57770609855652
1780959476.4349003,5.037197158509919,-2.992518245528798,0.21749797583798092,0.7569127166506959,27.622179746627808
1780959476.4641118,5.037267669601767,-2.992849156551047,0.21785880647407901,0.7593718619114762,27.65139126777649
1780959476.50365,5.037356911523944,-2.9931568839442124,0.21808112557405776,0.7617912034984204,27.690929412841797
1780959476.5374365,5.037652674219778,-2.9932725161038953,0.21735378794835541,0.763797206762626,27.72471594810486
1780959476.5828671,5.03793936621432,-2.9933504236565547,0.2181558327070462,0.7657769532667302,27.77014660835266
1780959476.6236622,5.038224804957744,-2.993449954795954,0.2180058462336086,0.7677860643335315,27.810941696166992
1780959476.654836,5.038448845993057,-2.9936254395048465,0.2173570271102145,0.769945292098436,27.84211540222168
1780959476.6952689,5.038640984042915,-2.993782665639493,0.21832925674749593,0.7721219259842105,27.882548332214355
1780959476.7287054,5.038796841989292,-2.994006459987953,0.21800363096794254,0.7744094854880004,27.915984869003296
1780959476.773614,5.0389693296668945,-2.994213517738183,0.21754798528000063,0.7766662773711017,27.960893392562866
1780959476.8166199,5.039150726977653,-2.9943652237065437,0.21852883228987105,0.7788623538910677,28.003899335861206
1780959476.8527584,5.039500051478474,-2.9943834937992975,0.21796653799995733,0.7807549078694391,28.040037870407104
1780959476.8978999,5.0398529131208605,-2.9943869592675245,0.21769525418694127,0.7826341487129564,28.085179328918457
1780959476.9362154,5.040075190261515,-2.9944898252007253,0.21833839673263897,0.7847473501345297,28.123494863510132
1780959476.9867806,5.039972215926663,-2.994932754839515,0.21826229393787341,0.7875338267924414,28.174060106277466
1780959477.0298393,5.040009667982798,-2.995229189304203,0.21810307905378926,0.7900393203179155,28.217118740081787
1780959477.0656874,5.040306872678847,-2.9952674864023106,0.21777811170373562,0.7920231576897852,28.25296688079834
1780959477.1105592,5.040615124008747,-2.9952527448320514,0.21880253758573512,0.7939473612190397,28.29783868789673
1780959477.1477637,5.04093513988171,-2.995269194911248,0.21803987965109903,0.795891726271436,28.33504319190979
1780959477.1889918,5.041163557390202,-2.995351156222215,0.21799652693924731,0.7979983970661007,28.37627124786377
1780959477.2327218,5.041248231000757,-2.995544168349323,0.21874837581225262,0.8003555720216138,28.42000126838684
1780959477.2697237,5.041161041672866,-2.99593276294707,0.21815326271096355,0.8030788860012805,28.457003116607666
1780959477.3126838,5.041205047499887,-2.996176841719554,0.2179069725553289,0.8055313831031832,28.49996328353882
1780959477.3517776,5.041431047332463,-2.9962275867803463,0.21808253536539995,0.8076155989485461,28.53905701637268
1780959477.3984005,5.041825030914016,-2.9961006109642,0.21872035872121548,0.8093638000994563,28.58568000793457
1780959477.4394045,5.042202039362693,-2.9960080040254913,0.21845086794001803,0.8111573535971308,28.626683950424194
1780959477.4709394,5.042313703537438,-2.99616695715437,0.21799514450416782,0.8134613040123284,28.65821886062622
1780959477.5104508,5.04235342550632,-2.996350883446603,0.2188794984027149,0.815859260504161,28.69773030281067
1780959477.5424678,5.04231835731369,-2.9966344646927214,0.21831947294018508,0.8184273849221242,28.72974729537964
1780959477.582628,5.04234887597003,-2.996833371530337,0.21838950104045932,0.8208472264721411,28.769907474517822
1780959477.6222606,5.042624580091675,-2.9967953504915656,0.21845977271647615,0.8228037318084134,28.809540033340454
1780959477.6541154,5.0429697437810175,-2.996675018363142,0.21905210693927388,0.8246089780321757,28.841394901275635
1780959477.694128,5.043009614927128,-2.996852540792038,0.21874274769806,0.8269930295303345,28.881407499313354
1780959477.7369099,5.042891007663378,-2.9971663480172426,0.21852785371346595,0.8296649195429087,28.92418932914734
1780959477.7671437,5.0430316126527766,-2.9972359057015017,0.21822295182149248,0.8318511648231457,28.954423189163208
1780959477.804238,5.043265634379363,-2.9971899036577114,0.21885473217679327,0.8338368104675151,28.991517543792725
1780959477.835304,5.043623094173247,-2.9970478706592156,0.21860771838361506,0.8356059384069088,29.022583484649658
1780959477.8769784,5.043765618911126,-2.997095183360127,0.21837173763631743,0.8377649983350217,29.064257860183716
1780959477.916446,5.043743111827796,-2.9972647777527484,0.21880995429603153,0.8401944584328618,29.10372543334961
1780959477.9483008,5.043583053996532,-2.9975624199712,0.21877333906984484,0.8428802891903606,29.13558030128479
1780959477.988057,5.04374258821808,-2.997579748886673,0.21824658666911345,0.8449879827067512,29.175336360931396
1780959478.022999,5.043933366344461,-2.997530204077499,0.21902467015977964,0.8470011800709152,29.210278511047363
1780959478.068112,5.044163753126569,-2.997470603350009,0.2185121836639962,0.8489611923319469,29.255391359329224
1780959478.1086214,5.044318868925047,-2.9974580991742106,0.21858302432245594,0.8510391996106055,29.29590082168579
1780959478.1442246,5.04424011781816,-2.9976370997935633,0.21882597233876994,0.8535156627325673,29.331504106521606
1780959478.181271,5.044122231831667,-2.9978534536001202,0.2186598040853541,0.8560684811035992,29.368550539016724
1780959478.2177901,5.044268146783808,-2.9978371344900228,0.21837284321246156,0.8581404485038977,29.405069589614868
1780959478.2642012,5.044466909765699,-2.9977420216987447,0.21912757392898238,0.8600871343580891,29.451480627059937
1780959478.3100133,5.044678309029688,-2.9976685117123116,0.21837146533100246,0.8620338333508446,29.4972927570343
1780959478.3385203,5.044795366052023,-2.9976428192139095,0.21868878360338578,0.8641158653957373,29.52579975128174
1780959478.3711116,5.044626446008655,-2.997859952209667,0.21878554395140387,0.866697588516681,29.558391094207764
1780959478.3939536,5.0445933235124665,-2.9979514300311503,0.21897730536767163,0.8690313641579603,29.581233024597168
1780959478.4246378,5.0448826069142925,-2.997778458645015,0.21864509760790837,0.8707958868391827,29.61191725730896
1780959478.45598,5.044993954592443,-2.997741215517433,0.21859051872336296,0.8728517049927058,29.643259525299072
1780959478.481855,5.04488113188217,-2.997883108047086,0.21871549399539744,0.8752943546139278,29.669134378433228
1780959478.5077574,5.044804922031857,-2.997986109128456,0.21880882021245712,0.8776611030742743,29.69503688812256
1780959478.533263,5.044903329872544,-2.997954417471807,0.2183029446085517,0.8797234081119942,29.720542430877686
1780959478.5690286,5.044992983631614,-2.9978905716809257,0.21913352504205816,0.8817619265901779,29.75630807876587
1780959478.611984,5.045088250280491,-2.997856831876263,0.21832717749823408,0.8838150488211394,29.79926347732544
1780959478.6432917,5.045147349708612,-2.9978208269968754,0.21863608051869937,0.8858999879130511,29.830571174621582
1780959478.684061,5.045081661335402,-2.997883916873655,0.2187377879211962,0.8881937970546758,29.87134051322937
1780959478.7179575,5.044992441286578,-2.9979705382049153,0.21852839705172977,0.890528048650661,29.905236959457397
1780959478.7581837,5.045086536883942,-2.997890861653272,0.2187394973171079,0.8925242917466782,29.945463180541992
1780959478.8005953,5.045324643235063,-2.9976991216517317,0.21864903528654947,0.8942587761850938,29.987874746322632
1780959478.8377373,5.045281920426933,-2.9977327845056436,0.2183867517905309,0.8964814813039492,30.02501678466797
1780959478.8784103,5.045163558148655,-2.9978027050883522,0.21882981251403236,0.8988100254235558,30.0656898021698
1780959478.9207268,5.045097061615728,-2.997849489257285,0.2183974440532218,0.9010584070591401,30.108006238937378
1780959478.9549394,5.045179527694147,-2.997756643051964,0.2185924454667933,0.9030234757434439,30.142218828201294
1780959478.992464,5.045358571042961,-2.997584831658968,0.21878290746985574,0.9048044101184782,30.17974352836609
1780959479.0266616,5.045207859145106,-2.99768092613607,0.21843931858957286,0.9071658819339987,30.21394109725952
1780959479.0667226,5.045140309888921,-2.9976951899954676,0.21854892240352475,0.909366426418595,30.2540020942688
1780959479.1096683,5.045324519688208,-2.997512087238552,0.21861882616852657,0.911113675854688,30.296947717666626
1780959479.1408312,5.045257773450787,-2.9975192446753303,0.21865018301183767,0.9132872008271704,30.328110694885254
1780959479.1804912,5.045104962167243,-2.9975993611106366,0.21829370584036242,0.9156178063169413,30.367770671844482
1780959479.2104828,5.045225768067837,-2.997451510909666,0.21850874307923623,0.9176411700551146,30.397762298583984
1780959479.2507222,5.045379789070847,-2.9972807246535598,0.21844981337261735,0.9195984778988606,30.43800163269043
1780959479.2896743,5.045339523743842,-2.997258432163423,0.21833931554744998,0.9219258385818332,30.476953744888306
1780959479.323471,5.0452790935902625,-2.997239946793579,0.2184714359547847,0.9244514512788298,30.51075053215027
1780959479.3629682,5.0451536265452495,-2.997275970843814,0.21834563885323904,0.9270779226955135,30.55024766921997
1780959479.3992283,5.04534220674699,-2.997070374570321,0.21830978036844284,0.9292477189547528,30.58650779724121
1780959479.4419265,5.04551525920737,-2.9968743853991047,0.21827591441263566,0.9315504902200207,30.62920594215393
1780959479.4846528,5.0453742639119,-2.996917910549735,0.2179599854832973,0.9343712782346003,30.671932220458984
1780959479.5180545,5.045145075335547,-2.9969978286537593,0.21871888941388318,0.9370573686688113,30.705333948135376
1780959479.5573795,5.045284854576378,-2.996833167185367,0.2182732983278287,0.9390913057013908,30.744658946990967
1780959479.5941203,5.045646325758968,-2.9965044880480978,0.21793013814014384,0.9408024000760955,30.781399726867676
1780959479.6417317,5.045780447252864,-2.996345030782365,0.21733640002382806,0.9430635728773504,30.82901120185852
1780959479.6808717,5.045723840179696,-2.9963088233102932,0.2173958236342991,0.94563100967056,30.86815118789673
1780959479.7193766,5.045356016382917,-2.996474861289296,0.2182920549995094,0.948446584498793,30.90665602684021
1780959479.7577868,5.044953553247585,-2.9966904961816963,0.21811045583420846,0.951323540597123,30.945066213607788
1780959479.791452,5.044923515578777,-2.9966586418048267,0.21708335513418742,0.9534437916368024,30.978731393814087
1780959479.8304055,5.044880445124907,-2.996605224519104,0.21731062941663096,0.955393310232548,31.017684936523438
1780959479.8695521,5.045044890731307,-2.9963926298234487,0.21803790532351294,0.9569556841130638,31.05683159828186
1780959479.9011698,5.045595067022954,-2.995929567588339,0.2180212088746466,0.9579637410772834,31.088449239730835
1780959479.9387395,5.045843193806991,-2.995699146054221,0.21720532871397547,0.9596161159437697,31.12601900100708
1780959479.9692633,5.045796068605672,-2.9956747456756236,0.2164326971470727,0.9617892655113138,31.156542778015137
1780959480.0101595,5.045592296503423,-2.9957180752194543,0.21739788011023797,0.9639999761858364,31.197438955307007
1780959480.051572,5.045134606728789,-2.9959363299814656,0.21841940879270896,0.9666089076657025,31.23885154724121
1780959480.086704,5.044810383662089,-2.996115646949126,0.21723946325998772,0.9690608523369608,31.273983478546143
1780959480.1275413,5.044841050801404,-2.996043858067576,0.21630995389926294,0.9710502297349795,31.314820766448975
1780959480.1668673,5.044869022196452,-2.9959324982419075,0.21714288859285305,0.97299309293291,31.354146718978882
1780959480.196345,5.045136686269764,-2.9956497508313826,0.21847028843632843,0.9746113490081365,31.38362455368042
1780959480.2377312,5.045549474032698,-2.9953363582473425,0.21712157793170275,0.9761460579495491,31.425010681152344
1780959480.2751095,5.045791757511899,-2.9951325675939335,0.2160641257266727,0.9779678147120885,31.46238899230957
1780959480.320942,5.046112965148013,-2.994838598034993,0.2166018730448512,0.9798799719220899,31.50822138786316
1780959480.3610907,5.046058517286226,-2.994809228861479,0.21671388645737807,0.9825016755938591,31.548370122909546
1780959480.3973742,5.045743766376983,-2.9949673679990143,0.21639341955549382,0.9858076015090882,31.584653615951538
1780959480.437811,5.045479207405405,-2.995059945117772,0.21757976267971854,0.9891689612561105,31.62509036064148
1780959480.4725015,5.045064844774964,-2.995272203246488,0.21799613591147793,0.9927782265836633,31.659780979156494
1780959480.5145907,5.045394231821221,-2.995043947126562,0.21677389861473378,0.9958899904470302,31.70187020301819
1780959480.5510986,5.0458750149589084,-2.9946919708802127,0.21685468804434835,0.9988414012692681,31.738378047943115
1780959480.587217,5.046109729558029,-2.994491685163974,0.2174364852133092,1.0021400572286883,31.77449655532837
1780959480.626059,5.045784822248176,-2.9946666506143473,0.21702019381092705,1.0062346480902793,31.8133385181427
1780959480.6564174,5.04532484092901,-2.9948964942307503,0.21735218206735854,1.0105025703788115,31.84369683265686
1780959480.7102165,5.045210104990082,-2.9949016662016157,0.2173984563731948,1.014094913296704,31.897495985031128
1780959480.7554326,5.045544823683922,-2.9946348654930244,0.2165664281566912,1.0168288046493537,31.94271206855774
1780959480.7915764,5.045972436602435,-2.9942715620947022,0.2168867706592458,1.019345795581195,31.978855848312378
1780959480.8315637,5.04626598880823,-2.9939604241763913,0.21801087915983117,1.022094523667434,32.01884317398071
1780959480.8652763,5.04610998344634,-2.9939392126203117,0.21802900158885236,1.0256320727579027,32.05255579948425
1780959480.9086137,5.045642060498691,-2.9941202080367773,0.2169610252475064,1.0297001986525451,32.095893144607544
1780959480.9515495,5.045320431449154,-2.994188960244984,0.21626336899078227,1.0334347488823248,32.13882899284363
1780959480.9898329,5.045211468553238,-2.9941027817405335,0.2162311523778478,1.0367355452563434,32.177112340927124
1780959481.0297403,5.045443858164699,-2.9937979106430084,0.216385196696804,1.0394396774369747,32.21701979637146
1780959481.0650563,5.0458377876648886,-2.993370533399874,0.21731827452317548,1.0417809405244647,32.25233578681946
1780959481.1069443,5.046303251513096,-2.992902608565724,0.21782374084846262,1.0439722981195922,32.29422378540039
1780959481.146189,5.046312435408906,-2.9927141995336006,0.21725485852043952,1.0469745277983922,32.333468437194824
1780959481.184533,5.045970650469719,-2.9927251619453474,0.21632249155810968,1.0505760521323522,32.37181258201599
1780959481.230284,5.045614277655277,-2.9926959130532924,0.2169730671111151,1.0541575244812993,32.41756343841553
1780959481.2610257,5.045490257956819,-2.992517027321533,0.2179383204735288,1.0572567919324953,32.44830513000488
1780959481.3057885,5.045771771405772,-2.9921377753055025,0.2172318800359303,1.059618379409951,32.49306797981262
1780959481.3445268,5.046173325033968,-2.991680995780576,0.2165433285511732,1.0617221477551784,32.531806230545044
1780959481.37954,5.046351747176985,-2.991320698625565,0.21648204606536908,1.0641613623528245,32.56681942939758
1780959481.4225976,5.046161278720487,-2.991164023672751,0.21605516401377856,1.0672634522825488,32.60987710952759
1780959481.4674935,5.045887670698847,-2.9910093750534026,0.21709476654534515,1.0704381340511198,32.654772996902466
1780959481.4999125,5.045324800089658,-2.9910181948925443,0.2174641786604948,1.0741060222208363,32.6871919631958
1780959481.537921,5.045013568833613,-2.9909155170351434,0.21635124293831845,1.0773100813326657,32.72520041465759
1780959481.571036,5.044796089675962,-2.9907242689531466,0.21640193201405444,1.0802648190894724,32.758315563201904
1780959481.6094518,5.044865997972558,-2.990361403746773,0.21671647388706486,1.0826723192120884,32.7967312335968
1780959481.6512048,5.045193122286727,-2.989850077889657,0.2172537887972769,1.084568475333434,32.83848428726196
1780959481.6838882,5.045374195768302,-2.9894052380001446,0.21780445688612698,1.0866782786808376,32.87116765975952
1780959481.7244222,5.0451768500496605,-2.989184908318534,0.21683038762670018,1.0894672189970631,32.911701679229736
1780959481.7580087,5.044805479899814,-2.989028534277481,0.21657804149508514,1.0925075795928691,32.94528818130493
1780959481.8024197,5.044490165220138,-2.988802202523775,0.21765936776331896,1.0953933245621998,32.98969912528992
1780959481.8397114,5.044542367797448,-2.9884030528541103,0.2175788210215993,1.0976077544272407,33.02699089050293
1780959481.8753836,5.044786685144159,-2.9879121599296568,0.21683235366452705,1.099443855609147,33.062663078308105
1780959481.9133258,5.044866334533629,-2.9874744600276673,0.2168785661016445,1.101525068169618,33.10060524940491
1780959481.950257,5.044586278744844,-2.987216198572525,0.21664864876457365,1.1042073874337666,33.13753652572632
1780959481.9902852,5.044206007165863,-2.9869705185589193,0.21765028411290213,1.1070005627180244,33.17756462097168
1780959482.0286067,5.043720369114312,-2.986800680612978,0.21715958289274595,1.109974054928644,33.21588611602783
1780959482.0638716,5.043450611638227,-2.986515343576242,0.21662975702466228,1.112517804381337,33.2511510848999
1780959482.1045463,5.043287585539889,-2.986140130801959,0.21722751591743375,1.1148203717153216,33.29182577133179
1780959482.1361513,5.043526718495531,-2.9855704848163165,0.21729153051407066,1.1163938778074955,33.32343077659607
1780959482.1763337,5.0436528256836395,-2.9850355027785422,0.2178112665069343,1.1181058291203865,33.36361312866211
1780959482.2174554,5.043309914996457,-2.984741687772239,0.2172668562074437,1.1206161370934868,33.40473484992981
1780959482.2506356,5.042756760219984,-2.984530029061051,0.21717277209597208,1.1234425424357033,33.437915086746216
1780959482.2907865,5.042424960668941,-2.9841897213906186,0.21752677442189172,1.1258429843656916,33.478065967559814
1780959482.3229344,5.042544782376405,-2.9836417330535063,0.21708843380751727,1.1274476862580523,33.51021385192871
1780959482.3703864,5.04268535906964,-2.983049287971544,0.21774642861753324,1.1289544393256996,33.55766582489014
1780959482.4099708,5.042438942231015,-2.98264028096831,0.21788056519660712,1.1310906098066411,33.59725022315979
1780959482.4449422,5.041802898957252,-2.9824181462498514,0.2174061722563238,1.1338578511004105,33.632221698760986
1780959482.4847891,5.041371696117511,-2.9820820225489113,0.21718165863647004,1.136259755388343,33.67206859588623
1780959482.5190775,5.041345259820269,-2.9815513664748954,0.21706218009917957,1.1381250604546391,33.7063570022583
1780959482.5578034,5.041361796621521,-2.980971701587621,0.21818562617878703,1.1398632322758662,33.74508285522461
1780959482.5907443,5.041371892603591,-2.980437078066307,0.21731068414659757,1.1416063487915018,33.7780237197876
1780959482.6235461,5.04125936024455,-2.979942426514645,0.2171135785846261,1.1435317254669082,33.81082558631897
1780959482.6625776,5.040988193363261,-2.979496231101379,0.21784383338247068,1.145663142126427,33.84985709190369
1780959482.7073357,5.039741880366508,-2.9795067885693878,0.21777839652352673,1.148403891646395,33.894615173339844
1780959482.7414923,5.03804051570141,-2.9797415845434516,0.2169650047896812,1.150554996848573,33.92877173423767
1780959482.7856543,5.036911928669257,-2.9797380506927604,0.2153519592259041,1.1517771460319945,33.972933769226074
1780959482.8216362,5.036246499466244,-2.979537614062454,0.213198640685451,1.152025492007506,34.0089156627655
1780959482.8665142,5.0361392187110585,-2.979083782905839,0.21118026076732918,1.1513920358108907,34.05379366874695
1780959482.9113727,5.0361046887378444,-2.978553604907843,0.21145704185486253,1.1504745024901384,34.09865212440491
1780959482.945708,5.036141713031072,-2.9779540411920324,0.21410566979395437,1.1493501689633412,34.13298749923706
1780959482.9895253,5.03661155744389,-2.977177582778272,0.2169439537818492,1.1475312497204815,34.17680478096008
1780959483.0269287,5.037542698578546,-2.9762335197618914,0.2188664745159243,1.1448918303943199,34.214208126068115
1780959483.0730531,5.0387288466046725,-2.975233330536801,0.21867974922876018,1.141927255515129,34.2603325843811
1780959483.115462,5.039457321622658,-2.97448432468637,0.21692543318846613,1.1397143893171489,34.30274152755737
1780959483.1515908,5.039607494899552,-2.974015881522837,0.21441674312571654,1.1384587561089639,34.33887028694153
1780959483.1900256,5.039344085908779,-2.973722895910675,0.21246118103561892,1.1379018839331927,34.377305030822754
1780959483.22307,5.038950035307551,-2.9734417915020934,0.21288014416333542,1.1375794817301763,34.41034936904907
1780959483.2643046,5.038416682812617,-2.973188135110554,0.21548140493487103,1.1375044344800846,34.45158410072327
1780959483.3031862,5.037432859461489,-2.973157748917597,0.2180437980448654,1.138172761001913,34.49046564102173
1780959483.3388278,5.035941986668315,-2.9733924882117435,0.21956179012539406,1.1396789700596868,34.52610731124878
1780959483.377885,5.03439932940344,-2.973706348790933,0.21850617342027406,1.1413480564488454,34.56516456604004
1780959483.4140155,5.0333607875983555,-2.9738109317690973,0.21616823016721615,1.142312302202381,34.60129499435425
1780959483.454123,5.032805022359966,-2.973688686376971,0.2136949881548312,1.1425808409387965,34.64140248298645
1780959483.4932647,5.03236973284775,-2.973464334432991,0.21331594716682817,1.1426709156154553,34.68054413795471
1780959483.526595,5.032060176280194,-2.9731410362947988,0.21508381221374662,1.1425810637872136,34.71387457847595
1780959483.5637252,5.032250563161802,-2.9725969227170195,0.21685180198099543,1.1417956782901006,34.751004695892334
1780959483.595506,5.033018661936859,-2.9718126250415002,0.21783314712888768,1.1402144005709856,34.782785415649414
1780959483.6359022,5.034210809583601,-2.9708511053022932,0.2183748721120632,1.1380580940898621,34.82318162918091
1780959483.675875,5.035138163193762,-2.9700174037585727,0.21894518169668145,1.1363302092258536,34.86315441131592
1780959483.711402,5.035525181535102,-2.969457503318008,0.218549029031136,1.1354487180822517,34.89868140220642
1780959483.7550943,5.035355574582002,-2.969171573590148,0.2173225857240764,1.1354253144807522,34.942373752593994
1780959483.7853463,5.034624367653993,-2.9691539883458296,0.21542768728151318,1.136257010006915,34.972625732421875
1780959483.8191414,5.033651330610575,-2.9692184000948356,0.21472672197408985,1.1374668013246758,35.006420850753784
1780959483.851048,5.032625385996777,-2.9692613024263506,0.21617294527573291,1.138765460852749,35.03832745552063
1780959483.884941,5.0315998036464125,-2.9692730448540914,0.21943667921572327,1.1400785697811289,35.07222056388855
1780959483.9247043,5.030851742515699,-2.969184824598425,0.22179661894008507,1.1410446740583717,35.11198377609253
1780959483.9644775,5.030245077447181,-2.9690997101367187,0.22082402368269086,1.141887746866038,35.15175700187683
1780959483.9965158,5.030114582346612,-2.9688156563137484,0.21851136129702148,1.1421167786710384,35.18379521369934
1780959484.0413723,5.030437126595682,-2.968320747756037,0.21581190557871496,1.1417473082203404,35.22865176200867
1780959484.0755043,5.030818540854239,-2.9677549556233553,0.21496139379759321,1.1413027746558706,35.26278376579285
1780959484.1185338,5.031191912728009,-2.967149251993023,0.2162715162008805,1.1408816189838173,35.30581331253052
1780959484.1610794,5.031516728310524,-2.966536560761728,0.21940040066832794,1.1405488022920203,35.34835886955261
1780959484.1946933,5.031482839853102,-2.9661096660818123,0.22196198376604864,1.1407487732267354,35.381972789764404
1780959484.2328737,5.03134981345347,-2.965793172375802,0.22127888258180306,1.1411468981102502,35.42015314102173
1780959484.2615952,5.030883558613696,-2.9656598852076157,0.2185958627968506,1.1420329295162839,35.448874711990356
1780959484.2995389,5.030110064469296,-2.965646206219472,0.2161988161735271,1.1433567770964528,35.48681831359863
1780959484.3338828,5.0293138387965035,-2.965591870195947,0.21584866613441492,1.1447158888565063,35.521162271499634
1780959484.3714106,5.0285225070656505,-2.965490242941374,0.21755827828517585,1.1460707507772012,35.55869007110596
1780959484.416837,5.027942669782933,-2.965276616994635,0.22014699939678473,1.1471658484991725,35.604116439819336
1780959484.4485137,5.027893721059772,-2.9648455744480495,0.2216876720209792,1.1476050801558877,35.63579320907593
1780959484.4905434,5.02812589348492,-2.9643310594268018,0.22080275414292722,1.147727015784998,35.67782282829285
1780959484.5294447,5.028622859337566,-2.963724610026554,0.21810632750505338,1.147549990904066,35.716724157333374
1780959484.5626237,5.029155722686773,-2.963064002756615,0.2168745753736996,1.1473307726688091,35.749903202056885
1780959484.6031506,5.029625622920011,-2.9623895737423975,0.2175937592175301,1.1472014178318481,35.79043006896973
1780959484.6386287,5.029730067992163,-2.9618700503749746,0.2186511878077718,1.1475604998139364,35.825908184051514
1780959484.6860037,5.029274075524383,-2.9616147053432753,0.21885818781792993,1.1486652309311935,35.87328314781189
1780959484.727905,5.028275594606252,-2.9616115276882997,0.21820669634997308,1.1504859517993964,35.91518449783325
1780959484.764738,5.027061961390145,-2.9616816897215146,0.2183291789060573,1.152595656619745,35.95201754570007
1780959484.8059378,5.025928323224809,-2.961681966249412,0.21982474106931746,1.1546094104921307,35.99321722984314
1780959484.840016,5.02528510302917,-2.9614733767072656,0.22058321995283034,1.156031277221759,36.02729535102844
1780959484.8821485,5.025183292483585,-2.9610388798711673,0.22032515831392072,1.1568030571986165,36.06942796707153
1780959484.920821,5.025617268924875,-2.960380594197568,0.2190742200203292,1.1569345107930298,36.10810041427612
1780959484.9527788,5.026343235381223,-2.9595845141661616,0.21803294721361938,1.1567117748369045,36.140058279037476
1780959484.998911,5.0270248383824985,-2.958769845310556,0.21876150389570473,1.156544590568041,36.186190366744995
1780959485.0352724,5.027315241534124,-2.958123563263225,0.21947260776417732,1.1568771649303882,36.22255182266235
1780959485.0800238,5.027053079571343,-2.957731568166994,0.21926932233850593,1.1579168650564569,36.267303228378296
1780959485.1235096,5.026242607751226,-2.9575872242158843,0.218187081401606,1.1596530281301698,36.31078910827637
1780959485.1589355,5.025182022074892,-2.9575293456351397,0.2178052695475414,1.161709480675789,36.34621500968933
1780959485.204699,5.0241069854868075,-2.957434329209587,0.21926906098644725,1.1637795417693333,36.39197850227356
1780959485.249813,5.0233290601466045,-2.957200918007714,0.22097593342371974,1.1654980029312645,36.437092542648315
1780959485.2836366,5.023084436368282,-2.9567543023832217,0.22157992942303875,1.1665865405214664,36.47091603279114
1780959485.3235106,5.023360083853644,-2.9560996329924785,0.2210650412099539,1.1670636420853482,36.5107901096344
1780959485.360168,5.02411190026675,-2.9552537640914682,0.21956645836511327,1.1669772159854457,36.54744744300842
1780959485.402797,5.024779566524062,-2.954432656596883,0.21829888293236382,1.1669904971526046,36.5900764465332
1780959485.4463825,5.025041800912096,-2.9537772159684064,0.2170628866166547,1.1675098260283736,36.63366198539734
1780959485.4781632,5.025040887864517,-2.953205044099774,0.21693922261330903,1.1683513753094168,36.66544270515442
1780959485.517217,5.024607312298221,-2.9528069970109865,0.21701881380266147,1.1697318140521222,36.70449638366699
1780959485.5478296,5.0238534707562,-2.9525223114613715,0.21786296962468552,1.171503238182865,36.735109090805054
1780959485.5903108,5.022821947978728,-2.9523370612173863,0.21936718023077872,1.173618595114732,36.77759027481079
1780959485.6293824,5.021544226709063,-2.9522526451623263,0.2206527144062662,1.1760416704101928,36.8166618347168
1780959485.6631668,5.0206518175379165,-2.9520235144072275,0.22071058118356637,1.178017899448494,36.85044622421265
1780959485.704932,5.020298684379999,-2.9515819009498943,0.21971198121960395,1.1793542827149066,36.89221143722534
1780959485.7407084,5.0204634435287145,-2.950932424969794,0.2179110541718734,1.1800726633815373,36.927987813949585
1780959485.783555,5.020758109827634,-2.950198434801978,0.21738374197127674,1.1806232373365448,36.970834493637085
1780959485.823743,5.0210458626268,-2.949427431338597,0.21876635212121076,1.1811730836721726,37.01102256774902
1780959485.8556683,5.021174754134154,-2.948703459823342,0.22112132393868772,1.1819158151002274,37.04294776916504
1780959485.8965526,5.021015549371706,-2.9481349921024074,0.22136362685183014,1.1830366983288148,37.083832025527954
1780959485.9282627,5.020561141223367,-2.9477226145915942,0.21934665883558327,1.1845369492705773,37.11554217338562
1780959485.9710836,5.019804236955636,-2.9474177495765925,0.21752814583579114,1.1864153022288022,37.15836310386658
1780959486.0092185,5.019035428918013,-2.9470721808291342,0.21761103134649082,1.1882972294531875,37.19649791717529
1780959486.0439131,5.018308513767293,-2.946671822249526,0.2194052405030585,1.1901170268659431,37.23119258880615
1780959486.0830321,5.018014956219144,-2.946103271217062,0.22077362173305168,1.1914118616011313,37.2703115940094
1780959486.1155086,5.018241748436864,-2.9453457172608632,0.22098199513920633,1.1920761002807048,37.3027880191803
1780959486.157662,5.018697629954095,-2.9445330232209432,0.21903423574492414,1.1924722732058708,37.34494137763977
1780959486.1962175,5.019167018841075,-2.9436894868959125,0.21815585255780956,1.1928407944019188,37.3834969997406
1780959486.2283113,5.0193746975582005,-2.942929947101465,0.2180470586317068,1.1935269391724423,37.41559076309204
1780959486.269185,5.019026220225119,-2.942400107744736,0.21719116526751361,1.1949178297190812,37.456464529037476
1780959486.3026133,5.018459848478193,-2.941930164634574,0.21745895441437257,1.1965820122113513,37.48989272117615
1780959486.347297,5.017760930835036,-2.9414800596550217,0.21920397183965853,1.1984031474013257,37.534576416015625
1780959486.3863246,5.016603191295199,-2.9412213795151545,0.22011954697902536,1.200811824210959,37.573604106903076
1780959486.42011,5.015598138443104,-2.9409292375258267,0.21941880195193758,1.2030511131385602,37.60738945007324
1780959486.460636,5.015144067011276,-2.940435924915707,0.21772361786147768,1.2045978254716525,37.64791536331177
1780959486.5031514,5.014946057523027,-2.93982450402746,0.21675264410835943,1.2058060003665414,37.690430879592896
1780959486.536114,5.014782590273548,-2.93915903715045,0.21773398254820048,1.2069513907109313,37.72339344024658
1780959486.574619,5.014835201534403,-2.9383949007263275,0.21957953307443098,1.2078152241393108,37.76189851760864
1780959486.6095443,5.0153550115671,-2.9374809769712553,0.22005040621560304,1.2080846711032631,37.79682374000549
1780959486.653287,5.015688435837959,-2.936679372995182,0.21834429629607818,1.2086039764469767,37.84056639671326
1780959486.6964173,5.01574257506181,-2.9359706450566496,0.21712359510818244,1.2094878747442959,37.88369679450989
1780959486.7277186,5.015710258801042,-2.9352570409863334,0.21768223051600308,1.2104716456303208,37.914998054504395
1780959486.7670608,5.015236691251078,-2.9347102479279203,0.2180767797617354,1.2120363339589248,37.95434021949768
1780959486.802165,5.014298834553827,-2.9343444566309644,0.2179989457827288,1.2142239333076086,37.98944449424744
1780959486.8474927,5.013299842460573,-2.933970799920118,0.21937712946972504,1.2164852839622338,38.03477215766907
1780959486.887039,5.01262003666066,-2.933481107334057,0.22057307934839704,1.2183232096250043,38.074318408966064
1780959486.9230525,5.0123571408324095,-2.9328719239097483,0.21999083589257648,1.2196177626909392,38.110332012176514
1780959486.9620602,5.012606300828827,-2.932092934858596,0.2183688957218558,1.2202264292593803,38.14933967590332
1780959486.9950666,5.0129941433242795,-2.9312449680021655,0.21763932078682893,1.2206300314362117,38.18234610557556
1780959487.0335925,5.013268671255213,-2.9304113839491746,0.218293497412813,1.2211714626426016,38.220871925354004
1780959487.070984,5.013045080603832,-2.9297728188105157,0.21827677649362517,1.2223991367828217,38.25826334953308
1780959487.103695,5.012312726073633,-2.929332970257358,0.217493746391863,1.2243371897770086,38.290974378585815
1780959487.1453977,5.0114558853791475,-2.9289122345689877,0.2179531116471395,1.2264425341821488,38.332677125930786
1780959487.17879,5.010669553490481,-2.928440921425049,0.2197029179275407,1.2284408370886135,38.36606955528259
1780959487.2204988,5.010231693721517,-2.927877023803029,0.21991050217278907,1.2299650429168532,38.40777826309204
1780959487.2611337,5.010225672052852,-2.927193385531611,0.21843910259885424,1.2308987719424032,38.448413133621216
1780959487.2999744,5.01051421520492,-2.926402580516603,0.21710589640006747,1.2314056115940595,38.48725390434265
1780959487.34913,5.01078071664123,-2.925585768113148,0.21755418529037285,1.2319246422772308,38.53640937805176
1780959487.3851404,5.0108092773381845,-2.924842431075226,0.2186827215914925,1.2327743109805045,38.57241988182068
1780959487.4339252,5.010305929152636,-2.924309270652606,0.21878113929787174,1.2343983400434633,38.62120461463928
1780959487.4753888,5.009319798035792,-2.923962648875843,0.21799685759667092,1.23673214941667,38.662668228149414
1780959487.513709,5.008308054003123,-2.9236074026250467,0.2180225973869985,1.2391042810144004,38.70098853111267
1780959487.5593731,5.007786263661422,-2.923095109309291,0.21740388086161183,1.240770089942398,38.746652603149414
1780959487.5985413,5.0077397214537385,-2.9224308279236935,0.21631132159407992,1.2417399707932688,38.785820722579956
1780959487.6445389,5.007766292787356,-2.9217122654732215,0.2168318975267635,1.2425825613505914,38.83181834220886
1780959487.6892068,5.007887089355846,-2.9209404128677927,0.21871855653850955,1.2432757916361208,38.87648630142212
1780959487.7310226,5.00825023916891,-2.920133014845342,0.21863408691440106,1.2436228422133064,38.918302059173584
1780959487.7742348,5.0083021482265035,-2.9194727639398237,0.21673241039603558,1.2444492327463275,38.96151423454285
1780959487.8248556,5.008219299062031,-2.918833293969849,0.2161015226117816,1.245471752872648,39.01213502883911
1780959487.8607688,5.008067780621182,-2.9181851164372636,0.21720703314399933,1.2465848492502207,39.04804825782776
1780959487.9067369,5.00749809304385,-2.9176879316835325,0.21802809415849875,1.2483364111403086,39.094016313552856
1780959487.9425077,5.006458653960701,-2.91736864920199,0.21800112142814698,1.2508208348003542,39.12978720664978
1780959487.986202,5.0056618705095275,-2.9169778283621777,0.21757414600139005,1.252947018924937,39.173481464385986
1780959488.033872,5.005401251191674,-2.9164308459027097,0.21624333801054244,1.2542546173145972,39.22115135192871
1780959488.0707545,5.005304168498354,-2.9158111096323855,0.21602200816965192,1.2552940824424184,39.258033990859985
1780959488.119107,5.005252970373874,-2.9151472967421928,0.21749916312711914,1.2562481378640857,39.30638647079468
1780959488.153102,5.005582370736392,-2.914378806319686,0.21845613931593624,1.2566161104889666,39.340381383895874
1780959488.1992044,5.005874041027598,-2.913680518795088,0.21699587766351683,1.257059613271303,39.386483907699585
1780959488.242488,5.005935090561301,-2.9130519784845417,0.21601891768397488,1.2578691308955792,39.429767370224
1780959488.2812207,5.005910730979602,-2.9124220943019647,0.21664343192450766,1.2588018982816465,39.4685001373291
1780959488.3242993,5.00542907481164,-2.911953686663592,0.21682889207404415,1.2604691351745938,39.51157879829407
1780959488.3583302,5.004590666014327,-2.911607161404332,0.2169318619262366,1.2627188019751951,39.54560971260071
1780959488.4009998,5.003832689793815,-2.911215552036769,0.21817493196772333,1.2648359261694013,39.588279247283936
1780959488.4442906,5.003566323393689,-2.910693744496037,0.21850456254356201,1.2661735452519336,39.6315701007843
1780959488.4833941,5.003828139654406,-2.9100360442344253,0.21768035909959935,1.266669265979159,39.67067360877991
1780959488.5294275,5.004332275518711,-2.9093127465849355,0.21670166007205946,1.2667635747022494,39.71670699119568
1780959488.563579,5.004487871646862,-2.9087040492285094,0.21576098374280656,1.2674287571580827,39.750858545303345
1780959488.6050127,5.004417092374021,-2.908152535609011,0.21571054975519507,1.268461254569182,39.79229211807251
1780959488.6485,5.004001320285398,-2.907710912178077,0.215898698242987,1.2700706563150934,39.835779428482056
1780959488.6827142,5.003338700947571,-2.9073362930240516,0.21677523186504952,1.2720836878731765,39.869993686676025
1780959488.7236392,5.002444401463785,-2.907039972688757,0.21768510790428244,1.2744942024279666,39.91091871261597
1780959488.7602005,5.001986862711501,-2.9066290277736253,0.2179628165530506,1.2761919311176229,39.94747996330261
1780959488.8063445,5.002064511239177,-2.9060856454365043,0.2171089135493537,1.2770128649500379,39.99362397193909
1780959488.849283,5.002461232960402,-2.905454415655011,0.2162131032662294,1.2772983031214027,40.03656244277954
1780959488.8866675,5.002775503822469,-2.9048267817143985,0.2166686839744304,1.2777102836553222,40.073946952819824
1780959488.9353073,5.002614541545307,-2.904363926906349,0.21646033687511823,1.2789342509500816,40.122586727142334
1780959488.9723363,5.002019258295754,-2.904048233413182,0.2157757145243464,1.280909128764109,40.15961575508118
1780959489.0200229,5.001374298196052,-2.9037207095742636,0.21662164815337345,1.2829632616510418,40.20730233192444
1780959489.0631082,5.000932096645569,-2.9033294845759303,0.2179855707551351,1.2846772914581521,40.25038766860962
1780959489.100555,5.000819103537144,-2.9028968237543094,0.21713017401024867,1.2858613270770611,40.28783440589905
1780959489.1484368,5.001095795200413,-2.902368880692158,0.21570637503397813,1.286389457074776,40.335716247558594
1780959489.1975548,5.001383229475068,-2.9018113785670834,0.21586698106310984,1.2868884091528336,40.38483428955078
1780959489.2328334,5.001461788653492,-2.901306932228309,0.21679654507550417,1.287743697145018,40.42011284828186
1780959489.273414,5.0010137358512115,-2.9009858524410417,0.21669749296884333,1.289523808314903,40.460693359375
1780959489.3118246,5.000204487303139,-2.90078164016419,0.21632951043086968,1.2919434110740404,40.499104022979736
1780959489.359115,4.999605017653839,-2.9005096204153644,0.21648516855787756,1.2940087028480818,40.54639434814453
1780959489.4063091,4.999553485996489,-2.9001093402672606,0.21564335338404034,1.2951441257674645,40.59358859062195
1780959489.4452705,4.999718385084944,-2.8996415493212697,0.21550129258714207,1.2959008810044441,40.63255000114441
1780959489.488014,4.999893962259277,-2.8991448113265714,0.21704095886629135,1.2966342249374163,40.67529344558716
1780959489.5263536,5.000118235323179,-2.898676526151796,0.2170732072840963,1.2973072051456036,40.71363306045532
1780959489.569572,5.000055879947562,-2.898334650989822,0.21538916071113126,1.2985050256871542,40.75685143470764
1780959489.6099777,4.999901710902193,-2.897993454602574,0.21508668211263277,1.2998641467275398,40.7972571849823
1780959489.6487844,4.9997188324360655,-2.8976312122855123,0.2165182030862494,1.3012681858269692,40.836063861846924
1780959489.6914914,4.999310630734989,-2.897353393532403,0.2173296881687941,1.3030809883111836,40.87877082824707
1780959489.728544,4.998940790050384,-2.897126510827038,0.21564609829915915,1.3048639207183532,40.915823459625244
1780959489.7740276,4.998604621882276,-2.89686519599378,0.2153244741331353,1.3065823888791241,40.96130704879761
1780959489.8200576,4.998361405612229,-2.896555878653121,0.21634945887793974,1.3081366851454526,41.00733709335327
1780959489.8570406,4.998611269519277,-2.8961394611935116,0.21660340275510004,1.3088488687046045,41.04432010650635
1780959489.899439,4.999153906223632,-2.895664896396044,0.2164156631152735,1.309055085259776,41.08671855926514
1780959489.9367523,4.999248666413278,-2.895332273282538,0.21555708031192786,1.3100612424958094,41.12403178215027
1780959489.982859,4.999097909286923,-2.8950606860720534,0.21526408732491734,1.311513369829422,41.170138359069824
1780959490.0247297,4.998853325812117,-2.8947900885919338,0.2163859653378689,1.3131272282369322,41.21200919151306
1780959490.0622902,4.998178296100318,-2.894657026944311,0.21671556217074484,1.3155141431877464,41.24956965446472
1780959490.1075766,4.997737939686571,-2.8944966658749616,0.21572966228634055,1.3175198242726394,41.29485607147217
1780959490.1434371,4.997513913584312,-2.894271907447811,0.21540050192228272,1.3191432537636594,41.330716609954834
1780959490.1889338,4.997479160026805,-2.893984169844617,0.21597038776246977,1.3204411401827052,41.37621331214905
1780959490.2307305,4.997858480685215,-2.893608266645841,0.21618112925930472,1.3210272301580046,41.418009996414185
1780959490.268262,4.998177129899858,-2.8932396094595494,0.21720884532363205,1.321722959371522,41.455541372299194
1780959490.312967,4.9981199299520265,-2.8930089272288497,0.21668860160892178,1.323102328303614,41.50024652481079
1780959490.3503067,4.997679920871553,-2.892888796763271,0.21577759130631782,1.3251732957158344,41.5375862121582
1780959490.4003735,4.997236993235577,-2.8927415473709623,0.216354639910477,1.3272488299568117,41.587652921676636
1780959490.443747,4.997185952504088,-2.892508284573392,0.21664974023624275,1.3286566626772096,41.63102650642395
1780959490.4791343,4.997597340896017,-2.8921852027315986,0.21621149785648952,1.3292736682130828,41.6664137840271
1780959490.5217984,4.997928063586886,-2.8918747605473176,0.21645815684439323,1.3300324703067758,41.70907783508301
1780959490.5649097,4.997754401814695,-2.8917135679547545,0.21580811815983722,1.3316920506770913,41.75218915939331
1780959490.5978994,4.997391282828517,-2.8915883776427562,0.21591662063395922,1.3336933612374136,41.785178899765015
1780959490.6411269,4.997061913086242,-2.891434116099498,0.2172455172898555,1.3356369278212918,41.82840633392334
1780959490.6839526,4.996936612865617,-2.8912834116273025,0.21640435170681785,1.337259255377072,41.87123203277588
1780959490.7285388,4.997035547440487,-2.891081489597048,0.21576365560772082,1.3384998242775605,41.915818214416504
1780959490.7734442,4.997129647289141,-2.890851280176869,0.21678767392826404,1.3397497612710776,41.960723638534546
1780959490.8096373,4.997145775751752,-2.8906633528969006,0.21693018721738766,1.3411542049391079,41.99691677093506
1780959490.8616695,4.996995325896893,-2.890549600038948,0.21575662918787175,1.3428710734893379,42.048949003219604
1780959490.96792,4.996824924014448,-2.890409580063711,0.2161998645347656,1.344622809359807,42.15519952774048
1780959491.0607657,4.996716865641252,-2.8902456529924185,0.21732727290416823,1.3462750226424323,42.248045206069946
1780959491.1355836,4.996746640040202,-2.8901063204442354,0.21612663403040844,1.3477237253553902,42.32286310195923
1780959491.1587763,4.996822542998215,-2.8899361339488596,0.21610393350165902,1.349096428604657,42.34605574607849
1780959491.2058015,4.996817112645637,-2.8897632542644316,0.21731582426564797,1.3506103317667177,42.393080949783325
1780959491.2341363,4.9966476701151405,-2.8896759306879862,0.21644936763909833,1.3524339410019346,42.42141580581665
1780959491.2666433,4.996431586909038,-2.889589849780139,0.21621866308135895,1.3543446048167285,42.453922748565674
1780959491.2926285,4.996310454431422,-2.889461127403942,0.2171672173062754,1.3560995352698324,42.47990798950195
1780959491.314371,4.996565696502694,-2.8892836002989934,0.21676145062150906,1.3572400447674164,42.50165057182312
1780959491.3395169,4.996848680273392,-2.8891027512915497,0.21652553012157444,1.3583446325901507,42.52679634094238
1780959491.360846,4.996787970193067,-2.88899911667201,0.2162745885037897,1.360038364822179,42.54812550544739
1780959491.3867133,4.996570891968892,-2.8889139240228885,0.21694716461351388,1.3620031304412867,42.57399272918701
1780959491.4125905,4.996110695937452,-2.888894209418987,0.21705204447005966,1.3643895162150335,42.59986996650696
1780959491.434265,4.996005197733605,-2.888821719008182,0.2162815487837552,1.3662022728733936,42.6215443611145
1780959491.4605727,4.995969650162769,-2.8887099960447338,0.21683843285999962,1.3678980107554164,42.647852182388306
1780959491.4829576,4.996270094497221,-2.8885346085854224,0.21727540464444034,1.3690549554493137,42.67023706436157
1780959491.5211196,4.996534331245012,-2.88839627829931,0.21658061948921947,1.3702858875999278,42.708399057388306
1780959491.547668,4.996596372773155,-2.888286392000542,0.21659258311559035,1.3718587351117808,42.73494744300842
1780959491.5697665,4.99638791625604,-2.888227755503225,0.21694516116033846,1.3738899025985276,42.75704598426819
1780959491.5964816,4.9959300970971805,-2.8882180731381553,0.21737641994752277,1.376336614790735,42.7837610244751
1780959491.6178663,4.995829827201149,-2.888158010084705,0.21690694415117867,1.378220560195759,42.80514574050903
1780959491.6449544,4.995982190866367,-2.8880453588390975,0.21677071019762037,1.379696124136406,42.832233905792236
1780959491.6703212,4.996108488658841,-2.8879166863844685,0.21774110480255884,1.38121955337935,42.857600688934326
1780959491.6919067,4.996095269875235,-2.887857257202161,0.2168069861146118,1.3829913492897727,42.879186153411865
1780959491.7186115,4.996001777171689,-2.8877919318885623,0.21698645660937316,1.384899249216783,42.90589094161987
1780959491.750903,4.995887881473295,-2.887718132969649,0.21777703339036145,1.3868453479200111,42.93818235397339
1780959491.77044,4.995814395364932,-2.887676282680012,0.21678153725026747,1.3887485376891142,42.957719564437866
1780959491.7958305,4.9957510425257325,-2.887602780938449,0.21727967283693608,1.390635856483609,42.98310995101929
1780959491.8169558,4.995818019958926,-2.887507588858466,0.21766388550705892,1.39232823794398,43.00423526763916
1780959491.8427997,4.995973892800059,-2.887422380388904,0.21698243915072551,1.393897027258019,43.03007912635803
1780959491.869397,4.996053163605008,-2.887324300836124,0.217604044185197,1.3955876363731976,43.056676387786865
1780959491.889995,4.99568450930791,-2.8873196062272055,0.21756435561008802,1.3979942763461821,43.077274560928345
1780959491.9174066,4.995441405609082,-2.8872998859469874,0.2171389215481386,1.4002213529628245,43.10468602180481
1780959491.9404716,4.995401335201575,-2.8872328411833927,0.21734600865849513,1.4021313049223183,43.12775111198425
1780959491.9777515,4.995676038085011,-2.887111228834448,0.21763436455522753,1.4035622262243734,43.16503095626831
1780959492.0120287,4.9958323441671535,-2.887009875168539,0.217954081994787,1.4051809134685964,43.19930815696716
1780959492.0446467,4.995591936014057,-2.8869939998410996,0.21737043912953055,1.4074292536371038,43.23192620277405
1780959492.0703144,4.995371353961546,-2.886952225124873,0.2178317484712535,1.4096529356508878,43.257593870162964
1780959492.093406,4.995604299779608,-2.886849730432088,0.21763159252095524,1.4111924843562198,43.28068542480469
1780959492.1198697,4.995857324802147,-2.8867379744396606,0.2177669337307859,1.4127019500509368,43.307149171829224
1780959492.1443703,4.995676451998148,-2.8867061719170084,0.21734956798682453,1.4148861626275,43.33164978027344
1780959492.166281,4.995437843733539,-2.8866574854165665,0.21818846871218053,1.4171615131178417,43.35356044769287
1780959492.1915762,4.9953422392897355,-2.886610913303871,0.21769164889388437,1.4192338321722744,43.37885570526123
1780959492.2245886,4.995428033177375,-2.8865331752592285,0.21739830754141823,1.4210360076617938,43.41186809539795
1780959492.2540696,4.995500580175759,-2.88643050121156,0.21837985728303116,1.4228603421671302,43.441349029541016
1780959492.2804432,4.995483395600776,-2.8863776792743048,0.21750121145420095,1.4248339094879645,43.46772265434265
1780959492.3021905,4.9954017532864645,-2.8863128146721317,0.2176568473261591,1.426907844842039,43.4894700050354
1780959492.329727,4.995333887890218,-2.8862312412812856,0.21842187510546165,1.4289645112259644,43.517006397247314
1780959492.3509197,4.995303548093884,-2.8861776840245863,0.21749983575517937,1.4309788325477655,43.53819918632507
1780959492.3757021,4.995275035872214,-2.886092136169143,0.21809341577913266,1.4329900567734004,43.562981605529785
1780959492.4019694,4.995272845178562,-2.886011392542322,0.21809213138271985,1.4349706482881306,43.58924889564514
1780959492.424731,4.995273769612464,-2.8859396996690148,0.21763279913141506,1.4369547703824104,43.61201047897339
1780959492.4512322,4.995253685127912,-2.8858405124199225,0.21856962630464422,1.438969346542743,43.638511657714844
1780959492.4720676,4.995184911160427,-2.885780203524159,0.217746155161975,1.4410670145670066,43.65934705734253
1780959492.498408,4.995101435063605,-2.885701620454029,0.21786450687888054,1.4431876349102506,43.68568754196167
1780959492.527494,4.9950820217831025,-2.885598478169911,0.2186467821259014,1.4452178630634638,43.714773416519165
1780959492.5508714,4.995153635122437,-2.885516569639265,0.21771934815566818,1.447127162407658,43.73815083503723
1780959492.5791717,4.9952276171087435,-2.885403368438935,0.21826441226468318,1.449032490276208,43.76645112037659
1780959492.6074753,4.995072672397908,-2.8853224207962795,0.21838248077863134,1.4512707397964046,43.79475474357605
1780959492.6297147,4.994850892368079,-2.8852608771435033,0.21787781018592411,1.453612784938909,43.816994190216064
1780959492.6549597,4.994745087105704,-2.885160122791488,0.21845000523414587,1.4557897366724815,43.84223914146423
1780959492.676814,4.995100379632275,-2.8850182728588494,0.21831732151721814,1.4573137177184528,43.864093542099
1780959492.7050354,4.995243983459464,-2.8849031136281544,0.21791191999041926,1.4591372383046437,43.89231491088867
1780959492.7334487,4.9951716091102565,-2.8847993650405495,0.21809665967473604,1.4612762158905284,43.92072820663452
1780959492.7535148,4.994810812490666,-2.884718170867834,0.2185233680065257,1.4638203885018273,43.940794229507446
1780959492.7796228,4.9945910304978645,-2.8846310912231337,0.21827332277544667,1.4661766786696075,43.96690225601196
1780959492.801352,4.994682866185272,-2.884508216809362,0.2180735880787023,1.4680889605624161,43.9886314868927
1780959492.8263412,4.994818993000622,-2.8843597976670434,0.2187652184360259,1.4699399854020578,44.01362061500549
1780959492.8532038,4.994883550892637,-2.8842442192350486,0.21806448311789806,1.4718969319692814,44.040483236312866
1780959492.8735662,4.994871823490731,-2.8841084582353065,0.21862688945273462,1.4739598933212976,44.060845613479614
1780959492.8998194,4.994535470672307,-2.8840156631696128,0.21837812851470229,1.4764809347559602,44.087098836898804
1780959492.9219553,4.9943241118530945,-2.8839077812426335,0.2181036809130071,1.4788304391038007,44.10923480987549
1780959492.9473467,4.9943567862254366,-2.8837647556258315,0.21829091085182398,1.4808379307495478,44.134626150131226
1780959492.9731734,4.994635911517929,-2.883591206357297,0.21878649819870594,1.4825020716599768,44.1604528427124
1780959492.998781,4.994701527678653,-2.883452557613749,0.21830809265254553,1.4844620905621584,44.186060428619385
1780959493.043629,4.994558869794415,-2.8833187545172216,0.21839159881518572,1.4867167298445425,44.23090839385986
1780959493.0678568,4.994395927761787,-2.8831763379197306,0.21872272518913854,1.4889982008313556,44.255136251449585
1780959493.0944407,4.994308411826292,-2.883043114293235,0.2181611982763301,1.4911769880749386,44.28172016143799
1780959493.1221905,4.994289831623831,-2.8828753844208674,0.2188871345844225,1.4932593627316946,44.3094699382782
1780959493.1441646,4.9944809124423095,-2.882713372897398,0.2182881062688359,1.4950527279545227,44.33144402503967
1780959493.172811,4.994621162259311,-2.882537585310295,0.2184848431504735,1.496914268526889,44.360090494155884
1780959493.1958702,4.994359439451119,-2.882394281928605,0.21833953141631218,1.4993300321525433,44.38314962387085
1780959493.2314694,4.994089087772098,-2.8822333028167795,0.21895584870828236,1.5017595686961531,44.41874885559082
1780959493.2634974,4.994261749520869,-2.8820570528970215,0.21857031539900712,1.503579853399172,44.45077681541443
1780959493.2985017,4.9944943832262485,-2.881871962359375,0.21829994345515802,1.5053106982224937,44.48578119277954
1780959493.3398924,4.994450560736241,-2.881696724124733,0.2183294461301802,1.507424389587337,44.52717185020447
1780959493.3724434,4.994115447648094,-2.88153091672648,0.2185931698905859,1.5099340122108336,44.559722900390625
1780959493.4192913,4.993871199358026,-2.8813536530323103,0.21896547662794544,1.5123223828682502,44.60657072067261
1780959493.4600453,4.994115754276833,-2.881161527160613,0.2184662807040132,1.5140368005718203,44.64732480049133
1780959493.4902205,4.994288695481309,-2.8809621212385093,0.2183875723854331,1.5158417167113853,44.67750000953674
1780959493.5325959,4.994137536127358,-2.880777580185376,0.21834536230267132,1.518094442898616,44.71987533569336
1780959493.576775,4.993830552221693,-2.880587058258652,0.21877561156924677,1.52055649489564,44.76405453681946
1780959493.6076539,4.993649565234416,-2.880406607548112,0.21821380097858342,1.5228465695655506,44.7949333190918
1780959493.6485887,4.993634187057836,-2.8801975698810125,0.21849857017967103,1.5249064591051624,44.83586812019348
1780959493.6783643,4.993919270500476,-2.879973009807636,0.21879544347818877,1.5265478010908922,44.86564373970032
1780959493.7244575,4.993838043947935,-2.8797662146841483,0.2188325448585277,1.5286871047363109,44.91173696517944
1780959493.7658794,4.9935151827775,-2.8795766379500565,0.21834436508035077,1.5311631814097941,44.95315885543823
1780959493.8034763,4.993435697880774,-2.8793655562822296,0.21826429798459576,1.5333005224581537,44.990755796432495
1780959493.8421824,4.993606822508676,-2.879134801799216,0.2185904913182074,1.535089290447794,45.02946186065674
1780959493.8732862,4.993785950044931,-2.8789040038207876,0.21877140709182707,1.53686001122166,45.06056571006775
1780959493.9117715,4.993585153409816,-2.878695771459926,0.21834845315623583,1.539154933112008,45.099050998687744
1780959493.9522805,4.993453886188083,-2.8784627780420546,0.21891162043994103,1.5413537620628244,45.13955998420715
1780959493.9838097,4.99362014727232,-2.8782403224347175,0.2183237339061703,1.543137148292831,45.17108917236328
1780959494.0263526,4.993730780389899,-2.878002509086575,0.2184997177729412,1.544990613075523,45.213632106781006
1780959494.0698895,4.993462952435476,-2.877777292308489,0.21841221781827366,1.5473667560379551,45.257169008255005
1780959494.1165395,4.993313035230642,-2.8775360545472672,0.21881201182991167,1.5495790228070767,45.30381894111633
1780959494.1596897,4.993485658854661,-2.877303917727426,0.21832216852752448,1.5513391660547127,45.34696912765503
1780959494.1984684,4.993529318920991,-2.877057469231444,0.21855575480193273,1.5532700133890929,45.3857479095459
1780959494.244494,4.993213318840822,-2.8768201014238555,0.2185580049494162,1.55570116304329,45.43177342414856
1780959494.280056,4.993209253577502,-2.8765752279239214,0.21850014074674556,1.5576984724547396,45.46733546257019
1780959494.3263643,4.993460971782594,-2.8763257732248904,0.21848570710254145,1.5593284139960684,45.513643741607666
1780959494.373059,4.993327519167964,-2.8760835481848948,0.21819082584422897,1.5614921170615244,45.560338497161865
1780959494.409455,4.993095167556204,-2.875823982239554,0.2187616869557817,1.5637948914566584,45.59673452377319
1780959494.4556305,4.993112287291057,-2.8755805214976604,0.21823931711535027,1.5657439423237935,45.64291000366211
1780959494.4911036,4.993268365035964,-2.875323524868065,0.21838801570660485,1.5674915587691416,45.678383111953735
1780959494.5334506,4.993141018187795,-2.875062617643215,0.21861027283546827,1.5696309557853585,45.72073006629944
1780959494.577849,4.992796336832913,-2.87481393159,0.2181775989187129,1.5720771958715432,45.76512837409973
1780959494.615744,4.992738715776237,-2.8745587054839272,0.2179568568823501,1.5741139309894994,45.80302357673645
1780959494.665744,4.992921912677861,-2.874293494622344,0.21821935021787525,1.5758063360978456,45.853023529052734
1780959494.702647,4.9931278556885506,-2.8740247945171844,0.21866408549527827,1.5774569014233482,45.88992643356323
1780959494.7535195,4.992903909637974,-2.8737714552254987,0.21813789120382862,1.579715758478212,45.94079899787903
1780959494.79632,4.992710897199109,-2.8735044212746836,0.21821181575342513,1.5819322079765819,45.98359942436218
1780959494.840224,4.992865960955824,-2.8732433189270234,0.21816388329132935,1.5836444325343955,46.027503490448
1780959494.8878813,4.992991379793608,-2.872975118024074,0.21838324888569313,1.5853927478184247,46.07516074180603
1780959494.931846,4.992889749469953,-2.872717862538217,0.21791673960387048,1.5874641492788584,46.11912536621094
1780959494.9659073,4.9927804789892045,-2.872437705139554,0.2185039622298258,1.5895437650622757,46.1531867980957
1780959495.0075548,4.992738838067762,-2.8721828652264727,0.21787277070785524,1.591521687221885,46.19483423233032
1780959495.044157,4.992746876996181,-2.8719040409679097,0.21847404547090585,1.5934246525611204,46.23143649101257
1780959495.0918894,4.992813383849013,-2.8716511166507086,0.2178064089425438,1.5952369353650893,46.27916884422302
1780959495.137463,4.992844817080433,-2.871375089950453,0.21829750297711298,1.5970963555758892,46.324742555618286
1780959495.1667144,4.992624510991551,-2.8711073203898843,0.2179662292068877,1.5993178816454545,46.35399389266968
1780959495.207501,4.992447406802402,-2.870833538530957,0.21799630758561117,1.6014759004017716,46.39478039741516
1780959495.244056,4.992603652205467,-2.8705711509415437,0.21798561062939004,1.6031402943305206,46.43133544921875
1780959495.2865,4.992726688123191,-2.8703056497045205,0.21805144010497804,1.6048461942723913,46.47377943992615
1780959495.3261,4.9926533874948325,-2.8700391553436475,0.21795240751186257,1.60683979438849,46.51337957382202
1780959495.3576953,4.992549316795153,-2.869768311242554,0.21792257035076928,1.608875058804629,46.54497480392456
1780959495.3955493,4.992477413477026,-2.8694992928023915,0.21797377814164257,1.6108586515964323,46.582828760147095
1780959495.432066,4.9925902137566505,-2.869238651300784,0.21791727112096115,1.6125666043240576,46.61934542655945
1780959495.4731705,4.992625205080605,-2.8689766328149937,0.2178553012638656,1.6143817233532314,46.66044998168945
1780959495.5120041,4.992458864150289,-2.868700979847926,0.21806203906381585,1.616497011908689,46.699283599853516
1780959495.5474553,4.992426085553405,-2.8684399614226916,0.2179122704981919,1.6184090374453,46.734734773635864
1780959495.5890443,4.992531911755437,-2.8681849912787167,0.2177778055152649,1.6201100090124188,46.7763237953186
1780959495.624472,4.9925201875318255,-2.867923290619488,0.21777631742796,1.6219802406496049,46.81175136566162
1780959495.6651673,4.992360449212941,-2.8676509000647576,0.2179647966254725,1.6240746274327087,46.85244679450989
1780959495.7040317,4.992405726320775,-2.867400918504097,0.21767937842662838,1.6258547486368036,46.891311168670654
1780959495.739044,4.992435627960162,-2.867142058305369,0.21778160852694117,1.6276531474566678,46.92632341384888
1780959495.779167,4.992382977798123,-2.8668882142378345,0.21757798515859955,1.6295747329229098,46.96644639968872
1780959495.8129635,4.992333683078922,-2.866626500372489,0.2177345425905529,1.6314887816246486,47.000242948532104
1780959495.8566742,4.992309109804866,-2.866376949841854,0.21755055522322855,1.6333610544252934,47.04395365715027
1780959495.8961837,4.992323593673658,-2.8661224713049287,0.2177045779458091,1.635171815982373,47.083463191986084
1780959495.930796,4.992353676171683,-2.865882335757949,0.21740557789091874,1.636954342388492,47.118075370788574
1780959495.9702728,4.99233718756078,-2.865624135659239,0.2178463383877181,1.6388067492054779,47.15755224227905
1780959496.003647,4.992232943862934,-2.8653832335549883,0.21731740230578372,1.6407896132352242,47.19092655181885
1780959496.044713,4.992214096178932,-2.865127308113319,0.21785950475553925,1.6426426667726801,47.23199248313904
1780959496.084587,4.992368446640306,-2.864908564883601,0.21733697706562385,1.6442206745811019,47.2718665599823
1780959496.1209683,4.992381346279444,-2.864666532209809,0.21753870640437495,1.646013436491705,47.308247804641724
1780959496.1641874,4.992103937039201,-2.864407530144349,0.2176351844760003,1.6482602704939362,47.35146689414978
1780959496.2066915,4.992209462185965,-2.864186914550343,0.21737305712833493,1.6499086729444912,47.39397096633911
1780959496.2367237,4.992356027248936,-2.8639644615527353,0.21752010492261145,1.65148417038281,47.42400312423706
1780959496.276553,4.992149618921053,-2.863720425951893,0.2174798841523643,1.6536124850860396,47.46383237838745
1780959496.3097832,4.992172768229405,-2.863494650134709,0.21751518319663823,1.655384414315158,47.49706268310547
1780959496.353436,4.992327457685303,-2.8632899964056056,0.2172639128016788,1.6569377502924691,47.54071545600891
1780959496.393516,4.992243103080163,-2.863059484932012,0.21741725866728565,1.6588695603478927,47.58079552650452
1780959496.4260285,4.992040539873062,-2.8628225856396825,0.21745574017255764,1.660990835519966,47.61330795288086
1780959496.4661355,4.992174673944607,-2.8626232751977834,0.21732901917128092,1.6625738328246564,47.6534149646759
1780959496.5017307,4.99212822530098,-2.862405935296356,0.21734870266558662,1.6644382503309565,47.68901014328003
1780959496.5441575,4.9919910947768615,-2.862184065774319,0.21736817520906343,1.6664511320540019,47.73143696784973
1780959496.5825922,4.992166837598661,-2.8619954212917644,0.2173783498950846,1.6679622518701755,47.76987171173096
1780959496.6183987,4.9920650541969485,-2.861783802393826,0.2173143593478215,1.6699100087169736,47.80567812919617
1780959496.6573594,4.991982446310689,-2.8615795507783885,0.2171466731987472,1.6718327843226835,47.84463882446289
1780959496.6902819,4.992124002580649,-2.8613927949553566,0.2173909923839398,1.6733945647565758,47.87756133079529
1780959496.7281666,4.992042548902055,-2.861195401453068,0.2171921258780528,1.6753071490378613,47.915446043014526
1780959496.7687974,4.991993289605745,-2.8609994954056033,0.2172220050051747,1.6771761527249787,47.956076860427856
1780959496.803995,4.992123327418274,-2.860824440028243,0.21737905538827287,1.6787481648291047,47.99127435684204
1780959496.846417,4.9919212937961,-2.86062433791316,0.21712729664903216,1.6808574498580047,48.03369641304016
1780959496.880432,4.991902912702185,-2.8604438834647072,0.21708158919259635,1.6826716357653737,48.067711353302
1780959496.9239204,4.992083192820441,-2.860282945018811,0.21732624884387072,1.6841622448650746,48.11119985580444
1780959496.966199,4.991977972180994,-2.8601038164333725,0.21708263552882223,1.6861120324646937,48.153478384017944
1780959497.0002766,4.992005749440193,-2.859935726217125,0.21717690398048067,1.687853918792218,48.18755602836609
1780959497.0397854,4.992094235767889,-2.8597854662170907,0.21696341580655906,1.6894877331216698,48.22706484794617
1780959497.0730238,4.991988939179741,-2.8596040536515743,0.2173081427514017,1.6914418454673346,48.260303258895874
1780959497.1151423,4.991853117420897,-2.8594373748052524,0.21692715136235788,1.6934455355739697,48.3024218082428
1780959497.1561909,4.991930652892791,-2.859289206610713,0.21705444505358568,1.6951052453846982,48.343470335006714
1780959497.192873,4.992071621721211,-2.859154551873325,0.21712845790729884,1.6966528567519266,48.380152463912964
1780959497.2331953,4.991886154768194,-2.858984949944214,0.21712002523607446,1.698739111884083,48.42047476768494
1780959497.2658281,4.991946932602511,-2.858849726570573,0.21705824959499495,1.7004269903983689,48.453107595443726
1780959497.3084643,4.992091053215302,-2.858731123791906,0.2169716108037911,1.701970850152395,48.49574375152588
1780959497.352358,4.991950473442035,-2.858575823609055,0.21704642575410837,1.703986848283181,48.53963756561279
1780959497.3824534,4.991840165048253,-2.8584311254778845,0.21688343151284534,1.7059550440921196,48.569732904434204
1780959497.4087415,4.991838850664601,-2.858297370383539,0.2171613294414871,1.70774539287431,48.59602093696594
1780959497.4397607,4.991970967899435,-2.8581969824573807,0.2168469075792088,1.7093139128545012,48.62704014778137
1780959497.4657273,4.9919959521581285,-2.8580763481912856,0.21699990228908728,1.7110593599560708,48.65300679206848
1780959497.5012758,4.991768574855339,-2.857924020569709,0.2171469403120196,1.7132275251044469,48.6885552406311
1780959497.531382,4.991907221282973,-2.8578340915738067,0.21697878035803378,1.7147919007448946,48.71866154670715
1780959497.5736806,4.991919478751276,-2.857727337836407,0.2169059863200349,1.716559607594088,48.7609601020813
1780959497.6098945,4.991766042274378,-2.8575922521842876,0.21723965544706264,1.71861177930501,48.79717397689819
1780959497.6414697,4.991870930585013,-2.8575132807801467,0.21686124029891726,1.720233726494481,48.82874917984009
1780959497.6807923,4.991904051445486,-2.857416637874944,0.21699232148083786,1.7219733467800964,48.86807179450989
1780959497.715652,4.991726874766001,-2.857290310841617,0.2172128037944593,1.7240701533371272,48.902931451797485
1780959497.7585905,4.991895124820448,-2.857229820067846,0.21698134436592106,1.7255931419603403,48.94586992263794
1780959497.7974055,4.9919246348814585,-2.8571482732014215,0.21692677791804132,1.7273452724897709,48.98468494415283
1780959497.8351343,4.991713008797352,-2.8570257574936435,0.2171533319273534,1.729502536920914,49.02241373062134
1780959497.874701,4.991810316563694,-2.8569633629766877,0.21701628484064073,1.7311525389824345,49.06198048591614
1780959497.9061677,4.991899964438306,-2.856904328216414,0.2168540986086027,1.7328092687545507,49.09344720840454
1780959497.9515228,4.99174871688521,-2.8568019462578684,0.2170669027501975,1.7348725014558113,49.13880228996277
1780959497.9876113,4.991663022951268,-2.856720281892473,0.21690114881542416,1.736832345199291,49.174890756607056
1780959498.025397,4.991733189345834,-2.8566588424769246,0.21723588889519618,1.738533776988728,49.21267652511597
1780959498.0644085,4.991699110305579,-2.856596890030908,0.21689473410534058,1.740407498383921,49.25168800354004
1780959498.0950294,4.991661247518796,-2.8565260476108647,0.21706218099933547,1.7422948272923247,49.28230881690979
1780959498.1370468,4.991657844419894,-2.856468437813075,0.21714135058734188,1.744126202450965,49.324326276779175
1780959498.177331,4.991664692933392,-2.85642083519064,0.21688316998811585,1.7459421545319262,49.36461043357849
1780959498.2098901,4.991649015110881,-2.8563604398007474,0.21720474413726268,1.7478018141387288,49.39716958999634
1780959498.2499444,4.9915894145846345,-2.8563062523472826,0.21708247060998545,1.7497341541305982,49.4372239112854
1780959498.282875,4.99163612701876,-2.856272729513735,0.21695427632378655,1.751495571068073,49.47015452384949
1780959498.3241968,4.991615007488046,-2.8562229448260443,0.2171858902770615,1.7533698376145752,49.511476278305054
1780959498.362935,4.991430099570933,-2.856154981290937,0.21697225850687496,1.755521073711403,49.550214529037476
1780959498.3972213,4.991496157015987,-2.856130116729308,0.21705462319874919,1.7572623803401468,49.584500789642334
1780959498.4386075,4.991603889488529,-2.8561147786750167,0.2172074319796623,1.7589320747066743,49.62588691711426
1780959498.4700334,4.991421314514771,-2.856053281140006,0.21710712363197135,1.761087053389251,49.657312870025635
1780959498.5116293,4.991525014852122,-2.8560468591112045,0.2170758637132947,1.7627770954188664,49.69890880584717
1780959498.5515466,4.991576890459751,-2.856034610214221,0.2169909607149528,1.7645474272558532,49.73882603645325
1780959498.5846183,4.9914365582232225,-2.8559786346161418,0.21734155912336034,1.7666461896467203,49.77189779281616
1780959498.627219,4.991411711314297,-2.8559634586498075,0.21693736508739347,1.768553997673484,49.81449842453003
1780959498.6689196,4.991444562833966,-2.8559457122316787,0.21728730702168172,1.7703740137111854,49.85619902610779
1780959498.6959238,4.991461599844273,-2.8559416115003717,0.21704418538501863,1.7722190684092007,49.88320326805115
1780959498.7385683,4.99136724248242,-2.8559078633784654,0.2171429119990347,1.774252777849581,49.92584776878357
1780959498.7706676,4.991246826189201,-2.855872973405086,0.2172058528816642,1.7763352092503677,49.95794701576233
1780959498.811492,4.991429541552028,-2.8559032123259986,0.21726033358782568,1.7779229557352139,49.99877142906189
1780959498.856074,4.991347930146103,-2.855884593046301,0.21709689835169338,1.7799418994944016,50.04335355758667
1780959498.8880396,4.991244623957939,-2.8558530093232495,0.21743083339164446,1.7820109385664757,50.075319051742554
1780959498.9309366,4.991427208241248,-2.8558982259819077,0.21711943381331641,1.7836065021988956,50.118216037750244
1780959498.962509,4.991409276643232,-2.855896174822342,0.21711983180048924,1.7855352254711754,50.14978837966919
1780959499.0036547,4.991189711002403,-2.8558441220603923,0.21746163320142686,1.787801963333818,50.19093418121338
1780959499.0412815,4.991239276811197,-2.855865707047959,0.2172048295344762,1.789630991838652,50.22856092453003
1780959499.0745478,4.991246299982774,-2.8558690420950126,0.21744111555375326,1.7915295947389351,50.26182723045349
1780959499.116346,4.991052153041528,-2.8558384723144687,0.21722366545653557,1.79376237656468,50.3036253452301
1780959499.1490273,4.991104687043516,-2.8558583746209654,0.21731386160243962,1.7955997828971242,50.33630681037903
1780959499.188648,4.991199221254817,-2.855891321393206,0.21729862227925445,1.7973670428548187,50.375927448272705
1780959499.2262065,4.991119027594555,-2.8558811359994625,0.21754986997186238,1.7994269557930078,50.41348600387573
1780959499.2574153,4.991053612485892,-2.8558848724732018,0.2173214160978811,1.8014639731129067,50.44469475746155
1780959499.2952132,4.991083783646537,-2.855906251803493,0.2173466041867462,1.8033527365717967,50.48249268531799
1780959499.3315637,4.991124476387075,-2.8559291984711046,0.21752820939386833,1.8052258643496053,50.51884317398071
1780959499.3747818,4.990920721139086,-2.8559003063809936,0.21739223025235996,1.8074995208009916,50.56206130981445
1780959499.414357,4.990927994667215,-2.855918949968072,0.217485277808695,1.8094375444366158,50.60163640975952
1780959499.4542165,4.991032396119007,-2.8559623352898393,0.21754682114761156,1.8112177299570158,50.64149594306946
1780959499.4972935,4.990867950040062,-2.855941818129473,0.21759040592844128,1.8134389247529423,50.68457293510437
1780959499.5300643,4.99100419233376,-2.8559977754636625,0.21753208865979703,1.8151800916198146,50.71734380722046
1780959499.5699778,4.990975266442341,-2.8560138009324647,0.2174891066947099,1.817187320684968,50.75725722312927
1780959499.6088989,4.99078184820894,-2.855987027152466,0.21747186947083397,1.8194632273087787,50.796178340911865
1780959499.6432323,4.990724806724733,-2.8559952135179865,0.21747339561393056,1.821527155660383,50.830511808395386
1780959499.685966,4.990877371627759,-2.8560529339701297,0.21768342890009904,1.8232582212289845,50.87324547767639
1780959499.718559,4.990844175757245,-2.8560704826487457,0.21760464011293545,1.8252866181648297,50.90583848953247
1780959499.7645051,4.990715589304261,-2.8560617223320586,0.21754041992624196,1.827472553303724,50.95178461074829
1780959499.8063478,4.990743202410665,-2.8560907949328413,0.2176570596081049,1.8294170376959507,50.993627309799194
1780959499.8387203,4.990710925138411,-2.8561066743741637,0.21764230944706753,1.8314528237624366,51.025999784469604
1780959499.8815906,4.990679407472894,-2.8561226044435943,0.21764064333140892,1.8334982733301741,51.068870067596436
1780959499.9309428,4.990679382292114,-2.8561441196271993,0.2177521156490203,1.835491341570692,51.1182222366333
1780959499.9648306,4.990585807847455,-2.8561452967628314,0.21764459902595093,1.837640826736889,51.15211009979248
1780959500.0070977,4.99065593247668,-2.8561858807631246,0.21774959403267696,1.8395320021459218,51.194377183914185
1780959500.042841,4.990610181867358,-2.8561959959918553,0.21781346756805958,1.8416085964790394,51.23012042045593
1780959500.0828469,4.990522947371888,-2.856197162296702,0.2177190138418891,1.843757582011218,51.27012634277344
1780959500.118979,4.9905893343811005,-2.85623751959637,0.21776582109570902,1.8456657764940294,51.3062584400177
1780959500.1475465,4.990502810105297,-2.8562326626205246,0.21789175788884324,1.8478171578153235,51.33482599258423
1780959500.183736,4.990458079374847,-2.8562419584651404,0.21789283279282873,1.8499094111057746,51.371015548706055
1780959500.2103217,4.990537276138191,-2.856287474880939,0.21780954773913233,1.8518048501315532,51.39760112762451
1780959500.2474,4.99040909326689,-2.8562681924568385,0.21793696456862127,1.8540326473263153,51.43467950820923
1780959500.284002,4.990455097837284,-2.8563013642487873,0.2179447588463878,1.8559892802704798,51.4712815284729
1780959500.31594,4.9903287321108065,-2.856284647970032,0.21785933742031793,1.8582176662828243,51.50321936607361
1780959500.3552296,4.990389173208507,-2.856317877734438,0.21799762495542463,1.8601592880717979,51.54250907897949
1780959500.3861728,4.9903016512214995,-2.8563103745562155,0.21791918258268367,1.8623297552617233,51.57345223426819
1780959500.429637,4.990340330766746,-2.856335976403568,0.21802221405219105,1.86431155950892,51.61691641807556
1780959500.4675934,4.990277835924713,-2.8563332658549836,0.21795785394855663,1.8664494351078895,51.65487289428711
1780959500.5021694,4.990329216649509,-2.85636226152912,0.21796301741188692,1.8684154501062977,51.689448833465576
1780959500.5438995,4.990237619091153,-2.85634494212498,0.21804780864140313,1.8706046560405003,51.731178998947144
1780959500.5771208,4.990193796584857,-2.8563435495409504,0.2180074569002844,1.8727255402773784,51.764400243759155
1780959500.6227844,4.990213794832755,-2.8563600057343925,0.2179976857640486,1.8747437738509616,51.81006383895874
1780959500.6628966,4.990212288031083,-2.8563676443858084,0.21802864853661982,1.8768038469303052,51.850176095962524
1780959500.694324,4.990209321717267,-2.856374724884593,0.21800941661369302,1.8788624228270532,51.881603479385376
1780959500.7426147,4.990124894817418,-2.856352626207285,0.2180410368304607,1.8810552924872859,51.92989420890808
1780959500.7700474,4.990115676108829,-2.856352685351472,0.21810795591817508,1.8831276520813525,51.957326889038086
1780959500.808962,4.9900429220467615,-2.8563343985548286,0.21800889926931802,1.8853048328810358,51.99624156951904
1780959500.8572025,4.990122679375692,-2.856357962737218,0.21817287352467848,1.8872463417431575,52.04448199272156
1780959500.8937535,4.9899971238845895,-2.856318664724332,0.2180607005406029,1.889507760859086,52.0810329914093
1780959500.9391885,4.990063541005875,-2.8563361725584593,0.21817382118547707,1.8914740137815276,52.12646794319153
1780959500.9757788,4.990031960150055,-2.856321654556184,0.21820156780401745,1.8935916948211693,52.163058280944824
1780959501.0175111,4.989993485915211,-2.8563053232122217,0.21811560308836112,1.8957241901051,52.2047905921936
1780959501.0572946,4.989964603746407,-2.856287634574818,0.21815170463527625,1.8978407225112992,52.24457406997681
1780959501.0898366,4.989986286872002,-2.8562851955563024,0.21818713398122946,1.8998825710337321,52.27711606025696
1780959501.1313965,4.989942419449918,-2.856260361971548,0.2181478203687062,1.9020255305157798,52.31867599487305
1780959501.175057,4.98995540099369,-2.8562507912932342,0.21823810854627737,1.9040843159714846,52.36233639717102
1780959501.2060006,4.989889813582694,-2.8562147735081482,0.21816458995109028,1.9062640629226681,52.393280029296875
1780959501.2474618,4.989916531193467,-2.856207763367896,0.21816076762419684,1.9083007516401347,52.434741258621216
1780959501.280572,4.9898977385942045,-2.85618318647902,0.21814384418083124,1.9104115568336661,52.467851400375366
1780959501.3253787,4.989873434752229,-2.8561525067977707,0.21822504676686155,1.9125302536021023,52.51265811920166
1780959501.3701131,4.989844353753558,-2.856120862599958,0.2181998855501271,1.9146594426882464,52.557392597198486
1780959501.402634,4.989873969383632,-2.8561086060026635,0.21814258353677335,1.9166945297348068,52.5899133682251
1780959501.4463816,4.989819527019542,-2.8560630144150023,0.21812233719656596,1.9188625247694464,52.63366103172302
1780959501.4782112,4.989863723532408,-2.8560486329886565,0.2182225549719243,1.9208814356822312,52.66549062728882
1780959501.52047,4.98987520727722,-2.8560237850915984,0.21818576383424318,1.9229458596542797,52.707749366760254
1780959501.5589209,4.989787765411841,-2.8559595703311684,0.2181741711321946,1.9251686405302655,52.74620032310486
1780959501.5904472,4.989818566109621,-2.855936586929359,0.2181852094018746,1.9272066495550764,52.77772665023804
1780959501.633238,4.989774686143171,-2.855883394540906,0.2182191389977443,1.9293598480093754,52.82051753997803
1780959501.6641037,4.989774600795631,-2.8558448360525617,0.21824923077681405,1.93144882887018,52.851383209228516
1780959501.7097347,4.98979363564866,-2.855812415764451,0.21823298691264648,1.9335036768232676,52.897014141082764
1780959501.74829,4.989732923576403,-2.8557469182113038,0.21823818719526472,1.9356848029698481,52.935569524765015
1780959501.7854447,4.989776677193238,-2.855718592171977,0.21825868643939172,1.9377022402237767,52.972724199295044
1780959501.8270648,4.989770149133786,-2.855669946993707,0.21828548763892644,1.9398008176249437,53.014344215393066
1780959501.8582935,4.98974770722249,-2.8556121817823947,0.21831758405854387,1.9419221887062452,53.045572996139526
1780959501.8997748,4.989786484631088,-2.8555792723491744,0.21821434756997232,1.9439452403741537,53.08705425262451
1780959501.9404063,4.989714808765826,-2.855499303263676,0.2182010461032437,1.9461427649545282,53.12768578529358
1780959501.9769561,4.989778513679882,-2.8554674691754927,0.21833230132268328,1.948129565201258,53.16423559188843
1780959502.016447,4.989705557215434,-2.8553854912041317,0.2181789704829879,1.9503274640051274,53.20372653007507
1780959502.051542,4.989785515397171,-2.8553591226461323,0.21818628269295107,1.9522866200564977,53.238821506500244
1780959502.0948942,4.989780666638686,-2.8552977867305502,0.21818089200669885,1.9543754257851038,53.28217363357544
1780959502.1336281,4.989738472782944,-2.8552193151141667,0.21815280840990212,1.956526372981238,53.32090759277344
1780959502.167532,4.989772544892498,-2.855166804988428,0.21827285208554428,1.958554615003072,53.35481142997742
1780959502.2075112,4.989724628307933,-2.8550817000360276,0.21830200266816166,1.9607127071685708,53.39479064941406
1780959502.2407026,4.989826403183232,-2.855059809808597,0.21814366860274284,1.9626300275151145,53.42798209190369
1780959502.2852688,4.989734819229276,-2.8549499135043117,0.21828451731754797,1.9648540927618967,53.47254824638367
1780959502.3218734,4.989796117927443,-2.854905570111858,0.2182577489745257,1.9668362057215711,53.50915288925171
1780959502.3545022,4.989724813505766,-2.854804827864339,0.2181845343977291,1.9690236706116657,53.54178166389465
1780959502.395164,4.989808090743503,-2.8547634159469153,0.2182773736427843,1.970969954541303,53.58244347572327
1780959502.4401793,4.989787479463035,-2.8546796118439293,0.21828618218551354,1.9730753122849976,53.627458810806274
1780959502.471122,4.989771449019021,-2.8545997711453204,0.21806982327199975,1.975172105271069,53.65840148925781
1780959502.511091,4.9898164716757805,-2.8545387417844825,0.21811980015780266,1.977173932326112,53.69837045669556
1780959502.5435944,4.989807282589436,-2.8544519669683073,0.21823564663881698,1.979257238040094,53.730873823165894
1780959502.5858302,4.989755099595975,-2.8543509881601956,0.21808508709261631,1.9814098251536185,53.773109674453735
1780959502.6273093,4.989883371198511,-2.85432029353117,0.21823381710616513,1.9832741697893699,53.81458878517151
1780959502.6578927,4.989788741268679,-2.854196091371904,0.21816392451406655,1.9854888246052393,53.84517216682434
1780959502.6944182,4.989908187623133,-2.8541627165039225,0.2181534551513093,1.987363506443522,53.88169765472412
1780959502.728806,4.989895115412635,-2.8540702803944953,0.2181304036604192,1.9894435828709733,53.91608548164368
1780959502.7700992,4.989896482266887,-2.8539822675043314,0.2181441648391728,1.9915056336802923,53.95737862586975
1780959502.8114119,4.9899173540924595,-2.853901995756164,0.2181532994348787,1.993527809135946,53.99869132041931
1780959502.848786,4.989905714785927,-2.8538076892258246,0.2180763239843993,1.9956048022370299,54.03606557846069
1780959502.8885,4.9898900245917135,-2.8537077766129455,0.21810919081700325,1.9976838889464101,54.0757794380188
1780959502.9252944,4.989927588968028,-2.853631766360706,0.2181446566526134,1.9996777304603341,54.112573862075806
1780959502.9716072,4.989954448757736,-2.8535496361191424,0.21816040022491792,2.001683356978912,54.158886671066284
1780959503.0115235,4.989980441347386,-2.853467788649436,0.21811452936307243,2.0036920665200784,54.19880294799805
1780959503.0476341,4.989973063165275,-2.853368883799112,0.21808853966240857,2.0057492832179484,54.23491358757019
1780959503.0856512,4.990010704310743,-2.8532891548778845,0.2181293094582068,2.007733194905134,54.27293062210083
1780959503.121806,4.989999185430737,-2.853187992684053,0.21806701831560013,2.009795264712702,54.30908536911011
1780959503.1625268,4.990006761832486,-2.8530935935667014,0.21805083479876267,2.0118223391711654,54.34980630874634
1780959503.2024565,4.990073808492631,-2.8530253050609193,0.21810280311154248,2.0137532546038184,54.38973593711853
1780959503.2375987,4.9900685173797,-2.852923839677821,0.21810977493168787,2.0157969555938475,54.42487812042236
1780959503.2746413,4.990071273532712,-2.852827325779152,0.2180186052939121,2.017825740429503,54.461920738220215
1780959503.3126245,4.99014172129698,-2.8527619404093327,0.2179580893810273,2.0197415671041936,54.49990391731262
1780959503.3531625,4.990072804188769,-2.8526280289191965,0.21792131535337644,2.0218842071095358,54.54044198989868
1780959503.393929,4.990096047754763,-2.852538314518945,0.21792895691222308,2.0238746800557035,54.58120846748352
1780959503.4289005,4.990205086721776,-2.8524892226181713,0.21793600572655475,2.025716396895371,54.61617994308472
1780959503.4682376,4.990165330328002,-2.8523655513694735,0.2180637636417836,2.0278084604904176,54.65551710128784
1780959503.5003946,4.99026235267813,-2.852314684658914,0.21795251361765208,2.0296653420156563,54.687674045562744
1780959503.5446756,4.990163338030491,-2.8521654583641123,0.21784544903143188,2.0318467784484673,54.73195505142212
1780959503.5820434,4.990178349794392,-2.852071705755009,0.2178201002869434,2.0338384758246315,54.769322872161865
1780959503.6185923,4.990328010243149,-2.8520406278524124,0.21798799395525878,2.0356005181517185,54.8058717250824
1780959503.661041,4.990219629701948,-2.851887344863038,0.21787599956888393,2.0377913055585717,54.84832048416138
1780959503.7038531,4.990357263907995,-2.8518571336453826,0.21778905675376561,2.0395683093155883,54.89113259315491
1780959503.7342052,4.990379458570313,-2.851766780555849,0.21778047631840164,2.0415321602170273,54.92148470878601
1780959503.7760255,4.990262336571151,-2.851603853199974,0.21788673960944985,2.043738307951629,54.96330499649048
1780959503.8089447,4.990467405008196,-2.85161201122912,0.21774351890640245,2.045388459750778,54.99622416496277
1780959503.85184,4.990466185340446,-2.8515117374736647,0.21769100919885598,2.0473832168379236,55.039119482040405
1780959503.8929098,4.990302223231857,-2.851323940020504,0.21785608221828226,2.049663243585927,55.08018922805786
1780959503.9257627,4.990484670414559,-2.8513245473769775,0.21764426226075015,2.0513416936021134,55.11304211616516
1780959503.967713,4.990592177624993,-2.851280034504249,0.2177347163692346,2.0531438366076546,55.15499258041382
1780959504.001371,4.990419253758771,-2.8510917369777653,0.2177668027331831,2.0554290586185644,55.188650369644165
1780959504.0443094,4.990540072888452,-2.8510595850134464,0.21770176537573807,2.0572080358348295,55.23158884048462
1780959504.088135,4.990663622995509,-2.851034876282199,0.21745518686317972,2.0589683633393516,55.27541446685791
1780959504.1205196,4.990601563051892,-2.8509003699394295,0.21774223984195284,2.061057364538067,55.307799100875854
1780959504.1665788,4.990466699009709,-2.8507383878861727,0.21752602527212334,2.0632690304744923,55.35385823249817
1780959504.202352,4.9905481604340824,-2.8506870242363043,0.21766163342587524,2.0651009986217375,55.389631509780884
1780959504.2452033,4.990710795882681,-2.8506862174354093,0.21746542408505443,2.0667857675431396,55.43248271942139
1780959504.290976,4.990798560544765,-2.8506411842000046,0.21756434594571952,2.0686007312874626,55.4782555103302
1780959504.3288226,4.990624991226012,-2.8504531081961146,0.21775944455857651,2.070874146752999,55.51610207557678
1780959504.3762848,4.990649409669805,-2.8503820412009415,0.21754482875107836,2.0727955122031894,55.56356430053711
1780959504.415835,4.990818164389349,-2.8503855135271703,0.2176752988445091,2.0744587427702177,55.60311436653137
1780959504.4585052,4.990661155020333,-2.8502157767968233,0.21755547643284015,2.0766895071454545,55.64578461647034
1780959504.4979928,4.990623616232841,-2.85011527784837,0.2173262302538194,2.07871158762247,55.685272216796875
1780959504.532302,4.990754803562829,-2.8500956005714513,0.21774497378619334,2.0804410677413507,55.71958136558533
1780959504.5701296,4.990904731291503,-2.850108226659144,0.21731613444201414,2.082116076076389,55.75740909576416
1780959504.6041825,4.990872905688595,-2.8500079843906856,0.217409201150714,2.0841207279214222,55.79146194458008
1780959504.6448088,4.9907328562794975,-2.8498419702478555,0.21779408176696205,2.086327106120395,55.832088232040405
1780959504.6849692,4.9909039069667624,-2.849872236854906,0.2173700621874259,2.0879593669934113,55.87224864959717
1780959504.7183032,4.991000159987587,-2.8498543967661782,0.2172575315414572,2.089722858486663,55.905582666397095
1780959504.7579472,4.9908999961089995,-2.8497167794977707,0.2176005873093798,2.0918476455200077,55.94522666931152
1780959504.7888584,4.990776384442523,-2.849580966021941,0.21727165293380252,2.0940038064536246,55.97613787651062
1780959504.8334033,4.990784506622098,-2.8495100834987617,0.21753112440094255,2.0959292217304615,56.02068281173706
1780959504.8746083,4.991019882307915,-2.849581293187697,0.21739911259348701,2.0974324906134196,56.06188774108887
1780959504.9123838,4.991066408052124,-2.8495451604147797,0.21731577313575332,2.099274820743098,56.09966325759888
1780959504.9533513,4.990909049405268,-2.849382415237252,0.21760264211714508,2.101492867155696,56.1406307220459
1780959504.9956102,4.990868817711696,-2.849304669210453,0.217262891855293,2.1034884793326167,56.18288969993591
1780959505.0250356,4.990959052650719,-2.849290087428061,0.21756752311944266,2.105254612156325,56.21231508255005
1780959505.0660446,4.991067213171101,-2.849301618697675,0.21736858220472463,2.106972414276468,56.253324031829834
1780959505.0996227,4.990969306099341,-2.8491834259049185,0.21754957269824993,2.109072669487764,56.28690218925476
1780959505.137585,4.990913817081426,-2.849102358413672,0.21728562448331834,2.1110902158681837,56.32486438751221
1780959505.1790853,4.991029979957683,-2.849115473296382,0.21746408012825463,2.112798002769285,56.36636471748352
1780959505.208707,4.991087590442873,-2.849104957481464,0.21729574745117916,2.1146002143633513,56.395986557006836
1780959505.249261,4.990962998476371,-2.8489761005425054,0.21753769865118308,2.11674678055733,56.436540365219116
1780959505.2848942,4.990992247762354,-2.848955003331281,0.2172647641658203,2.1186008611864917,56.4721736907959
1780959505.3257227,4.9910314409602545,-2.8489308480976963,0.21742500565788206,2.1204392992443877,56.513002157211304
1780959505.3652809,4.990982325518049,-2.848860294811505,0.2174561511603601,2.1224376577934265,56.552560329437256
1780959505.4019334,4.991020196052933,-2.8488498205516235,0.21719690146118553,2.124270407962454,56.5892128944397
1780959505.4422011,4.991055243612913,-2.8488258599831755,0.2175755958674816,2.1261156318919294,56.629480600357056
1780959505.4765592,4.990941943187626,-2.848729633075633,0.2172048262896633,2.1282224150905167,56.663838624954224
1780959505.5189805,4.990982342966916,-2.848719642075038,0.21729061602585706,2.1300547884412806,56.706259965896606
1780959505.555892,4.991107175774361,-2.8487630824887047,0.21749167981405224,2.131721742420731,56.74317145347595
1780959505.5909111,4.990922132174825,-2.84862229767779,0.21735576218867164,2.133964092689001,56.77819061279297
1780959505.633994,4.9909712804409745,-2.8486323246527885,0.2171583682721121,2.1357680582870042,56.82127356529236
1780959505.6690536,4.991077416833009,-2.848668736299956,0.21744801154127816,2.137470027239507,56.85633301734924
1780959505.7096322,4.991027372370656,-2.8486230738057188,0.21719841881381247,2.1394527939704258,56.89691162109375
1780959505.7541904,4.990981241123308,-2.8485715386199835,0.21728294632150055,2.1414375584703826,56.94146990776062
1780959505.7883928,4.99097086264863,-2.848552996509564,0.21714536880978255,2.143346404541357,56.975672245025635
1780959505.8333287,4.990996644664458,-2.8485491207472493,0.21734715724144563,2.1451958458653575,57.0206081867218
1780959505.8651223,4.991028331208669,-2.848565466322113,0.21709401033554176,2.1470208864511973,57.05240178108215
1780959505.9107583,4.9909931482655905,-2.848524291742486,0.21740145725179535,2.1489843186454625,57.09803771972656
1780959505.95073,4.990862995989512,-2.8484390712165646,0.21716665275414315,2.1511151376540916,57.138009548187256
1780959505.9854505,4.990941772673794,-2.8484805435008655,0.2173437860516026,2.1528636496013,57.17272996902466
1780959506.0241518,4.991097826311746,-2.8485871540758296,0.21709572908745797,2.1544444179416224,57.21143126487732
1780959506.0560408,4.991059173879615,-2.8485580423339396,0.2172734026082127,2.1564077169685847,57.24332022666931
1780959506.1063259,4.990819946676212,-2.8483968776594373,0.21744562514517699,2.158755626670657,57.2936053276062
1780959506.150571,4.990879597580314,-2.8484497728641816,0.21709743780904678,2.1605220473216136,57.33785057067871
1780959506.1881719,4.990965534732986,-2.8485030819398016,0.2175611827450483,2.162249508908981,57.37545132637024
1780959506.2344131,4.990811920749346,-2.8484187384246487,0.21717234435704996,2.164417898273009,57.42169260978699
1780959506.2827482,4.990785131977602,-2.8484110160495946,0.21718681875254697,2.1663575683601355,57.470027685165405
1780959506.3540654,4.990901863465124,-2.8484958800275497,0.21751383477634728,2.168022096376969,57.54134488105774
1780959506.4037077,4.990798071692308,-2.8484498908291247,0.21718531944549405,2.1700943060957023,57.59098720550537
1780959506.426876,4.990787112325199,-2.848453275441253,0.21746301134270007,2.172008667171058,57.614155530929565
1780959506.4530137,4.990925281155068,-2.848576569271727,0.217153593027489,2.173615474355384,57.64029312133789
1780959506.4800854,4.990866728804656,-2.8485576983993055,0.21721483370656788,2.175610187273243,57.667364835739136
1780959506.5002735,4.990664778506339,-2.848435666634303,0.2174709888932825,2.1778894709414365,57.68755292892456
1780959506.527156,4.990731421957719,-2.8485168498804643,0.217156620527474,2.1796372493583407,57.71443557739258
1780959506.54929,4.990761989098989,-2.8485567297125667,0.21756718187487858,2.1814659366662363,57.73656940460205
1780959506.5741727,4.990561143534892,-2.848454005805274,0.2172867886840197,2.1837303564006616,57.761452198028564
1780959506.5995142,4.99056040035234,-2.848488344731223,0.21720934304385037,2.1856131525749083,57.78679370880127
1780959506.6228852,4.9907001386953445,-2.848617098727158,0.2173681722521892,2.1872283605213534,57.8101646900177
1780959506.653538,4.990721819950902,-2.8486734450875524,0.21725009364571296,2.1890638255123465,57.84081745147705
1780959506.6810305,4.990539169193152,-2.8485773290110683,0.21745064808790732,2.191304723908927,57.86830997467041
1780959506.7199712,4.990560435143068,-2.8486347855879712,0.2173635478592522,2.1931494209785614,57.90725064277649
1780959506.760338,4.990629763610628,-2.848733006569196,0.2171480909510025,2.194888997253348,57.947617530822754
1780959506.793141,4.990522555958982,-2.8486934193855267,0.21742571413584202,2.1969857806397046,57.98042035102844
1780959506.833178,4.990357616183669,-2.8486233998645494,0.21726805088276704,2.199192931936846,58.02045750617981
1780959506.864877,4.990390380391865,-2.8486918258945857,0.2174569782855159,2.2010154620048032,58.05215644836426
1780959506.906846,4.9904307393043545,-2.8487768327207657,0.2171827233606564,2.2028156699876824,58.094125509262085
1780959506.9463172,4.990414171668372,-2.8488083327300973,0.2175139108589266,2.2047396659168257,58.133596658706665
1780959506.98218,4.990206996175594,-2.8487150737086413,0.21724662367501246,2.207025457424299,58.16945958137512
1780959507.026834,4.9901488386227255,-2.8487271365367848,0.21721260736642703,2.2090278821732587,58.21411347389221
1780959507.06072,4.990293266596538,-2.8488825347610303,0.2175268570344072,2.210641325500518,58.24799942970276
1780959507.105618,4.990241033749441,-2.848903378894349,0.21741245159348563,2.2126246543747223,58.29289746284485
1780959507.145854,4.990022434119957,-2.8487998827194314,0.217384903951932,2.2149449480580348,58.33313345909119
1780959507.1826851,4.9900852713055155,-2.8489121577466894,0.2172018383232486,2.2167089873451236,58.369964599609375
1780959507.2227533,4.990181707156002,-2.849034155364666,0.2176674789642158,2.2184220732709132,58.410032749176025
1780959507.2572937,4.990118574129429,-2.8490675080661028,0.2169961700467117,2.2204201958497096,58.444573163986206
1780959507.301465,4.990045360518254,-2.8490582504712307,0.21772257100740025,2.2224754832265488,58.488744497299194
1780959507.344836,4.989947320926087,-2.849064088160423,0.2170911831187431,2.224549668059173,58.53211545944214
1780959507.3789837,4.989870920774167,-2.849068893214291,0.217245816398042,2.226599398460915,58.56626319885254
1780959507.4211795,4.989889625386129,-2.8491384392259915,0.21768011563451245,2.2284732106153333,58.60845899581909
1780959507.4681761,4.9899524161760604,-2.8492733373087726,0.21705667537209064,2.230231760906575,58.655455589294434
1780959507.5042024,4.989963375676965,-2.849336795140401,0.21765280080635177,2.232122686702551,58.691481828689575
1780959507.5521247,4.9896531603935514,-2.8491737130201864,0.2173295906120001,2.234628846404436,58.73940420150757
1780959507.588304,4.989436211572482,-2.849082959707218,0.21702759511796513,2.2369550037731347,58.77558350563049
1780959507.6375399,4.989434597892341,-2.8491514123771458,0.21710438584304015,2.238865165888244,58.82481932640076
1780959507.6811237,4.98963739971812,-2.849373181328548,0.2175766313411369,2.2403805869856024,58.86840319633484
1780959507.7169485,4.989736830050436,-2.849519771242943,0.21786531532856446,2.2420904787524583,58.90422797203064
1780959507.7624872,4.989462068310313,-2.849390415387483,0.21737597540931275,2.2445272458880874,58.949766635894775
1780959507.8002646,4.989313524005874,-2.849352542342585,0.21716688746023952,2.246729464448469,58.98754405975342
1780959507.8444827,4.989341057078249,-2.8494425550736437,0.217519590801372,2.24859375580672,59.03176212310791
1780959507.8927205,4.989559062922397,-2.84969084107271,0.21772186468436233,2.2500752381851994,59.079999923706055
1780959507.934268,4.989459028289433,-2.8497004720772336,0.21727259213855585,2.2521719444090182,59.12154746055603
1780959507.9793649,4.9892979628455,-2.8496349132530794,0.21784250995162027,2.25442132653259,59.16664433479309
1780959508.013982,4.989249870005415,-2.8496860389966643,0.2173832951847419,2.256423363411769,59.20126152038574
1780959508.0544972,4.98928858743942,-2.8497930550429995,0.21760865107200716,2.258267617096319,59.24177670478821
1780959508.0958562,4.989223964885098,-2.8498210501490195,0.21752331511803977,2.2603123796960203,59.283135652542114
1780959508.1312945,4.989091701082935,-2.8497908253676694,0.21762984613794106,2.2624984735588862,59.31857395172119
1780959508.174166,4.989130465304781,-2.849902883767748,0.21760827434494492,2.264347356017322,59.36144542694092
1780959508.2074842,4.98919578272283,-2.8500399491547768,0.21755135178369792,2.266136677589637,59.394763708114624
1780959508.2503333,4.989056592570405,-2.850000168583687,0.21775054583778217,2.268344746478286,59.437612771987915
1780959508.2884607,4.988893427513155,-2.84994980661315,0.2174936343095186,2.270594872077763,59.47574019432068
1780959508.3204145,4.988854442992561,-2.8499902236875965,0.21778662121482348,2.272611277224689,59.50769400596619
1780959508.3606458,4.988989127248715,-2.850191520551921,0.21752287136998194,2.2742655023418674,59.54792523384094
1780959508.398688,4.988971821679822,-2.850258654292651,0.21750144361908347,2.2762309699057948,59.58596754074097
1780959508.4394984,4.98876839177381,-2.8501569157749347,0.21784562895507897,2.278581099497247,59.62677788734436
1780959508.4788337,4.988686179248685,-2.8501698472000156,0.21767224177470046,2.280684314983014,59.66611313819885
1780959508.5127754,4.98878553905882,-2.8503355727902666,0.21771541882319592,2.2824214912732215,59.70005488395691
1780959508.5543935,4.98864345617076,-2.850290007278472,0.21777676737854068,2.2846448203946124,59.7416729927063
1780959508.5894833,4.988449960491787,-2.850209668206183,0.21746195867024817,2.286970355641808,59.77676272392273
1780959508.6303916,4.9884427493886205,-2.8502784503148413,0.21759148120035604,2.2889329416170456,59.817671060562134
1780959508.6702802,4.98859683132479,-2.8504814166328036,0.2179700369578361,2.2905768488925915,59.85755968093872
1780959508.70399,4.988477158922332,-2.850463490882368,0.2176226515650911,2.2927521538232725,59.89126944541931
1780959508.7453516,4.988312369942426,-2.850389985161835,0.21782973859745094,2.2950417861131895,59.93263101577759
1780959508.789335,4.988430377613863,-2.850574718594056,0.2177141795481118,2.2967516812398907,59.976614475250244
1780959508.819529,4.988423233571596,-2.8506396231078583,0.21788001466397786,2.2987182761774205,60.0068085193634
1780959508.8597138,4.988162352425644,-2.8504854645276003,0.21777337497601162,2.3011977068217444,60.046993255615234
1780959508.8917732,4.988158518472528,-2.8505635237480655,0.2174954519370364,2.303156490569004,60.079052686691284
1780959508.9323921,4.988249780286562,-2.8507034675124383,0.2181049147769551,2.304944242369766,60.11967158317566
1780959508.9718602,4.988235507730803,-2.850779093781449,0.21753839787274118,2.3069145711424044,60.15913963317871
1780959509.0039492,4.988167090289069,-2.8507773267840175,0.21802881701329066,2.3090263745829525,60.19122862815857
1780959509.0442011,4.98803359022237,-2.850737434567344,0.217613848446502,2.3112508912782754,60.23148059844971
1780959509.0745323,4.9879499463643375,-2.8507233998536727,0.21792546130174492,2.3133947492079647,60.26181173324585
1780959509.11782,4.988095403937526,-2.8509308290583992,0.21775044106959707,2.3150609217213964,60.30509948730469
1780959509.1571329,4.9881518037381305,-2.8510573711394005,0.21756427335444997,2.316905882058765,60.344412326812744
1780959509.193132,4.988024876642959,-2.8510023922439296,0.2177550067887151,2.3191384215139808,60.38041138648987
1780959509.2330596,4.987797943483153,-2.8508490793052164,0.21806146181227878,2.321584412406078,60.42033910751343
1780959509.2648022,4.987843620102612,-2.850969448262166,0.21762219722071313,2.323452331264144,60.45208168029785
1780959509.3079622,4.987904725480038,-2.8510789870911606,0.21808370919456666,2.3253099867210008,60.49524164199829
1780959509.3520525,4.987679022204404,-2.8509373680259564,0.21780057203457134,2.327738984083329,60.539331912994385
1780959509.3855534,4.987552896894502,-2.850885328371915,0.21760228022086503,2.3299708745090215,60.57283282279968
1780959509.425708,4.98761956786706,-2.851004273046685,0.21777371152888686,2.331817744578986,60.61298751831055
1780959509.4667923,4.987760290265735,-2.851192975228837,0.2179314688394428,2.3335096238376702,60.65407180786133
1780959509.5085833,4.987717613222232,-2.8512194994469287,0.21765679110740874,2.3355689934378185,60.695862770080566
1780959509.5501873,4.987587536010939,-2.85113841294589,0.2181045095372843,2.3378322182830997,60.73746681213379
1780959509.5839632,4.987416123480125,-2.85104050777156,0.21771556181160626,2.34015937613321,60.77124261856079
1780959509.6289175,4.987436419860187,-2.8511145650468186,0.21769514210712446,2.342104077218659,60.81619691848755
1780959509.6612184,4.987564941442011,-2.851282374003304,0.21804865473450108,2.343833218067823,60.84849786758423
1780959509.701957,4.9875909164813255,-2.851371624494983,0.2176712575362838,2.3457531177888287,60.88923645019531
1780959509.7430925,4.987477542655104,-2.8513043327354635,0.21789497130958993,2.347982047345521,60.9303719997406
1780959509.778003,4.9872868988823855,-2.8511619434525723,0.21803428045819342,2.3503775816008314,60.96528244018555
1780959509.8202014,4.987377505139735,-2.8513079434941115,0.21775079519111853,2.3521707442450452,61.00748085975647
1780959509.8524725,4.987415214638104,-2.8513789158902836,0.21820898705607586,2.354093843191069,61.03975200653076
1780959509.8938906,4.987222188399332,-2.8512415934934823,0.2178744942871835,2.356480517128181,61.081170082092285
1780959509.9369779,4.9871989804762675,-2.8512658395686272,0.21772522230110225,2.3585210720875995,61.1242573261261
1780959509.969432,4.987310615900825,-2.851409981857302,0.21806543034527726,2.360292364096606,61.15671157836914
1780959510.0134475,4.987382659598588,-2.8515334110431407,0.21776715833346105,2.3621247214839394,61.2007269859314
1780959510.0572329,4.98727680342317,-2.8514642999073843,0.21780658591347762,2.3643445843178186,61.24451231956482
1780959510.0899696,4.987135386096937,-2.85135068242031,0.2180485397689505,2.3666522184009295,61.2772490978241
1780959510.1333704,4.987153060612245,-2.8514126769221835,0.21782843982338218,2.3686055717588923,61.32064986228943
1780959510.1691923,4.98717712291066,-2.8514679013538005,0.2179438400557412,2.370557686190897,61.35647177696228
1780959510.211436,4.987163279172042,-2.8514920247744246,0.21783444363130347,2.372582602106184,61.39871549606323
1780959510.2576528,4.98709732139851,-2.851452057273065,0.2179201724524444,2.374727896944408,61.44493222236633
1780959510.293679,4.987013073878371,-2.851395401191836,0.21795461940651115,2.376910153122809,61.480958461761475
1780959510.3363926,4.987124058804988,-2.851539589473098,0.21794392809212798,2.378677825539823,61.523672103881836
1780959510.3688793,4.987201176304988,-2.851655169431666,0.21772340528519118,2.380505474660218,61.556158781051636
1780959510.4121373,4.98711167236317,-2.8515830465371566,0.21789091430739113,2.3827060416585732,61.599416732788086
1780959510.4526198,4.98694139951053,-2.851420902139042,0.2181154694564105,2.3850875767716935,61.639899253845215
1780959510.4897516,4.987007423564847,-2.851524774973948,0.21777829526020556,2.386939125763292,61.67703104019165
1780959510.5321221,4.987023085554867,-2.851551425644443,0.21818140405810738,2.3889198896262274,61.719401597976685
1780959510.5661764,4.986862253586473,-2.851409905189637,0.21786279524161,2.391263910546977,61.75345587730408
1780959510.608887,4.986876714239041,-2.8514461009674528,0.21779828485432928,2.3932380647285383,61.79616641998291
1780959510.6483955,4.98700476157904,-2.8515950313121037,0.2180127613475478,2.394970867680334,61.83567500114441
1780959510.6817677,4.987013779355531,-2.85162620316763,0.21789281236701605,2.3969508516750104,61.86904716491699
1780959510.7213752,4.986865155872043,-2.851474313961228,0.21807782136979006,2.3992885018021957,61.90865468978882
1780959510.7542248,4.986900277135725,-2.851532732020889,0.21786387067312132,2.401213916623762,61.94150424003601
1780959510.8002083,4.986945919945035,-2.851589604628579,0.21806415890681397,2.403122167185421,61.98748779296875
1780959510.8362343,4.986808835131372,-2.8514528728831996,0.21797386715676578,2.405430435806008,62.02351379394531
1780959510.8710926,4.986865587254538,-2.8515271706857415,0.21795667360720805,2.407309746167119,62.058372020721436
1780959510.9123027,4.986891992176792,-2.851568345627063,0.2178264751254608,2.4092524832281597,62.09958219528198
1780959510.948755,4.986861687227079,-2.8515334490519786,0.21814122466709876,2.411335926465973,62.13603448867798
1780959510.9904666,4.986824307541551,-2.851507107952364,0.2178551043301152,2.4134163806174307,62.177746057510376
1780959511.0324392,4.986855891952674,-2.8515460386534244,0.2178921718518996,2.4153550459896573,62.21971869468689
1780959511.0688844,4.98688827505798,-2.8515833165040365,0.21802945625601197,2.4172899580330065,62.25616383552551
1780959511.1105769,4.986754017621615,-2.851438834653497,0.21786361220208061,2.4195949515173303,62.29785633087158
1780959511.1425133,4.986778835219645,-2.851467534441881,0.21792218156647908,2.4215475869155605,62.329792737960815
1780959511.1906593,4.986856264779106,-2.851552531554643,0.2180641403777312,2.4233785140204818,62.377938747406006
1780959511.2340837,4.98675234993995,-2.8514380087729427,0.21792561763733573,2.425615331285043,62.42136311531067
1780959511.2753124,4.986818146759031,-2.8515108261812765,0.21802632725244953,2.427472498218507,62.462591886520386
1780959511.319222,4.986832347226594,-2.851532111416548,0.21778200198153524,2.4294348224957347,62.50650143623352
1780959511.366125,4.986793796628273,-2.851478583950583,0.21795098456619824,2.4315334970093847,62.553404569625854
1780959511.4035866,4.986766057616764,-2.851442550482387,0.21800175016705475,2.433600871285515,62.59086608886719
1780959511.447481,4.986861580068469,-2.851553473023486,0.21787512464877426,2.435378845850782,62.63476037979126
1780959511.4829795,4.986837207723003,-2.8515184786377907,0.21792570776206338,2.437435653543272,62.67025899887085
1780959511.5284412,4.986763198182217,-2.8514260358181027,0.21788242574137198,2.439610517652695,62.715720653533936
1780959511.5724537,4.986821962619173,-2.851484560617956,0.2180441902272059,2.441477295269517,62.75973320007324
1780959511.6041226,4.986776954860953,-2.8514273071468077,0.2179660364670648,2.4435767681974725,62.791402101516724
1780959511.6544778,4.986839043186697,-2.851496212769065,0.21788380927998843,2.445428174551698,62.84175729751587
1780959511.6899157,4.9867878851110445,-2.8514264119793093,0.21789806911957102,2.44754304529805,62.87719511985779
1780959511.7404916,4.986811113368543,-2.851447671339855,0.21781466869795169,2.44948443482685,62.92777109146118
1780959511.7832894,4.98678907850461,-2.851408989759689,0.2179000297648288,2.4515313848078915,62.970568895339966
1780959511.8239963,4.986754698033405,-2.851360735409818,0.21779574844233113,2.4536061635982094,63.01127576828003
1780959511.8660731,4.98683681574387,-2.851448513258058,0.21784985083593122,2.4554050257362645,63.05335259437561
1780959511.8976114,4.986811859240431,-2.851405275121865,0.217945644668837,2.457456896726353,63.084890842437744
1780959511.9441173,4.986755433152533,-2.8513298751685947,0.21780272340063064,2.4595793088976245,63.131396770477295
1780959511.987715,4.986834913870545,-2.8514141461126474,0.21787172840366223,2.4613809573348564,63.174994468688965
1780959512.027764,4.9868209620331365,-2.851387464593031,0.21783869991762153,2.4633982195380795,63.21504354476929
1780959512.0718913,4.986822245252821,-2.8513777844136774,0.21784177339875274,2.4653854666289385,63.25917077064514
1780959512.1089308,4.986858203988394,-2.8514134573163443,0.21779600400909524,2.4672781338700283,63.296210289001465
1780959512.1570597,4.986790922339131,-2.851315962534738,0.2178387623415103,2.4694290289314145,63.34433913230896
1780959512.202113,4.986832248812717,-2.8513544688727426,0.21793526854200623,2.471312191295499,63.389392375946045
1780959512.2375546,4.986800555043067,-2.851309315072039,0.21776004184567402,2.4733624208205667,63.42483401298523
1780959512.2782867,4.986847853482973,-2.8513592944405195,0.21771351797986901,2.4752257921765475,63.46556615829468
1780959512.3145778,4.98683327581005,-2.8513296773286996,0.21772409005605056,2.47723630385045,63.5018572807312
1780959512.358767,4.9868220654040565,-2.8513010081547936,0.21782917336441177,2.479248270229107,63.54604649543762
1780959512.4004638,4.98689759654005,-2.8513945659187447,0.21764269547455162,2.481024107578241,63.587743282318115
1780959512.437948,4.986827663205831,-2.8512892331454602,0.2178195550925307,2.4831743805684745,63.62522745132446
1780959512.4816523,4.986840867631388,-2.851299928339357,0.2177133174008046,2.485112155202623,63.66893172264099
1780959512.518227,4.986879337403894,-2.851345246198246,0.21759666061421076,2.4869756231001685,63.705506563186646
1780959512.5633624,4.986803687434334,-2.851231574273069,0.21777958631942362,2.489139594534146,63.75064182281494
1780959512.6079571,4.986781286558251,-2.8511971726894036,0.21771607534411913,2.4911581326694483,63.795236587524414
1780959512.6478665,4.9868838671406985,-2.8513216875856098,0.21781268647888571,2.4928631772030934,63.83514595031738
1780959512.694801,4.986793020653311,-2.851199645604774,0.21769953195418162,2.4950465723303608,63.88208055496216
1780959512.7494357,4.986843829800152,-2.8512631355929936,0.21764558806359063,2.496875214025822,63.9367151260376
1780959512.7812681,4.986835469460027,-2.851242736052306,0.2177538266780061,2.4988526765312056,63.96854758262634
1780959512.8252826,4.986752644941397,-2.851135776069321,0.21754477273607387,2.5010104149031944,64.01256203651428
1780959512.8615856,4.986821098733218,-2.8512187331152794,0.2177237006662128,2.502794182757925,64.04886507987976
1780959512.9066994,4.986861331137074,-2.8512757632241224,0.2175709015449353,2.5046297156172916,64.09397888183594
1780959512.9527025,4.986808631646664,-2.8512003357481124,0.2176445389205685,2.5067161047749478,64.13998198509216
1780959512.9891756,4.986802883759933,-2.8511933167177967,0.21763992754033445,2.508675952205028,64.17645502090454
1780959513.0324047,4.986834593726033,-2.851237426465508,0.21764738550704613,2.510532162642316,64.21968412399292
1780959513.067462,4.986823764515886,-2.851223540598051,0.21768393567325742,2.5125042671804607,64.25474143028259
1780959513.1188579,4.986848098419835,-2.851265840717403,0.2175561468595461,2.5143680491513383,64.30613732337952
1780959513.1600459,4.986793892451105,-2.8511942952420735,0.21757895093620042,2.516447664222071,64.3473253250122
1780959513.195604,4.986789650826056,-2.851190458465538,0.21771425409451833,2.5183977801158726,64.38288354873657
1780959513.239284,4.986854530482622,-2.851294311224954,0.21754379777960597,2.520146058883424,64.42656350135803
1780959513.28319,4.9867863269246415,-2.851203103662099,0.21768368457626255,2.5222587379569976,64.47046947479248
1780959513.3293207,4.986804240823739,-2.8512411518638405,0.21761696550079201,2.524134969440192,64.51660013198853
1780959513.3723726,4.986752427287203,-2.85118012835001,0.21758009945009568,2.526193691105023,64.55965209007263
1780959513.412432,4.986769135484073,-2.8512155749225623,0.21764546320616962,2.5280714249720955,64.59971141815186
1780959513.4562602,4.986772222837244,-2.851235679523353,0.21762532398784362,2.5299766664248478,64.64353966712952
1780959513.4922156,4.986745701782496,-2.851215126045376,0.21760109508430445,2.531961898628411,64.67949509620667
1780959513.5394392,4.986778235082021,-2.851279778310075,0.21759354457531313,2.5337859985871938,64.72671866416931
1780959513.581102,4.986722002319503,-2.851215298070702,0.21767878704502439,2.5358525714695377,64.768381357193
1780959513.6191642,4.98675224082545,-2.8512855628494576,0.21753455112980927,2.5376696888373598,64.80644369125366
1780959513.66052,4.986704397987676,-2.8512348687923357,0.21764515219134156,2.5397113297647285,64.84779953956604
1780959513.7000475,4.986714675346667,-2.851277873573602,0.21757407562654066,2.5415793508926443,64.88732695579529
1780959513.7443194,4.9866749282375755,-2.851245510003622,0.21759920794478585,2.543590257653098,64.93159890174866
1780959513.7889745,4.986672567129993,-2.8512714361624485,0.21757739559429035,2.5454907233019117,64.97625398635864
1780959513.824848,4.986662983936268,-2.8512850917004293,0.21763700931505622,2.5474152734191295,65.01212739944458
1780959513.8691869,4.98664782024526,-2.851296150468815,0.21760147663833057,2.549348202295176,65.05646634101868
1780959513.9018028,4.986620715769196,-2.8512900672600643,0.2176134481135586,2.5513098176856848,65.08908224105835
1780959513.9426942,4.986619991416106,-2.851325084278579,0.217604488195679,2.553198541635915,65.12997364997864
1780959513.9818146,4.986576303357459,-2.851300229194749,0.21754209314104272,2.5552022733011386,65.16909408569336
1780959514.014821,4.986591752083412,-2.851364191568731,0.21752929600690205,2.5570388163635367,65.2021005153656
1780959514.0557234,4.986539188770617,-2.85132353958048,0.2175938795411279,2.559070839468486,65.24300289154053
1780959514.0998955,4.986541677223877,-2.8513737053559685,0.21754415996359844,2.5609341655539017,65.28717494010925
1780959514.1277823,4.986516607838403,-2.851382317429797,0.21753569588720595,2.562880176190812,65.31506180763245
1780959514.1697364,4.986467859932689,-2.851354285581339,0.21758209691218583,2.5648909455879885,65.35701584815979
1780959514.207204,4.986471011569322,-2.8514119608549247,0.21751391636239334,2.566745838248386,65.39448356628418
1780959514.2510023,4.986425218493518,-2.8513951860279945,0.2174877355677284,2.5687417970030637,65.43828177452087
1780959514.2993326,4.98643226226652,-2.851461010193194,0.21749094765146626,2.570584624722508,65.48661208152771
1780959514.3358393,4.986370784872509,-2.8514170725651704,0.21762017638075562,2.572628534732255,65.52311873435974
1780959514.381904,4.986373615992715,-2.8514832934132848,0.21755390293655708,2.5744739499443146,65.56918334960938
1780959514.4204748,4.986332170765255,-2.851480407729175,0.2175289205119387,2.5764509196653087,65.60775423049927
1780959514.467856,4.986315251991633,-2.8515196017761055,0.2175001304186932,2.578347653464285,65.6551353931427
1780959514.509751,4.986231915506625,-2.851453871892246,0.21746918531174209,2.580441683013576,65.697030544281
1780959514.5503707,4.986249482533095,-2.851545892005247,0.21756137169193074,2.582243501217457,65.73765015602112
1780959514.592328,4.986224226974,-2.8515779235494993,0.21753041005203047,2.5841575207382363,65.77960753440857
1780959514.631025,4.986167608300569,-2.851563030424876,0.2174491703830596,2.5861658660084634,65.8183045387268
1780959514.6748102,4.986137519535965,-2.851588233284837,0.21747981563224464,2.5880945091513743,65.86208963394165
1780959514.7191124,4.9861091283421874,-2.8516190912032866,0.21750698230503973,2.590020052765654,65.90639185905457
1780959514.7573268,4.986079187791772,-2.8516533016685153,0.21744401653570117,2.5919372555655924,65.9446063041687
1780959514.7978606,4.986026204529977,-2.8516487331288167,0.21744074396515328,2.5939296401589322,65.98514008522034
1780959514.835897,4.9860042200867785,-2.8516974226666862,0.21742767924902182,2.5958253421114605,66.02317643165588
1780959514.8809714,4.9859527551411835,-2.851695924222157,0.2175011040298641,2.5978113210948215,66.06825089454651
1780959514.9211905,4.985887694004866,-2.851680622113587,0.2174258574633009,2.599831680139115,66.10846996307373
1780959514.9600751,4.98590408861682,-2.851795600001689,0.21750811938885659,2.6016076611983205,66.14735460281372
1780959515.002586,4.985847499568788,-2.851793356827307,0.21758584969072087,2.603601589605195,66.18986535072327
1780959515.0373948,4.985748617978991,-2.851728822318972,0.21743991077451005,2.6057166274141297,66.22467422485352
1780959515.0780692,4.985764619515933,-2.8518470197089956,0.21761887024276647,2.607494444758002,66.26534867286682
1780959515.1179948,4.98571847498208,-2.8518791736214717,0.21739114265651846,2.6094353445940235,66.30527424812317
1780959515.1521819,4.985652964870816,-2.851868580412117,0.21743024874882919,2.6114528556762817,66.33946132659912
1780959515.1913972,4.98562610159236,-2.8519238719264957,0.21752267569336425,2.6133522280124195,66.37867665290833
1780959515.2271688,4.985593340267839,-2.8519783677904047,0.21747242373986211,2.615255042079093,66.41444826126099
1780959515.268358,4.985514972449102,-2.8519530099745474,0.21747439662449172,2.617307569135742,66.45563745498657
1780959515.308662,4.985484169591964,-2.852009739491351,0.21752759029247218,2.619208733354426,66.49594140052795
1780959515.3440783,4.985428042854778,-2.85202773676572,0.21750082086838227,2.6211859263032338,66.53135776519775
1780959515.3866818,4.985386136731599,-2.852067926522099,0.21759409312367448,2.6231197563635646,66.57396125793457
1780959515.4286113,4.985301493522996,-2.8520443380295077,0.21744140125576047,2.625178927753403,66.61589074134827
1780959515.4592342,4.985299167054099,-2.8521568788159484,0.21753411099768769,2.6269867758021794,66.64651370048523
1780959515.4998555,4.985247330851576,-2.8521868237852916,0.21761565545825312,2.62894666133685,66.6871349811554
1780959515.5343628,4.985134753896257,-2.8521165420703873,0.21749296461704504,2.631092070730878,66.72164225578308
1780959515.5735114,4.985131850166189,-2.852235840733329,0.2175781468103274,2.6328978124526365,66.76079082489014
1780959515.6188095,4.985061857406262,-2.8522439093736587,0.21746353823278872,2.6349029935268247,66.80608892440796
1780959515.652552,4.985030145729437,-2.8523154839108362,0.21752335718645058,2.6367991070390633,66.83983135223389
1780959515.69239,4.98499472941115,-2.8523875252756894,0.2174755549588977,2.638692656404686,66.8796694278717
1780959515.7284465,4.984880449840299,-2.8523123173506786,0.217525437755671,2.6408528911327123,66.91572594642639
1780959515.7733228,4.98483228452154,-2.8523590172609588,0.2176340085352752,2.642796896533526,66.96060228347778
1780959515.8145137,4.984826156981769,-2.8524951653452977,0.21745211167736664,2.644587248510927,67.00179314613342
1780959515.8503745,4.984726766832567,-2.8524489293980357,0.21756292041165728,2.646695833942779,67.03765392303467
1780959515.8916693,4.984682779573896,-2.852512758424363,0.2175080529769665,2.6486192076329087,67.0789487361908
1780959515.9231398,4.98461191005643,-2.8525255145780224,0.21753413367651162,2.6506275570531574,67.11041927337646
1780959515.9679012,4.984559080873048,-2.8525744373391166,0.21750889117431715,2.652580296112627,67.15518069267273
1780959516.0065231,4.9845193794659055,-2.852650888455549,0.21747939293689278,2.6544808711619288,67.19380259513855
1780959516.0383997,4.984408102272409,-2.852589332517939,0.21751319568537844,2.656628258135976,67.22567915916443
1780959516.0781412,4.9843748490559925,-2.8526758898577977,0.21759556419245263,2.658517606941154,67.26542067527771
1780959516.112582,4.984322716976689,-2.8527346463150023,0.21752083937982264,2.6604546824844943,67.29986143112183
1780959516.157905,4.984226729665867,-2.852707883323529,0.21747247768326242,2.6625458908049806,67.34518456459045
1780959516.196732,4.984180740301347,-2.8527665040506536,0.21770598213657094,2.664486100737868,67.3840115070343
1780959516.2358098,4.984160208503633,-2.852894034639378,0.21753287183467665,2.666310114064745,67.42308926582336
1780959516.2869575,4.984042738156443,-2.8528201805952023,0.21766377886899285,2.6684841521287694,67.47423696517944
1780959516.326538,4.983970617850143,-2.8528432174914795,0.21764626017810007,2.6704956853119475,67.51381754875183
1780959516.3740652,4.983966649228796,-2.853003318356989,0.217532897821034,2.672268599518122,67.56134462356567
1780959516.4233544,4.9838727668886795,-2.852980556520486,0.21761631690455865,2.6743577507583787,67.61063385009766
1780959516.4642248,4.983775865033794,-2.8529580503834926,0.2175295058271647,2.676452903433188,67.65150427818298
1780959516.5105596,4.983752701516901,-2.8530775998327402,0.21755869215218535,2.6783000708591906,67.69783902168274
1780959516.5422812,4.983693062909638,-2.853126926344492,0.21757247602136162,2.680267605859542,67.7295606136322
1780959516.5841045,4.983582805715112,-2.853066341853193,0.21776519882773387,2.68242895558019,67.7713840007782
1780959516.6320803,4.983579881580711,-2.8532397676023447,0.2176242550370095,2.6841908495053772,67.81935977935791
1780959516.664443,4.983463304604569,-2.853175534751141,0.21763360489830919,2.6863586427639294,67.85172247886658
1780959516.7132082,4.983399041486792,-2.853219556709469,0.21757371069108197,2.6883468881594568,67.9004876613617
1780959516.7558255,4.983353581000351,-2.8532957622421296,0.21769238520138315,2.6902721652777375,67.9431049823761
1780959516.7850513,4.983232707238888,-2.853225482523023,0.2176074824915569,2.692459110677882,67.97233080863953
1780959516.8247077,4.983213250175101,-2.8533538132354974,0.217807292941548,2.6942992432449575,68.01198720932007
1780959516.8571372,4.983130291444226,-2.853367057317524,0.21764058826874524,2.696342614454448,68.04441666603088
1780959516.898652,4.983056217276538,-2.8533923512977895,0.21758122082428752,2.6983662585101524,68.08593153953552
1780959516.9402187,4.983001041732741,-2.8534519217427543,0.2176378840784303,2.7003295495727593,68.12749814987183
1780959516.9734674,4.9829355418697805,-2.8534853294091334,0.21784064107835094,2.7023373469552547,68.16074681282043
1780959517.0139358,4.982852006473365,-2.8535016060097504,0.21755667412280527,2.7043820621343877,68.2012152671814
1780959517.0453308,4.982792376229029,-2.853550178960555,0.2176230472149484,2.706367968476232,68.23261022567749
1780959517.0855396,4.9827482087553285,-2.853636955917957,0.21768316519705322,2.7082909623613247,68.27281904220581
1780959517.1205878,4.982648552139112,-2.85360820852306,0.2175435961287175,2.7104096849067294,68.30786728858948
1780959517.1527164,4.982541324056082,-2.8535489445279927,0.21773903377709325,2.7125799816006877,68.33999586105347
1780959517.1949642,4.982569021054584,-2.8537944472494448,0.21770474298555711,2.714239271031994,68.38224363327026
1780959517.2290227,4.982492947211051,-2.8538228614208094,0.21748118782745404,2.7162651912584526,68.41630220413208
1780959517.2735043,4.982371889234835,-2.8537228154523575,0.21778259281326362,2.718500614487257,68.46078372001648
1780959517.3116512,4.982247255593147,-2.853642177880935,0.21756631936879206,2.720713335828815,68.49893069267273
1780959517.3485541,4.982230858369771,-2.853782249605539,0.21774211191775997,2.7225512247839108,68.53583359718323
1780959517.3935685,4.98222425999661,-2.853961322817918,0.21754333931253994,2.7243260333826895,68.58084797859192
1780959517.425343,4.9821561966405445,-2.853981391016139,0.21781020146741298,2.7263623514086786,68.61262249946594
1780959517.467711,4.981995694353085,-2.8538146699962614,0.21755321067509426,2.728719262422437,68.6549904346466
1780959517.5149832,4.981928249390401,-2.8538475309778124,0.21753595365578662,2.7307411389016325,68.70226263999939
1780959517.5487359,4.981954591884393,-2.8540769717886247,0.21788312616771888,2.732430450111521,68.73601531982422
1780959517.5889509,4.981858360671001,-2.8540546658242705,0.21761946597256177,2.73454299019867,68.7762303352356
1780959517.6233554,4.981762436401686,-2.854006534510116,0.2178537623695569,2.736698879484874,68.81063485145569
1780959517.6631749,4.981769463377411,-2.854215462521226,0.2177433033748925,2.7384286520453216,68.85045433044434
1780959517.700538,4.981676606758064,-2.85418405732929,0.21778807080998422,2.740556340138102,68.8878173828125
1780959517.7343962,4.98156322733043,-2.8541107198822955,0.2175923097696237,2.742755993225066,68.92167568206787
1780959517.7755992,4.981509977380071,-2.8541578069246816,0.21783935949662406,2.744753586403716,68.96287870407104
1780959517.811333,4.981509492531083,-2.85435326593183,0.21762884077303266,2.7465077713897594,68.99861240386963
1780959517.8527298,4.981428770915039,-2.8543368486221823,0.2178080785551773,2.7486073176076764,69.04000926017761
1780959517.8922067,4.9812942978687955,-2.8541975709562686,0.21778824417362036,2.750915395301898,69.07948613166809
1780959517.9272697,4.981279377799603,-2.8543522821021856,0.2177162059023939,2.752739153441733,69.11454916000366
1780959517.968967,4.981223417666452,-2.8543981752703877,0.21771733265153756,2.754736674961668,69.15624642372131
1780959518.0118344,4.9811244274832625,-2.8543339456208625,0.21786098890736147,2.7569172413159118,69.1991138458252
1780959518.0465047,4.981103306500956,-2.854474629799262,0.21766842231017705,2.7587667377247684,69.23378419876099
1780959518.0880792,4.981069298344037,-2.854567026542983,0.2177930185301053,2.7606868595499834,69.2753586769104
1780959518.1223497,4.980937905563624,-2.854413858246369,0.21794852373665236,2.7630115987198245,69.30962920188904
1780959518.1650643,4.980934622889695,-2.8545956910490036,0.2178026056679121,2.764794298089349,69.35234379768372
1780959518.206831,4.980891919047161,-2.854676066831468,0.2176867482837887,2.7667365546548623,69.39411044120789
1780959518.2407546,4.98077228430803,-2.854539284773231,0.2179252879710935,2.7690293493273703,69.42803406715393
1780959518.2830234,4.98068122108258,-2.8545010447566805,0.21767479348971625,2.7711698131571203,69.47030282020569
1780959518.3173256,4.980683035714393,-2.85467489176429,0.2178652063633924,2.772961437551284,69.50460505485535
1780959518.3598597,4.98063011880067,-2.8547289583282134,0.21763978605776318,2.7749449750269597,69.54713916778564
1780959518.400678,4.980542436654923,-2.854656106974429,0.2180313862381651,2.777130304012564,69.58795738220215
1780959518.4339945,4.980465959931678,-2.854659416693561,0.21757632868474044,2.7792027717048575,69.6212739944458
1780959518.473436,4.980436817924586,-2.8547334266862516,0.21799481894825348,2.7811500103757028,69.66071557998657
1780959518.5079715,4.980418749205653,-2.8548793193006112,0.21772888112684077,2.7829888873576136,69.69525098800659
1780959518.548622,4.980319119272671,-2.8547829902025055,0.2177955861133306,2.785209406864964,69.73590135574341
1780959518.5855725,4.980229127738052,-2.854719395446953,0.21769356251579886,2.7873859569785395,69.77285194396973
1780959518.620723,4.980224625310479,-2.854864089044231,0.21801792451595545,2.7892182219772597,69.80800247192383
1780959518.6605976,4.980178067439391,-2.8549338951613255,0.21757190921205183,2.791176819362047,69.84787702560425
1780959518.6937635,4.980115933663819,-2.8549101351089345,0.21802822672270503,2.7932775519175865,69.88104295730591
1780959518.7351549,4.980033885618898,-2.8548776516779197,0.21760052808788902,2.795401179560589,69.92243432998657
1780959518.7756445,4.979990734359171,-2.85490089123321,0.21806234062838017,2.797426787586039,69.96292400360107
1780959518.8131573,4.979987760081792,-2.855086902947904,0.21761909279075417,2.7991987902752853,70.00043678283691
1780959518.8551414,4.979946373191958,-2.85513154364331,0.21770914629441593,2.8011873226058457,70.04242086410522
1780959518.8882651,4.979836603400665,-2.8549675681075235,0.21806301068478143,2.8035111917036173,70.07554459571838
1780959518.9308028,4.979784997702933,-2.855011209285938,0.21763928603332974,2.8055102517555834,70.11808228492737
1780959518.9737139,4.979769097015799,-2.8551040094290276,0.21805856418982025,2.807418838460109,70.16099333763123
1780959519.0076244,4.9797010010828915,-2.8550985154125277,0.21763027123588952,2.8094922312908945,70.19490385055542
1780959519.056531,4.979648372327938,-2.855083551626647,0.21798325429680182,2.8115722202137445,70.24381041526794
1780959519.0887659,4.979604963514024,-2.855136503522771,0.21773490264339648,2.8135506475912435,70.27604532241821
1780959519.1326795,4.979563535800784,-2.8551683564136017,0.21779189479090802,2.8155569353496115,70.31995892524719
1780959519.174776,4.979517498080425,-2.8551927032405007,0.21781825110245703,2.817576092805662,70.36205554008484
1780959519.2084153,4.9794640033078155,-2.8551939467620397,0.21772769385411303,2.8196308700081505,70.39569473266602
1780959519.2512217,4.979417081784959,-2.855194614744073,0.2180113645450826,2.821683644322547,70.43850111961365
1780959519.294543,4.979382020838623,-2.8552609558623625,0.2177268213336329,2.8236356408790724,70.48182249069214
1780959519.3275084,4.979342612043741,-2.855280253936851,0.21793639551011795,2.8256548798351333,70.51478791236877
1780959519.3683705,4.979265307845138,-2.8552035331435737,0.2178733772702206,2.8278307301503665,70.55564999580383
1780959519.40109,4.979276453700946,-2.8553894274410063,0.21786838892692315,2.8295893209354888,70.58836936950684
1780959519.4437103,4.979237013622795,-2.855425541176886,0.21779238974887133,2.8315825959300356,70.63098978996277
1780959519.4851563,4.979136452895291,-2.8552510521579415,0.21791472160412767,2.8339055446178723,70.67243576049805
1780959519.5189714,4.979099690776393,-2.8552968782764876,0.21774741178222454,2.835884132862556,70.7062509059906
1780959519.55733,4.9790999212863145,-2.855443217144076,0.2177497234794974,2.83769947788619,70.74460935592651
1780959519.591039,4.979086183152096,-2.8555467414360667,0.2177904297045814,2.839581143893902,70.77831840515137
1780959519.6358805,4.978981289258385,-2.855350462907322,0.21787641213799436,2.8419329806830382,70.82315993309021
1780959519.6749923,4.978944713580335,-2.855380527000851,0.21779626573351418,2.8439341987699147,70.86227178573608
1780959519.7117743,4.978965030478613,-2.8555850091188955,0.21792964211127755,2.8456503740744736,70.89905381202698
1780959519.755286,4.9788686562777125,-2.8554256454211115,0.21774635322603147,2.847941820720577,70.94256544113159
1780959519.7891817,4.978814649628669,-2.855382443353579,0.21783029140924376,2.8500525875927645,70.97646117210388
1780959519.8329618,4.978841069534138,-2.855611167772898,0.21790067977468286,2.8517286499770655,71.02024126052856
1780959519.874148,4.978761992226814,-2.85549689902949,0.21776693952399648,2.8539432861183665,71.06142735481262
1780959519.9102342,4.978701546794918,-2.8554325459663614,0.21776280733250417,2.8560841428271657,71.0975136756897
1780959519.9539711,4.978718127453344,-2.8556203978215877,0.21795182902514945,2.857820457277572,71.14125061035156
1780959519.9879193,4.978658005953671,-2.855570977050531,0.21769272994724054,2.859930356231278,71.17519879341125
1780959520.0314066,4.978581925675867,-2.8554370261668565,0.21785011056177955,2.86217358943184,71.2186861038208
1780959520.0710962,4.978603142952253,-2.8556580073152578,0.21776497449506954,2.8638595335161807,71.25837564468384
1780959520.1040535,4.978576033461165,-2.855699620253964,0.21777584001950986,2.8658180874882064,71.29133296012878
1780959520.1457014,4.978491071046684,-2.8555289880302612,0.21792678955589215,2.8681155993853413,71.33298087120056
1780959520.1769896,4.9785026691411876,-2.8557210086514466,0.21778291019780643,2.8698447597746983,71.36426901817322
1780959520.2186553,4.978472565234753,-2.855764565984371,0.21760806106111133,2.8717999270548606,71.40593481063843
1780959520.2582605,4.978411228830372,-2.8556545494449947,0.21793765701756568,2.8739937523975168,71.44553995132446
1780959520.2958639,4.978353768710418,-2.855601541378333,0.21773794685045533,2.876102910113819,71.48314332962036
1780959520.3411682,4.978368336455259,-2.8557836802573946,0.2178601681885002,2.8778400718071384,71.52844762802124
1780959520.3788917,4.978322018729169,-2.855766080748693,0.21766162184980423,2.879887017358163,71.566171169281
1780959520.4240692,4.978272142768675,-2.8557002405513687,0.21786363499056982,2.88200971924612,71.6113486289978
1780959520.4675694,4.978254091095744,-2.8557825967409167,0.21776871484216814,2.8839003908444516,71.65484881401062
1780959520.5036397,4.978218910778891,-2.8557953588163025,0.21762902067580706,2.8858972218651027,71.6909191608429
1780959520.5535038,4.978172061915365,-2.855744159132529,0.2178102298738399,2.887992915738816,71.74078321456909
1780959520.6010756,4.978150749259846,-2.8558145438584064,0.21759024579947892,2.889900676988862,71.7883551120758
1780959520.6400104,4.978144709738216,-2.855910459496558,0.21788029910660586,2.89176189353439,71.82728981971741
1780959520.685749,4.978074482509689,-2.855793394096586,0.21761769700019828,2.8939590704401748,71.87302851676941
1780959520.7217753,4.978021184755764,-2.8557134420521897,0.2177178250706906,2.8960982230817396,71.90905475616455
1780959520.766896,4.978039979116933,-2.855918481141611,0.21788319925689237,2.897786390689175,71.95417547225952
1780959520.8097708,4.977989135130072,-2.855872957681917,0.21764703238503158,2.899865833023078,71.99705028533936
1780959520.8447855,4.977927796301142,-2.855757165438753,0.21775623296717248,2.902057852666444,72.03206491470337
1780959520.8847487,4.9779427617250995,-2.8559608488055668,0.21780610065608907,2.9037472332617136,72.07202816009521
1780959520.9240606,4.9778988320098305,-2.8559259914388586,0.2177459200746959,2.9058040689540134,72.11134004592896
1780959520.970072,4.977824783745908,-2.8557764269742516,0.21758534287935863,2.908048069787108,72.15735149383545
1780959521.0130727,4.977816720174931,-2.8558767273647954,0.21774227916420205,2.9098955194987357,72.20035219192505
1780959521.0502572,4.977825408039354,-2.8560576452643924,0.21778300493443867,2.9116118329427523,72.23753666877747
1780959521.0920894,4.97776421117143,-2.855946134108015,0.217823875180661,2.913789555682001,72.27936887741089
1780959521.1306782,4.977738772085618,-2.856008858823108,0.21755973057263442,2.9156967544733665,72.31795763969421
1780959521.1754017,4.977725656902409,-2.856077155051761,0.21788602832922052,2.9175863194272904,72.3626811504364
1780959521.2172391,4.977642876870803,-2.855892309184054,0.21761056016556576,2.9198770051386154,72.40451860427856
1780959521.254967,4.977610608406234,-2.855910028467701,0.21754585563322673,2.921850718814028,72.44224643707275
1780959521.2905061,4.977630720122536,-2.856134006797983,0.21779587599480807,2.9234968602915803,72.47778558731079
1780959521.322834,4.977592484799264,-2.8561473114081672,0.21754500091518728,2.9254732917066577,72.51011347770691
1780959521.3677642,4.977536066434684,-2.8560321078084003,0.21772575071244837,2.927648967323641,72.55504369735718
1780959521.4059021,4.977490816821911,-2.855995320856291,0.21767741923345907,2.929704203544049,72.59318161010742
1780959521.4422657,4.9774941717608705,-2.8561616755717534,0.21786132925582385,2.9314363571246114,72.62954521179199
1780959521.483001,4.977425962521863,-2.8560295726335077,0.2176677217745948,2.9336371306027464,72.67028045654297
1780959521.5185113,4.977394887611676,-2.856057449389865,0.21765520364068577,2.9355884901164955,72.70579075813293
1780959521.5617516,4.977397787112583,-2.8562448789726798,0.2176349480502697,2.9372870696186015,72.74903106689453
1780959521.6000392,4.977364524578276,-2.8562588814153247,0.21771630028045105,2.9392566493266874,72.78731870651245
1780959521.6348143,4.977285821307124,-2.8560696416935776,0.21755267461674058,2.9415447898847944,72.82209372520447
1780959521.675983,4.977244949310692,-2.856058209268816,0.2174954731244227,2.9435552959999214,72.86326241493225
1780959521.70807,4.977255413718854,-2.856264589604456,0.21782984308113046,2.9452206373834393,72.89534950256348
1780959521.7526832,4.977200983376912,-2.8562061479554535,0.21758302438200805,2.947299124844562,72.93996262550354
1780959521.79586,4.977142887035304,-2.8561094876811173,0.2175299098464201,2.9494431044747813,72.9831395149231
1780959521.8301246,4.977137492995567,-2.8562564073346706,0.21781071816324488,2.951199840578764,73.01740407943726
1780959521.8686461,4.977110472053252,-2.8563603856000603,0.21738901168107075,2.953025643830567,73.05592560768127
1780959521.9146256,4.977081222360762,-2.8563776501753004,0.21776241518621642,2.954983730860481,73.10190510749817
1780959521.9405763,4.977004708008032,-2.856216095150582,0.2174227239930084,2.957225393270716,73.12785577774048
1780959521.9842672,4.976951854086115,-2.85612947104922,0.21757617486908273,2.959348637222567,73.17154669761658
1780959522.0183194,4.976958439550595,-2.856387170296031,0.2175866094033764,2.9609319988345058,73.20559883117676
1780959522.0603166,4.976931025484023,-2.8564311037722723,0.21785324038754497,2.9628420678739955,73.24759602546692
1780959522.1018877,4.976829772308496,-2.8561537137836703,0.2173759583995112,2.9652646622211782,73.28916716575623
1780959522.1317043,4.976775447814243,-2.8560979815196625,0.21722938016832635,2.9673381865331327,73.31898379325867
1780959522.1728399,4.976771186260821,-2.856277172797032,0.21754798906121695,2.9690405226225405,73.36011934280396
1780959522.20603,4.976782110638222,-2.8565486408312126,0.21788387231084516,2.970594145339191,73.3933093547821
1780959522.2496834,4.976696941863376,-2.8563668066104397,0.21739954917654195,2.9728620391110665,73.43696284294128
1780959522.288976,4.976625392614115,-2.8561978265082595,0.21743674180475447,2.975112389298933,73.47625541687012
1780959522.3275545,4.976608250445544,-2.8563728374511532,0.21736217573616104,2.976821405545026,73.51483392715454
1780959522.3663046,4.976602791063082,-2.856568476135457,0.21768764562891196,2.9784945675537844,73.55358409881592
1780959522.4036584,4.976551254916397,-2.8566003012763352,0.21720776026529526,2.9804296946819226,73.5909378528595
1780959522.450305,4.976509413956016,-2.8565436191120197,0.21788396919527717,2.9824962172314877,73.63758444786072
1780959522.4927435,4.976420338341633,-2.856367990286844,0.21718551478061388,2.984757484016314,73.6800229549408
1780959522.5295043,4.976363525061802,-2.856270508135442,0.21745117788498328,2.9868922266844673,73.71678376197815
1780959522.5715406,4.97635929010505,-2.8565567965484684,0.21741908872190305,2.9884271573039136,73.75882005691528
1780959522.6103947,4.976344760154287,-2.856717511238583,0.2178967600784227,2.9901506299283187,73.79767417907715
1780959522.6542764,4.976241664937578,-2.8564268867912124,0.21742994163737472,2.9925877603006747,73.84155583381653
1780959522.691187,4.976160425656124,-2.856259274625461,0.21711001947973907,2.994834106203976,73.87846636772156
1780959522.723428,4.976124829088892,-2.8563399213170677,0.21723006466580064,2.996688555655732,73.91070747375488
1780959522.7677882,4.976131591638274,-2.856670105915149,0.21772088442148618,2.9981516061666458,73.95506763458252
1780959522.8012207,4.976094731100316,-2.8567704034344517,0.21776010506464571,2.999970128652762,73.98850011825562
1780959522.8421586,4.975992123757855,-2.8564808310086787,0.21736318283823336,3.0024052021733976,74.02943801879883
1780959522.8837488,4.975930667160389,-2.8564397111962547,0.21718545045754098,3.0044550927559794,74.07102823257446
1780959522.9184594,4.97590706429398,-2.856607718657026,0.21757101076066707,3.00617113996057,74.10573887825012
1780959522.959368,4.97588552393981,-2.8568616342597255,0.21745855659124275,3.0077540094307054,74.1466474533081
1780959522.9926884,4.975831006079719,-2.856915582923498,0.21720656145863043,3.009653916203316,74.17996788024902
1780959523.0341032,4.975769656506875,-2.8567920448814323,0.2177328523469806,3.011823888788432,74.22138261795044
1780959523.0745246,4.975666343728514,-2.8565056187728897,0.21726064944015563,3.0142571576023767,74.26180410385132
1780959523.1077979,4.9756024310335105,-2.8564598968702035,0.21717097724714396,3.0163128024758414,74.29507732391357
1780959523.153788,4.975577476535549,-2.856672395100508,0.21745232700765205,3.017963045389101,74.34106755256653
1780959523.1983216,4.975562838336621,-2.8569816837490354,0.21773408858625656,3.019458519630161,74.38560104370117
1780959523.2352138,4.975479757224348,-2.856881340165512,0.2171893122340479,3.02159826723427,74.42249321937561
1780959523.2784374,4.975412905294415,-2.856729589281186,0.2177635616188114,3.0238182527092095,74.46571683883667
1780959523.3135784,4.975360999629235,-2.8568583798411717,0.217411014849116,3.0256040862587628,74.50085783004761
1780959523.359337,4.9753255782194445,-2.857073362855226,0.21749152942905692,3.027251254439141,74.54661655426025
1780959523.4033868,4.975245448739227,-2.856927896911437,0.21739589717995017,3.0294600480553164,74.5906662940979
1780959523.4368067,4.975172688040557,-2.856774103139504,0.21772409803263504,3.031687051791751,74.6240861415863
1780959523.4796119,4.975133982292634,-2.8570348420612466,0.21753614774389515,3.033267816606017,74.66689133644104
1780959523.5153353,4.975068889541208,-2.8570586274028758,0.21731537891330832,3.0352123592262594,74.70261478424072
1780959523.5609806,4.974999947023369,-2.856925321602422,0.21780144590931222,3.0374051972696967,74.74826002120972
1780959523.6024387,4.974925225117925,-2.856923979584876,0.21728073993651278,3.0393964991785536,74.78971815109253
1780959523.638746,4.974876132073164,-2.8570044407003037,0.21771562241127096,3.0412560782607,74.82602548599243
1780959523.682337,4.974808084091403,-2.857051748406415,0.2173069859422462,3.0431697879601427,74.86961650848389
1780959523.7208703,4.974744668827715,-2.8570485039629516,0.21749867951478608,3.0451625534406905,74.90814971923828
1780959523.7736304,4.974675304762059,-2.8570210911075113,0.21743003192062518,3.047193434987093,74.96090984344482
1780959523.8158758,4.974603603645774,-2.8569911503849705,0.21737831595011098,3.0492291376423224,75.00315523147583
1780959523.853042,4.974547253559791,-2.8570387206742525,0.21764195739380357,3.051144926240503,75.04032135009766
1780959523.8970048,4.974481650208185,-2.857172763173764,0.2172101842064514,3.0529281297672886,75.08428430557251
1780959523.9322555,4.974427519725347,-2.8571895007156884,0.2178375587569596,3.0548883477907016,75.11953496932983
1780959523.9808033,4.974328323626642,-2.8569563749984277,0.21731848205798007,3.0572433767415896,75.16808271408081
1780959524.0272033,4.974252833112196,-2.856895357281992,0.21721502610854748,3.059332688190532,75.21448278427124
1780959524.0638855,4.974204877991281,-2.8570662874267834,0.21758498784152172,3.061059424105386,75.25116491317749
1780959524.1079247,4.974156179997596,-2.8573331943436493,0.21757904032886274,3.0626335703416365,75.29520416259766
1780959524.1455374,4.9740726518249145,-2.857242425596494,0.217334175648933,3.064767984561904,75.33281683921814
1780959524.1930337,4.974002126475181,-2.857138510726598,0.2177061496935987,3.0669226927910604,75.38031315803528
1780959524.2367296,4.973921841269965,-2.8571411355053438,0.21730140426429134,3.068914219895033,75.42400908470154
1780959524.272687,4.973866766045846,-2.8572274915521603,0.21778228140150988,3.0707752818212133,75.45996642112732
1780959524.3154144,4.973796023771415,-2.857371387558308,0.21740500082659792,3.0725485722836083,75.50269389152527
1780959524.3507318,4.97372181277191,-2.8572969965028596,0.21755806492029717,3.0746561407498096,75.53801131248474
1780959524.397133,4.97364114234317,-2.8571538619786305,0.21763705739558825,3.0768785623969532,75.58441257476807
1780959524.441267,4.973578829699783,-2.8573390451516443,0.21763395372657307,3.0785895489360056,75.62854647636414
1780959524.4767344,4.97350122617197,-2.857287898915338,0.2175573698803452,3.08066268269962,75.66401386260986
1780959524.520285,4.9734206235933796,-2.8571796108141405,0.2175439123817899,3.0828315423224613,75.70756435394287
1780959524.5660696,4.973359150940714,-2.8573463526278267,0.21773266696048937,3.084572247084754,75.75334906578064
1780959524.596462,4.973282861119443,-2.85739829913254,0.21746153033661006,3.086489666272036,75.78374147415161
1780959524.6354682,4.973212807380571,-2.8573477986390885,0.21783331628867297,3.088567735113791,75.82274770736694
1780959524.6672375,4.9731285753486105,-2.8573414173217246,0.21739765077400916,3.090579755478442,75.85451698303223
1780959524.707653,4.973064412535152,-2.8573999226849516,0.2177511392069371,3.0924913141324324,75.89493250846863
1780959524.7509384,4.972990031764059,-2.8575126612575183,0.2175894955956328,3.0943201036871977,75.93821787834167
1780959524.783137,4.972909013151125,-2.857352980406331,0.2176594433532773,3.096565977629855,75.97041654586792
1780959524.826589,4.972825883469562,-2.857300049114429,0.217401373380393,3.0986537172109037,76.01386857032776
1780959524.8602207,4.972762468447004,-2.857462955408452,0.21766822660232135,3.100408452037186,76.0475001335144
1780959524.9021668,4.972688006642582,-2.857532161756438,0.2175901772467916,3.1023012512031514,76.08944630622864
1780959524.9426773,4.972610170863617,-2.857406656141671,0.21777866521802475,3.1045016648110604,76.12995672225952
1780959524.9759862,4.972536966451,-2.857607560967797,0.21756544853994722,3.106199295459386,76.16326570510864
1780959525.0159202,4.972460521777029,-2.857659861250303,0.21749546956026597,3.108122979539286,76.20319962501526
1780959525.0491087,4.972383985968674,-2.8574819052067153,0.21778841868016027,3.110402554841973,76.23638820648193
1780959525.0928457,4.972304479034413,-2.8575383453630234,0.21756435557839043,3.1123261304338383,76.2801251411438
1780959525.1326046,4.972234452991203,-2.8575883498532373,0.217818270480661,3.114253276219249,76.31988406181335
1780959525.164778,4.972149707829518,-2.857453169913375,0.2176114627338015,3.116470589685534,76.35205745697021
1780959525.2072272,4.972078112646596,-2.8575598362413333,0.2177482766450198,3.1183167821641806,76.39450669288635
1780959525.2385206,4.9719999054411925,-2.857666824480073,0.21756830763024296,3.1201586318542915,76.42580008506775
1780959525.280037,4.971924343031499,-2.857549527514604,0.21774643078810302,3.12234656568083,76.46731638908386
1780959525.3204167,4.971845237432634,-2.8575454557818163,0.21766339387314695,3.1243641550888097,76.5076961517334
1780959525.3563492,4.971770254441429,-2.8577088937514157,0.21759026774058057,3.1261236139495363,76.54362869262695
1780959525.3980572,4.971693676194951,-2.857696772646113,0.21763540918656282,3.1281511357184524,76.58533668518066
1780959525.4301937,4.971616308530581,-2.8576097661369224,0.21764887784873665,3.130298071945826,76.61747312545776
1780959525.4738016,4.9715433042077555,-2.8576726309257765,0.2177991946380821,3.1322133450302356,76.66108107566833
1780959525.5214322,4.971465275684496,-2.857738959154622,0.21774836662754796,3.1341227679086114,76.70871162414551
1780959525.5581472,4.971386121441204,-2.85759976526634,0.21764991804886388,3.136347645832163,76.74542665481567
1780959525.6067686,4.971310357535724,-2.8576341179279465,0.21768198467021302,3.1383098723275147,76.79404807090759
1780959525.6447225,4.9712368243548175,-2.8577471093350084,0.21778939452660911,3.140146814975955,76.83200192451477
1780959525.6901855,4.9711586296290875,-2.857669426544686,0.21770359835484196,-3.140903460536838,76.87746500968933
1780959525.7348926,4.97108481410689,-2.8577789471375508,0.21782864582921196,-3.139058472445721,76.92217206954956
1780959525.7692547,4.971007356782059,-2.8577258315773038,0.21779056382258,-3.136963150098126,76.95653414726257
1780959525.813193,4.9709299889400445,-2.8578041899431494,0.21773617813597948,-3.135067136441332,77.00047254562378
1780959525.855116,4.970856746313461,-2.8577521018504757,0.21782751679515294,-3.1329726008861587,77.04239535331726
1780959525.8845868,4.970778415169286,-2.857822428928848,0.21773612502662237,-3.1310655936959404,77.07186627388
1780959525.9232135,4.970703427632018,-2.8577649313373334,0.21771464189988082,-3.1289615271341726,77.11049294471741
1780959525.9566808,4.970627658930168,-2.8578458618671814,0.21774282370297895,-3.127068548448431,77.14396023750305
1780959526.0009737,4.970554963968559,-2.85780174849489,0.2178282462152353,-3.1249862491125664,77.18825316429138
1780959526.0443993,4.970477251515294,-2.857874129317766,0.21773719216837228,-3.1230795360902874,77.23167872428894
1780959526.0770698,4.970404793666539,-2.8578076994427852,0.21775731136203696,-3.1209608838558225,77.26434922218323
1780959526.1164758,4.970329481043327,-2.857870892188482,0.21778022423786128,-3.1190396081414216,77.30375528335571
1780959526.1494472,4.970256080565137,-2.857867517999032,0.2178191355253765,-3.1170199001381587,77.33672666549683
1780959526.1923182,4.970182531654454,-2.857834876805834,0.21779311545183827,-3.1149505499588823,77.3795976638794
1780959526.2325845,4.970104625606841,-2.8579454434864893,0.2177028580404948,-3.1131023774593496,77.41986393928528
1780959526.269909,4.970036662067179,-2.857860509467349,0.21784389903499196,-3.1109555541216083,77.45718836784363
1780959526.310283,4.969962348585261,-2.857917255472136,0.2178782567520373,-3.1090232142424576,77.49756240844727
1780959526.3441014,4.96988832819763,-2.857887495532326,0.21776015402103296,-3.106960656349494,77.53138089179993
1780959526.3895018,4.9698126365727076,-2.857935521077701,0.21765412299184103,-3.105014539784251,77.57678127288818
1780959526.4280665,4.969744688002668,-2.8579277184969643,0.2178150878595645,-3.1029868405753853,77.61534595489502
1780959526.4633486,4.969672571961812,-2.8578579832702475,0.2176774341950384,-3.1008603504601577,77.65062808990479
1780959526.5037944,4.969599185640775,-2.8579964223762038,0.2178551811750736,-3.099053041295047,77.69107389450073
1780959526.5403335,4.969530758945876,-2.8579243904927876,0.21784706680810462,-3.0969259667142253,77.72761297225952
1780959526.5830863,4.969454323163151,-2.858024774232308,0.2177799649343098,-3.0950600378720656,77.77036571502686
1780959526.619954,4.969389104181399,-2.8579506107749757,0.21785426070795907,-3.092929980548693,77.80723357200623
1780959526.654591,4.969317743966006,-2.857951198109143,0.21779782355566127,-3.0909099497546917,77.84187054634094
1780959526.6959589,4.96924617205544,-2.857985083885882,0.21779883804630168,-3.0889464394586574,77.88323831558228
1780959526.7287002,4.969174294760258,-2.8580371872210337,0.2178206109112945,-3.087005774908567,77.91597962379456
1780959526.7743917,4.9691099357752835,-2.8579817164436774,0.2178922763056353,-3.0849042835262286,77.9616711139679
1780959526.8169754,4.969037576006449,-2.858037958604231,0.21789075124498472,-3.0829720056549634,78.00425481796265
1780959526.8507288,4.968969991165813,-2.8579920463060167,0.21778151007309446,-3.0808829549638452,78.03800821304321
1780959526.8947754,4.968897757488868,-2.85805503157985,0.21776924460986657,-3.0789622297220434,78.08205485343933
1780959526.9261804,4.968833224805203,-2.858005682628965,0.21777203396738132,-3.076870053183667,78.11345982551575
1780959526.9689097,4.96876443624441,-2.8580598593491384,0.21787321137802804,-3.0749324436773464,78.15618920326233
1780959527.012755,4.968697368630992,-2.858057564428516,0.21788194784851128,-3.0729140542705395,78.2000343799591
1780959527.047067,4.968632185445353,-2.858026893646487,0.21783967243988983,-3.0708491121021586,78.23434638977051
1780959527.0888023,4.968557696160821,-2.8581288842278827,0.21776629531192773,-3.0689880977301245,78.27608180046082
1780959527.1319683,4.968499165682616,-2.858045800692022,0.21782143033971146,-3.0668448878964947,78.31924772262573
1780959527.1635215,4.968431676656957,-2.8580535904844697,0.21776799657511392,-3.0648382832997787,78.35080099105835
1780959527.2090998,4.968361365988615,-2.8581164252966165,0.21774612614660713,-3.0629193865187845,78.39637923240662
1780959527.244659,4.96829910309793,-2.858087040451207,0.21774810375380224,-3.060857906400804,78.4319384098053
1780959527.2859726,4.968233209788571,-2.8581192166978573,0.21780214551077778,-3.0588904234508654,78.47325205802917
1780959527.3288362,4.968171597875009,-2.8580962594989634,0.2178311062341325,-3.0568407624701894,78.51611566543579
1780959527.3606384,4.968105916585086,-2.8581198558137326,0.21784839328083944,-3.054858756819739,78.54791784286499
1780959527.4000213,4.968043327980262,-2.8581080686280234,0.21784571755705784,-3.052828015513357,78.5873007774353
1780959527.4350002,4.967975134856061,-2.8581591057216458,0.2178160471376789,-3.0508907970010424,78.62227964401245
1780959527.4723473,4.967914800791784,-2.858145367930798,0.21787392951274165,-3.048854998502039,78.65962672233582
1780959527.5119195,4.967850733686359,-2.858154028968752,0.21782765666266324,-3.046853944540033,78.69919896125793
1780959527.5444837,4.967789202435711,-2.858153649376874,0.21786183088689592,-3.044839674619119,78.73176312446594
1780959527.5824962,4.967728423982657,-2.85815607918436,0.2178964224704752,-3.0428296372894645,78.76977562904358
1780959527.6163375,4.967665267176803,-2.8581747569779306,0.21790676826795471,-3.040844629281118,78.80361700057983
1780959527.6634922,4.96760256079958,-2.8581756993025427,0.21782572765184924,-3.0388336508875105,78.85077166557312
1780959527.7068489,4.967540458160239,-2.8581698999502394,0.21770159902510347,-3.036812555390235,78.89412832260132
1780959527.7500546,4.967479403316933,-2.858190963500765,0.21775424636184978,-3.0348318243995047,78.93733406066895
1780959527.7979105,4.967421338797553,-2.8581814483422407,0.21778330135885723,-3.0328067994881027,78.98518991470337
1780959527.8344126,4.967363016753337,-2.858173360848135,0.21780425518015972,-3.030779954255714,79.0216920375824
1780959527.878875,4.9672969222582255,-2.8582303014162505,0.21778162826467834,-3.028860090968282,79.06615447998047
1780959527.9251585,4.967244592462047,-2.858182718148561,0.2178445326613746,-3.0267732576339106,79.11243796348572
1780959527.9628208,4.967169443130102,-2.8582954038016877,0.21768928264572113,-3.0249386251173633,79.15010023117065
1780959528.0076187,4.967127585254791,-2.858190953499893,0.2179111543949005,-3.022768836949559,79.19489812850952
1780959528.0416892,4.967053305390577,-2.8582979420836363,0.21775487272904742,-3.0209220486534143,79.2289686203003
1780959528.0875432,4.966998983024681,-2.8582746032994564,0.2178062731291932,-3.018880276955079,79.27482271194458
1780959528.1309228,4.96695100243212,-2.8581797845542836,0.21768153977148766,-3.0167273937359735,79.31820225715637
1780959528.171272,4.966882330856388,-2.858290545098371,0.21781117195025368,-3.014887506059701,79.35855150222778
1780959528.2160885,4.966817147098931,-2.858335796715538,0.217727316965327,-3.0129529030492552,79.40336799621582
1780959528.2531319,4.9667824251287,-2.858187203797272,0.21784399219447143,-3.010718501201344,79.44041132926941
1780959528.3026764,4.966711042988594,-2.8582861390392256,0.217800196243732,-3.008864345240233,79.48995590209961
1780959528.344905,4.966653132079551,-2.858275089747128,0.21763359583470523,-3.0068452813787174,79.5321843624115
1780959528.3799908,4.966606428096065,-2.8582450653724853,0.2178869127963648,-3.0047927642381222,79.56727027893066
1780959528.4226716,4.966532786196412,-2.8583519746226402,0.21779591099672557,-3.0029540331377,79.60995101928711
1780959528.4711895,4.9664970620928095,-2.858207102589517,0.2177665498868425,-3.000729392814116,79.6584689617157
1780959528.5025814,4.966438919419907,-2.8582237961295873,0.21777755455446265,-2.998750884927101,79.68986082077026
1780959528.540646,4.966363119059359,-2.8583549853433317,0.21769613178474992,-2.996953609350807,79.72792553901672
1780959528.5729756,4.966321903197824,-2.85828222922687,0.21787617933396253,-2.9948401682245565,79.7602550983429
1780959528.6135905,4.966271206250591,-2.8582277888590544,0.21774083360475685,-2.9927558128974567,79.80086994171143
1780959528.6550195,4.966191009036565,-2.85838964263485,0.21768274774709967,-2.99100336093801,79.84229898452759
1780959528.691383,4.966126723884208,-2.858443585980339,0.2176491117211269,-2.989089733817694,79.87866234779358
1780959528.7313228,4.966103839995899,-2.858271468654316,0.21791461894095326,-2.986824557269442,79.91860222816467
1780959528.7658188,4.966036432779448,-2.858306340148092,0.2175708259931557,-2.9848795725776673,79.95309829711914
1780959528.807766,4.965977353634233,-2.858373426857216,0.2178603792466161,-2.982985844364134,79.99504542350769
1780959528.8506691,4.9659315389280305,-2.8582922650172384,0.21770765539630638,-2.9808651715611227,80.03794860839844
1780959528.8861957,4.965867475400618,-2.8583477786759763,0.21765857903906483,-2.978952908179781,80.07347512245178
1780959528.9257543,4.965806720166551,-2.858399656022481,0.2177844495384597,-2.9770399810730432,80.11303377151489
1780959528.9589348,4.965774419053796,-2.8582597965209233,0.2177224130233196,-2.9748262811868185,80.14621424674988
1780959529.002209,4.965706212770451,-2.858358525329776,0.2178901459874618,-2.9729846142610747,80.1894884109497
1780959529.040056,4.965644958467791,-2.8583718251314085,0.21767845545652942,-2.9710134455721606,80.22733545303345
1780959529.0707755,4.965600028372884,-2.8583142108353123,0.21763047408412153,-2.9689315735332986,80.25805497169495
1780959529.1129754,4.965545617312589,-2.8583346190018855,0.21780517387909096,-2.966966913603894,80.30025482177734
1780959529.1455243,4.965465042613812,-2.858458130598011,0.21760816633427632,-2.965169844195276,80.33280372619629
1780959529.1896043,4.965434481960474,-2.8583418841443278,0.21776711129682502,-2.9629991785585514,80.37688374519348
1780959529.2272344,4.965371458564276,-2.8583856142456394,0.21770488242534353,-2.961072131075962,80.41451382637024
1780959529.261344,4.965293291559666,-2.8584939344256397,0.2175258084349333,-2.959254550314423,80.44862341880798
1780959529.307077,4.965266118402289,-2.85837263471057,0.21777217622419692,-2.957076977785991,80.49435639381409
1780959529.3422806,4.965219833532903,-2.8583115083645882,0.2175986475324061,-2.954989970990324,80.52956008911133
1780959529.3900433,4.965150562452545,-2.8584207321988933,0.21790231456727285,-2.9531712064971494,80.57732272148132
1780959529.4365091,4.965096219536232,-2.85837987390348,0.21755091044641037,-2.9511238759243694,80.62378859519958
1780959529.476664,4.965050797865573,-2.858357480411164,0.217749742651051,-2.9490991793485453,80.66394352912903
1780959529.5248315,4.964975348618726,-2.8584431438716695,0.2176142130603114,-2.9472475791605985,80.71211099624634
1780959529.5592644,4.964937211119881,-2.8583637815360246,0.2176149409999373,-2.945139883622501,80.74654388427734
1780959529.602529,4.964909115898052,-2.8582324158614747,0.21765793930664143,-2.942948072453134,80.78980851173401
1780959529.6439865,4.964814542633843,-2.8584268420049046,0.21764510242269236,-2.941265844092043,80.83126592636108
1780959529.6777034,4.964758712847045,-2.8584408108864032,0.21772525919990907,-2.939308580959632,80.86498284339905
1780959529.724606,4.964741528695516,-2.8582466797140382,0.2176415162288145,-2.9370194713391,80.91188549995422
1780959529.774859,4.964662178459541,-2.8583555776129144,0.21760628159964768,-2.935207622669618,80.96213841438293
1780959529.8090377,4.96458283805417,-2.858467426465775,0.2175575324980467,-2.9334022213293998,80.99631714820862
1780959529.8563545,4.964522174623501,-2.85850053648309,0.2177173732262784,-2.931472034502075,81.0436339378357
1780959529.8908045,4.964501270732969,-2.858321161670331,0.21752412358066714,-2.929212114307692,81.0780839920044
1780959529.9335237,4.964463888291526,-2.8582306200198864,0.21745869765094158,-2.9270869555824004,81.12080311775208
1780959529.986171,4.964380930623654,-2.858380152731894,0.21777597255787431,-2.9253398727080824,81.1734504699707
1780959530.0226285,4.964280662340523,-2.8585454813414626,0.2174076023356591,-2.9236256969539554,81.20990800857544
1780959530.0661008,4.964228651129195,-2.8585447203702654,0.21765946687780494,-2.9216453319602276,81.2533802986145
1780959530.102452,4.964233796825931,-2.8582738372793943,0.2177212228124887,-2.9192394462909292,81.28973150253296
1780959530.1480818,4.96415578989898,-2.8583353323172567,0.21739839219602497,-2.917359272912836,81.33536124229431
1780959530.1908474,4.964079993712429,-2.858458254974445,0.21785619762186642,-2.9155731472130237,81.37812685966492
1780959530.2298129,4.964007578666809,-2.858480472921035,0.217447777787573,-2.9136357147083123,81.41709232330322
1780959530.2724395,4.96397362542626,-2.8584058058287,0.21773307134266742,-2.911540537242181,81.45971894264221
1780959530.3093286,4.963943126008971,-2.858272380112892,0.21760580415124656,-2.9093542298308845,81.49660801887512
1780959530.3546417,4.963852330680922,-2.8584129180242615,0.2176791002772214,-2.907599337521187,81.54192113876343
1780959530.3982973,4.963777288957602,-2.8584685538840926,0.21751660671006,-2.905716226922907,81.58557677268982
1780959530.4379401,4.963740310826792,-2.858403472986593,0.21786249249296025,-2.9036361110239186,81.62521958351135
1780959530.4810479,4.96367972303659,-2.858371516697787,0.21742574632580614,-2.9016142609759696,81.66832733154297
1780959530.5175824,4.963621758650788,-2.8584026928555293,0.21785994382141607,-2.8996856538118214,81.70486187934875
1780959530.5586343,4.963528753824728,-2.8584923692173616,0.21736147435073336,-2.897858375415831,81.74591374397278
1780959530.600805,4.9634826798404985,-2.8584749246068033,0.2178308664968672,-2.8958569017931346,81.78808450698853
1780959530.6380613,4.963478771341997,-2.8582203615692228,0.21746520702773067,-2.8934824794446623,81.82534074783325
1780959530.6768582,4.963418225420962,-2.8582083902076274,0.21730394675235798,-2.8914909963336464,81.86413764953613
1780959530.7147806,4.963311380926081,-2.858416774009163,0.21765454552578362,-2.8898453827059885,81.90206003189087
1780959530.7606566,4.963213700169579,-2.8585497101961788,0.2175501797027481,-2.888091934334047,81.94793605804443
1780959530.8027065,4.963192331446496,-2.8583844203701676,0.21748196132088404,-2.8858588696404714,81.98998594284058
1780959530.837826,4.963147987778499,-2.858339010883554,0.21771798625764044,-2.8838116107260223,82.0251054763794
1780959530.8782248,4.963045411828443,-2.8584607549811114,0.21739508311265793,-2.8820386958377897,82.06550431251526
1780959530.9129918,4.96299401509904,-2.8584558298851737,0.217858118789993,-2.880059650922909,82.10027122497559
1780959530.9525707,4.962972669975768,-2.8582657411618615,0.2174541068930979,-2.8777912957295455,82.13985013961792
1780959530.9933276,4.962900650335986,-2.8583003264403857,0.2174609827760997,-2.8758739247765606,82.1806070804596
1780959531.027548,4.9627965046888205,-2.858479807552026,0.21789190202963213,-2.874190374220792,82.21482753753662
1780959531.0681317,4.962740577739305,-2.858408792287672,0.2173697692488349,-2.8721154651109932,82.25541114807129
1780959531.1087723,4.962711663480209,-2.858315258970601,0.21785507995649372,-2.869991750834643,82.29605174064636
1780959531.1398585,4.962604065299424,-2.8584357713032182,0.21741404406766437,-2.868220144376253,82.32713794708252
1780959531.1819077,4.962524132285458,-2.858510224643469,0.2177256136903026,-2.866371902763958,82.36918711662292
1780959531.218822,4.962532694360548,-2.8582405142272305,0.21761767809699767,-2.863973606647991,82.40610146522522
1780959531.263338,4.962460413881866,-2.858242421206911,0.21734070152690585,-2.8620107738208183,82.45061755180359
1780959531.3062627,4.962354525465411,-2.858411312653442,0.2177412149634769,-2.860309235645961,82.49354219436646
1780959531.3408132,4.962236388961801,-2.858559869757935,0.21738718352568745,-2.858586826258425,82.52809262275696
1780959531.3837423,4.9621958431253885,-2.858471867033915,0.2174342001435439,-2.856480905760171,82.57102179527283
1780959531.4183984,4.962194750747444,-2.858265963832115,0.2176800926819498,-2.854180700642816,82.60567784309387
1780959531.460106,4.9621335870741285,-2.8582173206847745,0.21734156560104242,-2.8521401305177636,82.64738535881042
1780959531.4978962,4.962035488831406,-2.858346607051791,0.21772974165057513,-2.8503755123616257,82.68517565727234
1780959531.536077,4.961903104379551,-2.8585300683408654,0.2173407473598969,-2.8487127777823527,82.72335648536682
1780959531.5841103,4.961848512519016,-2.8584849864938806,0.2173882224716324,-2.8466766879295697,82.7713897228241
1780959531.618696,4.961859665022305,-2.858244755016887,0.21771567576665352,-2.8443219276829095,82.8059754371643
1780959531.664512,4.961806648066826,-2.8581587197530256,0.21726597155942193,-2.842221967626992,82.85179138183594
1780959531.7098787,4.961718697510624,-2.8582412889613362,0.2176010021078141,-2.840385134800981,82.89715814590454
1780959531.7478216,4.961582654553572,-2.8584569424596116,0.21768869700324145,-2.838773162878112,82.93510103225708
1780959531.7914627,4.961553898590982,-2.858303311899239,0.21744004241018522,-2.836565522330438,82.97874212265015
1780959531.8270798,4.961518300656111,-2.8582181743663257,0.21782818006873458,-2.8344584802434567,83.01435923576355
1780959531.8732789,4.961384140104271,-2.858384299325363,0.21741059819852587,-2.8327675111740387,83.0605583190918
1780959531.916612,4.96131072204952,-2.858405554925031,0.21765250100512676,-2.8308403735787286,83.10389137268066
1780959531.9524949,4.961329624793589,-2.8581203366003054,0.2176375569976132,-2.828414969847728,83.13977432250977
1780959531.9928074,4.961231470448475,-2.858180796100948,0.2173444127774905,-2.82655065122058,83.18008685112
1780959532.0280657,4.961121338478331,-2.8583294476754095,0.21789186262381882,-2.82482495790189,83.21534514427185
1780959532.0704978,4.961049126021818,-2.858289891012528,0.21734498164408342,-2.822806013422721,83.2577772140503
1780959532.10944,4.9610129622998675,-2.858208459803656,0.21786283494776998,-2.8207051064869155,83.29671955108643
1780959532.1422694,4.96091516637665,-2.858247715012537,0.21734831897696383,-2.8188107037308354,83.3295488357544
1780959532.1813068,4.96083385334546,-2.8582994448240204,0.21786401345722753,-2.8169288290768453,83.36858630180359
1780959532.21601,4.96079305001005,-2.8581714292888516,0.21740634134705494,-2.814762944532364,83.4032895565033
1780959532.2562985,4.960750218222772,-2.8580961534088547,0.2177030887319025,-2.812672020938424,83.44357800483704
1780959532.296638,4.960591822746928,-2.858336887885237,0.21766977606014015,-2.811102285193375,83.4839174747467
1780959532.3320794,4.960532156748798,-2.8582713696871203,0.2173670273495105,-2.8090388709582803,83.51935887336731
1780959532.3729758,4.960512586454057,-2.8581419132826826,0.21788664092743246,-2.8068593673691926,83.56025528907776
1780959532.4251986,4.960428512823596,-2.8581276099350807,0.21728928026405275,-2.80487885901133,83.612478017807
1780959532.4562712,4.9603533394756045,-2.8581621661394667,0.21791098013380292,-2.8029660908814793,83.64355063438416
1780959532.4943233,4.96025483410511,-2.858189857929979,0.2173376920533262,-2.801055216478765,83.68160271644592
1780959532.527631,4.960186702143998,-2.858197677804539,0.2178913146409171,-2.79909975212603,83.71491050720215
1780959532.5735571,4.960132522605312,-2.858104471092561,0.21739115748748816,-2.796990041271938,83.76083660125732
1780959532.6177688,4.960084207291235,-2.8580501197613755,0.21783609414116267,-2.7949309648919023,83.80504822731018
1780959532.6499362,4.95993701853727,-2.858219114859033,0.21742994906897797,-2.793248592679482,83.83721566200256
1780959532.6882904,4.959844126406902,-2.8582665250207944,0.217515541163089,-2.7913650711860885,83.87556982040405
1780959532.7233353,4.9598499505510665,-2.8580498488907318,0.2177640242568648,-2.7890434870815373,83.91061472892761
1780959532.76906,4.959775945873082,-2.8580272340451214,0.21751810407223518,-2.7870423172229466,83.95633935928345
1780959532.8096592,4.959648015817354,-2.858164736795831,0.21764181384196646,-2.785304320877501,83.99693870544434
1780959532.8479118,4.959602527676632,-2.8580787203020894,0.2176366040288848,-2.7832029217606853,84.03519129753113
1780959532.8867857,4.959599416418733,-2.85787178976081,0.21756519682669037,-2.7808997387830976,84.07406520843506
1780959532.9184248,4.959480898538166,-2.857972640852227,0.21748030525571233,-2.779101221270544,84.10570430755615
1780959532.959056,4.959349027814652,-2.8581287893011296,0.2177602919737903,-2.7773929291393875,84.14633536338806
1780959532.9955804,4.959282117408452,-2.858072826304679,0.21738430552069662,-2.7753430480940984,84.18285989761353
1780959533.0310035,4.959252310089186,-2.857970653313726,0.21782312174319168,-2.773206019645068,84.21828293800354
1780959533.073557,4.959190230286181,-2.8578951731129303,0.21730779584487592,-2.771123825905511,84.26083636283875
1780959533.108167,4.959111345662679,-2.8579259957290417,0.2178899161936217,-2.7692010705842933,84.29544639587402
1780959533.1486228,4.958951160497433,-2.8581031527780985,0.21738010547178022,-2.767536652752065,84.3359022140503
1780959533.1867619,4.958865409331594,-2.858122773879454,0.21745270843224346,-2.7656071010956715,84.37404131889343
1780959533.2189338,4.958874421245904,-2.857917892490911,0.21786085819913936,-2.7632992399877745,84.40621328353882
1780959533.2595408,4.9588179276121895,-2.8578357887923,0.21742472706873173,-2.7612020690448507,84.44682025909424
1780959533.2929883,4.95872805583781,-2.8578803982218006,0.21784187812265643,-2.759306402648791,84.48026776313782
1780959533.3351083,4.958600237068506,-2.8579751028471603,0.21739674111151608,-2.757505110459401,84.52238774299622
1780959533.3741121,4.958520726643988,-2.8579897833690726,0.21773197254989118,-2.7555629829138755,84.56139159202576
1780959533.4080307,4.958545012311521,-2.8577291391058965,0.21766175065728866,-2.7531662840702062,84.59531021118164
1780959533.4490016,4.958457005366188,-2.8577358538113744,0.21747040584979205,-2.751214904700804,84.63628101348877
1780959533.4813826,4.958312391340293,-2.8579059936220013,0.21772490919460097,-2.7495277821199315,84.66866207122803
1780959533.5242841,4.958183197920853,-2.8580073304415023,0.217486062358142,-2.747736028666432,84.71156358718872
1780959533.5650299,4.958159267085073,-2.8578761994938415,0.2176114753704682,-2.745553402874733,84.75230932235718
1780959533.603309,4.958152552859219,-2.857701189117918,0.21761530370117615,-2.743294646612142,84.79058837890625
1780959533.6438437,4.958062763425745,-2.857717742196987,0.21758668065514764,-2.741358981224685,84.8311231136322
1780959533.690672,4.957943388329929,-2.857809734155418,0.21757447001674882,-2.7395462267814885,84.8779513835907
1780959533.7236621,4.957822790611058,-2.857898483771666,0.21756619524794754,-2.7377292609469777,84.91094160079956
1780959533.7648053,4.957822719548864,-2.8577185806710976,0.21772721228244798,-2.7354659664975074,84.95208477973938
1780959533.7988362,4.957805272730918,-2.857552264379208,0.21735585880088307,-2.733224398457375,84.98611569404602
1780959533.8441675,4.957721815046255,-2.857571526283125,0.21762782074440942,-2.7312862888421177,85.03144693374634
1780959533.8833892,4.957550430805848,-2.857790504812617,0.2178818259963982,-2.7296857757929125,85.07066869735718
1780959533.9195657,4.957533985785317,-2.8576260670191616,0.21757276250312865,-2.727453182985227,85.10684514045715
1780959533.9612122,4.957503992561141,-2.857511363340595,0.21758989578431145,-2.72529179174264,85.14849162101746
1780959533.995427,4.95735767433972,-2.8576627718915333,0.21773520173422575,-2.7235791570542003,85.18270635604858
1780959534.0371358,4.957264344226153,-2.8576834157983466,0.21757164574748525,-2.721653246724988,85.22441530227661
1780959534.077058,4.957240389929187,-2.8575594440667618,0.21772189390476018,-2.7194783396248576,85.26433753967285
1780959534.1132338,4.9571424966781095,-2.8575902413606693,0.21755163801283542,-2.7175638070045087,85.30051326751709
1780959534.1523902,4.957020984306705,-2.8576838340722523,0.21769626572574136,-2.7157543958853925,85.33966970443726
1780959534.1885347,4.957024003591267,-2.8574991103986775,0.2176743140100952,-2.713480814227889,85.37581419944763
1780959534.2313802,4.957007944562995,-2.857346359153588,0.2174696520662148,-2.711259604397945,85.41865968704224
1780959534.2717087,4.956890289454422,-2.857433053391836,0.21760539296295692,-2.709436233885563,85.45898818969727
1780959534.3072944,4.956720361598674,-2.857633722411979,0.21776505171128882,-2.7078081215941103,85.49457383155823
1780959534.3496702,4.956668933554233,-2.8575540892890237,0.21747379743253975,-2.7057137182564515,85.536949634552
1780959534.3840451,4.956650170999913,-2.857436808343476,0.21777061788342286,-2.703544782895356,85.57132458686829
1780959534.4248142,4.95659856297048,-2.8573665858043436,0.21766476486730682,-2.7014630465733713,85.6120936870575
1780959534.4674718,4.956448834031005,-2.857517605542655,0.21773713990052182,-2.6997489080614665,85.65475130081177
1780959534.5026162,4.956342350330077,-2.8575654807789412,0.21763782664333722,-2.6978675224844206,85.68989562988281
1780959534.5414658,4.956355715063622,-2.8573748317797403,0.2178080983392136,-2.6955784020562485,85.72874522209167
1780959534.5730586,4.956280310414802,-2.8573584932563643,0.21765083398226917,-2.693582639341085,85.76033806800842
1780959534.6153657,4.956142369206072,-2.8574827926305786,0.21779761758848828,-2.6918278234854895,85.80264520645142
1780959534.6528044,4.956156268381769,-2.8572851749844714,0.2177398893887034,-2.6895302094378923,85.84008383750916
1780959534.6910293,4.956093064830164,-2.8572415582063946,0.21754959518824976,-2.687490916277579,85.87830877304077
1780959534.7284753,4.9559543826858805,-2.8573729845827125,0.21778021658134175,-2.685743928502294,85.91575479507446
1780959534.7606537,4.955841225403672,-2.8574312595478264,0.21759812636788178,-2.683883070710724,85.94793319702148
1780959534.8027487,4.955840867532911,-2.8572797289704255,0.21782736515036857,-2.6816582250822423,85.99002814292908
1780959534.8412058,4.9557985976624215,-2.857193449937873,0.2175919622237199,-2.6795458727501527,86.02848529815674
1780959534.8715854,4.955677458825453,-2.8572871437976777,0.21780640655416275,-2.677735282597793,86.05886483192444
1780959534.9119885,4.955567119971889,-2.8573400960947266,0.21763251757725613,-2.6758659408909526,86.09926795959473
1780959534.9574714,4.955567487985841,-2.8571911337587417,0.21785179985909348,-2.673643659501015,86.14475083351135
1780959534.989652,4.9555035952268565,-2.8571497817248406,0.2176126639575102,-2.6716090132134154,86.17693138122559
1780959535.0272274,4.955399246967018,-2.8572048236551,0.21769858313045462,-2.6697359047610854,86.21450686454773
1780959535.0609128,4.955297481472774,-2.8572508255887548,0.21776792457423444,-2.6678498998254803,86.24819231033325
1780959535.1046584,4.955322760899057,-2.857047795056386,0.21772807010760675,-2.665537207120997,86.29193782806396
1780959535.1467545,4.955254186710524,-2.8570250025277315,0.2176688191995686,-2.663533642937508,86.33403396606445
1780959535.1776662,4.955090328676567,-2.857194400256941,0.21773504548241157,-2.661857231406639,86.36494565010071
1780959535.2155766,4.9550024062068285,-2.8572076777800817,0.21765307661933214,-2.6599179632033993,86.40285611152649
1780959535.2497447,4.955038417200792,-2.856997317382226,0.21780986253849718,-2.657589682357883,86.43702411651611
1780959535.2917945,4.9549480749320916,-2.8570102822444117,0.21755278278315723,-2.6556483499165404,86.47907400131226
1780959535.3312128,4.954841426622123,-2.8570815817022153,0.21792643896247924,-2.6538020190053544,86.51849222183228
1780959535.3660736,4.9547990135025675,-2.8570007387270864,0.21762051929001408,-2.651704591724268,86.55335307121277
1780959535.412943,4.9547392699398936,-2.8569738648787295,0.2177211165598474,-2.6496899439208708,86.60022234916687
1780959535.4532604,4.954631820649073,-2.85702928077459,0.21775951101015506,-2.647821891600523,86.64053988456726
1780959535.4997795,4.95460259131958,-2.856935935022946,0.21760515487717433,-2.6456999787230404,86.68705892562866
1780959535.5430725,4.9545777723365445,-2.8568485063386193,0.21781038189447305,-2.643578840964212,86.73035192489624
1780959535.5794783,4.954405849251087,-2.8570225291832774,0.21778377292356363,-2.641918014061921,86.76675772666931
1780959535.6229677,4.9543714065061195,-2.8569376020309956,0.2176124760606639,-2.639811777655884,86.81024718284607
1780959535.6596313,4.954350448869877,-2.856841884191376,0.2176866417706248,-2.6376787378048485,86.84691071510315
1780959535.703517,4.954284353480687,-2.8568239258103842,0.2177424109945893,-2.635684609223868,86.89079642295837
1780959535.7506433,4.954174045890261,-2.856881302643824,0.21758575770052144,-2.6338228807033817,86.93792271614075
1780959535.7864802,4.954084275914513,-2.8569149020861335,0.2178201003349343,-2.6319162801251856,86.97375965118408
1780959535.8308322,4.954116530886936,-2.8567169138114186,0.21765846916248285,-2.6296101411778543,87.01811170578003
1780959535.8675277,4.954062583667518,-2.8566768926955945,0.21760626808358516,-2.6275767127489305,87.05480718612671
1780959535.9148812,4.953906063946529,-2.856832309823441,0.21789368362194503,-2.625881966824022,87.10216069221497
1780959535.962394,4.9538589742541514,-2.8567706010357847,0.2175979489290794,-2.6238203054209635,87.14967346191406
1780959535.9998105,4.953826366318132,-2.8567095359880623,0.21790063643004529,-2.6217438217884474,87.18708992004395
1780959536.042195,4.9536812897941305,-2.8568231165527695,0.21771741092297273,-2.619985528790114,87.22947454452515
1780959536.0767596,4.953677150527658,-2.85669933819298,0.2176885890517117,-2.6178097825825732,87.26403903961182
1780959536.1206925,4.953626940231901,-2.856663727388888,0.21781718588007862,-2.6157794023796215,87.3079719543457
1780959536.1649456,4.953485000037444,-2.8567724407455337,0.21764278064419637,-2.6140168573696987,87.35222506523132
1780959536.203761,4.9534723369475335,-2.856673908064238,0.21784328918961857,-2.611881057631072,87.39104056358337
1780959536.2510905,4.953482225911411,-2.856520446756236,0.2175736160948303,-2.6096532669053096,87.43836998939514
1780959536.3009338,4.95337810364206,-2.8565749790324655,0.21764752749235394,-2.607786658509919,87.48821330070496
1780959536.3356628,4.953262728660625,-2.856654430601141,0.2178685449923427,-2.6059676051041443,87.5229423046112
1780959536.3792152,4.953278554411409,-2.8564959902460276,0.21771432981148664,-2.603732402647311,87.56649470329285
1780959536.4195893,4.953158327569241,-2.8565752347706295,0.2177229421242615,-2.6019102986747975,87.60686874389648
1780959536.4631636,4.953054272950268,-2.8566189106520232,0.21754170216018753,-2.6000371040454655,87.6504430770874
1780959536.5077624,4.95305953132448,-2.8565021644580564,0.21789232294996153,-2.597866480248019,87.69504189491272
1780959536.543937,4.953037546754954,-2.8564044272020594,0.21757762066225894,-2.5957400019858192,87.73121643066406
1780959536.586953,4.952909199199084,-2.856502046080514,0.21775295657850874,-2.5939516289155797,87.77423238754272
1780959536.622662,4.9528334941913705,-2.85650078236192,0.21760654128032833,-2.5920000320521366,87.80994153022766
1780959536.6661172,4.952831070429884,-2.8563966548839086,0.21788164214914013,-2.5898516551909667,87.85339665412903
1780959536.7104082,4.9527320496210345,-2.856427817174306,0.2176330487391225,-2.5879567347235537,87.89768767356873
1780959536.749438,4.952671071377095,-2.8564114036877255,0.21767457253666345,-2.5859723491297606,87.93671751022339
1780959536.7956486,4.952640610313761,-2.8563487221910053,0.21786106125348104,-2.583901260330891,87.98292803764343
1780959536.8266113,4.952528687562818,-2.856402999389487,0.2176278872386178,-2.582048359628553,88.01389074325562
1780959536.871505,4.95250313939616,-2.8563327360039885,0.21775395789443977,-2.579968518709326,88.05878448486328
1780959536.9141579,4.952459594263375,-2.856282499439078,0.21764331242532828,-2.5779231093114894,88.10143733024597
1780959536.950112,4.952360153527671,-2.856329788166011,0.21775309719461491,-2.5760549160088844,88.13739156723022
1780959536.9969618,4.95232188284859,-2.8562801542669316,0.21788958799046906,-2.574009786268266,88.18424129486084
1780959537.0321243,4.952266303910002,-2.8562471243352268,0.21774181005830645,-2.5720007167695274,88.2194037437439
1780959537.077129,4.952183996397215,-2.856258693462519,0.2176144150195274,-2.5700711493589714,88.26440834999084
1780959537.1215172,4.952131001941939,-2.856237725313076,0.21783035682194912,-2.5680774111356146,88.30879664421082
1780959537.15995,4.9521151148900815,-2.8561468684039917,0.21777085230948565,-2.5659619000553815,88.34722948074341
1780959537.2057285,4.951974729662456,-2.8562511186765738,0.21773246173681673,-2.5642012941647705,88.39300799369812
1780959537.2441194,4.951942077374917,-2.8561925454515293,0.21782217006451407,-2.562144099313368,88.43139886856079
1780959537.289531,4.951946979245594,-2.8560690912516846,0.21765536531052163,-2.559971215722751,88.47681045532227
1780959537.3325884,4.951837776909043,-2.856130035743543,0.21779478121892637,-2.558128498743705,88.51986789703369
1780959537.3686783,4.95176288912195,-2.856127961132187,0.21760759591240583,-2.556181368235314,88.55595779418945
1780959537.4055512,4.95173060144439,-2.8560736827476605,0.21774361543927834,-2.5541282988295375,88.59283065795898
1780959537.4408123,4.951653927703694,-2.8560827760593153,0.21785521339732683,-2.552196172597097,88.62809181213379
1780959537.4840083,4.9516223706397255,-2.8560194609439953,0.21778841887510983,-2.5501331056260943,88.67128777503967
1780959537.5233471,4.951517288859687,-2.856065926688167,0.2177308218613944,-2.548272293398367,88.71062660217285
1780959537.5572665,4.951495315989281,-2.8559926635246304,0.21775084936149972,-2.546189494310434,88.74454593658447
1780959537.6003828,4.951412761029151,-2.856006166575308,0.21772416476814335,-2.5442683204894903,88.78766226768494
1780959537.6434302,4.951380067627294,-2.8559514532552788,0.21782816272754152,-2.542220167651073,88.83070969581604
1780959537.680461,4.951306901077979,-2.855952094803528,0.21784016136722617,-2.5402749174605046,88.86774039268494
1780959537.7151742,4.951247299548298,-2.8559269882357188,0.21766132084527384,-2.53828742478154,88.90245366096497
1780959537.747922,4.951192479713506,-2.8559009178591697,0.21763260135809437,-2.5362940852077047,88.93520140647888
1780959537.7893999,4.951132761997523,-2.85588655461264,0.2177333530500293,-2.5343206487240977,88.97667932510376
1780959537.8339398,4.95108428134904,-2.8558554995393144,0.21787543372486423,-2.5323162445568395,89.02121925354004
1780959537.8662999,4.951005261147313,-2.8558556293126625,0.2176312675367326,-2.530378184725877,89.05357933044434
1780959537.904735,4.950964905182543,-2.8558094173670203,0.2175992471957967,-2.52834968089636,89.09201455116272
1780959537.9392736,4.950942954883241,-2.855742984736685,0.21779645379869073,-2.5262777261140044,89.12655305862427
1780959537.9797206,4.950789121662727,-2.85585005592135,0.21758213026651982,-2.524540135121012,89.16700005531311
1780959538.021192,4.950728859500566,-2.8558319312075238,0.2175983183513223,-2.522566548971675,89.20847153663635
1780959538.0564644,4.950775802129897,-2.855670777187014,0.21779172700379273,-2.520316666562051,89.24374389648438
1780959538.1001756,4.950650154415994,-2.855737844227193,0.21765645949094403,-2.51850519111278,89.2874550819397
1780959538.1306856,4.95062774052736,-2.855667444460218,0.21765137462248682,-2.51643557194169,89.31796503067017
1780959538.1717217,4.950615658275195,-2.855578080993649,0.21753783362455867,-2.514327493639371,89.35900115966797
1780959538.2111287,4.950477696097136,-2.855675280121442,0.2177975573518465,-2.5125664223278306,89.39840817451477
1780959538.2412622,4.95036513368373,-2.8557173386011545,0.21752877326909892,-2.5107173303852006,89.42854166030884
1780959538.279497,4.950395850905668,-2.8555797995867356,0.2177172595708866,-2.5085171421848824,89.4667763710022
1780959538.3198316,4.9503279330981895,-2.85556947848255,0.21766744713393094,-2.5065570040125356,89.50711107254028
1780959538.365732,4.950206897181607,-2.8556296501474585,0.21760767363460198,-2.5047414540593227,89.55301141738892
1780959538.414129,4.950224618988239,-2.855511439517227,0.21784199477947555,-2.502575389627567,89.6014084815979
1780959538.453774,4.950178723983753,-2.8554599522126956,0.21751188810638972,-2.5005493108516417,89.64105343818665
1780959538.5008657,4.950069711268098,-2.8555110019600654,0.21766702410285013,-2.4987077998715237,89.68814516067505
1780959538.5396287,4.949945912746334,-2.855572209245288,0.21763557224658225,-2.496895202255801,89.7269082069397
1780959538.5886626,4.949993803539452,-2.85541137508897,0.21778134808314295,-2.494651270572975,89.77594208717346
1780959538.6330132,4.949913676989214,-2.8554094144368607,0.21755899113098265,-2.492717247354787,89.82029271125793
1780959538.6696305,4.949806643366112,-2.855456469681679,0.21779966428844885,-2.49087440910738,89.85690999031067
1780959538.716651,4.949858864403541,-2.8552782968240504,0.21753897929295646,-2.488605234047258,89.90393042564392
1780959538.752463,4.949795794152296,-2.8552614735235027,0.2176121297246457,-2.4866399600219857,89.93974256515503
1780959538.7982848,4.949641766491702,-2.8553687490927238,0.2178544936067194,-2.484914921276687,89.98556423187256
1780959538.8469255,4.949689851167587,-2.855196438911897,0.21758295878785108,-2.482658869282124,90.03420495986938
1780959538.883032,4.949629630816304,-2.855170986703057,0.21753127440134096,-2.480681506031472,90.07031154632568
1780959538.9326437,4.94946117679505,-2.85529607017262,0.2178371030133065,-2.4789914830404465,90.11992311477661
1780959538.98135,4.949469905781094,-2.8551750965727116,0.2175970323229209,-2.476837938161271,90.16862940788269
1780959539.0210583,4.949401487125676,-2.8551604251512703,0.21757392425866343,-2.4748802002897334,90.20833778381348
1780959539.0655892,4.94929151913184,-2.855206282418528,0.21780598975075016,-2.473041640912987,90.25286865234375
1780959539.101254,4.949320081401637,-2.8550634346244506,0.2176795419235636,-2.4708408798334887,90.28853344917297
1780959539.1430118,4.949172682982917,-2.8551461125366933,0.2176403554285688,-2.4690773082610047,90.33029127120972
1780959539.1906006,4.949117063467438,-2.855112988768497,0.2175908840957942,-2.467093888748442,90.37788009643555
1780959539.2289236,4.949127252674564,-2.855005324457209,0.2178106353693161,-2.464950569163616,90.41620302200317
1780959539.2688894,4.948940834823904,-2.8551261022883034,0.21752708029416862,-2.463274389772945,90.45616888999939
1780959539.3061965,4.948888124425303,-2.855089778380276,0.2175514998204697,-2.461282729924501,90.49347591400146
1780959539.3507104,4.948944163335952,-2.854927284101428,0.21781551791713083,-2.4590318376103437,90.53798985481262
1780959539.39177,4.948803786957913,-2.854991251574237,0.21764356351110867,-2.4572419663379437,90.57904934883118
1780959539.4274995,4.948799760369563,-2.8548945596659965,0.21764962941648283,-2.4551339063496895,90.61477899551392
1780959539.4707274,4.948753492309254,-2.8548450401703374,0.21753112313191478,-2.4531165358703504,90.6580069065094
1780959539.5109403,4.94863237022112,-2.854893860918423,0.2176359655646064,-2.4512927806243776,90.69821977615356
1780959539.5551536,4.94855837420586,-2.854882159318315,0.21769707690812362,-2.449352797891675,90.74243307113647
1780959539.597617,4.94857916372117,-2.854753210965312,0.21763771391747463,-2.4471758063540308,90.78489637374878
1780959539.6342342,4.948459303490707,-2.854799825092759,0.21782687987848268,-2.445348641668969,90.82151365280151
1780959539.6785407,4.948401616783885,-2.854756634703142,0.21753678184838343,-2.443354559304003,90.86582016944885
1780959539.7169633,4.9483602273356855,-2.854705519820664,0.21757773501224018,-2.441333630699259,90.90424275398254
1780959539.7612033,4.948304378840747,-2.8546763126804042,0.21782834621868163,-2.4393530651791355,90.94848275184631
1780959539.8083775,4.94819949580948,-2.8546891965898626,0.21757898955156216,-2.4374703357594254,90.99565696716309
1780959539.8449385,4.948193999356469,-2.854595339555535,0.2176311046046125,-2.4353660084555635,91.03221797943115
1780959539.8855445,4.948149626372448,-2.8545433695753895,0.217612089720249,-2.4333458836699107,91.07282400131226
1780959539.9188457,4.9480002435979795,-2.8546183439107176,0.2177037553413151,-2.431582334708774,91.10612511634827
1780959539.9640992,4.948009528778945,-2.85450458377804,0.21773820021979254,-2.4294382874879927,91.1513786315918
1780959540.0107312,4.947899471886138,-2.85452467036513,0.21758104406861456,-2.4275682682581596,91.19801068305969
1780959540.0491433,4.947853071416573,-2.8544783203741515,0.21767713524940108,-2.4255623479680337,91.2364227771759
1780959540.0971332,4.947837060510471,-2.854388889938114,0.21752339361500728,-2.4234689694098606,91.28441262245178
1780959540.132408,4.947709141087684,-2.8544392718752074,0.2177434954971873,-2.421654393958056,91.3196873664856
1780959540.1742609,4.947617130388386,-2.8544368767795447,0.2176561151930241,-2.419743271738512,91.3615403175354
1780959540.2149549,4.947660316982535,-2.854284933720884,0.2176333971310655,-2.417520258567293,91.40223431587219
1780959540.2492776,4.947572844951575,-2.8542825300495247,0.21771984788437423,-2.415601884819247,91.43655705451965
1780959540.2975032,4.947431361833628,-2.854334468892701,0.2175971508849009,-2.4138044275947075,91.48478269577026
1780959540.3431578,4.947447641978044,-2.854217940261545,0.21777594791604216,-2.411651359380706,91.53043723106384
1780959540.3731003,4.947318628882925,-2.85425496993393,0.21766388778704482,-2.4098196037063864,91.56037974357605
1780959540.4174213,4.947272470482832,-2.854202029834978,0.2176560683351977,-2.407804882474892,91.60470080375671
1780959540.4556084,4.947260957816487,-2.854109114741639,0.21756724749905754,-2.4057059668103347,91.64288783073425
1780959540.5032628,4.947146201156665,-2.854136522071021,0.21770471923062734,-2.4038499400885036,91.69054222106934
1780959540.5460155,4.947075418154466,-2.854108516527105,0.2176588886908784,-2.4018888104810525,91.73329496383667
1780959540.584808,4.947044312625868,-2.8540395356831367,0.2176643547794225,-2.399835529576024,91.77208757400513
1780959540.6251125,4.946984125260421,-2.854001597735497,0.21767923815366633,-2.397853117255657,91.81239199638367
1780959540.6599603,4.946916396966883,-2.853970730095785,0.21767079353224766,-2.395880906761082,91.84723973274231
1780959540.7073803,4.946852333199795,-2.853935148807817,0.21762458559707154,-2.393903614514412,91.89465975761414
1780959540.7502542,4.946789627996375,-2.8538990156448576,0.21761620022245182,-2.39192178447766,91.93753361701965
1780959540.7874885,4.946728674451064,-2.8538623298645054,0.21765947780789072,-2.389939154355998,91.9747679233551
1780959540.831796,4.946655917640279,-2.8538379454004774,0.2177060690376444,-2.38798002169144,92.01907539367676
1780959540.8636758,4.946574633454015,-2.853818996168001,0.21767546284249228,-2.3860393189101794,92.05095529556274
1780959540.908295,4.946573043404016,-2.8537171314199,0.21766240674115275,-2.3839192668674425,92.09557437896729
1780959540.949762,4.946454004101699,-2.853742716082956,0.21776844402569162,-2.38206694806947,92.1370415687561
1780959540.987689,4.946443603952479,-2.853647529329465,0.21767262422556,-2.379963256035291,92.17496848106384
1780959541.0320413,4.946332196384558,-2.853660995406731,0.2176763144884756,-2.3780899052344453,92.21932077407837
1780959541.0654402,4.946299240315785,-2.8535921066099594,0.21768835593319902,-2.3760407346001147,92.25271964073181
1780959541.107512,4.946205731735887,-2.85358800708005,0.21775501522490695,-2.3741272170715355,92.29479146003723
1780959541.1478326,4.946149558799442,-2.8535418724301405,0.2177264305845792,-2.372125763291021,92.33511209487915
1780959541.1814163,4.946090728778895,-2.853498884509622,0.21772577770512527,-2.370134870234269,92.3686957359314
1780959541.2213435,4.946022710325367,-2.8534657008482154,0.21773897911422951,-2.368160152022167,92.4086229801178
1780959541.2564545,4.945979143916061,-2.8534085216069807,0.21777276871293774,-2.366134587201736,92.44373393058777
1780959541.2995098,4.9458775131604575,-2.8534066175414106,0.21768503344083304,-2.364232874018871,92.48678922653198
1780959541.344642,4.94585059811443,-2.853330812097924,0.21766647857330973,-2.362167587155633,92.53192138671875
1780959541.380848,4.945760523012514,-2.853317747994848,0.2176159151899712,-2.360240931178997,92.56812739372253
1780959541.4272332,4.945716993192755,-2.853261240118792,0.21767895546723767,-2.3582160516722235,92.61451268196106
1780959541.460517,4.945663882749021,-2.853214347639138,0.217782282738479,-2.3562093124127528,92.6477963924408
1780959541.5026462,4.945518202027713,-2.853251812869112,0.21757233189042902,-2.354399091235847,92.68992567062378
1780959541.545493,4.945535594593206,-2.853136613372339,0.21774991153135767,-2.352245039923517,92.73277235031128
1780959541.5847523,4.945442081488214,-2.853123823280924,0.21762549465291955,-2.3503174181026187,92.77203178405762
1780959541.6297336,4.945384548050388,-2.8530792658466355,0.217644196394595,-2.3483239998350234,92.81701302528381
1780959541.6765997,4.945369327885865,-2.85299220515981,0.21763084435330005,-2.3462305751914574,92.86387920379639
1780959541.7106278,4.945225276199511,-2.853036418300056,0.21783910841524542,-2.344426666183614,92.89790725708008
1780959541.7549388,4.94526807778568,-2.852887474781893,0.21763676793723136,-2.3422071164509575,92.94221830368042
1780959541.7909818,4.945168959237198,-2.852882148107524,0.21764589232794415,-2.340295918058449,92.9782612323761
1780959541.837039,4.9450425465183026,-2.8529023230214743,0.21760753247764164,-2.3384466967510065,93.02431845664978
1780959541.8793254,4.945024067016292,-2.852824981689449,0.2178518839157659,-2.3363709328225646,93.06660485267639
1780959541.9123294,4.944966277155147,-2.8527688357814696,0.21749053648727903,-2.334361056549842,93.09960889816284
1780959541.951125,4.944882762117969,-2.852753892265496,0.21767560313440523,-2.332423321960238,93.13840436935425
1780959541.9860408,4.944766671204349,-2.852762605800903,0.21770004191772707,-2.3305478315892625,93.17332029342651
1780959542.0302806,4.944820861887308,-2.852607725814482,0.21757876326669673,-2.3283107043421643,93.2175600528717
1780959542.0700216,4.944784172911085,-2.8525411748238705,0.21755108655188876,-2.3262642729050818,93.25730109214783
1780959542.1017187,4.944594945369074,-2.8526257902302814,0.21781327349474852,-2.3245508298941076,93.28899812698364
1780959542.1452117,4.944585430894655,-2.852528367625735,0.21761954629579147,-2.322446604158013,93.33249115943909
1780959542.1779602,4.9444953912932155,-2.8525151248057337,0.21771123558991318,-2.320515008297729,93.36523962020874
1780959542.2230403,4.944372307130363,-2.8525261419535934,0.2176207860827276,-2.3186517456148485,93.41031980514526
1780959542.2618535,4.9444175134909605,-2.852388618710015,0.21777363319823828,-2.316441635461981,93.44913291931152
1780959542.2957177,4.9443302568658885,-2.8523679714045573,0.21776331925638528,-2.314501291734937,93.48299717903137
1780959542.3359053,4.944222014644072,-2.85236452024439,0.21763688909375953,-2.3126038517983987,93.52318477630615
1780959542.3685532,4.944232478085295,-2.8522565778601923,0.2176600629174186,-2.3104654719273645,93.55583262443542
1780959542.4131918,4.944179453924101,-2.852205791971891,0.21766642997102148,-2.308453669624797,93.60047125816345
1780959542.453164,4.944039931728003,-2.8522350582558413,0.2177144950497834,-2.306628262591138,93.6404435634613
1780959542.489675,4.944031702906772,-2.8521460671188983,0.21783807506450467,-2.3045279801379888,93.67695450782776
1780959542.529941,4.943905956368982,-2.8521568025276065,0.2177158470785985,-2.3026638223213243,93.71722054481506
1780959542.5639946,4.943929172632389,-2.8520378714037693,0.2176998162107842,-2.300499550728218,93.75127410888672
1780959542.6052856,4.943847687667996,-2.852011596729712,0.2176868925717409,-2.298546300753931,93.79256510734558
1780959542.643296,4.943724165103702,-2.852022192679827,0.21763208827402467,-2.2966826218022938,93.830575466156
1780959542.6779153,4.943716241995381,-2.8519335831655677,0.21770671776579853,-2.2945833736526082,93.86519479751587
1780959542.7179403,4.943633623628599,-2.8519088013459277,0.21772549871661287,-2.2926325238942136,93.9052197933197
1780959542.7500036,4.94358970215726,-2.8518496838843497,0.21771934556337472,-2.2906079409779045,93.93728303909302
1780959542.7943115,4.943491788288688,-2.8518387357134736,0.2177497996494049,-2.2886881790191085,93.98159098625183
1780959542.8341787,4.943481327848753,-2.851751810503552,0.21776814513489598,-2.2865952980751993,94.0214581489563
1780959542.8665645,4.943373187747139,-2.8517498826087446,0.21780271420241928,-2.284700173972649,94.05384397506714
1780959542.9085045,4.943363576870535,-2.851659222561358,0.21770990846119934,-2.2825998360915007,94.09578394889832
1780959542.9499085,4.943260582929399,-2.851652864893584,0.21774171098541353,-2.2806949870917697,94.13718795776367
1780959542.979647,4.943204739628188,-2.8516041855915217,0.21773214919511905,-2.2786906729300442,94.16692638397217
1780959543.02203,4.94315656112218,-2.8515502258772867,0.21775727939873402,-2.2766737611551715,94.2093095779419
1780959543.0556133,4.943068324759428,-2.851530472977655,0.21777019909228007,-2.274736616361674,94.24289274215698
1780959543.0984707,4.943055889640609,-2.851444685258508,0.2177099572906776,-2.2726459132621892,94.28575015068054
1780959543.1394265,4.942963789340037,-2.851429722500363,0.21776693200492744,-2.270720093449527,94.32670593261719
1780959543.1747248,4.9429078343273085,-2.8513826092931636,0.2178037042972495,-2.2687161950745143,94.36200428009033
1780959543.2152283,4.942850451027859,-2.851336325261529,0.21778635471940708,-2.266719656497111,94.40250778198242
1780959543.247965,4.942785443413492,-2.851296457169635,0.2177610299786051,-2.264735377037897,94.4352445602417
1780959543.2881804,4.942714087124921,-2.8512623304430007,0.21776820325812615,-2.2627648913065253,94.47545981407166
1780959543.3293252,4.942667624638775,-2.851205674006817,0.2177000286682864,-2.2607420736260955,94.51660466194153
1780959543.3614411,4.942607032068719,-2.8511627037365503,0.21769464753262793,-2.2587516814506676,94.54872059822083
1780959543.401804,4.942549683909256,-2.8511183063442234,0.2177259536948316,-2.256753435706293,94.58908343315125
1780959543.4354753,4.942483343434074,-2.8510823173125206,0.21781525807308078,-2.2547784750460615,94.6227548122406
1780959543.4716392,4.942490522536814,-2.850979547921324,0.2176248966582869,-2.2526470968332077,94.65891861915588
1780959543.514365,4.9423444535591825,-2.8510121209158394,0.2178320731806181,-2.250829719504387,94.70164442062378
1780959543.5503418,4.9423094936483505,-2.8509458815494417,0.2177394677132173,-2.248787604709623,94.73762130737305
1780959543.5924277,4.942257717811315,-2.8508963466439416,0.2177261004630162,-2.24677910736248,94.77970719337463
1780959543.6233099,4.942192085073439,-2.8508567288870896,0.21766143983763162,-2.2447979863308083,94.81058931350708
1780959543.6634068,4.942145501493356,-2.8508035861488503,0.21764965460742533,-2.24278093499607,94.8506863117218
1780959543.7028158,4.942082988222908,-2.8507667053252326,0.21776757253128404,-2.240797846890962,94.89009523391724
1780959543.7333949,4.942004220124713,-2.8507407334608605,0.2178572724214591,-2.238846785529923,94.92067432403564
1780959543.773347,4.942021356535148,-2.850635139166532,0.21775505316446764,-2.236703411950182,94.96062636375427
1780959543.8069615,4.941858255988994,-2.850674900157821,0.21778901874841758,-2.2349145532719152,94.9942409992218
1780959543.8477595,4.941898220474637,-2.850553055446271,0.21773525470290395,-2.2327316534116957,95.03503894805908
1780959543.890635,4.941767008508543,-2.8505662256852413,0.21770899463673268,-2.2308765825012493,95.07791447639465
1780959543.92394,4.941708212736904,-2.8505208466804475,0.21760395817649622,-2.2288865334878225,95.11121940612793
1780959543.962454,4.9417119599983454,-2.8504345676527967,0.2177609893486924,-2.2267773270638793,95.149733543396
1780959543.9956238,4.941602089842312,-2.8504318312160977,0.21783281264112755,-2.224886916197046,95.18290328979492
1780959544.0370786,4.941594898504273,-2.8503455823387607,0.21765312432270212,-2.2227944803652044,95.22435808181763
1780959544.0740182,4.941479905800382,-2.8503482965263682,0.21772516711470513,-2.220912023601622,95.2612977027893
1780959544.104966,4.941365797139874,-2.8503448543757854,0.2176244884934995,-2.21902812233994,95.292245388031
1780959544.144236,4.941440305043387,-2.8502068373657905,0.21781090211187848,-2.216788821526281,95.3315155506134
1780959544.1880538,4.941359193043311,-2.8501789958594714,0.21773292685146128,-2.2148388288331193,95.37533330917358
1780959544.221408,4.941267656851655,-2.8501598012273774,0.21765419988389245,-2.212912377151265,95.40868735313416
1780959544.260202,4.941255347221665,-2.850084041501479,0.21767708010251818,-2.210837593107448,95.44748139381409
1780959544.2918818,4.941187876702885,-2.850049448990012,0.21772136791605837,-2.208864890540274,95.4791612625122
1780959544.336776,4.941148677957961,-2.849993816094754,0.217741073068093,-2.2068444104051883,95.52405548095703
1780959544.37529,4.941099356243346,-2.849945343193807,0.21775210106022716,-2.204836844860286,95.56256937980652
1780959544.4104285,4.941015255632993,-2.8499216888457117,0.2177197127050516,-2.202900853348359,95.59770798683167
1780959544.449866,4.9409483017974924,-2.8498864466527296,0.21773753087418424,-2.200927289596221,95.63714551925659
1780959544.4839482,4.940883916774496,-2.8498475983978753,0.21769294555394944,-2.1989534073976884,95.67122769355774
1780959544.5275164,4.940883379225046,-2.849763415458856,0.21765404788876344,-2.196856808656747,95.7147958278656
1780959544.5662103,4.940769595879765,-2.8497643618228667,0.21773738077553279,-2.194977137742179,95.75348973274231
1780959544.5990486,4.940705882719723,-2.8497261125349778,0.21774630781277643,-2.1930028354166105,95.78632807731628
1780959544.641543,4.940715643035547,-2.849634882023337,0.21768555303364587,-2.190886906269977,95.82882237434387
1780959544.6755826,4.940622313130523,-2.849619523458813,0.21772446414475455,-2.188969704976368,95.86286211013794
1780959544.720319,4.940597348498127,-2.8495546496085615,0.21773146913695413,-2.1869236041639666,95.9075984954834
1780959544.7603905,4.940508977570563,-2.8495354052583055,0.21778133850667772,-2.184994246436745,95.94766998291016
1780959544.7945921,4.940510737438471,-2.849452378823942,0.21779186684837434,-2.1829007592626715,95.98187160491943
1780959544.8388615,4.940387954061919,-2.849456862623244,0.21779740766472824,-2.1810378419034206,96.02614092826843
1780959544.8695173,4.940398337319097,-2.8493677270402324,0.21778524669831603,-2.1789255810508132,96.05679678916931
1780959544.9162905,4.940296039826271,-2.849356403595353,0.21773508849686754,-2.1770267914509285,96.10356998443604
1780959544.9636083,4.940274083870137,-2.8492914998436367,0.21778334924637632,-2.174974379090835,96.15088772773743
1780959545.002329,4.9401480024951665,-2.8492945639751355,0.21768742428631757,-2.173118357806285,96.18960857391357
1780959545.0486283,4.940199610198567,-2.8491819636663864,0.217810477429126,-2.1709364103920556,96.23590779304504
1780959545.0819468,4.9401100554038235,-2.8491602335554984,0.21774511879776734,-2.1690103885341423,96.26922631263733
1780959545.133405,4.940035325329898,-2.849127850758516,0.21759862967808885,-2.1670584142153984,96.3206844329834
1780959545.175045,4.940017980429048,-2.849063715330562,0.21774088526725924,-2.1650066823274505,96.36232447624207
1780959545.2109969,4.93999303022471,-2.84900213777764,0.21783035681706295,-2.162965004220831,96.39827632904053
1780959545.2566028,4.939808428032761,-2.8490424428948544,0.21766182132616244,-2.1612149417874997,96.44388222694397
1780959545.2914238,4.939813927776827,-2.848959690242148,0.21768807601878012,-2.159120565389801,96.47870326042175
1780959545.3374753,4.939850450217715,-2.848854165662958,0.21756802336595502,-2.156964722626105,96.52475476264954
1780959545.3804972,4.939771213729228,-2.848833928067616,0.21783987201396515,-2.155028621233776,96.56777667999268
1780959545.4181795,4.939607368891674,-2.848858331353344,0.21764566122866874,-2.1532414641060913,96.60545897483826
1780959545.462788,4.9396535197793,-2.848751243849261,0.2177329355894083,-2.1510767381041003,96.65006756782532
1780959545.5085225,4.939621005865564,-2.8486917900846005,0.21760859556216125,-2.1490479882093823,96.6958019733429
1780959545.5427706,4.939511981978269,-2.848691075039871,0.2178984305823065,-2.1471710295760693,96.7300500869751
1780959545.586291,4.939538851853215,-2.848588647077437,0.21762644864810743,-2.145034688277212,96.77357053756714
1780959545.6205893,4.939416000470513,-2.8485933248675273,0.21775234449377495,-2.1431755487295217,96.80786871910095
1780959545.6656923,4.93930041611493,-2.8485864935336505,0.21763145618724722,-2.141304377358145,96.85297179222107
1780959545.7066174,4.939376415515959,-2.8484654364362276,0.21783910981544605,-2.139090568535652,96.89389681816101
1780959545.7404814,4.939283416875143,-2.848441919218429,0.21763996174083197,-2.1371721944718995,96.92776083946228
1780959545.7765982,4.939231319455557,-2.848398131289295,0.21763862081244473,-2.135189144905538,96.96387767791748
1780959545.8138587,4.939239848784454,-2.848320092132289,0.2178600264718295,-2.1330959548266435,97.00113821029663
1780959545.8628619,4.939049652874434,-2.8483579793727896,0.21765964860883324,-2.1313572218992616,97.05014133453369
1780959545.908989,4.939030358480967,-2.84829338626732,0.2176957606331705,-2.12931537272902,97.09626841545105
1780959545.9441123,4.939116300069942,-2.8481616324577224,0.21760844353305728,-2.127079588214547,97.13139176368713
1780959545.9911535,4.939027618686409,-2.8481436178920396,0.21778252775955387,-2.1251632162145464,97.17843294143677
1780959546.0259123,4.938849542342323,-2.8481707637438176,0.2175192169037639,-2.1234035532029796,97.2131917476654
1780959546.0720165,4.938868199550913,-2.8480856231677434,0.21765246841130895,-2.1212977773921304,97.25929594039917
1780959546.1135767,4.938900618006591,-2.847993117920722,0.2178000604492488,-2.1191626572802478,97.30085611343384
1780959546.1508703,4.938704540675082,-2.8480332869860856,0.21770583987745967,-2.117437363396192,97.33814978599548
1780959546.1958501,4.938760391922371,-2.847922456061768,0.2177024063886999,-2.1152634967724673,97.3831295967102
1780959546.2338262,4.938704560945594,-2.847878732769306,0.21762352255324205,-2.113284388096872,97.42110562324524
1780959546.2798321,4.938578751471969,-2.8478806302308706,0.21774134340067008,-2.1114397753045338,97.46711158752441
1780959546.3231351,4.938687651005977,-2.8477393194389293,0.21774887402447562,-2.1091704550413426,97.51041460037231
1780959546.3613846,4.938533845491889,-2.8477529099635595,0.21768154786495753,-2.107368252070482,97.54866409301758
1780959546.403025,4.938513537493641,-2.847688966419219,0.21765450759325058,-2.1053349101981875,97.59030437469482
1780959546.4401665,4.938529297942598,-2.8476030006901576,0.21761902026478244,-2.1032304449204258,97.627445936203
1780959546.4866738,4.938376897442686,-2.8476222644135545,0.21785570057050332,-2.1014345100741334,97.67395329475403
1780959546.5262527,4.938337440604548,-2.847561817324213,0.21755459874787675,-2.099427935496742,97.71353220939636
1780959546.5621567,4.938331278980763,-2.8474924198624874,0.21762694937067065,-2.0973691772661476,97.74943614006042
1780959546.607375,4.938311164202731,-2.8474276471696416,0.2176415526487008,-2.0953331391532153,97.79465436935425
1780959546.6448052,4.938197612709545,-2.847416850407014,0.21755377315986865,-2.0934611706164716,97.83208465576172
1780959546.6909184,4.938047378838964,-2.847429652302626,0.21767595096919298,-2.091658382169558,97.87819790840149
1780959546.731451,4.9381888833217165,-2.8472742661439936,0.21770834419498158,-2.089341502428574,97.91873049736023
1780959546.7662687,4.938194911573164,-2.847188177333648,0.21737983712650974,-2.087252698916141,97.9535481929779
1780959546.806166,4.938060860801508,-2.8471989826021455,0.2178129708927285,-2.0854251170964293,97.99344539642334
1780959546.849285,4.937826213670839,-2.8472465955192616,0.21740551798974828,-2.0837642779211416,98.03656435012817
1780959546.8832085,4.937792411321042,-2.8471907067269764,0.2174309897786187,-2.081757256384215,98.07048797607422
1780959546.9230082,4.937933700711477,-2.8470464393808057,0.21786781432694896,-2.079448086666222,98.1102876663208
1780959546.95905,4.93795867101353,-2.8469447114922053,0.21733819622341405,-2.0773251548368417,98.14632940292358
1780959546.9994464,4.9378647868903816,-2.8469301248463164,0.21770467628021478,-2.0754264787381933,98.18672585487366
1780959547.0439181,4.937615464109794,-2.8469914257208684,0.21767205743716056,-2.073799039845952,98.23119759559631
1780959547.0748816,4.937663459452622,-2.8468842730965926,0.2174841956709668,-2.0716447749195943,98.26216101646423
1780959547.1136553,4.9376985379229605,-2.8467958652437324,0.21771714832212968,-2.069519834667741,98.30093479156494
1780959547.147819,4.9376141065500985,-2.8467623441791075,0.21760986153394457,-2.0675983802988442,98.33509850502014
1780959547.1921048,4.937525565593399,-2.8467338566550966,0.21753553917002916,-2.0656865254712713,98.3793842792511
1780959547.2302153,4.9374694995673085,-2.8466911354376876,0.21771249525833258,-2.063719812158369,98.41749477386475
1780959547.263915,4.937480763735674,-2.8466050796030133,0.21747475676208444,-2.061631799812729,98.45119452476501
1780959547.301661,4.937478366814476,-2.8465384313604765,0.21783340026174092,-2.0595744402948117,98.48894047737122
1780959547.3339763,4.937286739152961,-2.8465579406215418,0.2175296103248779,-2.057836508299385,98.52125573158264
1780959547.3812883,4.937219137586541,-2.8465189164344995,0.21755966257334067,-2.055892327090352,98.56856775283813
1780959547.423509,4.937326595916911,-2.8463940515335833,0.21788774787620566,-2.0536450759398934,98.61078834533691
1780959547.4606802,4.937226124858837,-2.846360646373232,0.2174393887079616,-2.0517448257013378,98.64795970916748
1780959547.5070004,4.937133091065158,-2.8463443151157226,0.21791085207388453,-2.049850772982789,98.69427990913391
1780959547.5429242,4.937165673151349,-2.846240991507524,0.217445595955131,-2.0477228494291095,98.73020362854004
1780959547.58865,4.9371184971946,-2.8461998040221457,0.21787273151197203,-2.0457445879337848,98.77592945098877
1780959547.630848,4.9369051675171525,-2.846226886504008,0.2175837071772563,-2.04404527121635,98.81812739372253
1780959547.6683316,4.936907786040584,-2.8461510091029054,0.21763943263098356,-2.0419799222916257,98.85561108589172
1780959547.711022,4.936999985049999,-2.8460333099427797,0.21784356368147265,-2.0397581290909357,98.89830136299133
1780959547.747181,4.936782397920582,-2.8460626117597454,0.21762407988415,-2.0380659584578047,98.93446040153503
1780959547.788639,4.936762626628967,-2.845996499921467,0.21763844953960618,-2.0360379252014127,98.97591853141785
1780959547.8308852,4.936899725788584,-2.845852229100063,0.2175935127196171,-2.033739305617113,99.01816463470459
1780959547.8655033,4.936864491195223,-2.8457938322577343,0.21758392290510606,-2.031735833168029,99.05278277397156
1780959547.907659,4.9366602123946635,-2.845824508445979,0.2178030487346863,-2.0300286780501073,99.09493851661682
1780959547.9469848,4.936628235059343,-2.8457590597199616,0.21759928993323938,-2.028019137945511,99.13426423072815
1780959547.9930372,4.936655732444628,-2.845670477503437,0.21760320604267733,-2.025910887247467,99.18031668663025
1780959548.0340555,4.936596770807449,-2.845626374717988,0.21773416775862459,-2.023949124719884,99.22133493423462
1780959548.0668018,4.93646984179732,-2.8456087859492,0.21758748305663952,-2.0221049615360007,99.25408124923706
1780959548.1163054,4.936516791334352,-2.8455128396266915,0.21768173226266177,-2.0199658291095424,99.30358481407166
1780959548.1609511,4.936508100496957,-2.845439358547011,0.21760356389821614,-2.017916007582205,99.34823060035706
1780959548.1944578,4.936350819593373,-2.8454423071704515,0.2177478153984317,-2.016126635198231,99.38173723220825
1780959548.2384055,4.936335666162551,-2.845373259095453,0.21777929160353038,-2.014091755567684,99.42568492889404
1780959548.2742722,4.936317992580457,-2.845301052779801,0.21753270938442373,-2.0120575899153534,99.46155166625977
1780959548.3177893,4.936259316660799,-2.845258438225436,0.21773404764793633,-2.0100997195940087,99.5050687789917
1780959548.3631272,4.936173116933297,-2.8452203608000084,0.21767223785598222,-2.008183451282412,99.55040669441223
1780959548.4011428,4.936197778176479,-2.845131459091197,0.21755932302510764,-2.006081679604013,99.5884222984314
1780959548.4458077,4.936175924334584,-2.845069857005798,0.21772627266083464,-2.0040578374176574,99.63308715820312
1780959548.4858499,4.9359666739869095,-2.8450891347221763,0.2176458378306268,-2.002353288584434,99.67312932014465
1780959548.5319104,4.936006510059318,-2.844996201204861,0.21774230156851368,-2.000226811266152,99.71918988227844
1780959548.573164,4.936058116738079,-2.8448921443460886,0.21748243103629353,-1.998076735986292,99.76044344902039
1780959548.607781,4.936003244019941,-2.8448472153418414,0.21773483653439954,-1.9961110819489394,99.79506039619446
1780959548.6503952,4.935777326255927,-2.844869636842121,0.21753129668484567,-1.9944331098979535,99.83767461776733
1780959548.6866634,4.935763540882767,-2.844802842578591,0.21769540637456933,-1.9923992493547793,99.87394285202026
1780959548.7316198,4.935904868754373,-2.8446612236366353,0.21754163688481276,-1.990099918799672,99.91889929771423
1780959548.773586,4.935855845524297,-2.844607823134156,0.2175676254966694,-1.9881225612935225,99.96086549758911
1780959548.8136077,4.935641707941186,-2.844631128589331,0.21775181446559025,-1.9864278262914512,100.00088715553284
1780959548.8545427,4.935641999714393,-2.844550154879298,0.21755791313355957,-1.9843670814531087,100.0418221950531
1780959548.8914115,4.935664621720652,-2.8444666219723493,0.21761495633594827,-1.982271545792392,100.07869100570679
1780959548.9367666,4.935632475222067,-2.844406218427657,0.2177259829239303,-1.9802679814098505,100.12404608726501
1780959548.9796596,4.935481505151633,-2.8443921500103246,0.2175288622021109,-1.9784595593638397,100.16693902015686
1780959549.0182056,4.935432333954651,-2.844340613117944,0.21766310297091776,-1.9764888432006464,100.20548510551453
1780959549.06319,4.9355348180224095,-2.8442227252089087,0.2177493283041014,-1.974257733060401,100.25046944618225
1780959549.0997496,4.935352201481852,-2.8442244543028203,0.2177578800931231,-1.972504910464399,100.28702902793884
1780959549.1466167,4.935443510578815,-2.8441085778231736,0.21768400986477687,-1.970296892246849,100.33389616012573
1780959549.1882074,4.935408822753871,-2.844046525636701,0.2176452394941736,-1.9682948067475075,100.37548685073853
1780959549.2286036,4.9352191157047045,-2.8440542457315705,0.21781581939055802,-1.9665572003740934,100.41588306427002
1780959549.2717605,4.935327254388244,-2.8439301783277737,0.21767953074153804,-1.9643198122046288,100.45903992652893
1780959549.305088,4.9352217016188575,-2.843896694766314,0.21761332687189602,-1.9624353413800755,100.49236750602722
1780959549.3442717,4.935096735424924,-2.8438725689096147,0.21758369382834755,-1.9605879331574119,100.5315511226654
1780959549.3776016,4.935069180433959,-2.8438106409999615,0.21775229859079517,-1.9585784445100625,100.56488108634949
1780959549.4104702,4.935111450083525,-2.8437131286882638,0.2175036281525414,-1.9564491301609848,100.59774971008301
1780959549.4595444,4.935072254011182,-2.843659472241541,0.2177851522025573,-1.9544587484958567,100.64682388305664
1780959549.5023856,4.93484959502302,-2.8436688341362966,0.21756746244615757,-1.952769629122243,100.68966507911682
1780959549.5338533,4.934851548748544,-2.843593491726099,0.2176314482480328,-1.950712629644571,100.72113275527954
1780959549.5795476,4.934973712679622,-2.8434713296317082,0.21770093424474435,-1.9484539892663684,100.76682710647583
1780959549.614395,4.934876097345164,-2.8434322176110522,0.21763972787461328,-1.94655799665052,100.80167436599731
1780959549.655198,4.93477366869035,-2.843395647359315,0.21754269831653938,-1.9446710112480552,100.84247756004333
1780959549.6985128,4.93473227242147,-2.843342633881169,0.21786411823972235,-1.9426887478013297,100.88579225540161
1780959549.7283025,4.93480911508749,-2.843228831623287,0.21745737381796465,-1.9405017530694764,100.91558194160461
1780959549.7718291,4.9347480866136575,-2.8431814527988446,0.21762818252116378,-1.9385457549062215,100.95910859107971
1780959549.8012068,4.934543120889658,-2.843188276177284,0.2178007428528009,-1.9368332084009807,100.98848628997803
1780959549.8414946,4.934688215201198,-2.8430536764564085,0.21765188539145475,-1.934539787184188,101.02877402305603
1780959549.8856742,4.9346034061885256,-2.8430084078873663,0.21752032008734154,-1.9326191598230074,101.07295370101929
1780959549.9187508,4.934423835836945,-2.843008519154606,0.21789830265046725,-1.930866194729655,101.10603022575378
1780959549.959363,4.934546839631467,-2.8428793666274785,0.2175430503039897,-1.9286080562408363,101.14664244651794
1780959549.9902284,4.9345545608190795,-2.842799647983356,0.21744948329072866,-1.9265377354541153,101.17750787734985
1780959550.0370822,4.9343641297993175,-2.8428033649331894,0.2178326563765175,-1.92479867350809,101.22436165809631
1780959550.0775766,4.934223641437781,-2.8427707297694855,0.21742273326894926,-1.9229723214037657,101.2648561000824
1780959550.1135132,4.93426710236058,-2.8426850425260586,0.21767544938839958,-1.9208531028418434,101.3007926940918
1780959550.1533806,4.934357926394242,-2.8425785617842028,0.21775497082784095,-1.9186480838122812,101.34066009521484
1780959550.1942613,4.934134237679163,-2.8425822329916826,0.21770030391188763,-1.916958632159051,101.38154077529907
1780959550.2396355,4.9341986332759875,-2.8424832108343345,0.21765108376029588,-1.9148046835053065,101.42691493034363
1780959550.2819402,4.934277271888342,-2.8423762368031076,0.2174684417153778,-1.9126187118256959,101.46921968460083
1780959550.317864,4.9341475856293275,-2.8423533369982508,0.21776402431154104,-1.910778805779993,101.50514340400696
1780959550.3607357,4.933922174022787,-2.8423512858825455,0.21745562252051961,-1.9090921247436659,101.54801511764526
1780959550.3974948,4.933912004337519,-2.8422820221934497,0.2175663081029443,-1.9070598448482141,101.58477425575256
1780959550.4413981,4.934063458505011,-2.842160894547569,0.21789450614776243,-1.9047629013453793,101.62867760658264
1780959550.4884653,4.933915339352091,-2.8421290458276998,0.21753859771482945,-1.9029451497223902,101.6757447719574
1780959550.524644,4.933841512849461,-2.842085450102773,0.21782345887984536,-1.901020013801737,101.71192336082458
1780959550.571537,4.934009326113728,-2.8419457387293057,0.21748005151692273,-1.8986921996131885,101.7588164806366
1780959550.6075006,4.933971939670961,-2.841884910432549,0.21753594708308657,-1.896700620810748,101.79478001594543
1780959550.6534104,4.933717157711975,-2.841902268924888,0.21782154773316773,-1.8950649036765053,101.84068989753723
1780959550.697034,4.93365896359457,-2.841838028771067,0.21742939277448523,-1.893106265327415,101.88431334495544
1780959550.730946,4.933704625185346,-2.841758131792066,0.21789867312812936,-1.8909871836833052,101.91822552680969
1780959550.7778234,4.93376312255705,-2.8416538285293504,0.21744084175400205,-1.8888367634088878,101.96510291099548
1780959550.8260682,4.933673386682043,-2.8416158098277595,0.21775883661596313,-1.8869310918366242,102.01334762573242
1780959550.8596404,4.933445777195402,-2.8416097155882825,0.2174925683042766,-1.8852486467267917,102.04691982269287
1780959550.9044955,4.9334396568861285,-2.8415402109823242,0.21767172458689632,-1.883211146084024,102.09177494049072
1780959550.9395957,4.933614033269359,-2.841413092096687,0.21784665791110985,-1.880880209728568,102.12687516212463
1780959550.9832807,4.933414998291221,-2.841395904655627,0.21757063827057876,-1.8791458643011143,102.17056012153625
1780959551.0261245,4.933349524746315,-2.8413438404577835,0.21763213892724204,-1.8772072292612139,102.2134039402008
1780959551.0603435,4.933479642382991,-2.841231660099383,0.21782031209607544,-1.874948029457208,102.24762296676636
1780959551.1021066,4.93325143379222,-2.841225259453039,0.217663538403191,-1.8732622545929503,102.28938603401184
1780959551.1361792,4.933182871341304,-2.841169316122344,0.21755538322572118,-1.8713240733236127,102.32345867156982
1780959551.1736927,4.933337992895262,-2.8410523872162807,0.21780253152609846,-1.8690306463628492,102.3609721660614
1780959551.218065,4.933237377183137,-2.841004434472189,0.21758257565808664,-1.8671382649807495,102.40534448623657
1780959551.2496924,4.933133765855161,-2.840965821883672,0.21777769859461862,-1.865261860374951,102.43697190284729
1780959551.290009,4.933282968052498,-2.8408445999457,0.21768410947637928,-1.8629729974898779,102.47728848457336
1780959551.3232734,4.933157989968235,-2.840807086843276,0.2176669863596817,-1.8611245133742809,102.5105528831482
1780959551.3640041,4.9330272869771985,-2.8407698567213893,0.21752561151381092,-1.859285948612979,102.55128359794617
1780959551.4044697,4.93296279790944,-2.8407197799428605,0.21779041708626337,-1.8573445072760857,102.59174919128418
1780959551.4415627,4.933114084466027,-2.8405970057486836,0.21755091569546342,-1.8550549756490378,102.62884211540222
1780959551.4838145,4.933123387752507,-2.8405188614116303,0.2174528748101254,-1.8529905455036426,102.67109394073486
1780959551.520577,4.9329076322878604,-2.8405145069142392,0.21777924493277775,-1.8512887964550817,102.70785641670227
1780959551.564629,4.9327988368332605,-2.8404657607011345,0.2174594007585085,-1.849417774167592,102.75190854072571
1780959551.6105795,4.932851815439199,-2.840385045072398,0.21787834870798042,-1.8472900845157942,102.79785895347595
1780959551.6495898,4.932880016087541,-2.840295566938926,0.21746017375966392,-1.8451951671100966,102.83686923980713
1780959551.6946628,4.932846483511228,-2.840240707443173,0.21791147527125357,-1.8432050018946058,102.88194227218628
1780959551.728451,4.932681390300765,-2.84020436761596,0.2174581427882876,-1.8414184490925112,102.9157304763794
1780959551.7729805,4.9326156220459705,-2.840155612426468,0.21775311419395524,-1.839482628848177,102.9602599143982
1780959551.8188972,4.932816978255291,-2.8400265976302377,0.2177102553673933,-1.837115850540116,103.00617671012878
1780959551.8567817,4.932706534858591,-2.8399795710419413,0.21752219055647834,-1.8352433681586953,103.04406118392944
1780959551.9036522,4.932547842377572,-2.839954928224306,0.21773275918512475,-1.8334531534463627,103.09093165397644
1780959551.9389234,4.932491669118111,-2.839889881259859,0.21742766320493925,-1.8314944487426326,103.12620282173157
1780959551.9818587,4.932529413491579,-2.8398176161277604,0.21788389289859358,-1.8293952261291593,103.1691381931305
1780959552.0268555,4.932633962750371,-2.8397081825919934,0.21747012863397583,-1.827181819229694,103.21413493156433
1780959552.0641255,4.932551986880988,-2.8396628335822043,0.21769817253967522,-1.8252657994631005,103.25140500068665
1780959552.1069512,4.932282939153649,-2.839660724377386,0.21773244109817186,-1.8236511521096839,103.29423069953918
1780959552.152336,4.9323815517696366,-2.8395569676124466,0.21746078923071058,-1.8214510758668592,103.33961534500122
1780959552.1837168,4.93246715336793,-2.839473471995366,0.21793243260530698,-1.8192759458753203,103.37099623680115
1780959552.2204287,4.932332825868042,-2.8394229004613845,0.21735706953966485,-1.8174391016600244,103.40770816802979
1780959552.25044,4.93222958765487,-2.8393894077214763,0.2179726214769564,-1.8155660331434627,103.43771934509277
1780959552.289481,4.932325282657316,-2.839282349508484,0.217412229908615,-1.8133694905810012,103.47676038742065
1780959552.3312595,4.932396500039375,-2.8391997148322132,0.21772313865403026,-1.8112156042677072,103.51853895187378
1780959552.3602366,4.932096343832746,-2.839200816273831,0.21770506417345814,-1.8096454835740206,103.5475161075592
1780959552.3967612,4.932056574252723,-2.839134830307868,0.2174952592895865,-1.8076697165995543,103.58404064178467
1780959552.424878,4.932187110176575,-2.8390393379787544,0.2179006545368526,-1.8054244744528327,103.61215734481812
1780959552.4634004,4.932129306501729,-2.8389740444183933,0.21750062805057313,-1.803470462895377,103.65067982673645
1780959552.5036373,4.931992487458977,-2.8389421638136234,0.2178881299144072,-1.8016491992204675,103.6909167766571
1780959552.5369945,4.9320380561138855,-2.838851968829261,0.21746408666609401,-1.7995354945097632,103.7242739200592
1780959552.5770218,4.932103161607351,-2.838772927881057,0.21783174493723534,-1.797394415355398,103.76430130004883
1780959552.6105814,4.931889315670756,-2.8387454847404396,0.21753888718908732,-1.7956869530648378,103.79786086082458
1780959552.6510577,4.931743290181747,-2.8387069224162005,0.2174905560021436,-1.793879508290636,103.83833718299866
1780959552.6887665,4.931848039831102,-2.838617320521646,0.2177748975060944,-1.7916774322403075,103.87604594230652
1780959552.724051,4.931977163129782,-2.8385125179424384,0.21747528612492822,-1.7894327411560977,103.91133046150208
1780959552.76434,4.9319645299558665,-2.8384478761081233,0.21766233795259154,-1.7874157070272148,103.95161938667297
1780959552.7984748,4.931727232507948,-2.8384296789756363,0.21763120036439285,-1.7857480172835918,103.9857542514801
1780959552.8418307,4.931566657876117,-2.8383891795293903,0.21741357864937366,-1.783962130954068,104.02911019325256
1780959552.8830194,4.9316464841460474,-2.8383056124616597,0.21761895482327562,-1.7818026032955092,104.07029891014099
1780959552.9186609,4.931826138726918,-2.838203550526214,0.21795701467658865,-1.7794827833953932,104.10594034194946
1780959552.959261,4.93156659826236,-2.8381806895535204,0.21762039738765615,-1.7778468541391343,104.14654040336609
1780959552.9898694,4.931440548891467,-2.838131355218978,0.21736485129590835,-1.7760085122583533,104.17714881896973
1780959553.0350935,4.931539980048344,-2.8380454447732943,0.2176097439309057,-1.773820253384484,104.22237300872803
1780959553.0716052,4.931696756159478,-2.8379486045670688,0.21786209161896242,-1.7715383459214487,104.25888466835022
1780959553.106604,4.93150359991102,-2.8379104153738,0.21753857956773098,-1.7698012015673315,104.29388356208801
1780959553.146165,4.931456685323383,-2.837855916292092,0.21782579754735165,-1.7678456215072118,104.33344435691833
1780959553.1790528,4.931650556414604,-2.837741108130198,0.21750660467445213,-1.7655048992947602,104.36633229255676
1780959553.2205184,4.931617672335558,-2.837679125968876,0.21756842575256116,-1.7635210739826201,104.40779781341553
1780959553.2593794,4.9313663633031695,-2.837664980784454,0.217895143601818,-1.7618812056759776,104.44665884971619
1780959553.2936213,4.931350688053505,-2.8375885884775958,0.21743919221965,-1.7598723902300606,104.48090076446533
1780959553.3339853,4.931411210564775,-2.837517956350297,0.21797019187634864,-1.7577469069757652,104.52126479148865
1780959553.3775876,4.93135808440565,-2.8374461196894734,0.21735371900816639,-1.7557919988437327,104.56486701965332
1780959553.407235,4.9312755271682,-2.8374024569469376,0.21790003292508792,-1.7538910208536547,104.5945143699646
1780959553.4490223,4.931262672859641,-2.837326238659755,0.21739894964019155,-1.7518757411450712,104.63630175590515
1780959553.482777,4.931282569151262,-2.8372565889636703,0.2175907760618145,-1.7498127422297232,104.67005658149719
1780959553.5251281,4.931232145574037,-2.8371992518978164,0.21765918862634417,-1.7478582546584391,104.71240758895874
1780959553.564904,4.931144050610384,-2.8371409430899277,0.21746729971597722,-1.7459612456758207,104.75218343734741
1780959553.602433,4.931142755713935,-2.8370807946904297,0.21783002278265506,-1.7439342237695972,104.78971242904663
1780959553.6424038,4.931217135338942,-2.836991563730691,0.21752053387059075,-1.741784919884506,104.82968330383301
1780959553.6767218,4.931107120095944,-2.8369490206380674,0.21783752607998563,-1.7399221702123437,104.86400127410889
1780959553.7191315,4.930894642098699,-2.836909087827038,0.21750905082981867,-1.7382201926682392,104.9064109325409
1780959553.7645025,4.93092237320585,-2.8368378172418853,0.21760818579799635,-1.736148595869369,104.95178198814392
1780959553.7997327,4.931113480856895,-2.836742214520588,0.21782788832259736,-1.7338205184836135,104.98701214790344
1780959553.8400133,4.930992593137728,-2.836687283520563,0.2175391641309196,-1.7319742521877795,105.02729272842407
1780959553.876065,4.930920429403403,-2.8366362956550795,0.217783079720635,-1.7300594477392286,105.06334447860718
1780959553.9233913,4.930982042920993,-2.836555559458816,0.21771577240646137,-1.727933384119789,105.11067080497742
1780959553.967925,4.930884994547964,-2.836501237169511,0.21760986106672062,-1.7260512241114616,105.15520453453064
1780959554.0061777,4.930785390911148,-2.8364505428016376,0.21771035285178064,-1.724179219894032,105.19345712661743
1780959554.052301,4.930926180289618,-2.836363594287991,0.21785889504202224,-1.7219311310180572,105.23958039283752
1780959554.0903594,4.930727480999266,-2.836322309701011,0.21767875245597673,-1.7202075926342217,105.27763891220093
1780959554.1360404,4.9306844144556745,-2.8362588860974918,0.21759110492718275,-1.7182473804325809,105.32331991195679
1780959554.18194,4.930825492798575,-2.8361741027305816,0.21776512497873426,-1.7160011206345407,105.36921954154968
1780959554.2183323,4.930833153183005,-2.8361038993927936,0.21771415344169695,-1.7139595201100093,105.40561175346375
1780959554.2642143,4.930641226561403,-2.8360661744728866,0.2178242720821137,-1.7122302532019362,105.45149374008179
1780959554.2996917,4.930758931864462,-2.8359795859497905,0.2177242576727355,-1.7100221078921916,105.48697113990784
1780959554.3432565,4.930645856961916,-2.835927113762178,0.21768296543905263,-1.7081668373784176,105.53053593635559
1780959554.391985,4.930653274195665,-2.835860264703826,0.2177499716516791,-1.7061332490686387,105.57926440238953
1780959554.4286609,4.9306732113867024,-2.8357885204901785,0.21768158994603534,-1.7040736720975147,105.61594033241272
1780959554.4699788,4.930502572690755,-2.8357452324271217,0.2177099750572545,-1.7023115557841337,105.65725827217102
1780959554.5085363,4.930517559304737,-2.835677063255621,0.21778511021966487,-1.7002644538008396,105.69581580162048
1780959554.5535765,4.930597592950721,-2.83559597137208,0.21759715151010517,-1.6981131056352599,105.74085593223572
1780959554.5914912,4.930462186919895,-2.835549933731061,0.21777489930836802,-1.6962957808893353,105.77877068519592
1780959554.6194115,4.930407921993624,-2.835488241854403,0.21771726420696205,-1.6943567513214388,105.80669093132019
1780959554.656911,4.930496262508113,-2.835411340111952,0.2177356791127104,-1.6921943189159767,105.8441903591156
1780959554.693762,4.93040336099799,-2.8353571551109185,0.21780011734713817,-1.690314688250782,105.88104152679443
1780959554.7231507,4.930415073766642,-2.8352897129357424,0.2178549834970599,-1.6882723152180297,105.91043019294739
1780959554.7633047,4.9303384374189365,-2.8352291354098456,0.21773292206349537,-1.6863654286225973,105.95058417320251
1780959554.7945673,4.93039216875615,-2.8351553958676265,0.21766374298058552,-1.6842606753919749,105.9818468093872
1780959554.8336258,4.930334147750964,-2.835096731456455,0.21773308561836632,-1.682324488604026,106.02090525627136
1780959554.8755662,4.930281996299903,-2.835034857314466,0.2176575148024517,-1.680383249271275,106.0628457069397
1780959554.9072123,4.930289809349152,-2.834967936642204,0.21765537919429104,-1.6783476017008112,106.09449172019958
1780959554.9446933,4.930238246433923,-2.834909945716468,0.21776938315031966,-1.6764041896352524,106.1319727897644
1780959554.9776638,4.930185569846697,-2.8348488979536395,0.21778198712280183,-1.6744644650866944,106.1649432182312
1780959555.020381,4.930268489242028,-2.834772522067525,0.21769815356779895,-1.672312929532605,106.20766043663025
1780959555.0626302,4.930134895769925,-2.83472261810343,0.21780462174943657,-1.67049621643208,106.24990963935852
1780959555.0940428,4.930104101743298,-2.834658028380227,0.21775625072274832,-1.6685230019646735,106.28132224082947
1780959555.1359754,4.930193543769462,-2.8345820302362377,0.2176734559808993,-1.66636339219952,106.32325482368469
1780959555.1696477,4.930078822945462,-2.8345298560407475,0.21781563377818025,-1.6645178204869029,106.35692715644836
1780959555.2131803,4.930124960596235,-2.834457453392403,0.21768653205992577,-1.662426958173424,106.40045976638794
1780959555.2509122,4.930025085512549,-2.834402284228372,0.21778006183425463,-1.6605587750916442,106.43819165229797
1780959555.2878182,4.930070813026096,-2.834331990546504,0.2177608525122625,-1.658470174756381,106.47509765625
1780959555.330061,4.929949980803579,-2.8342766000034936,0.21773808362203964,-1.656634598290102,106.51734042167664
1780959555.3624759,4.9299906597823835,-2.834208934131268,0.2178022831865351,-1.654554050443583,106.54975533485413
1780959555.405316,4.93001091565475,-2.834138497622292,0.21765524737030362,-1.652500684040356,106.59259557723999
1780959555.442675,4.929889035645503,-2.8340832734447314,0.21767150033168903,-1.6506694902086365,106.62995457649231
1780959555.4775193,4.929897086443211,-2.8340183910651726,0.21776338977751483,-1.6486401603304248,106.66479873657227
1780959555.520886,4.929885159588536,-2.8339537166660724,0.21776955296987754,-1.6466373742018778,106.70816540718079
1780959555.555147,4.9298683059457,-2.8338888522705337,0.21774346458965274,-1.6446455602148797,106.74242639541626
1780959555.595681,4.92983507060505,-2.8338254967040895,0.21772710929944805,-1.6426776822690554,106.78296041488647
1780959555.6359289,4.929831100119184,-2.8337598355956057,0.217700205586898,-1.6406661688144406,106.82320833206177
1780959555.669497,4.929772734710926,-2.833699374345891,0.21775078690018312,-1.6387371501037824,106.85677647590637
1780959555.7079904,4.9298215154910014,-2.8336304276625306,0.21772763137921264,-1.6366451305404723,106.89526987075806
1780959555.7414079,4.929734492968391,-2.8335709925647645,0.21772698822537326,-1.634761807691163,106.92868733406067
1780959555.7849283,4.929759856679213,-2.8335036893800467,0.21772691377642273,-1.6327058403464054,106.97220778465271
1780959555.826138,4.929688048522209,-2.8334433037443247,0.21773399216349476,-1.6307992068417652,107.0134174823761
1780959555.8658304,4.92970247039469,-2.8333767719802667,0.21772234569450455,-1.628759708332132,107.05310988426208
1780959555.9118865,4.929652812658485,-2.8333137542726616,0.21770566628424726,-1.6268188048543002,107.09916591644287
1780959555.9576285,4.929684294955116,-2.83324759433849,0.21775125909337342,-1.6247554133188034,107.14490795135498
1780959555.9895606,4.92961521871104,-2.8331870519683244,0.21779983479818416,-1.6228434241913718,107.17684006690979
1780959556.0363655,4.929559485162962,-2.8331219756395907,0.21767651245996814,-1.6209155526580257,107.22364497184753
1780959556.071271,4.929609697280094,-2.8330543612618846,0.21767324629798768,-1.6188209317338744,107.25855040550232
1780959556.1146324,4.929543066628189,-2.8329955953977946,0.21785330748244516,-1.6169085822124267,107.3019118309021
1780959556.1603026,4.929520593649506,-2.8329265933686303,0.21764879124598227,-1.6149277630887735,107.3475821018219
1780959556.1970243,4.929525086995989,-2.8328602781464807,0.2175812164559305,-1.612906039496802,107.38430380821228
1780959556.2374387,4.929516310888686,-2.8328005354249615,0.21783099934958772,-1.6109045773022326,107.42471814155579
1780959556.2711227,4.929446830829294,-2.8327335083116165,0.2176509868451203,-1.6089961873553487,107.45840215682983
1780959556.3094184,4.929461279655102,-2.8326661361158374,0.21754070945673581,-1.6069608346637154,107.49669790267944
1780959556.3470962,4.929510926242048,-2.8326038987304885,0.21781160623225762,-1.6048694936497407,107.53437566757202
1780959556.3793657,4.929350459800715,-2.832537929812598,0.21749470035624072,-1.6031008135720275,107.56664514541626
1780959556.4247944,4.929269315535751,-2.832478424421213,0.21766314357882488,-1.6012147902029041,107.61207389831543
1780959556.4578428,4.929482895009052,-2.8324086502341714,0.2177841950840963,-1.598872746061782,107.64512228965759
1780959556.500899,4.9293296876502914,-2.832343627601086,0.21758904448009694,-1.597091152752292,107.68817853927612
1780959556.5380492,4.929170400310955,-2.8322790585953466,0.21744094776531459,-1.595326966867149,107.72532868385315
1780959556.5754821,4.9292409752345465,-2.8322169475051675,0.21775069940489594,-1.5932069652234457,107.76276159286499
1780959556.6147084,4.929419441573871,-2.83214136877116,0.21742992727590013,-1.5909198286899544,107.80198788642883
1780959556.6476662,4.92944461695647,-2.832078117643054,0.21758519556660547,-1.5888685560866482,107.83494567871094
1780959556.692147,4.929185505555544,-2.832020861462057,0.21782282063654526,-1.5872564184166544,107.8794264793396
1780959556.7295887,4.929234732338176,-2.831949794585601,0.2176094737385765,-1.585174076440126,107.91686820983887
1780959556.7665653,4.929378534391568,-2.8318819653702922,0.21764347602599396,-1.5829403386486756,107.95384478569031
1780959556.805315,4.929193078419193,-2.8318166378915377,0.21762313247183054,-1.581214491194361,107.99259448051453
1780959556.8371468,4.929121801211935,-2.8317512773836633,0.21761342562787084,-1.5793179097507546,108.02442622184753
1780959556.8788402,4.929246364111725,-2.831682735713804,0.21763509173003828,-1.577116581144152,108.06611967086792
1780959556.9177663,4.929117860773442,-2.831617553941256,0.21763696469512517,-1.5753010309504094,108.10504579544067
1780959556.947207,4.92892977209856,-2.8315479285023395,0.21749474087075524,-1.573583483494352,108.13448643684387
1780959556.985123,4.929010451303799,-2.8314824475413976,0.21762998784446078,-1.5714506965965838,108.17240238189697
1780959557.0174904,4.92920923302542,-2.8314139437686285,0.21751819939549086,-1.5691357960980803,108.20476984977722
1780959557.0626469,4.9292452943663045,-2.831347711401207,0.21759339869512434,-1.5670719010857064,108.24992632865906
1780959557.102413,4.928970838375916,-2.8312811876376323,0.21770960848677448,-1.5654843485341832,108.28969240188599
1780959557.1344638,4.928959574670304,-2.8312102511056843,0.2175333431292063,-1.5634991742346156,108.32174324989319
1780959557.1746976,4.929159344358857,-2.8311467430834876,0.2177048109262052,-1.561183493054411,108.36197710037231
1780959557.2188904,4.928984261255491,-2.8310752641153063,0.21760903441671653,-1.559441961357077,108.40616989135742
1780959557.248686,4.92882350380791,-2.8310020329448595,0.21745639295910724,-1.5576865683960295,108.4359655380249
1780959557.2876189,4.928898405609355,-2.830939210123033,0.21772615510904708,-1.555565385782972,108.47489833831787
1780959557.3201563,4.92907202990805,-2.8308692073933384,0.21749427926485246,-1.5532915322286207,108.50743579864502
1780959557.363837,4.929036977862135,-2.83080082290935,0.21754674956334275,-1.5513382106980749,108.55111646652222
1780959557.4061751,4.928825037152918,-2.8307305710597226,0.21766351632749506,-1.549659321583627,108.5934545993805
1780959557.4381104,4.92879951808702,-2.8306593512333547,0.21763075855553848,-1.5476936854306962,108.62538981437683
1780959557.4809272,4.928981296616055,-2.830595670044003,0.21764694922347882,-1.5454089565397104,108.66820669174194
1780959557.5113752,4.928979733438225,-2.8305254279890186,0.21760731448956547,-1.543404519076955,108.69865465164185
1780959557.5543804,4.928780309284953,-2.830453743439868,0.21775983633598087,-1.5417067440602006,108.74165987968445
1780959557.5945005,4.928791197720218,-2.830379663652749,0.21755347508025485,-1.5396864348411738,108.78178000450134
1780959557.6284633,4.928862516526261,-2.8303138462837008,0.21758478271076068,-1.537571492268613,108.81574273109436
1780959557.672325,4.928889354157806,-2.8302462668444934,0.21768652539421324,-1.535525188387165,108.8596043586731
1780959557.7042158,4.9287256542241735,-2.8301686900112846,0.217556479112993,-1.5337707012571156,108.89149522781372
1780959557.7558224,4.928651656261147,-2.8300959125776495,0.21754740307619988,-1.531882899641243,108.94310188293457
1780959557.7930248,4.9287969831786285,-2.830037900169709,0.21787282038220537,-1.5296536117282369,108.98030424118042
1780959557.8263788,4.928821356152242,-2.8299602565146977,0.2174431878508852,-1.5276108220297888,109.01365828514099
1780959557.8619854,4.928721127460334,-2.829893586451646,0.21780386681988062,-1.5257584984961736,109.04926490783691
1780959557.895304,4.928578906006546,-2.8298123935799078,0.2176131837945834,-1.523974976866409,109.0825834274292
1780959557.9358935,4.928685052209598,-2.829749855113444,0.21777633668101415,-1.5218086037841227,109.12317299842834
1780959557.977513,4.928766347554154,-2.8296786476924716,0.2175072519565027,-1.519678241093015,109.16479253768921
1780959558.0120597,4.928668206600463,-2.829607698143471,0.21773245719556641,-1.5178221469713027,109.19933915138245
1780959558.0510414,4.928590747966666,-2.8295286869436236,0.21752536292120878,-1.5159412740947575,109.23832082748413
1780959558.083174,4.928678896337643,-2.8294681413508425,0.2177613644417933,-1.513801668267371,109.27045345306396
1780959558.1265209,4.928721340554759,-2.829396683983478,0.21763814761693512,-1.5117320111265948,109.31380033493042
1780959558.165822,4.928527722820715,-2.829316163765323,0.2177054726992033,-1.510025162176751,109.3531014919281
1780959558.2008746,4.928527694114746,-2.8292438511301525,0.21766536450224636,-1.5080233930185776,109.38815402984619
1780959558.2418666,4.928662776713342,-2.8291812040547817,0.21761575865827865,-1.5058110786239998,109.42914605140686
1780959558.2728517,4.928586022130384,-2.829106983662603,0.21771526374288724,-1.5039232692954605,109.46013116836548
1780959558.316205,4.928512841818655,-2.8290280448863925,0.21757100338963592,-1.5020370268507364,109.50348448753357
1780959558.3570921,4.9285862449591304,-2.828967597250109,0.21784763560980658,-1.4999191335387185,109.54437160491943
1780959558.394903,4.928487600549567,-2.828883650856829,0.21759813777259263,-1.4980671132995647,109.58218240737915
1780959558.4347477,4.928551206979992,-2.828819396596723,0.2176849909025126,-1.495968785370136,109.62202715873718
1780959558.477956,4.928615186861301,-2.8287503118134185,0.21757250113928667,-1.4938658328901722,109.66523551940918
1780959558.5128164,4.928451237590138,-2.8286711382635294,0.21781537695920802,-1.4921140894411777,109.70009589195251
1780959558.5532777,4.928550608910533,-2.828605240933812,0.21768578835027874,-1.4899613437477572,109.7405571937561
1780959558.587606,4.928549457067815,-2.8285321415574662,0.21760890705832953,-1.4879580944511,109.77488541603088
1780959558.6316323,4.928392879375619,-2.828449448999791,0.217685710257202,-1.4861978954069468,109.81891179084778
1780959558.6736572,4.928420127348257,-2.828380689286305,0.21773242025041945,-1.4841551042597525,109.86093664169312
1780959558.7069263,4.928464335471536,-2.828311249472176,0.21765623437447834,-1.48208167894023,109.89420580863953
1780959558.745928,4.928388936005098,-2.8282329843383454,0.21765880674287127,-1.48019570423201,109.93320751190186
1780959558.7798665,4.928445686078209,-2.828167652707491,0.21771287053184205,-1.4781069861279759,109.9671459197998
1780959558.8224034,4.928441457266326,-2.8280950816961252,0.21770499603083032,-1.476108902287647,110.00968289375305
1780959558.8659554,4.928379215990683,-2.828017945714217,0.2177068934854656,-1.4742047862816827,110.05323481559753
1780959558.9015281,4.928399607562634,-2.827947240919255,0.21767253167447329,-1.4721683733211843,110.08880758285522
1780959558.9432657,4.928354371785111,-2.8278712028126147,0.21767583736260362,-1.4702378553364954,110.13054513931274
1780959558.978518,4.928347395131047,-2.8277998688616055,0.21772319248989153,-1.468243939099362,110.16579747200012
1780959559.0204055,4.9283116221011225,-2.827723005851027,0.21767391484643478,-1.4662991035120267,110.2076849937439
1780959559.05914,4.928359894853599,-2.8276557805153293,0.2176361555640996,-1.4642207228740352,110.24641942977905
1780959559.0950978,4.928312086985117,-2.8275810753847703,0.2177265213377778,-1.4622919123194162,110.28237724304199
1780959559.1348968,4.928300928789263,-2.8275098316072995,0.21782863158297455,-1.4603077090849155,110.32217621803284
1780959559.169407,4.928362854161404,-2.8274431719818733,0.21774647695814892,-1.4582090242952923,110.35668635368347
1780959559.2110548,4.928223316354692,-2.8273545920442924,0.2176700241227155,-1.456423001636165,110.39833426475525
1780959559.2525618,4.928283865740193,-2.8272920662252186,0.21779422273125146,-1.4543289637553605,110.43984127044678
1780959559.286233,4.928338590505981,-2.827224334816177,0.21768159530634754,-1.452240703165537,110.47351241111755
1780959559.3264093,4.928210808690914,-2.8271386661895272,0.21771223500898126,-1.4504361342536187,110.51368880271912
1780959559.3589501,4.928266303312392,-2.8270749445552155,0.21776862658205787,-1.4483488550238794,110.54622960090637
1780959559.4021862,4.928269103141472,-2.827001853185337,0.21770717225405697,-1.4463413464645942,110.58946561813354
1780959559.4419944,4.928181762531077,-2.8269191730344416,0.21771009682734105,-1.4444750312328212,110.62927389144897
1780959559.476,4.928256825638908,-2.8268599532665077,0.21783184991256563,-1.442357214425255,110.66327953338623
1780959559.5171313,4.928149977510711,-2.8267710203683785,0.21765689078350445,-1.4405220783396624,110.7044107913971
1780959559.5528193,4.928237185079196,-2.826713360127635,0.2177890840132359,-1.438385430170893,110.74009871482849
1780959559.5974634,4.928185912055822,-2.826635018550562,0.21780888519505967,-1.4364623492371387,110.78474283218384
1780959559.6354337,4.928208969992296,-2.8265669164741536,0.21781608896196744,-1.434424754600312,110.82271313667297
1780959559.6673393,4.928166971451126,-2.826487828134114,0.2177217088967154,-1.4324906990923165,110.8546187877655
1780959559.708397,4.928164222158159,-2.8264160195786023,0.21773615860775838,-1.430491938276205,110.89567637443542
1780959559.7557979,4.928187013310547,-2.8263480350081167,0.21774981848468414,-1.428456489813361,110.94307732582092
1780959559.7895534,4.928151406182605,-2.8262721451155373,0.21778285322113927,-1.4265111219083522,110.9768328666687
1780959559.834711,4.928133416044541,-2.8261981375086567,0.21777382596225378,-1.424537107286794,111.02199053764343
1780959559.8733459,4.9281459457242125,-2.826127686574463,0.21772949941619646,-1.4225172316787065,111.06062531471252
1780959559.9200444,4.92812223202395,-2.826052493865405,0.2177189795092967,-1.4205533015473784,111.10732388496399
1780959559.9615788,4.928144370579952,-2.8259839312487935,0.21767678564418194,-1.4185189693297566,111.14885830879211
1780959559.9963264,4.928084757843835,-2.8259052504049897,0.21775314690376035,-1.4166094854328128,111.18360590934753
1780959560.038962,4.9281276169247334,-2.8258406667895444,0.21772870456901514,-1.414543302452137,111.22624135017395
1780959560.077472,4.928072129806757,-2.8257614503004187,0.21776632435591436,-1.4126279424044428,111.26475143432617
1780959560.120339,4.928105221162954,-2.825696196831258,0.21777154852401145,-1.4105768414190492,111.3076183795929
1780959560.1608558,4.928065789709658,-2.825618359560409,0.21776373150283088,-1.4086368734757657,111.34813523292542
1780959560.1975698,4.928096216232149,-2.8255531458562837,0.2177975805358689,-1.406591249432315,111.38484930992126
1780959560.236132,4.928069353529635,-2.825478016729916,0.21779088939802407,-1.404631807344282,111.42341136932373
1780959560.26665,4.928078688056859,-2.8254076121285654,0.2177372617834588,-1.402618026401613,111.45392942428589
1780959560.305794,4.928055744914386,-2.825332256446696,0.21770479335009524,-1.400653289050387,111.49307346343994
1780959560.3396304,4.92807754638019,-2.825266478341231,0.21777020799916194,-1.3986212407865666,111.52690982818604
1780959560.3736694,4.928035450525061,-2.825188990178206,0.2177959190062939,-1.3966854119529897,111.56094884872437
1780959560.4169655,4.928053890307125,-2.825120422579581,0.21773275344362827,-1.394657606269223,111.60424494743347
1780959560.4498227,4.928045977378244,-2.825048284003037,0.21773057434660328,-1.3926720208062124,111.6371021270752
1780959560.4910402,4.928023722706489,-2.8249735987252094,0.21772259792059098,-1.3907067749567108,111.6783196926117
1780959560.5310352,4.928055645972612,-2.8249087440169505,0.21770288813376548,-1.388659336989226,111.71831464767456
1780959560.5653815,4.927992555658863,-2.824828537511196,0.21777374042530598,-1.386758073362718,111.75266098976135
1780959560.6045992,4.928030531588556,-2.8247656728027506,0.21779214085802817,-1.38469826695227,111.79187870025635
1780959560.6372578,4.927967957484551,-2.824681315202873,0.21769094267838487,-1.38280003887424,111.82453727722168
1780959560.6795802,4.928027576570868,-2.8246239852300112,0.21774213423831734,-1.3807065353748915,111.86685967445374
1780959560.7211053,4.928011903918084,-2.8245514547714268,0.2177745520678666,-1.378735768513685,111.90838479995728
1780959560.759481,4.928050474351008,-2.8244870378769225,0.21770207712817005,-1.376675930449146,111.94676041603088
1780959560.8051894,4.927969958318772,-2.824401380394983,0.21770215718237626,-1.374805781278032,111.99246883392334
1780959560.8371391,4.927998797252811,-2.824336764471871,0.21768439254527167,-1.3727626924750973,112.024418592453
1780959560.875859,4.9279839268121055,-2.82426496664941,0.21773182789380915,-1.370788214886772,112.06313848495483
1780959560.9166892,4.927961478312495,-2.824192087647054,0.21781774295245618,-1.3688262176750825,112.1039686203003
1780959560.9484675,4.927990457270649,-2.8241280385935332,0.21783309509675564,-1.3667833774566986,112.13574695587158
1780959560.9867074,4.92795315662838,-2.8240496968820947,0.21779632591942863,-1.364846628581805,112.17398691177368
1780959561.0313249,4.927987118313723,-2.823985339687057,0.21772011572331143,-1.3627957798751034,112.21860432624817
1780959561.0608058,4.9279476731417695,-2.823907565356222,0.21774717693991835,-1.3608618221835467,112.24808526039124
1780959561.0986931,4.927980789319803,-2.8238449550133047,0.21774079142704206,-1.358813445962985,112.28597259521484
1780959561.1309724,4.927942056230739,-2.8237672431909617,0.21776824435228298,-1.3568787737094568,112.31825184822083
1780959561.1711574,4.927945420177766,-2.823698727302936,0.21778775329783995,-1.3548763929241028,112.35843682289124
1780959561.2166612,4.927971648892817,-2.8236341837747703,0.21775795638979234,-1.352840905001613,112.40394067764282
1780959561.2479205,4.927928615153154,-2.8235556088704636,0.21778225760244257,-1.3509137287305806,112.43519997596741
1780959561.2882867,4.927967258476681,-2.823493747612993,0.21773248028024564,-1.3488569088978049,112.47556614875793
1780959561.3210745,4.927916639269377,-2.8234128119737236,0.21774478241993525,-1.3469422891536955,112.50835394859314
1780959561.3627107,4.927989004271511,-2.8233598176691492,0.21772439661465035,-1.3448336939319554,112.54999017715454
1780959561.4064493,4.927899414406825,-2.823270969641343,0.21776980776838814,-1.3429796985866644,112.59372878074646
1780959561.4420822,4.92791436189218,-2.8232051029069605,0.21780092235683254,-1.340963884571214,112.62936162948608
1780959561.4821055,4.927976704970708,-2.8231483274675173,0.21770722435790416,-1.3388708745851836,112.66938495635986
1780959561.5162606,4.927913669867895,-2.8230650847238024,0.21773881565944095,-1.3369772272401788,112.70354008674622
1780959561.5567029,4.927908721121816,-2.8229938831087686,0.21771584649385586,-1.3349897405909394,112.74398231506348
1780959561.59876,4.927911728488637,-2.822925799642483,0.2177702623709089,-1.3329935764923695,112.78603935241699
1780959561.6356099,4.927942621168838,-2.8228640807352385,0.21777234322006012,-1.3309505224425837,112.82288932800293
1780959561.6796522,4.92787235756035,-2.822776167303855,0.2177019351426193,-1.3290698103289582,112.86693167686462
1780959561.7183223,4.927938869110851,-2.8227237408881543,0.2177094544890246,-1.326971963653923,112.90560173988342
1780959561.757233,4.927879854216633,-2.822639657906963,0.2177188345374058,-1.3250720732865162,112.94451236724854
1780959561.7958438,4.9279175592761755,-2.82258076797369,0.21777240105989637,-1.3230229927845953,112.98312330245972
1780959561.829285,4.927881508443968,-2.822501626248571,0.21775246750420227,-1.3210857526182966,113.01656436920166
1780959561.866997,4.927955397613939,-2.8224509798805486,0.21771322692045836,-1.31897859711478,113.05427646636963
1780959561.9035482,4.927885716253827,-2.8223647461761843,0.21775988581884592,-1.3170968842857316,113.09082770347595
1780959561.9485912,4.92788352620755,-2.822293634503428,0.21771719218179028,-1.3151124662262896,113.13587069511414
1780959561.9876764,4.927915036241159,-2.8222318370806097,0.21767711726744562,-1.313069643060163,113.17495584487915
1780959562.025133,4.927902429981707,-2.8221617655966162,0.21779681775494492,-1.3111014408833617,113.21241235733032
1780959562.0665116,4.92798765207666,-2.822111719744404,0.21764344161545515,-1.3089756161548416,113.2537910938263
1780959562.1020205,4.927867197860542,-2.8220133344475404,0.21779148158688838,-1.307175967808573,113.28929996490479
1780959562.139713,4.927886475103406,-2.821948516860572,0.21779607381030913,-1.3051580505302673,113.32699251174927
1780959562.1687691,4.927968677095904,-2.821899255359802,0.21767696090309163,-1.3030394505951632,113.35604858398438
1780959562.2002025,4.927864886129744,-2.8218041918661294,0.217810681976058,-1.3012134195756062,113.3874819278717
1780959562.2267773,4.9279840600401865,-2.821764564205625,0.21764037865875566,-1.2990386484519378,113.4140567779541
1780959562.2592387,4.927969762346707,-2.8216911635470496,0.21764630840128116,-1.2970712546455105,113.44651818275452
1780959562.2879257,4.927851196547221,-2.82158823318119,0.21762781338575699,-1.2952744838864605,113.47520518302917
1780959562.3241606,4.9279128343710115,-2.821538949898315,0.2177762589792123,-1.293190093382774,113.51144003868103
1780959562.3603244,4.927975060296806,-2.821485227283123,0.2176874358658561,-1.2911010791015076,113.54760384559631
1780959562.3989882,4.927864874297475,-2.8213856225107166,0.21775556860848783,-1.2892904556293696,113.58626770973206
1780959562.4414847,4.927899103270588,-2.8213262545953146,0.21781751660060375,-1.2872503805612856,113.62876415252686
1780959562.4755886,4.927965651654169,-2.8212723430046296,0.21764245118336062,-1.2851586493077647,113.6628680229187
1780959562.5145347,4.927842786822366,-2.8211673653620895,0.21766605943695977,-1.2833669727545334,113.7018141746521
1780959562.5497496,4.927816048079248,-2.821087554850927,0.21758808016977502,-1.2814270590756103,113.73702907562256
1780959562.5904958,4.927967437212297,-2.8210683685280475,0.2178497221812142,-1.2791963312314976,113.77777528762817
1780959562.6280262,4.927848846560936,-2.820957465641779,0.21762017234001843,-1.2774012581351024,113.81530570983887
1780959562.6573672,4.927885702667946,-2.8208980230362317,0.21758840236733837,-1.2753614371975475,113.844646692276
1780959562.694641,4.927958798942745,-2.8208552618061757,0.2178188848944934,-1.2732547023953698,113.88192057609558
1780959562.7292368,4.9278016888670875,-2.820732756334918,0.21764849656934926,-1.2715261347095193,113.91651630401611
1780959562.77334,4.927886733200197,-2.820689455067655,0.21772311554102633,-1.2694065609714607,113.96061944961548
1780959562.8101566,4.927993228356342,-2.8206491265781164,0.21754299334864421,-1.2672533606500684,113.99743604660034
1780959562.8456287,4.927944802425655,-2.820568460859952,0.21777947990241497,-1.2653435456670836,114.03290820121765
1780959562.8858156,4.927799240310616,-2.8204466009546887,0.21753105677319634,-1.263601191677165,114.0730950832367
1780959562.9212935,4.927882131433347,-2.820404272865814,0.21766104848325127,-1.2614856217046304,114.1085729598999
1780959562.9620132,4.92800977870253,-2.8203728354434374,0.2175572471097311,-1.2592973650621877,114.14929270744324
1780959563.0015051,4.927968244039859,-2.820293072733793,0.21779090676591795,-1.2573795032036719,114.1887845993042
1780959563.039971,4.927831705572983,-2.8201734823955755,0.21759989567407922,-1.2556227691261184,114.22725057601929
1780959563.083665,4.927916554031357,-2.820132886664547,0.2177548218541228,-1.2535056853521482,114.27094435691833
1780959563.1148782,4.92804266260189,-2.8200989590614127,0.21753296298608477,-1.2513231436629546,114.30215764045715
1780959563.159314,4.927982198564746,-2.8200101983577577,0.2176568088457602,-1.2494377439184112,114.34659337997437
1780959563.2009416,4.927918691768211,-2.8199180291302333,0.21765822600342585,-1.247564359911287,114.38822102546692
1780959563.2367036,4.928002806480233,-2.819877791019523,0.21784017728379904,-1.2454457906092438,114.42398309707642
1780959563.2754786,4.927922495438062,-2.8197755313047415,0.21768882825947342,-1.2435982909158736,114.46275806427002
1780959563.3070498,4.928027348256116,-2.8197395526653533,0.21766470535579846,-1.241452205364463,114.49432921409607
1780959563.3494358,4.92805854634129,-2.8196774640842466,0.21762477256138907,-1.239421417956308,114.53671526908875
1780959563.389575,4.927933363420575,-2.8195664960243105,0.2178189636597416,-1.2376466872194933,114.57685446739197
1780959563.4226787,4.928050695655332,-2.8195331106030164,0.21773031206657753,-1.2354792499693028,114.60995817184448
1780959563.4659133,4.927968184649287,-2.8194339634150594,0.21781778330920554,-1.2336347468291593,114.65319275856018
1780959563.5096574,4.928023965309363,-2.819380366641554,0.21779279092538756,-1.231567978537601,114.69693684577942
1780959563.5409796,4.927947451592989,-2.8192793024857656,0.21771611005921393,-1.229715680791751,114.72825908660889
1780959563.5848267,4.928046406182077,-2.819243365486124,0.21776692301177228,-1.2275779376964837,114.7721061706543
1780959563.623794,4.927993080980587,-2.81915232498627,0.21779255025181946,-1.2256886605874484,114.81107354164124
1780959563.6621904,4.928069448315901,-2.8191054422771624,0.21771062870916055,-1.2235875797771962,114.84946990013123
1780959563.7071168,4.928001306701353,-2.81900855477702,0.21771342272804084,-1.2217241234672098,114.89439630508423
1780959563.7450125,4.928046414880221,-2.8189528872653513,0.2177462151371558,-1.219672916510672,114.9322919845581
1780959563.7853403,4.928022661614431,-2.8188721478490453,0.21778111904709158,-1.2177365304051575,114.9726197719574
1780959563.8194463,4.928081738792027,-2.818820239993638,0.21776683379662207,-1.2156637746800945,115.00672578811646
1780959563.8599887,4.9280018751983645,-2.818715616190141,0.2176816088606565,-1.2138210202342115,115.04726815223694
1780959563.9025772,4.928082493915786,-2.818675081723386,0.21777653560634747,-1.2117122116465866,115.08985662460327
1780959563.9356463,4.928055965011799,-2.818590430506958,0.21771623035640345,-1.209783292591128,115.12292575836182
1780959563.9756248,4.928056672685958,-2.8185181313282883,0.2177644443479007,-1.2078057242075686,115.16290426254272
1780959564.007207,4.928101064618496,-2.8184622801286827,0.21778524250458808,-1.2057586317597915,115.19448637962341
1780959564.0503635,4.928036161863915,-2.8183617314068488,0.21766481444098562,-1.2038927058943485,115.23764300346375
1780959564.089675,4.928123131571716,-2.818324831960947,0.21780000839460031,-1.2017740723275285,115.27695441246033
1780959564.126189,4.9280784819892745,-2.8182338681969465,0.2178151408017004,-1.199873912988266,115.31346845626831
1780959564.166568,4.928166280925976,-2.8181928003433567,0.21773117591995494,-1.1977569815914069,115.35384750366211
1780959564.196554,4.928056945490719,-2.8180766427222403,0.21774081826511887,-1.1959629740000914,115.38383340835571
1780959564.2386904,4.928145636011905,-2.8180380707077712,0.21777143799179188,-1.1938446920335712,115.42596983909607
1780959564.26898,4.928102067013014,-2.8179451165392186,0.2176837535785835,-1.1919432535417156,115.45625948905945
1780959564.2931108,4.928190717967572,-2.8179067334513603,0.21766728157703966,-1.1898264556701141,115.48039031028748
1780959564.3232083,4.928211854249767,-2.8178409602128576,0.2176674102431343,-1.187817296515358,115.5104877948761
1780959564.356943,4.928117330332913,-2.8177295043186246,0.217682045022691,-1.1860039415585264,115.54422235488892
1780959564.3988278,4.928180058076268,-2.8176833306829643,0.21781171376300743,-1.1839263957260573,115.58610725402832
1780959564.437843,4.928192223543722,-2.817612884476662,0.21779742599944324,-1.1819341313266831,115.62512254714966
1780959564.473065,4.928138918978434,-2.8175151484468284,0.21773328632430422,-1.1800525122671024,115.66034436225891
1780959564.5151184,4.928256687704412,-2.817487439520734,0.21763244569311183,-1.1778879533666984,115.70239782333374
1780959564.5465531,4.928227107856411,-2.817402685082325,0.21773171401784572,-1.1759623537552466,115.73383259773254
1780959564.5900877,4.928202101118516,-2.8173156947824176,0.2176454324805765,-1.1740380609392462,115.77736711502075
1780959564.630665,4.9282289362332055,-2.817254301944086,0.21772647238979445,-1.1720189219488084,115.81794452667236
1780959564.6661396,4.9281673381107725,-2.8171521179885555,0.2176923907476972,-1.1701548924784653,115.85341906547546
1780959564.7076182,4.928293129149192,-2.817132593458339,0.21779726191101031,-1.167972169849256,115.89489769935608
1780959564.747604,4.928183486807078,-2.817007089996708,0.21762095980009982,-1.1661887845217727,115.93488335609436
1780959564.7761388,4.928250999606583,-2.81696373379232,0.21777604958428784,-1.1641068691792416,115.96341824531555
1780959564.814404,4.9283749831199435,-2.816938462679161,0.21760716601328747,-1.1619297616335003,116.00168347358704
1780959564.8498967,4.928268537992579,-2.8168202215389497,0.21776705245759123,-1.1601348847833595,116.03717613220215
1780959564.8903906,4.928225001778157,-2.816719885190137,0.217516603410959,-1.1582463730006718,116.07767009735107
1780959564.9325497,4.928330284299538,-2.8166954308660967,0.21771700811697245,-1.156099416338399,116.11982917785645
1780959564.9649386,4.9284088173757326,-2.816650302635255,0.21755545278521782,-1.1540003017593792,116.15221810340881
1780959565.0091913,4.928286590565151,-2.8165244934748945,0.21774958604073452,-1.1522350600113207,116.19647073745728
1780959565.043099,4.928261035965405,-2.816434693099143,0.2176690347613854,-1.1503146123968084,116.23037838935852
1780959565.087983,4.92838957316491,-2.816419015682203,0.21779531820385029,-1.1481281702664856,116.27526235580444
1780959565.1262903,4.928304541358573,-2.8163025966235544,0.21775051120181085,-1.1463053057918666,116.31356978416443
1780959565.158014,4.928448607832769,-2.816289091282713,0.21762228326933347,-1.1440992298476331,116.3452935218811
1780959565.2008684,4.92848123631767,-2.8162263638027523,0.21759802138945658,-1.1420775057367938,116.38814783096313
1780959565.2327192,4.928330077013475,-2.816084374043065,0.2177578298807065,-1.140364832609691,116.41999864578247
1780959565.2728624,4.928427359090493,-2.8160494729697523,0.21766399881731027,-1.1382382165962985,116.46014189720154
1780959565.308591,4.928421103417413,-2.815969120484499,0.21762506602029705,-1.1362815455672362,116.49587035179138
1780959565.344535,4.9284371592844085,-2.8159027575101714,0.21776201506326834,-1.1342902747306849,116.53181457519531
1780959565.3870342,4.928519890696733,-2.8158610109883218,0.21764632161105182,-1.1321851174531914,116.57431364059448
1780959565.4231496,4.9284376023678265,-2.8157486723718295,0.21780287241004273,-1.1303585792607271,116.61042904853821
1780959565.46707,4.928520654924274,-2.815707267981521,0.21766878809610318,-1.1282547541259667,116.65434956550598
1780959565.5063853,4.928462900624675,-2.8156052853912406,0.2178025503539632,-1.1263877542380216,116.69366478919983
1780959565.5407774,4.928534944873993,-2.815558779638655,0.21767226757884683,-1.1243025078383266,116.72805690765381
1780959565.5845406,4.9284720373913,-2.815450588453862,0.21766069225410178,-1.122445501579226,116.77182006835938
1780959565.6156058,4.928553704080775,-2.815413960472637,0.21776399560019893,-1.1203434888586945,116.80288529396057
1780959565.655048,4.928507149755997,-2.8153108400360924,0.21763196609929916,-1.118458032396061,116.8423273563385
1780959565.694591,4.928536058784782,-2.8152468325880338,0.21763208587831023,-1.1164484558075558,116.88187050819397
1780959565.735275,4.928600191110706,-2.815202445048246,0.2177132509765757,-1.1143710875497423,116.92255449295044
1780959565.784168,4.928540068391621,-2.8150956679885835,0.21778724928224857,-1.1125130771055778,116.97144746780396
1780959565.8174362,4.928682062794695,-2.815083260579224,0.21759518414346196,-1.1103101227548744,117.00471568107605
1780959565.8622339,4.928635638916191,-2.8149854480690335,0.21776321706873747,-1.1084227070509574,117.04951333999634
1780959565.9091172,4.928587823524477,-2.81487928215367,0.21759243372116208,-1.106547640437841,117.0963966846466
1780959565.9457302,4.928689253385885,-2.8148533933021893,0.2176482017693547,-1.1044112341997794,117.13300967216492
1780959565.9913285,4.928741342873972,-2.8147996997935043,0.21759527659251895,-1.102358842352897,117.17860794067383
1780959566.0370586,4.928636874832646,-2.814671547521787,0.21773914385874862,-1.1005760623120433,117.22433805465698
1780959566.0740876,4.928643989956196,-2.814595443203388,0.2177444837168587,-1.0986043907328296,117.26136708259583
1780959566.1187625,4.92880365515665,-2.8145957200588003,0.2176221422679994,-1.0963699884159417,117.30604195594788
1780959566.1546857,4.928777438463511,-2.814504887107317,0.2176942986890381,-1.0944510848559807,117.34196519851685
1780959566.1996005,4.92869641373271,-2.814385282891109,0.2177407306999476,-1.0926331831485925,117.38687992095947
1780959566.245936,4.928824734200038,-2.814371813607469,0.2177203403101145,-1.0904497504588133,117.43321537971497
1780959566.277843,4.9287224512351315,-2.8142407059689334,0.21781190503668563,-1.0886661179732338,117.46512246131897
1780959566.3182228,4.928868319369742,-2.8142340995767223,0.2176344554808223,-1.08645760762017,117.5055022239685
1780959566.3547075,4.9288862943021545,-2.8141633601004172,0.21760895372168274,-1.0844654760132473,117.54198694229126
1780959566.4006693,4.9287626184718,-2.81402105821024,0.2177252882825108,-1.0827210749541596,117.5879487991333
1780959566.439344,4.928828292451187,-2.81397699506525,0.21780428023112303,-1.0806485266626908,117.6266233921051
1780959566.4737804,4.928890594511535,-2.813927177949657,0.21765946042816822,-1.0785827404021981,117.6610598564148
1780959566.5116267,4.9288076682363915,-2.8138029093534818,0.21766370625201556,-1.07676684036722,117.6989061832428
1780959566.5440898,4.928845903996609,-2.8137440316805793,0.21770604573515254,-1.0747438253767934,117.73136925697327
1780959566.5881658,4.928926394414909,-2.8137067267066143,0.21765292105210438,-1.0726430462622667,117.77544522285461
1780959566.6312678,4.928895776548448,-2.813613371206359,0.2178095526690804,-1.0707382075801615,117.81854724884033
1780959566.6654108,4.9290072201386685,-2.8135917668066535,0.2177266852790147,-1.0685860322731435,117.85269021987915
1780959566.707876,4.928907306290483,-2.813458351227522,0.2178290392427667,-1.066802491440857,117.89515542984009
1780959566.742306,4.92904746935903,-2.8134506066479794,0.217622563641862,-1.06460550177873,117.92958545684814
1780959566.7875738,4.929058483855107,-2.813374945446921,0.2175611891563083,-1.062627535190281,117.97485327720642
1780959566.8313153,4.928954613831413,-2.813239204852368,0.21764974196594036,-1.0608524135792012,118.01859474182129
1780959566.8693354,4.928940339651074,-2.8131501745677094,0.21768216981488414,-1.0589218350890457,118.05661487579346
1780959566.9124858,4.929132789085521,-2.8131788890112954,0.21771586955545724,-1.056625456308668,118.09976530075073
1780959566.9491663,4.929098278606389,-2.8130763363461617,0.2176509951112746,-1.054730878219889,118.13644576072693
1780959566.9872918,4.929034089602326,-2.8129569171335187,0.21753533303159048,-1.0528902955774844,118.17457127571106
1780959567.024734,4.929034647969549,-2.812880992904483,0.2177744641650568,-1.05093135482175,118.21201348304749
1780959567.0567753,4.9292285368645885,-2.81290566717065,0.21752930992223823,-1.048637141545297,118.24405479431152
1780959567.0972254,4.929245662295413,-2.812834147953444,0.21751981505308232,-1.0466501668905566,118.2845048904419
1780959567.1282036,4.929091803347773,-2.8126690567640225,0.21772715359617653,-1.044964277115104,118.31548309326172
1780959567.1675706,4.929064892137922,-2.812568123470808,0.21760599434954203,-1.0430616421176877,118.35485005378723
1780959567.2014463,4.929236357806529,-2.812591577848829,0.2178249060473394,-1.0407995797706375,118.38872575759888
1780959567.2404974,4.9291727535150685,-2.8124683956941756,0.21764590174519258,-1.0389585820902436,118.42777681350708
1780959567.2866454,4.929164550763111,-2.8123788032070034,0.2175352787012927,-1.0370245374865141,118.4739248752594
1780959567.3336985,4.929308100267246,-2.8123867116281436,0.21771304783923398,-1.0348119088863723,118.52097797393799
1780959567.3687165,4.929396312524902,-2.8123539942958935,0.21758729740215713,-1.0327022893405498,118.55599594116211
1780959567.414364,4.929280457144091,-2.812208545631837,0.2178430751895869,-1.0309511241790066,118.6016435623169
1780959567.4528437,4.92922660336471,-2.8120852733857853,0.21748704698159962,-1.0291039056321738,118.64012312889099
1780959567.5014095,4.929341468203806,-2.8120772737961017,0.21770571872495173,-1.026944587884835,118.68868899345398
1780959567.548201,4.929398909676054,-2.812029901074559,0.21769328700051926,-1.0248845467044254,118.7354805469513
1780959567.5854473,4.929290683141363,-2.811881677639618,0.21772640422054637,-1.0231301011059428,118.7727267742157
1780959567.6303055,4.929448507881596,-2.8118956239345434,0.21776111337124543,-1.0208959671501439,118.81758499145508
1780959567.6705878,4.9293926276544315,-2.8117767639091196,0.21766479694281793,-1.0190438543534803,118.85786724090576
1780959567.7183912,4.9293656956425895,-2.811675105175153,0.21759423019681376,-1.0171457369993355,118.90567064285278
1780959567.7639987,4.929509471120209,-2.8116876799034864,0.21786356166432205,-1.0149310036856498,118.95127820968628
1780959567.799393,4.929440086883024,-2.8115570271788908,0.21768725387813215,-1.0131077442827063,118.98667240142822
1780959567.8465173,4.929514547970491,-2.8115197849379605,0.2176558839179087,-1.0110273738850286,119.03379678726196
1780959567.8845348,4.929545756545956,-2.8114590365900414,0.21774548682612802,-1.0090153765013898,119.07181429862976
1780959567.9283648,4.929476880294707,-2.8113289752665125,0.2176121848697516,-1.007197255857469,119.11564421653748
1780959567.9733298,4.929597153350927,-2.811326848292206,0.21782717903706966,-1.0050266540144848,119.1606092453003
1780959568.0131528,4.929687079585673,-2.8112954434273663,0.21762603866661304,-1.0029179419107899,119.20043230056763
1780959568.057661,4.929577903522602,-2.811146975452738,0.2178136672434098,-1.001162713773338,119.24494051933289
1780959568.0948477,4.929694858576074,-2.811135427079381,0.21767105816893692,-0.9990085669916171,119.28212714195251
1780959568.1402905,4.929777088391022,-2.8111014032037294,0.217523391788599,-0.996911736723622,119.32756996154785
1780959568.1860025,4.9296576688547,-2.8109466497085775,0.21777920684653107,-0.9951758650282176,119.373281955719
1780959568.2225578,4.929728787759327,-2.8109070005965977,0.21767303981685118,-0.9931050748695833,119.40983724594116
1780959568.2651126,4.929801101667437,-2.8108678938109453,0.21756410228068734,-0.991025078582696,119.45239210128784
1780959568.3030176,4.929727939379724,-2.810741871727556,0.21778253925806013,-0.9892081464149638,119.4902970790863
1780959568.3475456,4.929709284251815,-2.8106428247932587,0.21770728741426693,-0.987299532758851,119.53482508659363
1780959568.393689,4.929869698920972,-2.81066599669464,0.21773147444293206,-0.9850573901449042,119.58096837997437
1780959568.4339721,4.92983981891965,-2.8105636963578244,0.21782056493418886,-0.9831634750667972,119.62125158309937
1780959568.481605,4.929781658863168,-2.810436354369501,0.2176398066652541,-0.981329417822379,119.66888451576233
1780959568.5167167,4.929910629354144,-2.8104415513793475,0.21775707499988745,-0.9791458308654808,119.70399618148804
1780959568.5629287,4.929891018409305,-2.81034204349412,0.2176709295120685,-0.9772355221660041,119.75020813941956
1780959568.606694,4.929939262946123,-2.81029157476746,0.2176982522160621,-0.9752039226269043,119.79397344589233
1780959568.641815,4.930030660962274,-2.810266297603149,0.21758655649751646,-0.9730904756325574,119.82909440994263
1780959568.6881814,4.929933931056919,-2.8101226210515153,0.21785627543385946,-0.9713188548349794,119.8754608631134
1780959568.735518,4.929988222416542,-2.8100676134932243,0.21754286592997868,-0.9692833120817501,119.92279744148254
1780959568.7698126,4.930046407323197,-2.8100301302269366,0.21780072040911616,-0.967223263108548,119.95709204673767
1780959568.8156085,4.929986634462019,-2.8099022087284276,0.21775552612753638,-0.9653933463535678,120.00288796424866
1780959568.8502893,4.930137233884375,-2.8099211815105183,0.2176969619742701,-0.96317050468897,120.03756880760193
1780959568.8959937,4.930140232227025,-2.809839272684312,0.2177339640527199,-0.9612193316720963,120.08327317237854
1780959568.9363868,4.930055452486261,-2.8096948602966414,0.21769783521686573,-0.9594382635786958,120.1236662864685
1780959568.970834,4.9301604946636495,-2.8096875769984617,0.2178832950388134,-0.957295176447019,120.15811347961426
1780959569.012028,4.930172974192584,-2.809602922512913,0.21752763121403346,-0.9553358215845988,120.19930744171143
1780959569.0473058,4.930159824007544,-2.8095158227224815,0.21777816590233276,-0.953412884169377,120.23458528518677
1780959569.0880477,4.930229144750982,-2.809473622708964,0.21755904415480992,-0.9513466401308,120.27532720565796
1780959569.1283038,4.930267529857811,-2.8094194944823716,0.21764050900049428,-0.9493285990560993,120.31558322906494
1780959569.1651907,4.930247244740731,-2.8093168758916582,0.21756570167567757,-0.9474280268654036,120.35247015953064
1780959569.2116015,4.930280786136777,-2.809258678321867,0.21762356674521993,-0.9454218635286495,120.39888095855713
1780959569.2496793,4.930348461706468,-2.8092230398168088,0.21769795526638624,-0.9433521756563934,120.43695878982544
1780959569.2948463,4.930340215159936,-2.809128346865225,0.21750642092376476,-0.9414287298249575,120.48212575912476
1780959569.3366735,4.930303628122324,-2.8090233971747143,0.21782396761076805,-0.9395518532159399,120.52395296096802
1780959569.3764067,4.930430135613475,-2.8090248134245073,0.21756083034022267,-0.9373777015985993,120.56368613243103
1780959569.4219823,4.930495057589322,-2.8089901787146876,0.21766286668357337,-0.9353080903631308,120.60926175117493
1780959569.4564874,4.9303950285111915,-2.808836245219901,0.21790133703833373,-0.9335564915622552,120.6437668800354
1780959569.5033722,4.9305197091855995,-2.8088348174153297,0.21756969961867983,-0.9313882316824573,120.69065165519714
1780959569.5526762,4.9305346390907685,-2.808764877768974,0.21772267409103258,-0.9294123495805962,120.73995566368103
1780959569.5887632,4.930416363782818,-2.808588328824528,0.2176300592748694,-0.927705657278886,120.77604269981384
1780959569.630611,4.930528290175795,-2.8085866544382196,0.21768034939515227,-0.9255528972110283,120.81789040565491
1780959569.6676648,4.930619327730363,-2.8085670619496423,0.21754618557957706,-0.923441412152743,120.85494422912598
1780959569.7128258,4.930626017733873,-2.8084940207176117,0.21788021219675457,-0.9214830607147366,120.90010523796082
1780959569.756549,4.9305699103826885,-2.808358949903649,0.21763928462439167,-0.919659747903653,120.94382834434509
1780959569.7928698,4.930672004378387,-2.8083537729952135,0.2177712496482401,-0.9175257640936243,120.980149269104
1780959569.8359585,4.93064123174586,-2.808242231702334,0.21769518823999828,-0.9156463850292953,121.02323794364929
1780959569.8724566,4.930660406127502,-2.8081697604884357,0.21768405021519938,-0.9136759557335985,121.05973601341248
1780959569.9195056,4.93078839319964,-2.8081822597512014,0.2176484940304701,-0.9114915249207445,121.10678505897522
1780959569.963768,4.930758772557885,-2.808076717720015,0.21781383518777514,-0.9096080503740898,121.15104746818542
1780959570.0023894,4.930724270368057,-2.8079593358064536,0.21767564022159275,-0.9077459253232227,121.18966889381409
1780959570.0502563,4.930856221863128,-2.8079799677127344,0.2178207241089732,-0.9055509335404168,121.23753571510315
1780959570.0971005,4.93086650711384,-2.8078977910747063,0.21771586775465826,-0.9035983615405514,121.28437995910645
1780959570.1355567,4.930853772014354,-2.807800378574902,0.21768493511792603,-0.9016895336221382,121.32283616065979
1780959570.1861138,4.930945829468991,-2.807787309171819,0.21770555673008968,-0.8995755314771583,121.37339329719543
1780959570.217757,4.930931421384493,-2.8076904037136705,0.2177791668361212,-0.897666480521981,121.40503644943237
1780959570.262844,4.930977159328766,-2.8076393806736255,0.21777259909368651,-0.8956468630942092,121.45012354850769
1780959570.302597,4.9309464470339455,-2.8075256017287358,0.21767812146174897,-0.8937745730627817,121.48987650871277
1780959570.3335671,4.931028348445833,-2.8075076917374555,0.21781382489710827,-0.8916794085237751,121.5208466053009
1780959570.3718247,4.931085526227569,-2.807464343457017,0.21773108771029753,-0.8896341870576117,121.55910420417786
1780959570.4054642,4.931058568048883,-2.8073562121320377,0.2177475883014779,-0.8877564937089155,121.59274363517761
1780959570.4453819,4.931109240926798,-2.807310058707397,0.21775215122829947,-0.8857208755076083,121.63266134262085
1780959570.485291,4.931094195088103,-2.8072079476147564,0.21769324589975997,-0.8838236596342637,121.67257046699524
1780959570.520001,4.931196119789434,-2.807204485789195,0.21768055136855502,-0.8816893122493368,121.70728039741516
1780959570.558914,4.9311718937023405,-2.8070988871255342,0.21774831430084546,-0.8798047377146654,121.74619340896606
1780959570.5958066,4.931201860695617,-2.8070349647828654,0.21772633417572085,-0.877818149057132,121.78308606147766
1780959570.6396873,4.931263962203692,-2.806997126634193,0.21766867923533964,-0.8757623932574785,121.82696676254272
1780959570.6793828,4.93127633908646,-2.8069221105887627,0.21775155827869402,-0.8738086714815254,121.86666226387024
1780959570.7153068,4.931356455123843,-2.8068979859154295,0.21765024134199717,-0.8717201795232796,121.90258622169495
1780959570.7565093,4.9313138088629636,-2.806778894288461,0.2178271838504657,-0.8698731697514059,121.94378876686096
1780959570.7908258,4.93140242728614,-2.8067620640265014,0.21770605736601947,-0.8677693662945618,121.97810530662537
1780959570.834945,4.931378410763204,-2.806654374510335,0.21773020396162035,-0.8658891581143751,122.02222442626953
1780959570.87396,4.931440436427583,-2.8066171879424147,0.2176738796657114,-0.8638375085012981,122.06123948097229
1780959570.9092798,4.93144337719345,-2.8065323917791245,0.21770947257747136,-0.8619019786958284,122.09655928611755
1780959570.9508643,4.9314812527431915,-2.80647687491652,0.21774333145038546,-0.8598999687265065,122.13814377784729
1780959570.9867177,4.931533211803822,-2.806432381028214,0.2177403690445257,-0.8578660713135715,122.17399716377258
1780959571.0282958,4.931492212629164,-2.806307040410504,0.2176934415632689,-0.8560235055307492,122.21557521820068
1780959571.0680609,4.93158774912906,-2.8063045631851526,0.21779650647193602,-0.8539012576398006,122.2553403377533
1780959571.10272,4.931624181329396,-2.806245155237968,0.21772148795312288,-0.8519003547254256,122.28999948501587
1780959571.1424606,4.931649244194441,-2.8061784593013672,0.2177439779773059,-0.8499268551216117,122.32974004745483
1780959571.1738229,4.931678399836137,-2.8061144691438535,0.21774216103162727,-0.8479399960824399,122.36110234260559
1780959571.2142036,4.931696868152001,-2.8060408950318525,0.2177216027155081,-0.845979827412362,122.40148305892944
1780959571.2523637,4.9317093163014905,-2.8059623076608835,0.217722399126637,-0.8440285082997518,122.43964314460754
1780959571.2836847,4.931791618163714,-2.805946466880548,0.21772400726301683,-0.8419359266982109,122.47096419334412
1780959571.3224573,4.931767489336172,-2.805836736172974,0.2177774071625597,-0.8400589814253605,122.50973677635193
1780959571.366449,4.931803091990305,-2.8057790217121203,0.21780089955555307,-0.8380647040836884,122.55372858047485
1780959571.395769,4.931881136062922,-2.8057561126003385,0.21767195680953866,-0.8359816964485542,122.58304834365845
1780959571.4368587,4.931850681294603,-2.8056381998901037,0.21765630324837304,-0.8341229608160088,122.62413811683655
1780959571.4693449,4.9319206060772425,-2.805613976899645,0.2177628078875463,-0.8320557623509064,122.65662431716919
1780959571.5159605,4.931968602701727,-2.8055662845926563,0.21771795745096348,-0.8300317896025375,122.70323991775513
1780959571.5535312,4.931970001388479,-2.805477172807726,0.2177369684249438,-0.8281095446651232,122.74081063270569
1780959571.5841184,4.932002669489241,-2.8054178868863033,0.21776840914651152,-0.8261181854851811,122.77139782905579
1780959571.622596,4.932043898269998,-2.8053640168336726,0.21774416086338133,-0.8241126659851323,122.80987548828125
1780959571.6575003,4.932064415384614,-2.805292888731945,0.21779269069715054,-0.8221496768051191,122.84477972984314
1780959571.6980433,4.93209375629053,-2.8052288310972004,0.21776569275164143,-0.820166375102827,122.88532280921936
1780959571.74113,4.932108983059718,-2.8051496316011764,0.21770733033368736,-0.8182196957499914,122.92840957641602
1780959571.773395,4.932193815105634,-2.8051363187158236,0.21765932780750274,-0.8161227895541945,122.96067452430725
1780959571.8140006,4.932168081991521,-2.8050218906721858,0.21769704142802723,-0.8142565605743126,123.0012800693512
1780959571.848514,4.932237421568821,-2.8049981046395067,0.21779976880238608,-0.8121907414057454,123.03579354286194
1780959571.8918664,4.932260898216423,-2.804928435943415,0.21781688250309128,-0.8102219344969703,123.07914590835571
1780959571.9303472,4.932288214908773,-2.8048590000035265,0.21770280730239805,-0.8082505552607011,123.1176266670227
1780959571.9638166,4.93235456346045,-2.8048286951861088,0.21763468436841008,-0.8061949301308688,123.15109610557556
1780959572.003261,4.932330629318593,-2.804715062236617,0.21768790742771768,-0.8043252788930859,123.19054055213928
1780959572.0372803,4.932340413883639,-2.8046298862059573,0.21763484659764465,-0.8023928736027579,123.22455978393555
1780959572.0800295,4.932450670460892,-2.8046485699271644,0.21779396182905827,-0.8002349523823367,123.2673089504242
1780959572.1205373,4.932410361612412,-2.804514607249476,0.2177533251374395,-0.7984088370463693,123.30781674385071
1780959572.1538537,4.9325486756006125,-2.8045559633080304,0.21773977523146165,-0.7961982325520887,123.34113311767578
1780959572.1947913,4.932505812759128,-2.804420119806195,0.2177562414437991,-0.7943753343507258,123.38207077980042
1780959572.2302725,4.93257046539371,-2.8043849796211844,0.2175539401597559,-0.792330762266181,123.41755199432373
1780959572.2742956,4.932623392541842,-2.8043518275005397,0.21786063222050503,-0.7902916025245301,123.46157503128052
1780959572.3149953,4.93253609233431,-2.804163549492704,0.21760594464260627,-0.7885769218824059,123.50227475166321
1780959572.3469079,4.932622581961094,-2.804154224960632,0.21758605236368994,-0.7864806876505992,123.53418731689453
1780959572.3857005,4.932749961674545,-2.8041882544362564,0.21759301087901906,-0.7842902723957246,123.57297992706299
1780959572.41956,4.9327859322587555,-2.8041319485398266,0.2177236902833726,-0.782298634870084,123.60683941841125
1780959572.461368,4.932705334086388,-2.803950408117072,0.2175200129342219,-0.7805692649218088,123.64864754676819
1780959572.5041838,4.932719558658554,-2.8038687169621914,0.21751008022477172,-0.7786317086898205,123.6914632320404
1780959572.5390358,4.932878090704669,-2.8039408115531788,0.21773882403960992,-0.7763682777303744,123.72631525993347
1780959572.585064,4.9329584672660785,-2.803922521531919,0.2176088625343731,-0.7742867141736958,123.7723433971405
1780959572.6294622,4.932875856132656,-2.803746931709652,0.21778857536546642,-0.7725544330388687,123.8167417049408
1780959572.6606379,4.932918832140614,-2.8036881316537587,0.21760460104599152,-0.7705619461868203,123.84791731834412
1780959572.7024925,4.933001311829928,-2.803675914845757,0.21756602373294448,-0.7684738353578582,123.88977193832397
1780959572.7363918,4.933052105881141,-2.803637152700378,0.21780421259443608,-0.766448157613274,123.92367124557495
1780959572.7791202,4.932990311611018,-2.803468281318855,0.21755565555694562,-0.7646870626742439,123.96639966964722
1780959572.8249614,4.933048459899151,-2.803430977110454,0.21755023943516436,-0.762656304727618,124.01224088668823
1780959572.8581352,4.933170824861601,-2.803469750767262,0.2178376717180594,-0.7604682317592704,124.045414686203
1780959572.8984709,4.933125831387339,-2.803314846435087,0.21756638311758683,-0.7586738360611851,124.0857503414154
1780959572.9322355,4.933184707420843,-2.803285167241261,0.21776931320812112,-0.756635403026614,124.11951494216919
1780959572.9768083,4.9333444481289215,-2.8033473785176803,0.2174953098232465,-0.7543819885318674,124.16408777236938
1780959573.016556,4.9333278537366025,-2.803232846975424,0.21758521062867311,-0.7525136544199991,124.20383548736572
1780959573.0516617,4.933234831656636,-2.8030392470647003,0.2177706670812014,-0.7508181443891662,124.23894119262695
1780959573.0914545,4.933349133198596,-2.803051363070272,0.2174523933468556,-0.7486730589891701,124.27873396873474
1780959573.1267667,4.9334230624773285,-2.803043001589731,0.217834004185317,-0.7465908889048278,124.31404614448547
1780959573.1637535,4.933388928738002,-2.8028929494778505,0.21746612725267464,-0.7447820682149655,124.35103297233582
1780959573.2045674,4.933430310565206,-2.802848912949315,0.21784556892981594,-0.7427783269963846,124.3918468952179
1780959573.2355723,4.933606456181058,-2.8029307446745912,0.2175796187678426,-0.740489825160799,124.42285180091858
1780959573.2725215,4.933589735964606,-2.802808579296921,0.21749917176153716,-0.7386307407621593,124.45980095863342
1780959573.3064127,4.933519095395485,-2.802635767180433,0.21770189613508031,-0.7368887301317617,124.49369215965271
1780959573.3471572,4.933549766966721,-2.8025603949820272,0.21753966440594183,-0.7349297279007798,124.53443670272827
1780959573.391902,4.93367504397169,-2.80260101795222,0.21765305641730806,-0.7327428447607827,124.579181432724
1780959573.4249191,4.933797528345995,-2.8026298766366136,0.21752016884460765,-0.7305690489316343,124.6121985912323
1780959573.4624872,4.933749557760401,-2.8024794177548347,0.21775730988723951,-0.7287762207558965,124.64976668357849
1780959573.4969018,4.933698099822711,-2.8023099979774932,0.21749767180159782,-0.7270123115943021,124.6841812133789
1780959573.5370555,4.933788996807913,-2.8023123211520784,0.21764729848346778,-0.724906300306384,124.72433495521545
1780959573.577756,4.933898404956804,-2.802334442416948,0.21774529386809108,-0.7227520754537435,124.76503539085388
1780959573.610334,4.933796330600062,-2.8021102233839366,0.21767392764200327,-0.7211013675659665,124.79761338233948
1780959573.6491265,4.933908388894177,-2.8021279155342005,0.21752779753758247,-0.7189573522659978,124.83640599250793
1780959573.6825955,4.934006682281945,-2.8021454076561425,0.21788643991152146,-0.7168211300803362,124.86987495422363
1780959573.7303054,4.9339081333434445,-2.8019163064438186,0.2175864866394266,-0.7151730016914715,124.91758489608765
1780959573.7765582,4.933949712275403,-2.8018551895599857,0.21753916819765234,-0.7131900893015244,124.96383762359619
1780959573.8139737,4.934136737110535,-2.801973194403304,0.21780118760074244,-0.7108531785842098,125.00125312805176
1780959573.8587327,4.934135848773931,-2.801857266161905,0.2175553168553338,-0.7089727366814231,125.04601216316223
1780959573.9079916,4.934113203296794,-2.8017304840892914,0.21780617279755182,-0.7071337900659751,125.09527111053467
1780959573.9410553,4.93431140761987,-2.80184767910377,0.21757067093174912,-0.7047859727039816,125.1283347606659
1780959573.9826643,4.934361223672048,-2.801797267489048,0.21755543930948784,-0.702781606951727,125.16994380950928
1780959574.0184417,4.934253482139795,-2.801570265261779,0.21786605920955582,-0.7011419658421767,125.20572113990784
1780959574.064971,4.9343203817538095,-2.8015300089273283,0.21751703200406936,-0.6991134625486035,125.25225043296814
1780959574.1048212,4.934457689124269,-2.801590908139088,0.21776261696331128,-0.6968913999233597,125.29210066795349
1780959574.1370504,4.934355540745404,-2.801354986986126,0.21764088933695178,-0.6952546251603464,125.32432985305786
1780959574.1770864,4.934337617873217,-2.801216768869677,0.21746148564204743,-0.6934247724290303,125.36436581611633
1780959574.2096417,4.9344732919702246,-2.801275746495265,0.21766636976862666,-0.6912111596492023,125.39692115783691
1780959574.2550783,4.934602244019218,-2.8013253032088827,0.2178130253585812,-0.6890087460279792,125.4423577785492
1780959574.293661,4.934512448968918,-2.8010980654673854,0.2176439283414719,-0.6873529974882242,125.48094058036804
1780959574.3309002,4.934599358383424,-2.8010888061350516,0.21755858073407167,-0.6852686683924465,125.51817965507507
1780959574.37055,4.934724693113525,-2.801133527359455,0.21762987781701432,-0.6830793773079433,125.5578293800354
1780959574.4056854,4.934777922449399,-2.8010853126877673,0.21765594902364746,-0.6810730528092592,125.59296488761902
1780959574.4519486,4.934727259200727,-2.800908365425551,0.21758006685640555,-0.6793186314361175,125.63922810554504
1780959574.4958096,4.934739353403654,-2.800809385382387,0.21757030005598724,-0.677414841713293,125.68308901786804
1780959574.5348134,4.934883533508289,-2.800883571004475,0.21783849239044384,-0.6751736861600208,125.72209286689758
1780959574.5803835,4.934933989044636,-2.8008215229364666,0.21752120280555357,-0.6731842448498853,125.76766300201416
1780959574.6182933,4.934925751352521,-2.8007018713722465,0.2176476960816239,-0.67132194257958,125.8055727481842
1780959574.657625,4.934929916151241,-2.8005934210122736,0.2177220340382972,-0.6694357811086515,125.84490442276001
1780959574.69612,4.935094462616655,-2.8006861774410345,0.21769286123291942,-0.6671532558337954,125.88339948654175
1780959574.733852,4.935110000785253,-2.8005886955857178,0.21766805235147954,-0.6652413050641366,125.92113137245178
1780959574.7770875,4.9350819357474816,-2.8004353755953577,0.21759299417601147,-0.6634387071002976,125.9643669128418
1780959574.8097622,4.935156007677692,-2.800416230852483,0.21766738506480462,-0.6613799889473566,125.99704170227051
1780959574.8517082,4.935211244228192,-2.8003745261426265,0.21776733565059522,-0.6593592874677614,126.03898763656616
1780959574.8915122,4.93520036936897,-2.8002379754294724,0.2176150081032779,-0.65752345459628,126.07879161834717
1780959574.9275362,4.93532379905826,-2.8002872859850334,0.21780800592321417,-0.6553338519553313,126.1148157119751
1780959574.9718966,4.935352586335886,-2.8002019806657836,0.2176609257580353,-0.6533936829819065,126.15917611122131
1780959575.0060766,4.935391380839762,-2.8001330020326187,0.21757478137216274,-0.6514278581063282,126.19335603713989
1780959575.051593,4.9354464640148965,-2.8000977742860518,0.21788133926492342,-0.6494041497561236,126.23887252807617
1780959575.0944142,4.935485989905186,-2.8000217798347373,0.21760788322395833,-0.6474447578829841,126.28169369697571
1780959575.1282725,4.935536533145907,-2.799972135091373,0.21763654520244524,-0.6454437735223961,126.31555199623108
1780959575.169936,4.935584455417243,-2.7999219040113057,0.21775309171957655,-0.6434443074404887,126.3572154045105
1780959575.216957,4.935606767169478,-2.799833967744049,0.21783643501113573,-0.6415169940029113,126.40423655509949
1780959575.2517292,4.935699396310173,-2.7998341760133605,0.21768784434757124,-0.6394159677911153,126.43900871276855
1780959575.2886515,4.935676629752649,-2.799685009193131,0.21768095895770356,-0.6376024033459209,126.47593092918396
1780959575.3257606,4.935723996878925,-2.79962733737476,0.21764561143036307,-0.6356153303902259,126.51304006576538
1780959575.3709497,4.935841817395822,-2.7996690736721135,0.21766683024284536,-0.6334387741733085,126.55822920799255
1780959575.4161656,4.935842103211087,-2.799553154248935,0.2177843168736155,-0.6315639640179418,126.60344505310059
1780959575.4532628,4.93587134247895,-2.7994694342500486,0.21770387950410378,-0.6296271053025353,126.64054226875305
1780959575.4995887,4.935962831385187,-2.799474507360724,0.21769594978051737,-0.62752023857318,126.68686819076538
1780959575.5409992,4.93597804968942,-2.7993747241737026,0.21770343981848736,-0.6256134081751723,126.72827863693237
1780959575.5868323,4.936056526701353,-2.799364240578852,0.21774633012499459,-0.6235390364933933,126.7741117477417
1780959575.6305227,4.93608135560657,-2.799276516962583,0.21772936995279754,-0.6216092133768316,126.81780219078064
1780959575.66716,4.936152503833511,-2.7992547534693606,0.21775292473477634,-0.6195564898549266,126.85443949699402
1780959575.7083228,4.936164185709481,-2.799149056445043,0.21771593496856995,-0.6176609395883905,126.89560222625732
1780959575.7451634,4.936236644048776,-2.7991295272491787,0.21772246566964754,-0.6156021730354992,126.93244290351868
1780959575.7901223,4.936272195534355,-2.799058190559013,0.217738853445316,-0.6136433144515001,126.97740173339844
1780959575.8330135,4.936316976194949,-2.7989987421002227,0.21772266969919463,-0.6116591147429715,127.02029299736023
1780959575.8750782,4.936367762591515,-2.7989491815116945,0.21776359103238704,-0.6096608526651357,127.06235766410828
1780959575.9213872,4.936420565466593,-2.7989013096037683,0.21774480229370524,-0.6076553498177066,127.10866665840149
1780959575.9571185,4.936443410426999,-2.7988095119452043,0.21769488491068822,-0.6057328760327207,127.14439797401428
1780959576.004287,4.936542734907167,-2.7988306367091007,0.21770337861726474,-0.6036029419047519,127.19156646728516
1780959576.047209,4.936551081685106,-2.7987225786567396,0.21778603889600212,-0.6017104391082411,127.23448848724365
1780959576.082824,4.936573778097164,-2.798629439428313,0.21771823530445356,-0.5997938158247353,127.27010345458984
1780959576.1232834,4.936667465071109,-2.79864217407446,0.21768949454007722,-0.5976769105970736,127.3105628490448
1780959576.1585064,4.936690680625332,-2.7985533771680777,0.2177191111758669,-0.595751400669922,127.34578585624695
1780959576.2029088,4.9367550360866455,-2.798525718708201,0.21776554481821317,-0.5937140609236877,127.39018821716309
1780959576.2500074,4.936800624536878,-2.798466917898315,0.21774062506568367,-0.5917294864514573,127.43728685379028
1780959576.285349,4.936835845290836,-2.7983926435917033,0.21768440589341673,-0.5897766896737457,127.47262835502625
1780959576.3282385,4.936901590838366,-2.798363969982804,0.2176122755209061,-0.5877386672684843,127.51551795005798
1780959576.35888,4.936935457242343,-2.798295427565498,0.2177526537696009,-0.585777779346734,127.54615950584412
1780959576.3968267,4.936976770930764,-2.7982306391600287,0.21772778016786273,-0.5838091871906097,127.58410620689392
1780959576.432836,4.937009801483495,-2.7981554942874447,0.21773776123158167,-0.5818555764796054,127.62011551856995
1780959576.4674218,4.937040181774599,-2.798072614931986,0.2176801141260369,-0.5799190639170364,127.65470123291016
1780959576.5066607,4.937144117314819,-2.798112178085205,0.21784668541680685,-0.5777612067568598,127.69394016265869
1780959576.5488424,4.937134160992442,-2.7979619690954167,0.21762816586235065,-0.5759443844315499,127.73612189292908
1780959576.5847147,4.937237961784339,-2.7979997712438536,0.21776666156552427,-0.5737926898080379,127.77199411392212
1780959576.629212,4.9372505318984965,-2.797890455003942,0.21771156516098966,-0.5719005389051799,127.81649136543274
1780959576.6698456,4.937308845747658,-2.797850432357866,0.21762327956362867,-0.569888578760994,127.85712504386902
1780959576.7155542,4.937378684981631,-2.7978357000692253,0.21769947696156064,-0.5678292961717983,127.90283370018005
1780959576.7600162,4.937393339936628,-2.797734943480565,0.21783731482879878,-0.5659314916582541,127.94729566574097
1780959576.789017,4.937502781888325,-2.7977721258825663,0.217639783576127,-0.5637743225399441,127.97629642486572
1780959576.8273818,4.937497441352666,-2.797641755236759,0.21782513889094937,-0.5619283144562988,128.01466131210327
1780959576.8625996,4.937569921703023,-2.7976252714798107,0.21776212827440125,-0.5598748992339502,128.04987907409668
1780959576.905073,4.9375768754187925,-2.7975065621782784,0.2177277499964549,-0.5580039957739746,128.0923523902893
1780959576.9440424,4.937669177806444,-2.7975279148981373,0.21780667516297875,-0.5558845668279191,128.13132190704346
1780959576.9779127,4.9376787330796095,-2.7974114870047515,0.21775840861924953,-0.5540086126022068,128.16519212722778
1780959577.0199735,4.937773969635249,-2.7974364129334535,0.2177683952997694,-0.5518819241209214,128.20725297927856
1780959577.0517943,4.937787283110849,-2.797329007595762,0.21779435904864206,-0.5499942839787888,128.23907375335693
1780959577.0919418,4.937846230284482,-2.7972925380948586,0.21775276736178298,-0.5479748151081414,128.27922129631042
1780959577.1306312,4.93790701582793,-2.797261833073574,0.21777956036042065,-0.5459505507359066,128.31791067123413
1780959577.166626,4.937924553957235,-2.797157584360572,0.21771841502697464,-0.5440550503174348,128.35390543937683
1780959577.2098112,4.938000658478284,-2.797153997341922,0.2177606274559757,-0.5419802237957896,128.39709067344666
1780959577.2458577,4.938048617927694,-2.797100474410723,0.21774098930340904,-0.5399965634636565,128.43313717842102
1780959577.2894673,4.938070852910749,-2.7970046761751837,0.2177205850729602,-0.5380859786162984,128.47674679756165
1780959577.3302193,4.938152554823627,-2.797011718899002,0.21777008543866194,-0.5359954657245019,128.51749873161316
1780959577.3671672,4.9381797556400535,-2.7969248089455765,0.217767218828253,-0.5340702295794895,128.5544466972351
1780959577.4107556,4.93824540593451,-2.796902269421088,0.21777309552953492,-0.5320333130157331,128.5980350971222
1780959577.4443655,4.9382823868190435,-2.796833815573893,0.21781373689866562,-0.5300746892537416,128.63164496421814
1780959577.4862258,4.938337286569521,-2.7967916169887044,0.21777417932694926,-0.5280724804902386,128.6735053062439
1780959577.5293727,4.938373420012859,-2.796719565272833,0.21776058031270276,-0.5261219655657419,128.71665215492249
1780959577.5663958,4.938437659372009,-2.796692724390647,0.2176858314932277,-0.5240894849246063,128.75367522239685
1780959577.6026955,4.938485705722567,-2.7966408813081953,0.21766739763983362,-0.5221048859132518,128.78997492790222
1780959577.6313813,4.938538276478411,-2.7966019565001567,0.2177624873957168,-0.5200975989805139,128.81866073608398
1780959577.6731975,4.938548581057922,-2.7964835764633293,0.21777889526101812,-0.5182306629080058,128.8604769706726
1780959577.7130415,4.938674044166374,-2.7965641655836375,0.21765176323931457,-0.5160114613603564,128.9003210067749
1780959577.7576373,4.938714041063376,-2.7964992824528143,0.21767438199631925,-0.5140486375797044,128.9449167251587
1780959577.797959,4.938705520932959,-2.7963490155048163,0.21767851709830993,-0.5122413001149537,128.9852385520935
1780959577.8400981,4.9387875539242865,-2.796364637642179,0.21785473933802973,-0.5101413430026653,129.02737760543823
1780959577.8717918,4.938831521603009,-2.796296928992769,0.21765937024327367,-0.5081809595809128,129.05907130241394
1780959577.9125588,4.938880123907564,-2.7962452867177983,0.21760734041438792,-0.5061975404251258,129.09983825683594
1780959577.94694,4.938923963112142,-2.796193301949178,0.21774774035973385,-0.5042171012027481,129.13421940803528
1780959577.988231,4.938958298943458,-2.796115105871641,0.21776439495428637,-0.5022800569778276,129.17551040649414
1780959578.0293875,4.939052706092111,-2.7961409162471984,0.21756559300062406,-0.5001596449061019,129.2166669368744
1780959578.0641854,4.939084254816845,-2.796068874470929,0.21778125581373278,-0.49821291705477044,129.25146484375
1780959578.1043763,4.9390536873540825,-2.79586082732622,0.2175260421863045,-0.4965005308831598,129.2916557788849
1780959578.1390405,4.939138152967427,-2.7958803888358394,0.21761219570149065,-0.494398481885606,129.32631993293762
1780959578.1760857,4.939265955124571,-2.7959819750190693,0.21771201590963435,-0.49214935373025703,129.36336517333984
1780959578.2164462,4.939281774416653,-2.795864730975186,0.21763408548316976,-0.49028002626704836,129.40372562408447
1780959578.2503746,4.939312479846969,-2.7957785879114807,0.2175611624252901,-0.488359604263525,129.4376540184021
1780959578.2925005,4.939374151729698,-2.7957625864243925,0.2178483887245526,-0.48632082344006644,129.47977995872498
1780959578.3269515,4.9394407537471485,-2.795732377363346,0.21752794076438478,-0.4842975794633797,129.514230966568
1780959578.3662798,4.939475355416911,-2.7956663277655913,0.21776552399725368,-0.48234607752644987,129.5535593032837
1780959578.407038,4.939505357703113,-2.795574883156958,0.2177303270753311,-0.480433346644908,129.59431743621826
1780959578.4431973,4.9396148079430136,-2.7956353328636525,0.2175949477970135,-0.4782590186621838,129.63047671318054
1780959578.4877844,4.939655189745351,-2.7955679599894503,0.21759798556399862,-0.47630398279749153,129.67506384849548
1780959578.5188155,4.939656686390952,-2.795429072068297,0.2176658687794194,-0.474478713323391,129.70609498023987
1780959578.5631397,4.939720799833446,-2.795409025798266,0.21777059984548974,-0.47244480210085404,129.75041913986206
1780959578.6031032,4.939807773536875,-2.7954229124402774,0.21752409580426377,-0.4703496632385842,129.79038262367249
1780959578.636564,4.939849854647035,-2.795372798608833,0.21785890036235067,-0.4683713031499064,129.8238434791565
1780959578.6740754,4.939824984146771,-2.795162145986893,0.2175873312841377,-0.4666615013303308,129.86135482788086
1780959578.7040808,4.939910968109456,-2.7951814779551167,0.2175326473184037,-0.4645623660794507,129.89136028289795
1780959578.7439563,4.94001966708315,-2.7952567115707803,0.2176646470901681,-0.4623672325989987,129.93123579025269
1780959578.7834916,4.940070644265473,-2.7952103513299007,0.2177451272468157,-0.4603804473911035,129.97077107429504
1780959578.8177211,4.940047615516318,-2.7950051077618694,0.2175710517692472,-0.4586626719021689,130.00500059127808
1780959578.860786,4.940101867140734,-2.794965137177463,0.21762178119597445,-0.45666814047157134,130.04806542396545
1780959578.8929403,4.940225655180937,-2.7950736007675947,0.21779554360190756,-0.45441849340114127,130.080219745636
1780959578.9328585,4.940245243617125,-2.794954686245062,0.2177136138557177,-0.4525535074970177,130.12013792991638
1780959578.9716518,4.940294652600535,-2.7948962376961735,0.21755702109698116,-0.4505876747156461,130.15893125534058
1780959579.0068078,4.940362031728571,-2.794894600075384,0.21783414833300277,-0.4485300184776926,130.194087266922
1780959579.0499785,4.940417054473998,-2.7948420611067237,0.2176280151830924,-0.44655078426899575,130.2372579574585
1780959579.0911381,4.9404566865827775,-2.794768814849921,0.2176013742441541,-0.44461086797285576,130.27841758728027
1780959579.1240253,4.940509553667041,-2.7947320381299368,0.21777447191512916,-0.44261308451480863,130.31130480766296
1780959579.1643486,4.940593919042529,-2.7947495579802424,0.21773099610553961,-0.44051689140842054,130.35162806510925
1780959579.1981146,4.9406037470150945,-2.7946138792958006,0.217761545200443,-0.4386860917040276,130.3853940963745
1780959579.2429762,4.9406950977234745,-2.7946468556127986,0.2176944217823502,-0.43656379979240123,130.430255651474
1780959579.2833438,4.940711637708853,-2.794526859958178,0.21778276422488327,-0.43470696197014824,130.470623254776
1780959579.315124,4.940799683684234,-2.7945559446331503,0.2178013418295509,-0.43259421502495554,130.50240349769592
1780959579.3546858,4.940792499515881,-2.7943716842176847,0.2176335475628187,-0.4308405007792322,130.54196524620056
1780959579.3899918,4.940860296278277,-2.794358395946449,0.21765956954806312,-0.4288032846002867,130.57727122306824
1780959579.430408,4.940963041499611,-2.794430568570366,0.2178576002310578,-0.42661928596038745,130.61768746376038
1780959579.4710522,4.94094809458817,-2.794222445384525,0.2176321771268868,-0.42490542311222557,130.65833163261414
1780959579.5062752,4.941021089991154,-2.7942218367047755,0.21769101707393324,-0.42284774685957727,130.69355463981628
1780959579.5475397,4.941129838303462,-2.794303462217242,0.21777257897773555,-0.42064763265141636,130.73481917381287
1780959579.578983,4.941119668136254,-2.794110743071035,0.21772033332208127,-0.41891057331260084,130.76626253128052
1780959579.6233475,4.941233336908781,-2.7941960519170257,0.2176605541864356,-0.41670843794915946,130.81062698364258
1780959579.6613686,4.941267075055441,-2.7941039678997686,0.21763164475180918,-0.4147987602887695,130.84864807128906
1780959579.6990073,4.9412977984429896,-2.7940057030179086,0.217633827160822,-0.4129083574131438,130.88628673553467
1780959579.7387874,4.941403225041639,-2.794085188193213,0.2178196158379079,-0.41071535906769663,130.92606687545776
1780959579.7689557,4.941393370891681,-2.7938813257293282,0.2176163285676663,-0.4089937676917206,130.95623517036438
1780959579.8121486,4.941453806509356,-2.7938491258836438,0.21761991871462813,-0.40699123245304136,130.99942803382874
1780959579.8529553,4.941563164386006,-2.7939389503133225,0.21776373904102503,-0.40478246015791575,131.04023480415344
1780959579.8879683,4.941577244998442,-2.793795745853911,0.21775335425097309,-0.4029623490260832,131.0752477645874
1780959579.9302104,4.941673266689758,-2.7938380044442845,0.21755230700618952,-0.4008337696842257,131.1174898147583
1780959579.9616017,4.941743623715535,-2.7938351082843424,0.21765365942674314,-0.3987790814438137,131.1488811969757
1780959580.0037117,4.941738692917525,-2.7936556690769967,0.21783623657813078,-0.39702545876335726,131.19099116325378
1780959580.0431647,4.941868643460285,-2.7937755461816742,0.21757442554644374,-0.39476654786579335,131.23044419288635
1780959580.0771382,4.941925376031713,-2.7937330755513807,0.21755825747226293,-0.3927782198502743,131.26441764831543
1780959580.1190972,4.941906225989463,-2.7935207971688167,0.21779697241779597,-0.39107820081685984,131.30637669563293
1780959580.1538336,4.941998610823158,-2.793553055781914,0.21759728300965162,-0.38896709601970736,131.34111309051514
1780959580.197957,4.9420437213015465,-2.7934868743238885,0.21765852417827458,-0.3870187674494159,131.38523650169373
1780959580.2434392,4.942062853221555,-2.7933523420776227,0.2176974768982891,-0.3851880771656955,131.43071866035461
1780959580.2793057,4.94218524754499,-2.7934750585863926,0.21777846544929294,-0.3829291488656472,131.46658515930176
1780959580.3277607,4.942190484035158,-2.793298299886898,0.2176821954814039,-0.381162140530829,131.51504015922546
1780959580.369947,4.942249461573254,-2.793254394727631,0.21759359665355277,-0.3791799471741233,131.55722641944885
1780959580.4025857,4.942358826015865,-2.793344380666507,0.21759257350871555,-0.3769768638191313,131.58986520767212
1780959580.4421537,4.9424237999585685,-2.7933198461216526,0.2175673905879074,-0.3749596808556874,131.62943315505981
1780959580.4755058,4.942423894332763,-2.793143005408661,0.21777472391371525,-0.3732007755276099,131.66278529167175
1780959580.5214593,4.94250612062671,-2.7931541265247697,0.21764759614538218,-0.3711267344820919,131.70873880386353
1780959580.5633373,4.942566742828042,-2.793115062695711,0.21754329270582795,-0.36913442807704877,131.75061678886414
1780959580.6022055,4.94260975212188,-2.793052458966358,0.21788315420092014,-0.3671873715603984,131.78948497772217
1780959580.6490638,4.942688531824125,-2.793043400719184,0.21751456997444688,-0.3651435730174226,131.83634328842163
1780959580.685136,4.942739426553104,-2.7929968594232344,0.2177245647034748,-0.3631672679907507,131.87241554260254
1780959580.7290652,4.942768607231471,-2.7928744222532145,0.21771060615450688,-0.36131400753455,131.91634464263916
1780959580.772196,4.942886163116724,-2.7929857166245657,0.2176178151738586,-0.359078479829229,131.95947551727295
1780959580.8109303,4.94295430284293,-2.792966875203472,0.21755658489996071,-0.3570525710469177,131.99820971488953
1780959580.857874,4.94294815292921,-2.7927655795913533,0.2177910627966542,-0.3553320491165328,132.0451533794403
1780959580.8963568,4.943024383550693,-2.792762249497319,0.2176675190234518,-0.3532838083052159,132.0836362838745
1780959580.9392216,4.943096748477161,-2.7927527458648367,0.21755772418277808,-0.35124405240978307,132.12650108337402
1780959580.9824743,4.943142412169916,-2.7926927698062967,0.21785546829424304,-0.34929198871795686,132.16975378990173
1780959581.0209258,4.9432016078387635,-2.792633827488129,0.21757475483584915,-0.34733177815337246,132.2082052230835
1780959581.0681555,4.943266396099074,-2.792612472983605,0.21760432281146133,-0.3453149778150082,132.2554349899292
1780959581.103796,4.943343306024072,-2.792628396531613,0.217767572210345,-0.34323637303025656,132.29107546806335
1780959581.1493073,4.943361303492282,-2.792456775182494,0.21749294158037671,-0.3414593473622527,132.3365867137909
1780959581.189449,4.943400861175494,-2.792370364207032,0.2176631288413282,-0.3395519143448813,132.3767285346985
1780959581.2273443,4.943537879523086,-2.7925545040725823,0.2177523622041145,-0.3371994539032088,132.4146237373352
1780959581.272834,4.943560230031091,-2.792395483992584,0.21755050402209428,-0.3354007322345862,132.46011352539062
1780959581.3068347,4.943585057456724,-2.7922677972767356,0.21776552220795736,-0.33356248517424136,132.49411416053772
1780959581.3534691,4.943723115949895,-2.792447785803746,0.21768183234879018,-0.3312168489084013,132.5407485961914
1780959581.3990393,4.943762655936094,-2.7923389780561485,0.21754508154741983,-0.3293388081985893,132.58631873130798
1780959581.4353132,4.9437802819844965,-2.792181725703049,0.21762711260998138,-0.3275455431330965,132.6225926876068
1780959581.4783425,4.943839160435337,-2.792135543903411,0.21766382642227644,-0.32556810464969654,132.6656219959259
1780959581.514765,4.943948886558527,-2.792237552294588,0.21755090659727427,-0.32335256675550994,132.7020444869995
1780959581.56003,4.944028115738101,-2.792254930929039,0.21755482650232202,-0.32127108976370744,132.74730944633484
1780959581.6045406,4.944027601694708,-2.7920498801186917,0.21786947310797433,-0.3195556941062345,132.7918200492859
1780959581.6413748,4.94409290868511,-2.791996738393141,0.2174412097578692,-0.31758915209984595,132.8286542892456
1780959581.6792865,4.944167456454942,-2.7920291915586364,0.21791424164736525,-0.31549076231859186,132.86656594276428
1780959581.7203956,4.944239975506322,-2.7919964105858712,0.21748287741428476,-0.31348819225442703,132.9076750278473
1780959581.7522783,4.94428265374877,-2.7919244060631367,0.21781648042097002,-0.311557413968524,132.93955779075623
1780959581.7943468,4.944339616662288,-2.7918473961259327,0.21748999583512954,-0.30962778955539605,132.98162627220154
1780959581.8282733,4.944410465300924,-2.7918568114006166,0.2177191486784854,-0.30756640649198363,133.01555275917053
1780959581.8667307,4.944503610253432,-2.791910946983458,0.21765985636408347,-0.30542790871849546,133.05401015281677
1780959581.9093797,4.944508922766502,-2.7916988707829873,0.21770997621528781,-0.3037176961095973,133.0966591835022
1780959581.9420457,4.944556757981256,-2.7916022229020983,0.21753385791806784,-0.30182293171268704,133.12932515144348
1780959581.9814212,4.944669423406723,-2.791741946096514,0.21774201007138877,-0.2995536087279227,133.16870069503784
1780959582.0174198,4.944726095637499,-2.7916822249590028,0.21763815603028897,-0.29759455908219845,133.2046992778778
1780959582.0589669,4.944735783365086,-2.7914716703148654,0.2176327341356595,-0.2958862236232056,133.24624633789062
1780959582.0994892,4.944835484319794,-2.7915577090568333,0.21767493815937655,-0.29370026063792,133.28676867485046
1780959582.1308756,4.9449267600420725,-2.791607654924832,0.21750408229894247,-0.291569391575786,133.3181550502777
1780959582.1741421,4.944984617763929,-2.79156958763149,0.21774277278749685,-0.2895840073440743,133.361421585083
1780959582.2110631,4.94501097979957,-2.7913955686491163,0.21749244247514074,-0.28781206082658883,133.39834260940552
1780959582.2593713,4.945056253484815,-2.7913115924349827,0.21766153082924503,-0.28590242521277,133.4466507434845
1780959582.3027763,4.945179824306703,-2.7914922080842186,0.2178099490137056,-0.28356622220078487,133.49005579948425
1780959582.3376212,4.945205807257116,-2.7913151241509047,0.21761418872267285,-0.28179661622524277,133.52490067481995
1780959582.3815255,4.945249637833161,-2.791203351349862,0.21748312276921655,-0.2799304448815283,133.56880497932434
1780959582.4160411,4.945339667638809,-2.7912891334366066,0.21788112016787622,-0.2777506478675824,133.6033205986023
1780959582.4654703,4.945441060798867,-2.791355625957181,0.21743720660861013,-0.2755929980917138,133.6527497768402
1780959582.5093467,4.945481939687107,-2.7912597059490474,0.21766842986285342,-0.27369860657529577,133.69662618637085
1780959582.5483708,4.9455018249011635,-2.79107082223641,0.21769570529596055,-0.2719580109084414,133.73565030097961
1780959582.5959845,4.945604341783958,-2.791176564647171,0.21775478191989975,-0.2697442247073649,133.78326392173767
1780959582.6324987,4.9456606464687,-2.791102874093043,0.21754939231733306,-0.2678114765905546,133.81977820396423
1780959582.6784003,4.945687534404181,-2.790947285732146,0.21776097018973012,-0.26601634222936044,133.86567974090576
1780959582.726642,4.945812376176679,-2.7911311929818723,0.21765224123992877,-0.263680039562995,133.91392135620117
1780959582.7637348,4.945905331611685,-2.7911918010065606,0.2174815608200624,-0.2615362392509102,133.9510142803192
1780959582.8092,4.945925951646552,-2.7910113209033587,0.21768392077194948,-0.25977859517353075,133.996479511261
1780959582.8466616,4.945940137614079,-2.7907823966254393,0.21754671954393165,-0.2580988929604664,134.03394103050232
1780959582.8986042,4.946007076493385,-2.7907566212274135,0.21758030239975243,-0.25609383713869915,134.08588361740112
1780959582.9399273,4.946124964047565,-2.7909389410667904,0.21765609819061818,-0.25376283048568027,134.12720680236816
1780959582.9736738,4.946217583398632,-2.7910026470031672,0.2175135212426299,-0.2516158898678009,134.16095328330994
1780959583.0177999,4.946240228101218,-2.790824713530569,0.21774098296431407,-0.24985437978066294,134.2050793170929
1780959583.0668666,4.946268768576542,-2.7906321775000382,0.21749276981070537,-0.24811602734657034,134.25414609909058
1780959583.1026552,4.9463337642464245,-2.7906184138741614,0.21773428830066427,-0.24609737528968667,134.28993463516235
1780959583.1475368,4.946444329547284,-2.790762680126551,0.21763560646876315,-0.24382299452591827,134.33481621742249
1780959583.1845422,4.946493404874463,-2.790675563946553,0.21778136035938944,-0.24191807997556136,134.371821641922
1780959583.2307115,4.946529962792256,-2.790503662546736,0.21746316483038494,-0.2401444441211682,134.41799092292786
1780959583.2764883,4.946585682908241,-2.7904516860678217,0.21767682120410098,-0.23818742108313806,134.46376776695251
1780959583.3140175,4.946694801971097,-2.790615659093108,0.21783945925806164,-0.2358852178160613,134.5012969970703
1780959583.3565438,4.946722777669804,-2.790410834873711,0.21764330406028976,-0.23416160599114866,134.5438232421875
1780959583.3936217,4.946793203133369,-2.790391939704672,0.21751892372473042,-0.23215211183859275,134.58090114593506
1780959583.4388893,4.946878852354773,-2.790482392123453,0.217903303517919,-0.2299696586618043,134.62616872787476
1780959583.4849224,4.946937552668741,-2.7903846504280234,0.21748635732815433,-0.22807717867988453,134.67220187187195
1780959583.5206952,4.946986150176364,-2.7903181940632393,0.2178562201594841,-0.22614412215670976,134.7079746723175
1780959583.5649009,4.9470789261674435,-2.7903797663086762,0.21759549715795462,-0.22400458223669517,134.75218033790588
1780959583.6030602,4.947123240760077,-2.790271001436621,0.21770817283670812,-0.22213242436522984,134.79033970832825
1780959583.6449637,4.947168182526829,-2.7901334904446147,0.21754179897092119,-0.22030857734189357,134.83224320411682
1780959583.686101,4.947257392581434,-2.7902318795582253,0.2177779445276618,-0.2181172912962861,134.87338042259216
1780959583.7243328,4.947349226435319,-2.7902957317694836,0.21748993063015318,-0.21597124313786065,134.91161227226257
1780959583.7645059,4.947386482653193,-2.7901673025370193,0.21779646637544858,-0.21413175920087424,134.95178532600403
1780959583.7990954,4.9474259002989776,-2.7899942510377476,0.21756520915874328,-0.21236376132713186,134.9863748550415
1780959583.8442917,4.947507161690282,-2.7900552561778436,0.21775114931249834,-0.21023154142779177,135.03157114982605
1780959583.8879197,4.947603746520653,-2.7901566536948263,0.2175608781010415,-0.20803083950668677,135.07519912719727
1780959583.9266577,4.947649741511775,-2.7900470893864195,0.21768172709056047,-0.2061615562990804,135.1139371395111
1780959583.971231,4.9477014171317215,-2.789967649966327,0.2178287110551474,-0.20425255722194802,135.15851044654846
1780959584.0092094,4.947809540437215,-2.790115464356739,0.21752862018688524,-0.20197950788070296,135.1964888572693
1780959584.0554106,4.947861669411613,-2.790031411387738,0.21761726297184975,-0.20007149226426568,135.24269008636475
1780959584.098944,4.947885641420783,-2.789824793740594,0.21787593995262136,-0.19836006791268668,135.28622341156006
1780959584.135297,4.947988634886636,-2.7899602202773566,0.21767167071632623,-0.19611115315054883,135.32257652282715
1780959584.1793442,4.948043666226065,-2.7898698952265506,0.21755881965562504,-0.19421028764229353,135.36662364006042
1780959584.215236,4.948083235593344,-2.7897445137836985,0.21788243205437346,-0.1923731188458282,135.40251541137695
1780959584.261323,4.948187968734942,-2.789891657605297,0.2176511544816661,-0.1901057811055562,135.44860243797302
1780959584.3080664,4.948240816559054,-2.789791595925422,0.21757706441780741,-0.18822183877625198,135.49534583091736
1780959584.345972,4.948280050374215,-2.7896465043435565,0.2177406083420835,-0.18641449805206456,135.53325152397156
1780959584.3944876,4.94835954991667,-2.789676714464645,0.21763784664890862,-0.18432996009549996,135.58176708221436
1780959584.4437478,4.948429697376627,-2.7896712992672503,0.21756102056485668,-0.18230090186167747,135.6310272216797
1780959584.4839501,4.948488750961213,-2.789623203195831,0.21773561952086398,-0.1803402444208082,135.67122960090637
1780959584.5353808,4.948553498947258,-2.7895744919579033,0.21752742726405522,-0.17837896071108794,135.72266030311584
1780959584.5624962,4.948610351575904,-2.78953034383025,0.21784153957208777,-0.1764133023711545,135.74977564811707
1780959584.5955074,4.9486881125384645,-2.789536942452105,0.21747987333648927,-0.1743653141095165,135.7827868461609
1780959584.6255345,4.948749864002821,-2.789536039740142,0.21790681356194722,-0.17233209999310084,135.81281399726868
1780959584.647209,4.948810732886096,-2.789432479554167,0.2174277203397874,-0.17045479682020348,135.83448839187622
1780959584.6774619,4.948855893884648,-2.7893320044744687,0.2178117089388044,-0.1685784263821044,135.86474132537842
1780959584.7031028,4.948957883524869,-2.7894989820367866,0.21759002338454442,-0.1662844207153662,135.89038228988647
1780959584.7331264,4.949036218245765,-2.7895351277724534,0.2174397900728202,-0.16419065012425849,135.92040586471558
1780959584.7648833,4.949067718709881,-2.789347333465871,0.21776337510333568,-0.16244647806727475,135.95216274261475
1780959584.795148,4.949115659106537,-2.7891747413290195,0.2174291919869033,-0.16068297337962756,135.98242735862732
1780959584.8331177,4.949183112110472,-2.7891953168764636,0.2177265258666454,-0.1586184320120556,136.0203971862793
1780959584.8640897,4.949283258045326,-2.789368259775519,0.2175245332278397,-0.15631560750961082,136.05136919021606
1780959584.9062135,4.949354960417728,-2.789391950433611,0.2175755881056637,-0.15424422602337096,136.09349298477173
1780959584.942972,4.94938334836163,-2.789167898967571,0.21787800565926577,-0.1525597482112242,136.1302514076233
1780959584.9750998,4.949452584085919,-2.789113435913118,0.2174716891405068,-0.15061264169467048,136.16237926483154
1780959585.0175042,4.949518673502916,-2.7891572423036095,0.21794512780620115,-0.14851457914230615,136.2047836780548
1780959585.0498588,4.949598072428088,-2.789154685243926,0.21742135306911634,-0.14648321157107524,136.2371382713318
1780959585.0921004,4.949648814667529,-2.7891057381600266,0.2179441621096591,-0.14452885082245492,136.27937984466553
1780959585.1306481,4.949714284245767,-2.7890032197556756,0.21739060751739706,-0.14265309541948534,136.31792759895325
1780959585.1653523,4.949766561515712,-2.788969798881824,0.21796947411989037,-0.14067737752395848,136.35263180732727
1780959585.2089546,4.94986616184824,-2.78910467990324,0.21736105935160138,-0.1384350845105713,136.39623403549194
1780959585.2430556,4.949937874789921,-2.789181578768695,0.21770471119309015,-0.13628512004032345,136.43033504486084
1780959585.2846694,4.949963804196241,-2.7888620472427035,0.21765639348003327,-0.13474631328862596,136.4719488620758
1780959585.3235688,4.950018777710017,-2.788754566109142,0.21757996699416005,-0.13288744623772963,136.5108482837677
1780959585.3599384,4.950115340420857,-2.7889536941894733,0.217538556828236,-0.13054978255948768,136.54721784591675
1780959585.3988118,4.95017588840981,-2.7889605642049666,0.21792548390375496,-0.1285085980578411,136.58609127998352
1780959585.4329288,4.950217660312455,-2.7886856398402475,0.21754565290136052,-0.12690159449819838,136.62020826339722
1780959585.475996,4.950286571424738,-2.7886683660668563,0.2173972829435387,-0.12490263313439698,136.66327548027039
1780959585.5131626,4.950362584804854,-2.7888128416282707,0.2179023293602393,-0.12265416390033979,136.70044207572937
1780959585.5472572,4.950454871205032,-2.7889212365019187,0.21737316238893695,-0.12045647833932804,136.73453664779663
1780959585.5869322,4.950510855627639,-2.7888647339785004,0.21760525741022665,-0.11851478285988692,136.77421164512634
1780959585.6323667,4.950543444547537,-2.7886074861614616,0.21788107210961413,-0.1168886044163635,136.8196461200714
1780959585.665042,4.950635363367815,-2.7887663169472483,0.2176340108837097,-0.11461987731459633,136.85232138633728
1780959585.70846,4.9507131705917935,-2.7888138079032063,0.21740856995241867,-0.11251713676309594,136.8957395553589
1780959585.7402942,4.950756485946963,-2.7886614594369865,0.217782683076514,-0.11072528051597175,136.92757368087769
1780959585.7816794,4.950809430963382,-2.7884682907237632,0.21747093356241018,-0.10900015250790762,136.9689588546753
1780959585.8223839,4.950874197640602,-2.7884790356210876,0.2177305374943991,-0.10695974920110585,137.00966334342957
1780959585.8565195,4.950966266526771,-2.7886920150505325,0.21763215009239895,-0.10460532345921925,137.04379892349243
1780959585.8980153,4.951033751323462,-2.7886755212466787,0.21760329181225002,-0.10260606488418134,137.08529472351074
1780959585.929938,4.951070554962662,-2.7884056029292363,0.21776027671535167,-0.10099647654161847,137.11721754074097
1780959585.9707193,4.951142295324747,-2.7883752921163603,0.21744079617344933,-0.09902076344523891,137.1579988002777
1780959586.011178,4.9512118531270914,-2.788484688129313,0.21788256768887113,-0.09683138657577084,137.19845747947693
1780959586.0449023,4.95129977395702,-2.788598680101383,0.21745238796586355,-0.09463071015977453,137.23218178749084
1780959586.087634,4.951355493899628,-2.7884980845347394,0.2175609009022889,-0.09276052014009073,137.27491354942322
1780959586.1234689,4.951399550316428,-2.788293436052624,0.21778856903503147,-0.09105564490880136,137.31074833869934
1780959586.1661057,4.951477801804681,-2.7883460916076257,0.2175525025543369,-0.08895235281404545,137.35338521003723
1780959586.2069435,4.951544914199097,-2.7883848159478255,0.2177053203144231,-0.08686986009871633,137.39422297477722
1780959586.2414339,4.951613119271442,-2.7883411109523437,0.21754998548505505,-0.08491487724498059,137.4287133216858
1780959586.2784145,4.951671980832418,-2.7882783569661806,0.21766985335443895,-0.08298973022550227,137.46569395065308
1780959586.3123052,4.951737777478474,-2.7882088936945713,0.21753173654715685,-0.08107389693747669,137.4995846748352
1780959586.353269,4.9518048586022,-2.788257735456871,0.21769217678851005,-0.0789793678059243,137.54054856300354
1780959586.392403,4.951885172192754,-2.788378642873651,0.21757147953202688,-0.07677232168082959,137.5796823501587
1780959586.4262009,4.9519375998064605,-2.7882115969167613,0.21764180161087401,-0.07500401120353306,137.61348032951355
1780959586.4657445,4.951990490400544,-2.7880171484548337,0.2176403832728028,-0.07328628092108413,137.65302395820618
1780959586.4970407,4.952067598263245,-2.7881382260804415,0.2176428028382003,-0.07107994365124437,137.68432021141052
1780959586.5394933,4.9521401892413675,-2.7882128274837084,0.21759031236854706,-0.0689436940438446,137.72677278518677
1780959586.5836012,4.9522038764964265,-2.78814535791433,0.21758952856678565,-0.06702802336755997,137.77088069915771
1780959586.6164162,4.952263083247814,-2.788045163242586,0.21760520549895435,-0.06516270966677062,137.80369567871094
1780959586.6570563,4.952329494472133,-2.787979866897506,0.2174909440610137,-0.06324270957745082,137.84433579444885
1780959586.6860225,4.9523947338549466,-2.7880447766507936,0.21773391661617925,-0.0611259610016055,137.87330198287964
1780959586.7237546,4.952472443449754,-2.788166203108349,0.21761648608983292,-0.05891999771750189,137.91103410720825
1780959586.7637022,4.95252877818271,-2.7879931111839102,0.21764059693627444,-0.05716437802075758,137.95098161697388
1780959586.7975578,4.952587729230418,-2.7879274926627056,0.2178506619068525,-0.05525196868040716,137.98483729362488
1780959586.8402617,4.952672860396509,-2.788133277257294,0.21751954255695113,-0.05291693870814429,138.0275411605835
1780959586.8823159,4.952737773808329,-2.78808963764813,0.2174945800538593,-0.05096471170685124,138.06959533691406
1780959586.9121826,4.95278498143378,-2.7878250333646557,0.21781564739170378,-0.04935345254140211,138.09946203231812
1780959586.9518518,4.952858415402695,-2.787808841572633,0.21747081271984892,-0.04736398000729203,138.13913130760193
1780959586.9851074,4.952920914350526,-2.7879059375854593,0.21792516344553906,-0.04519887674390022,138.17238688468933
1780959587.0283515,4.952998915307322,-2.7879158827689134,0.2174099611564914,-0.04316526267883214,138.2156310081482
1780959587.068511,4.953052170553428,-2.787836954186416,0.21791583174722184,-0.04126934176270858,138.25579047203064
1780959587.1060965,4.953122486591525,-2.787694070678276,0.2174853401226895,-0.03947215559732209,138.2933759689331
1780959587.151028,4.953187005862616,-2.7877377966751706,0.21767224271378907,-0.03739316337037346,138.33830738067627
1780959587.1859095,4.953260228434998,-2.787909016979646,0.21767103499042614,-0.03511121601695555,138.37318897247314
1780959587.2329724,4.953323278896452,-2.78775894873355,0.21764223652313502,-0.03332557714205908,138.42025184631348
1780959587.27432,4.95338766240438,-2.7876499476106535,0.21755136727914642,-0.03147926552081115,138.4615993499756
1780959587.3107514,4.953454409263108,-2.787659965427943,0.2176348359599625,-0.02944825478854085,138.4980309009552
1780959587.3541608,4.9535241876928575,-2.7877333447027266,0.21755071032069026,-0.027321343389443697,138.54144024848938
1780959587.3885477,4.953589528453197,-2.7877813104197204,0.21771694993242205,-0.02523248132013478,138.57582712173462
1780959587.4316711,4.953650164305045,-2.787536428953356,0.21770814368931446,-0.023592812555200737,138.61895060539246
1780959587.4738035,4.953721049880728,-2.7875032843329226,0.21751147639967242,-0.021630344717360472,138.66108298301697
1780959587.510965,4.953786285183988,-2.7876773606966814,0.2177457840764317,-0.019351826406854844,138.6982445716858
1780959587.5497053,4.953858945123964,-2.787758147518628,0.21754382963264096,-0.017212754337803116,138.73698472976685
1780959587.5884368,4.953919155953783,-2.7875990732708735,0.21775351624258052,-0.01544200138469698,138.77571630477905
1780959587.6306567,4.953988215953409,-2.7874530995652176,0.21752018730146072,-0.013654698898503792,138.8179361820221
1780959587.672893,4.954050879975934,-2.787490243233187,0.21777035571114065,-0.011587507038274047,138.8601725101471
1780959587.709576,4.954123703270877,-2.787613674660328,0.21754955984725488,-0.009383276328837287,138.89685535430908
1780959587.752018,4.954186817758626,-2.7874963291329027,0.2177015118736416,-0.007548885139796013,138.93929743766785
1780959587.7882915,4.954252183427304,-2.787475391339581,0.2177563156761828,-0.005574272390921564,138.97557091712952
1780959587.8315341,4.954323701009663,-2.7875934408500167,0.2175827132829419,-0.0033794056473057665,139.0188136100769
1780959587.8764431,4.954386221685206,-2.7874680654588864,0.2177922497822162,-0.0015581906018069525,139.06372261047363
1780959587.9167736,4.954458524964961,-2.787327764084395,0.21750983659662926,0.00023614071180677598,139.1040530204773
1780959587.9633987,4.954520557385546,-2.787374805172415,0.21775842179022797,0.002316648668296395,139.1506781578064
1780959587.9997978,4.954591803986681,-2.7874778641346474,0.21752871051380554,0.004488819706209846,139.18707728385925
1780959588.0475714,4.954653166484185,-2.787376563464311,0.2178426813125334,0.006345696009447899,139.2348508834839
1780959588.092963,4.954726344980632,-2.7872130251625262,0.2176044102196979,0.008103662120898747,139.28024244308472
1780959588.128714,4.9547898330907865,-2.7872820453608433,0.2177689002449638,0.010217947674453498,139.31599354743958
1780959588.1751437,4.954860121714542,-2.7874121991263157,0.2175163226922859,0.012429282560181498,139.3624231815338
1780959588.2233348,4.954923916191798,-2.787340747831598,0.21772133610604796,0.014332002569277691,139.41061425209045
1780959588.2554011,4.954994375433004,-2.7871976550029958,0.2176512124475415,0.016117710884615555,139.4426805973053
1780959588.29977,4.955056140980502,-2.7872896591205274,0.21787351546867728,0.018268633719856986,139.48704957962036
1780959588.3322177,4.955130277298541,-2.787260949089405,0.21755504387458333,0.020234996336792932,139.5194971561432
1780959588.374819,4.955195460625658,-2.7871971836739835,0.21768419733406127,0.0221455650077651,139.5620985031128
1780959588.4143841,4.955262295889931,-2.787181904684271,0.21778129640307792,0.02413116628676626,139.60166358947754
1780959588.450353,4.955333968623739,-2.787221399455848,0.2174600307626913,0.026199662961738035,139.63763236999512
1780959588.49097,4.9553926694334525,-2.787237314934376,0.2178729156864235,0.028234278716567474,139.67824935913086
1780959588.5273938,4.955470410932513,-2.7870960590990745,0.2175287382404891,0.03002587246468913,139.71467328071594
1780959588.5705602,4.955534381841432,-2.787077386629686,0.21770014759111872,0.03200212790279444,139.75783967971802
1780959588.6128805,4.955594933640144,-2.787232991896241,0.21777453524968135,0.034251906870062854,139.80015993118286
1780959588.6483102,4.955670364513301,-2.7870490569912887,0.21771270282263855,0.03597839281575155,139.8355896472931
1780959588.691215,4.9557337981641,-2.787132980216159,0.21771955464887155,0.03810971115797557,139.8784945011139
1780959588.7261508,4.955799845046706,-2.7872323731606348,0.21758332869082692,0.04027146080002808,139.91343021392822
1780959588.7702572,4.955869854215902,-2.787077493838302,0.21777149103496393,0.042041899039483965,139.9575366973877
1780959588.8160923,4.955945425417596,-2.7869877030378882,0.21751419119097096,0.04390832818313317,140.00337171554565
1780959588.8526435,4.956003524124507,-2.787032289631939,0.21787442415774272,0.04598298324462213,140.03992295265198
1780959588.895819,4.9560728063269694,-2.787131958142035,0.2175548983676562,0.048141861385254,140.08309841156006
1780959588.9251862,4.956144251566508,-2.787005314575338,0.21763734827157044,0.049956716802727286,140.1124656200409
1780959588.9609973,4.95621362358347,-2.7869131008904993,0.21775736175887314,0.05181646295539011,140.14827680587769
1780959589.0046067,4.956272404349257,-2.787107571532707,0.2176865452398747,0.05412168635356185,140.19188618659973
1780959589.0372186,4.956348431049874,-2.7869869500273605,0.21759703242851378,0.05594281387019162,140.22449803352356
1780959589.080465,4.956419815124781,-2.7868992216046937,0.2176150540611183,0.05781081838374824,140.2677445411682
1780959589.1114726,4.956481144140584,-2.786938336399064,0.217853293380786,0.0598761808538395,140.29875206947327
1780959589.150914,4.956553872357299,-2.7869674924526824,0.21748415555060882,0.06192536127320736,140.33819341659546
1780959589.1869776,4.956616999572518,-2.7869111045639015,0.21785498361785477,0.06384542772407542,140.37425708770752
1780959589.221509,4.956697291671206,-2.7867876251471295,0.21765286744897816,0.06565866476979743,140.4087884426117
1780959589.2588851,4.956753980135862,-2.7869013183912648,0.21782578523176493,0.06783624129698929,140.4461646080017
1780959589.2885232,4.956827964902211,-2.7868879861363274,0.2175374651660751,0.06982159249742548,140.4758026599884
1780959589.3308663,4.956895515722042,-2.7868065346412902,0.21779971714583107,0.07169991325351077,140.51814579963684
1780959589.372471,4.9569651513110005,-2.786845225611211,0.2176084988344726,0.07376211458704329,140.5597505569458
1780959589.411183,4.9570335758390955,-2.786835549246273,0.2175651663096635,0.07575161301138333,140.59846258163452
1780959589.4511783,4.957098591799896,-2.7867988649019297,0.2178736253431281,0.07769909035993905,140.63845777511597
1780959589.4951403,4.9571731211666785,-2.7868046760790164,0.21748547518935582,0.07971023852232761,140.6824197769165
1780959589.5241697,4.95723354414646,-2.7867986305549763,0.21784385915394303,0.08170572721848757,140.71144914627075
1780959589.5651934,4.957312087000959,-2.7867364783346367,0.21759828669706177,0.0836128800370517,140.75247287750244
1780959589.5974066,4.9573754862784805,-2.7867689255542714,0.217642541564606,0.08566457677090433,140.784686088562
1780959589.6377144,4.957438498046474,-2.7868024768221957,0.21773858846018962,0.08772209167885414,140.82499384880066
1780959589.6815486,4.957519510603266,-2.7866575618317766,0.21771335510049278,0.08949895353462978,140.8688280582428
1780959589.7152083,4.95757540277038,-2.7867728935658196,0.21781554745252624,0.09167988150591633,140.90248775482178
1780959589.7554297,4.957657289003175,-2.786658526284765,0.21763747334302314,0.09350739294122423,140.9427092075348
1780959589.788949,4.957722952158249,-2.7866833835220954,0.21762664383362315,0.09554443745539665,140.97622847557068
1780959589.8310316,4.957782806131848,-2.786726433522945,0.21779986816405505,0.09761648367355846,141.01831102371216
1780959589.8716674,4.957872438242266,-2.7865424919598047,0.2176420334570285,0.09933260527912147,141.05894684791565
1780959589.907173,4.95793136715802,-2.786636421860233,0.21765104938133598,0.1014777202524817,141.09445238113403
1780959589.9468718,4.957991981211296,-2.786723610947716,0.2175290841702378,0.10361404627115256,141.13415122032166
1780959589.9818025,4.958056764405092,-2.786710122331679,0.2177844757417266,0.10559547851483231,141.16908192634583
1780959590.0258815,4.958148649389249,-2.7865324739750448,0.21752823850057626,0.10732131414162005,141.2131609916687
1780959590.0633814,4.9582170658684594,-2.786531509048601,0.21751980580118802,0.1093176448527231,141.25066089630127
1780959590.1034744,4.958269389686586,-2.78662356897581,0.2177684053272371,0.111599397726164,141.29075384140015
1780959590.1450999,4.9583347148354795,-2.786671981502909,0.21769121908092473,0.11389383598822356,141.3323793411255
1780959590.1849124,4.9584270783206135,-2.786468700497285,0.2176315667182526,0.11581097440388177,141.37219190597534
1780959590.2333388,4.9585238646109095,-2.786270163096543,0.21737331449951622,0.11795079074963155,141.42061829566956
1780959590.2770705,4.958583481120456,-2.786328258490095,0.21747420349265933,0.12047570621386772,141.46434998512268
1780959590.317198,4.95862600424584,-2.78648399782353,0.2178261381898912,0.12339339044530906,141.50447750091553
1780959590.3619258,4.958701599052749,-2.7864792571894865,0.21752089004448386,0.126064281156264,141.54920530319214
1780959590.3999448,4.958792469869701,-2.78625385001888,0.2179211342590234,0.12853989940202393,141.5872242450714
1780959590.4447632,4.958860849292584,-2.7863105090762312,0.21761157220450167,0.13157935276975685,141.63204264640808
1780959590.490652,4.958912929233118,-2.7864752070383267,0.21747261175692437,0.13485174943690303,141.67793154716492
1780959590.525897,4.959016572194934,-2.786191671132539,0.21783098421118413,0.1377381109218705,141.71317648887634
1780959590.5720165,4.959123123227434,-2.786013932557068,0.2173947701862238,0.14073575361486945,141.75929594039917
1780959590.6095052,4.9592645339793275,-2.7855208681728114,0.21747567055633735,0.14401661591102322,141.79678463935852
1780959590.655931,4.959366817203921,-2.7853792326603277,0.21672624544997945,0.14802476217196237,141.8432104587555
1780959590.7004206,4.9593801181433115,-2.785736231014638,0.21652414272062412,0.15235726004968342,141.88770008087158
1780959590.735365,4.959305628116076,-2.786478583270856,0.2177663614829674,0.15656085411891674,141.92264437675476
1780959590.7803333,4.959321332804881,-2.786748930751541,0.21835629006169655,0.1599823000947005,141.96761274337769
1780959590.8282757,4.959558238205705,-2.785803765327737,0.217852285262687,0.1624931296067258,142.01555514335632
1780959590.8651218,4.95984483976625,-2.7846786823303704,0.21656118867605,0.16468631897324393,142.052401304245
1780959590.9110398,4.960066743245729,-2.7839777914127968,0.21511698443511598,0.1674795621434111,142.09831929206848
1780959590.9485548,4.960229182627269,-2.7834971526239514,0.21487673172447722,0.17056456942402765,142.13583421707153
1780959590.993058,4.960312471188445,-2.7835100749237194,0.2145867876520666,0.17435808772825823,142.18033742904663
1780959591.0372384,4.9603335949638145,-2.7837654004481243,0.21547197940986274,0.17847370472878588,142.22451782226562
1780959591.0748184,4.960285615448509,-2.7844297367802033,0.21647948830810146,0.18315878554597553,142.26209783554077
1780959591.119873,4.960188881316303,-2.7853295115162413,0.21805225909383133,0.1881383841668658,142.30715250968933
1780959591.155059,4.960156517160643,-2.786061439929575,0.21837697829654773,0.19278633799822664,142.34233856201172
1780959591.2029862,4.9601866843099325,-2.786595753396948,0.21762291141572,0.19651400072995884,142.3902657032013
1780959591.2471702,4.96028239392606,-2.7868860172633245,0.21593626674056562,0.1993080083150094,142.43444967269897
1780959591.285026,4.960480725592167,-2.7866799647911207,0.213878245293136,0.20125170180752683,142.47230553627014
1780959591.3254144,4.9606176429837925,-2.7865897959199284,0.21363939709877441,0.20296753045966387,142.51269388198853
1780959591.363311,4.960732710154903,-2.7864207684086537,0.2155095718757742,0.2045542197086494,142.55059051513672
1780959591.4056535,4.96088034489298,-2.7860891343643734,0.2179310971690714,0.20564519581099017,142.59293293952942
1780959591.4493253,4.9611558006964485,-2.7853131282357997,0.21907842504786307,0.2059419585920832,142.6366047859192
1780959591.4888296,4.961489769375886,-2.784565192059502,0.2172003614762077,0.20619170133816578,142.67610907554626
1780959591.5362015,4.961738956576076,-2.784222901232915,0.215141947465908,0.20684858692800745,142.7234809398651
1780959591.571406,4.9619382997709085,-2.7839227995601443,0.21502414052861776,0.20759328952621559,142.7586853504181
1780959591.6183255,4.962048959646508,-2.7839058835082318,0.2164658276187441,0.2085661658834983,142.80560493469238
1780959591.6585171,4.962058697877481,-2.7844373094772124,0.21730376049448222,0.2103610918030432,142.845796585083
1780959591.6957836,4.96196122500288,-2.785546286950408,0.21737749593479772,0.21294265585265038,142.88306307792664
1780959591.7383628,4.961866393246326,-2.786610770427259,0.21771254677315374,0.2153639482977443,142.92564225196838
1780959591.775302,4.961912490570298,-2.7871111635982566,0.21707744619867392,0.21693804404052486,142.9625813961029
1780959591.8204827,4.962101565022402,-2.7870297153182966,0.21556263826930802,0.2176415822714901,143.0077621936798
1780959591.864045,4.962336385564937,-2.786667605500435,0.21483326648053105,0.21793605174459785,143.0513243675232
1780959591.903507,4.96254453911616,-2.786258837562768,0.21608332969576313,0.21818937321083176,143.09078645706177
1780959591.9510424,4.962742151218791,-2.785802331991304,0.21883107181265063,0.21839975430416203,143.13832187652588
1780959591.986013,4.963007700705259,-2.7853060842747683,0.21901990420056378,0.218552356108348,143.17329239845276
1780959592.03343,4.963252146317675,-2.7851223145475226,0.2168219802600176,0.2191731026324657,143.22070956230164
1780959592.08343,4.963413875887049,-2.785242408781098,0.21502529891293284,0.2202838677056409,143.27070951461792
1780959592.1215003,4.96352635925611,-2.7853901185320034,0.21521827049906977,0.22147231764826358,143.3087797164917
1780959592.163511,4.963597148301432,-2.785565534510906,0.21732527123852474,0.22273365291164282,143.35079050064087
1780959592.209828,4.963605688480089,-2.7860448303215097,0.21937601688618505,0.2244606266177378,143.3971073627472
1780959592.2411492,4.963651947264158,-2.7866419390734705,0.21820230375350128,0.22636136675112617,143.42842864990234
1780959592.28494,4.9637613813857335,-2.7870337784030217,0.21588771148343744,0.22796752930354103,143.4722194671631
1780959592.320328,4.963840071865773,-2.7873711429320234,0.21540201162461506,0.22951967600927148,143.50760746002197
1780959592.3682919,4.963894928248227,-2.787645855665837,0.21679941981408388,0.2310041939615637,143.55557131767273
1780959592.4150696,4.964047152140993,-2.7875177322620965,0.21817364293349,0.23190969696691255,143.60234904289246
1780959592.450193,4.964352696250147,-2.786842103663211,0.2184948936023292,0.23201463504317488,143.63747239112854
1780959592.4932382,4.964733200156476,-2.7859613255891755,0.2175886688988688,0.23181325544392006,143.68051767349243
1780959592.533503,4.9650152408666965,-2.7855476932298004,0.21602389382087475,0.23231428685052613,143.72078251838684
1780959592.578573,4.965236655783521,-2.785252543037416,0.2159926370663515,0.23302428431792155,143.76585245132446
1780959592.6176221,4.965351741747819,-2.7853855327122266,0.21607663692172666,0.23437930309860455,143.80490159988403
1780959592.6552563,4.965370237860148,-2.7859032312852183,0.21638237455375597,0.2363211040998321,143.84253573417664
1780959592.7016757,4.9653294238835946,-2.7865521856481155,0.21801456645820763,0.2384756443335867,143.88895511627197
1780959592.7452052,4.965218772926266,-2.787559992467926,0.21871795847303038,0.24116206345614266,143.93248462677002
1780959592.7845495,4.965231729372204,-2.7881473879281717,0.2182308720147671,0.24324300782173225,143.97182893753052
1780959592.830169,4.965397902319561,-2.7881744129679333,0.2167443250100863,0.2445150023723155,144.01744842529297
1780959592.8700824,4.965621115174714,-2.7879131177837126,0.21581563382301358,0.24537972507757377,144.05736184120178
1780959592.9152858,4.965814991806657,-2.7876135309220444,0.21679370123143585,0.2462158596009747,144.1025652885437
1780959592.9498715,4.965994977193578,-2.7872693223133793,0.21924099198211314,0.2470127138417233,144.1371510028839
1780959592.9974077,4.966237910179989,-2.786887231093411,0.21914103536268906,0.24775126290962746,144.18468713760376
1780959593.03827,4.96644319301569,-2.78680726863813,0.21693241690511705,0.248924273202066,144.2255494594574
1780959593.0784028,4.966582980363908,-2.786861668038811,0.2159233360918821,0.2503219276731272,144.26568222045898
1780959593.1237876,4.966677503011749,-2.786933698253105,0.2168195321482909,0.2517743491907769,144.3110671043396
1780959593.1599665,4.966719133556052,-2.7871164499084116,0.219013828244159,0.2534048499262864,144.34724593162537
1780959593.206817,4.966723222948484,-2.7875906764424045,0.2192552107634612,0.2554529122368159,144.39409637451172
1780959593.252316,4.9667835507058316,-2.7880144727767675,0.2170395641478757,0.2574245393044441,144.43959546089172
1780959593.28665,4.966819128116809,-2.7883847304704474,0.21635879612735848,0.25934152391653065,144.4739294052124
1780959593.3317177,4.966831312323087,-2.7886953063045397,0.21745707832628344,0.26119482958835327,144.5189971923828
1780959593.3667026,4.966955883717717,-2.788591265304389,0.21839203858735537,0.2624671692906393,144.55398201942444
1780959593.411009,4.967246260173816,-2.7879455106729503,0.21828479825024139,0.26296911769941467,144.59828853607178
1780959593.4489548,4.96757217344105,-2.7871645293627845,0.2182591627642585,0.26328028264169845,144.63623428344727
1780959593.48297,4.967773716508448,-2.78689000976485,0.21748984871167792,0.26431924887496994,144.67024946212769
1780959593.5277865,4.967860265880501,-2.7870412128990214,0.2165010603083936,0.26598111814838,144.71506595611572
1780959593.574536,4.9678956175560804,-2.7872401205377013,0.21725612698351476,0.2677384449741833,144.76181554794312
1780959593.6100245,4.967855056113862,-2.787650209641236,0.21881128712073905,0.2698071209376476,144.7973039150238
1780959593.6528106,4.967744879519613,-2.788418323350753,0.21870150341635208,0.27238460727571834,144.8400900363922
1780959593.6905525,4.9677630053744455,-2.7888082985242817,0.21713266209715987,0.27442584941620485,144.87783193588257
1780959593.7338836,4.967795998750903,-2.7890398725442003,0.21673710840691507,0.2762548876327866,144.9211630821228
1780959593.7776856,4.967838264327837,-2.789128219545906,0.21770626514103245,0.2779001733251869,144.96496510505676
1780959593.8157334,4.968040271575888,-2.788700110943272,0.21794242822948476,0.2788188246791563,145.0030128955841
1780959593.8590536,4.968319966953395,-2.787988153174249,0.21842960813220613,0.2793392809854902,145.0463330745697
1780959593.8976102,4.968515864746317,-2.787543266994725,0.2192238999504204,0.2802460571818042,145.08488965034485
1780959593.9435577,4.968574712436686,-2.7876433474088644,0.21889959608460538,0.28192744600948316,145.13083720207214
1780959593.9856172,4.968505509586888,-2.788218880099942,0.21779907743084082,0.284288572574555,145.17289662361145
1780959594.0211854,4.968388462613964,-2.788848684659684,0.21800866984719378,0.28674654841031266,145.20846486091614
1780959594.0622716,4.968352242418782,-2.7891666240818327,0.21846290602460489,0.2887748251559019,145.24955105781555
1780959594.0935707,4.968494996537925,-2.7889382479104983,0.2178825107527001,0.29002793376601765,145.28085017204285
1780959594.141158,4.9687164378421365,-2.788422227181545,0.21758722887884238,0.2908771156787999,145.3284375667572
1780959594.1832936,4.968898577579044,-2.7879314357044205,0.2188382448981653,0.29178046532797275,145.37057304382324
1780959594.220444,4.968962242660982,-2.7878662747237084,0.21957626835791041,0.29328882636626474,145.40772342681885
1780959594.264565,4.968900061047562,-2.788292536425785,0.21895717334292047,0.2954918963038935,145.45184445381165
1780959594.3055446,4.96876560779356,-2.7889636557066364,0.21791776409916475,0.29804949381974666,145.4928240776062
1780959594.3484805,4.968693115967969,-2.789372521908628,0.21737904447279385,0.30025023910975257,145.53575992584229
1780959594.389031,4.9687162637870115,-2.7894448426684875,0.21706691609041032,0.3019743116356173,145.57631039619446
1780959594.423711,4.968790803276043,-2.7892832282505444,0.21760866022711448,0.30338146801857846,145.610990524292
1780959594.4634302,4.968970417093573,-2.788780790123619,0.218240226257553,0.30430576027861633,145.65070962905884
1780959594.5029936,4.969172042855762,-2.7881882414884984,0.21914960220829194,0.3051093713607216,145.69027304649353
1780959594.5464635,4.969294690460983,-2.7879496076759653,0.21838626646411657,0.30640413891939655,145.7337429523468
1780959594.5887837,4.969288201268698,-2.7881297296919847,0.21720397012841836,0.30830369958729875,145.77606320381165
1780959594.6261525,4.969234569122508,-2.7883412501001335,0.21764244333229466,0.3102696258858906,145.8134319782257
1780959594.668715,4.969143164758265,-2.7885809963324597,0.21940110469576315,0.312289358144497,145.85599446296692
1780959594.7080753,4.969089403780474,-2.7888532491452227,0.2185791495364553,0.3143398158460471,145.89535474777222
1780959594.749261,4.969111458699059,-2.7889155673804638,0.21711617022253848,0.3160879968673074,145.93654036521912
1780959594.7995498,4.96910320822666,-2.7889472462132687,0.2174084578336764,0.3178107346982708,145.98682928085327
1780959594.8357687,4.969099690135995,-2.788878992592193,0.21902997164435106,0.3194066049190436,146.02304816246033
1780959594.882824,4.969221144002672,-2.788534832238624,0.2188800338325789,0.32059277858305535,146.07010340690613
1780959594.9315798,4.969356279949049,-2.7882245562695798,0.21740622530822096,0.32181950430222184,146.11885929107666
1780959594.9637213,4.969449659660268,-2.787924406803261,0.21765494505123342,0.3230822445444428,146.15100073814392
1780959595.007057,4.96943113260592,-2.787931267706936,0.21818250639330627,0.3247912138274849,146.19433641433716
1780959595.0411782,4.969262732200661,-2.7884197656206466,0.21797151526728242,0.3271959063479972,146.22845768928528
1780959595.0868118,4.969061352216837,-2.788930625114274,0.21882944490695577,0.3296487004135642,146.2740912437439
1780959595.1306782,4.969014979751798,-2.789013343935526,0.21907695232722552,0.33147755438259896,146.3179576396942
1780959595.1693213,4.9691600454924645,-2.788595072427479,0.2182616952021356,0.3325684628000021,146.35660076141357
1780959595.2138302,4.969332727001344,-2.788052219257816,0.2181452722182987,0.33348002405067945,146.40110969543457
1780959595.250574,4.96936647853347,-2.787921258778997,0.21767994636965773,0.33499040716024275,146.4378535747528
1780959595.2952595,4.969285673133187,-2.788104247201824,0.21737486206693665,0.3369701565814305,146.48253893852234
1780959595.3372345,4.96915704011922,-2.788325943724481,0.2186186679021936,0.3390223518405584,146.52451395988464
1780959595.3749,4.968968154467383,-2.7887800751052803,0.21862444579860663,0.34140754027475495,146.5621795654297
1780959595.4235997,4.968898158325306,-2.7889604267448074,0.21740990293737653,0.34338027532931115,146.61087918281555
1780959595.458924,4.968816729636084,-2.789075418104891,0.21771429059771102,0.34526964842812546,146.64620351791382
1780959595.49595,4.96883614144697,-2.7888871854477006,0.21826632841784308,0.34671879884955015,146.68322944641113
1780959595.5363438,4.9690101697382225,-2.788301765516964,0.21834175564907246,0.3475696073692607,146.72362327575684
1780959595.567936,4.969087227002242,-2.7879791994815593,0.21843888890394014,0.3488062609888001,146.75521540641785
1780959595.608669,4.968998122805659,-2.788161520403951,0.21759159109917484,0.3507909832133169,146.7959485054016
1780959595.6419332,4.9688428909995705,-2.788457740331933,0.21780552879770143,0.35296183863706876,146.82921266555786
1780959595.686739,4.968702442283566,-2.7886487542764162,0.2190665554531719,0.3549871074030335,146.87401843070984
1780959595.7239993,4.968695141383453,-2.7885943647984655,0.21818203899238026,0.3566236475134943,146.9112787246704
1780959595.7576299,4.968763128317724,-2.788324622834836,0.21749261195899622,0.3579342014782707,146.94490933418274
1780959595.7962089,4.968791522478234,-2.788071017903165,0.21836310125026268,0.3592855609920793,146.98348832130432
1780959595.832099,4.9686818775627435,-2.7882061197382684,0.21879277702885847,0.36121983452100714,147.0193784236908
1780959595.8755744,4.968511073172439,-2.788574076307033,0.21783289157176539,0.363498056713917,147.0628538131714
1780959595.9139545,4.968368717179286,-2.78881270187857,0.21766936873886972,0.36559218315882447,147.101233959198
1780959595.9492834,4.968350671065499,-2.7887225611618027,0.21752510402193792,0.36718054123768695,147.13656282424927
1780959595.9893584,4.968397160291536,-2.788423962868981,0.21806925617357634,0.36846018451561946,147.1766378879547
1780959596.0234287,4.968506770626511,-2.787969854685334,0.2185756309269697,0.3694915046941798,147.2107081413269
1780959596.067132,4.968452330952006,-2.7879829123492565,0.21823633161667932,0.3712327207948487,147.25441145896912
1780959596.1050987,4.9682708109898215,-2.7883296301401796,0.21770646902788018,0.37349272561932967,147.29237818717957
1780959596.1317277,4.968117221950864,-2.7885456038299,0.21813396171260488,0.37556481441674094,147.31900715827942
1780959596.1572187,4.96816549489993,-2.788293544071497,0.21769935866278395,0.3768985546075614,147.34449815750122
1780959596.1894333,4.96824866947229,-2.7879106283989885,0.21814927528628855,0.3780320545725644,147.37671279907227
1780959596.2160974,4.968203628312142,-2.7878549591874164,0.21849758519994578,0.3796725593141126,147.40337681770325
1780959596.2500103,4.967992585670518,-2.788262184379617,0.21793329452169127,0.3820319951976421,147.43728971481323
1780959596.2861602,4.967842646554245,-2.78851206864022,0.21734220758838307,0.3841486290904301,147.47343969345093
1780959596.3315163,4.967782539933334,-2.7885110696949833,0.2172135726919896,0.3858738195419278,147.51879572868347
1780959596.3778324,4.967806964801631,-2.788274533044444,0.21762570675285375,0.38723143802388016,147.56511187553406
1780959596.4156988,4.967910070481571,-2.7878344617079245,0.21837678278756228,0.3882638687780542,147.6029782295227
1780959596.4597528,4.967923616277184,-2.787671511921489,0.21806759489269514,0.38971998508979766,147.64703226089478
1780959596.4969783,4.967785845996893,-2.787902614440994,0.2172631928347103,0.3918037761389783,147.6842577457428
1780959596.5430105,4.967615221967115,-2.7881353901877364,0.21791772422662947,0.3939099128589021,147.73028993606567
1780959596.5834496,4.967591863362994,-2.788024187403358,0.2183621591726667,0.3954630613501573,147.7707290649414
1780959596.621366,4.967727039762497,-2.787598716895475,0.21762765683290183,0.3964885932709965,147.80864548683167
1780959596.6626756,4.96778240750657,-2.78735272521522,0.21714517447348186,0.397802661710589,147.8499550819397
1780959596.6979496,4.967727488559865,-2.787346452634937,0.21712900454285558,0.3995123008159158,147.88522911071777
1780959596.7479384,4.967568196281545,-2.7875618226287577,0.2176450866153196,0.40158889353640603,147.93521785736084
1780959596.7923079,4.967350339423448,-2.7879124750446764,0.21825154378024975,0.40389083348823007,147.97958731651306
1780959596.8345046,4.967340592728762,-2.7878194981772952,0.217995967541468,0.4054561894965225,148.02178406715393
1780959596.8783722,4.967474382007946,-2.7874095131308922,0.21751520500600646,0.40649058953952455,148.06565165519714
1780959596.9111073,4.967481425419002,-2.787291069706501,0.2170907311215875,0.4080010648820336,148.09838676452637
1780959596.94982,4.9673996032261485,-2.7873477639008195,0.21739504971210785,0.4098144031511346,148.13709950447083
1780959596.9900236,4.967198760095532,-2.787668339767225,0.21785726406567063,0.41206278428619747,148.1773030757904
1780959597.026434,4.96708275000634,-2.7878562664964157,0.2171321653507706,0.4140816786289747,148.21371340751648
1780959597.0682597,4.967021962852394,-2.787880745755359,0.21723221446183955,0.41583264035210643,148.25553917884827
1780959597.1015077,4.9670811854301435,-2.787623829531916,0.21753679530020617,0.4171210647914112,148.28878712654114
1780959597.1452932,4.967197963508256,-2.7872489174652344,0.21781089675034354,0.41819999056602164,148.33257269859314
1780959597.1875086,4.967131753670684,-2.7873301067268854,0.21725995077342575,0.42003309144882905,148.37478804588318
1780959597.2254944,4.9669871110948325,-2.7875522675677735,0.21750419855897402,0.42211808299471976,148.41277384757996
1780959597.2715867,4.966939866158685,-2.7875472886253285,0.2179283116311511,0.4238250087372837,148.45886611938477
1780959597.3053474,4.967049032215105,-2.78726298658451,0.21715845071897918,0.4250380259885933,148.49262690544128
1780959597.352286,4.967113067413076,-2.787034778919972,0.21735631102488162,0.42635445397469596,148.5395655632019
1780959597.3913975,4.967003791006605,-2.7872192475405644,0.21700674100370004,0.4283661386271884,148.57867693901062
1780959597.4294274,4.966849891735757,-2.7874491783241,0.21782891677327823,0.43047502486655276,148.61670684814453
1780959597.4877014,4.966808570109169,-2.787491543999478,0.21746405866501609,0.4322469888121878,148.67498087882996
1780959597.5536194,4.966896035453246,-2.7872779797042955,0.21678368137370205,0.43357034891201085,148.74089884757996
1780959597.5927415,4.966948260932953,-2.7870735908685838,0.21761549313151413,0.4349292157401905,148.78002095222473
1780959597.636523,4.966879638853766,-2.787173472512411,0.21760246044533824,0.4367991816569923,148.8238024711609
1780959597.6748843,4.966745640065988,-2.787456546462881,0.21682192398448416,0.4389759276326952,148.86216378211975
1780959597.7179782,4.966642694797524,-2.7876205857538268,0.2171228291393418,0.4409665221077157,148.90525770187378
1780959597.7615204,4.966748998302534,-2.787375291636892,0.21683561371213675,0.4422346780653683,148.94879984855652
1780959597.8000941,4.966863564366001,-2.7870675643993246,0.2177240251191204,0.4434056210132509,148.98737359046936
1780959597.8470685,4.966913738887998,-2.7869590984210677,0.2173711328852466,0.4449042837165331,149.03434801101685
1780959597.8858633,4.9668347910711494,-2.7871465555961916,0.21664234903322102,0.44691711187219596,149.07314276695251
1780959597.9301393,4.966730023147472,-2.7873179206265224,0.21746958690158077,0.4489272251535006,149.11741876602173
1780959597.9745266,4.9667492337514245,-2.7872722162334136,0.2174913911149085,0.4505448075434506,149.16180610656738
1780959598.01191,4.966877233601829,-2.7870569768132105,0.2165365180418269,0.4518454623700361,149.19918942451477
1780959598.053533,4.966974522237915,-2.786837743274173,0.2171510064848413,0.4531625018828569,149.24081254005432
1780959598.090211,4.966913159597651,-2.7869591497403783,0.21756893748178702,0.4550748142413843,149.27749037742615
1780959598.1343753,4.966725962770659,-2.7873920741450178,0.21690905651041464,0.4575275100626106,149.32165479660034
1780959598.1758049,4.966636890985705,-2.787617227323797,0.21645392194256188,0.4596167988854827,149.36308431625366
1780959598.2178156,4.966662886640831,-2.787592969036085,0.21644047798303753,0.4612685219913937,149.40509510040283
1780959598.261155,4.966800440532533,-2.787330853361487,0.21690037654460212,0.4625029027319769,149.44843435287476
1780959598.293647,4.967017044971557,-2.786910825134733,0.2175983142031531,0.4634538012590115,149.48092651367188
1780959598.3366418,4.967064085695846,-2.786880410044545,0.21738290964551282,0.46508296680379324,149.523921251297
1780959598.3757532,4.966943016104784,-2.7872093700690117,0.2167515971203485,0.46735432493208506,149.5630326271057
1780959598.415263,4.966850237536665,-2.78743836016148,0.21710078292037743,0.4694679648198896,149.6025424003601
1780959598.454206,4.966995456858923,-2.7872384157132504,0.21668247751218436,0.470797301008929,149.64148545265198
1780959598.4874496,4.967180190312975,-2.786927455112458,0.21724742611657638,0.47193745622449157,149.67472910881042
1780959598.5270936,4.96722541047899,-2.7869059197367463,0.21757921554517715,0.4735939446817037,149.71437311172485
1780959598.5676262,4.967126967047936,-2.7872221731094053,0.21679151088878826,0.4758438442350936,149.7549057006836
1780959598.6000724,4.967047961776054,-2.787463530132762,0.21683674134563027,0.4779797594244748,149.78735184669495
1780959598.636865,4.96716811804006,-2.7873421376827654,0.2165219940352763,0.4794504224173437,149.82414436340332
1780959598.6719413,4.967307956980839,-2.7871362010153438,0.21744709735473122,0.4807887569305569,149.85922074317932
1780959598.7181473,4.967489360298623,-2.7869283209835523,0.21676699935528318,0.4820931765937875,149.90542674064636
1780959598.7623875,4.96759399293021,-2.786854232055601,0.2165978902457597,0.48365380224936594,149.9496669769287
1780959598.7991223,4.967591644508474,-2.7869555363450793,0.21713151485317803,0.48554407180983183,149.98640179634094
1780959598.8454742,4.967446232475169,-2.787354521478397,0.2171978147713116,0.48797425122080007,150.0327537059784
1780959598.8920882,4.967511244623721,-2.7873855419123625,0.21666353951234313,0.4897263082335783,150.07936763763428
1780959598.9284155,4.967642962190566,-2.787264364138858,0.21694102927193795,0.49120968651993735,150.11569499969482
1780959598.9725306,4.967802997105887,-2.7870910839979293,0.21727518080343017,0.4926023246108766,150.15981006622314
1780959599.0101807,4.967921588314027,-2.7870516506912284,0.21654953326887408,0.49422046986552104,150.19746017456055
1780959599.0551891,4.967989476814086,-2.787049925330868,0.21721758842545805,0.4959347350604517,150.24246859550476
1780959599.1015005,4.967907386393525,-2.787365243651194,0.21702188959165483,0.4982173585292333,150.28877997398376
1780959599.1391947,4.9678685360865895,-2.7876122993160393,0.21666406294936175,0.5003763921690467,150.3264741897583
1780959599.181055,4.967951387796732,-2.7876233031962223,0.21669739160002713,0.5021090563279209,150.36833453178406
1780959599.2168593,4.968159104463069,-2.78739823055878,0.21709199792330608,0.5034155475538018,150.40413880348206
1780959599.2598665,4.968379942219969,-2.7871572890041527,0.21748985308104707,0.5046884955792885,150.4471459388733
1780959599.2987578,4.9683949274790935,-2.787339232553898,0.21683796795590907,0.5067233827561255,150.4860372543335
1780959599.3312643,4.9683424760282735,-2.787606386959727,0.21712742366133264,0.5089390229528803,150.51854372024536
1780959599.3698478,4.968475674042577,-2.7875507757842817,0.21720825893195042,0.5105626209075096,150.55712723731995
1780959599.4058838,4.968765477981124,-2.787233028515943,0.21708916467105838,0.5116924217072283,150.59316325187683
1780959599.4480772,4.968870575056999,-2.7872616246511197,0.2166447385476145,0.5134559064682422,150.6353566646576
1780959599.49115,4.968889506509191,-2.7874113708055317,0.21711467555750896,0.5154663218900826,150.67842936515808
1780959599.524851,4.9688577453086085,-2.7876670073609167,0.21716154059546872,0.5176676669060711,150.71213054656982
1780959599.5659287,4.968923418540973,-2.7877784937599794,0.2167302051210985,0.5195933042192227,150.7532081604004
1780959599.6055715,4.969041114972358,-2.7877596759261607,0.21728336680598795,0.5213031701277728,150.79285097122192
1780959599.652731,4.969335418599254,-2.7874679567112115,0.2171478124518211,0.5224921937519662,150.8400104045868
1780959599.6921926,4.969473467885286,-2.787465170900766,0.21673896999342782,0.5242128682558294,150.8794720172882
1780959599.7296286,4.969513660719603,-2.7875985949541784,0.21718258663002374,0.5262038983036597,150.91690802574158
1780959599.7696154,4.969439039415765,-2.7879438830196563,0.217362919733439,0.5285893450464725,150.95689487457275
1780959599.8004858,4.969600630358798,-2.7879125173359394,0.2168989494251286,0.530268576243806,150.98776531219482
1780959599.8432322,4.969806488737196,-2.7877730744014753,0.2173954689824905,0.5317633170238736,151.03051161766052
1780959599.8844345,4.969915576567605,-2.7878279754737174,0.21716409395697767,0.5336067156902198,151.07171392440796
1780959599.9186044,4.969943405206494,-2.788022911841003,0.21702784880432302,0.5357160670485035,151.10588383674622
1780959599.9613264,4.970058934299786,-2.788043337958481,0.21754999306180836,0.537523303322093,151.14860582351685
1780959599.9962647,4.97033144950683,-2.787844699029713,0.21709562081817324,0.5389031659987591,151.18354415893555
1780959600.038639,4.970477219806601,-2.7878498140838985,0.2169119731902474,0.5406671583966762,151.22591853141785
1780959600.0829096,4.970497407108863,-2.7880460508655323,0.21724695229752478,0.5427992000993731,151.27018904685974
1780959600.1149964,4.97049727507806,-2.7882808130413093,0.21747566266648635,0.5450089296106331,151.3022758960724
1780959600.157688,4.970693799164914,-2.7882206423238345,0.2170495738153733,0.5466594798433899,151.3449673652649
1780959600.2024343,4.970859631261745,-2.7881708571452117,0.2176881615816897,0.5483513219883882,151.38971376419067
1780959600.2307606,4.970931956477819,-2.788326473613346,0.21705808196490914,0.5504016193697403,151.41804003715515
1780959600.2734435,4.970980146644951,-2.788480698788349,0.2175008100461036,0.5524777338044196,151.4607229232788
1780959600.3079293,4.9712409024194,-2.7883147585130343,0.21732778134522016,0.5539523588132447,151.49520874023438
1780959600.3482344,4.971454938087053,-2.7882315268444398,0.21709493134943167,0.5555774292471467,151.53551387786865
1780959600.389282,4.971524776834097,-2.788367360557644,0.21722276269822935,0.5576199508713149,151.57656145095825
1780959600.4240549,4.971492490078884,-2.788656306165241,0.21763808453376868,0.5599575909964623,151.61133432388306
1780959600.4685814,4.971662474597703,-2.7886534888721997,0.2172631619754454,0.5617447880997055,151.6558609008789
1780959600.5059788,4.9718613128836875,-2.788578331251259,0.21765502221568167,0.5634104406781066,151.69325828552246
1780959600.5494351,4.971888359915463,-2.7887990634141397,0.21741660281096717,0.5656155307572917,151.73671460151672
1780959600.5895586,4.9719737520976235,-2.788921806630532,0.21734267035432736,0.5676507163536018,151.77683806419373
1780959600.627431,4.972190723476126,-2.788826488511838,0.21760400577047156,0.5692924386789784,151.81471037864685
1780959600.6707518,4.972325596917282,-2.7888702299117827,0.21758339326986312,0.5711819340246009,151.85803127288818
1780959600.7127292,4.972370937519461,-2.7890587244321425,0.21745771827827062,0.573349473197811,151.90000867843628
1780959600.758103,4.972548648765886,-2.789031555121226,0.21765110208577065,0.5751246102857408,151.94538235664368
1780959600.800805,4.972753738756497,-2.7889778434911077,0.21737431698914414,0.5768455142248436,151.98808455467224
1780959600.8397563,4.972883809552889,-2.78902216018836,0.2176131508980199,0.5787595023377419,152.0270357131958
1780959600.8878884,4.972882412485166,-2.789273288091272,0.21768464623704759,0.5810605034251282,152.0751678943634
1780959600.9234037,4.973083930707257,-2.7892260793445884,0.21746265826445216,0.5828076134589608,152.11068320274353
1780959600.9732957,4.973244846342267,-2.7892185560257534,0.21780665931060708,0.5846397728221282,152.16057515144348
1780959601.0194337,4.973295704708008,-2.78940254478869,0.21752056725693164,0.5868169353363868,152.20671319961548
1780959601.060145,4.973453366968421,-2.7894046076703427,0.21772156507451193,0.5886789809689912,152.24742436408997
1780959601.1036844,4.973669742129696,-2.789336897122635,0.21746609050519852,0.5903970040902617,152.29096388816833
1780959601.1407037,4.973756475125643,-2.7894432369321223,0.21773522684743724,0.592452744130787,152.32798314094543
1780959601.1859033,4.973775142672168,-2.789661285101758,0.2176439814026511,0.5947170497968495,152.3731827735901
1780959601.228154,4.973948105248517,-2.789647149329198,0.21769490749053366,0.5965542863435385,152.41543340682983
1780959601.2638319,4.974133200819385,-2.789618157533854,0.21756208018477136,0.5983656346354396,152.4511113166809
1780959601.3072565,4.974272263828409,-2.7896457077121037,0.21778927094825046,0.6002906381340551,152.49453592300415
1780959601.3411806,4.974273138355103,-2.7898820353541094,0.2177178367817733,0.6026014880750248,152.52846002578735
1780959601.3878047,4.974386835839249,-2.789950703851274,0.2177505068554507,0.6046076510689113,152.57508420944214
1780959601.4314466,4.974636672931632,-2.7898174694407363,0.2178550075804658,0.6062463177028299,152.61872601509094
1780959601.4665878,4.974726729965871,-2.789926453376217,0.21763013262975636,0.6083258630742723,152.65386724472046
1780959601.5136502,4.9747857344295365,-2.79005988123684,0.21787041402911295,0.6104683922950507,152.70092964172363
1780959601.5603263,4.974924963069662,-2.790094436526867,0.2176902288432436,0.6124203681099045,152.74760580062866
1780959601.5937328,4.975066332983522,-2.7901110503265283,0.21779735046541612,0.6143506810620813,152.78101229667664
1780959601.6382957,4.975201519418359,-2.7901434695800984,0.21775958278288415,0.6163090474641848,152.8255751132965
1780959601.6732168,4.975282660045137,-2.7902451486619793,0.21776422163312714,0.6184008560075416,152.86049628257751
1780959601.716568,4.975351088800703,-2.7903621324490953,0.21786910817761226,0.6205259536601417,152.9038474559784
1780959601.764523,4.975560276174965,-2.790282978722893,0.21781171069490804,0.6222925806832151,152.95180249214172
1780959601.8039656,4.975734964912311,-2.7902556538455876,0.21765286384073765,0.6241505019388178,152.9912450313568
1780959601.846133,4.97575874451293,-2.7904217058774323,0.21789422998549912,0.6263780044849954,153.03341245651245
1780959601.8815465,4.975784217652284,-2.790585708619938,0.21803021600596273,0.6286094090700916,153.0688259601593
1780959601.928141,4.97602773428259,-2.790458408573957,0.21789664579414636,0.6302949614717566,153.11542057991028
1780959601.97092,4.976101476412106,-2.790556384687944,0.21785555838040538,0.6323979420768753,153.1581995487213
1780959602.0079374,4.976090229062938,-2.7907613538298373,0.21803710992729913,0.6347134669259802,153.19521689414978
1780959602.0487547,4.976309758317418,-2.790661487592411,0.21789023395061557,0.6364597152736131,153.23603415489197
1780959602.0861828,4.976420671845833,-2.790695997882683,0.21802151178829704,0.6384578351159558,153.27346229553223
1780959602.1295302,4.976385715631486,-2.7909323187779727,0.21793635106215706,0.6408341824579793,153.31680965423584
1780959602.1685894,4.976538053448169,-2.79091420344052,0.21786788118819195,0.6427408912428181,153.35586881637573
1780959602.2043042,4.976745478710157,-2.7908128921309947,0.2179660398122573,0.6444997519016997,153.39158368110657
1780959602.2407725,4.9768703981592575,-2.79082658136729,0.21793910787498635,0.6464707380573707,153.42805194854736
1780959602.271699,4.976825729064502,-2.7910541050006796,0.2180753164112067,0.648844613921379,153.45897841453552
1780959602.3147595,4.976909814254397,-2.791123808699806,0.21776153349653377,0.6509223216407278,153.50203895568848
1780959602.3545768,4.9770803705138205,-2.7910529262964734,0.21818351940368858,0.6527577257807966,153.5418562889099
1780959602.3885667,4.977261024019831,-2.7909929124904367,0.217839623467365,0.6545939603044086,153.57584619522095
1780959602.4300773,4.977289558060104,-2.7911127307320056,0.21794716956300728,0.6567775074838114,153.61735677719116
1780959602.464095,4.977299872386738,-2.791247024434416,0.21823076721349596,0.6590005760809667,153.65137457847595
1780959602.5039284,4.977518600670164,-2.7911272488393064,0.21800670651836737,0.6607376205021609,153.6912078857422
1780959602.5438802,4.977570331562828,-2.791215010085558,0.21788794002790204,0.6628635119109667,153.73115968704224
1780959602.5769749,4.977552195692797,-2.791374061006381,0.218216542972444,0.6651391439112881,153.76425433158875
1780959602.6190338,4.977665772333213,-2.791386754258197,0.21781693655541645,0.6671262603676196,153.8063132762909
1780959602.6503346,4.977775417994491,-2.7913722112667947,0.21827813247316943,0.6690843585603474,153.83761405944824
1780959602.6923873,4.977882685624829,-2.7913894410330293,0.21782150783930188,0.6710815996744328,153.87966680526733
1780959602.7334826,4.977937066017405,-2.7914390972179715,0.21827433716857775,0.6731638294200231,153.92076206207275
1780959602.7662745,4.977954502706189,-2.7915621359805307,0.21783707505859876,0.6753643411063086,153.9535539150238
1780959602.8081684,4.97803673941304,-2.79157024818721,0.21833134011312727,0.6773770893523174,153.9954478740692
1780959602.8515728,4.978283619738341,-2.7914006681631363,0.21790809474186965,0.6790317208366456,154.03885221481323
1780959602.879941,4.978380594500039,-2.791404574168761,0.21779943840355762,0.6810211947736473,154.06722044944763
1780959602.9244092,4.9783161339928075,-2.791590847941669,0.21812523684957286,0.6833663510863701,154.1116886138916
1780959602.9567344,4.978272748562911,-2.791758749341365,0.21803442387466143,0.6856745234406283,154.14401388168335
1780959603.001616,4.978402827575225,-2.7917179809996493,0.21781287398668142,0.6875813160512747,154.18889546394348
1780959603.043946,4.978529918970011,-2.791652811089941,0.21834144651294607,0.689463187247279,154.23122549057007
1780959603.0802586,4.978619354049085,-2.791670365434249,0.21766538249830758,0.6914720928099696,154.2675380706787
1780959603.121198,4.978657020364749,-2.791704186865777,0.21837159580186527,0.693547032890228,154.3084774017334
1780959603.155758,4.9786329454045175,-2.7918471588910316,0.21780797577722316,0.6958020414551864,154.34303736686707
1780959603.1971068,4.978616583256107,-2.7919520564541145,0.21809430446509093,0.6980073580703641,154.38438630104065
1780959603.239323,4.978850177372195,-2.791765830485854,0.21807775241395722,0.6996512007371898,154.42660236358643
1780959603.2722647,4.978954482810173,-2.7917330231592423,0.21796485025633036,0.7015799990792067,154.45954418182373
1780959603.313475,4.978889117803925,-2.791891896159051,0.21814625472016633,0.7038877333268285,154.50075435638428
1780959603.3502858,4.978920510306963,-2.791939111879074,0.21803247761431405,0.705979826623512,154.53756523132324
1780959603.392722,4.9790509400670855,-2.7918695532186764,0.21795813849182755,0.7078437924440841,154.58000135421753
1780959603.4358857,4.979096324162983,-2.7918849693170897,0.21817521539973359,0.7098800087020809,154.62316513061523
1780959603.4774427,4.979066609141144,-2.792004360799792,0.2178487994369592,0.7121038087676688,154.66472220420837
1780959603.5224652,4.9791181166399605,-2.7919990577835847,0.2183669977894272,0.7141130071319299,154.70974469184875
1780959603.560846,4.979346340494324,-2.7918188059998745,0.21790783542792366,0.7157557118079536,154.7481255531311
1780959603.6062906,4.979413292804958,-2.7918123182851184,0.217735549107586,0.7177407867814081,154.7935700416565
1780959603.6488354,4.979324758333291,-2.7919651505233296,0.2180999839844796,0.7200499326167664,154.83611488342285
1780959603.6879041,4.979235069509179,-2.792127288260045,0.21808550206418179,0.7223749293673887,154.8751835823059
1780959603.7369304,4.979379367109332,-2.7920277716895003,0.2179002165027759,0.7241793757842618,154.92420983314514
1780959603.7710485,4.979489242914985,-2.791948486695584,0.21821761138353338,0.7260360331589943,154.95832800865173
1780959603.8168013,4.979479869289703,-2.792026117527057,0.21777834054480108,0.728180270926643,155.0040807723999
1780959603.8574343,4.979474380541767,-2.792065836011364,0.2183144246205313,0.7302786645652564,155.04471373558044
1780959603.8971753,4.979560656300189,-2.792033912137926,0.2177954688916729,0.7322069504759927,155.08445477485657
1780959603.9393454,4.979613471359894,-2.792004750879837,0.21833031526649022,0.7341680172558807,155.12662482261658
1780959603.9748926,4.979604820107539,-2.79207575676171,0.21774193566951427,0.7362970455217992,155.1621720790863
1780959604.0165668,4.979599661036607,-2.792104851725786,0.2183495647123295,0.7383769955361643,155.20384621620178
1780959604.0570443,4.979726085938903,-2.7920231999823337,0.21773472309054634,0.7402031625854324,155.24432373046875
1780959604.0878434,4.979817590555762,-2.7919495521836604,0.21811699559014305,0.7420683926302036,155.27512288093567
1780959604.1260755,4.979655814021953,-2.7921629879693692,0.21803557547551872,0.7444962863014455,155.31335496902466
1780959604.1661816,4.979651437252561,-2.7922106246979332,0.21770380244638557,0.7465875427262159,155.35346102714539
1780959604.1990833,4.979772435442548,-2.792101894746402,0.21801212994665645,0.7483824510858064,155.3863627910614
1780959604.2421699,4.979935865981937,-2.7919534478097847,0.21810975124601653,0.7500826263020155,155.42944931983948
1780959604.2739756,4.979831480573225,-2.7921038863331873,0.21778375033576086,0.7523765969738427,155.46125507354736
1780959604.317099,4.979800621067971,-2.7921516328366707,0.21817790011847388,0.7544877573460447,155.5043785572052
1780959604.3583996,4.980035898167513,-2.7919361442828303,0.21785732970491015,0.7560384884697235,155.54567909240723
1780959604.4003716,4.980122545861563,-2.791872543309065,0.21774552454847024,0.7579015251405448,155.587651014328
1780959604.4417758,4.980008582674699,-2.792012153547135,0.2178680901660089,0.7601853545585442,155.62905526161194
1780959604.4751415,4.979881366122939,-2.7921613492598936,0.21802775394567453,0.7624937871103459,155.66242098808289
1780959604.5211241,4.979961459688691,-2.7921109384249307,0.21758758968580827,0.7643709972872532,155.7084035873413
1780959604.557504,4.980042435799251,-2.7920264576475735,0.21823264308942036,0.7662078459799204,155.74478340148926
1780959604.5916789,4.980109336955418,-2.7919954573821126,0.2175319205842223,0.7681138985859866,155.77895832061768
1780959604.63267,4.980125426955047,-2.7919789890096305,0.21814304907989948,0.7700857499689651,155.81994938850403
1780959604.6674297,4.980056930681934,-2.792078974908341,0.2176336889360723,0.772269038367023,155.85470914840698
1780959604.70935,4.979990988493229,-2.7921542284885943,0.21790025694773954,0.7744214627248525,155.89662957191467
1780959604.7452242,4.980185783305964,-2.7919680574673795,0.21794050688535668,0.7760222122863389,155.93250370025635
1780959604.7773793,4.980294832280039,-2.7918816008986456,0.21755268582245194,0.7778096889861157,155.96465873718262
1780959604.81754,4.980267437226402,-2.7919129260070723,0.2178973350821777,0.7798665724757257,156.00481939315796
1780959604.8485157,4.980079401835545,-2.7921149142328456,0.2178821491423922,0.7822754066465851,156.035795211792
1780959604.8922365,4.980139216122977,-2.7920760839009655,0.2175523817999489,0.7841625926787881,156.07951593399048
1780959604.9361458,4.980251992309189,-2.791958964545436,0.21807119511600956,0.7859078958511239,156.12342524528503
1780959604.970267,4.980366244825073,-2.791873946771413,0.21746428785167013,0.787681871619073,156.15754652023315
1780959605.0118558,4.980380556421967,-2.791858258538958,0.21789564435883924,0.7896328806360486,156.19913530349731
1780959605.0463393,4.980165780999456,-2.7920823159418697,0.21785163428072868,0.7920843316384722,156.2336187362671
1780959605.0886478,4.980201325827811,-2.792069047150452,0.21743082112503817,0.794014164253797,156.27592730522156
1780959605.1268046,4.9803035822919375,-2.7919615247298006,0.21804625653146384,0.795769454689137,156.31408405303955
1780959605.1603796,4.980462441512588,-2.791833498922858,0.21742159924587018,0.7974372242873571,156.34765911102295
1780959605.2029023,4.980528238761309,-2.791772802054152,0.21767605621233616,0.7992752446685492,156.39018177986145
1780959605.2349668,4.980341345965067,-2.7919622569026066,0.21778006329374994,0.801650264982043,156.42224621772766
1780959605.2759306,4.980319604704063,-2.791987887783304,0.21796245089965602,0.8036764059538122,156.463210105896
1780959605.3122203,4.980573839206504,-2.7917643881401495,0.21760096875002582,0.8051302024300817,156.49949979782104
1780959605.3461907,4.980643311953589,-2.7917142795128935,0.21743279271196897,0.8069665835411417,156.5334701538086
1780959605.3880308,4.98052352184619,-2.791834300768384,0.2176591713270084,0.809188359603306,156.57531023025513
1780959605.4305239,4.980361616722983,-2.7919976650088074,0.2177060774604133,0.8115030956955653,156.61780333518982
1780959605.4622076,4.980411606394889,-2.7919729932296633,0.21734853497083673,0.8133820678647972,156.6494870185852
1780959605.5014572,4.98050770386994,-2.7918766523767964,0.21798732752781239,0.8151336921948431,156.6887366771698
1780959605.537511,4.980643248005417,-2.7917830832728066,0.21726099144956906,0.8168408166194228,156.72479057312012
1780959605.5846472,4.98070522131727,-2.7917270343746603,0.2177087098332799,0.8186672739939649,156.77192664146423
1780959605.630493,4.980480242264851,-2.791952798737641,0.2176667305863058,0.821108119331722,156.81777238845825
1780959605.664977,4.980432789839654,-2.7920243783920373,0.2172071839910424,0.8231908187136883,156.85225653648376
1780959605.7073562,4.980491648534455,-2.7919746389789832,0.21760178490251175,0.825024245562112,156.89463567733765
1780959605.7417612,4.980765884932133,-2.7917348155847703,0.21775287776489988,0.8264117830870026,156.9290406703949
1780959605.788719,4.980748919294631,-2.7917814506745713,0.21728789117452585,0.828423625463687,156.97599840164185
1780959605.8341446,4.980619187928204,-2.7919093299205553,0.21770065891881205,0.8306510111696515,157.0214240550995
1780959605.8702521,4.980652614032632,-2.7919002463936953,0.21759578177630923,0.832550983412232,157.0575315952301
1780959605.9178925,4.980835555373248,-2.7917666390997367,0.21722363095982458,0.8341463152405986,157.10517191886902
1780959605.954942,4.980891349061094,-2.7917243735532464,0.21773325590603515,0.8359774823328667,157.14222145080566
1780959606.0028656,4.98065885424079,-2.7919636777956196,0.2175012716944846,0.8384334360364338,157.19014501571655
1780959606.0488634,4.980621476781403,-2.792031627539706,0.21713349012881047,0.8404870464354088,157.23614287376404
1780959606.089882,4.98073970533273,-2.7919445847065165,0.21735061858726953,0.8422009858357722,157.277161359787
1780959606.132825,4.98096207305011,-2.7917613475204486,0.21780696432858865,0.8436893641108654,157.32010436058044
1780959606.1681,4.980931348351457,-2.7918321391116026,0.21727695653681595,0.8457314372064442,157.35537958145142
1780959606.2148252,4.980829606542468,-2.7919412948684617,0.2176995347498478,0.8478994356717298,157.40210461616516
1780959606.2584403,4.98097962471866,-2.7918474053908366,0.2174064062936792,0.8495648673081622,157.4457197189331
1780959606.3001428,4.981168861144294,-2.7917150210313615,0.21739424189650572,0.8511399160629844,157.4874222278595
1780959606.3437068,4.981092615302039,-2.791819847255092,0.21725049519365497,0.8532685872012333,157.5309863090515
1780959606.3796277,4.9809748007383625,-2.791944816297004,0.21770557426023193,0.8554685497870516,157.5669071674347
1780959606.4246569,4.981026646945532,-2.79195218919788,0.2171499450545109,0.8573479906959776,157.6119363307953
1780959606.465714,4.981104349092494,-2.7919062299648645,0.21777990103956651,0.8591409201485831,157.65299344062805
1780959606.5036213,4.981213125323933,-2.7918698051094273,0.21712904803518995,0.8609054340746471,157.6909008026123
1780959606.5501797,4.981268094742748,-2.791851008797169,0.21763496202442073,0.8627507463187492,157.73745918273926
1780959606.5871394,4.981155288562506,-2.791998806469867,0.21729236452870812,0.8649651865357217,157.77441883087158
1780959606.6364963,4.98112193651206,-2.792070735577697,0.21729137903077503,0.8670110665699324,157.82377576828003
1780959606.6792994,4.981283040934093,-2.7919725783583313,0.21759838110943203,0.8686491946479524,157.86657881736755
1780959606.7193418,4.981432318676336,-2.7919038084368535,0.21719834834814097,0.8703281296737835,157.90662121772766
1780959606.7656271,4.981466921129726,-2.791916738524881,0.21750154956749937,0.872229267896568,157.95290660858154
1780959606.8127275,4.981367682824097,-2.7920536084417003,0.21737281992818966,0.8745458914069522,158.0000069141388
1780959606.84429,4.981412271167528,-2.792069470254389,0.21734899500400473,0.8766656386871841,158.031569480896
1780959606.8894389,4.981596366853779,-2.791968251071531,0.21739265468683278,0.8785432805308719,158.0767183303833
1780959606.9276443,4.981757007640237,-2.791896636918521,0.2171841911697534,0.8806689768726415,158.11492371559143
1780959606.975764,4.981724768593954,-2.7919747662036922,0.21740125048634468,0.883163058041637,158.16304349899292
1780959607.022893,4.981668501280791,-2.792074615471785,0.21758861630709372,0.88594592813077,158.21017241477966
1780959607.0589733,4.9818367898099964,-2.7920041773886655,0.21736418883682168,0.888298486718524,158.24625277519226
1780959607.1031432,4.981906170419319,-2.792009634386404,0.21739653313555765,0.8909817347160818,158.29042267799377
1780959607.1352148,4.981897500067361,-2.792078637260222,0.21749176826204641,0.8939822076602679,158.32249426841736
1780959607.1792283,4.982018226995705,-2.792047076497591,0.21757915055766863,0.8966906265221102,158.36650776863098
1780959607.2208052,4.982267741478882,-2.791930089282564,0.21708203422445538,0.8995550664521268,158.4080846309662
1780959607.2538877,4.982358927231862,-2.7919268750389974,0.217173404082277,0.9026985881162783,158.44116711616516
1780959607.2987454,4.982434363767969,-2.791929594723882,0.2176863556706145,0.9061692090789588,158.48602485656738
1780959607.336093,4.982554426005213,-2.791900005195706,0.21764719029795915,0.910242896630379,158.5233724117279
1780959607.382174,4.982366652240965,-2.792108657847775,0.21714749330894945,0.9148652150129113,158.5694534778595
1780959607.4264936,4.982300453018834,-2.7922098420873604,0.21654656982518233,0.918919371884293,158.6137731075287
1780959607.4659333,4.982369010176912,-2.7921732454591233,0.21676243823445845,0.9226143300305569,158.65321278572083
1780959607.508787,4.982712217109221,-2.7919142428771595,0.21698228508168457,0.9257010422957004,158.69606637954712
1780959607.5425732,4.983109034465273,-2.791586335966032,0.2178644458122182,0.9285997907594652,158.7298526763916
1780959607.5863197,4.983246159982343,-2.791473115906718,0.21741812895029905,0.9319863085473745,158.77359914779663
1780959607.6248996,4.983086199768145,-2.7915763927306445,0.21657735894304425,0.9359569410538224,158.81217908859253
1780959607.6610112,4.982891490556757,-2.7916521874152123,0.21726812702158754,0.9398911410000448,158.848290681839
1780959607.7010925,4.982999401782953,-2.791495715533789,0.21786949304748401,0.9432233074136622,158.8883719444275
1780959607.734144,4.983386789148248,-2.7911619927925497,0.2169333529936658,0.94601678062768,158.92142343521118
1780959607.7796097,4.983709383618277,-2.790840759241631,0.21681669631866807,0.9488519636356187,158.9668891429901
1780959607.819324,4.983727301941472,-2.790731860628391,0.21640171869678965,0.9522987104757661,159.00660347938538
1780959607.8510563,4.983606660413571,-2.7906819132499057,0.21706063506234097,0.9559255028334057,159.0383358001709
1780959607.892074,4.983186894885909,-2.7908363673594376,0.21752216532914942,0.9600828529024596,159.0793535709381
1780959607.9264631,4.983020246956651,-2.7908050185045172,0.21779893037445922,0.9637391763513783,159.11374258995056
1780959607.9669662,4.983273625763527,-2.7904929901141506,0.21712205523315203,0.9665496131266895,159.1542456150055
1780959608.0057385,4.983569961775989,-2.7901167842553347,0.21732490808633237,0.9692220306805783,159.19301795959473
1780959608.0408173,4.983503550822685,-2.7899893033137806,0.21696062252918577,0.9725541748128617,159.22809672355652
1780959608.08767,4.983231815771735,-2.789979164363087,0.2170775296098677,0.9762081699154788,159.27494955062866
1780959608.1300976,4.98300743572687,-2.7899033489696294,0.2180127465472452,0.9797183971973116,159.3173770904541
1780959608.1601756,4.982987945278955,-2.7897269365352066,0.21694866664790427,0.9828256405233313,159.34745502471924
1780959608.2012892,4.983041940871376,-2.789462049398695,0.21697629748560665,0.9857217068127602,159.38856863975525
1780959608.2385685,4.9830665654885795,-2.789176934280972,0.21811710383611668,0.9886073000501003,159.42584800720215
1780959608.2890084,4.9830040318969795,-2.788990302253106,0.21704867289712648,0.9916450645924062,159.47628784179688
1780959608.3320794,4.982864846008161,-2.7888199470787556,0.21686219291657957,0.99478323554764,159.5193588733673
1780959608.3669157,4.982708498431784,-2.7886131818813302,0.21813837394536603,0.9978620838645593,159.55419516563416
1780959608.4127333,4.982617595348197,-2.7884013261344864,0.21732054327942307,1.0008214193341836,159.60001277923584
1780959608.4495265,4.9825732595158,-2.788140689735437,0.21678721941000723,1.0036446538937032,159.63680601119995
1780959608.4958787,4.98250514221188,-2.787843735407245,0.2178909939365749,1.0064299216631767,159.68315815925598
1780959608.5393705,4.982360485233455,-2.78761111036137,0.21773353179422866,1.00933431620411,159.72664999961853
1780959608.5780811,4.982175786205374,-2.7874099744085488,0.21685997118256042,1.0122681763030412,159.76536059379578
1780959608.621575,4.9819813002377975,-2.78716208876493,0.21765047354523107,1.0151499396896808,159.80885457992554
1780959608.6591733,4.9818639075570115,-2.7868596598285413,0.2181370014230793,1.0178432473228929,159.8464527130127
1780959608.7068865,4.981845804015794,-2.786521110509714,0.21709597701563252,1.0203526581462352,159.89416599273682
1780959608.7498274,4.981811756559355,-2.7861412320557526,0.21765982174003215,1.0228133017533096,159.93710684776306
1780959608.7883368,4.981574550211779,-2.785868804160366,0.21832336476171843,1.0255739886901658,159.97561621665955
1780959608.8311234,4.981199580977913,-2.7857072221810415,0.21731274264609732,1.0285684947115836,160.0184028148651
1780959608.8682363,4.980804547811196,-2.785511246462767,0.21770140084998685,1.0315153970202937,160.0555157661438
1780959608.918933,4.980757710351777,-2.7850991938946454,0.21779974371956398,1.033824566828315,160.10621237754822
1780959608.95963,4.980939960787659,-2.7845364491219273,0.21802551374657567,1.0356822914266122,160.14690947532654
1780959608.9972847,4.980797372078629,-2.7841562162971774,0.2180333771651616,1.0380486661778558,160.18456411361694
1780959609.0438933,4.980309236050599,-2.783976541680555,0.21763600397895885,1.0409677657915495,160.2311728000641
1780959609.0788515,4.979873807726263,-2.7837278512458794,0.21828814232694346,1.043727145119905,160.26613092422485
1780959609.1289237,4.979882877076993,-2.783226573254487,0.21806015240377305,1.0457139307106944,160.3162031173706
1780959609.1722188,4.979973373989915,-2.78266236412753,0.21792004503798176,1.047504782616926,160.3594982624054
1780959609.2085948,4.979728877026643,-2.7822827272181736,0.21754334677185613,1.0498181209511896,160.39587426185608
1780959609.2529888,4.9793515071876975,-2.7819413173680307,0.2182057774780338,1.0522848348635145,160.44026827812195
1780959609.293488,4.978723251363419,-2.7817405693926816,0.21837796885918717,1.0551293840897538,160.48076748847961
1780959609.340348,4.978484748955349,-2.781321383778168,0.21778525925239445,1.0572995817461912,160.52762746810913
1780959609.3817074,4.978358298381644,-2.7808050344994943,0.21810385212013486,1.059219187859453,160.5689868927002
1780959609.4179778,4.978227048615796,-2.780272034126731,0.21857542141463868,1.061102854084515,160.60525727272034
1780959609.4544766,4.977968004205501,-2.7798263898216105,0.21776679936188337,1.063167395470014,160.64175605773926
1780959609.497554,4.977688792347922,-2.7793430804233594,0.2184964900555671,1.065228311406309,160.68483352661133
1780959609.5334077,4.977318498647656,-2.7789156219755817,0.21853382991967998,1.0675662683628282,160.7206871509552
1780959609.5791268,4.9768435382073,-2.7785565372053127,0.2179513714127648,1.0700396717229417,160.76640629768372
1780959609.6137242,4.976438258151978,-2.778125484284041,0.21861140959747172,1.0723514502432376,160.8010036945343
1780959609.6603994,4.97645272468359,-2.77747679507905,0.21853824590714557,1.0739695347571079,160.84767889976501
1780959609.7042754,4.9763596006725646,-2.776888299857948,0.21807921643655848,1.0757197460224814,160.8915548324585
1780959609.741704,4.976085268190844,-2.776378230096523,0.21828605699346784,1.0777195460226263,160.9289834499359
1780959609.7854004,4.975508944881706,-2.7760233870515147,0.21850694767819506,1.0801446540766735,160.97267985343933
1780959609.8234506,4.974955970737985,-2.7756419737269242,0.21914854664168817,1.0824989143300616,161.01073002815247
1780959609.8685362,4.9748392948266345,-2.775046362724569,0.21867451424989942,1.0841541631324194,161.0558156967163
1780959609.908728,4.974789076899329,-2.7744044003170973,0.21839718190799493,1.0856632463544749,161.09600734710693
1780959609.94334,4.974487420315156,-2.773882465539193,0.21841072906228168,1.0875200351040935,161.13061952590942
1780959609.9834461,4.973919723011856,-2.773487555759193,0.21866572411529323,1.0897348421459947,161.17072558403015
1780959610.0175931,4.973323817519189,-2.7730974407188502,0.21907142119851242,1.0919595557114805,161.20487260818481
1780959610.06276,4.973063670269318,-2.772548394653452,0.21846051654208062,1.093653802788043,161.25003957748413
1780959610.1010587,4.972845376347742,-2.7719435301518707,0.21914266325824325,1.0952332465338,161.2883381843567
1780959610.1355255,4.972546574213968,-2.771392607478058,0.21879894472864722,1.0969127760422106,161.32280492782593
1780959610.1742265,4.972138586871642,-2.770889860013566,0.218567304124441,1.098717414289343,161.36150598526
1780959610.207695,4.97172008402286,-2.7703605100457467,0.2194419432181802,1.1004893739534305,161.39497447013855
1780959610.2514005,4.971348929110848,-2.7698363938481756,0.21858456572041973,1.1021778861335347,161.43867993354797
1780959610.2883682,4.970982834673871,-2.7692746294116692,0.2190511522973054,1.103807977252881,161.475647687912
1780959610.3245835,4.97068587045061,-2.768676197689342,0.2191330520417815,1.105317223081709,161.51186299324036
1780959610.362333,4.970377636220539,-2.7680887867054005,0.21867690597595377,1.1068143260574157,161.54961252212524
1780959610.3955607,4.970009883348679,-2.767493951184275,0.2195811746665865,1.108351648630654,161.5828402042389
1780959610.4387152,4.969497835485146,-2.7669949655909973,0.21889603764762167,1.110089121537765,161.625994682312
1780959610.4790785,4.968967208108217,-2.76648176680683,0.2189954886926827,1.111807690204878,161.6663579940796
1780959610.5131438,4.96866351083557,-2.7658380070504305,0.2195231012260992,1.1131833991046705,161.70042324066162
1780959610.5509288,4.968615371635872,-2.7650807988785795,0.2190449093010794,1.114173898348053,161.7382082939148
1780959610.5842068,4.968233557746819,-2.7644724026149574,0.21884677672321426,1.1154413385666508,161.77148628234863
1780959610.6276133,4.966463384655116,-2.7645221780158113,0.2194893536884756,1.1166574864742218,161.81489276885986
1780959610.6693988,4.965195581805854,-2.7643429133730852,0.21927408749764868,1.1172052255313538,161.85667824745178
1780959610.7012088,4.964374373983867,-2.7639619887897235,0.21815872526817523,1.117023239466861,161.8884882926941
1780959610.742422,4.964070907348963,-2.7633395517326336,0.21629758084157116,1.1160947576562137,161.92970156669617
1780959610.7864773,4.964145567128409,-2.7625210087245047,0.21487330418399817,1.1146707378673781,161.97375679016113
1780959610.8186102,4.964121105791556,-2.7617086276274945,0.2156326412228225,1.1131890311062342,162.00588965415955
1780959610.858429,4.964132030918892,-2.760845822508214,0.21843706675770824,1.1116858583116915,162.04570841789246
1780959610.8925002,4.964266571495477,-2.759933931781114,0.22133815270377652,1.1100064921264439,162.07977962493896
1780959610.9372327,4.9643956254493355,-2.759104220672809,0.22064323603554523,1.1083153425224754,162.12451219558716
1780959610.9798198,4.96424094947525,-2.758457510197861,0.2177447800832514,1.1070720637978742,162.16709923744202
1780959611.0138924,4.963854333808496,-2.7579008225689754,0.2157292289639644,1.10618045785961,162.201171875
1780959611.0582664,4.963404800789048,-2.7573302730232325,0.21583575890862258,1.1053983515539798,162.24554586410522
1780959611.0970035,4.962950277365002,-2.7567238945833834,0.21800340521149267,1.1047232615120386,162.28428292274475
1780959611.1387284,4.962268894356363,-2.7562318373782433,0.2205049457705186,1.1044863353101135,162.32600784301758
1780959611.1737251,4.96121849924014,-2.7559633734690663,0.22124332356242019,1.104795051755727,162.36100459098816
1780959611.2122705,4.960317763345197,-2.75568131064971,0.21865901493910628,1.1051305400853,162.3995499610901
1780959611.2531347,4.959484264434873,-2.755341360110258,0.21680102180941282,1.1054285099194496,162.44041419029236
1780959611.2883856,4.958705099040458,-2.75492908450534,0.21692869588894015,1.105702862867556,162.47566509246826
1780959611.330942,4.9581298758695285,-2.7543787012605545,0.21879688544277626,1.105881829751218,162.51822137832642
1780959611.375691,4.958001057766426,-2.753614678291643,0.22021710321131036,1.1055056723948056,162.56297039985657
1780959611.4155202,4.9585309780203914,-2.752544793023108,0.22034979265800253,1.1045351059830306,162.60279965400696
1780959611.457743,4.958924206492383,-2.7515811387112286,0.21847196436553687,1.1037822890929494,162.64502239227295
1780959611.496214,4.959096866302544,-2.7507173497854414,0.21686666780984548,1.1034599210655935,162.6834933757782
1780959611.5428622,4.959258217757036,-2.749822511233008,0.21687166173948724,1.1033303510933976,162.73014163970947
1780959611.5841932,4.958885056133413,-2.749200075290239,0.21651871939773354,1.1038878952821438,162.77147269248962
1780959611.621005,4.958958597372281,-2.7483575546048185,0.21555484165144723,1.1051755153727187,162.8082845211029
1780959611.6668983,4.9585896953836865,-2.7477156547915422,0.21514312506986882,1.1069741233815948,162.85417771339417
1780959611.7041416,4.957864967609652,-2.7472090288399644,0.2162298009919766,1.1090715056641738,162.89142107963562
1780959611.7499971,4.956591514889127,-2.7469594892896456,0.21725741094430032,1.1117610986755846,162.93727660179138
1780959611.789971,4.9548638101442455,-2.746892701931953,0.21962613921448904,1.1146196581977303,162.9772505760193
1780959611.8282003,4.9521686911932,-2.7473054112374364,0.22174242449524031,1.1174153016307136,163.01547980308533
1780959611.8748722,4.950042035579505,-2.747462082559956,0.22278802284122637,1.1195320835783669,163.06215167045593
1780959611.9092102,4.948359421371325,-2.747417181339044,0.22293312186811315,1.1209493472140277,163.09648966789246
1780959611.9566977,4.947248015572592,-2.7471042736645255,0.22235895708782685,1.121645340861221,163.14397716522217
1780959612.0034535,4.946689664693392,-2.746528932657735,0.2212183958135218,1.1216013660873383,163.19073295593262
1780959612.0413406,4.9466683842342825,-2.74569646781985,0.219629597713733,1.120807885682539,163.22862005233765
1780959612.087605,4.947251697493138,-2.7445724829728677,0.21766939649309194,1.1192603150112026,163.27488446235657
1780959612.137194,4.94833727720746,-2.743206753580959,0.21535461013641288,1.1169727779756249,163.32447338104248
1780959612.1745553,4.949781647355479,-2.7416503873659814,0.2138462367412252,1.1142427632743424,163.3618347644806
1780959612.2264562,4.95120447287146,-2.7400632163540037,0.21474175158070843,1.1115145508227346,163.41373562812805
1780959612.2678614,4.952520061868133,-2.7385002223976507,0.21771897685731165,1.1089354505013578,163.4551408290863
1780959612.3149996,4.953344979245552,-2.7371987804921427,0.2205576496992585,1.1070101621975326,163.50227904319763
1780959612.3578928,4.953583373647682,-2.73621381126568,0.22263105068810043,1.105860382280004,163.54517221450806
1780959612.3937182,4.953249460596366,-2.735532344752809,0.22392358819506308,1.1054611527622349,163.5809977054596
1780959612.4376771,4.952360516535169,-2.7351418949489616,0.22438718772393124,1.1057850709711001,163.6249566078186
1780959612.4735808,4.9509397766358685,-2.7350289412560476,0.22394749111960238,1.1068025737608043,163.6608603000641
1780959612.5208144,4.94901655693636,-2.735177563049377,0.22251958084182696,1.1084824529345907,163.70809388160706
1780959612.565373,4.946625551445553,-2.7355676041474886,0.22003682268755462,1.1107919585894983,163.7526524066925
1780959612.61031,4.94428900990704,-2.7359255842620613,0.21705230701034572,1.1130983867475646,163.79758954048157
1780959612.6560793,4.942484266380657,-2.7360070897757236,0.21393895791380957,1.1147912334816805,163.8433587551117
1780959612.6955884,4.940987269664978,-2.7358921120915594,0.21254027949179966,1.1161156519957967,163.88286781311035
1780959612.7435887,4.940170417643738,-2.735432517301133,0.21134198435875254,1.116631500126247,163.9308681488037
1780959612.7864556,4.939795647936961,-2.7347236620307918,0.21172391703862484,1.1166016740706066,163.97373509407043
1780959612.8286526,4.940007712716309,-2.7337113363905288,0.21289008344420443,1.115867598108542,164.01593208312988
1780959612.8713212,4.940781692864812,-2.7324184259383197,0.2145660857727853,1.1144605823966067,164.0586006641388
1780959612.9075158,4.9418135988591985,-2.7309801400166083,0.21774306755059722,1.1127464814654147,164.09479522705078
1780959612.9524357,4.94329741636911,-2.7293414303984873,0.22052136965587923,1.1105096341425362,164.13971519470215
1780959612.9970624,4.944506548886771,-2.727860683831275,0.22282872400792053,1.1086350030022025,164.18434190750122
1780959613.0344465,4.945196793017187,-2.7266662166713047,0.22398378120721518,1.1074329736055688,164.22172594070435
1780959613.0749664,4.9453603364123335,-2.7257537496380415,0.22409493612632028,1.1069090299510513,164.2622458934784
1780959613.1104164,4.944989106182354,-2.725121639157621,0.2232574239088606,1.107070924838796,164.29769587516785
1780959613.155616,4.944075774784709,-2.724768067843595,0.2215602656832601,1.1079264572507341,164.3428955078125
1780959613.200349,4.9426181721709295,-2.7246880550013928,0.21908415629258718,1.1094804293865188,164.38762855529785
1780959613.2380178,4.94068041486063,-2.7248388594417814,0.21620349577791736,1.1116607457939862,164.42529726028442
1780959613.2817442,4.938662718443615,-2.724982738250661,0.21510352934066024,1.1139607817791912,164.4690237045288
1780959613.3202953,4.936694628632378,-2.725052604686221,0.21624448440834898,1.116204934523128,164.50757479667664
1780959613.3680193,4.935109608453428,-2.72491823130849,0.21808474207229347,1.1179959337510583,164.55529880523682
1780959613.41138,4.934152073639798,-2.7244874771677496,0.21933865115591428,1.11904116812633,164.59865951538086
1780959613.4499338,4.9338108229540785,-2.7237651938944185,0.2200125557326537,1.11935248396167,164.63721323013306
1780959613.4964695,4.934069422675578,-2.7227605866129054,0.2200640510582752,1.1189485164115682,164.683748960495
1780959613.5439713,4.934902389156413,-2.7214887673935295,0.21940871804537881,1.1178550998161114,164.73125076293945
1780959613.5765095,4.936253688029887,-2.7199784844714703,0.2180394906431975,1.1161290578572487,164.76378893852234
1780959613.61973,4.937702772088929,-2.718401644155105,0.2178108764182702,1.1142652907482091,164.80700945854187
1780959613.6567788,4.9387932324831665,-2.716993466206027,0.21805839185323947,1.1128435165119077,164.84405827522278
1780959613.7007658,4.939275337651632,-2.7158980482130697,0.2176592360924706,1.112197094013247,164.88804531097412
1780959613.749519,4.939131020494318,-2.7151177037425835,0.2167810305331531,1.112352411052031,164.93679857254028
1780959613.7878058,4.938349368339383,-2.7146523823544215,0.21553691894874386,1.113325568128329,164.9750852584839
1780959613.8347352,4.936959457524901,-2.7144817661176712,0.21411788472583254,1.115084337180031,165.02201461791992
1780959613.8746579,4.935339315971511,-2.714383584034976,0.2144882916161039,1.1171480760130148,165.06193733215332
1780959613.918729,4.933646962105224,-2.7142753037137837,0.21713472614346868,1.1193062649122876,165.1060085296631
1780959613.961796,4.931991913632062,-2.7141279351880625,0.22134939280172894,1.1214243792933196,165.14907550811768
1780959613.9976175,4.930616467006714,-2.713889541433881,0.22381914843635256,1.1232245725780547,165.18489694595337
1780959614.0395699,4.92942834043441,-2.713621571194817,0.2231407357980244,1.124845776812598,165.22684931755066
1780959614.0753376,4.928762022633562,-2.713117975943202,0.2213425225285741,1.1258335720286414,165.26261711120605
1780959614.1210573,4.928652931317577,-2.712353868199896,0.21872772809111013,1.1261313188704847,165.30833673477173
1780959614.1655223,4.9291025133872175,-2.7113228307342014,0.21554871707687273,1.1257236128263344,165.35280179977417
1780959614.206185,4.9297485023429655,-2.7101631067311955,0.21382270598800426,1.1250404299933887,165.3934645652771
1780959614.2534425,4.930400827111456,-2.708954074607782,0.21450134748806826,1.124325869866393,165.44072198867798
1780959614.296505,4.931019127984839,-2.7077254466355543,0.21742232699378602,1.123645353917757,165.48378443717957
1780959614.3475857,4.93136508547316,-2.706630135508161,0.22099819781172614,1.1233275331550736,165.53486514091492
1780959614.3965,4.93118962995017,-2.7058182803984345,0.22348568497273336,1.1237153136418758,165.58377957344055
1780959614.4332113,4.9306961853751305,-2.705201420064943,0.22387766906277926,1.1245495171753763,165.62049078941345
1780959614.4817853,4.9300120404178625,-2.7047255420880743,0.2215104461466821,1.1256593283714436,165.66906476020813
1780959614.5197203,4.9288223709613055,-2.7044957489662447,0.21815393292704788,1.127451597537271,165.70699977874756
1780959614.5659463,4.927354420722079,-2.7043717364419146,0.21532002929357996,1.1296267182409068,165.75322580337524
1780959614.612174,4.925890738858237,-2.7041929463319527,0.2146798784810568,1.13179094383481,165.79945349693298
1780959614.6516755,4.924479775946968,-2.703942874851087,0.21625895647834595,1.1338734094018665,165.8389549255371
1780959614.6959445,4.9234583365317075,-2.703502714022009,0.21832460016437585,1.135446370544198,165.88322401046753
1780959614.730979,4.923033526765736,-2.7028023465240008,0.21964180804053424,1.1362433870961492,165.9182584285736
1780959614.781838,4.923183070187173,-2.701852591578286,0.22014434935929672,1.1362906393725343,165.9691174030304
1780959614.825538,4.923879283445914,-2.7006686027230584,0.21973907513798754,1.135616929087366,166.0128173828125
1780959614.8606355,4.925049785031643,-2.6992839328879668,0.21851424930873717,1.1343029345551292,166.04791498184204
1780959614.9059987,4.926131225056081,-2.69793575794112,0.2177496306435249,1.1330878571489968,166.09327816963196
1780959614.9536285,4.926649555900234,-2.6968667732691336,0.21628211954461748,1.1326429075358977,166.1409080028534
1780959614.986101,4.926556368365743,-2.6960924406374773,0.2142605309963026,1.1330445375789946,166.17338037490845
1780959615.027839,4.926067481225408,-2.6954817879377884,0.21317157487423427,1.1339999137422705,166.21511840820312
1780959615.0649002,4.925433516888751,-2.6948905780093364,0.2144974584297274,1.135152778878929,166.25217962265015
1780959615.1120336,4.924481146025154,-2.694429148467846,0.2169778611185525,1.1367484328029427,166.2993130683899
1780959615.1562927,4.9229678318457575,-2.6942483022465145,0.21868984208290296,1.1391440461408422,166.34357213974
1780959615.1951125,4.921028277714363,-2.6942834074973727,0.21946790497451532,1.1421647950616336,166.38239192962646
1780959615.2361066,4.919444617734944,-2.6941727399720437,0.21930639613789296,1.144719648669012,166.42338609695435
1780959615.2733703,4.918427896266716,-2.6938199967827106,0.21821604261206512,1.146500483087161,166.46064972877502
1780959615.3189912,4.917997685948269,-2.6932126180379434,0.2163882287372212,1.147470399339519,166.50627064704895
1780959615.360915,4.9181303695980505,-2.6923550631553903,0.2141788919325121,1.1476484460385503,166.54819440841675
1780959615.3970418,4.918432377739148,-2.6913864978246678,0.21372212441578484,1.1475588024880263,166.58432126045227
1780959615.4376605,4.918779920956718,-2.6903576742622155,0.21554076318654544,1.1473796446301403,166.62493991851807
1780959615.4755194,4.919150563130942,-2.68929622149521,0.2192880204929749,1.147158788552928,166.66279888153076
1780959615.5228555,4.919562954126981,-2.6882658195096423,0.22155229308365804,1.1469095773728633,166.71013498306274
1780959615.5702674,4.919945419571303,-2.687332486639454,0.22016740384336472,1.1467449932396212,166.75754690170288
1780959615.6116045,4.919885332632682,-2.686625699057431,0.21733667566056458,1.147237816188687,166.7988839149475
1780959615.6613786,4.919348416147034,-2.6861292321297374,0.21423133638449668,1.1484381953072447,166.84865808486938
1780959615.7001739,4.9186870207675275,-2.6856414901642016,0.21313823639166443,1.1498140232731924,166.8874533176422
1780959615.7527733,4.917957510069862,-2.6851378438720177,0.21438532257881837,1.1512786471330578,166.94005274772644
1780959615.7948117,4.917181110442326,-2.684623040854978,0.21772254059738763,1.1528042992976184,166.9820911884308
1780959615.8333955,4.91627997575109,-2.684183834576864,0.22096675082624467,1.1545299626321146,167.02067494392395
1780959615.877627,4.915384946486495,-2.6838270893304266,0.22048184259561673,1.1563025553736965,167.06490635871887
1780959615.9150445,4.9147233570790565,-2.6834205388155916,0.21724203986784388,1.1577728375462053,167.10232400894165
1780959615.9590583,4.914399124924372,-2.682850177648477,0.21422625676111864,1.1587309055203923,167.14633774757385
1780959616.00253,4.914109814710512,-2.68221555376713,0.21339825527036527,1.159611095046686,167.18980956077576
1780959616.0394554,4.913853413971015,-2.6815242433549638,0.21483303741063334,1.160420379391864,167.2267348766327
1780959616.0858068,4.913661526566277,-2.6807802803076055,0.21811377894259398,1.1611232999760768,167.27308630943298
1780959616.1218495,4.9138386222904336,-2.679911504759939,0.2205871083991879,1.161290620610794,167.30912899971008
1780959616.1697865,4.9141077715776325,-2.679085988373895,0.21953353637112763,1.1613671401827599,167.3570659160614
1780959616.2147675,4.914242701639767,-2.678367823571665,0.21605627411432904,1.1616774740564448,167.40204691886902
1780959616.2534811,4.91426639716522,-2.677658977947493,0.21414299096051181,1.1621463953366256,167.4407606124878
1780959616.2978184,4.914226056371904,-2.676935236296939,0.21438027419819677,1.1627006924386798,167.48509788513184
1780959616.3470461,4.91409348678667,-2.6762187706714635,0.21657948561854554,1.1633907526623002,167.5343255996704
1780959616.3838124,4.913535411043981,-2.6757019327055205,0.21858380949982983,1.1647588128628312,167.57109189033508
1780959616.42746,4.912473541428489,-2.6754319299173877,0.2194829001224553,1.1669407594421752,167.61473941802979
1780959616.4673061,4.911306118556897,-2.6752658758747074,0.21758814860924566,1.1693375327557591,167.6545855998993
1780959616.515587,4.910320165430625,-2.6750255553364664,0.2153848043594505,1.171460910664293,167.70286655426025
1780959616.5593739,4.909383942503636,-2.674721085866305,0.21512444190610946,1.1734880083063457,167.74665331840515
1780959616.5975955,4.908827001020103,-2.674248842570795,0.21530966919650685,1.1749188578576497,167.78487491607666
1780959616.6446662,4.908865939790029,-2.6735463661939103,0.2148261980308608,1.1754194339437856,167.8319456577301
1780959616.68254,4.909162213557133,-2.6727243878274782,0.21532386219832275,1.1754983207196563,167.8698194026947
1780959616.7270322,4.909536650311339,-2.671845407474883,0.2175114748061777,1.1754412364332527,167.91431164741516
1780959616.7740047,4.910256681617064,-2.670858204439292,0.21868167969162103,1.1748519074857118,167.961284160614
1780959616.8127537,4.910724412176203,-2.67003205030818,0.21779682784180213,1.174693166257887,168.0000331401825
1780959616.85991,4.910657648365632,-2.6694529828486067,0.2159417957319891,1.1754170632045486,168.04718947410583
1780959616.8965125,4.910206613643167,-2.669031172647381,0.21422786127612217,1.1767775788308974,168.08379197120667
1780959616.9436631,4.909682545952851,-2.668598909416842,0.21453955779581094,1.178248071358552,168.1309425830841
1780959616.9858446,4.9091056501946655,-2.6681552218900157,0.21682149115726165,1.1797961714714411,168.1731240749359
1780959617.032233,4.908277496721186,-2.6678273903975125,0.21913391709573646,1.1817647871159478,168.21951246261597
1780959617.0769937,4.907397399110512,-2.6675991559809358,0.2181240783336632,1.1838751145363648,168.2642731666565
1780959617.1187513,4.906842310231975,-2.6672739336094593,0.2153980609634876,1.1854856780383578,168.30603075027466
1780959617.1656034,4.906397753576643,-2.666869246329713,0.21415316942940135,1.1868974166948982,168.35288286209106
1780959617.210859,4.90599193161671,-2.666409170620367,0.21495075965553412,1.188225938257311,168.3981385231018
1780959617.2512014,4.905775626309283,-2.665856700192815,0.21693584282935321,1.1892403177943507,168.43848085403442
1780959617.2887092,4.90609710526865,-2.6651196742377623,0.218032333817162,1.189392421393416,168.4759886264801
1780959617.3281527,4.906845038874828,-2.664254077366861,0.2176095566416655,1.1888600870441142,168.5154321193695
1780959617.371444,4.90731252825645,-2.6635433461746647,0.21558010776130349,1.188813252330327,168.55872344970703
1780959617.4164865,4.9076075681335745,-2.662879433319612,0.2147941200885435,1.1890532713360509,168.60376596450806
1780959617.4550996,4.907622648565891,-2.6623128647719794,0.21491921105086864,1.189758821346926,168.64237904548645
1780959617.4991112,4.907109700145038,-2.661974081231562,0.21457062438787,1.1913687146578003,168.68639063835144
1780959617.5358062,4.906443673599613,-2.66167052679434,0.2157268670609458,1.1932369047774172,168.72308564186096
1780959617.5826986,4.905462691447607,-2.661490874467284,0.21723668752919528,1.19563535942358,168.76997804641724
1780959617.624809,4.904261048716213,-2.6614248831260796,0.21782961346050805,1.1984360544686048,168.81208848953247
1780959617.6598196,4.903563130540423,-2.6611877063725453,0.21739149386365406,1.2004156873236882,168.84709906578064
1780959617.7059007,4.903415262601838,-2.6607604530093334,0.2159658046747824,1.2014927066972465,168.89318013191223
1780959617.7571595,4.903639141320848,-2.6601915432890952,0.21459987065721156,1.2019470698514958,168.94443893432617
1780959617.795052,4.903885964660331,-2.6595793385095914,0.2151351298644629,1.202347756374044,168.98233151435852
1780959617.8390167,4.90413076354976,-2.65894174840083,0.21748251977163133,1.2027461727048223,169.02629613876343
1780959617.8786283,4.90428669391392,-2.6583753978895435,0.2187840277488644,1.2033270697606175,169.0659077167511
1780959617.92113,4.904299240046285,-2.6579385520592838,0.2170636415616598,1.2041963320851172,169.10840940475464
1780959617.960882,4.9039175690569135,-2.6576618529234475,0.21490915958737877,1.2057525291434805,169.1481614112854
1780959617.9898407,4.903478493609525,-2.6573693353801824,0.21452492966927864,1.2073990327885449,169.17712020874023
1780959618.027255,4.903018284431124,-2.6570496196407207,0.2160619707193387,1.2090711650180772,169.2145345211029
1780959618.056873,4.902595557858907,-2.6567072141244945,0.2185706345330106,1.2106829941133963,169.24415254592896
1780959618.0954762,4.902243699120762,-2.6564164366593284,0.2178917171688915,1.2122279812518046,169.28275561332703
1780959618.1379216,4.902160707203473,-2.6560644146532644,0.21547619720247602,1.213351792138484,169.3252010345459
1780959618.1725273,4.902134943509573,-2.6556577629656672,0.21459737294703404,1.2143659829065454,169.35980677604675
1780959618.215042,4.902106355063945,-2.6552168151570377,0.21563460507103174,1.2153755031083602,169.40232157707214
1780959618.2475638,4.902065848388337,-2.654760705868916,0.21815032882272195,1.2164054540580365,169.43484330177307
1780959618.2894306,4.902028411443453,-2.654369998432491,0.21809527461019637,1.2174783482653009,169.47671008110046
1780959618.3298798,4.90191410044994,-2.6540639843619713,0.21560266296885539,1.2187217743589551,169.51715922355652
1780959618.3609242,4.9017431268862435,-2.653744696418939,0.21464680556655344,1.220056164981128,169.54820370674133
1780959618.401157,4.901551914913691,-2.653396460627349,0.21559854056129107,1.2214163765338775,169.58843636512756
1780959618.4357398,4.901317402257425,-2.65304258830584,0.21804793680803872,1.2228478235021107,169.62301921844482
1780959618.481236,4.901029270249915,-2.6527703576286346,0.2180520430646777,1.2244146413670673,169.66851544380188
1780959618.520584,4.900799419644702,-2.6525314823653203,0.21567520289447656,1.2259230254865825,169.70786356925964
1780959618.5546122,4.90057991701181,-2.652253708412466,0.21489124401177911,1.2274043444978258,169.74189162254333
1780959618.5980449,4.900360948789213,-2.6519402491135966,0.21597624891214123,1.2288749098235865,169.78532433509827
1780959618.6315744,4.900246221570325,-2.651575810538351,0.2181747810964179,1.230173249669944,169.81885385513306
1780959618.6719205,4.900290371594488,-2.6512228985828483,0.2175984528726649,1.2312481802957667,169.85920000076294
1780959618.7135062,4.9003921519318,-2.6508851934270563,0.21555815070189221,1.2322569973084692,169.90078568458557
1780959618.7502294,4.9004772375399535,-2.6505164396777565,0.21530128835714843,1.2332857420503363,169.93750882148743
1780959618.7908661,4.900530386004558,-2.6501275061351386,0.2168257944263578,1.2343646663441419,169.97814559936523
1780959618.8246992,4.900250866979326,-2.6498653605451588,0.21827571433487356,1.2360182445448649,170.01197862625122
1780959618.8664908,4.899783818882371,-2.6497306688229316,0.21701637288206027,1.2380329270743884,170.0537703037262
1780959618.9061608,4.89926410000883,-2.6496170500251597,0.21566558897644095,1.2401482177391268,170.09344029426575
1780959618.942413,4.89875517937132,-2.6494624291988638,0.2160894125561773,1.242232993985298,170.12969255447388
1780959618.9800208,4.898557449194736,-2.6491979383070734,0.2168194838863693,1.243806244458904,170.1673002243042
1780959619.0286324,4.898905283421707,-2.6487758041314575,0.2165501111873487,1.2444882436156437,170.21591186523438
1780959619.058505,4.899450017991512,-2.6482820693458486,0.21691186392298023,1.2448423464213612,170.2457845211029
1780959619.0968616,4.899727957403149,-2.6478773613806945,0.2176004672493897,1.245649613246547,170.28414106369019
1780959619.132868,4.899482941148742,-2.6476772151461385,0.21719344233815993,1.2473580441356171,170.32014751434326
1780959619.1713688,4.898837284560224,-2.6476229670936458,0.21634146985130623,1.2497553956060123,170.3586483001709
1780959619.2148705,4.898179681741643,-2.6475423847248867,0.2169605992916745,1.2521679357135316,170.4021499156952
1780959619.2489715,4.897914139936608,-2.6473398590900294,0.21732508294680883,1.2539427238625969,170.4362509250641
1780959619.2923143,4.898187375028326,-2.646986710556804,0.21664910432589027,1.2548451341204885,170.4795937538147
1780959619.328066,4.898656609509856,-2.646562202166708,0.21661036239967388,1.2554238802909907,170.5153455734253
1780959619.3688767,4.898966041033433,-2.6461750163265454,0.21750804205192337,1.2562688543595115,170.55615615844727
1780959619.4089532,4.8987653919730825,-2.645979334257895,0.21741360865781814,1.2579805426052735,170.59623265266418
1780959619.443855,4.8981170678848684,-2.6459452473933545,0.2166135911364643,1.2604517243849926,170.63113451004028
1780959619.4822552,4.8974449086191845,-2.645893466761401,0.2170254742071261,1.2629614506476932,170.66953468322754
1780959619.5134432,4.897206251869536,-2.6457137464688034,0.2169973626194445,1.264773692842465,170.70072269439697
1780959619.5595143,4.897454842283929,-2.6453985026397,0.2162530849321995,1.2658027368415663,170.74679374694824
1780959619.5974846,4.8977782653693644,-2.6450362494897828,0.21685369979435262,1.2667058836501432,170.78476405143738
1780959619.6345983,4.898002694819463,-2.6446928156225087,0.21830678877909768,1.267776279833214,170.8218777179718
1780959619.674755,4.897987758810173,-2.644477638767109,0.21745831889550188,1.269270733839531,170.86203455924988
1780959619.7094996,4.89761978234483,-2.6443798665605494,0.21628286190289248,1.27135729899814,170.89677906036377
1780959619.751888,4.897229350716496,-2.644254365937847,0.21676177980287323,1.273473906509631,170.93916749954224
1780959619.791667,4.896985765691076,-2.6440672314405234,0.2181678526308905,1.2753556355074522,170.97894644737244
1780959619.8260353,4.897085237373632,-2.643819252822773,0.21762096203772743,1.2767104081239538,171.0133147239685
1780959619.8688326,4.897368390916074,-2.643530047040891,0.21654015044436817,1.2777841310401978,171.05611205101013
1780959619.9054947,4.897621422667075,-2.643217414156224,0.21710328187600086,1.2789027175835734,171.09277415275574
1780959619.9522703,4.897504312292593,-2.6430210925948234,0.21752354430137083,1.2806250789477343,171.13954973220825
1780959619.9996839,4.896920762315513,-2.642982209438071,0.217162120130702,1.283113932166768,171.18696331977844
