t,x,z,yaw,time_s
1780877251.738196,2.6057782590294587,5.062834446261621,-1.231512660331498,0.9083476066589355
1780877251.7743187,2.5326764990666675,5.112769091284682,-1.2120165979496602,0.9444704055786133
1780877251.8174665,2.545012668775951,5.050865247590618,-1.217168642086011,0.9876182079315186
1780877251.8521805,2.5383206448683433,5.044292216831466,-1.2137585185566968,1.0223321914672852
1780877251.8887048,2.526148638586911,5.094820666731056,-1.204093796952166,1.05885648727417
1780877251.9232755,2.5419498512462777,5.07442991480579,-1.205476132963676,1.0934271812438965
1780877251.9942415,2.556359037898705,5.077129777551712,-1.1994689440682875,1.1643931865692139
1780877253.387068,2.287539226470064,5.150876208777453,-0.9303720098704443,2.5572197437286377
1780877253.4243257,2.399551687251481,5.063294692642958,-0.950289316245418,2.594477415084839
1780877253.4586654,2.3932664147348848,5.0631633089505845,-0.9453843241283801,2.628817081451416
1780877253.4943428,2.2690575873642924,5.1606583607654075,-0.9158574018786495,2.664494514465332
1780877253.5336223,2.3958192071443127,5.041893354432241,-0.9413836290192795,2.7037739753723145
1780877253.5643487,2.43673353044535,5.070549804867285,-0.9433755753547116,2.7345004081726074
1780877253.602229,2.4007485503808423,5.1193369562668165,-0.9317387513723614,2.772380828857422
1780877253.6459544,2.4027190117893333,5.111887649432574,-0.9302093368443094,2.816106081008911
1780877253.6727557,2.420274014798033,5.075559888203831,-0.9336005061783905,2.842907428741455
1780877253.708615,2.446043527543859,5.068718575894262,-0.9365399020451116,2.8787667751312256
1780877253.7510881,2.3858853939071256,5.121601478843947,-0.9217769605109134,2.9212398529052734
1780877253.7829719,2.4474727716245477,5.094298135569355,-0.9317114008683186,2.9531235694885254
1780877253.8185613,2.407604282373307,5.103858327531339,-0.9235657776114783,2.988713026046753
1780877253.8512027,2.460420629105861,5.078185245894314,-0.9328565013520103,3.0213544368743896
1780877253.8865278,2.418960118707947,5.1129142204973,-0.9235670549071842,3.0566794872283936
1780877253.919899,2.5304562668549555,5.015335118496609,-0.9474589401560384,3.09005069732666
1780877253.9572508,2.5023490908720776,5.063618148883149,-0.9393658452023045,3.1274025440216064
1780877253.9903579,2.4276629785864703,5.099549717583851,-0.9257411636799673,3.1605095863342285
1780877254.0355136,2.494466368036259,5.026718423757775,-0.9423915634872213,3.205665349960327
1780877254.0689313,2.5145583293281035,5.044707519417819,-0.9452524385461608,3.2390830516815186
1780877254.1031084,2.4106357605119517,5.128179053190386,-0.9241621112354439,3.2732601165771484
1780877254.1395845,2.378917912698947,5.144133508506504,-0.9191777952573839,3.3097362518310547
1780877254.174242,2.4250812485270594,5.139138122331227,-0.9272633727658517,3.344393730163574
1780877254.212101,2.451549015472506,5.074917319544464,-0.9371611473965143,3.3822526931762695
1780877254.2489493,2.4003298972569094,5.13458850476728,-0.9250292325147812,3.4191009998321533
1780877254.291021,2.3920833112862017,5.145502557764503,-0.9233716930346039,3.4611728191375732
1780877254.323889,2.354361724284164,5.137128648045395,-0.9189411384207055,3.4940407276153564
1780877254.3692067,2.5126164975743253,5.068607720868715,-0.9492710451692042,3.539358377456665
1780877254.393509,2.3862136406890544,5.1501228233888865,-0.924483828167587,3.5636606216430664
1780877254.4296951,2.4852277411319506,5.045447997723998,-0.9482879891988085,3.599846839904785
1780877254.4682724,2.3858693526650177,5.104644420967468,-0.9291321110662476,3.6384241580963135
1780877254.5002053,2.366251006898259,5.145883926420615,-0.9233496568187293,3.6703569889068604
1780877254.544217,2.5545994026302736,4.985536455088035,-0.9650289902141996,3.7143688201904297
1780877254.5703344,2.4171991684727696,5.09006453710655,-0.9363586594463894,3.7404861450195312
1780877254.6055925,2.35132146780062,5.178436730784489,-0.9202780205457799,3.7757441997528076
1780877254.6442397,2.331890909202325,5.168560815497913,-0.9185403525230611,3.8143913745880127
1780877254.6778095,2.3233623840644424,5.169043424265445,-0.918105138238909,3.847961187362671
1780877254.7156157,2.4261947925527836,5.1011166089724105,-0.9394985081101355,3.8857674598693848
1780877254.7556894,2.3776270143289207,5.145082067008955,-0.9291085305984473,3.9258410930633545
1780877254.788556,2.398196647244241,5.116579062213453,-0.9347022947020348,3.958707809448242
1780877254.833498,2.357175984018278,5.15215810372944,-0.9260146162208828,4.003649711608887
1780877254.8581736,2.437573808281007,5.061289297804615,-0.9456881234352197,4.028325319290161
1780877254.8931901,2.3190609120423815,5.162399613896728,-0.920479789103631,4.063341856002808
1780877254.9334505,2.4167157860163666,5.051663866836932,-0.9440976636791142,4.103602170944214
1780877254.969474,2.3703560070987524,5.155158258963635,-0.9300259856267552,4.139625787734985
1780877255.0084746,2.385180363425637,5.139572319401684,-0.9337053588204673,4.178626298904419
1780877255.0521998,2.3584904269665756,5.152777321449059,-0.9290297323673998,4.222351551055908
1780877255.0797484,2.3348510135924543,5.153469779675378,-0.9255705757166994,4.2499001026153564
1780877255.1144261,2.345732272447632,5.129219735181954,-0.9295943356006383,4.2845778465271
1780877255.1559834,2.2954774748248514,5.1763944690854995,-0.9189029150843072,4.326135158538818
1780877255.1956637,2.3567228655565464,5.104895478798457,-0.9338471318313593,4.3658154010772705
1780877255.2232242,2.3368339701848924,5.157709816439831,-0.9271566355600771,4.393375873565674
1780877255.2629542,2.4064866318570304,5.103549689973328,-0.9423913565685234,4.433105945587158
1780877255.3021703,2.43732200179525,5.048677402713726,-0.9512447346602987,4.4723219871521
1780877255.3349411,2.3255936771808425,5.154715288301595,-0.9267972458592563,4.5050928592681885
1780877255.372391,2.362248193671136,5.083011706671385,-0.9383766913661159,4.5425426959991455
1780877255.4091554,2.358902178687729,5.052515825014212,-0.9401376188230126,4.5793070793151855
1780877255.4475179,2.331452454972492,5.087109387506406,-0.9333664959255474,4.617669582366943
1780877255.4795868,2.347179509600465,5.06325748006621,-0.9377317960554559,4.649738550186157
1780877255.5215857,2.369626190572589,5.036842959616508,-0.9439192726524048,4.691737413406372
1780877255.5578623,2.4243717994260496,5.002105130335464,-0.9558024838778992,4.72801399230957
1780877255.5924556,2.4021596359930237,5.005250146731359,-0.9522136950833605,4.7626073360443115
1780877255.6405408,2.3854637149612685,5.024610735391654,-0.9480321960671975,4.810692548751831
1780877255.6642745,2.361134919991278,5.03106346574624,-0.9439806153904755,4.834426164627075
1780877255.7039394,2.28783953140284,5.082461337619422,-0.9285865348085757,4.874091148376465
1780877255.780327,2.3114682624437237,5.026425270936857,-0.9376304909401965,4.950478792190552
1780877255.815421,2.27071068267382,5.06811196101596,-0.9279064336576676,4.985572814941406
1780877255.8560224,2.281033352421076,5.028223468312386,-0.932364355261008,5.026174068450928
1780877255.8905363,2.257140106648828,5.125366141888217,-0.9225104227589612,5.060688018798828
1780877255.9255447,2.328094263295543,5.052451337014651,-0.9399495348834064,5.095696449279785
1780877255.9651392,2.2967598665245026,5.050871431801567,-0.9352473057948076,5.135290861129761
1780877256.000101,2.2989833937644164,5.034551943833429,-0.936766114326411,5.170252799987793
1780877256.0349033,2.2743724500122884,5.063363782086937,-0.9308292693018331,5.205054998397827
1780877256.0705094,2.159051667085642,5.167214023497105,-0.9057299204042875,5.240661144256592
1780877256.1091337,2.250523328513305,5.044773536340633,-0.9289355852545422,5.279285430908203
1780877256.1449208,2.238559426090097,5.066926790434398,-0.9257645014415243,5.315072536468506
1780877256.1830368,2.2839152074617317,5.0162185626080955,-0.9360340773461454,5.353188514709473
1780877256.224269,2.226074553666871,5.064619065481467,-0.9239577886884173,5.394420623779297
1780877256.297358,2.3228693771015245,4.97078487954057,-0.9464896919817805,5.467509746551514
1780877256.340153,2.318675828318078,4.98981160620151,-0.9449646177604335,5.510304689407349
1780877256.3699913,2.334109778877737,4.957176513174077,-0.9496410298625457,5.540143013000488
1780877256.4051106,2.276624663706351,5.017235274353011,-0.9364726105302579,5.5752623081207275
1780877256.4432502,2.2691848560476133,5.031275008372602,-0.9347014138677805,5.613401889801025
1780877256.4772356,2.234149868792583,5.032902301745801,-0.9290612764224808,5.647387266159058
1780877256.5522766,2.1881717055552805,5.078727387281098,-0.9188138140165363,5.722428321838379
1780877256.5878541,2.211768324591481,5.0540749336221635,-0.9212028494648196,5.758005857467651
1780877256.6266313,2.2564032532268117,5.009817263795039,-0.9280368890536238,5.796782970428467
1780877256.6581538,2.302735770339593,4.98702682988899,-0.9338014533118106,5.82830548286438
1780877256.695067,2.194324023726495,5.112390513438681,-0.905164796982965,5.865218639373779
1780877256.7290046,2.269482782077569,4.99067803153187,-0.9225828442658156,5.899156332015991
1780877256.7670255,2.303863940307245,4.986613940997612,-0.9276643163633302,5.9371771812438965
1780877256.8006446,2.2460563120158135,5.004821483605295,-0.9146465630399662,5.970796346664429
1780877256.8419023,2.287432926770216,4.95487030586708,-0.9234560914318333,6.012053966522217
1780877256.8767018,2.297256106363912,4.930490190111862,-0.9250151463047687,6.046853542327881
1780877256.9099653,2.2528130377982283,4.983718615788586,-0.914569440755037,6.0801169872283936
1780877256.949617,2.2763470742506877,4.9470087065294885,-0.9211705339942382,6.1197686195373535
1780877256.984427,2.2508797976901502,4.960864784077896,-0.9152253448268648,6.154578685760498
1780877257.0198774,2.269725724385463,4.997418958054539,-0.9181903119815688,6.190029144287109
1780877257.0585828,2.3245695761941443,4.962820404739922,-0.9302157459641485,6.228734493255615
1780877257.0927653,2.2841917680631134,4.984910231798346,-0.9211416491444034,6.2629170417785645
1780877257.1448538,2.2785366711907296,4.959681544458903,-0.9211523730895079,6.315005540847778
1780877257.1728945,2.257925468998935,4.929802587276202,-0.9195680071253057,6.343046188354492
1780877257.211925,2.1748221935183736,5.028671387689994,-0.9001520939881279,6.382076740264893
1780877257.247446,2.3003292970948994,4.916335412231631,-0.928109194800324,6.417597770690918
1780877257.2810304,2.25290407076446,4.94769806394972,-0.920303254489743,6.451182126998901
1780877257.3174112,2.2455634944151255,4.949865089395681,-0.9197976469643399,6.487562894821167
1780877257.3902254,2.2527838129448994,4.9846402406188375,-0.9205695433518727,6.56037712097168
1780877257.4266121,2.2170171149733156,5.001510090025419,-0.9138807373619866,6.596763849258423
1780877257.4643154,2.2011008583716745,4.983293761625319,-0.9127445435929656,6.634467124938965
1780877257.500194,2.209187489029853,4.988792592536822,-0.9135702780671595,6.670345783233643
1780877257.5403032,2.1960950275733566,4.996943397679133,-0.9115602735469963,6.710454940795898
1780877257.6241245,2.2177789138311996,5.01084094779873,-0.916028588730462,6.794276237487793
1780877257.6481788,2.245363762243827,4.949485212744906,-0.9254154172312704,6.818330526351929
1780877257.6842031,2.174838754659843,5.002183357370753,-0.9110627523472409,6.8543548583984375
1780877257.7254362,2.202225082366584,4.977948171526033,-0.917095296609485,6.895587921142578
1780877257.760557,2.1554557001603962,5.01785998705553,-0.9063814905625579,6.930708646774292
1780877257.799457,2.136595926935618,5.039502277418771,-0.9021719290388039,6.969608783721924
1780877257.8413715,2.1534483428543765,5.008822753399342,-0.9071088529065953,7.011523246765137
1780877257.869679,2.144173081606628,4.977586906859368,-0.9081828242756916,7.039830684661865
1780877257.9073634,2.1523732544736367,5.022690750775706,-0.9071863993820175,7.077515125274658
1780877257.9428873,2.1139314188902625,5.029988623810974,-0.9001330685250077,7.113039016723633
1780877257.9812756,2.036707934600902,5.097151123501075,-0.8831211461897382,7.151427268981934
1780877258.0160713,2.1347158519945815,5.008438029520183,-0.9049250602288398,7.186223030090332
1780877258.0526166,2.278799232209721,4.933861128305831,-0.9348284365974435,7.222768306732178
1780877258.0895374,2.2202481858909904,4.962807164725177,-0.9234926440534903,7.259689092636108
1780877258.123643,2.228736356031667,4.962962614574892,-0.9247576702700032,7.293794631958008
1780877258.1671405,2.2643824239985104,4.929464521420402,-0.9330160476781548,7.337292194366455
1780877258.2096841,2.1999465151992528,4.990475255897098,-0.9181223251632921,7.379835844039917
1780877258.2467537,2.208223528402116,4.97906395229687,-0.9203588192959709,7.416905403137207
1780877258.282443,2.2607094732624105,4.915026913228023,-0.9335052907674368,7.452594757080078
1780877258.3189328,2.240804397159966,4.9369771824291275,-0.928832903408117,7.489084482192993
1780877258.3503723,2.2171383189410427,4.961029232844877,-0.9232036607540675,7.520524024963379
1780877258.3854218,2.176173590092496,5.0118679923136344,-0.9130079071472857,7.555573463439941
1780877258.4212599,2.2139463391914065,4.9748975757251115,-0.9217144327942612,7.591411590576172
1780877258.4542649,2.168852352237934,5.0274123196313285,-0.9103953321647273,7.6244165897369385
1780877258.489486,2.2422451208704093,4.946632693919545,-0.9279794554611792,7.659637689590454
1780877258.5265918,2.2191508779340916,4.97697167230316,-0.9221669951473058,7.696743488311768
1780877258.5605543,2.166384839828011,5.0103919732813,-0.9112491349244062,7.730705976486206
1780877258.5971258,2.1554556883357763,5.00986960611388,-0.9093777278274968,7.767277479171753
1780877258.632473,2.0418816724769266,5.061950087055946,-0.8867404911471144,7.802624702453613
1780877258.6712232,2.104623778149721,5.02719310357927,-0.8986725339816228,7.84137487411499
1780877258.704075,2.0731999111832735,5.059740877274659,-0.8914542959518296,7.874226808547974
1780877258.7373219,2.1185663401980186,4.9993312915648245,-0.9030808245658634,7.907473564147949
1780877258.7714834,2.073742200074994,5.036172109022024,-0.8931559838534923,7.9416351318359375
1780877258.8072982,2.1717638103797094,4.964008739638512,-0.913952551481913,7.977449893951416
1780877258.843126,2.1209113114402802,5.0088041407084924,-0.902024169769783,8.013277769088745
1780877258.882533,2.115212110450079,5.027780791991071,-0.8993238576047634,8.052684783935547
1780877258.9175215,2.151492886495138,4.999187661228999,-0.9072456771928322,8.08767318725586
1780877258.9577243,2.155844139473749,5.007871270068844,-0.9072309914032501,8.127876043319702
1780877258.9902623,2.1807409812343,5.00131810189377,-0.9114737582794824,8.160413980484009
1780877259.024971,2.03984786435191,5.030027869261832,-0.88503145039306,8.195122718811035
1780877259.0595593,2.038514552264559,5.056837355548092,-0.8830950689880673,8.229711055755615
1780877259.0939376,2.1309420063023126,4.981134614903769,-0.9032988842635374,8.264089345932007
1780877259.131457,2.1120969634687,4.998896571432884,-0.8988707225063253,8.301608800888062
1780877259.164041,2.0495102100550824,5.042420445297022,-0.8851521998738343,8.334192752838135
1780877259.2024212,2.1090903439519284,5.002843042420016,-0.8969841963582893,8.372572898864746
1780877259.2477393,2.1479702890758183,4.980369473418349,-0.9046921581505367,8.417891025543213
1780877259.279096,2.128635555921064,5.005115964793579,-0.899703695529511,8.449247598648071
1780877259.3131497,1.9958263384810744,5.0466006064230955,-0.8745905421162001,8.483301401138306
1780877259.3483891,2.056803495990531,4.996446717846999,-0.8874223474464676,8.518540859222412
1780877259.3842144,2.065839822427969,5.008086383369478,-0.8875136520581148,8.554366111755371
1780877259.4238932,2.024699001469786,5.0263076532962385,-0.879025071695239,8.594044923782349
1780877259.4611683,2.0760616692038933,5.003200188906663,-0.8887182588050369,8.631319999694824
1780877259.4918766,2.171939112228738,4.947730683909871,-0.9080828749819752,8.662028312683105
1780877259.536193,2.1066078987392243,4.988182494409982,-0.8940396957766376,8.706344604492188
1780877259.5730424,1.9780885821514311,5.043647438609524,-0.8685904629096171,8.743194103240967
1780877259.608445,2.052305087589192,5.0050081015839,-0.8828102589674781,8.778596639633179
1780877259.6466234,2.0131113484848617,5.02608265339767,-0.874428151560519,8.81677508354187
1780877259.6817017,2.089204392068086,4.9668658526063885,-0.8906091656695394,8.851853370666504
1780877259.720029,2.105378016221299,4.981824647520546,-0.8919053710154123,8.890180826187134
1780877259.7575705,2.1268424077213375,4.9572338414153885,-0.8967520617229495,8.927722215652466
1780877259.7915702,1.9625583075700404,5.022262322818617,-0.864291368174298,8.961721897125244
1780877259.8362412,2.0827353480445554,4.951852167082342,-0.8883274313766809,9.00639295578003
1780877259.873884,2.0464515448017497,4.971028804114555,-0.8804514896778053,9.04403567314148
1780877259.9080439,2.0841568774113863,4.95698987697655,-0.8874654633423827,9.078195571899414
1780877259.9437344,2.1354144288542978,4.924716974766818,-0.8977119708594294,9.11388611793518
1780877259.9796317,2.012407078166436,4.959987161645562,-0.8740032370954764,9.149783372879028
1780877260.01616,2.006748149966789,4.970607058389537,-0.871896416053734,9.186311721801758
1780877260.052584,2.0255630376610894,4.948992901288826,-0.8761214443588163,9.22273564338684
1780877260.0901768,2.040855125715136,4.944997054177345,-0.878515772206395,9.260328531265259
1780877260.1288493,2.081505235096904,4.925971718933465,-0.8857913646897918,9.299000978469849
1780877260.1665158,2.0068954975777693,4.9246568283250225,-0.8723845568807927,9.336667537689209
1780877260.2019637,2.003016316023861,4.928825159236551,-0.8713060878569386,9.37211537361145
1780877260.2500515,1.9359423922993668,4.989112154711404,-0.8552700733061893,9.42020320892334
1780877260.2729998,1.9647355867836633,4.982650941371081,-0.860205590096892,9.443151473999023
1780877260.3094416,1.9932604928771733,4.970445247760004,-0.8652709129116295,9.479593276977539
1780877260.342961,2.1340410335443765,4.864420187414962,-0.8958062165909562,9.513112783432007
1780877260.3868086,1.8966812659011476,5.000179100885284,-0.8460351020282246,9.556960344314575
1780877260.4140382,1.9245151401791643,4.955412302301675,-0.8526522889798615,9.584189891815186
1780877260.4553382,1.9448099611506562,4.957259674904897,-0.8554782529088586,9.625489950180054
1780877260.4899437,2.0597673824828147,4.848825172841001,-0.8815700518760949,9.660095453262329
1780877260.5348823,2.093614584108952,4.8452623014903855,-0.8873087736041797,9.705034017562866
1780877260.563097,1.9623918866598697,4.887424084937841,-0.8615707795102927,9.733248710632324
1780877260.6127515,1.9700085533610352,4.894521849552788,-0.8615373243431502,9.78290319442749
1780877260.638555,2.091706342000797,4.778213786009064,-0.8899144723810591,9.808706760406494
1780877260.6763058,1.9575730159784557,4.909829049723168,-0.8572127367310826,9.846457481384277
1780877260.712622,1.9891437357412585,4.911842483279072,-0.862202698329951,9.882773637771606
1780877260.7540371,1.9467020810042361,4.878460377007987,-0.8562100363127703,9.92418885231018
1780877260.789381,2.0111883896794183,4.8186112256665945,-0.8704510934924833,9.959532737731934
1780877260.822859,2.0383812373592938,4.819770686304621,-0.8749420672544576,9.993010759353638
1780877260.8662295,2.0040918350862107,4.86330937354809,-0.8655318108455996,10.036381244659424
1780877260.9002051,2.0574849359651357,4.836645585794049,-0.875872040660486,10.070356845855713
1780877260.93488,1.8795579684606494,4.935397674397829,-0.8380349764549528,10.105031728744507
1780877260.972045,1.978439987444612,4.830092965875944,-0.8610570121818965,10.142196655273438
1780877261.010389,2.0419681268974457,4.796500842610024,-0.8740446651533789,10.180540800094604
1780877261.0453422,1.9926706069964364,4.8433397826143265,-0.8618324447348811,10.21549391746521
1780877261.0827653,2.0194579694081285,4.847784431152872,-0.8655592834168833,10.252917051315308
1780877261.1179392,1.8503727865736506,4.926203891491463,-0.8303585144270542,10.288090944290161
1780877261.1539092,1.8695694166347758,4.915636768337104,-0.8337945527900577,10.324060916900635
1780877261.1910067,1.9570311934818627,4.843399361686235,-0.8533450716012715,10.36115837097168
1780877261.2228723,1.964403934906109,4.847981115290287,-0.8535942127565466,10.39302396774292
1780877261.260167,2.07705774604126,4.778844047625487,-0.876933728677263,10.430318593978882
1780877261.3017747,1.8820633524696442,4.862840770939003,-0.8368213641949898,10.47192645072937
1780877261.336034,1.8406838709297837,4.915061646583626,-0.8257631238975529,10.50618577003479
1780877261.371202,2.0051941811155416,4.76859986863937,-0.863138525261958,10.541353702545166
1780877261.4151773,2.008472096083392,4.803036389707793,-0.8606241613435316,10.585329055786133
1780877261.445419,2.0453136691715414,4.75969344282685,-0.8688420716215108,10.615570783615112
1780877261.4805713,1.886770802177586,4.8455555047908225,-0.8355923284851131,10.650722980499268
1780877261.5165496,1.9332354142546346,4.824771320367597,-0.8443210659469153,10.68670129776001
1780877261.5500634,1.9656033095139225,4.809151509754414,-0.8503147029573865,10.720215082168579
1780877261.5846605,1.9841222404192562,4.818758079455801,-0.8522923290689107,10.754812240600586
1780877261.6216817,1.8537899698734688,4.854569690319205,-0.8260971322800035,10.791833400726318
1780877261.663443,1.8701218851565313,4.854068161593346,-0.8285331771712529,10.833594799041748
1780877261.6978219,1.9329177292819169,4.787487976815742,-0.8433155020195713,10.867973566055298
1780877261.7354608,2.0462630984968495,4.719524777392119,-0.8667806917047591,10.905612468719482
1780877261.771249,1.941219837636827,4.7000831672293435,-0.8466334635569965,10.94140076637268
1780877261.807507,1.9357861148897102,4.735879769121962,-0.843907952687348,10.977658748626709
1780877261.8463135,1.979167100337785,4.709030466108749,-0.8540036215806718,11.016465187072754
1780877261.8823612,1.9748288607839113,4.745702464004328,-0.8496407488538608,11.052512884140015
1780877261.9350395,2.0477387880232545,4.628975323907333,-0.8682731914807674,11.105191230773926
1780877261.9581587,1.9247087321621819,4.737003452758356,-0.840072755732013,11.128310441970825
1780877261.9936647,1.9308819641110486,4.737587998215651,-0.8401932004739654,11.163816452026367
1780877262.033047,2.0164996365549435,4.687044700442149,-0.8581520764092874,11.203198671340942
1780877262.0687287,2.068219301199548,4.644765113148698,-0.8689791718236848,11.238880395889282
1780877262.1068776,1.91574946742769,4.7185503675446565,-0.8359816181685555,11.277029275894165
1780877262.1481383,1.9414113109616205,4.717197482443902,-0.8407916256989239,11.318289995193481
1780877262.1769478,1.9170522515850879,4.764918667789211,-0.8323979341182473,11.347099542617798
1780877262.2155406,1.9768513306758344,4.722682892112323,-0.8443786686284364,11.385692358016968
1780877262.2500403,1.8668071319172364,4.7493763269136,-0.8225218664885648,11.420192003250122
1780877262.2851224,1.8384425527119705,4.81444724779568,-0.8128723799113405,11.455274105072021
1780877262.3241706,1.8611639198459922,4.813051960013603,-0.8162498889809179,11.494322299957275
1780877262.3591907,1.9478519460306662,4.7470171629496365,-0.8344853895923768,11.529342412948608
1780877262.3949604,1.8317053332349755,4.806722935594634,-0.8100103767057527,11.565112113952637
1780877262.4372787,1.8815369173558607,4.764599446471284,-0.8207724839665601,11.607430458068848
1780877262.4754515,1.9588019282474969,4.729039973427147,-0.8361030988315211,11.64560317993164
1780877262.509455,1.9551493642449858,4.704591779770986,-0.8355857951353136,11.679606676101685
1780877262.5461206,1.8710523684046543,4.74828436978731,-0.8170409388489119,11.716272354125977
1780877262.5780022,1.879245410542294,4.738982954335488,-0.8188473493545548,11.748153924942017
1780877262.6224916,1.9257383426466494,4.738112113663765,-0.8261974915878776,11.792643308639526
1780877262.6508293,1.7340296888107463,4.826444856640369,-0.7856278925247802,11.8209810256958
1780877262.686605,1.8154166864250405,4.7902256918795025,-0.8016420137120568,11.856756687164307
1780877262.7221463,1.8659098471950224,4.755000365969818,-0.8119115090223334,11.892297983169556
1780877262.7592177,1.9994253341269121,4.667114748493144,-0.8405049072465471,11.929369449615479
1780877262.7916613,1.883938875908719,4.715672557231658,-0.8162255283742368,11.961812973022461
1780877262.8282983,1.8571320907540632,4.7349410134756535,-0.8092070085252466,11.99845004081726
1780877262.8633065,1.9078027092464644,4.718542335562841,-0.8183585961816697,12.033458232879639
1780877262.8995044,1.771961406484662,4.796989131879462,-0.7882224005203456,12.069656133651733
1780877262.9454875,1.8197902105475476,4.763540061572643,-0.7980710349703319,12.115639209747314
1780877262.9792707,1.8772609450539481,4.721935276546362,-0.8100325158126508,12.149422407150269
1780877263.0178087,2.051829612719017,4.603324997222276,-0.8486356446617861,12.187960386276245
1780877263.0520558,1.832467778439399,4.706810225097871,-0.8008300227978132,12.22220754623413
1780877263.087792,1.7679501542562903,4.783991997733328,-0.7834853276368957,12.257943630218506
1780877263.1240425,1.8023518833663086,4.78343041548685,-0.7893012337857797,12.294194221496582
1780877263.1593525,1.7437424542463629,4.762668075286976,-0.7790402110167527,12.329504251480103
1780877263.1953387,1.816362890555404,4.73584991239973,-0.7929988433899161,12.365490436553955
1780877263.233819,1.8503843008423064,4.7115933547352435,-0.7998022421130908,12.403970718383789
1780877263.2711315,1.9937729374617772,4.593498295599328,-0.8322493075345752,12.441283226013184
1780877263.3084075,1.8756234907316365,4.654646150309483,-0.8059912720747366,12.478559255599976
1780877263.345294,1.7979593371806,4.737284880783486,-0.7852259004834865,12.515445709228516
1780877263.3753786,1.8951195599991333,4.708410804462116,-0.8043792171470417,12.545530319213867
1780877263.415251,1.8125933675133452,4.702622484769611,-0.7886926507072742,12.585402727127075
1780877263.4504757,1.8529448318238533,4.692393542489564,-0.7956479052551529,12.620627403259277
1780877263.4870872,1.884964613857672,4.680195665575479,-0.801311352357404,12.657238960266113
1780877263.5240262,1.8692458521257065,4.6950204847769355,-0.7967246076797364,12.694177865982056
1780877263.5593736,1.7090490357796146,4.791015930705458,-0.760806419671417,12.729525327682495
1780877263.595289,1.7897773653065443,4.742506410510926,-0.7775929294732177,12.765440702438354
1780877263.6289327,1.9113831236261423,4.68119237756056,-0.8026603637349846,12.799084424972534
1780877263.666345,1.7661548930902025,4.729060598111789,-0.7724435061911697,12.836496591567993
1780877263.7045672,1.7970021380041266,4.718307886984191,-0.7778736856004819,12.87471890449524
1780877263.743411,1.8750994588842516,4.67885558777734,-0.7933412952331933,12.913562774658203
1780877263.7796876,1.6446806172586443,4.804967848806777,-0.743118932820647,12.949839353561401
1780877263.8160734,1.7414639914897394,4.740685775093471,-0.762971505646291,12.986225128173828
1780877263.8541121,1.778414855070664,4.734069424070113,-0.7696948361753195,13.024263858795166
1780877263.893477,1.9052075754207338,4.664192501567728,-0.7960532777708867,13.063628673553467
1780877263.9302595,1.7925140071254353,4.705279082223156,-0.7721810936895257,13.100411176681519
1780877263.9683425,1.8951234900955216,4.621461132169312,-0.7948976421200837,13.13849425315857
1780877264.0055945,1.9106533049249381,4.625500832947098,-0.7971297773150735,13.175746202468872
1780877264.0425742,1.7921443346678978,4.658706306846674,-0.7724849320522081,13.21272587776184
1780877264.0884225,1.7633438699006003,4.714027344489801,-0.7628161721096067,13.25857424736023
1780877264.113328,1.7316083375984443,4.75543234161382,-0.7534291981204267,13.283479690551758
1780877264.1496148,1.7918296006994714,4.731027744243892,-0.7649790440453131,13.319766521453857
1780877264.185763,1.7161115132565081,4.732255274959658,-0.7499925460490344,13.35591459274292
1780877264.2238111,1.7333100623601676,4.725409471931942,-0.7526957457978712,13.393962860107422
1780877264.2587543,1.8139093964130921,4.696737917089886,-0.768406432450544,13.428905963897705
1780877264.2962956,1.7025189576101976,4.7207799628317515,-0.7455967570017469,13.466447353363037
1780877264.3319077,1.789528812777715,4.690342348414196,-0.7625291644298565,13.50205945968628
1780877264.368188,1.802435158448324,4.688894381557362,-0.7640748613731032,13.538339614868164
1780877264.409032,1.8838350879340144,4.625167011397573,-0.7817215876938222,13.57918381690979
1780877264.4441752,1.7384325800842118,4.703842285716623,-0.7497022719768605,13.61432695388794
1780877264.480196,1.8214510071914782,4.637185900137179,-0.7681398220224558,13.650347709655762
1780877264.5185301,1.849909912229283,4.646585396972621,-0.7718718863302293,13.688681840896606
1780877264.5539699,1.7656724059590618,4.631978214112968,-0.756313076755404,13.724121570587158
1780877264.596158,1.7580824682749998,4.666445146576073,-0.7519894857740025,13.76630973815918
1780877264.6304417,1.8074195144729852,4.628633559379856,-0.7626715192298463,13.800593376159668
1780877264.6643467,1.868675693404545,4.607404474074241,-0.774350503758771,13.834498405456543
1780877264.6991842,1.7362789428389098,4.655736780551927,-0.7460636299960757,13.869335889816284
1780877264.7368824,1.7637731612224563,4.6423027596078335,-0.7510231440362745,13.907034158706665
1780877264.7724507,1.7672477448858526,4.652315079138019,-0.7502972194725525,13.942602396011353
1780877264.8100696,1.8024724697033456,4.627701565130018,-0.7575476034880895,13.980221271514893
1780877264.8478956,1.700672652293283,4.658797947107161,-0.7359087600863902,14.018047332763672
1780877264.8835094,1.6972263698798897,4.6598415549543,-0.7340480246640312,14.053661108016968
1780877264.9195333,1.7514553642935808,4.6476917652290455,-0.7442908488851467,14.089684963226318
1780877264.9583352,1.5769322036322675,4.697239408648297,-0.7082457080301187,14.12848687171936
1780877264.9864643,1.6359268881949918,4.680272620566078,-0.7189126838608896,14.156615972518921
1780877265.0270822,1.6563240470249254,4.669185344807941,-0.7228465737211189,14.19723391532898
1780877265.0604525,1.7388141931190142,4.643224989245359,-0.7389074720826785,14.23060417175293
1780877265.1034765,1.6233034951356495,4.6583246164652286,-0.7159316728373738,14.273628234863281
1780877265.1392584,1.7290372172383133,4.602257313147451,-0.7381746614659688,14.309410095214844
1780877265.2513475,1.7249078547518608,4.543410615668158,-0.7385804285406884,14.421499252319336
1780877265.2846153,1.8149747281910549,4.507961859961902,-0.7545643028829155,14.454766988754272
1780877265.3220465,1.7400325938207981,4.504624983292766,-0.7231400389435739,14.49219822883606
1780877265.3572304,1.5234092318059278,4.442616629141157,-0.6596612692220588,14.527382135391235
1780877265.3936684,1.4697484597264927,4.4769978483261195,-0.64309584355653,14.563820123672485
1780877265.4373188,1.4584594391911425,4.473805370086586,-0.6384635971521415,14.607470512390137
1780877265.4663546,1.5667879305572856,4.412298111901709,-0.6646285165517767,14.63650631904602
1780877265.5087674,1.5028802591323063,4.457789889798724,-0.646796479371119,14.678919076919556
1780877265.5432534,1.5850673093573517,4.385012971308882,-0.6655085049769729,14.713405132293701
1780877265.5793455,1.5050468731865763,4.413455205505734,-0.6460189257614041,14.749497175216675
1780877265.6230738,1.4854901707939572,4.425200116171727,-0.6400913176437049,14.793225526809692
1780877265.6508467,1.4990246721826663,4.448826563014713,-0.6415023458504335,14.820998430252075
1780877265.6854136,1.4977613840292063,4.4403920462687285,-0.6411317610072784,14.855565309524536
1780877265.7251678,1.5061774748219054,4.410080599328385,-0.6451880641483024,14.89531946182251
1780877265.7597582,1.494115825921361,4.409048847615924,-0.6439972404687085,14.929909944534302
1780877265.8006153,1.5021823074115064,4.406829241807046,-0.6451765720967542,14.9707670211792
1780877265.835106,1.4921111783115837,4.394743613587239,-0.6414759175715982,15.005257606506348
1780877265.8686817,1.4854182223473664,4.376405243883317,-0.6363716050410543,15.038833379745483
1780877265.9089565,1.5153820680614163,4.361476603906297,-0.643385215521606,15.079108238220215
1780877265.941092,1.4943603584711842,4.35677656855435,-0.6378029258140829,15.111243724822998
1780877265.97803,1.4834762328393598,4.382459234521161,-0.635890129162814,15.148181676864624
1780877266.013458,1.5588495811506309,4.344829446541038,-0.6570832006557998,15.1836097240448
1780877266.051936,1.5553314017936066,4.341005244795008,-0.6565230973747408,15.222087621688843
1780877266.083046,1.546570024456435,4.3431208597201465,-0.6553327879909884,15.25319766998291
1780877266.1222067,1.4691083576043278,4.3695627255936325,-0.6380258419512356,15.2923583984375
1780877266.159168,1.497029466299193,4.349451026565171,-0.6443417030493718,15.329319715499878
1780877266.1922338,1.4395697397141873,4.399770241663797,-0.6295595506539609,15.362385511398315
1780877266.2258677,1.4430876427195298,4.375507535023444,-0.6298633789344258,15.396019458770752
1780877266.2662413,1.4570432746743773,4.3676652048317575,-0.6349815508583135,15.436393022537231
1780877266.2994125,1.5072846103056459,4.331948845700705,-0.6493226464577432,15.469564199447632
1780877266.3364654,1.5044852065991088,4.324551232905929,-0.6478484420871984,15.506617069244385
1780877266.3708425,1.4800087049767,4.333688851931398,-0.6404076158934671,15.54099416732788
1780877266.4075477,1.4999752825732329,4.328816896676748,-0.6460383009854311,15.577699422836304
1780877266.4496298,1.4639665844651564,4.33619209388049,-0.6365770539584151,15.619781494140625
1780877266.4827476,1.4368120703677514,4.342521029588487,-0.6295605424796044,15.652899265289307
1780877266.5173266,1.4814734732413777,4.295521116283238,-0.6408480254205883,15.687478303909302
1780877266.5563433,1.4567143010104373,4.312355362226992,-0.6348425012113961,15.726495027542114
1780877266.5921788,1.4577262453615747,4.30801354204568,-0.6341219517756438,15.762330532073975
1780877266.6335077,1.4700200072836498,4.30162633906661,-0.6361502139170766,15.803659439086914
1780877266.667988,1.411109295397098,4.311453983090436,-0.6223447360088009,15.838139772415161
1780877266.7087555,1.4629938979568724,4.278769064075909,-0.6384555653811851,15.878907203674316
1780877266.7489734,1.4424131929511388,4.288817087243448,-0.6338100467737987,15.919125080108643
1780877266.8182569,1.3413724716668574,4.344158868510581,-0.6092358746723635,15.98840856552124
1780877266.853652,1.4323226895079268,4.28506851041444,-0.6308159857353244,16.0238037109375
1780877266.893582,1.4582363120218265,4.265261030750579,-0.6364743968092678,16.06373381614685
1780877266.9289777,1.464901090892325,4.254050289180414,-0.6378626764760342,16.09912943840027
1780877266.969209,1.4234378101539216,4.276783216093131,-0.6283773055471412,16.139360666275024
1780877267.0040913,1.436007989029144,4.274958553025513,-0.632628822929538,16.174242973327637
1780877267.0403264,1.4564083424642966,4.256163852152682,-0.6373309985671012,16.21047806739807
1780877267.07484,1.4114902778436786,4.296016629152735,-0.6258146149245442,16.244991779327393
1780877267.109538,1.4646769434282012,4.2485554086687465,-0.6382720842575774,16.27968978881836
1780877267.143325,1.4536117975896452,4.261119188988194,-0.6366590340447856,16.31347680091858
1780877267.1827717,1.4342601877820584,4.26245132424385,-0.6305736333455223,16.35292339324951
1780877267.2151005,1.4351572106205324,4.235880851337768,-0.6329276274630515,16.385252237319946
1780877267.255234,1.3880298956327684,4.24850465962334,-0.6228416681875393,16.42538571357727
1780877267.2910347,1.3746072835709175,4.260983927867571,-0.6185059980296866,16.461186408996582
1780877267.3320827,1.3877612847694083,4.249921685439752,-0.6204840034692969,16.50223445892334
1780877267.3688905,1.368470138624713,4.247339385862297,-0.6152651160076055,16.539042234420776
1780877267.402061,1.3598467526872229,4.24009217605529,-0.6132412780447232,16.57221269607544
1780877267.4432108,1.3829470810858466,4.218158219855416,-0.6188257211300552,16.613362550735474
1780877267.479013,1.3945885813837,4.215106238357009,-0.6217554974483555,16.64916467666626
1780877267.5192711,1.3855296083551434,4.222824639894984,-0.618687981150405,16.689422845840454
1780877267.5607553,1.401089188296162,4.225288752932554,-0.6229160736893183,16.73090696334839
1780877267.5983822,1.4217917564469098,4.1975860179676285,-0.6274792027292678,16.768533945083618
1780877267.6338792,1.4490193935029883,4.180039387470275,-0.6353657912843277,16.804030895233154
1780877267.6749513,1.4310968609488348,4.18037620736909,-0.6313890568450351,16.8451030254364
1780877267.7147608,1.3461650987299163,4.209894268048347,-0.6114200226962804,16.884912490844727
1780877267.749181,1.3363281986981483,4.223937715774746,-0.6089200666122816,16.91933274269104
1780877267.78632,1.3688526472420595,4.191483731251248,-0.6170672025341837,16.95647168159485
1780877267.8280895,1.3673944053536782,4.191398133630874,-0.6167155724127082,16.998241186141968
1780877267.8680634,1.3630211499992764,4.1895058794083955,-0.6142381388979351,17.038215160369873
1780877267.9023528,1.333865069290765,4.210639698197571,-0.6078512965215728,17.07250452041626
1780877267.9432805,1.3494230347803033,4.2031130924636,-0.6112321313196123,17.11343216896057
1780877267.9777784,1.4020869546949852,4.163759255633117,-0.6242779850173924,17.147930145263672
1780877268.016922,1.4153670626740018,4.152038471027588,-0.6267193559800522,17.187073707580566
1780877268.0547159,1.4400156746661128,4.138688034439487,-0.6329649706111528,17.224867582321167
1780877268.0921671,1.28903092018823,4.204073530203827,-0.597783758749768,17.2623188495636
1780877268.1276002,1.2847919282401923,4.201956354874657,-0.5967499020223022,17.297751903533936
1780877268.169795,1.3027977510361377,4.187682891562999,-0.6007151371475724,17.339946746826172
1780877268.2067692,1.3503103325243897,4.1559481471913164,-0.6132423568202361,17.37692093849182
1780877268.2424507,1.559397953135298,4.288144061576619,-0.6844051779889259,17.412602424621582
1780877268.2793648,1.336047508302553,4.168039722852285,-0.6084616075277189,17.449516534805298
1780877268.3343523,1.359786262596288,4.14624428101238,-0.6138707805369877,17.504503965377808
1780877268.3579104,1.461668000236985,4.362560304530244,-0.6588395250150483,17.528062105178833
1780877268.389662,1.3666274070432416,4.151196604244515,-0.6159235652747094,17.559813737869263
1780877268.4212058,1.360616961100395,4.134256119210182,-0.6138497410127939,17.591357469558716
1780877268.4569066,1.3161553502681556,4.152319144353601,-0.6051749880096372,17.627058267593384
1780877268.4946322,1.3010277426870664,4.148892321987724,-0.6022386987492426,17.66478395462036
1780877268.5403833,1.320477884634886,4.1438596298892705,-0.6062317181148522,17.710535049438477
1780877268.5718017,1.348364524457057,4.110342630472338,-0.6113543720117548,17.741953372955322
1780877268.6067998,1.350925339918024,4.117895193547835,-0.6123694122018308,17.776951551437378
1780877268.6460161,1.3544035004871882,4.113538168765928,-0.6126965963560149,17.8161678314209
1780877268.6804407,1.3580059007779979,4.098592166121797,-0.6132866637133565,17.850592374801636
1780877268.7152276,1.411417517611718,4.063553982269709,-0.6266035740944464,17.885379314422607
1780877268.7544935,1.3942173746751916,4.074990353556211,-0.6220302743701529,17.92464518547058
1780877268.7887251,1.356449185814928,4.080056094027116,-0.6155787064750592,17.958876848220825
1780877268.8247104,1.3324634391183072,4.088797829415313,-0.6085324985893625,17.99486207962036
1780877268.8650692,1.3294479440732818,4.084583008433832,-0.608040929572532,18.035220861434937
1780877268.9012754,1.3450816658056794,4.076110801972563,-0.6117070378271913,18.0714271068573
1780877268.939547,1.3659312308580465,4.060743030266474,-0.6167427316555447,18.10969877243042
1780877268.973341,1.375879838700774,4.057984927717241,-0.6195321266410382,18.143492698669434
1780877269.0121799,1.380541790578199,4.052787319961034,-0.6196773637385707,18.182331562042236
1780877269.0457454,1.3997060246398267,4.035343556939858,-0.6245049401569863,18.21589708328247
1780877269.082777,1.3701624060440105,4.040528110613586,-0.6175785329873248,18.252928733825684
1780877269.1162786,1.300996828419791,4.0689140342603975,-0.6013342706625495,18.28643035888672
1780877269.1542726,1.3249175488431273,4.053783782452105,-0.6077993335724668,18.324424266815186
1780877269.192794,1.2865659889327083,4.0712690919240835,-0.5968927804801446,18.362945795059204
1780877269.2355745,1.3450416605437185,4.286406124070742,-0.6306355788239763,18.405726194381714
1780877269.2701514,1.3155148282816245,4.038762706811822,-0.6020609790547801,18.440303087234497
1780877269.3038504,1.2941263123507305,4.0604103188864284,-0.5955544353623416,18.47400212287903
1780877269.3415585,1.4015008234517639,4.278852504312803,-0.6418514111016697,18.511710166931152
1780877269.3742027,1.2956173001160403,4.306605559092297,-0.6182053486817158,18.54435443878174
1780877269.410818,1.2553286562635642,4.3054876071111465,-0.609356060584253,18.58096981048584
1780877269.447444,1.3278606774676875,4.275252908440285,-0.6256126699598463,18.617595672607422
1780877269.4832807,1.2369861132771014,4.055828174843563,-0.582077465390875,18.653432369232178
1780877269.5246115,1.3230701309711261,4.259852700658821,-0.6241615684441306,18.69476318359375
1780877269.5585299,1.4316736866870625,4.2009457405358726,-0.6501358763077297,18.728681564331055
1780877269.5943465,1.4487580139384775,4.210482051029255,-0.653004776651464,18.764498233795166
1780877269.6322422,1.4243248165580902,4.230714227082936,-0.6461621456158338,18.802393913269043
1780877269.664889,1.2780878941668186,4.002436068181804,-0.5938582884379786,18.835040807724
1780877269.7033012,1.307592809319948,4.230852869104205,-0.620792587822919,18.87345290184021
1780877269.74255,1.3131789086426782,4.247438452461695,-0.6211767027799169,18.91270160675049
1780877269.7792976,1.396616839082488,4.192122620787129,-0.6414100425321666,18.94944930076599
1780877269.8117905,1.3919252547764822,4.185465251640261,-0.6405304069293061,18.981942176818848
1780877269.851746,1.3151137484962079,4.241229695829655,-0.6205264371946584,19.021897792816162
1780877269.8891833,1.4341594812935745,4.178682948978317,-0.6489611326026817,19.059334993362427
1780877269.9259825,1.4317036607091385,4.165073395141775,-0.6488399053929502,19.096134185791016
1780877269.9672651,1.2798505169661922,4.201582874972516,-0.614037833166755,19.13741683959961
1780877270.0016532,1.2176768431550251,4.2482877667249355,-0.5976213091364979,19.171804904937744
1780877270.0399008,1.3348199766239435,4.184962709871102,-0.6261098135762092,19.210052490234375
1780877270.0720127,1.342687487651721,4.179551316308166,-0.6266652201530019,19.242164373397827
1780877270.1117198,1.323238014085962,4.184528145670201,-0.6227362296230208,19.281871557235718
1780877270.1441348,1.38680021072412,4.158913557068794,-0.6373611381994992,19.314286470413208
1780877270.1767898,1.4260518021945134,4.138094088782709,-0.6465710013631171,19.346941471099854
1780877270.2268922,1.23675435967313,4.193888217830901,-0.6020837271108643,19.39704394340515
1780877270.2466753,1.187700692735165,4.216028628878393,-0.5895576890407394,19.416826963424683
1780877270.280521,1.3142766852859307,4.166320486225259,-0.6197621081941652,19.45067262649536
1780877270.3171911,1.2991801390738433,4.164642800154739,-0.6150267346322208,19.487342834472656
1780877270.351418,1.2860770546619762,4.18389439154499,-0.6108753854664399,19.52156972885132
1780877270.3903644,1.2749206734937413,4.193640967965497,-0.6080587813763128,19.560516119003296
1780877270.4254851,1.3761230605802912,4.147749613173727,-0.6323047166923138,19.59563684463501
1780877270.461414,1.2171412703046838,4.183788498869819,-0.59570041194323,19.631565809249878
1780877270.4985788,1.1137150648722096,4.225651985811569,-0.5709134752014547,19.66873049736023
1780877270.5334637,1.1929628537348946,4.199335950815162,-0.5888815692482463,19.703615427017212
1780877270.5680351,1.261851151538965,4.161743279736833,-0.6054140074266726,19.738186836242676
1780877270.602142,1.3126081908212446,4.138392318505264,-0.617114006273595,19.77229380607605
1780877270.6386101,1.3056781989006048,4.149033318515297,-0.6145108652635459,19.808761835098267
1780877270.6716473,1.4001102609893097,4.092078851498403,-0.6376224230722429,19.841799020767212
1780877270.7133508,1.210403478833509,4.126227485637897,-0.594010741541139,19.88350248336792
1780877270.749912,1.2075560448681515,4.150930396164471,-0.5919999006185446,19.920063734054565
1780877270.7890403,1.2930001221726293,4.102028933199247,-0.6127160043093735,19.959192037582397
1780877270.8214917,1.2984208166339262,4.102358326878224,-0.6131769664214965,19.99164342880249
1780877270.8633618,1.320413218356893,4.092656828850582,-0.6180442267391669,20.03351354598999
1780877270.889398,1.3540458796756993,4.074006241632502,-0.6256429956608336,20.059549808502197
1780877270.9256787,1.3194703124757474,4.06648551883095,-0.6181666280943849,20.09583044052124
1780877270.961933,1.1595925562610545,4.112492763594589,-0.5802150566244838,20.132084608078003
1780877270.9953258,1.1999764165431943,4.124478427648868,-0.5880898346693626,20.165477514266968
1780877271.0406067,1.2198931263724528,4.107592444304104,-0.5928604442075298,20.210758447647095
1780877271.0745056,1.2518808267950572,4.0871718428288375,-0.5999183977643651,20.244657278060913
1780877271.1070528,1.2843365728231197,4.08994177181809,-0.6067962042326457,20.277204513549805
1780877271.1429498,1.3052199014983963,4.079140732264372,-0.6116288862293862,20.313101530075073
1780877271.1835995,1.088378438755014,4.132690879768142,-0.5604724975681384,20.353751182556152
1780877271.2176447,1.052463945269866,4.143744651426606,-0.5513438895292845,20.38779640197754
1780877271.2532501,1.1762704931181078,4.1052270136135895,-0.58020208621685,20.423401832580566
1780877271.2888784,1.1634022555704693,4.107187931245259,-0.5769027766054938,20.459030151367188
1780877271.3391542,1.215488906404092,4.086260247336555,-0.5891979022621996,20.509305953979492
1780877271.3625274,1.2690435115361465,4.079522115915259,-0.6005244943803664,20.532679080963135
1780877271.3962674,1.0337745579165702,4.121751997392606,-0.5460439678339906,20.56641912460327
1780877271.4343204,1.1052051973358754,4.093740308777395,-0.5628328963877465,20.604472160339355
1780877271.4732637,1.2023932418202248,4.062715756770963,-0.585572686592155,20.643415451049805
1780877271.510143,1.2305889562056525,4.044528919735894,-0.5923962350059815,20.68029475212097
1780877271.5508196,1.3443973504221496,3.9662769944700997,-0.6216831097747866,20.72097134590149
1780877271.5943737,1.3810778822525591,3.9708098355917167,-0.628596682287655,20.764525413513184
1780877271.6246068,1.1472527096391316,4.030079406979992,-0.5730694676239179,20.794758558273315
1780877271.6657457,1.091544402357307,4.071751258968732,-0.5576139211807932,20.83589744567871
1780877271.7019496,1.2554659252974703,4.003428136624919,-0.5973253254896472,20.872101306915283
1780877271.7391496,1.1937688851708959,4.03948208645774,-0.580936001680602,20.909301280975342
1780877271.7715,1.2035109771218095,4.0318548881788425,-0.5831746228809911,20.941651821136475
1780877271.8068068,1.2955061107761678,3.9927107559225368,-0.6050189816738495,20.976958513259888
1780877271.8442526,1.0189166927625781,4.062921950446024,-0.538490095617169,21.014404296875
1780877271.877187,1.0471794696161796,4.051281263588525,-0.5448192154337509,21.047338724136353
1780877271.9104612,1.1105874508587084,4.052039273681435,-0.5592897640694897,21.080612897872925
1780877271.9463322,1.1454376618723223,4.0389017236711835,-0.5669247280392768,21.11648392677307
1780877271.9847486,1.1206030079945821,4.0407111582297475,-0.5607530550974443,21.154900312423706
1780877272.0196557,1.2255947970658645,4.008328933492157,-0.585624624045219,21.189807415008545
1780877272.0552444,0.9614184811614148,4.06698068082402,-0.5220452410189848,21.225396156311035
1780877272.0948994,0.9696692380297237,4.049290151882432,-0.5225595237857118,21.265051126480103
1780877272.1297145,1.0664997341009026,4.0387061849465145,-0.5465007179830144,21.299866199493408
1780877272.167333,1.0808938008893088,4.037979389776877,-0.5493744797811083,21.33748459815979
1780877272.1996498,1.1174292575570783,4.024279501478981,-0.5577597768558488,21.36980152130127
1780877272.235169,1.2028737274400934,3.995474353150988,-0.578129057576717,21.405320644378662
1780877272.2742825,1.256804337951365,3.618871549156758,-0.5742602517992291,21.44443416595459
1780877272.310976,1.0647208408810522,3.948539490881295,-0.5418645271046688,21.481127738952637
1780877272.3533447,1.0388875933079373,4.025159691184766,-0.5375993285548157,21.523496389389038
1780877272.3836944,1.0837872431569804,4.018308046399177,-0.5477065397578023,21.55384612083435
1780877272.4206064,1.1196222858568108,4.005072527832433,-0.5559101158113102,21.590758085250854
1780877272.4622111,1.1683071171976864,3.9748653502802673,-0.5681924171200656,21.632362842559814
1780877272.4955578,1.2931678369568296,3.6654671577709963,-0.5901307828873456,21.665709495544434
1780877272.5326982,1.0414050247793853,3.952647982566619,-0.5343787118602373,21.702849864959717
1780877272.5662155,1.0838651341586403,3.9813045653912953,-0.5469796404302203,21.736367225646973
1780877272.6016984,1.0855218512424163,3.985581076607833,-0.5464953668498099,21.771850109100342
1780877272.6474628,1.1928697159233692,3.9393471312535393,-0.572946657841684,21.817614555358887
1780877272.680415,0.9847354090495246,3.9921709761697874,-0.52208730441687,21.850566625595093
1780877272.717645,1.2395429049012028,3.548644443495573,-0.567277077774643,21.887796640396118
1780877272.75343,1.0507065585740667,3.966911203115992,-0.5374039109184682,21.92358160018921
1780877272.8000817,1.0536916399682292,3.9656055656015337,-0.5373818755235864,21.97023344039917
1780877272.825084,1.1522001249666523,3.921664489666986,-0.5617094179439995,21.995235681533813
1780877272.868772,1.1928863928226756,3.9082583090917122,-0.5712495656745263,22.038923740386963
1780877272.9025404,1.2323672032652897,3.5488033365573175,-0.5653013567048145,22.072692155838013
1780877272.9348104,1.0194688136135355,3.954099996192297,-0.5278820157095284,22.10496211051941
1780877272.9741867,1.136692782597049,3.8053097310134207,-0.5531067540180198,22.144338369369507
1780877273.006666,1.1086282957430267,3.879316804032756,-0.5480383605650442,22.176817655563354
1780877273.0432057,1.1566885841255017,3.911137775376469,-0.5596481007167401,22.21335744857788
1780877273.078108,1.2695532063447303,3.625603808983495,-0.5814536664036446,22.248259782791138
1780877273.1198947,1.1581723935078192,3.743777240125426,-0.5571193151344588,22.290046453475952
1780877273.159652,1.0374884413262093,3.935707586841569,-0.5289701643361088,22.329803705215454
1780877273.1914496,1.087709235069247,3.856909702275711,-0.5399937580365238,22.36160135269165
1780877273.2299137,1.0976944391829593,3.9261832488773,-0.5427842404956085,22.400065422058105
1780877273.2651916,1.158717935678137,3.7171923688146356,-0.5579049072100213,22.435343265533447
1780877273.3018608,1.1277926252233499,3.72628977124017,-0.5479416848168139,22.472012519836426
1780877273.3366323,1.0780648662095105,3.899699841476542,-0.5417591123130316,22.506783962249756
1780877273.3709033,1.0766357808718097,3.877290031790672,-0.5390140203414003,22.54105496406555
1780877273.4110916,1.1394114712689016,3.852272901137275,-0.5527185387558061,22.58124327659607
1780877273.4471714,1.1293365026997122,3.756216214042272,-0.5492978690406205,22.61732316017151
1780877273.4873478,1.14172150392282,3.706747894188948,-0.5524050330165918,22.65749955177307
1780877273.5184474,1.1168944089614832,3.752612090483547,-0.5461093707817158,22.688599109649658
1780877273.5553238,1.0398991870333316,3.8694997645644866,-0.527027976754909,22.725475549697876
1780877273.5912743,1.0900438749479764,3.8508940321318503,-0.53821012306479,22.761425971984863
1780877273.6249938,1.0261793340343166,3.831516754797988,-0.5217128271501905,22.795145511627197
1780877273.6640286,1.1418916792906875,3.6639889294043932,-0.5499346490741912,22.83418035507202
1780877273.6987739,1.0832089615572735,3.753463965646414,-0.5349645927685514,22.86892557144165
1780877273.7341783,1.0469827848769444,3.8451331720361805,-0.5271670480423829,22.904330015182495
1780877273.7679732,1.043698458776504,3.84090619352997,-0.5246966803062226,22.938124895095825
1780877273.8026698,1.1224472298941377,3.8150510598102425,-0.5440615510611514,22.972821474075317
1780877273.8418603,1.0700053986064089,3.69603775814063,-0.5291337204720336,23.012012004852295
1780877273.8789256,1.069544816971219,3.7308518287377264,-0.5300285695879541,23.04907727241516
1780877273.9174893,1.049622007562956,3.819772020274555,-0.5253221390303593,23.08764100074768
1780877273.9519737,1.0548921155152928,3.807147606450755,-0.5257429492796876,23.122125387191772
1780877273.9839602,1.0813726516020046,3.8015819343481896,-0.5321339413498614,23.154111862182617
1780877274.022794,1.120236262275661,3.6502103725188673,-0.54261994819368,23.19294571876526
1780877274.0549567,1.06559052730585,3.686598264726244,-0.5267964974411538,23.22510838508606
1780877274.0900965,1.0339864173912656,3.768973740260387,-0.5195014648673792,23.2602481842041
1780877274.126925,1.0465295087972053,3.755337377355508,-0.5220769337377198,23.29707670211792
1780877274.1614723,1.0913382107830234,3.764329984037686,-0.5333020101530314,23.331624031066895
1780877274.204844,1.0590633535953846,3.7102744867688147,-0.5248226522837368,23.374995708465576
1780877274.2443461,1.1110803106257199,3.6004317124723366,-0.5380118910240352,23.41449785232544
1780877274.277654,1.0802747480171893,3.6652415626392947,-0.529729148069759,23.447805643081665
1780877274.323099,1.0764921535218805,3.705400249712392,-0.5286663158144489,23.493250608444214
1780877274.352978,1.045919977209271,3.7549700929734953,-0.5205146099006591,23.52312970161438
1780877274.3896892,1.1173395909380766,3.723710474555861,-0.5385017271698567,23.55984091758728
1780877274.4266942,1.2126931011961173,3.45274124333137,-0.5654100081608421,23.596845865249634
1780877274.46238,1.0803180976270783,3.6086148070705217,-0.5299179455011469,23.63253164291382
1780877274.5026574,1.0384035894753103,3.7280044629612763,-0.5183369907438234,23.67280912399292
1780877274.5381095,1.0839446940244053,3.7024177248723635,-0.5293085617447267,23.708261251449585
1780877274.571207,1.0958511025523845,3.6959989973091623,-0.5322686688929823,23.741358757019043
1780877274.6087697,1.144409276337135,3.676783561526883,-0.5447287232366517,23.778921365737915
1780877274.6573186,1.070114969548861,3.5769380065243452,-0.5264378422698508,23.827470302581787
1780877274.680944,1.0657164113291657,3.6291225449347397,-0.5249807293793513,23.85109567642212
1780877274.7171905,1.0590525703748994,3.682057047053197,-0.5226752249053712,23.88734221458435
1780877274.751965,1.0817099520574027,3.6649798158840228,-0.5282039391439722,23.92211675643921
1780877274.7883408,1.1122718829748752,3.6533164379190106,-0.5357034536824236,23.958492517471313
1780877274.8253994,1.0697367504000663,3.6612334117295013,-0.5241988806385006,23.995551109313965
1780877274.8586843,1.07054690453196,3.5407269929398644,-0.5253388844144343,24.028836011886597
1780877274.8947544,1.0416920192180457,3.61326920978152,-0.5167262194380339,24.064906120300293
1780877274.9349837,1.034982636957989,3.6636623579884815,-0.5139823465991954,24.105135440826416
1780877274.969224,1.0370090070359073,3.6621134341647616,-0.5155092094393269,24.139375686645508
1780877275.0033739,1.0762208618726807,3.6411099797961004,-0.5242486571670003,24.17352557182312
1780877275.0459878,1.0129584958655917,3.6125497755206397,-0.5077056398262868,24.216139554977417
1780877275.0802383,1.0533159030797727,3.5274520950237296,-0.5187503432135779,24.25039005279541
1780877275.1168616,1.045408266807098,3.573756874205037,-0.5164660170518451,24.287013292312622
1780877275.151923,1.0544158209664354,3.561005717657747,-0.5185839792781544,24.32207465171814
1780877275.18766,1.061391285309695,3.560566351879534,-0.5200504416429588,24.35781168937683
1780877275.2214804,1.0564038994699678,3.6239530419359545,-0.5179707670362367,24.391632080078125
1780877275.259702,1.175895246917031,3.3863683421805137,-0.5528363308835563,24.429853677749634
1780877275.2991486,1.1770390120596979,3.3792419137352026,-0.5532170026367328,24.469300270080566
1780877275.3347077,1.0946192948122258,3.472144045180699,-0.5305746668726035,24.504859447479248
1780877275.3704503,1.088787700710446,3.4707337418908395,-0.5285144342083308,24.54060196876526
1780877275.4038217,1.04776169591821,3.519166654582541,-0.5149694553239249,24.573973417282104
1780877275.445129,1.0581919172252907,3.5374460149098694,-0.5172690224634409,24.615280628204346
1780877275.4798522,1.061905362678503,3.482971450437633,-0.519592515227289,24.650003910064697
1780877275.5160222,1.176030076180844,3.3360470468500623,-0.5534915718234111,24.686173915863037
1780877275.5521555,1.0707375962776071,3.4517839458880983,-0.5224167666667425,24.722307205200195
1780877275.587421,1.0697688108882135,3.4445780273535758,-0.5221666013849404,24.757572650909424
1780877275.6228042,1.082745501771089,3.4395285239220064,-0.5264077082467344,24.79295587539673
1780877275.6637747,1.0631434088434122,3.462964765791402,-0.5191397413269441,24.83392643928528
1780877275.7022717,1.0606001835992833,3.510757094391239,-0.5167536292864151,24.87242341041565
1780877275.7429886,1.1577976955300686,3.330005001519673,-0.5492561620292333,24.913140296936035
1780877275.773291,1.1648939585818974,3.3058756870251855,-0.5514373865580667,24.943442821502686
1780877275.8108046,1.0587351093256332,3.4171199858305923,-0.5181049858684014,24.980956315994263
1780877275.8466876,1.0704218108932584,3.4078223303821984,-0.5223970143417663,25.016839265823364
1780877275.883444,1.0804013005481816,3.3962587743956316,-0.5261808229051143,25.053595781326294
1780877275.9305277,1.094111524010907,3.414624054576019,-0.529521518999055,25.100679397583008
1780877275.9580965,1.155752193527271,3.3662384779653998,-0.5559374098497062,25.12824821472168
1780877275.9948065,1.1579167496931213,3.3122378645723494,-0.5533874994716707,25.164958238601685
1780877276.028476,1.0731859759491247,3.3651758480318184,-0.524590199349989,25.198627710342407
1780877276.0732827,1.056746384332501,3.3998882766102487,-0.5175305940019793,25.2434344291687
1780877276.1003067,1.0588146881438207,3.3858855292147827,-0.5187139593058578,25.270458459854126
1780877276.1500757,1.0622725045471206,3.3979273701293975,-0.5191517664296228,25.32022738456726
1780877276.1757383,1.067146572406246,3.3995721053881094,-0.519959930012953,25.345890045166016
1780877276.2124012,1.1274600850539045,3.310831148175922,-0.5439225811419317,25.38255286216736
1780877276.2513306,1.1254794395843704,3.2534671024928237,-0.5411027169557844,25.42148232460022
1780877276.2866573,1.132168768986986,3.246325172523991,-0.543423114376172,25.456809043884277
1780877276.319593,1.1093573840952902,3.25829286708104,-0.5352371568073301,25.489744663238525
1780877276.3554611,1.1193032028700953,3.2501506268534808,-0.539486556955707,25.525612831115723
1780877276.390797,1.0640281226279722,3.336588308480962,-0.5210138615354423,25.560948610305786
1780877276.4326994,1.1348199672660517,3.2396889622080725,-0.5471929931679801,25.602851152420044
1780877276.4661481,1.109522147104015,3.2946032060170527,-0.5414194166618621,25.63629984855652
1780877276.5022712,1.1103090426761062,3.24039291789379,-0.5376850743433895,25.672422885894775
1780877276.5389473,1.1221363720380197,3.237370841749443,-0.5410308389539894,25.709099054336548
1780877276.5738013,1.1292718967332926,3.228865146246875,-0.5439343937164652,25.743952989578247
1780877276.6086178,1.0987940144983062,3.2623078627243527,-0.5333798410649371,25.778769493103027
1780877276.6458654,1.1094925850595203,3.2199975300873023,-0.5356437566725009,25.816017150878906
1780877276.6841826,1.1240042291996035,3.2497848506708396,-0.5449624606130141,25.854334354400635
1780877276.7176979,1.0868975987134117,3.389677363548534,-0.537079349106204,25.88784956932068
1780877276.7504337,1.1050021020775704,3.3120078745911616,-0.541635654508529,25.92058539390564
1780877276.7879539,1.1059811111932012,3.250829294202431,-0.5385679523132708,25.95810556411743
1780877276.8250773,1.1056625322765101,3.19513253149509,-0.5365920459826792,25.9952290058136
1780877276.869575,1.0803011864067296,3.2524277490086337,-0.5291733793650948,26.039726734161377
1780877276.894355,1.0910795998959144,3.186424834267872,-0.5305731149698016,26.064506769180298
1780877276.9300182,1.0970150459089254,3.1980131133878382,-0.5343762424597048,26.100169897079468
1780877276.9694386,1.1146361094001218,3.270739053402445,-0.5474396388589483,26.1395902633667
1780877277.0036967,0.9190516227867823,3.3006263168515826,-0.47319326015337376,26.173848390579224
1780877277.0383866,0.8171237524737224,3.438912877152061,-0.4431044522077232,26.2085382938385
1780877277.0782785,0.8538898525988093,3.423005537033148,-0.4532763926656324,26.248430252075195
1780877277.1101053,0.8932377579479107,3.403153685469075,-0.46438506438372384,26.280256986618042
1780877277.1469505,0.8818477902915169,3.41097010459344,-0.460540337415247,26.317102193832397
1780877277.1838984,0.9970280235154585,3.3827472859713077,-0.5071781275466898,26.354050159454346
1780877277.2221854,0.6658939669229008,3.4397559606765222,-0.4004351429672128,26.39233708381653
1780877277.256718,1.0550228506731272,3.3768629510181905,-0.5354830040001065,26.4268696308136
1780877277.2863998,0.9499666073719789,3.3767061685332624,-0.49386579281141485,26.456551551818848
1780877277.321648,0.9783683543338022,3.3539337222154675,-0.5035866352444851,26.4917995929718
1780877277.3587198,0.9474645510511269,3.379397048801832,-0.49039725570994347,26.528871536254883
1780877277.3973312,0.9861019513368781,3.3507159110992695,-0.5041843921822009,26.567482948303223
1780877277.4288042,0.9807369130380705,3.3468964029724937,-0.5026714912021344,26.598955869674683
1780877277.4665017,0.8275330163841932,3.37305029935022,-0.45898239449855865,26.636653423309326
1780877277.5013082,0.8551730053768687,3.373339521678805,-0.4655242179789785,26.671459913253784
1780877277.5365577,0.8951037145215821,3.3530495175439246,-0.4783248774792938,26.706709384918213
1780877277.5739055,0.9296381953781229,3.3338292050693172,-0.4890655253641102,26.744057178497314
1780877277.6106725,0.9454363776038537,3.328650871985264,-0.492768278486963,26.780824184417725
1780877277.6453292,0.9249990596404667,3.334030852131966,-0.4860225618455765,26.815480947494507
1780877277.6807368,0.936610484194349,3.3222287330309976,-0.4905694874160188,26.85088849067688
1780877277.7193472,0.9507543906683928,3.310307993229359,-0.495631328114437,26.889498949050903
1780877277.7613347,0.9384458110334519,3.3206866435765017,-0.48957598707085925,26.93148636817932
1780877277.7946675,0.926712913210841,3.3138236105147305,-0.4871255799799591,26.964819192886353
1780877277.8295593,0.8055676638903111,3.325346855697264,-0.4539227655788463,26.99971103668213
1780877277.877179,0.8402205038275119,3.3125367161524686,-0.46468309758840526,27.047330617904663
1780877277.9145446,0.8557457998331779,3.306784445034594,-0.46878940226821975,27.084696292877197
1780877277.947244,0.8585081157335102,3.313663057697201,-0.46728569473300335,27.117395639419556
1780877277.9839308,0.8941761271665383,3.2899338610256823,-0.47980720253665143,27.154082536697388
1780877278.0236769,0.8881957166630957,3.2870711388174514,-0.4781661691904864,27.193828582763672
1780877278.0634577,0.9055210554440325,3.2691140705628223,-0.4850661407684181,27.233609437942505
1780877278.0988336,0.8894953504166632,3.2840340516296678,-0.47695586000728807,27.268985271453857
1780877278.1361828,0.9094389719186136,3.2634496654500085,-0.4854247461148729,27.306334495544434
1780877278.1707785,0.9168391292129123,3.2561547625225415,-0.487665792465551,27.340930223464966
1780877278.2080936,0.9350212107573627,3.239454753100662,-0.49437060831652,27.37824535369873
1780877278.2440321,0.8737066642376905,3.254081611427699,-0.47435490550572484,27.414183855056763
1780877278.279779,0.7799858814857108,3.2625271622380403,-0.44949112635253824,27.449930667877197
1780877278.3180478,0.8227122125378792,3.2463101139646544,-0.4625362044091254,27.488199472427368
1780877278.3520021,0.8614714990830983,3.227565845394083,-0.47502862796301143,27.522153854370117
1780877278.3908772,0.8406120809419828,3.24544126051606,-0.46528875078532533,27.561028957366943
1780877278.4270735,0.8452116056810091,3.2312892917911586,-0.46847235968436496,27.597225189208984
1780877278.4627116,0.8575572026440235,3.22180892028754,-0.4726921108920012,27.63286328315735
1780877278.5028386,0.8749182621744105,3.2060724305185135,-0.47936112860551655,27.672990322113037
1780877278.53356,0.8689732239502422,3.219958926921474,-0.4737672417753428,27.70371174812317
1780877278.569409,0.8954707223184739,3.200105381860059,-0.4836126932056525,27.73956060409546
1780877278.6072917,0.8981965331276089,3.193355784366153,-0.4847104985763593,27.777443408966064
1780877278.6463118,0.9198583089269154,3.1753080459239635,-0.4926994889848904,27.816463470458984
1780877278.6871934,0.8894477794208524,3.1956333467410256,-0.4801302522990782,27.85734510421753
1780877278.721123,0.8425224374947531,3.1863241412329844,-0.46878744431667785,27.89127469062805
1780877278.761886,0.7850200152257963,3.198759262557434,-0.4518540443402264,27.932037591934204
1780877278.7976556,0.8355907995820495,3.174733683600446,-0.4682563097821729,27.967807292938232
1780877278.8358245,0.8273238654014163,3.186233370824353,-0.4627030173502327,28.00597620010376
1780877278.867376,0.8454097299322414,3.1687261843161276,-0.4698386772748144,28.037527799606323
1780877278.9124076,0.8539976445763984,3.161376973242324,-0.47289051693136314,28.08255934715271
1780877278.9480271,0.8577558431976611,3.149306399030452,-0.47515761352976643,28.118178844451904
1780877278.9830825,0.8438260751395077,3.1586005717939543,-0.46835878680793797,28.153234243392944
1780877279.0219567,0.8780915686511861,3.1391089556509524,-0.4802292230588481,28.192108392715454
1780877279.0560968,0.8782034069099045,3.1313213741791532,-0.4810686280062214,28.226248502731323
1780877279.093825,0.8762655505241568,3.1225133126835654,-0.48155557824751677,28.26397681236267
1780877279.1304429,0.8522384093337385,3.134200622292559,-0.4717612432906675,28.300594568252563
1780877279.1683395,0.8517582555198802,3.123200991880838,-0.4728510654262046,28.338491201400757
1780877279.2049623,0.7663124993145545,3.1355452541695525,-0.4481999231827843,28.37511396408081
1780877279.2399364,0.8098466139748282,3.11811034308678,-0.4622190142651209,28.410088062286377
1780877279.2768714,0.7994444452920422,3.1256551642727546,-0.4568547523936475,28.447023153305054
1780877279.3122208,0.8174420199655718,3.11242067061038,-0.46328624202982815,28.482372522354126
1780877279.3454773,0.8338236426907819,3.095338355807716,-0.46982740040845183,28.515629053115845
1780877279.3856137,0.799951397840585,3.11457259957541,-0.4564975355601805,28.555765390396118
1780877279.4178355,0.8072342076754226,3.101218454984173,-0.46042265620583345,28.587987184524536
1780877279.4617035,0.8348160918667776,3.0875094592060215,-0.46929275485047134,28.631855249404907
1780877279.4992628,0.8499439775282891,3.07207566290353,-0.47553842566222626,28.669414520263672
1780877279.537423,0.8341326082628894,3.0792285808074333,-0.46856100325831906,28.707574605941772
1780877279.5727417,0.8480360704236977,3.0633917393599344,-0.4744066673938924,28.74289345741272
1780877279.6083398,0.7380647677000542,3.0803784554793276,-0.44150512169662837,28.778491497039795
1780877279.644827,0.7550133147913528,3.074357750071158,-0.44629779954956156,28.81497859954834
1780877279.6810975,0.7586525106400237,3.067178575394453,-0.44762842113093776,28.85124921798706
1780877279.718208,0.7718998874536405,3.0574850064645305,-0.4522306282210347,28.888359785079956
1780877279.753055,0.8013958805306675,3.039168080906806,-0.46234757416084643,28.92320680618286
1780877279.7901871,0.8052998390383241,3.0413871871652502,-0.46165254189793153,28.960338830947876
1780877279.8254292,0.8086773717534191,3.034108138404049,-0.4636821199229845,28.995580911636353
1780877279.8661103,0.822617201092323,3.0224635851143105,-0.46869075270285737,29.036262035369873
1780877279.9015906,0.8080160034346289,3.029409917200934,-0.4620952553175278,29.071742296218872
1780877279.936771,0.811983018795438,3.0152794747562863,-0.46544190213445436,29.10692262649536
1780877279.9707532,0.8139866860030733,3.0041380361705494,-0.4675056795200945,29.140904903411865
1780877280.0059676,0.7558981880854527,3.0002020936671068,-0.4502414426582204,29.176119327545166
1780877280.045626,0.7074739039778609,3.0119642851563473,-0.4351344733128279,29.21577763557434
1780877280.0796463,0.7440178416111548,2.998987575341522,-0.44702515128647047,29.2497980594635
1780877280.1146045,0.7580624233240123,2.988206212141709,-0.45257971732119,29.284756183624268
1780877280.1544294,0.752856748660202,2.995416406853014,-0.4483276794345004,29.324581146240234
1780877280.190066,0.7668761080607687,2.9815890682307318,-0.45402521834566334,29.360217809677124
1780877280.2292206,0.7745698110597425,2.96958940995066,-0.4578303596836099,29.399372339248657
1780877280.2624571,0.7633864647197828,2.982137245726184,-0.4510614650156808,29.43260884284973
1780877280.2982938,0.771702043612402,2.9725377109482665,-0.45449021724082694,29.468445539474487
1780877280.3410213,0.7732135478542997,2.959844153924662,-0.45699506828243663,29.511173009872437
1780877280.3765075,0.7698402755655922,2.9556016029241636,-0.4561672141730009,29.546659231185913
1780877280.4133346,0.7506371718302755,2.9621241874853763,-0.4481845956954201,29.583486318588257
1780877280.4473271,0.7610589405948573,2.948565539183212,-0.45339181304620496,29.617478847503662
1780877280.4888258,0.7674256794059968,2.9330054955774933,-0.4570683748749536,29.658977508544922
1780877280.5252862,0.6892597800087308,2.9347968335752377,-0.43391577613821986,29.695437908172607
1780877280.555485,0.6979392293005775,2.944101918386347,-0.4334434328408006,29.72563672065735
1780877280.594983,0.7163867291250036,2.930788636447428,-0.44122436098723633,29.765134811401367
1780877280.628957,0.730435798799977,2.9194608466793506,-0.44668542808435635,29.799108743667603
1780877280.6739154,0.7316033146692569,2.9125281308376243,-0.4477590400421955,29.844067096710205
1780877280.722676,0.7266638344306171,2.9170245994277737,-0.4442647775380841,29.89282774925232
1780877280.767656,0.7343490607112523,2.906953651082719,-0.4481921829966962,29.93780779838562
1780877280.8052602,0.7385145857826318,2.8957851971878332,-0.4509335252663269,29.975411891937256
1780877280.8411617,0.7119158249829609,2.9094774491389384,-0.43940099527879284,30.011313438415527
1780877280.8849132,0.7221995129364641,2.9001062312055925,-0.44348298560610216,30.055064916610718
1780877280.9197373,0.7373450227708482,2.8812773742843993,-0.45086492675069256,30.08988904953003
1780877280.9552498,0.7393074238649628,2.875986231246278,-0.45150784881691497,30.125401496887207
1780877280.9939473,0.7325606158194882,2.8815109636990694,-0.4467617708983237,30.164098978042603
1780877281.0295982,0.7480110428664922,2.8699785508834834,-0.4529448034716259,30.19974994659424
1780877281.0761058,0.6992572611121439,2.860722260941264,-0.4388085352018873,30.246257543563843
1780877281.1067011,0.6493857297158201,2.893887298783575,-0.4183259668263707,30.27685284614563
1780877281.13916,0.6706905699618143,2.8729314343628842,-0.42861915633671405,30.309311628341675
1780877281.1769633,0.6872261130826773,2.8612562827661217,-0.434578953181711,30.34711503982544
1780877281.214482,0.7086604622049224,2.850366995601189,-0.4423073960585287,30.384633779525757
1780877281.2510705,0.6976630404487556,2.8590672245089626,-0.43606296736123185,30.42122220993042
1780877281.2853758,0.7070718151538805,2.8441874287771762,-0.4410611448449892,30.455527544021606
1780877281.3249862,0.69973968842999,2.8367694069965257,-0.43960003694784544,30.495137929916382
1780877281.3554456,0.6873561177395491,2.8451233840910692,-0.43275531693136465,30.52559733390808
1780877281.3904572,0.7052374861095643,2.8305679898280545,-0.44034809586880114,30.560608863830566
1780877281.424786,0.7226285675509889,2.815796008179659,-0.4474016454648237,30.594937801361084
1780877281.4626954,0.7111495464067397,2.827777349762914,-0.4409047100137999,30.63284707069397
1780877281.497396,0.7147141717581742,2.8180204367814112,-0.44337859685586734,30.667547702789307
1780877281.5354893,0.6368430633607722,2.8253435111925924,-0.41907268982541723,30.70564103126526
1780877281.5720446,0.6470406696848745,2.8156823417579138,-0.4232375004402283,30.742196321487427
1780877281.6073146,0.6415486395436816,2.8186266499968786,-0.419361963911658,30.777466297149658
1780877281.6417875,0.6630908353596408,2.801963096434422,-0.4285380432831259,30.811939239501953
1780877281.6761758,0.6885869323336238,2.7902728550354254,-0.4376570774604382,30.846327543258667
1780877281.7131891,0.686088966527742,2.793232986384454,-0.43458312724068926,30.88334083557129
1780877281.7527416,0.689642847456029,2.7821033358163616,-0.4376089352238223,30.922893285751343
1780877281.7969158,0.6912892360766226,2.776388867106655,-0.43894198309445376,30.96706748008728
1780877281.8274634,0.6804348289162476,2.7844617226172694,-0.43286677218513564,30.997615098953247
1780877281.8616276,0.6848038536849184,2.77175673995782,-0.43593621026261453,31.031779289245605
1780877281.8967874,0.6903945070942485,2.763335611935309,-0.439015274869132,31.066939115524292
1780877281.9373474,0.6813267856238157,2.7611373472855476,-0.4356250751000459,31.10749912261963
1780877281.973097,0.5926683053532513,2.770849454724627,-0.4058720742397839,31.143248796463013
1780877282.0113482,0.608217094774151,2.761449507542671,-0.41173813079609917,31.18149995803833
1780877282.0464025,0.6381755538903344,2.7478414053871165,-0.42270999433444223,31.216554164886475
1780877282.084411,0.6473406184772682,2.749755334444033,-0.42392112577664753,31.254562616348267
1780877282.123179,0.6616753409534268,2.7395370442716223,-0.42994586457418393,31.293330669403076
1780877282.1661758,0.6599558329291622,2.7329526309028482,-0.43015250214257256,31.33632755279541
1780877282.2035778,0.6441263039254528,2.7368127337793893,-0.4233213059261132,31.373729467391968
1780877282.239075,0.6667282948579192,2.7206224599585527,-0.4325099320016588,31.409226655960083
1780877282.2781537,0.6599499885642357,2.713192777254183,-0.43166526032431507,31.448305368423462
1780877282.3229413,0.655344060855068,2.715086493204006,-0.4277924666980491,31.493093013763428
1780877282.3460505,0.6603094290350234,2.7009112202566508,-0.4313519570664473,31.516202211380005
1780877282.3837655,0.5937597045044583,2.707242034020754,-0.410105059440042,31.553917169570923
1780877282.4186742,0.5887173625757716,2.718778898485876,-0.4048917951840731,31.588825941085815
1780877282.456365,0.6240197749949716,2.700300116510515,-0.41909229449721414,31.626516819000244
1780877282.493852,0.6432322464230343,2.686556487571929,-0.42717467342165144,31.664003610610962
1780877282.5296116,0.6299948310917967,2.697272247129302,-0.4185547764409652,31.699763298034668
1780877282.5645838,0.6321125712725684,2.679935417669613,-0.42293404362912385,31.7347354888916
1780877282.5994654,0.6252711780786739,2.6834744146148743,-0.4189229668780474,31.769617080688477
1780877282.6338627,0.6279668250104188,2.682384192833404,-0.41834920011633364,31.804014444351196
1780877282.6705782,0.6450710950633407,2.671120408909613,-0.4253800903635105,31.84072995185852
1780877282.7057996,0.6439945528185991,2.6587333562175783,-0.42605653361554924,31.875951290130615
1780877282.744235,0.5571261512073523,2.688006527603592,-0.39346353124336947,31.914386749267578
1780877282.7791657,0.5809692812103093,2.6743863466188045,-0.40333395719126486,31.949317455291748
1780877282.8203425,0.5894110211711396,2.6637178711355913,-0.40734556648389103,31.99049425125122
1780877282.852252,0.5909756016955008,2.670077716575051,-0.4046655852035926,32.022403717041016
1780877282.8886542,0.6263921286408602,2.643043885613847,-0.41994200278615335,32.0588059425354
1780877282.9222355,0.6368029493610831,2.6357066720261404,-0.4239772835213515,32.092387199401855
1780877282.9588923,0.6222121598262056,2.6438354546182934,-0.41632538623576176,32.12904405593872
1780877282.9932582,0.6362752514036645,2.629254464318767,-0.4236848116341389,32.163409948349
1780877283.0312533,0.6448914601255669,2.6202849002097905,-0.42726982376035266,32.20140504837036
1780877283.0663414,0.624842950100639,2.6273986483772838,-0.41782520026429565,32.23649311065674
1780877283.1028266,0.5485351446723183,2.631790644394685,-0.3933759041098473,32.27297830581665
1780877283.141231,0.5534759782434626,2.625868625036254,-0.3958139367286038,32.31138277053833
1780877283.1801467,0.5700527274820608,2.6290934428354746,-0.39926080140790143,32.3502984046936
1780877283.2155101,0.6125641691812799,2.608297424632222,-0.4160339706241912,32.38566184043884
1780877283.251329,0.6272569240339326,2.6023379542252827,-0.4214289593900022,32.421480655670166
1780877283.2878478,0.6119099732640476,2.6077890680438975,-0.4137396869977318,32.45799946784973
1780877283.3220203,0.6037776465166136,2.598507145108373,-0.41311354123408867,32.49217200279236
1780877283.3555338,0.6043501590144125,2.5922019052293908,-0.41398248238674057,32.52568554878235
1780877283.3923237,0.5995776156651866,2.594673733423267,-0.41022710600596357,32.56247544288635
1780877283.4338574,0.6196903114492385,2.5812139144890676,-0.4189791136902726,32.60400915145874
1780877283.472809,0.5494035825688239,2.5898714448789715,-0.3944551348301255,32.64296078681946
1780877283.5153503,0.54738466785385,2.591607689570405,-0.39227768759054904,32.68550205230713
1780877283.5406692,0.5771058293087327,2.578182625234877,-0.40419320273077286,32.71082091331482
1780877283.5782933,0.5879286268411729,2.5715269589229695,-0.4079808757026416,32.7484450340271
1780877283.6172118,0.5820533215646321,2.570127699798639,-0.40507291091118697,32.78736352920532
1780877283.650277,0.5827782634918228,2.5632105356968427,-0.40609730389284765,32.82042860984802
1780877283.685093,0.5807290680321306,2.560320038117773,-0.40553619413815034,32.855244636535645
1780877283.7203505,0.5949275394243034,2.5533019448005723,-0.4101641742295251,32.89050221443176
1780877283.7553885,0.6018083538582106,2.5489723800593858,-0.41254705644201295,32.92554020881653
1780877283.7930036,0.5565489015622552,2.543042389117394,-0.3969432891756681,32.9631552696228
1780877283.834105,0.525112840308716,2.554769190887863,-0.3852518186048032,33.00425672531128
1780877283.8683546,0.5591148733664908,2.5408409874268125,-0.3977856384622016,33.038506269454956
1780877283.9034066,0.5679304982227227,2.538888819204498,-0.39936776363363924,33.07355833053589
1780877283.9467752,0.5802031903882905,2.5334322424641567,-0.4047204721047946,33.11692690849304
1780877283.984804,0.5845598876593296,2.521206880717353,-0.4069794253543201,33.15495562553406
1780877284.0182865,0.5674606273253193,2.5271507687451282,-0.3993973567784718,33.188438177108765
1780877284.0543787,0.5740587496552534,2.516841209952393,-0.40278186891290907,33.22453045845032
1780877284.0915864,0.5736125901416143,2.5117066591025328,-0.4029957517781444,33.26173806190491
1780877284.1235008,0.5842441384404418,2.5075187971547077,-0.40665502612782234,33.29365253448486
1780877284.16047,0.5464639411156468,2.506813957919407,-0.39383515323784646,33.33062171936035
1780877284.1967788,0.5463606230184699,2.5087633980330617,-0.3925411283207228,33.36693048477173
1780877284.2348962,0.5572127729019054,2.5007572611742406,-0.3973525888023988,33.40504789352417
1780877284.269941,0.5596661076999208,2.49162484838909,-0.398875530970078,33.44009280204773
1780877284.3121116,0.5621147639257131,2.491280574210383,-0.39834351852158484,33.4822633266449
1780877284.3495646,0.5623795153455895,2.4808949076629094,-0.3997051583953936,33.51971626281738
1780877284.3835611,0.5654670940066815,2.4785104525526043,-0.4011645676654577,33.55371284484863
1780877284.422538,0.562779894284591,2.479399081064332,-0.3987415013568908,33.592689752578735
1780877284.458911,0.5597446375863382,2.4714255510936303,-0.3990460963576262,33.62906265258789
1780877284.4968536,0.49223018026739773,2.484012155991935,-0.3736999405539829,33.66700530052185
1780877284.5323427,0.5075822048613261,2.4762789305445625,-0.37958477617649294,33.702494382858276
1780877284.5695412,0.5310230217563133,2.463711147992451,-0.38814503941699763,33.73969292640686
1780877284.6098297,0.5412107336914563,2.462351337875136,-0.3909864646154412,33.7799813747406
1780877284.6485941,0.5474901913991812,2.456589676655484,-0.39372414828436336,33.818745851516724
1780877284.6879208,0.5348951523262822,2.456015344034392,-0.3888694414300103,33.85807251930237
1780877284.7263696,0.5295435878591452,2.4555003616286424,-0.38638730524542914,33.89652132987976
1780877284.7628176,0.5301623246459553,2.4499028527559585,-0.3868769234626986,33.93296933174133
1780877284.801191,0.5480224572203172,2.4424821176875087,-0.393179286101871,33.97134280204773
1780877284.833533,0.4977488662707409,2.4525021080763447,-0.37380927516555634,34.003684759140015
1780877284.8785791,0.5129524879011621,2.4428353657486097,-0.38005381359234286,34.04873085021973
1780877284.914213,0.5187056925344331,2.4408005827285315,-0.3813791303380781,34.08436465263367
1780877284.952033,0.5261758559555193,2.4344684133734242,-0.3844162929784412,34.12218475341797
1780877284.9862714,0.5292469550469776,2.4273233076716707,-0.3858893208560503,34.15642309188843
1780877285.0234997,0.5245280901043246,2.423114822044431,-0.38403071946378464,34.1936514377594
1780877285.0600593,0.5298899312055083,2.4201643140329008,-0.3860170816946844,34.23021101951599
1780877285.0962932,0.535166985728799,2.4164198567868547,-0.38735807479216616,34.26644492149353
1780877285.132168,0.5234204684038061,2.41283972364658,-0.383853576824599,34.30231976509094
1780877285.1682146,0.48491794978417935,2.416797467305713,-0.36906511950785476,34.33836627006531
1780877285.198678,0.4903261491606855,2.409865429097416,-0.3708665628413081,34.36882972717285
1780877285.2361042,0.5103503687058579,2.402020759778043,-0.37872121305529044,34.40625596046448
1780877285.270603,0.5163965088306465,2.4001445829054067,-0.3802671579480394,34.440754652023315
1780877285.3089397,0.5128148614473829,2.397312449626262,-0.37925614843541333,34.47909140586853
1780877285.3490758,0.4987319844455165,2.3940965587113223,-0.37404124233054825,34.519227504730225
1780877285.3884773,0.5003386191694134,2.3909537812618114,-0.3745023937577028,34.55862903594971
1780877285.4318087,0.504920996430666,2.384940673738444,-0.3763481469796456,34.60196042060852
1780877285.4645214,0.4867474544697121,2.3795549674792134,-0.36910757819966045,34.63467311859131
1780877285.5001948,0.4787064868862019,2.3800910846420495,-0.36619962264434475,34.67034649848938
1780877285.5397685,0.4947066836542589,2.3771444612022217,-0.37148330949971803,34.709920167922974
1780877285.5760217,0.49316725222536234,2.3732753629333088,-0.3713150250885867,34.74617338180542
1780877285.611579,0.4921890443803152,2.3694244030024656,-0.3710386982968526,34.78173065185547
1780877285.6491575,0.49605276992999847,2.362380430246537,-0.37239277902284895,34.81930923461914
1780877285.6839683,0.49109151306084087,2.3616761542895524,-0.3703149270520647,34.85412001609802
1780877285.7181904,0.4946625234064388,2.359091803065577,-0.3710745033792476,34.8883421421051
1780877285.7580516,0.5006835206798125,2.35373918396165,-0.37388088988281065,34.92820334434509
1780877285.7946312,0.44854052643030423,2.3565271967578756,-0.35384024298371497,34.96478295326233
1780877285.8307843,0.4523731823756666,2.350783036080952,-0.3551783397877967,35.00093603134155
1780877285.8659067,0.47317653099566026,2.3439424447143646,-0.36317415398267916,35.03605842590332
1780877285.9005864,0.4852648451140348,2.340084060114796,-0.36729439196711633,35.070738077163696
1780877285.9431696,0.4949843103364735,2.3352807951457146,-0.37125036587469284,35.11332130432129
1780877285.9761198,0.47684193308551015,2.334855734022944,-0.36400908705269736,35.14627146720886
1780877286.0101535,0.4711720404038747,2.331738625093573,-0.36191447466560456,35.18030524253845
1780877286.048345,0.47880503033602134,2.3251589552641243,-0.36511597168347465,35.218496799468994
1780877286.0860343,0.4803368298357078,2.320507570937827,-0.36540353064825526,35.25618600845337
1780877286.120525,0.4529898280543674,2.3199662211713634,-0.35454037604758837,35.29067659378052
1780877286.1591213,0.45692524261880524,2.3177410520976496,-0.35585253356573154,35.329272985458374
1780877286.1924188,0.4702236364800082,2.311692255181387,-0.36147371597946676,35.3625705242157
1780877286.2328506,0.46883117268638885,2.3090879985472457,-0.3605014937499292,35.40300226211548
1780877286.2655084,0.46422405621949564,2.3046052841575992,-0.3589610497411723,35.43566012382507
1780877286.3012059,0.45860685744611684,2.2983513740784667,-0.3568903400090955,35.471357583999634
1780877286.3483527,0.46796621774243574,2.294885675587324,-0.3604906386356171,35.51850438117981
1780877286.3748026,0.4813696333251395,2.2880349392324217,-0.3662153704197343,35.54495429992676
1780877286.4113834,0.4359295208625244,2.2921728784208595,-0.3475671748507658,35.58153510093689
1780877286.4515114,0.4348202588824317,2.2893812958126603,-0.34725030543947777,35.621663093566895
1780877286.4871335,0.43760568320487436,2.282938567164517,-0.34851357494844915,35.65728521347046
1780877286.5233383,0.4505787369338246,2.2773773316729615,-0.353611208139062,35.69349002838135
1780877286.5585523,0.4601046157086522,2.274926121884852,-0.3565341793550857,35.72870397567749
1780877286.590524,0.4648957120748015,2.270230978925356,-0.35881798890743316,35.76067566871643
1780877286.62667,0.45054371820018563,2.269166381378125,-0.35280937001899776,35.79682159423828
1780877286.6683252,0.4589544960885269,2.261406489589583,-0.35668068129734753,35.83847689628601
1780877286.7100656,0.4551617427248108,2.2599279701233708,-0.354879247173364,35.88021731376648
1780877286.7448936,0.4347118762651682,2.2514199655263063,-0.3467688214442379,35.91504526138306
1780877286.7792838,0.43999737682112816,2.250757646396276,-0.34883460665741484,35.9494354724884
1780877286.8162086,0.44371244329956355,2.248738369730555,-0.34993939028591997,35.98636031150818
1780877286.8621676,0.4528816824599715,2.2435076887252956,-0.35383729549142895,36.03231930732727
1780877286.883372,0.4559382277352526,2.240519120064527,-0.3548589726281455,36.053523778915405
1780877286.922409,0.4503358243931789,2.237551424204351,-0.3527627516151691,36.09256076812744
1780877286.9581707,0.43522445869631476,2.235469971693649,-0.3463422294703926,36.12832236289978
1780877286.99537,0.44578255864542937,2.2286166190789007,-0.3509397955000467,36.1655216217041
1780877287.034207,0.4538200545895753,2.2254486096542756,-0.3538688101860498,36.20435881614685
1780877287.0751855,0.443560857877241,2.220799180893578,-0.35010777325650805,36.24533724784851
1780877287.1168756,0.4380445502082925,2.2189106954956426,-0.34727709653624506,36.28702735900879
1780877287.1475966,0.4321559984840088,2.216478581137917,-0.3451557180431157,36.31774830818176
1780877287.1823027,0.4347517741701975,2.2117441468506405,-0.3462065703948663,36.35245442390442
1780877287.2192729,0.4352487633500205,2.208821593194566,-0.34640182543398135,36.389424562454224
1780877287.2558424,0.448739176591889,2.201894108477213,-0.3518511866741974,36.42599415779114
1780877287.2925358,0.4351542918091409,2.2018589809826876,-0.3461462466104402,36.462687492370605
1780877287.3236458,0.4407217808838647,2.1972717418576337,-0.34835876547408806,36.49379754066467
1780877287.36434,0.4468122380231476,2.1924623807525894,-0.3508451226121808,36.534491777420044
1780877287.3996472,0.43912935068668674,2.1912027552682565,-0.34769220979356125,36.569798946380615
1780877287.43476,0.40218229119145965,2.1908309415949545,-0.3326604159118786,36.60491180419922
1780877287.4731696,0.4147961355464938,2.183947021555749,-0.33794363900094787,36.64332127571106
1780877287.51191,0.4292223450415136,2.1793573792230756,-0.34334182555754755,36.68206167221069
1780877287.5511312,0.44228583065302485,2.174716106666997,-0.3488682757569913,36.721282958984375
1780877287.59178,0.43791550778633737,2.1718911807572123,-0.3468588302357412,36.76193165779114
1780877287.6320546,0.415767618813911,2.1718958967430435,-0.33795011210275,36.80220627784729
1780877287.6638646,0.4153141062862752,2.1685911487918537,-0.33746826964464866,36.8340163230896
1780877287.702919,0.4235110659139594,2.161902000297169,-0.34121007079159205,36.87307071685791
1780877287.7385948,0.3891516799886935,2.1639684563924613,-0.3264380058873881,36.90874648094177
1780877287.7772686,0.4123988295758577,2.1538993250107348,-0.33626452856725114,36.94742035865784
1780877287.812571,0.4116192908974185,2.1544331437683772,-0.3354620138940486,36.982722759246826
1780877287.8476,0.4188651078951111,2.14977327056779,-0.3388015937935859,37.017751693725586
1780877287.8971658,0.42223107656327996,2.144308400187785,-0.33989923280289214,37.067317485809326
1780877287.929366,0.41332855451340644,2.1404133710529267,-0.33642725430693077,37.099517822265625
1780877287.9574165,0.40941228843821803,2.1358280291011744,-0.33461372981967785,37.12756824493408
1780877287.9912922,0.42013310030027073,2.1323062058152327,-0.3390894973263682,37.16144394874573
1780877288.025309,0.4259210156521449,2.1285749449407088,-0.34146156166578834,37.1954607963562
1780877288.0616555,0.4204469504156833,2.1258881826617237,-0.3390494541089661,37.231807231903076
1780877288.0960329,0.3912632113880079,2.1274161978162796,-0.32657324149271383,37.26618456840515
1780877288.1347914,0.38697050483514567,2.123832887266495,-0.32483231531102885,37.3049430847168
1780877288.1662505,0.3978370880376785,2.1174074011990474,-0.32943463108973436,37.33640217781067
1780877288.2015808,0.40806383863709544,2.113650920485155,-0.333447914594828,37.37173247337341
1780877288.2442408,0.40806078588230366,2.110235387080477,-0.33328965077021744,37.41439247131348
1780877288.2745304,0.40520263666290784,2.1058848574991327,-0.3321355143513295,37.444682121276855
1780877288.3091753,0.40800447060445655,2.1031815385515724,-0.3333130953660955,37.47932696342468
1780877288.3447523,0.4072621979482269,2.100251296104037,-0.3330472809987871,37.5149040222168
1780877288.3938403,0.37220681156715446,2.0999616617617884,-0.31829532665220067,37.56399202346802
1780877288.4212105,0.3883677930367251,2.093654633561444,-0.32511360149464097,37.5913622379303
1780877288.457479,0.3922300936729358,2.089081507400686,-0.3266075694489367,37.62763071060181
1780877288.49174,0.4030737176981172,2.085540391978958,-0.3312039036217473,37.66189169883728
1780877288.535243,0.40087336303293686,2.083676957649344,-0.32996765400643063,37.70539474487305
1780877288.566041,0.3914414780275256,2.0821154596923916,-0.3255488624603161,37.73619270324707
1780877288.6057878,0.379060823389164,2.0787074824441865,-0.32081502031884757,37.77593946456909
1780877288.642905,0.38453179874413124,2.075188527036379,-0.3227913919181666,37.8130567073822
1780877288.677979,0.3955037418192535,2.0682500499032264,-0.32806172724181926,37.84813070297241
1780877288.7131693,0.3637086128085839,2.0698239052327376,-0.3142063414520977,37.883321046829224
1780877288.7535522,0.37592935800381755,2.063795664708696,-0.3191454442632404,37.92370390892029
1780877288.7886317,0.38159528982065105,2.05884853660913,-0.3220716293364928,37.95878338813782
1780877288.8248963,0.3819007000773154,2.0565880774716954,-0.3215889215480468,37.99504804611206
1780877288.8612487,0.38371131371084,2.05125121742613,-0.32202784968702447,38.03140044212341
1780877288.8960907,0.38668295329872515,2.045391447625016,-0.32402982116423323,38.06624245643616
1780877288.9343722,0.3994262549253339,2.0335535192075467,-0.332342278600375,38.10452389717102
1780877288.965167,0.41825773671829597,2.0949270629061565,-0.2991493897377268,38.135318756103516
1780877289.0081918,0.3544711729704006,2.096862089370292,-0.2714632884640737,38.178343534469604
1780877289.0423121,0.3870945996029084,2.0884441033362093,-0.28539915505679614,38.21246385574341
1780877289.0818307,0.41475020304901905,2.0817815578288714,-0.2972453928285604,38.25198245048523
1780877289.1183224,0.42470121863176014,2.0780986255070646,-0.3014453147808638,38.28847408294678
1780877289.160492,0.40339848609531787,2.077590376117384,-0.2918671099771978,38.33064365386963
1780877289.1953273,0.3905401253247252,2.0797736344002034,-0.28610104995278424,38.36547899246216
1780877289.2344067,0.3992971105324523,2.0741006320601647,-0.28985183406322607,38.404558420181274
1780877289.2710326,0.4206217997321917,2.061333368635856,-0.2992438465666913,38.441184282302856
1780877289.3091,0.3815231158989047,2.0686891282177062,-0.28159903523676294,38.47925162315369
1780877289.3443148,0.3886213382036708,2.0631470523431727,-0.28470252063337137,38.514466524124146
1780877289.380753,0.39754658644840934,2.058588577312426,-0.2885801979736337,38.550904750823975
1780877289.4265347,0.39753939440101593,2.0556953207881405,-0.2885457483089451,38.596686363220215
1780877289.4549246,0.3822799672542915,2.0518372055404903,-0.28178025059169054,38.62507629394531
1780877289.4941335,0.3819485902763749,2.0484518209398686,-0.281446284966877,38.66428518295288
1780877289.5291872,0.42624437705163654,2.037989649676882,-0.30095130799340764,38.69933891296387
1780877289.563337,0.4200454836460269,2.0360024130050585,-0.29812174420673065,38.73348879814148
1780877289.5999591,0.3598441947890971,2.0426962023100352,-0.27109274605349554,38.770110845565796
1780877289.6404586,0.3793336750762246,2.03339236600078,-0.28007388985671366,38.81061029434204
1780877289.6754572,0.3675157873842446,2.0340296270980907,-0.27459235866224213,38.845608949661255
1780877289.7117581,0.37975976792479876,2.027788497931744,-0.2800137638705681,38.88190984725952
1780877289.7471733,0.39621188651219147,2.021456749950204,-0.2873048371769455,38.917325019836426
1780877289.7864716,0.39724892274920964,2.021717658757152,-0.28748476165721515,38.95662331581116
1780877289.8232002,0.37691875783443385,2.020090110852592,-0.278288566957157,38.99335193634033
1780877289.860017,0.39060867229844676,2.0166219183088647,-0.2844301378684749,39.030168771743774
1780877289.89593,0.3993674288497072,2.012686300771788,-0.28826423462975675,39.06608176231384
1780877289.9292932,0.37632914188685407,2.0106796065362045,-0.2778697903569223,39.09944486618042
1780877289.965286,0.33088567546987024,2.0122719126040254,-0.2574553435998847,39.13543772697449
1780877290.001203,0.3609514955331993,2.004515206065181,-0.2709935313826289,39.1713547706604
1780877290.0370147,0.36625743541251143,2.0015914501239727,-0.2732844681749417,39.20716643333435
1780877290.0764272,0.393307953019841,1.9949618199590786,-0.2854592649715298,39.24657893180847
1780877290.1179624,0.38837526252397647,1.9944300789450342,-0.2830158842271376,39.288114070892334
1780877290.1449916,0.3956845268931704,1.9885102380624973,-0.28638810631390293,39.3151433467865
1780877290.181507,0.3846290860492072,1.984384510895007,-0.2814366053385591,39.35165882110596
1780877290.2185318,0.39911783863790906,1.9744409346697023,-0.28845313156769775,39.388683557510376
1780877290.253191,0.4063639460768098,1.97296709767095,-0.2916982008960576,39.42334270477295
1780877290.288199,0.39778008830559886,1.9668589060817496,-0.28797266543397415,39.45835065841675
1780877290.3231502,0.34866776140243727,1.9722368947852724,-0.26531637287222215,39.49330186843872
1780877290.3632908,0.3647442238864277,1.9625569882324128,-0.2728641088293239,39.53344249725342
1780877290.3983073,0.3746314590997415,1.9595305355572201,-0.2772668955507189,39.568459033966064
1780877290.433261,0.38757289321613264,1.9530021081805147,-0.2832521919610484,39.60341262817383
1780877290.4829156,0.4059449424705337,1.9463117538087296,-0.29194346117321557,39.65306735038757
1780877290.5112627,0.399287853049773,1.9447211378508154,-0.2887526420497765,39.68141436576843
1780877290.5474784,0.3975553594880076,1.9412305412773272,-0.2880518353518348,39.71763014793396
1780877290.5823927,0.37538460535534146,1.942454717337976,-0.27768304091193424,39.75254440307617
1780877290.6165087,0.3784547423615675,1.9402322201774311,-0.2791371751668317,39.78666043281555
1780877290.6531146,0.3828837640866255,1.93618664299673,-0.28134887693299315,39.82326626777649
1780877290.6896355,0.3715993948696069,1.9359978294807016,-0.2760208832516768,39.85978722572327
1780877290.7279532,0.364558226655191,1.9321302276806025,-0.2728788232030425,39.89810490608215
1780877290.7664287,0.3237586774095735,1.9330241778919721,-0.25382267838519185,39.936580419540405
1780877290.8014748,0.33239150973538745,1.9265182158891856,-0.2578757741235354,39.97162652015686
1780877290.8398368,0.3465554790001888,1.923887055217864,-0.26437374658726703,40.00998854637146
1780877290.8750997,0.35666586068462847,1.92023200030331,-0.26914048320017503,40.04525136947632
1780877290.9128978,0.36374002996819155,1.9144154049590998,-0.2725689063939605,40.08304953575134
1780877290.9491038,0.3735666515141752,1.9080792827190793,-0.27737836886785894,40.11925554275513
1780877290.9872139,0.3641319755600552,1.907388013427403,-0.27278785721795434,40.157365560531616
1780877291.0212939,0.3481795506332054,1.9057799596671463,-0.2652797446610084,40.19144558906555
1780877291.0617154,0.3579146675579537,1.9025425758692152,-0.26994843989092904,40.23186707496643
1780877291.0933952,0.36107841607097035,1.9005315622206596,-0.2714235238168148,40.26354694366455
1780877291.1404574,0.3612190386997792,1.897435705915847,-0.27158341824866894,40.310609102249146
1780877291.1641998,0.3039777415068362,1.9021566696580916,-0.24430196988111413,40.334351539611816
1780877291.1993644,0.3082127907405009,1.8973144495380418,-0.24646550139513249,40.369516134262085
1780877291.235955,0.29696191385841125,1.8958095156365953,-0.24112917790367283,40.40610671043396
1780877291.2699707,0.31552871634162827,1.8890953182012151,-0.25000248429153626,40.44012236595154
1780877291.3089726,0.3458947785895816,1.8797718317924448,-0.26456935522292546,40.479124307632446
1780877291.3515751,0.35249057606444784,1.8764866625830312,-0.26753878113093305,40.521726846694946
1780877291.3774796,0.3588002567303554,1.8694957569307438,-0.2705480931204016,40.54763126373291
1780877291.4163864,0.33958090618410586,1.8698285952716798,-0.26123681419547107,40.58653807640076
1780877291.4625468,0.3518548938986038,1.8671859130117434,-0.2670596294688979,40.63269853591919
1780877291.4958751,0.3538677567995981,1.864078827386425,-0.2679967231593884,40.66602683067322
1780877291.5315685,0.3194362897323441,1.8661434075173433,-0.2513999876309903,40.701720237731934
1780877291.5693874,0.2928323289630451,1.8648205921786143,-0.23856660582262598,40.73953914642334
1780877291.6052392,0.28782096097868803,1.8609961539393394,-0.23630401757972194,40.77539086341858
1780877291.6417718,0.29655044928911856,1.8536686701132903,-0.24088640831190455,40.81192350387573
1780877291.67528,0.306889613313598,1.8514064970077235,-0.24577422917427127,40.84543180465698
1780877291.714976,0.33082465206324013,1.8440523680393246,-0.2574064918160045,40.885127782821655
1780877291.7514963,0.3363933387732537,1.839093784308427,-0.2602185946674751,40.921648025512695
1780877291.789377,0.33828864388225266,1.8355885511630816,-0.2611452081886606,40.95952868461609
1780877291.8257546,0.33260613452786414,1.8325276043235206,-0.25826214056101454,40.995906352996826
1780877291.8633022,0.3247441789273471,1.8315081331316165,-0.25444020314810933,41.033453941345215
1780877291.897442,0.33110837093335066,1.8274300061041167,-0.25781996220509923,41.067593812942505
1780877291.9369268,0.33115816676520304,1.8249010018089094,-0.25795978341273484,41.107078552246094
1780877291.9694488,0.33498116970567915,1.82016228420102,-0.26011228277650666,41.1396005153656
1780877292.006379,0.33722003590571314,1.8163863861487404,-0.26142076632509254,41.176530599594116
1780877292.0434918,0.29641134455149815,1.814579595216235,-0.24139916042453835,41.2136435508728
1780877292.0764437,0.307017853283977,1.8089145326641038,-0.24682066529753222,41.24659538269043
1780877292.1131127,0.3119816829249544,1.8037482409537449,-0.24942592323872237,41.28326439857483
1780877292.1489267,0.3077031847070599,1.8015751293830065,-0.24752987215510372,41.31907844543457
1780877292.1840222,0.30774479340059396,1.7990308761564826,-0.2476163411806226,41.3541738986969
1780877292.2199137,0.3115941838290752,1.795635377388185,-0.2497601068196931,41.39006543159485
1780877292.2579265,0.3147940795876381,1.79350951349495,-0.25142421545029,41.428078174591064
1780877292.2938006,0.32003938294311485,1.789013864267031,-0.2542811354617166,41.46395230293274
1780877292.3297272,0.3284617700654877,1.783089437314628,-0.25878489945929534,41.499878883361816
1780877292.372089,0.333366996759374,1.7783985862866338,-0.2614465572872229,41.542240619659424
1780877292.402694,0.33594506515970224,1.773209257752624,-0.2630683089932025,41.572845697402954
1780877292.4445152,0.32938911003325266,1.7705012161417233,-0.2598084023385051,41.61466693878174
1780877292.4830909,0.3193818210041618,1.769738339066879,-0.25488516347057055,41.65324258804321
1780877292.5200512,0.30848453585193203,1.7679503119042863,-0.24955330390712346,41.690202951431274
1780877292.555458,0.3092029964899329,1.7652600577782793,-0.25005649768203786,41.72560977935791
1780877292.593018,0.3178232704332882,1.7600407330407395,-0.2546513337536472,41.76316976547241
1780877292.627233,0.3239860275756875,1.7550315997582628,-0.25802703336972904,41.79738473892212
1780877292.6597807,0.33149164575830187,1.7492976273718666,-0.2621124388695198,41.82993245124817
1780877292.7080948,0.32851543728426713,1.7466633734127734,-0.2607415250280693,41.878246545791626
1780877292.741471,0.3317200055146778,1.742206535003228,-0.26264909017770655,41.911622762680054
1780877292.7729332,0.3300546847190099,1.7384923316630694,-0.2619786649842932,41.943084955215454
1780877292.8115587,0.32262283120245233,1.7367818899798662,-0.25833985639317075,41.98171043395996
1780877292.8513632,0.2969550593661513,1.7368984459528172,-0.24518808462827793,42.021514892578125
1780877292.8874576,0.295750137809293,1.733951553144149,-0.2447935155984347,42.05760931968689
1780877292.9238575,0.2995653102066803,1.731357095355639,-0.24686279149516188,42.09400916099548
1780877292.9608176,0.30842006851201487,1.7239728840418163,-0.25179529724676947,42.130969285964966
1780877292.9951918,0.3197721446713941,1.7187374203053556,-0.25795671085602156,42.16534352302551
1780877293.0328348,0.3224719468120094,1.713456541614211,-0.2595883862055857,42.20298647880554
1780877293.0722816,0.31562126145935127,1.7117584600782074,-0.2561765804645816,42.242433309555054
1780877293.1066267,0.3105669702314824,1.7098163801489168,-0.2537405754628726,42.27677845954895
1780877293.1436841,0.3052320706244266,1.7065882515601427,-0.25101694735720015,42.313835859298706
1780877293.1787384,0.30097003885889184,1.7049209092414161,-0.24902746507489895,42.34889006614685
1780877293.216973,0.2985623164567127,1.701623833866743,-0.24791192941629311,42.38712477684021
1780877293.253446,0.2934938223397607,1.700191769917634,-0.24533303323014194,42.42359781265259
1780877293.2906857,0.3111135044658929,1.691839902568181,-0.25503868557724013,42.46083736419678
1780877293.3252575,0.3079708646520259,1.6896518982632163,-0.2534744962220023,42.4954092502594
1780877293.3608687,0.3164267920136683,1.6831314612768011,-0.25831971290756917,42.531020402908325
1780877293.3944674,0.29549491023870483,1.6855728856895382,-0.24735984279040146,42.564619064331055
1780877293.4357452,0.27875194301945894,1.6794485695465102,-0.23864982827030892,42.605896949768066
1780877293.4707768,0.27669035028607003,1.6786303512427385,-0.2375510650264886,42.640928506851196
1780877293.5044806,0.2800143571527528,1.6748415672644197,-0.23935570429865047,42.67463231086731
1780877293.5432801,0.28494942072530327,1.6729032597699853,-0.24197788175451002,42.71343183517456
1780877293.5793629,0.290123625396087,1.6690368022019835,-0.24477133225174963,42.74951457977295
1780877293.6177876,0.30172098511768464,1.6624127908517978,-0.2512236364431996,42.78793931007385
1780877293.6469965,0.30232842648286695,1.6599882553885812,-0.25153387383375814,42.817148208618164
1780877293.6910589,0.30134492505053395,1.6549766398041121,-0.2511047146105691,42.8612105846405
1780877293.7255723,0.29141948888410063,1.654006414337353,-0.24582832383948797,42.895724058151245
1780877293.7697966,0.29549334775036207,1.651057864796014,-0.2480884185263577,42.939948320388794
1780877293.79769,0.29334116357197737,1.648822251801046,-0.2469963043879126,42.96784162521362
1780877293.842714,0.29671809889096556,1.6455961438651305,-0.24891799803199194,43.01286578178406
1780877293.8726878,0.27470687976524966,1.6455516942570214,-0.2370117306837998,43.04283952713013
1780877293.9129412,0.2622366357827841,1.6432129861335434,-0.23035534869586566,43.08309292793274
1780877293.954657,0.2636026845803151,1.6375446321020415,-0.23133335180715045,43.12480878829956
1780877293.9888005,0.26565098982113794,1.6346021741364902,-0.2325156014588833,43.15895223617554
1780877294.0198836,0.28153699434541235,1.628904362893388,-0.24139387473123766,43.190035343170166
1780877294.061246,0.2873210529114997,1.6238256253093009,-0.24474142749767305,43.23139762878418
1780877294.0938735,0.29133928299015877,1.6208541759590354,-0.2470853314155454,43.26402521133423
1780877294.131439,0.2903841913638974,1.6177603654713915,-0.246638251876389,43.30159068107605
1780877294.170785,0.27787026647317725,1.6163814768788822,-0.23997778746904677,43.3409366607666
1780877294.2064292,0.26905295698596693,1.6141576429091078,-0.23524581958582766,43.37658095359802
1780877294.2444046,0.2682126313032217,1.6105742196521453,-0.23487452916462256,43.41455626487732
1780877294.2840838,0.27331431729666816,1.6062742036289495,-0.2378994255789173,43.454235553741455
1780877294.3236487,0.28182625974067743,1.6032617205949036,-0.24268803402129588,43.49380040168762
1780877294.3576083,0.2878531628433598,1.5974878324376445,-0.24630630382216295,43.52776002883911
1780877294.398507,0.29147431278261293,1.5938745216264412,-0.2484877754536044,43.56865882873535
1780877294.4340107,0.27732014317514775,1.5931752275062194,-0.24078706316595436,43.6041624546051
1780877294.4703257,0.279380998731072,1.5876117426797796,-0.24216839306617272,43.640477418899536
1780877294.507145,0.2711444958303978,1.5835795316680918,-0.23791895847100913,43.67729663848877
1780877294.5461068,0.2734504326549645,1.5799774360019432,-0.2394673607480191,43.71625852584839
1780877294.5889611,0.26520945529906836,1.5779955904818346,-0.23514048724927392,43.75911283493042
1780877294.6240606,0.25910904045832217,1.573860480587872,-0.23215636460623526,43.794212341308594
1780877294.666282,0.25909804919932344,1.5713781011034844,-0.232439255100739,43.83643364906311
1780877294.712181,0.2497467313122186,1.5685547880682342,-0.22749761226622947,43.88233280181885
1780877294.7403886,0.2531709445905199,1.5645598314988696,-0.2297938953088609,43.91054034233093
1780877294.7812593,0.2598916160316764,1.5591799112723495,-0.23404070963870946,43.95141100883484
1780877294.8285513,0.25696837028124364,1.557371988404467,-0.23264974415107384,43.99870300292969
1780877294.8552206,0.2593272381266605,1.5538875227663238,-0.23429045075872604,44.02537226676941
1780877294.898806,0.26252982199188635,1.5497414223362296,-0.2364101972716694,44.068957805633545
1780877294.930356,0.2651064190905658,1.5465176902649607,-0.23809351639075024,44.100507736206055
1780877294.965923,0.2636410446895951,1.5435879201423062,-0.23754312286053103,44.13607478141785
1780877295.0020745,0.26221956142657676,1.5411002393561257,-0.2369715684336378,44.17222619056702
1780877295.038662,0.2633384101233669,1.5379550097969785,-0.23785863440735036,44.20881366729736
1780877295.0761104,0.26274843268181824,1.5348431536722238,-0.23781885968988425,44.246262073516846
1780877295.111812,0.26621270082186654,1.5303412273834314,-0.24011350955300328,44.28196382522583
1780877295.148942,0.264956182826235,1.5270668695866383,-0.23970537285020904,44.31909370422363
1780877295.1848152,0.2653381689113442,1.5229003743589034,-0.24025628813853847,44.35496687889099
1780877295.225761,0.2609302374749011,1.5199560268945476,-0.23799828462668693,44.395912647247314
1780877295.2613416,0.25607896567119376,1.5167024708533194,-0.2354987665276663,44.431493282318115
1780877295.2987564,0.2536935935070063,1.513529601434893,-0.2344312053468224,44.468908071517944
1780877295.3386264,0.2542529606050943,1.5116253651937768,-0.23500090360466755,44.50877809524536
1780877295.3763373,0.25824990987157526,1.5076595266158064,-0.23764802201052165,44.546489000320435
1780877295.415725,0.26633716629327786,1.5031699080206258,-0.2426565789794062,44.58587670326233
1780877295.4580073,0.27283146195900304,1.498408635156109,-0.24678265600122376,44.628159046173096
1780877295.4867682,0.27552998358013325,1.494123185498228,-0.24870017589599921,44.656919956207275
1780877295.51934,0.2773349805138025,1.4892131547078415,-0.2501630373282253,44.689491748809814
1780877295.558825,0.27481706156260205,1.4852655174792448,-0.24907788545715104,44.72897672653198
1780877295.5939054,0.2691836152500381,1.4819897062723044,-0.24611037915318104,44.76405715942383
1780877295.6329825,0.26304042592696003,1.4798062261739315,-0.24272025864176283,44.80313420295715
1780877295.66851,0.2586564216455926,1.4773677782366972,-0.24037575254148566,44.838661670684814
1780877295.7047007,0.2531449768212724,1.4735856201268454,-0.23745080342051247,44.874852418899536
1780877295.743514,0.23652098130761032,1.471399778692599,-0.22784737396805238,44.913665771484375
1780877295.780953,0.23811966070749968,1.468374065340334,-0.22908583549035816,44.95110464096069
1780877295.8159013,0.24390284208899576,1.46418584631901,-0.2328857579269664,44.98605298995972
1780877295.8539088,0.2416022400256666,1.4610468498001454,-0.2318318571794673,45.02406048774719
1780877295.8900282,0.23887889009874505,1.4584387949598387,-0.23049697950139375,45.06017994880676
1780877295.927958,0.23933592891813635,1.4558667705393602,-0.23096319886489092,45.09810972213745
1780877295.9658144,0.2415174583032753,1.4520880316028988,-0.23250427188877418,45.135966062545776
1780877295.998629,0.24438873424717258,1.4479200122940612,-0.234552080981233,45.16878080368042
1780877296.034687,0.24480756556283875,1.4444492283530153,-0.2350532784103224,45.20483875274658
1780877296.0712917,0.2433485527351562,1.4417041135716164,-0.23439157545149159,45.241443395614624
1780877296.1107626,0.2421544773173502,1.437671226538641,-0.23398616262930688,45.280914306640625
1780877296.1433043,0.23956451680253787,1.4338616257173022,-0.23266483903604313,45.3134560585022
1780877296.181791,0.23491127003188209,1.4316870582237335,-0.23005607395967267,45.35194277763367
1780877296.2195349,0.23633318914572213,1.4269985641338225,-0.2312713103285812,45.389686584472656
1780877296.2530668,0.2406642531382828,1.4228638218632443,-0.23429485999121066,45.42321848869324
1780877296.2870867,0.23896076486324802,1.4195493247092723,-0.23357159477997452,45.45723843574524
1780877296.3241704,0.23777469223420294,1.4163072008588524,-0.23315694607206477,45.494322061538696
1780877296.3617234,0.23292992039983781,1.4143378296901636,-0.23043047363439642,45.531875133514404
1780877296.3988984,0.2208587540355343,1.413180059876432,-0.22319313801729834,45.56905007362366
1780877296.4362385,0.21400502937081223,1.409244636587813,-0.21918131463194915,45.60639023780823
1780877296.4733422,0.2164200213528227,1.405759265152835,-0.2208904935200177,45.64349389076233
1780877296.5107121,0.2183382963998503,1.401556527124033,-0.22231080515378707,45.68086385726929
1780877296.5460653,0.21839246013462663,1.3981254610279474,-0.22256592420836627,45.716217041015625
1780877296.5895894,0.22200991885534518,1.3942841599537055,-0.22503853934614382,45.75974106788635
1780877296.6188333,0.2299396821018451,1.3899531620514762,-0.2303485379532909,45.78898501396179
1780877296.6573105,0.2318698004118252,1.386270908273487,-0.23182532555110336,45.8274621963501
1780877296.691445,0.23219550391617258,1.381962985865699,-0.23240354009116285,45.86159682273865
1780877296.7267983,0.22989215890739081,1.3792890619328417,-0.23126211013718648,45.896950006484985
1780877296.7616096,0.2298842415037699,1.3750687873381644,-0.2316152911574858,45.931761264801025
1780877296.7973392,0.22532593634245776,1.3724993503748482,-0.22900905595644339,45.967490911483765
1780877296.8385036,0.22240469035492488,1.3689770625685853,-0.2274539568353276,46.008655309677124
1780877296.8712945,0.21559027806632983,1.366948870631996,-0.22338990072882478,46.04144620895386
1780877296.9074569,0.21452160077391177,1.3637109812516939,-0.2229455595198093,46.077608585357666
1780877296.9444332,0.21619829656288053,1.3588449024505842,-0.22435079350910234,46.11458492279053
1780877296.9852896,0.22230355349017808,1.355841311868746,-0.2284299803460437,46.15544128417969
1780877297.0230823,0.22288988600102808,1.3526020310537976,-0.22909545370748705,46.19323396682739
1780877297.0637662,0.22333123299096588,1.3486195359799757,-0.2296745093235357,46.23391795158386
1780877297.0952835,0.22425941372624883,1.3455180835491083,-0.23049086893680762,46.265435218811035
1780877297.1346703,0.21651899629171958,1.3435756970161072,-0.2257084954183106,46.30482196807861
1780877297.1690938,0.21279690025131953,1.3386705464938369,-0.22360600838107655,46.339245557785034
1780877297.2033567,0.21502718478160762,1.3351095945637388,-0.22532072345313653,46.37350845336914
1780877297.2427683,0.21329105738298962,1.3320912578915138,-0.22445891447035535,46.412919998168945
1780877297.287169,0.21010205245428662,1.3280804583606198,-0.22269252632325084,46.45732069015503
1780877297.3174188,0.21051988396915658,1.3239917686592244,-0.22334335220649576,46.4875705242157
1780877297.3553145,0.20800761725358288,1.3216951659636162,-0.22199067002982736,46.525466203689575
1780877297.3931086,0.21085164304827586,1.3176321075225519,-0.2241988567304211,46.563260316848755
1780877297.431332,0.2111701290157225,1.314937869882801,-0.22466632549073165,46.6014838218689
1780877297.4690888,0.21381562522111294,1.3118646599994497,-0.22661988447269346,46.63924050331116
1780877297.5036652,0.21565252541657023,1.3089221748009332,-0.22803211748402688,46.67381691932678
1780877297.543375,0.21771624201781445,1.304945543649753,-0.22963078725674738,46.71352672576904
1780877297.5808828,0.21321611445347027,1.3022111029507384,-0.22690245604885012,46.75103449821472
1780877297.615262,0.21196967289927965,1.298232749921277,-0.2263246633879347,46.78541374206543
1780877297.6555672,0.216952478268614,1.2931827449735966,-0.2299588401639216,46.82571887969971
1780877297.690287,0.21364076880535313,1.2901827742684555,-0.2281184455929713,46.86043882369995
1780877297.7255232,0.213913827286755,1.2863256829282321,-0.2286504839851443,46.89567494392395
1780877297.7668898,0.2146686207201637,1.283159206563057,-0.2294801700877937,46.93704152107239
1780877297.8042269,0.21292724602838997,1.2795666249797775,-0.2286815621935492,46.97437858581543
1780877297.8438714,0.2115561073809743,1.2762418785607772,-0.22809601185378847,47.01402306556702
1780877297.8802352,0.2035977988849149,1.274267747668152,-0.2230081800788514,47.050386905670166
1780877297.9285097,0.19453333981142598,1.2707422239200359,-0.2171394065995977,47.09866142272949
1780877297.9569335,0.19309524657908003,1.267329162683066,-0.21638822600431307,47.12708520889282
1780877297.9928918,0.2000875589781957,1.2628666391897119,-0.22141636648997182,47.16304349899292
1780877298.026992,0.20328040023602195,1.2589425020892917,-0.22386596782781376,47.19714379310608
1780877298.058915,0.20774898327874486,1.2550789173479677,-0.22721988348397887,47.229066610336304
1780877298.1003487,0.2073601226617875,1.2523698934758014,-0.22723630652402824,47.27050042152405
1780877298.1344829,0.20731958004306164,1.2491498695513426,-0.22747862199316995,47.30463457107544
1780877298.1782804,0.20810935422577692,1.2457139460200823,-0.2282904279455974,47.3484320640564
1780877298.2107396,0.20399264827035457,1.2416677343069973,-0.22587953159276858,47.3808913230896
1780877298.246259,0.20025197202982015,1.2378704967613008,-0.22363027431503288,47.41641068458557
1780877298.281909,0.19731215739619862,1.2342118846039434,-0.22188708638336932,47.45206069946289
1780877298.3223884,0.1917578738699291,1.232167357538537,-0.21834549280051624,47.49254012107849
1780877298.3558598,0.19279260136763768,1.2282650940034425,-0.21939838268081938,47.52601146697998
1780877298.3938675,0.1924146753484316,1.2255086595704971,-0.21939448290540617,47.564019203186035
1780877298.4409876,0.19822485906683077,1.221382467755478,-0.22370339690267038,47.61113929748535
1780877298.4641085,0.1968146402859428,1.2184990170899341,-0.22296961319801725,47.634260177612305
1780877298.5036895,0.19132148567544469,1.2162178101398682,-0.21934101930617242,47.67384123802185
1780877298.539494,0.1825542830940553,1.2128665432527153,-0.21341249104383894,47.70964574813843
1780877298.5749328,0.18278388275024607,1.2083207907839812,-0.2138590016506385,47.74508452415466
1780877298.611096,0.1877451740184074,1.2041232979023717,-0.2177140590616538,47.78124761581421
1780877298.6503441,0.18710388212968576,1.200818450565641,-0.21759938085216707,47.82049584388733
1780877298.6849747,0.18546020225550372,1.1981872902199768,-0.216723927456959,47.85512638092041
1780877298.7229888,0.18021864265690823,1.1959956061136492,-0.21330795915895476,47.8931405544281
1780877298.7562768,0.17837251058570125,1.193315337754867,-0.21219327774761038,47.92642855644226
1780877298.80092,0.17446441671268006,1.1907543824560973,-0.2093902362484245,47.97107172012329
1780877298.8343873,0.17585659478063337,1.1855092820830178,-0.21047443847263392,48.004539012908936
1780877298.8722734,0.17667665959406895,1.1833661548737744,-0.21111241968602057,48.04242515563965
1780877298.9075754,0.17067971215116562,1.179696601036494,-0.20685470073191858,48.07772707939148
1780877298.9461443,0.17114069077923927,1.1770026948452748,-0.2072096240910669,48.11629605293274
1780877298.9869778,0.17013557803580603,1.1726622471575419,-0.20655780886416117,48.157129526138306
1780877299.0199451,0.17474025217805902,1.1694890958206652,-0.21002790301512783,48.190096855163574
1780877299.0573726,0.17851471088786197,1.166227407804435,-0.2128736037558941,48.227524280548096
1780877299.0930023,0.17490219839012194,1.1634839140080657,-0.21040173728756253,48.26315402984619
1780877299.1280775,0.16941190668611464,1.1610832129254065,-0.20647191594504044,48.2982292175293
1780877299.162783,0.1665702743178856,1.1566530816132756,-0.2045011397068759,48.332934617996216
1780877299.2044137,0.17266560408460918,1.1532057037762244,-0.2091065876758947,48.3745653629303
1780877299.2374442,0.16959289085882956,1.1519832637957839,-0.20693773018485634,48.40759587287903
1780877299.271115,0.16667475787754468,1.1486090160217437,-0.2049148497264273,48.441266775131226
1780877299.306162,0.16696037573999659,1.1456053340309558,-0.2052378763565039,48.476313829422
1780877299.353396,0.16413158700157154,1.142756731405721,-0.20325766766950876,48.523547649383545
1780877299.378923,0.16676045509427398,1.1387527800681976,-0.20532747495359763,48.54907464981079
1780877299.4138296,0.16961876269847453,1.1359782387475805,-0.2075964681790422,48.58398127555847
1780877299.4506738,0.1739867372077703,1.1329250296226356,-0.21098023889683398,48.62082552909851
1780877299.4840236,0.17188345618704665,1.1307368133734648,-0.20954635322235096,48.65417528152466
1780877299.5207465,0.16767766448860916,1.128420556839316,-0.20651477502130008,48.690898180007935
1780877299.565207,0.16290770343984928,1.125558187201954,-0.20308640497178182,48.73535871505737
1780877299.590905,0.16880194497768844,1.120541105335843,-0.20773031351327462,48.761056661605835
1780877299.626785,0.1706812190944496,1.118036293591501,-0.20932724027203328,48.79693675041199
1780877299.6738608,0.17153489137956157,1.1154580428767524,-0.21013295364995455,48.84401249885559
1780877299.6968925,0.16955874990130052,1.1132800984154563,-0.20881839033175092,48.86704421043396
1780877299.7356877,0.1674455445385102,1.110901405330287,-0.20738068076887584,48.90583944320679
1780877299.7682083,0.16177265629386633,1.108219513996946,-0.2032468402356698,48.93835997581482
1780877299.8056655,0.1600478407555137,1.1038991572050851,-0.20218855017285955,48.97581720352173
1780877299.8466334,0.1658465208382413,1.100168402949962,-0.2067832919166427,49.01678514480591
1780877299.8834856,0.1599157232532839,1.0987122810175722,-0.2025295897060021,49.05363726615906
1780877299.919773,0.16326671167067408,1.0962173367649186,-0.20523450383064365,49.089924812316895
1780877299.9548657,0.15645966476770645,1.0947791993415235,-0.2002763258903499,49.125017404556274
1780877299.9915473,0.15624587004901075,1.0917733534526917,-0.20033888222852833,49.161699056625366
1780877300.0317223,0.1563726473749207,1.0889909551884664,-0.20061968113138218,49.201874017715454
1780877300.072309,0.15233065021911912,1.087330374538966,-0.19759032543142363,49.24246072769165
1780877300.116345,0.15453662915801025,1.083228040884403,-0.19944027441429507,49.28649663925171
1780877300.1463788,0.15732084633598975,1.0806274559058473,-0.2017852537826231,49.31653046607971
1780877300.1831758,0.1609349828579294,1.077844616780804,-0.20478783365622397,49.35332751274109
1780877300.219133,0.16135189442544354,1.0755986373231463,-0.20534523726069503,49.38928461074829
1780877300.2582042,0.15859405575828797,1.0732414366840475,-0.2034453609873869,49.42835593223572
1780877300.2925785,0.15965766454228644,1.0709104415688466,-0.2044483745724406,49.462730169296265
1780877300.32798,0.15432135057029722,1.068864609249361,-0.20059655246624097,49.49813175201416
1780877300.3644664,0.15016875238491972,1.066025430581838,-0.19753290768510884,49.53461813926697
1780877300.3998144,0.1476580568081728,1.0642053226218675,-0.19578127428266237,49.569966077804565
1780877300.4410179,0.14630363207061708,1.060109894028811,-0.1949832120091914,49.6111695766449
1780877300.4777932,0.14886350313919663,1.0580485749390236,-0.197186854323136,49.647944927215576
1780877300.5241826,0.14670071976734086,1.0568333873159985,-0.195659409119264,49.694334268569946
1780877300.5582685,0.14946124931779137,1.0542741093319792,-0.1980356876082557,49.72842025756836
1780877300.5921154,0.15356018818067566,1.05137452693929,-0.20150184784253666,49.762267112731934
1780877300.6276538,0.15294741800032569,1.0494649077779865,-0.20123965091535642,49.79780554771423
1780877300.663866,0.15110805696032353,1.0470962267081374,-0.2000358124659316,49.834017753601074
1780877300.7018538,0.1518954023609393,1.0446251214549516,-0.2008555958100422,49.872005462646484
1780877300.7375617,0.14851162770051535,1.0425055921305053,-0.19848361946229845,49.907713413238525
1780877300.7712634,0.14522382850191673,1.0403921100866003,-0.19604042085374235,49.94141507148743
1780877300.8057215,0.14255948519067654,1.0380862511485018,-0.19417785709047689,49.97587323188782
1780877300.8457334,0.14270732225923852,1.0350023707279872,-0.19449970427443442,50.0158851146698
1780877300.8880305,0.14488237502239426,1.03374606650257,-0.19635257977498008,50.05818223953247
1780877300.9163647,0.14358449469371837,1.0323411481735871,-0.19550018932011465,50.08651638031006
1780877300.9559178,0.14455885953198458,1.0302454724764714,-0.19655038042403444,50.12606954574585
1780877300.9884331,0.14228231324381266,1.0256181127053747,-0.1950295614671438,50.15858483314514
1780877301.0208519,0.1470349817774656,1.0228029852067257,-0.19908956605797562,50.1910035610199
1780877301.0595484,0.14149565470416564,1.0211478051692584,-0.19493606906389674,50.22970008850098
1780877301.0952778,0.14111224302230707,1.0192030100251719,-0.1948534817366288,50.26542949676514
1780877301.1299977,0.14067491553929842,1.0169742228622862,-0.19476399444839101,50.30014944076538
1780877301.1715143,0.13901367610795828,1.0151972012417538,-0.19365502005337537,50.34166598320007
1780877301.2015574,0.1422805591557329,1.0129566473947267,-0.1964742863530904,50.37170910835266
1780877301.2414258,0.14004291193051127,1.0110568368252697,-0.19493712062827462,50.411577463150024
1780877301.2777736,0.14292538931449655,1.0082997807754743,-0.19745878011439416,50.447925329208374
1780877301.3144546,0.14114975376171807,1.0058679580905445,-0.1963223261674169,50.48460626602173
1780877301.3529522,0.14085038370741068,1.0036162007436753,-0.19636351171190788,50.52310395240784
1780877301.3910816,0.14096245145701514,1.0016287350230406,-0.19668926658744926,50.56123328208923
1780877301.4248862,0.13784858690610008,1.0001169148037634,-0.19442826425441465,50.59503793716431
1780877301.4597645,0.13970692779536212,0.9979951002798388,-0.19616449084421436,50.629916191101074
1780877301.498314,0.1431188790844734,0.9964332093918609,-0.19916272946997288,50.66846561431885
1780877301.5340118,0.1430143804548725,0.9941089927927813,-0.1993651018969116,50.704163551330566
1780877301.5696108,0.1475075844619908,0.9918586912817913,-0.2032634975709112,50.73976254463196
1780877301.6061985,0.14039784067528427,0.9901801622219493,-0.1977986600475525,50.776350259780884
1780877301.6440349,0.1412106787643369,0.9880410693938144,-0.19868950217760323,50.814186573028564
1780877301.6822643,0.14105797194967284,0.9861581310060523,-0.19886197298782626,50.852416038513184
1780877301.7202203,0.14044554035982887,0.9839004453223974,-0.19861540315041915,50.89037203788757
1780877301.7569554,0.14090414145782332,0.9820406803868049,-0.19921831697094244,50.927107095718384
1780877301.7916684,0.13952043752594195,0.9801319263505954,-0.19834461685494847,50.961820125579834
1780877301.8269734,0.13737179487141127,0.9784722634536782,-0.19677188542224774,50.99712514877319
1780877301.8689284,0.14003111585621109,0.9765094468049336,-0.19921066915550203,51.03908014297485
1780877301.8981905,0.13811271894157642,0.9747167512035044,-0.19783272568195284,51.068342208862305
1780877301.9386494,0.13560065048040512,0.9721294232932784,-0.19604198378905519,51.1088011264801
1780877301.9735544,0.13443605809644005,0.9701544835880653,-0.1953816796399721,51.14370608329773
1780877302.0137725,0.1364102118875448,0.9679266374309607,-0.19721695799484965,51.183924198150635
1780877302.0448725,0.13540210267125116,0.9664772798925785,-0.19662268019458126,51.21502423286438
1780877302.0807848,0.1379080927787894,0.964227641284382,-0.19899930510071598,51.25093650817871
1780877302.1126163,0.136384635188546,0.9623991635822393,-0.19798097240974888,51.28276801109314
1780877302.1504757,0.13479441679674292,0.960437285402848,-0.19699427132638642,51.32062745094299
1780877302.185126,0.13759918903682794,0.9587250535659402,-0.19954348358502938,51.35527777671814
1780877302.2237654,0.1360442260427382,0.9568051508331026,-0.19856552244610037,51.393917083740234
1780877302.2619002,0.13322136474714935,0.9551889067237846,-0.19646364525238386,51.43205189704895
1780877302.2988305,0.13448989617945278,0.9537313679126551,-0.19773156065817482,51.468982219696045
1780877302.331197,0.13368614309946986,0.9516887353402514,-0.19737173982729336,51.50134873390198
1780877302.3680365,0.13501037831554352,0.9498085802600087,-0.19875067162505802,51.538188219070435
1780877302.4035702,0.1350536870272433,0.9481771429960086,-0.19896415585012744,51.57372188568115
1780877302.4422476,0.13426076907868206,0.9463537489672507,-0.19864033400735082,51.6123993396759
1780877302.4763694,0.13382380293094304,0.9447385798078161,-0.19847178368256357,51.64652109146118
1780877302.5123959,0.13343255964751222,0.9428561589427107,-0.1984363530266555,51.6825475692749
1780877302.5495317,0.13280253524263275,0.9407803170655509,-0.19816577324885434,51.71968340873718
1780877302.5863168,0.13308591650327667,0.9391422371405984,-0.1986809270276479,51.756468534469604
1780877302.621979,0.1331216844272116,0.9375449153549231,-0.19892443658822592,51.79213070869446
1780877302.65986,0.1319781716367156,0.9361552732200269,-0.19815854095310978,51.83001160621643
1780877302.6965506,0.12903606843775073,0.9346300366098403,-0.19590272206574513,51.86670231819153
1780877302.7329829,0.1284114476199242,0.9323120661337752,-0.1956256341173726,51.90313458442688
1780877302.7688231,0.1289458843792235,0.9306751196436791,-0.19629843761771268,51.93897485733032
1780877302.8048787,0.12720178457332654,0.9289831916127407,-0.1951094302639076,51.97503042221069
1780877302.8482902,0.12609133790857935,0.9273913993850766,-0.19439697365715006,52.018441915512085
1780877302.8842046,0.12558344436857727,0.9258086462090034,-0.19418204083121302,52.05435633659363
1780877302.925579,0.1259400841729525,0.9238627191557203,-0.19472714326238583,52.095730781555176
1780877302.96267,0.1253554469430147,0.9225908418933959,-0.19444878051540412,52.132821798324585
1780877302.9982162,0.12531474425403502,0.9205778095938362,-0.1946792284355703,52.168367862701416
1780877303.0376883,0.12639829760569896,0.9186387620036824,-0.1958846980309306,52.20783996582031
1780877303.0734158,0.1253852371352574,0.9171722391143844,-0.19527260454943546,52.24356746673584
1780877303.10997,0.12457224634183506,0.9156958191416713,-0.1948180353756301,52.28012180328369
1780877303.1445537,0.12476810755342808,0.914349387864664,-0.19521942011810042,52.31470537185669
1780877303.180861,0.12516958235064024,0.9129266331936969,-0.1958119296203807,52.35101270675659
1780877303.2163787,0.12476357800711106,0.9114046261131044,-0.1956979874353945,52.38653039932251
1780877303.2499857,0.12498682451152893,0.9097603319816856,-0.19616837216992908,52.42013740539551
1780877303.2872326,0.12382895884989577,0.9083258412994641,-0.19543118894729572,52.45738434791565
1780877303.3276083,0.12305404033180055,0.9068389399411356,-0.19501802298973664,52.49776005744934
1780877303.365128,0.12271841335741628,0.9052274923004111,-0.19496391674600375,52.535279750823975
1780877303.3991287,0.12242660569341633,0.9037340800123745,-0.1949672443220157,52.56928038597107
1780877303.4334006,0.12119788141250819,0.9026369227943956,-0.19410900781339532,52.60355234146118
1780877303.4693668,0.12229483519491337,0.9012606172361624,-0.1952624117495859,52.63951849937439
1780877303.508896,0.12016802035769264,0.9000605986419177,-0.19365718148874336,52.67904782295227
1780877303.5441089,0.12094133028039529,0.8984308349361818,-0.19457497289873252,52.71426057815552
1780877303.5798333,0.12056088494906446,0.8968599686584635,-0.1944971257308346,52.74998497962952
1780877303.6175802,0.12023600989964302,0.8953209604323025,-0.1944686242663548,52.787731885910034
1780877303.651945,0.12081025872635448,0.8939375848343907,-0.19521267551344534,52.822096824645996
1780877303.6939898,0.12001257262490146,0.8927554020742559,-0.19473482253399446,52.8641414642334
1780877303.727862,0.12070008085385595,0.8911751072837606,-0.19555542748678229,52.89801359176636
1780877303.7683833,0.11914930220197127,0.8900892122251969,-0.19442017289083377,52.93853497505188
1780877303.8021443,0.11765559518199493,0.8887462483120516,-0.193309783829474,52.97229599952698
1780877303.8479125,0.11753434224390728,0.8873202436550063,-0.1934976410464547,53.01806426048279
1780877303.8880963,0.11847356479456038,0.8856140268135835,-0.19456193031864538,53.0582480430603
1780877303.9182324,0.11668055165416356,0.8844359511189326,-0.19322114748382047,53.08838415145874
1780877303.9548328,0.1157953142092931,0.8833351287376505,-0.19262339584067256,53.12498450279236
1780877303.9918587,0.11636554371234091,0.8816921945481608,-0.19333949452610572,53.16201043128967
1780877304.0331993,0.11611483369596119,0.8804889077170464,-0.19337992837619275,53.20335102081299
1780877304.0746255,0.11638378235317064,0.8789045647949536,-0.1938258761122901,53.2447772026062
1780877304.115383,0.11642698246641638,0.8774747564987146,-0.1940994331281776,53.285534620285034
1780877304.1482034,0.11548690367410534,0.8764077061549762,-0.19349873461012249,53.318355083465576
1780877304.187629,0.11571717614163414,0.8749050823197952,-0.19390897731481502,53.35778069496155
1780877304.2246222,0.11575006728864413,0.8738263869134688,-0.19414670374237256,53.394773960113525
1780877304.258819,0.11582671850666766,0.8723345400338791,-0.19450952299683913,53.42897081375122
1780877304.294387,0.11575236526795113,0.8713036953247129,-0.1945868153063056,53.46453881263733
1780877304.329058,0.11543424606767218,0.8701742542200903,-0.19452679335017942,53.49920964241028
1780877304.368343,0.1147176643427114,0.8685677824216667,-0.19417733126485948,53.53849482536316
1780877304.4033744,0.11377234160047447,0.8675147462527737,-0.1934855203638796,53.57352614402771
1780877304.4478388,0.113872033976503,0.8660909473476708,-0.1938786843846322,53.617990493774414
1780877304.4878292,0.11333845705249207,0.8649279686488454,-0.19360430399744366,53.65798091888428
1780877304.5256765,0.11249311256915073,0.8636367222958166,-0.19302761912918323,53.6958281993866
1780877304.5593102,0.11268165542046332,0.8624260847926919,-0.19343865272598684,53.729461908340454
1780877304.5942209,0.11316091564595177,0.8611188097584639,-0.19409078562993123,53.76437258720398
1780877304.6334975,0.1124653078721226,0.8600140699741197,-0.19362871562071124,53.80364918708801
1780877304.6719265,0.11239108915362063,0.8584578107945777,-0.19383551708696478,53.84207820892334
1780877304.710528,0.11106884181286988,0.8577694130938662,-0.19277690608103842,53.88067960739136
1780877304.7435498,0.11125192969650402,0.8563358768535128,-0.19320169770778456,53.91370153427124
1780877304.7801366,0.11064353708356987,0.8553467112020843,-0.19283922802361317,53.95028829574585
1780877304.8242464,0.11163838761860903,0.8538833214108534,-0.19402925308506636,53.99439811706543
1780877304.8519232,0.11047305495540156,0.8530818884295799,-0.19312685398008494,54.022074937820435
1780877304.8987668,0.11107433358403235,0.8514826447548516,-0.19390989305071546,54.06891846656799
1780877304.9258924,0.1092695057259706,0.8503161276989519,-0.1924834736245353,54.096044063568115
1780877304.960365,0.10905531213400932,0.8491394611224867,-0.1924578367014703,54.13051676750183
1780877304.9965568,0.10903480012441616,0.8478455162474363,-0.19274465082709627,54.16670846939087
1780877305.0344481,0.10847018218985119,0.8465238596544506,-0.1924157125301696,54.20459985733032
1780877305.0717914,0.10848728232890839,0.8450489489114861,-0.1926338895204766,54.24194312095642
1780877305.1105762,0.10803531307219542,0.8441358713792833,-0.19249340553540295,54.28072786331177
1780877305.145302,0.10819601194391298,0.8426368571708052,-0.19279452586975357,54.31545376777649
1780877305.1897006,0.10790949393810807,0.8418015540039014,-0.19274482380565475,54.35985231399536
1780877305.2185802,0.10862575127227722,0.8403221200190409,-0.19358991302057063,54.388731956481934
1780877305.253755,0.10769039853028307,0.839392917187382,-0.19297292762559148,54.4239068031311
1780877305.2899294,0.10831728453955078,0.8379297127864334,-0.1937213489123365,54.46008110046387
1780877305.3375027,0.10788865556574949,0.8370317509804188,-0.19357941834735068,54.507654428482056
1780877305.3668368,0.10846031377730211,0.8356496624164189,-0.19432616218365847,54.536988496780396
1780877305.3995445,0.10748775693910981,0.8347972007746325,-0.19363215784180923,54.56969618797302
1780877305.4395163,0.10785191395743701,0.8336081656225254,-0.19414010535588758,54.609668016433716
1780877305.476496,0.10772480041452855,0.8326032026358758,-0.19426723304147606,54.646647691726685
1780877305.515546,0.10718034873536085,0.8313332207700423,-0.19399083987643825,54.68569779396057
1780877305.5493045,0.10685791081032507,0.8302996017093094,-0.1939026936965133,54.7194561958313
1780877305.5870833,0.10639653059604665,0.8291952966196106,-0.19367041953346822,54.757235050201416
1780877305.6308527,0.10638297645286825,0.828062272877996,-0.19385971232261343,54.80100440979004
1780877305.6596453,0.10594033327479094,0.8268733980268608,-0.19365503169848938,54.82979702949524
1780877305.695966,0.10552099814408962,0.8258556756087734,-0.19347164272421313,54.86611771583557
1780877305.7385833,0.10532794991384595,0.825046879751856,-0.1934577658307458,54.908735036849976
1780877305.7737672,0.10521869923963804,0.8240110300446082,-0.19357150093534184,54.94391894340515
1780877305.8106318,0.10504032093800232,0.8230040368225344,-0.19360328090161438,54.980783462524414
1780877305.8467336,0.10521739269737966,0.821868155639849,-0.19398872674885417,55.01688528060913
1780877305.8831384,0.1038083168017173,0.82111595848568,-0.19282166980743426,55.053290128707886
1780877305.9223123,0.10422824376136727,0.820135014468633,-0.19341111719279522,55.092463970184326
1780877305.957192,0.10491315766590842,0.8190115818545953,-0.19427001710166236,55.12734365463257
1780877305.9920444,0.10479001951703926,0.8179585168996644,-0.1943541601109112,55.16219615936279
1780877306.029445,0.10453162850567306,0.8170910372994336,-0.19429616269513914,55.199596643447876
1780877306.064146,0.10338536250198925,0.8160947576318773,-0.19340761749100424,55.23429775238037
1780877306.1032503,0.10318743341768284,0.814872539767296,-0.19344970109020726,55.273401975631714
1780877306.1422021,0.1027146660674864,0.8138853032289757,-0.1931980089043201,55.31235384941101
1780877306.1867077,0.10283317684104815,0.8129482169326328,-0.19351890715973874,55.3568594455719
1780877306.2231905,0.10306075941807125,0.8118483131560545,-0.1939221665850617,55.39334225654602
1780877306.2473764,0.10303141410804827,0.8107749594272431,-0.19410067600852174,55.41752815246582
1780877306.2855656,0.10200513109781575,0.8098598124415521,-0.19333170691383258,55.45571732521057
1780877306.3210082,0.10218245958295125,0.808683880227878,-0.1936857315441837,55.49115991592407
1780877306.3574736,0.1024006838170655,0.8078787071682196,-0.19406697478270574,55.52762532234192
1780877306.3955097,0.10175540706048597,0.8069093657781217,-0.19366872588609413,55.56566143035889
1780877306.4303927,0.10214961915396309,0.8059052848192412,-0.19418530713509963,55.600544452667236
1780877306.4670973,0.10173331073100142,0.8050835063356381,-0.19401640381028248,55.63724899291992
1780877306.5068617,0.10238513701014447,0.8041601746411693,-0.19480286951050224,55.6770133972168
1780877306.5473638,0.10210413611072383,0.8030929054116176,-0.19475715344255545,55.71751546859741
1780877306.5789185,0.10192449064105884,0.8020685501559648,-0.19476286340260868,55.749070167541504
1780877306.6180322,0.10150249225570716,0.8010419482076834,-0.19457747932410546,55.78818392753601
1780877306.655423,0.1014800396292309,0.8002147320999597,-0.19469663198896303,55.82557463645935
1780877306.6987424,0.10150481238087691,0.7992280155794846,-0.19495419210996792,55.86889410018921
1780877306.7236369,0.10027103549312925,0.7984258037107783,-0.19393267849008097,55.8937885761261
1780877306.7601051,0.10039701396245708,0.7974458133405249,-0.19425586626615446,55.930256843566895
1780877306.796248,0.10055688826063046,0.7965699871001071,-0.19459125599537797,55.96639966964722
1780877306.8324869,0.10108326270542518,0.7955120447291648,-0.1953249083792042,56.00263857841492
1780877306.8732293,0.10075981407411351,0.7947146894691861,-0.19518687106670482,56.04338097572327
1780877306.9173257,0.10002297907369416,0.7937137210014027,-0.19465639359788395,56.08747744560242
1780877306.9434094,0.09954120915533433,0.7928314538489376,-0.19437284509447575,56.113561153411865
1780877306.9803376,0.09932006400550356,0.7919900678653506,-0.1943347829802406,56.15048933029175
1780877307.0183785,0.09974431100285339,0.7911265264883507,-0.19490572708067577,56.1885302066803
1780877307.0590575,0.09965567991590182,0.7902542062250866,-0.1950151254108517,56.229209184646606
1780877307.0963087,0.0991424678324967,0.7895871193040715,-0.19463761343339173,56.26646041870117
1780877307.1333032,0.10018135047951734,0.7884729667977068,-0.1958927744475639,56.303454875946045
1780877307.166464,0.10070710276700537,0.7874795027850159,-0.19660563050594934,56.336615800857544
1780877307.2031527,0.10021155595009344,0.7867848111708784,-0.19626405175552317,56.37330436706543
1780877307.2408621,0.09997942045334339,0.7857595752889659,-0.19625721327877968,56.41101384162903
1780877307.2798755,0.09873314585637899,0.7850254910026162,-0.19519573535514587,56.45002722740173
1780877307.3132408,0.09907505674709585,0.7841565918317943,-0.19568217260466308,56.48339247703552
1780877307.3529527,0.0983555884451005,0.783319797187956,-0.1951672302374521,56.523104429244995
1780877307.3886936,0.09844214945411918,0.7824079964710291,-0.19546912328844926,56.55884528160095
1780877307.4302952,0.09749242618922954,0.7816961079647724,-0.19464000974763776,56.600446939468384
1780877307.465801,0.09863501944013071,0.780753175823601,-0.19600491506820603,56.63595271110535
1780877307.498535,0.09850017139422056,0.7799464374543821,-0.19599139391955633,56.668686628341675
1780877307.545455,0.09876020872151979,0.779020689627937,-0.19648944194854345,56.715606689453125
1780877307.5744104,0.09832877191589687,0.7780094995303382,-0.19620197923599125,56.74456214904785
1780877307.6083782,0.09650361133265556,0.7775969441851518,-0.19455901674552814,56.77852988243103
1780877307.644444,0.09672230068696175,0.7767698568356316,-0.19490002368005227,56.8145956993103
1780877307.679259,0.09675646820126202,0.7759252691331608,-0.19516037129930375,56.84941077232361
1780877307.7157316,0.09685548273421919,0.7751451029350176,-0.19536051099648946,56.88588333129883
1780877307.751082,0.09683124607141258,0.7744233440528703,-0.19557152269754624,56.92123365402222
1780877307.7832263,0.09715287292714216,0.7735239629857096,-0.1959885688718726,56.95337796211243
1780877307.8193357,0.09758111815736971,0.7727224620752893,-0.1966176858200005,56.989487409591675
1780877307.8570642,0.09779315016289274,0.7719972002067677,-0.19698844990460612,57.0272159576416
1780877307.8894002,0.0966426224015957,0.7714439513742395,-0.19595669406821983,57.05955195426941
1780877307.929553,0.09677308625825826,0.770479912310458,-0.1962991464149354,57.09970474243164
1780877307.9653525,0.09642655381223479,0.7695737233576982,-0.1961287243980418,57.13550424575806
1780877308.0018044,0.09625964487687066,0.7688839176173285,-0.19609782166510725,57.171956062316895
1780877308.0448422,0.09494944924721666,0.7681811548008897,-0.19497642948138433,57.214993953704834
1780877308.084108,0.09468443833849559,0.7674741216810239,-0.19482965294041035,57.25425982475281
1780877308.1226358,0.0944430630597751,0.7666131544425259,-0.19479887381697902,57.29278755187988
1780877308.1592298,0.09532965210779215,0.7657058058527795,-0.19579624145937446,57.329381465911865
1780877308.1945567,0.09471710747594961,0.765252725142489,-0.19539418051369795,57.3647084236145
1780877308.2275114,0.09494627635406419,0.7644262765046017,-0.19572330308232852,57.39766311645508
1780877308.2621646,0.09353673338119173,0.763777703572923,-0.1944921402324007,57.432316303253174
1780877308.2959235,0.09363885276814013,0.762830082448914,-0.19475634722224283,57.46607518196106
1780877308.3320773,0.09328540740404277,0.762279709635783,-0.19453277280268247,57.50222897529602
1780877308.3705332,0.09342030163664868,0.7616676642248192,-0.19483320793757872,57.540684938430786
1780877308.4107628,0.09313825865715068,0.7607488107139608,-0.19465486827249112,57.58091449737549
1780877308.4443414,0.09314952708386853,0.7601016510892213,-0.19483272711247668,57.61449313163757
1780877308.4798355,0.09254496825431881,0.7598280027338822,-0.194365774964905,57.64998722076416
1780877308.5156863,0.09369242043580477,0.7587275764029351,-0.19565216082791095,57.68583798408508
1780877308.5540502,0.0928211375964266,0.7582890830852591,-0.19493529382278416,57.724201917648315
1780877308.5937295,0.09312386410222985,0.7575289176808642,-0.1954221187738079,57.76388120651245
1780877308.6401436,0.09394871158179921,0.7564832490079865,-0.19639909785160387,57.81029534339905
1780877308.6662953,0.09291656197408911,0.7559088987833942,-0.19551997211967587,57.83644700050354
1780877308.701293,0.09253772225003414,0.7549905274823359,-0.19529028881047278,57.87144470214844
1780877308.7358842,0.09230360286689657,0.7542044049677057,-0.19521192394534764,57.90603590011597
1780877308.7704277,0.09162086338026472,0.7539517632887232,-0.1946310329264934,57.940579414367676
1780877308.81319,0.09183837771135543,0.7532081964459898,-0.1949838295892533,57.983341693878174
1780877308.8477569,0.09154189717049627,0.7525639814862042,-0.19482501205296895,58.017908573150635
1780877308.8826158,0.09124260293039087,0.7518517524787296,-0.19468247133253638,58.052767515182495
1780877308.9222662,0.09161476169555265,0.7509923499473821,-0.195223797556674,58.09241795539856
1780877308.9632134,0.09102281910523634,0.750420124366822,-0.19476213460780947,58.13336515426636
1780877309.0012963,0.0912645910009519,0.7497460784614078,-0.19508977446661474,58.17144799232483
1780877309.0365496,0.09029905847717162,0.7493506883274594,-0.19431434986653232,58.20670127868652
1780877309.0772712,0.0900943511272247,0.7485157502071933,-0.19421492538468738,58.24742293357849
1780877309.1153448,0.08882868143046019,0.7481978831778029,-0.19305479978292236,58.28549647331238
1780877309.1490932,0.08929892536205221,0.7473585340193845,-0.1936699319259408,58.31924486160278
1780877309.185001,0.08970497670232883,0.7465402471507774,-0.19420353300769694,58.35515260696411
1780877309.2248063,0.08930779657485385,0.7462896426365737,-0.1939696741276042,58.39495801925659
1780877309.2652278,0.08920808892653524,0.7453984278795711,-0.1939707595901607,58.43537950515747
1780877309.2988636,0.08884918102409223,0.744961113060469,-0.1936943771755211,58.46901535987854
1780877309.3398294,0.08872821514121805,0.7445782534084984,-0.19375506060259157,58.50998115539551
1780877309.375415,0.08889131843611649,0.7437954952220012,-0.19397546907989005,58.54556679725647
1780877309.4124818,0.08924034390887482,0.7432414189141547,-0.1945573979519988,58.58263349533081
1780877309.458359,0.08925768744503981,0.742624056015222,-0.1946186235873651,58.62851071357727
1780877309.4821005,0.08873737296720698,0.742071614250629,-0.1942203482348487,58.652252197265625
1780877309.5210378,0.08804551630141803,0.7415048834730034,-0.19364194066638643,58.6911895275116
1780877309.5565329,0.08778673133517645,0.7408302746478492,-0.19356122231668466,58.7266845703125
1780877309.5991945,0.08785405530195049,0.7401996137181717,-0.1937593942575775,58.76934623718262
1780877309.6279054,0.08723285827037991,0.7395676123151635,-0.19321056144627005,58.798057079315186
1780877309.6600652,0.08771742019293906,0.7388712756604165,-0.19387858369088862,58.83021688461304
1780877309.6959727,0.08708985764502013,0.7382542748996919,-0.19333173812675053,58.866124391555786
1780877309.7343984,0.0873106846453678,0.7377791107182203,-0.19367912652960712,58.904550075531006
1780877309.7748675,0.08719021011059959,0.7370691188845975,-0.19375573696631812,58.945019245147705
1780877309.810034,0.08707417897885335,0.736495281798142,-0.19367809527014493,58.980185747146606
1780877309.847734,0.08749619130563685,0.7358619088265557,-0.1943091872360752,59.01788568496704
1780877309.883766,0.08695910005270169,0.73534927783068,-0.19379605340897835,59.05391764640808
1780877309.9311523,0.0864338467491091,0.7346327514059445,-0.19338258502197475,59.101304054260254
1780877309.9584086,0.08622463145471522,0.7336220554480257,-0.19326246581367706,59.128560304641724
1780877309.992497,0.08672785648123006,0.7336689821098685,-0.19398285939272167,59.16264867782593
1780877310.0255318,0.08567646012660951,0.7330597424536434,-0.19292581139284187,59.19568347930908
1780877310.065747,0.08582870583580265,0.7325361608331462,-0.19329283197464797,59.23589873313904
1780877310.101755,0.08522190650255342,0.7321179003425766,-0.19272718326637908,59.27190661430359
1780877310.1399264,0.0857930819493588,0.7309780790247011,-0.19341293875737345,59.310078144073486
1780877310.1774714,0.08595306990120957,0.7311017607059287,-0.19379533895753695,59.347623109817505
1780877310.2144272,0.08583464026925694,0.7302023182655795,-0.19369687659678336,59.38457894325256
1780877310.250177,0.08587540606067119,0.7300362372890454,-0.1939108792973035,59.42032861709595
1780877310.288029,0.08576608393391255,0.7293656951595602,-0.19388321806544573,59.45818066596985
1780877310.323321,0.08532468496723816,0.7290457564388897,-0.1935956277798079,59.49347281455994
1780877310.3615043,0.08556417800744723,0.7277468414107808,-0.19389510136392182,59.53165602684021
1780877310.394178,0.08448681537634724,0.7276679348741757,-0.19291105337191206,59.564329624176025
1780877310.4353237,0.08458227579970909,0.7267981347203838,-0.1930846785376861,59.605475425720215
1780877310.4713397,0.08408057913549256,0.7262493161754435,-0.19271258660844495,59.641491413116455
1780877310.5044932,0.08416011428664275,0.725725375965345,-0.19289290669993586,59.674644947052
1780877310.5437634,0.08391047845103687,0.7251649604201045,-0.19276272525605548,59.7139151096344
1780877310.5818403,0.08344421865943312,0.724636897460023,-0.19238702475009184,59.751991987228394
1780877310.6173456,0.08385953115805803,0.7239765622798946,-0.19296759115199608,59.7874972820282
1780877310.6543615,0.0842207539467167,0.7233142957538219,-0.19347419690164888,59.82451319694519
1780877310.6888173,0.08401310992455605,0.7229173940346236,-0.19337789093854968,59.85896897315979
1780877310.727289,0.08416318711468887,0.7223447783756325,-0.19364250174480782,59.897440671920776
1780877310.7621446,0.08457213646116044,0.7218139943416622,-0.1941614466374815,59.93229627609253
1780877310.7974885,0.08411721992654857,0.7214183422729068,-0.1938329379105877,59.96764016151428
1780877310.8324187,0.08407531966750949,0.7208844437658894,-0.19387661408897944,60.002570390701294
1780877310.8703494,0.08302746698061703,0.7203181752547869,-0.19292287625685134,60.0405011177063
1780877310.9043128,0.08295877188494068,0.7196947885548102,-0.19295470452893299,60.074464559555054
1780877310.9429812,0.08298454346528704,0.7191986490703703,-0.19309315301005398,60.1131329536438
1780877310.9779205,0.08298069303647493,0.7185771520306565,-0.193215283778303,60.148072242736816
1780877311.0138984,0.08287851790770139,0.7181705327247401,-0.19321108211151686,60.1840500831604
1780877311.0508366,0.08249226480187191,0.7178231062038927,-0.1928965196767725,60.220988273620605
1780877311.087149,0.08307803247630165,0.717332213263961,-0.19361051758112086,60.25730061531067
1780877311.1217282,0.08312468229610871,0.7168335064044828,-0.19378232001175488,60.29187989234924
1780877311.1577883,0.08269344652078145,0.7165334563729879,-0.19342070597422148,60.32793998718262
1780877311.194219,0.08305910780921094,0.7160353255615381,-0.1939120041919553,60.364370822906494
1780877311.2285514,0.08287031883219355,0.7156852082469816,-0.19378941519399298,60.39870309829712
1780877311.2650552,0.08252764909581091,0.7150426689092966,-0.19358543695734726,60.4352068901062
1780877311.3014102,0.0823601020477736,0.714579662141478,-0.19349757675218965,60.471561908721924
1780877311.3394308,0.08209501162957612,0.7140808854602743,-0.19334654652837607,60.50958251953125
1780877311.372164,0.08238754987375527,0.7136562778249622,-0.19372899578166722,60.54231572151184
1780877311.4058564,0.08144095770108745,0.7131103986161851,-0.1928923385188626,60.57600808143616
1780877311.4400165,0.08141991198858133,0.7127041424266518,-0.19292618490157062,60.61016821861267
1780877311.4801507,0.08059034116900368,0.7122233819761077,-0.1921981535641227,60.65030241012573
1780877311.5168092,0.0820049811087731,0.7117127312564582,-0.1937676917451991,60.68696093559265
1780877311.5551662,0.08133644500206,0.7111349969429754,-0.19321563190217536,60.72531795501709
1780877311.590032,0.08180254832035441,0.7105997561392623,-0.19381798575972578,60.760183811187744
1780877311.6299393,0.08126460147453093,0.7104032802121225,-0.19330455041138175,60.8000910282135
1780877311.668837,0.08144391190310014,0.7097612476911588,-0.1936203067925742,60.83898878097534
1780877311.7104664,0.08121829868739391,0.7093604018040949,-0.19348262401992763,60.88061809539795
1780877311.7472293,0.08062522928486081,0.7088951024469872,-0.19296203786160263,60.917381048202515
1780877311.7807355,0.08081663227082997,0.7083341572432784,-0.19326170038011958,60.95088720321655
1780877311.8183947,0.08036743668655894,0.7082240392319341,-0.19285098546706486,60.98854637145996
1780877311.8545825,0.08016868127328862,0.7075340788728026,-0.1927670469948612,61.02473425865173
1780877311.8939347,0.07999949945410822,0.7072784891632509,-0.1926640410853142,61.06408643722534
1780877311.932967,0.07972511985332152,0.7067847927683193,-0.1924776894520464,61.103118658065796
1780877311.9643426,0.08018016767800051,0.7062334431532296,-0.19308039542695446,61.13449430465698
1780877312.0034416,0.08019727913531802,0.7058444293162298,-0.19317879483068953,61.173593282699585
1780877312.0388548,0.08028949279092226,0.7054097682883909,-0.19339342792822745,61.209006547927856
1780877312.0728571,0.08012830298311263,0.7051776682919946,-0.1932751925324593,61.243008852005005
1780877312.1073573,0.08055108383616826,0.7044538013542048,-0.19389419982036019,61.27750897407532
1780877312.142458,0.08021183632370993,0.7040409538457253,-0.19363730620764583,61.31260967254639
1780877312.181882,0.08036852595547181,0.7037482829919768,-0.19382807405742028,61.352033615112305
1780877312.216752,0.08050577312975657,0.7033031361990296,-0.1941135282849372,61.38690376281738
1780877312.2521622,0.08029210495067675,0.702925996010342,-0.19395560379180027,61.422313928604126
1780877312.287281,0.08066848076946609,0.7024939749560823,-0.194438184327278,61.45743274688721
1780877312.320706,0.0804705929983718,0.7018553117647854,-0.1943793449688995,61.49085760116577
1780877312.3669102,0.08078050651315684,0.701730907377107,-0.19474375597719887,61.53706192970276
1780877312.3967657,0.07951583304841356,0.7010545569619868,-0.19353840330443015,61.566917419433594
1780877312.436725,0.07992108255366608,0.7006398363619792,-0.19407364337699742,61.606876611709595
1780877312.469934,0.07994092744744445,0.7004280400222571,-0.1941658859354483,61.64008569717407
1780877312.5113196,0.07952856747050731,0.7000905719298445,-0.19383257302597218,61.68147134780884
1780877312.5464342,0.07959091833093941,0.6996271431945804,-0.19399154018372486,61.716585874557495
1780877312.582751,0.07956925656997155,0.6992776674570969,-0.19405573821444644,61.75290274620056
1780877312.6191711,0.07929823135484791,0.6988360071059883,-0.19386145433686733,61.78932285308838
1780877312.6542146,0.07915744438589917,0.6984505812875483,-0.1937946345241245,61.824366331100464
1780877312.691113,0.0793970721104681,0.6981141254410117,-0.1941361166490198,61.86126470565796
1780877312.7284982,0.07942139020608867,0.6977087621846816,-0.1942602086058284,61.89864993095398
1780877312.76618,0.07878579469651015,0.6973861309688267,-0.19365120543197067,61.9363317489624
1780877312.8036687,0.07857978409686578,0.6970056804127207,-0.193505404938666,61.97382044792175
1780877312.8391495,0.07879629978851829,0.6966258035732971,-0.19381378629179696,62.00930118560791
1780877312.8809564,0.07842376064792016,0.6962297544373484,-0.19351828718204875,62.05110812187195
1780877312.9166028,0.07841136487327437,0.6959194719551829,-0.19358194196055215,62.08675456047058
1780877312.950123,0.07814934569432368,0.6956186101257233,-0.19335830319175978,62.120274782180786
1780877312.9835265,0.07773341064298087,0.69525005396987,-0.19302959908318018,62.15367817878723
1780877313.0207615,0.07765239592754687,0.6948858565917868,-0.19300802191986288,62.19091320037842
1780877313.0549936,0.07749355542875816,0.6945326933544904,-0.1929220795934759,62.22514533996582
1780877313.0936232,0.0776423561912728,0.6941304768767005,-0.19317951311317635,62.26377487182617
1780877313.1304958,0.07768258062132923,0.6936936412206272,-0.1933062340090261,62.300647497177124
1780877313.166554,0.07773943182183499,0.6933644555970833,-0.1934381243002329,62.336705684661865
1780877313.1995664,0.07846056482986224,0.6929006785222276,-0.19432310088319255,62.369718074798584
1780877313.2348928,0.07850414826203671,0.6925575477981447,-0.194457008462743,62.40504455566406
1780877313.2766764,0.07864789126745196,0.6922124068899222,-0.19468156929940267,62.44682812690735
1780877313.3155277,0.0785025446371182,0.6918102477405446,-0.19458252152101718,62.485679388046265
1780877313.363028,0.07849652255373181,0.6914793693926529,-0.1946697595414595,62.53317975997925
1780877313.3967772,0.07819535128897118,0.6911288904728188,-0.19443710007399015,62.56692886352539
1780877313.423828,0.07806725804119453,0.6908410203220214,-0.19435555183385383,62.593979597091675
1780877313.4610877,0.07812035667853671,0.6905123642903579,-0.1945129562778753,62.63123941421509
1780877313.4948616,0.07782216745555358,0.6902117490164519,-0.1942623974203183,62.66501331329346
1780877313.5323694,0.07817580120083542,0.6898202346851419,-0.19471522207752526,62.702521085739136
1780877313.572935,0.07775208620820072,0.6894954919657408,-0.19433339500910815,62.74308681488037
1780877313.607824,0.07784560414930972,0.6891441857448797,-0.19452163168172637,62.7779757976532
1780877313.6402342,0.07784079187605471,0.6887716514021951,-0.19460072267630069,62.810385942459106
1780877313.6801846,0.07758370561471827,0.6885183263281949,-0.1943844248371797,62.85033631324768
1780877313.7153194,0.07690705778855612,0.6882499547084346,-0.19372074195076236,62.88547110557556
1780877313.7540784,0.07766272287608517,0.6877448959333798,-0.19460627982771364,62.924230098724365
1780877313.7972424,0.0769567976758158,0.6875103617887226,-0.1939332987433751,62.96739411354065
1780877313.8337104,0.07749505398889531,0.6870648978299041,-0.19460306719768178,63.003862142562866
1780877313.8719912,0.07704063017355771,0.6868691699618843,-0.19419232153280147,63.04214286804199
1780877313.906647,0.07660064998213227,0.6866989090214248,-0.193779012891314,63.07679867744446
1780877313.9476306,0.07698002882049491,0.686281547796733,-0.1942506534864304,63.11778235435486
1780877313.9818957,0.07725152956504773,0.6858623584406573,-0.1946439351754108,63.15204739570618
1780877314.0231814,0.0774624758199977,0.6854814420976532,-0.19496468990038482,63.1933331489563
1780877314.0601566,0.07721344572784582,0.6851842582188206,-0.1947526104920176,63.230308294296265
1780877314.0963914,0.07687347079647174,0.6849494424431533,-0.19447544452651314,63.26654314994812
1780877314.1280496,0.07694631661419875,0.6846324734454683,-0.19458323621711726,63.29820132255554
1780877314.1652727,0.07644612190634764,0.6843884562295539,-0.19415733954734055,63.33542442321777
1780877314.2014897,0.0762496139844497,0.6840905576718468,-0.19397148082530552,63.371641397476196
1780877314.2408972,0.07625410847361222,0.6838022107974824,-0.19405566890992001,63.411048889160156
1780877314.2765481,0.07633326337544609,0.6834597197026357,-0.19421262673002446,63.44669985771179
1780877314.3133125,0.07602787077963884,0.6832281176783679,-0.19394002746810823,63.48346424102783
1780877314.3559458,0.07583205912714364,0.6829397610132926,-0.19379336672129885,63.526097536087036
1780877314.390554,0.07528862223668417,0.6827102530310574,-0.1932706428407387,63.56070566177368
1780877314.4342093,0.07520286901912042,0.6823888711885917,-0.19320543217244923,63.604361057281494
1780877314.4684849,0.07517307739831147,0.6821520398928378,-0.19329138987949512,63.63863658905029
1780877314.5073707,0.07466963193694434,0.6818066685112569,-0.19277708453835718,63.67752242088318
1780877314.546374,0.07513724371809154,0.6815351463396149,-0.19335457925865024,63.71652579307556
1780877314.5831225,0.07465635308816991,0.6812958864731637,-0.19290040635136163,63.7532742023468
1780877314.6203282,0.07525795300352689,0.680943441170599,-0.1936514981725151,63.79047989845276
1780877314.6564763,0.07510449680627324,0.6806576663686281,-0.1935463783321201,63.82662796974182
1780877314.7032597,0.07536057013688346,0.680246826630309,-0.19388783674173996,63.873411417007446
1780877314.7378836,0.07538464672508169,0.6799650574538358,-0.1939867322591482,63.90803527832031
1780877314.7678938,0.0752045402281777,0.6797655595915022,-0.19385410450907883,63.938045501708984
1780877314.814561,0.07542237746363441,0.6793514028852718,-0.1941850217361243,63.98471260070801
1780877314.8353071,0.07571327060571548,0.6789888677411215,-0.19453923404790396,64.00545883178711
1780877314.872978,0.07558391974138244,0.6787842663864037,-0.1944966703690273,64.0431296825409
1780877314.9079416,0.07623464537382457,0.678404650864165,-0.19527181777241015,64.07809329032898
1780877314.9434142,0.07573954268551182,0.6781526834037599,-0.19476881967917653,64.11356592178345
1780877314.9802065,0.07645194960090346,0.6779157563070604,-0.19565513167161094,64.15035820007324
1780877315.0130062,0.07575676130117093,0.6776585413125795,-0.19492437620018505,64.1831579208374
1780877315.049608,0.07582190680033223,0.6773430969635605,-0.1950846447613031,64.2197597026825
1780877315.0841954,0.07555715563981186,0.6770254795410773,-0.19483486930999552,64.25434708595276
1780877315.118744,0.07579644147897856,0.6769018715947812,-0.19518211857200266,64.28889560699463
1780877315.155975,0.07591988150287764,0.6764975698418583,-0.19540415048775228,64.32612681388855
1780877315.191202,0.07545083018735133,0.6762019058828299,-0.19495915228078364,64.36135363578796
1780877315.225448,0.07528476171449265,0.6758393878679527,-0.1948078904044316,64.39559960365295
1780877315.2587125,0.07549891970984432,0.6755667475727802,-0.19513747973935555,64.42886424064636
1780877315.2983465,0.07544951617743835,0.6753447287338756,-0.19513005975311826,64.46849822998047
1780877315.3343172,0.07517176246516907,0.6750198091040023,-0.19486432734749387,64.50446891784668
1780877315.3704944,0.07508095627215675,0.674749925173932,-0.19487907268328403,64.54064607620239
1780877315.404451,0.0746573241122722,0.6745313883285351,-0.19442815325419346,64.57460260391235
1780877315.4406292,0.07455595524864365,0.6742624922611014,-0.19442190177411922,64.61078095436096
1780877315.4794848,0.07477030411967198,0.6738015433705333,-0.19471883250892255,64.6496365070343
1780877315.5198865,0.0741349311277762,0.6736625712527429,-0.1940904893211485,64.69003820419312
1780877315.553039,0.0742254271271691,0.673229140389572,-0.19423158941239216,64.72319078445435
1780877315.5992336,0.07450093876308411,0.6729214067420237,-0.19460010211108525,64.76938533782959
1780877315.6369214,0.07415096871025041,0.6726490200999893,-0.1942938643708643,64.80707311630249
1780877315.6648738,0.07493341698886011,0.6722672624222683,-0.19518682552777222,64.83502554893494
1780877315.7017179,0.07428938856304028,0.6720750446764314,-0.1945780982044894,64.8718695640564
1780877315.7435284,0.07506015068766753,0.6716858492444553,-0.19547175296579059,64.91368007659912
1780877315.7781174,0.07491189248689001,0.6714500388398574,-0.19538639078651884,64.94826912879944
1780877315.817488,0.07482939620096715,0.6711643151753126,-0.1953301292356831,64.98763966560364
1780877315.8523738,0.0743829129564312,0.6709680943980167,-0.19489402686220048,65.02252554893494
1780877315.8932767,0.0744503533638799,0.6707070684361476,-0.19502171319203948,65.06342840194702
1780877315.9306662,0.07425964805540311,0.6704305833330977,-0.19487730588700686,65.10081791877747
1780877315.9704099,0.07458277506779318,0.6701174416704343,-0.19529782889220856,65.14056158065796
1780877316.0033603,0.07410724530089982,0.6698853939995317,-0.1948379489539094,65.17351198196411
1780877316.044852,0.07433243977789604,0.6696078329857127,-0.19517273447929906,65.21500372886658
1780877316.0801194,0.07390858676732572,0.6693443390822846,-0.1946867581920435,65.25027108192444
1780877316.1192195,0.07450462750051337,0.6690622519585072,-0.19550096826080862,65.28937125205994
1780877316.1636524,0.07446512001417487,0.6688006055720508,-0.19545264606182397,65.3338041305542
1780877316.1891117,0.0748088353703912,0.6684632907868395,-0.1959262781640399,65.35926342010498
1780877316.2270012,0.0746057226055057,0.6682444150190636,-0.19576295733077353,65.3971529006958
1780877316.2623832,0.07443933714884605,0.667973620282897,-0.19557984181044719,65.43253493309021
1780877316.3003442,0.07384279236723063,0.6678617078922513,-0.19508597294281063,65.47049593925476
1780877316.347558,0.07499484634448703,0.6674669688811914,-0.19635544030794097,65.51770973205566
1780877316.3830073,0.07453831575960455,0.6671981355906325,-0.195908145190176,65.55315899848938
1780877316.4211183,0.07434013658646069,0.6669721307625625,-0.19576221206126984,65.59126996994019
1780877316.4589384,0.07449341276630958,0.666759127980767,-0.1959607177033982,65.62909007072449
1780877316.4948237,0.07458281013710229,0.6665875794978093,-0.19613819841307126,65.66497540473938
1780877316.5335627,0.07461232459236011,0.6662164804680055,-0.19618943797333813,65.70371437072754
1780877316.5686862,0.07419827848811016,0.666061565889736,-0.19584581945726484,65.7388379573822
1780877316.617595,0.07471652025746714,0.6658189235457617,-0.19644813295878077,65.78774666786194
1780877316.6461132,0.07424730175860697,0.6656479004498643,-0.1959346471945792,65.81626486778259
1780877316.68254,0.07417593058800794,0.6654930124765135,-0.19598819085053615,65.85269165039062
1780877316.7176287,0.07484085772068591,0.6651409318970107,-0.1966847130357271,65.88778042793274
1780877316.7541182,0.07362719175851812,0.665064322473228,-0.19548600009457476,65.92426991462708
1780877316.7914886,0.07446322492638359,0.664692498050619,-0.1963774057235465,65.96164035797119
1780877316.826334,0.07404772933058555,0.6645158062620773,-0.1959510932633871,65.99648571014404
1780877316.8671985,0.07334217726163625,0.6644384273344726,-0.19534436497790955,66.03735017776489
1780877316.9005272,0.07352537723862393,0.6641394064810269,-0.19552017213324677,66.07067894935608
1780877316.9405591,0.07297973857550305,0.6640386551457689,-0.19489134523322735,66.1107108592987
1780877316.9755483,0.07295586135201275,0.6639496861628473,-0.19503568217779613,66.14569997787476
1780877317.0125666,0.0733214687317884,0.6635304320034512,-0.19545137076450603,66.18271827697754
1780877317.0471907,0.07283445643627014,0.6633791525345207,-0.19492077324478863,66.21734237670898
1780877317.0895474,0.07287791147477582,0.6631844960289612,-0.1950528248522654,66.25969910621643
1780877317.1220436,0.07286375368785013,0.6629248062106852,-0.19504648369865923,66.2921953201294
1780877317.1603742,0.07333097711550453,0.6626625542947022,-0.19569484360032063,66.33052587509155
1780877317.205131,0.07333906795361295,0.6624161393213648,-0.19572521830276526,66.37528276443481
1780877317.2313986,0.07288272874738985,0.6623192165131213,-0.19521325162453548,66.40155029296875
1780877317.2683344,0.07271417722968308,0.6620087698945383,-0.19517976502885076,66.43848609924316
1780877317.3068862,0.0728990898498978,0.6618131885766794,-0.1953441713978753,66.47703790664673
1780877317.3451617,0.07223184800706368,0.6615870098892289,-0.19472743909212378,66.51531338691711
1780877317.3790305,0.07300522889911001,0.6612932464298962,-0.19559222610104302,66.54918217658997
1780877317.4141061,0.07273409340447991,0.6610921603917865,-0.19538830995424375,66.58425784111023
1780877317.4504335,0.07287517449096073,0.6608909289781026,-0.19555448177752724,66.62058520317078
1780877317.4858787,0.07273701330137866,0.6607347490445439,-0.19544491662906366,66.65603041648865
1780877317.526136,0.0722813614884096,0.6604255075083996,-0.19502039071038774,66.69628763198853
1780877317.57405,0.07288832014113637,0.660287319782263,-0.19567496200377738,66.74420166015625
1780877317.6078107,0.0727028613479676,0.6600620883665094,-0.19557748099207942,66.77796244621277
1780877317.6443026,0.0726010431941197,0.6598056543642565,-0.19553998812547155,66.8144543170929
1780877317.6770856,0.07256781011528017,0.6596635619447775,-0.19544804670025068,66.84723734855652
1780877317.7127233,0.07279336629080332,0.6593182314597141,-0.1958307967153736,66.88287496566772
1780877317.7488525,0.07292867937281843,0.6592666058720789,-0.19595865868315182,66.91900420188904
1780877317.7888472,0.07270124583178014,0.6589029976891962,-0.19581960495477632,66.95899891853333
1780877317.825768,0.07250770790000556,0.6588536861815166,-0.19558311238310075,66.99591970443726
1780877317.8611488,0.07268176363897053,0.6585724293331645,-0.19589829826043056,67.03130054473877
1780877317.9020212,0.07286025891056583,0.6583621617784263,-0.19609416149739256,67.07217288017273
1780877317.9377058,0.07261041420908702,0.6580825944952786,-0.19592287359604318,67.10785746574402
1780877317.9777637,0.07182904922979487,0.6580845484434079,-0.19496401448263762,67.14791536331177
1780877318.019175,0.07267606661984759,0.657672045865269,-0.19607425070132997,67.18932676315308
1780877318.0589125,0.07207912416546455,0.6576631555193315,-0.19537106519747505,67.22906422615051
1780877318.0904531,0.0722558587713658,0.6574451630491023,-0.1956726856045018,67.26060485839844
1780877318.1288395,0.07152116619534689,0.6573499875618667,-0.1948370940560589,67.2989912033081
1780877318.1617882,0.07201276844006935,0.6571010044659942,-0.19546011936496518,67.3319399356842
1780877318.200062,0.07228750198662744,0.6569956230670562,-0.19584732045774303,67.37021374702454
1780877318.2339168,0.07206693360349772,0.656861242854041,-0.19559003394161464,67.40406847000122
1780877318.2706041,0.07227180459418399,0.6565901785621759,-0.19588963372831664,67.44075584411621
1780877318.3054872,0.07209362629631053,0.6564881471950286,-0.19572814864078347,67.47563886642456
1780877318.3410406,0.0722467241818641,0.6563164189913655,-0.19593925733456352,67.51119232177734
1780877318.3722892,0.07229934877160969,0.6560900990569893,-0.19603752604393496,67.54244089126587
1780877318.4143112,0.07212340929646405,0.655955656167134,-0.19587670839377358,67.58446288108826
1780877318.4499643,0.07207106089551518,0.6556724729677752,-0.19588637668876815,67.6201159954071
1780877318.4891813,0.07228672340281969,0.6555918340182763,-0.19612228686343589,67.65933299064636
1780877318.5242455,0.07214666572556994,0.6553628812127976,-0.1960782246187328,67.69439721107483
1780877318.5620875,0.07224701379755455,0.6551599718545942,-0.1961595858881052,67.73223924636841
1780877318.5984027,0.07240416356241382,0.6550156510829499,-0.19644382652066225,67.76855444908142
1780877318.6351886,0.07260061553608062,0.654883308585307,-0.19665585012729608,67.80534029006958
1780877318.6683378,0.0723098555340504,0.6547119979222815,-0.1964050958824378,67.8384895324707
1780877318.7076654,0.07251026528937513,0.6545762253490361,-0.19667472899662644,67.87781715393066
1780877318.7477024,0.07231883875294816,0.6543595155159891,-0.19649115944210344,67.91785407066345
1780877318.7850528,0.07263906953505302,0.6541945446975421,-0.19689071695925064,67.95520448684692
1780877318.8181639,0.07246410298543057,0.654026250813212,-0.19673318476887205,67.98831558227539
1780877318.8585143,0.07241517912373274,0.6538047131831763,-0.19672548104957177,68.0286660194397
1780877318.8957374,0.07231339803764361,0.6537046854371522,-0.19664677187594232,68.06588912010193
1780877318.9364514,0.0722940750227018,0.6534419013485158,-0.19667616682140854,68.10660314559937
1780877318.974787,0.07203780074324272,0.6533006314334349,-0.19641587899821297,68.14493870735168
1780877319.006862,0.0716342152662021,0.6531817614675928,-0.19599653868978278,68.17701363563538
1780877319.0456038,0.07163048681631952,0.6529687306416472,-0.19603491792412878,68.21575546264648
1780877319.0854142,0.07155389354374328,0.6527984241678679,-0.19599121050824336,68.25556588172913
1780877319.1215425,0.07146828833662038,0.6525923230714019,-0.19594421208293583,68.29169416427612
1780877319.1561766,0.07089372099565086,0.6525080791260571,-0.19532999918116228,68.32632827758789
1780877319.1922278,0.07098845735348158,0.6523092122406002,-0.19547874787431913,68.36237955093384
1780877319.2411003,0.07108301005404125,0.6520746567669558,-0.19561978330996377,68.41125202178955
1780877319.267138,0.07094550815357807,0.6519682211108904,-0.1954917573568935,68.43728971481323
1780877319.303219,0.0709878435864478,0.6517492950653392,-0.19559649483859198,68.47337079048157
1780877319.3400352,0.07081232927956044,0.6515859612219317,-0.19542478137701222,68.51018691062927
1780877319.377274,0.07065686327663391,0.6514285384956575,-0.19528640856615812,68.54742574691772
1780877319.4173243,0.07052248555304103,0.6512582605457617,-0.19517085182390068,68.58747601509094
1780877319.4529777,0.07070316409728374,0.6511579007631336,-0.19541364641807615,68.62312936782837
1780877319.4896705,0.07048640670264154,0.6509284332523073,-0.19522113227757917,68.65982222557068
1780877319.5254798,0.07081071857426528,0.6507148559083351,-0.19562601507489857,68.69563150405884
1780877319.570846,0.07044669065492812,0.6506344229794139,-0.19523372133988653,68.74099779129028
1780877319.5989249,0.07058741339188138,0.6504218056477487,-0.1954656916285661,68.76907658576965
1780877319.6375697,0.07044797257814485,0.6502464918114672,-0.19534252328292542,68.80772137641907
1780877319.6734369,0.07039943857730298,0.6500755885288692,-0.19529893984690677,68.84358859062195
1780877319.710748,0.07044725702159302,0.6498531085411183,-0.19542388423096402,68.88089966773987
1780877319.7470913,0.07009283843345718,0.649718804660508,-0.1950434404244498,68.91724300384521
1780877319.7864728,0.07037623122593532,0.6495570051827475,-0.19539968166412686,68.95662450790405
1780877319.8241727,0.07059324801241672,0.6493607202109961,-0.19568296759423986,68.99432444572449
1780877319.8597665,0.07070135384264713,0.6492081314339857,-0.1958391776937058,69.02991819381714
1780877319.895973,0.07026313918989116,0.6490906392282916,-0.19539336766934168,69.06612467765808
1780877319.9402616,0.0705582241336328,0.6488856528734053,-0.19575396313640156,69.11041331291199
1780877319.98412,0.07044142325762909,0.6487620389617796,-0.19565666134296178,69.15427160263062
1780877320.007328,0.07043556801338997,0.6485201412024311,-0.19567410272848643,69.17747974395752
1780877320.0430038,0.07029407796363862,0.6483870364086894,-0.19557724810677957,69.21315550804138
1780877320.0790436,0.07047337676773377,0.6482136667580072,-0.19580093910365462,69.24919533729553
1780877320.114928,0.07003212206218262,0.6481672011250366,-0.19531093978148148,69.28507971763611
1780877320.1507661,0.0701039239862218,0.6480299220799153,-0.19545520838473918,69.32091784477234
1780877320.186674,0.07025603475907215,0.6478546402589198,-0.19565839087246423,69.35682582855225
1780877320.2289646,0.07045073843200846,0.6476998206400935,-0.19590783489559563,69.3991162776947
1780877320.2636805,0.07049723705087539,0.6475400673601825,-0.19598542033113345,69.4338321685791
1780877320.3092852,0.07001620601192202,0.647495924600155,-0.19547699889626308,69.47943687438965
1780877320.3350637,0.07005190705128804,0.6473529106666642,-0.19554098312649698,69.50521540641785
1780877320.371294,0.06999659210423714,0.6471091791023063,-0.1955284752165332,69.5414457321167
1780877320.411387,0.07007093315643614,0.6470077191366246,-0.19563185247082984,69.58153867721558
1780877320.4531267,0.06995163575163246,0.646932758923348,-0.19550043437624132,69.62327837944031
1780877320.4807253,0.06982576023122941,0.6467211772920105,-0.19545303008035417,69.65087699890137
1780877320.519351,0.0700724816362769,0.646580585569025,-0.1957463532133093,69.68950271606445
1780877320.5558314,0.06967229045082479,0.6464784357966356,-0.1952883820828736,69.72598314285278
1780877320.5937328,0.0694418980421373,0.6465833367017486,-0.19514538862298889,69.76388454437256
1780877320.6301267,0.06941553395963239,0.6462181098718798,-0.19504852689995306,69.80027842521667
1780877320.6769836,0.06986328646094125,0.6460766763950021,-0.1956424692052657,69.84713530540466
1780877320.700072,0.06945346262625608,0.6460391456928325,-0.1951612428322889,69.87022376060486
1780877320.7420096,0.06957603994628993,0.6459154508854732,-0.19533220319632963,69.91216135025024
1780877320.7793183,0.06951049059247692,0.6457264342898912,-0.19532225422484945,69.94947004318237
1780877320.8113968,0.06958270316433321,0.6455455490963338,-0.19538928310641945,69.98154854774475
1780877320.8497384,0.06990951813154328,0.6454453085726619,-0.19587411212963776,70.01989006996155
1780877320.8903883,0.06958174331025861,0.6453482472971506,-0.19547667369670899,70.0605399608612
1780877320.9250531,0.06992056205831625,0.6450935705219245,-0.1959546592298493,70.09520483016968
1780877320.9695888,0.06981288041620815,0.6451160424296787,-0.1957724873687318,70.13974046707153
1780877320.9990404,0.07010927126654597,0.6448331019089333,-0.19622980607823942,70.16919207572937
1780877321.0345924,0.0699028221915612,0.6448782419942469,-0.19598725435135225,70.20474410057068
1780877321.0733795,0.07007500640113835,0.6446726851349485,-0.1962359920105568,70.24353122711182
1780877321.1105099,0.06989658647734724,0.6445219814225072,-0.19604583859731578,70.28066158294678
1780877321.1489174,0.06976499234619654,0.6445033215005294,-0.19589385185072325,70.31906914710999
1780877321.186184,0.06996921411960652,0.6442995365775088,-0.1962146209654885,70.35633563995361
1780877321.2198489,0.07018228154884483,0.6440938732642001,-0.19648817905177565,70.39000058174133
1780877321.2585368,0.070187227295426,0.6439968376367837,-0.1964841081871436,70.42868852615356
1780877321.289315,0.07020813203619908,0.6438350720250947,-0.19660356641610505,70.45946669578552
1780877321.3249397,0.0697786188228785,0.6437212497377844,-0.19603095925023822,70.49509143829346
1780877321.3610704,0.07013334501691847,0.6436154757877925,-0.19655096546902284,70.53122210502625
1780877321.3975003,0.06998750707775801,0.6434517591246007,-0.1963299723819366,70.5676519870758
1780877321.4393969,0.07004889463663776,0.6433124507867429,-0.19652970031864214,70.60954856872559
1780877321.474122,0.0695657530594707,0.6433435096377915,-0.19587231187611293,70.64427375793457
1780877321.5118186,0.07027090389613899,0.6431385604571749,-0.19679399169195022,70.6819703578949
1780877321.5494158,0.06952819552453401,0.6431802150447776,-0.19596140934368703,70.71956753730774
1780877321.5870504,0.06943718777234835,0.6430764846891743,-0.19590810085317073,70.7572021484375
1780877321.6221387,0.06967246641186521,0.6428996404348335,-0.1961668033891605,70.79229044914246
1780877321.6601524,0.06921733319423005,0.6429364531887118,-0.19566608466485294,70.83030414581299
1780877321.6958919,0.06932554836030191,0.6427635739471749,-0.19586575723566868,70.86604356765747
1780877321.7346349,0.0695294261581559,0.6426148050955365,-0.1960907452346289,70.90478658676147
1780877321.7715833,0.06970332093512066,0.6423743767627366,-0.1963316330141716,70.94173502922058
1780877321.8096552,0.06913302527097973,0.6424293694723975,-0.19572349858579166,70.97980690002441
1780877321.8487608,0.06906133300110082,0.6423951867215145,-0.19560613961968254,71.01891255378723
1780877321.8832915,0.06963723673855098,0.6420747927678767,-0.1963129288271926,71.05344319343567
1780877321.9179804,0.0688295387091067,0.641999588229492,-0.19554657761223634,71.08813214302063
1780877321.9541798,0.06916679235394035,0.6419129957057204,-0.19585815940970092,71.1243314743042
1780877321.9900956,0.06906810729284281,0.641841316346828,-0.19569498658838122,71.16024732589722
1780877322.0270875,0.06841977975034469,0.6417059555344304,-0.19508492997621224,71.19723916053772
1780877322.0607674,0.06909839558040315,0.6416244715491788,-0.19578509559232862,71.23091912269592
1780877322.0996354,0.06894182938163439,0.6414749691737054,-0.1957062403438277,71.26978707313538
1780877322.1365118,0.0687885687846438,0.6413758222433465,-0.19563655984938114,71.3066635131836
1780877322.1795976,0.0686237266804844,0.6413043135512251,-0.19534164723147554,71.34974932670593
1780877322.2079797,0.06908182830484617,0.6411608357900418,-0.1958453550001169,71.37813138961792
1780877322.2514765,0.06860343159266263,0.6409558917861744,-0.1954655441411021,71.42162823677063
1780877322.2891738,0.06825459737352793,0.640891147556949,-0.19510528555942994,71.4593255519867
1780877322.3315349,0.06859197443826591,0.6407105164978992,-0.19537006413286567,71.50168657302856
1780877322.3661613,0.06819302248932424,0.6406048273997085,-0.19502435264411905,71.5363130569458
1780877322.4024518,0.06838522096850909,0.6405767799214133,-0.19528024656452556,71.57260346412659
1780877322.436686,0.06844928085323514,0.6403990965055275,-0.19531215154735046,71.6068377494812
1780877322.4727695,0.06781275108896556,0.6404129734266282,-0.19466910099993828,71.64292120933533
1780877322.509264,0.06792686271319685,0.6402266743597449,-0.1948570217855641,71.67941570281982
1780877322.5440273,0.06834634310244073,0.6400044587970222,-0.1952359088966313,71.71417903900146
1780877322.5788512,0.0679219277909883,0.6400895667235873,-0.19484609363540328,71.7490029335022
1780877322.6158526,0.0675854694125939,0.6400368723541281,-0.1945217082262949,71.78600430488586
1780877322.6512604,0.06746802430415602,0.6397998469228035,-0.19429755823608408,71.82141208648682
1780877322.6907544,0.06790757674124326,0.6397173412354409,-0.1948725071454063,71.86090612411499
1780877322.722919,0.06714776351385605,0.6396743759391488,-0.19409819605788975,71.89307069778442
1780877322.761317,0.06728740358199925,0.6395760212231747,-0.19417638930111816,71.93146872520447
1780877322.7966175,0.06776442031465045,0.6394083397255192,-0.1947917403297187,71.96676921844482
1780877322.8345797,0.06752265601368294,0.6393675305026403,-0.1945343537051876,72.00473141670227
1780877322.8718483,0.06708918841683141,0.6393768115309715,-0.19407226322006269,72.04200005531311
1780877322.9079573,0.0674813783546071,0.6391681116883552,-0.19457751268222387,72.0781090259552
1780877322.9439366,0.06699367022691476,0.6390605930919135,-0.19393103061983796,72.11408829689026
1780877322.9845095,0.06769816442573261,0.6388906542632031,-0.19488406369977035,72.15466117858887
1780877323.0180461,0.06698925633878414,0.6389225568060692,-0.19398112344194862,72.18819785118103
1780877323.053419,0.06745810473823238,0.638661407761753,-0.19467219606349767,72.22357082366943
1780877323.0999873,0.0671603441270563,0.6386608791995128,-0.1943271929948603,72.27013897895813
1780877323.1299708,0.06709438229733511,0.6385976575108716,-0.19419915744100627,72.30012249946594
1780877323.1643672,0.0670700649196041,0.6384862445755972,-0.19422718307193357,72.33451890945435
1780877323.199897,0.0669556354383349,0.6384087424836571,-0.19402351181943023,72.3700487613678
1780877323.2440605,0.06699636524981868,0.638353339066108,-0.1942215714388649,72.41421222686768
1780877323.272857,0.06699653815416814,0.638179790361862,-0.1941892731820082,72.44300866127014
1780877323.3075309,0.06675895338529465,0.6381641560548772,-0.19400072134277577,72.47768259048462
1780877323.344148,0.0669029108167086,0.6380780098964802,-0.19411177515715797,72.51429963111877
1780877323.3832242,0.06683775268281038,0.6380745677349662,-0.19404553619826817,72.55337595939636
1780877323.421315,0.0669538286447319,0.6379968771462183,-0.1942582150313903,72.59146666526794
1780877323.4570045,0.06669205194303959,0.6379307027376298,-0.1938940300632431,72.6271562576294
1780877323.50226,0.06620109371372027,0.6379213809386317,-0.19340597475221724,72.67241168022156
1780877323.5385985,0.06640181790029843,0.6378337416963964,-0.19361128447090864,72.70875024795532
1780877323.572408,0.06631544193940017,0.637864617687488,-0.19359423344189236,72.74255967140198
1780877323.609332,0.06634828725495123,0.6376517534085206,-0.19361390507706616,72.77948379516602
