t,x,y,z,yaw,time_s
1780877250.8779342,4.968514773580436,3.007748131644541,0.21784004034802013,-1.4689603532385467,0.048085927963256836
1780877250.902685,4.968451212586931,3.0078154092001297,0.21787108412709927,-1.4670407270918886,0.07283663749694824
1780877250.923447,4.968491873898792,3.0078727095277715,0.21781583501496987,-1.4649610628655467,0.09359860420227051
1780877250.9498427,4.9684486373279695,3.007938388976925,0.21778208455265233,-1.463013734883153,0.1199944019317627
1780877250.9723573,4.968455742183645,3.0079988570802496,0.21775076453603212,-1.460984851891131,0.14250898361206055
1780877250.9988573,4.968432219012846,3.0080617105529672,0.21774190968565688,-1.4590077064638833,0.16900897026062012
1780877251.0210156,4.968404348394522,3.008124881741253,0.21773472826296075,-1.4570340058874125,0.19116735458374023
1780877251.0417292,4.968440784414963,3.008179769508012,0.21777190117248613,-1.4549665354304522,0.21188092231750488
1780877251.0637302,4.968415057258392,3.0082419391246433,0.21780062995029503,-1.4529897120837456,0.23388195037841797
1780877251.0844162,4.968360388315701,3.0083080592653606,0.217785126147265,-1.4510610108796596,0.25456786155700684
1780877251.1076887,4.968440938694727,3.0083580351829564,0.2177317379585231,-1.4489245533326678,0.27784037590026855
1780877251.1320388,4.9683499612018,3.0084256045213236,0.21786644332718966,-1.447051552214326,0.30219054222106934
1780877251.1550486,4.968415082139169,3.008478568237179,0.21775661051893633,-1.4449406909930103,0.32520031929016113
1780877251.1818755,4.968336148360487,3.0085456194433484,0.21781886530542255,-1.4430507918854514,0.35202717781066895
1780877251.204383,4.968340294888265,3.0086040410654395,0.2178067539174188,-1.4410315011696921,0.37453460693359375
1780877251.230729,4.968351659834219,3.0086604547362183,0.21782819374315904,-1.4390054395480434,0.4008808135986328
1780877251.2549613,4.968335102297096,3.0087217332639313,0.21778698105550587,-1.4370209444235424,0.4251129627227783
1780877251.2762747,4.96830101363731,3.008784110522513,0.21780582815815577,-1.4350634641695428,0.4464263916015625
1780877251.3037007,4.968333488342387,3.0088378672769402,0.21777748979379813,-1.4330038445978373,0.47385239601135254
1780877251.328117,4.96831813133282,3.0088974628890424,0.21779605008964237,-1.4310201995837848,0.49826860427856445
1780877251.3494778,4.9682509976828975,3.008964632245128,0.21778018171125405,-1.4291149228451232,0.5196294784545898
1780877251.3738544,4.968302105220644,3.0090146833126954,0.21776683338614178,-1.4270281265411362,0.5440061092376709
1780877251.4001694,4.968270028259926,3.0090770646139386,0.2177542336544007,-1.425070644602906,0.5703210830688477
1780877251.4175336,4.968301016086991,3.0091292104560337,0.21778213846377267,-1.4230163791716324,0.5876853466033936
1780877251.443031,4.968254491431728,3.009193687838761,0.21774918540465701,-1.4210822208786247,0.613182783126831
1780877251.4635725,4.968270680457734,3.00924870442415,0.21773033834497077,-1.419051601637354,0.6337242126464844
1780877251.4848588,4.968215949119415,3.0093140800078504,0.21772638733622385,-1.4171302288117866,0.655010461807251
1780877251.5090253,4.968267969153749,3.00936009099723,0.21785421527294668,-1.4150450087850597,0.6791770458221436
1780877251.5299993,4.96819536972513,3.0094295047202055,0.21778669636021963,-1.4131539295905913,0.7001509666442871
1780877251.5524864,4.968224261932195,3.009481029488656,0.21779507492709282,-1.4111032246332367,0.7226381301879883
1780877251.573434,4.96819129520622,3.0095443704177662,0.2177370691352669,-1.4091544359331658,0.7435858249664307
1780877251.5963767,4.968248326386653,3.0095920885830463,0.21770889378706848,-1.407062673540363,0.7665283679962158
1780877251.6176474,4.968171719518063,3.009660553394462,0.21772446053546463,-1.4051795154562792,0.7877991199493408
1780877251.639013,4.96822448139756,3.009707864040365,0.2177358518677136,-1.4030962984458029,0.8091647624969482
1780877251.6623735,4.9681758598068875,3.0097711103811644,0.21780302403738128,-1.4011699870774585,0.8325252532958984
1780877251.6830301,4.9681880529255675,3.0098264341324277,0.21774789376046033,-1.3991507892908086,0.8531818389892578
1780877251.704158,4.9681817829889034,3.009884011469523,0.21775342758386096,-1.3971616270512037,0.874309778213501
1780877251.726837,4.968161744898925,3.0099429904534687,0.217784363046367,-1.395193642658689,0.8969886302947998
1780877251.7477627,4.968153327755007,3.010000343184488,0.21781387155830023,-1.3932062814057393,0.9179143905639648
1780877251.7720783,4.968156358028484,3.010057169018726,0.21775366841225338,-1.3912031953489672,0.9422299861907959
1780877251.7959895,4.968177359465467,3.010110071005294,0.21773271416919784,-1.389173620211765,0.9661412239074707
1780877251.8211813,4.968133405074423,3.0101731323525382,0.21779265867323927,-1.3872453042225772,0.9913330078125
1780877251.8442707,4.968110957451254,3.0102350905491093,0.2177444086075509,-1.385199814256897,1.0144224166870117
1780877251.8655443,4.96815304010099,3.0102840602570318,0.21770492072844755,-1.382920266058112,1.035696029663086
1780877251.8878913,4.968115486291451,3.0103490282617025,0.21763200356182316,-1.3807670295235037,1.0580430030822754
1780877251.908461,4.968073260547082,3.0104122965339624,0.21766813945143143,-1.3786341901510961,1.0786128044128418
1780877251.9311504,4.968110481694028,3.0104587467517465,0.21782190500889248,-1.3763803265126324,1.101302146911621
1780877251.954375,4.967879101872312,3.0105676508005477,0.21748218426699018,-1.3743457598739977,1.1245267391204834
1780877251.9742458,4.96784972782495,3.010630094696106,0.21749655724549005,-1.3719750808204583,1.144397497177124
1780877251.9970615,4.968058483923872,3.0106377993359024,0.21781984343016178,-1.3692457385243293,1.1672132015228271
1780877252.0174901,4.96809080008873,3.010697495891221,0.21737003128444035,-1.366810250818986,1.1876418590545654
1780877252.0392818,4.967956923510635,3.010772947161162,0.21786683041751495,-1.3645866891484186,1.2094335556030273
1780877252.0639818,4.967742007722713,3.0108872968767115,0.21728602416339812,-1.3622960379853093,1.2341334819793701
1780877252.084914,4.967665893921318,3.0109581771375797,0.21748935368584368,-1.35980401678408,1.255065679550171
1780877252.1100302,4.9679154614310965,3.0109592589242338,0.2176795450487915,-1.3568278025327407,1.280181884765625
1780877252.1371205,4.9680027603881065,3.0110006135241223,0.21761290386475865,-1.3541251840672293,1.30727219581604
1780877252.156099,4.9675594398436225,3.011163149466134,0.2174481304667744,-1.3519630913672187,1.3262507915496826
1780877252.180582,4.967428854286292,3.011255484629787,0.21730623566977197,-1.3493333112608876,1.350733757019043
1780877252.2013052,4.967607905884455,3.011279288900842,0.21723605948615576,-1.3462435209085346,1.3714568614959717
1780877252.2254229,4.967787982806035,3.0112850660684556,0.21800406282217816,-1.343180152408907,1.3955745697021484
1780877252.2499437,4.967642791210976,3.011403802544003,0.2170580948083421,-1.3404024902073164,1.420095443725586
1780877252.2714155,4.967332624683741,3.0115361586380693,0.21742363123862424,-1.3377481922316208,1.4415671825408936
1780877252.2940977,4.967343102897214,3.011592613838392,0.21783014560649036,-1.3346333561716863,1.4642493724822998
1780877252.3159928,4.967740294363614,3.0115748037284673,0.21743189670350335,-1.3309525459598102,1.4861445426940918
1780877252.3386562,4.967726774672507,3.0116600055875202,0.21698152173108623,-1.327736371888361,1.508807897567749
1780877252.363158,4.967158739799697,3.011856607921325,0.2179882457980196,-1.3246029168025448,1.5333096981048584
1780877252.3835447,4.966861311218826,3.01200965749737,0.21805343477647346,-1.321112246689572,1.5536963939666748
1780877252.4050694,4.967034540767624,3.0120720124451337,0.21691368696113766,-1.3169492433885222,1.575221061706543
1780877252.4251666,4.967321310173621,3.012086517055713,0.21682586386709707,-1.3126610021424594,1.59531831741333
1780877252.450275,4.967034744692116,3.012234687917023,0.21785829618278257,-1.3086305528245092,1.6204266548156738
1780877252.473113,4.966511131317411,3.012484078053145,0.21743175383712002,-1.3047205513907292,1.6432647705078125
1780877252.4939473,4.9663851872989895,3.0126423730508005,0.2165996075983836,-1.300263089343483,1.6640989780426025
1780877252.518874,4.966300462650897,3.012764834049425,0.21731805238872173,-1.2958110537760958,1.689025640487671
1780877252.5400147,4.966497511538045,3.0128194317160784,0.21786253788690216,-1.2908662718679353,1.7101664543151855
1780877252.5634286,4.966726530098725,3.012897589753246,0.21734482449754458,-1.2856718589021103,1.7335803508758545
1780877252.5863693,4.966725368534444,3.0130452533945684,0.2171668040393236,-1.2809414249856637,1.7565209865570068
1780877252.6071615,4.966489905564512,3.0132621695440602,0.21746208080899715,-1.2766752271929476,1.777313232421875
1780877252.628807,4.966090689971942,3.0135332382789333,0.21798448993772523,-1.2727610810048506,1.7989587783813477
1780877252.6493187,4.965875940066591,3.0137823488455378,0.21727721370814024,-1.2684025394822611,1.8194704055786133
1780877252.6727934,4.965816494221975,3.013981439715418,0.21716934816095584,-1.2638079366613448,1.8429450988769531
1780877252.694964,4.9658896824721115,3.0141266461257006,0.21806758217526756,-1.259098682671071,1.8651156425476074
1780877252.7149944,4.9661508506101235,3.0142546518809374,0.21739243830225552,-1.2542063914655042,1.885146141052246
1780877252.736607,4.966278494349305,3.0144213082752844,0.2174253549268861,-1.249591025194522,1.9067587852478027
1780877252.7571507,4.965956439698124,3.014744260006861,0.21761717322945864,-1.2455408074440157,1.927302360534668
1780877252.78055,4.965597286515176,3.015082855717363,0.21811127333695435,-1.2416501599320835,1.9507017135620117
1780877252.803962,4.965548162889091,3.0153544271191755,0.21725464965399774,-1.2373867977578081,1.9741137027740479
1780877252.827215,4.965572025441476,3.015583955305709,0.21767037462560315,-1.2330946747449916,1.9973666667938232
1780877252.8494077,4.9656339976827955,3.0158034757726475,0.2183289342985922,-1.228671989358855,2.019559383392334
1780877252.8735373,4.965774031024732,3.0160406486648546,0.2173836946780037,-1.2241850771497877,2.043689012527466
1780877252.8914635,4.965907270370125,3.0162578368703366,0.21796515080961237,-1.2198035462602272,2.061615228652954
1780877252.913339,4.965731893530178,3.016600133276777,0.2183852248578548,-1.216010130497703,2.0834906101226807
1780877252.9342046,4.965403947936524,3.0170314831203835,0.21772396077937742,-1.212571549050983,2.104356288909912
1780877252.958541,4.965196754331369,3.017417812412113,0.2173428177854995,-1.208828644095719,2.128692626953125
1780877252.981224,4.965228845251929,3.017713637392579,0.2174839087442432,-1.2048159809905508,2.1513757705688477
1780877253.0008678,4.965550107296069,3.0179004228216266,0.21790196105953,-1.2004689273990847,2.1710195541381836
1780877253.0260668,4.965986201047707,3.0180466762210547,0.21868952413391474,-1.1960508399483245,2.196218490600586
1780877253.045979,4.96598833094412,3.0183885467362814,0.2186851926826006,-1.1924172478635409,2.2161307334899902
1780877253.0711799,4.965619899781795,3.018896355666212,0.21812724047062212,-1.1894626684547813,2.2413315773010254
1780877253.0918443,4.965516816064205,3.0193016816240865,0.21760841091320807,-1.1862031025302393,2.261996030807495
1780877253.1131449,4.965585556435228,3.0196259612881393,0.21793452501171767,-1.1827698430519662,2.283296585083008
1780877253.1349351,4.965970967039377,3.0198274248840438,0.2183141411949954,-1.178957161342575,2.305086851119995
1780877253.155552,4.966411332734942,3.02001041848761,0.2187652018991633,-1.1751627646409228,2.3257036209106445
1780877253.1784406,4.966558934057366,3.0203502635723747,0.21786557408904422,-1.1719206306321608,2.3485922813415527
1780877253.2005367,4.966623212165254,3.020702881603457,0.2182530449320841,-1.168885686331956,2.3706884384155273
1780877253.221148,4.966501227913213,3.0211286789716265,0.21910358384422488,-1.1662081132235165,2.3912997245788574
1780877253.2447023,4.9663801313824925,3.02159578213367,0.21812514064408103,-1.163640609867044,2.414854049682617
1780877253.2650461,4.966321158314307,3.0220127574378184,0.21840506742280957,-1.1610506375003646,2.4351978302001953
1780877253.287851,4.966619723989173,3.022278976805657,0.21852937682904025,-1.1580292798331373,2.458002805709839
1780877253.3098872,4.9671552892179145,3.022440554837055,0.21897355782198014,-1.1547454399595274,2.48003888130188
1780877253.3298123,4.967394917295523,3.022734614932064,0.21943127102797857,-1.15197362104149,2.4999639987945557
1780877253.3533318,4.967171907356174,3.023257043798708,0.2188778460423941,-1.149960590219446,2.5234835147857666
1780877253.3737416,4.967022854751763,3.0237436476782595,0.21839704604940313,-1.14792361107119,2.543893337249756
1780877253.3966305,4.9670843550717985,3.024123994253956,0.21851199252446762,-1.1456528226980982,2.566782236099243
1780877253.419098,4.967475755456707,3.024354470151038,0.2186360287651441,-1.1429954610171218,2.589249610900879
1780877253.4396336,4.968020647076532,3.0244988974531535,0.21961879157976572,-1.1402424948813845,2.609785318374634
1780877253.46249,4.968519844873945,3.0246939786617904,0.2191555315586785,-1.1377754565876343,2.6326417922973633
1780877253.482884,4.968628733629358,3.025076420912493,0.21823056103773655,-1.1359236050645607,2.6530356407165527
1780877253.504435,4.968686748626622,3.0254482404998213,0.21887172464752827,-1.1341886512273605,2.674586772918701
1780877253.5281823,4.968625449465446,3.025862296599683,0.2200652901194364,-1.1326678648409358,2.698333978652954
1780877253.548568,4.96868443013229,3.02626585818371,0.2188324319646865,-1.1312112027487933,2.718719720840454
1780877253.570304,4.968824038219343,3.0266037108882418,0.21874729527444675,-1.1297375819137159,2.7404556274414062
1780877253.5939212,4.969020199877242,3.026883796795338,0.22000630646469346,-1.1282238114424006,2.764072895050049
1780877253.6130893,4.9694443409044675,3.027087306568673,0.21945569045773367,-1.126471336603578,2.783241033554077
1780877253.6347826,4.969874498138694,3.0272839884051197,0.21890289378901914,-1.1247758072806957,2.80493426322937
1780877253.6556575,4.970334439485116,3.0274375896375867,0.21948327472188892,-1.1232737108465516,2.8258092403411865
1780877253.6781912,4.970321256208917,3.0278290155585204,0.21920488506424451,-1.1224336569868232,2.8483428955078125
1780877253.6998925,4.9701084375566555,3.0282986455575704,0.21954027434052142,-1.1218831339334203,2.870044231414795
1780877253.7201347,4.970066690481587,3.028665464414398,0.22054372761939794,-1.1211387684344531,2.890286445617676
1780877253.743804,4.970535813332996,3.028808451654291,0.22002973355407923,-1.119891449834551,2.9139556884765625
1780877253.7649827,4.971311584710018,3.0287985333327905,0.21938768029421785,-1.1184243470734927,2.9351344108581543
1780877253.7876194,4.971741246538493,3.028948702355272,0.21869810666396483,-1.117418425058729,2.957771062850952
1780877253.8084404,4.971971582186145,3.029169361298906,0.21891883303218101,-1.1166762714073006,2.9785921573638916
1780877253.8301904,4.971875494796682,3.0295391606170363,0.2192767167466589,-1.1163626326634568,3.0003421306610107
1780877253.8505063,4.971751043128868,3.029902869387777,0.22021777316779978,-1.1163349488880834,3.020658016204834
1780877253.8713703,4.971435041339586,3.030369663147351,0.22022235327849682,-1.1166402630285313,3.0415220260620117
1780877253.892619,4.971561418104651,3.0306279189201795,0.21930880543841544,-1.1164194164079566,3.0627706050872803
1780877253.9149857,4.971819123945694,3.030793399271063,0.21937946878275422,-1.1160322191564078,3.085137367248535
1780877253.935154,4.972179996744011,3.030877332721291,0.22058130679591342,-1.115519926874502,3.1053056716918945
1780877253.9576945,4.973490131208921,3.0305051610407383,0.2203748489397858,-1.114860464509781,3.1278462409973145
1780877253.9781048,4.974269219378268,3.030386133398004,0.2190378958894243,-1.1148017855768968,3.148256540298462
1780877254.002477,4.974521046173565,3.0305055086300383,0.21706171361524543,-1.1153485420399605,3.17262864112854
1780877254.0247858,4.974586624568457,3.0306563623982665,0.2166165378933072,-1.1160797298172929,3.1949374675750732
1780877254.047278,4.974540555274381,3.0307960512286223,0.21824289608772027,-1.1168775191178506,3.2174296379089355
1780877254.071514,4.974175475426824,3.031057810183795,0.2204144357185368,-1.11800335363885,3.2416656017303467
1780877254.0917835,4.973346983067495,3.0315463478246922,0.22124707760506462,-1.119654858903798,3.261935234069824
1780877254.1131427,4.972682401168214,3.03197064668601,0.21983365012803194,-1.121114548732597,3.283294439315796
1780877254.1364868,4.9725118045257535,3.0321381092497934,0.2176663063919522,-1.1219784688182117,3.306638479232788
1780877254.1565554,4.972460960138947,3.0321888268227637,0.21696908005967952,-1.1226460374571472,3.326707124710083
1780877254.1781967,4.972461173864087,3.0321499205516833,0.2182787645652834,-1.12320933332379,3.348348379135132
1780877254.199511,4.972850750091453,3.0318967552880207,0.2196903578312461,-1.1233070545200907,3.3696627616882324
1780877254.2225702,4.973772584174452,3.0313801378811034,0.22014883173232874,-1.1227853801267051,3.3927218914031982
1780877254.2444935,4.974923653804993,3.0307292826804444,0.22050628787268056,-1.12197290636996,3.414645195007324
1780877254.2650015,4.975629163829926,3.0302751085976483,0.2203158586475199,-1.1216410078696804,3.4351532459259033
1780877254.2864194,4.975786819011996,3.0300734829448412,0.21917405232332068,-1.1219119119179792,3.456571102142334
1780877254.3136833,4.975468146141159,3.030077901262566,0.21765393221126111,-1.1227015877757713,3.483834981918335
1780877254.332486,4.9750365808336,3.030075599053365,0.21787952089206952,-1.123585564662486,3.5026376247406006
1780877254.3570073,4.974548282250144,3.0300403995174023,0.22001667582728396,-1.1244917162023236,3.5271589756011963
1780877254.3777556,4.973986178972583,3.0300179937911147,0.22221008656186522,-1.1254576489409156,3.5479073524475098
1780877254.399161,4.973487680621923,3.030003357681167,0.22099497431265547,-1.1263621497017842,3.569312810897827
1780877254.422482,4.973413596016556,3.0297783299005068,0.21852584704613864,-1.1267813720036965,3.5926337242126465
1780877254.441481,4.973462836218979,3.0294386895887553,0.21735817105919295,-1.1270246503155108,3.611632823944092
1780877254.4636734,4.973520473248735,3.0290301668547572,0.21821318426727085,-1.1272193138263997,3.6338250637054443
1780877254.4840322,4.9736134912441505,3.0285504794698426,0.22077828451830003,-1.12734235455045,3.654183864593506
1780877254.5055482,4.97397136979702,3.027946228049371,0.22209632192413312,-1.1271627553529724,3.6756999492645264
1780877254.528359,4.974298962772811,3.0273932960293752,0.21997123802753935,-1.1270208894336773,3.6985106468200684
1780877254.548863,4.974474037759417,3.026875830875427,0.2181779968566089,-1.1270265811781055,3.7190146446228027
1780877254.5703802,4.9745922662274245,3.02632139059295,0.21830403068212192,-1.1270613605472568,3.7405319213867188
1780877254.590822,4.974588437351462,3.0257711343814493,0.2199887335139817,-1.127201075209936,3.7609736919403076
1780877254.6117914,4.974111194290966,3.025434052392108,0.22103355598982216,-1.1278542712342343,3.7819430828094482
1780877254.6340413,4.97315658399831,3.0253210939491884,0.2208328701015683,-1.1290347265466258,3.8041930198669434
1780877254.6549013,4.9723694613079275,3.0251297969110196,0.21917357710389088,-1.1300309238577806,3.8250529766082764
1780877254.6801987,4.971713522878336,3.0248272853409657,0.2186995948915703,-1.130849519957239,3.8503503799438477
1780877254.7005098,4.97145530717462,3.0243106019819255,0.21823012247882942,-1.131204542026469,3.870661497116089
1780877254.7249432,4.9714161184124706,3.0236492499600858,0.21869957160448797,-1.1312823417283089,3.895094871520996
1780877254.7471585,4.971738785191664,3.022790186156461,0.21931666200918706,-1.1309384318940956,3.9173102378845215
1780877254.768552,4.972222533368172,3.0218165637604946,0.22083167829880246,-1.1303869827648847,3.938703775405884
1780877254.7921972,4.972729444753759,3.02083133132773,0.22113469320690038,-1.1297944970180147,3.9623489379882812
1780877254.8123713,4.972750091940726,3.020075618952156,0.22014015474598667,-1.1297436377996837,3.982522964477539
1780877254.833124,4.97229539456538,3.0195306015907244,0.21847261484174457,-1.1302241453032513,4.003275632858276
1780877254.8551404,4.9717333885606285,3.0189833735082647,0.2182955000379258,-1.1308089418308427,4.025292158126831
1780877254.8755426,4.971135252657959,3.0183967424687124,0.21995921277173044,-1.1314048525739708,4.045694351196289
1780877254.8979301,4.97054665928867,3.0177846848359664,0.22168785946026046,-1.1319736161339988,4.068081855773926
1780877254.918876,4.970070358672502,3.017159511477019,0.22015052573729102,-1.1324267095594736,4.089027643203735
1780877254.9442427,4.969885658025295,3.0163784858639193,0.218278516181424,-1.132525110284683,4.114394426345825
1780877254.9662552,4.969703551062498,3.0155375143707506,0.21823418416510468,-1.1325865096301997,4.136406898498535
1780877254.986111,4.96951302320182,3.014645601730575,0.22001933122386583,-1.1326249539861282,4.156262636184692
1780877255.010622,4.969406368603218,3.013701186976973,0.22151073614583508,-1.1325521370756872,4.180773735046387
1780877255.0339196,4.96928388532989,3.012807658106889,0.21960764134160535,-1.1325082125554413,4.204071283340454
1780877255.052963,4.969066251495901,3.0119248985257654,0.21823076319592988,-1.1325638427604279,4.223114728927612
1780877255.0768907,4.9688126177572105,3.0110019129615626,0.21869603412211036,-1.132630595722278,4.247042417526245
1780877255.0969417,4.968464333549512,3.0100773612375336,0.22059099295532342,-1.1327821591233307,4.2670934200286865
1780877255.1190054,4.967834633722966,3.009296448866454,0.2208834537433184,-1.1332742344936562,4.289157152175903
1780877255.1428313,4.967188726319495,3.0085461821870982,0.2189320722650871,-1.133793980481141,4.31298303604126
1780877255.1652045,4.966535151101782,3.0077477827931904,0.21855269562489446,-1.1343001022432961,4.33535623550415
1780877255.1864443,4.965936043049827,3.006875488283857,0.2196844559697677,-1.1347116405501048,4.356595993041992
1780877255.207688,4.965779531823586,3.0057903772093133,0.22020569809142787,-1.1345688564907839,4.377839803695679
1780877255.2307413,4.966090312277911,3.004487077822468,0.2198080281324145,-1.1338332168961167,4.400892972946167
1780877255.2533288,4.966231571949538,3.0032475343837057,0.21919690696598265,-1.1332887027288834,4.42348051071167
1780877255.2750747,4.965939363334144,3.002201091168376,0.2181207336910786,-1.1332801580504177,4.445226430892944
1780877255.297452,4.965555394694577,3.00114831384272,0.21865278542502053,-1.133360739837813,4.46760368347168
1780877255.3181217,4.964835224159548,3.0002313613490292,0.21936744879448394,-1.1338505847622855,4.48827338218689
1780877255.3408031,4.963720266182826,2.9994924572923933,0.21963996275528982,-1.1348481462825215,4.510954856872559
1780877255.36291,4.962809531394135,2.9986362405096636,0.2201923791291638,-1.135584673327814,4.533061742782593
1780877255.3841069,4.962412650627588,2.997546263768247,0.21963650233242596,-1.1356526729732805,4.554258584976196
1780877255.4075403,4.962438899151671,2.9962548112400222,0.21846979770537578,-1.135154539023155,4.577692031860352
1780877255.4283628,4.962488014731665,2.9949074170197933,0.2187802944249465,-1.1345903898855023,4.598514556884766
1780877255.4547014,4.96233586225512,2.993623649482863,0.21983138384565434,-1.1342718346278793,4.624853134155273
1780877255.4757662,4.961679420406137,2.992581614121564,0.21982275122628278,-1.134622944084906,4.645917892456055
1780877255.4960895,4.960579808632112,2.9917476731140153,0.2190117497305314,-1.1355681052242472,4.66624116897583
1780877255.5205722,4.9595382534210035,2.9908588608599156,0.2188368438308522,-1.13642590511075,4.690723896026611
1780877255.5420632,4.958992088794759,2.9897412415765694,0.2178560611697187,-1.1366134430604773,4.712214946746826
1780877255.5655358,4.958618102290565,2.988510809582649,0.2178471257777344,-1.1365448685086417,4.735687494277954
1780877255.5871048,4.958345055846311,2.987194193686697,0.2191333852429173,-1.136310714644618,4.757256507873535
1780877255.6076882,4.958504568370188,2.985684019904509,0.21945395232692452,-1.1354725663215492,4.77783989906311
1780877255.6301324,4.95843035054214,2.9842987341258644,0.2183398423992887,-1.1349490090098273,4.800284147262573
1780877255.6529996,4.958073406031404,2.983026253910091,0.2175195282196536,-1.1348185278539282,4.823151350021362
1780877255.6761732,4.957617973419711,2.9817550856620425,0.2182305254144798,-1.1347983172855702,4.846324920654297
1780877255.6992102,4.956712739317333,2.980692591828754,0.21839374116792745,-1.1354078859970214,4.869361877441406
1780877255.7210236,4.955584355923202,2.9797148127547635,0.2190440976521763,-1.1363284011542674,4.891175270080566
1780877255.7473464,4.954752025875791,2.9785880227077843,0.21970813528021643,-1.136821411491915,4.9174981117248535
1780877255.7726028,4.9544290157533535,2.9772379060612426,0.21922066210320476,-1.1365831568167049,4.942754507064819
1780877255.7911198,4.954483071755738,2.9757123486896715,0.2182285502231582,-1.1357828043328224,4.961271524429321
1780877255.8139036,4.954410836602173,2.9742147396302365,0.21812395489859623,-1.135133312561198,4.984055280685425
1780877255.8345392,4.9538622797918865,2.972942707601911,0.21729923378217816,-1.1351780503550342,5.004690885543823
1780877255.8591197,4.953165431488135,2.9717066423670313,0.217624649937811,-1.1354307985322398,5.029271364212036
1780877255.8817537,4.9522791525367955,2.970531229566223,0.21882600149518536,-1.1359420860722977,5.051905393600464
1780877255.9021406,4.951089978065217,2.969517320527664,0.21864202709724895,-1.1369207826216141,5.072292327880859
1780877255.9244769,4.950304910038829,2.9683320222537066,0.21727593466552308,-1.137301778666333,5.094628572463989
1780877255.9474947,4.949649758622397,2.9670534318186434,0.2170472868737213,-1.1374648378169034,5.1176464557647705
1780877255.9697297,4.9491355780609,2.9656764688583017,0.21795301279226673,-1.1373946050055221,5.139881372451782
1780877255.9924667,4.949099352227917,2.964087753450277,0.21805840428125337,-1.1365911421435233,5.162618398666382
1780877256.0127735,4.949107477231391,2.9624603061761965,0.21868284131715504,-1.1356908744321759,5.182925224304199
1780877256.0347965,4.94866143868564,2.961052841310112,0.21848478220632425,-1.1354868106506197,5.20494818687439
1780877256.0553324,4.947754692061017,2.9598705912880785,0.21739692484795778,-1.1360131932572561,5.225484132766724
1780877256.0772853,4.946738418776528,2.9587074630434893,0.21747178540530107,-1.1366925525418923,5.247437000274658
1780877256.098981,4.945840291769321,2.9574606975049327,0.21857804024519084,-1.1371681899519746,5.269132614135742
1780877256.1196177,4.945430558413051,2.956002866735762,0.21869411082839563,-1.136878320109409,5.289769411087036
1780877256.1421604,4.945453065019889,2.9543568275363357,0.21792968473654245,-1.1358998730681513,5.312312126159668
1780877256.1641963,4.9452617212917485,2.9528062443211107,0.2169940394304308,-1.1352496955674294,5.33434796333313
1780877256.190202,4.944825796037642,2.9513480944135853,0.21667873347186417,-1.1349691887869313,5.360353708267212
1780877256.2153583,4.94413447553891,2.949990281964667,0.21695913214542195,-1.135084050378429,5.385509967803955
1780877256.2387707,4.943141614509452,2.9487625432555946,0.2174855049962652,-1.1356774708205117,5.408922433853149
1780877256.260228,4.94196134979215,2.94761126552963,0.21827166212063584,-1.1365719047703196,5.430379629135132
1780877256.28042,4.9410781087489095,2.9463466766895547,0.21773258353295852,-1.1370015842788357,5.450571775436401
1780877256.302419,4.940608109012504,2.944896672280046,0.216660631634591,-1.1367497782707123,5.4725706577301025
1780877256.324937,4.940170600188566,2.9433928867280996,0.21712046689716658,-1.1364093222037828,5.495088815689087
1780877256.3450978,4.939782156128314,2.9418406958845784,0.21856478835199206,-1.1359708019629036,5.515249490737915
1780877256.3692737,4.93939778000103,2.940341837894764,0.21729489705287347,-1.1355530752285476,5.539425373077393
1780877256.390016,4.938866933416129,2.938899457130777,0.21634553509673954,-1.1353659976831678,5.5601677894592285
1780877256.4139879,4.938303584549957,2.937428925055351,0.21713548259514834,-1.135199508425381,5.584139585494995
1780877256.4388447,4.937481062000083,2.9360682094751787,0.21826154204451417,-1.135449380658065,5.608996391296387
1780877256.4600413,4.936475878946272,2.9348370419967016,0.21719249278821426,-1.1360480244280615,5.630192995071411
1780877256.4814265,4.935508963116467,2.933572539424704,0.21669781876091831,-1.1365666189079775,5.651578187942505
1780877256.506273,4.9347564870126295,2.9321878455875483,0.2168544815593577,-1.1367087515933845,5.676424741744995
1780877256.524057,4.934424183055173,2.9306154750590903,0.21654918481800417,-1.1361344061740013,5.69420862197876
1780877256.5512397,4.933459885538559,2.929307868542933,0.21754286259969102,-1.1354236403528009,5.721391439437866
1780877256.5716598,4.93226595033407,2.9281346755277933,0.2179786617470368,-1.1340367965538025,5.741811513900757
1780877256.593099,4.931608441955298,2.926750993850989,0.21737879651244196,-1.131799903016236,5.763250827789307
1780877256.6159976,4.931464628977931,2.9251619321432143,0.21590090628588676,-1.1287453502486056,5.786149263381958
1780877256.6358953,4.931471657974932,2.9234953973365876,0.2155175096349895,-1.1254858216907135,5.806046962738037
1780877256.6579382,4.931616817925844,2.9217448978904166,0.21679692034322695,-1.1223347702961566,5.828089952468872
1780877256.678068,4.9313511998051895,2.9202207162800344,0.21768652482936338,-1.119944002851597,5.848219633102417
1780877256.7006865,4.9305758949597305,2.91898256245049,0.21757679520297682,-1.118491028172818,5.870838165283203
1780877256.7220323,4.929298215612308,2.9180246679617117,0.21647653680623033,-1.1179623367376545,5.892184019088745
1780877256.742438,4.927875123734321,2.9171453697644054,0.2156993292045056,-1.1179241980195331,5.91258978843689
1780877256.765321,4.926632013585191,2.916154311621973,0.21663136546220635,-1.117851924200406,5.935472726821899
1780877256.785482,4.925778492065177,2.9149933765198655,0.21736471344968644,-1.117135750498028,5.955633640289307
1780877256.8092093,4.925457082490091,2.913610793603321,0.2170784766266755,-1.1155352598891106,5.979361057281494
1780877256.8313708,4.925567914722753,2.9120446052230116,0.2162223745200475,-1.113212899557694,6.001522541046143
1780877256.8536084,4.926189041697345,2.9102129894655873,0.21664157628119304,-1.110901000917599,6.023760080337524
1780877256.8767438,4.926450871560476,2.9085828669472122,0.21662227667177128,-1.109369627189864,6.046895503997803
1780877256.8967023,4.9261699952923,2.907253772123264,0.2157628685884816,-1.1088082443558962,6.066854000091553
1780877256.919138,4.9253346995243685,2.906226804310417,0.21417899373409097,-1.1092356736666145,6.089289665222168
1780877256.9432356,4.924173835793873,2.905358873899729,0.21325586441334213,-1.1102441706307093,6.1133873462677
1780877256.964303,4.922950897790835,2.9044883017844225,0.2144551876139138,-1.1113462782517605,6.134454727172852
1780877256.9878683,4.921701375439169,2.9036121661733985,0.21754550650130602,-1.1124824352314522,6.15802001953125
1780877257.008102,4.920545693138076,2.9027380200731407,0.2196885064388806,-1.1134863981339573,6.178253650665283
1780877257.0299692,4.919540378268871,2.901882581508476,0.21849464367787425,-1.1143009560412822,6.20012092590332
1780877257.0527763,4.919031748898905,2.900817134186284,0.21609663026008366,-1.114279891208672,6.222928047180176
1780877257.0731435,4.918927396610329,2.8995582342664545,0.21361278963985253,-1.1135526135318825,6.243295192718506
1780877257.097822,4.918865229888623,2.8982412046193686,0.21314886916527948,-1.112718802792692,6.2679736614227295
1780877257.118678,4.918812259304083,2.896886251623286,0.21482302515260532,-1.1118446475612442,6.288829803466797
1780877257.1443124,4.9187877297319735,2.8955019184815187,0.21826246215978384,-1.1109890182394695,6.314464092254639
1780877257.1670742,4.918791085270234,2.894156469567312,0.2198667238513326,-1.1102874415219728,6.337225914001465
1780877257.189735,4.918712615473063,2.8929228302919423,0.2181281708565407,-1.1097602280275836,6.359886646270752
1780877257.2118766,4.918159914112442,2.8919356543966757,0.21523513256711557,-1.1100498618553538,6.382028341293335
1780877257.2379217,4.917370721560586,2.891029458027515,0.21328043582363784,-1.1107254108511508,6.408073425292969
1780877257.256512,4.916676029097275,2.890019239977538,0.21348932825383166,-1.1114455583605096,6.426663637161255
1780877257.2794068,4.9159383132893675,2.8889824089592464,0.21578495522847033,-1.1121894688653189,6.44955849647522
1780877257.2996054,4.915159922395405,2.887950160533724,0.21916358295058738,-1.1129753178207302,6.469757080078125
1780877257.3239024,4.914386925490952,2.886989191692406,0.21935876163260873,-1.1137860557855013,6.494054079055786
1780877257.34633,4.913756681522082,2.886018659473962,0.2163848607146121,-1.114392816806026,6.516481637954712
1780877257.3679023,4.913275600137807,2.8849409181415324,0.21418151987337317,-1.1147115106528789,6.5380539894104
1780877257.3910708,4.912797057377237,2.883805150231967,0.21404120927602913,-1.1149709327195527,6.561222553253174
1780877257.4123375,4.912323906030961,2.882617379278796,0.21594066359338762,-1.1151718327379752,6.582489252090454
1780877257.4352982,4.911976058028704,2.881348042347554,0.21892767104940727,-1.1151372204839824,6.605449914932251
1780877257.457915,4.911815464054573,2.880046835961164,0.21918044079754478,-1.1148181814829892,6.628066778182983
1780877257.4785478,4.911646059772571,2.8788078384383633,0.21635543448191805,-1.1145380468906607,6.648699522018433
1780877257.500117,4.911421672798831,2.8775538654666515,0.21473557431362925,-1.114308845411074,6.670268774032593
1780877257.5205579,4.911149016298,2.8762696752659673,0.2151100915587184,-1.1141133636181162,6.690709590911865
1780877257.5458508,4.910796097077005,2.874981941070171,0.21724340837836795,-1.1140134646088313,6.716002464294434
1780877257.5684998,4.91003361824543,2.8739038004573256,0.21895033000515018,-1.1145814668375817,6.738651514053345
1780877257.5892234,4.908943837386003,2.873022856751143,0.21869023586805003,-1.1157003201425026,6.759375095367432
1780877257.611959,4.907887052715247,2.872160290734323,0.21641741113804103,-1.1167743720216068,6.782110691070557
1780877257.633892,4.906845047643741,2.87124158653093,0.2158327918654921,-1.1177772894368854,6.804043769836426
1780877257.6569307,4.905941799749236,2.870216721471843,0.2165755743394657,-1.1185197326628593,6.827082395553589
1780877257.6795382,4.905557340784203,2.8689457122201008,0.2166314408123731,-1.1184140963984475,6.849689960479736
1780877257.699906,4.9056259532997295,2.867455339742456,0.2162544371153612,-1.1175619238514316,6.870057821273804
1780877257.7225637,4.905741953904403,2.8659005364878856,0.2174341020945768,-1.1165912836167569,6.8927154541015625
1780877257.7430081,4.9057220463085,2.8643885594472716,0.21947386255370388,-1.1158142130770639,6.9131598472595215
1780877257.7679646,4.905469600957606,2.863034448509638,0.21916503967610887,-1.115427381246226,6.9381163120269775
1780877257.7917588,4.904752314671012,2.8619243445547684,0.2175680056129268,-1.1157742485476092,6.9619104862213135
1780877257.8122096,4.903736964216229,2.860943648792128,0.2161600753944359,-1.1165764862927325,6.982361316680908
1780877257.8375235,4.902700003195777,2.8599229193640774,0.21660107292200606,-1.1173686722342504,7.0076751708984375
1780877257.8597395,4.901726447661961,2.8588332200154203,0.21849925385485297,-1.1180257829378424,7.0298912525177
1780877257.881377,4.9012042428736144,2.857534169853287,0.21965876095365183,-1.1179734143861721,7.051528692245483
1780877257.90361,4.901048665327115,2.856086526553944,0.21891394487049926,-1.1173558938163874,7.073761701583862
1780877257.9243994,4.901098957232761,2.8545485447702235,0.21713784450202875,-1.1164129554790434,7.094551086425781
1780877257.9491816,4.901118827855403,2.8529763636906926,0.21704644070822884,-1.1154781109952214,7.119333267211914
1780877257.9726577,4.90084494651936,2.851524725690132,0.21744531076253376,-1.114967284240091,7.1428093910217285
1780877257.992068,4.900033891383862,2.8503444094423114,0.21692967861165172,-1.1152699544947904,7.162219762802124
1780877258.0134864,4.898948646151952,2.8492778452752976,0.21694831648045412,-1.115972021111804,7.183638095855713
1780877258.0338957,4.8978265325763335,2.8481836365297277,0.21872797331453703,-1.1166898472293836,7.204047441482544
1780877258.0575795,4.896713325605781,2.847093414987602,0.21973920040354566,-1.1173894350267521,7.227731227874756
1780877258.0792828,4.895913639654941,2.845889442295062,0.21845837154428563,-1.1176355728904221,7.249434471130371
1780877258.0998445,4.895526314992196,2.844479895397673,0.21670450913559552,-1.1172481186071925,7.269996166229248
1780877258.1230774,4.895171809479421,2.8430056939344412,0.21662369842046283,-1.116768681704389,7.293229103088379
1780877258.1434758,4.894810578347781,2.841486493551169,0.2183803990862598,-1.1162654991964542,7.313627481460571
1780877258.1728134,4.8944118879125895,2.839975734541216,0.22028685704324238,-1.1158077382545128,7.342965126037598
1780877258.1965373,4.893961274546532,2.8385503296302934,0.21881860480586668,-1.1154471048601708,7.366688966751099
1780877258.2172952,4.89324091043305,2.8372519544051387,0.21687077968502938,-1.1154676466378461,7.387446880340576
1780877258.2416499,4.892481535134964,2.8359200773703552,0.21674867546023846,-1.1155072172858929,7.41180157661438
1780877258.2627432,4.891697643839561,2.834551553044846,0.21847420071490717,-1.1155473320604816,7.432894945144653
1780877258.2862866,4.890888669654093,2.83318284558752,0.22045950381481594,-1.1156040373603324,7.456438302993774
1780877258.3077607,4.890119076042064,2.8318569577394044,0.2188971701039485,-1.1156299687404556,7.477912425994873
1780877258.3283613,4.8894560495547745,2.8304704244637837,0.21701883249390053,-1.115486456398183,7.4985129833221436
1780877258.3497558,4.888786484521036,2.8290332865290164,0.21700870734394334,-1.1153165035632613,7.519907474517822
1780877258.3702576,4.888110022504075,2.827551189633306,0.21883178797817793,-1.1151201132362325,7.540409326553345
1780877258.391135,4.887554491257011,2.826003477906998,0.22054507854383068,-1.1147416095954505,7.561286687850952
1780877258.4138086,4.887052237293654,2.8244888043314718,0.21877398332290618,-1.114310441744637,7.583960294723511
1780877258.433857,4.886535917106866,2.822959816240322,0.21727542505441189,-1.113877063102306,7.604008674621582
1780877258.455066,4.885989648957378,2.821392930361345,0.2176241308508593,-1.1134516415269435,7.62521767616272
1780877258.4750493,4.88537098452858,2.8198184938604633,0.21954555798438616,-1.113092502818147,7.645200967788696
1780877258.4958165,4.884415389976585,2.818419621929526,0.2204750998815726,-1.1131910022792195,7.665968179702759
1780877258.5199192,4.883400377888047,2.817093867546711,0.21859816865991935,-1.1133848342543158,7.690070867538452
1780877258.5406058,4.8823584022408495,2.8157442450647827,0.21781160225773433,-1.1135868284508517,7.710757493972778
1780877258.5636349,4.8813309621017575,2.8143384751352296,0.2187629727578573,-1.1137341725393393,7.733786582946777
1780877258.5834663,4.880659584743247,2.8127466931029486,0.21960764263729973,-1.113387853424478,7.753618001937866
1780877258.6061873,4.880497625686289,2.8109122370882864,0.21937759699087228,-1.1123513402813416,7.776339054107666
1780877258.6278138,4.880467390838911,2.8089962936052895,0.21928637241893847,-1.1111132200641136,7.7979655265808105
1780877258.6480045,4.879979984987394,2.807304360180185,0.21851148690238964,-1.1104742301388755,7.8181562423706055
1780877258.6709425,4.8791518843530035,2.8057656530613646,0.21782534582610105,-1.1102771617491176,7.841094255447388
1780877258.6947715,4.878262578070912,2.8042083323487206,0.2188979325586077,-1.1101282918935556,7.8649232387542725
1780877258.7129662,4.87703397637156,2.802806874676729,0.21996024605611608,-1.1104072791577249,7.883117914199829
1780877258.735461,4.875611585229231,2.8015177670973213,0.21957022317255065,-1.1109485750575017,7.9056127071380615
1780877258.755219,4.874626849797007,2.8000162844609493,0.21825251115083874,-1.1109068615160598,7.925370693206787
1780877258.7767518,4.873736192043805,2.798427341841489,0.21826420196021606,-1.1107070278957898,7.946903467178345
1780877258.800462,4.87302191318376,2.7967175383470018,0.2192201599201024,-1.1102537479577452,7.970613718032837
1780877258.8200748,4.8727952131571595,2.794769419553882,0.21931303074316236,-1.1091615995625412,7.99022650718689
1780877258.842572,4.872635656058965,2.792761279384756,0.2200686962695631,-1.1079579698361668,8.012723684310913
1780877258.863179,4.872046786448817,2.790965916505444,0.22014544283155407,-1.107302117749228,8.03333067893982
1780877258.886375,4.870953940749713,2.789428727437654,0.21914611843671952,-1.1072913106347082,8.05652666091919
1780877258.9103794,4.869637769091872,2.787979088145104,0.21868146923075932,-1.1075527579917943,8.080531120300293
1780877258.9306955,4.8683418641110086,2.7864745021798067,0.2197815090505709,-1.1077585216719186,8.100847244262695
1780877258.9551983,4.867450516994556,2.7847640869862564,0.22040284225259943,-1.107441966938226,8.125349998474121
1780877258.975228,4.86706456414732,2.782808630836766,0.21991130536675307,-1.1064782444572074,8.145379781723022
1780877258.996901,4.866934084668703,2.780711042136828,0.2194316474778898,-1.1051688933562356,8.167052745819092
1780877259.019686,4.866439622729172,2.778782405884238,0.2188180436770066,-1.1043030092647461,8.18983769416809
1780877259.039219,4.865581175689722,2.7770237182274085,0.2181792971617384,-1.1038885524231459,8.209370613098145
1780877259.0602272,4.864620627486065,2.7752714452501808,0.21910831171835182,-1.1035726988874286,8.230378866195679
1780877259.0810487,4.863232935948091,2.7737303965969557,0.21957400083414613,-1.1037843648415473,8.251200437545776
1780877259.103004,4.861699751663842,2.772244534528031,0.22037051541969024,-1.104170485108238,8.273155689239502
1780877259.1253836,4.860593382432488,2.7705435199953636,0.2204705427321776,-1.1040154851655792,8.295535326004028
1780877259.145646,4.859995578608319,2.7685930680115276,0.21946983411867327,-1.1032210471356696,8.315797805786133
1780877259.1679537,4.859623581921204,2.7665073229259494,0.2188597140457866,-1.1021219684246155,8.33810544013977
1780877259.188556,4.859192216839558,2.7644063940545665,0.21981467994062745,-1.1010671901329574,8.358707666397095
1780877259.2115183,4.858351604404929,2.762508524375851,0.22030902784682482,-1.1005138432256412,8.381669998168945
1780877259.2339659,4.857008056499982,2.760873827372541,0.2197168241995501,-1.1005871193321757,8.404117584228516
1780877259.2539773,4.855432221457182,2.759338492463872,0.21947418730239449,-1.1009438333456791,8.424129009246826
1780877259.2781184,4.854110575163084,2.757652084488071,0.21959719071390543,-1.1009715026917988,8.448270082473755
1780877259.3004615,4.853304669826385,2.7557091992671015,0.21874930125774392,-1.1003521027545555,8.470613241195679
1780877259.3235219,4.8526760856945845,2.75364699609354,0.2187431535628503,-1.09948570537408,8.49367356300354
1780877259.345795,4.852052183293993,2.751537388593615,0.2204110501691828,-1.0985838673026733,8.515946626663208
1780877259.365815,4.851519383399133,2.7493980607621067,0.220558942391299,-1.097569128142076,8.535966634750366
1780877259.3873734,4.850722980751199,2.747418884176633,0.2187995131402003,-1.096887302465877,8.557525157928467
1780877259.4129455,4.8498119303885385,2.745458702625198,0.21835284663456392,-1.0963265327964598,8.583097219467163
1780877259.4321778,4.848849748352713,2.7434781250756153,0.21964759639848458,-1.095801159332857,8.60232949256897
1780877259.4565043,4.847540141957438,2.7416684706665935,0.2207669086735756,-1.095697880434908,8.62665605545044
1780877259.4771767,4.846106449960868,2.739955642167759,0.2195855805827083,-1.095767978052757,8.64732837677002
1780877259.4994283,4.844791584780544,2.7381618119202082,0.21883483491841332,-1.095673642821863,8.669579982757568
1780877259.5238833,4.84361049393846,2.7362635618243676,0.219197393730861,-1.0953912391639653,8.694035053253174
1780877259.5449104,4.842905668655539,2.734121405930644,0.21886014838071713,-1.0945129914290663,8.715062141418457
1780877259.5687404,4.842318382430193,2.7318858764077425,0.21962877392444433,-1.0934650868805127,8.738892078399658
1780877259.588872,4.841742401528364,2.7296238612152957,0.2208396397187568,-1.0923876014797869,8.759023666381836
1780877259.6113114,4.840965887232791,2.727501799407991,0.21966780896489918,-1.0915701118871612,8.781463146209717
1780877259.6371164,4.83987145729599,2.7255329297160005,0.21849283112407147,-1.0911452596714852,8.807268142700195
1780877259.6583917,4.838737691534373,2.723538138600636,0.2190693665379973,-1.0907426712635377,8.828543424606323
1780877259.6819992,4.837508354165864,2.721560640121903,0.2207848747785699,-1.0904380676727992,8.852150917053223
1780877259.7027614,4.836224360943288,2.7196540724715397,0.21980884432741676,-1.09022318559493,8.872913122177124
1780877259.7246985,4.835065897983049,2.7176773027528043,0.21857184777082322,-1.0898410930050493,8.894850254058838
1780877259.7471929,4.833905747970355,2.715655047435196,0.21909077152118756,-1.0894333431302936,8.917344570159912
1780877259.7685325,4.832926653210081,2.713513119147661,0.22035318475885957,-1.088782041938531,8.938684225082397
1780877259.7922618,4.832352720110123,2.711178795283877,0.22008054538533678,-1.087617962074777,8.962413549423218
1780877259.8159103,4.831740061790987,2.7088680969263943,0.21918231884878228,-1.086497654705758,8.986062049865723
1780877259.8413124,4.830876639705821,2.706665872902674,0.2188098492838414,-1.0856766352364127,9.01146411895752
1780877259.8637319,4.829766682332168,2.7045731361085483,0.2190066965492903,-1.0851582199933327,9.033883571624756
1780877259.8855484,4.828351426733548,2.7026265430520957,0.21941238760109455,-1.0850185837501716,9.055700063705444
1780877259.9078493,4.8268007929252095,2.7007308844709947,0.2204543939804447,-1.0850450379706178,9.078001022338867
1780877259.9281914,4.825505904546018,2.6987167957833353,0.22018444645207674,-1.0847498124054735,9.098343133926392
1780877259.9530478,4.824646982268221,2.6964802068843325,0.21906410095932058,-1.0838915941956806,9.123199462890625
1780877259.9749377,4.823840823154417,2.6941802275225974,0.2192449283768733,-1.0829385392429467,9.145089387893677
1780877259.9954388,4.822916328093547,2.6919120687677136,0.22051473372605548,-1.0821164749380352,9.165590524673462
1780877260.019186,4.821725631052515,2.6898154626744852,0.2198171776973798,-1.0816554904189486,9.189337730407715
1780877260.0390975,4.820346948672841,2.687815616357723,0.21893187361412944,-1.0814382557621656,9.209249258041382
1780877260.063698,4.818971971423614,2.685772517622755,0.21964596576113946,-1.0811901757125337,9.23384976387024
1780877260.0861886,4.817953941457805,2.683536405419707,0.22006192879059316,-1.0804690690088528,9.256340265274048
1780877260.1070786,4.817366746543095,2.681079472614907,0.21963749897484255,-1.0791745919666096,9.277230262756348
1780877260.1291432,4.816546597903282,2.6787440112924688,0.21890483452543025,-1.0781764697109164,9.29929494857788
1780877260.154078,4.8155154138313785,2.6765016715818217,0.2188197915426588,-1.0774514302711595,9.324229717254639
1780877260.1736193,4.814214232086059,2.674386998708864,0.219130535172269,-1.0770715554597672,9.343770980834961
1780877260.1972187,4.812647001838547,2.6724059573055503,0.2196600608992839,-1.0770467681400673,9.367370367050171
1780877260.2171326,4.811228525968767,2.670336063701679,0.22024315160194466,-1.0768178168273401,9.387284278869629
1780877260.2407832,4.810245442912694,2.6680552961922612,0.21934243633693679,-1.076010165253939,9.410934925079346
1780877260.2626834,4.809455699990355,2.665654456435272,0.21890577582786594,-1.0749202105473055,9.432835102081299
1780877260.281966,4.808557067720315,2.6632801132339665,0.2196594712783112,-1.0739537562924686,9.452117681503296
1780877260.304584,4.807207808637909,2.661161090552746,0.21953760345720347,-1.0736056795365005,9.474735736846924
1780877260.324349,4.805565383455515,2.659198204656324,0.2193270755467498,-1.0736628293031818,9.494500637054443
1780877260.3455763,4.804212257764061,2.657069950615749,0.21914719794435217,-1.073318540702827,9.515727996826172
1780877260.3677986,4.803245442043124,2.6547358534315753,0.2185253778786888,-1.0724340045792817,9.537950277328491
1780877260.3892076,4.802297278484143,2.652354648269561,0.21943546410241435,-1.0714958496680018,9.559359312057495
1780877260.4132535,4.801410263587325,2.649945917055696,0.21973179689044356,-1.070472064495001,9.583405256271362
1780877260.434535,4.8003081176552005,2.6476821781478845,0.218543210716418,-1.0697604821954663,9.604686737060547
1780877260.4610555,4.799144876754586,2.645415590513768,0.21883848874000528,-1.0691085161543348,9.63120722770691
1780877260.4830859,4.797821190507113,2.6432158221764372,0.2198884940599543,-1.0686654117248038,9.653237581253052
1780877260.5050066,4.796393727537751,2.6411134441078836,0.21880622989519988,-1.0683950224294563,9.675158262252808
1780877260.5262194,4.794987958057804,2.6389744200812917,0.21874019639142656,-1.0680764338925353,9.696371078491211
1780877260.548678,4.793831230267901,2.6366847212026996,0.21902417059597262,-1.0673993025203368,9.71882963180542
1780877260.570693,4.793037705525178,2.6341997031199806,0.218930891911914,-1.0661981095165514,9.7408447265625
1780877260.5940216,4.792132691210658,2.6317533243281797,0.21970296811933906,-1.0651348300226635,9.76417326927185
1780877260.6168733,4.790773043429406,2.6295758221868972,0.2194529123188094,-1.0647354863825695,9.787024974822998
1780877260.6430402,4.789127259211508,2.627560845281958,0.21887533254249866,-1.0647585513005868,9.813191890716553
1780877260.6631296,4.787792908778351,2.625371329423188,0.21818732382146835,-1.0643265979522432,9.83328127861023
1780877260.6863081,4.786578635809789,2.62308902686309,0.2185654073069533,-1.0636983239191191,9.856459856033325
1780877260.7091718,4.785718777416805,2.6206114454766696,0.21870567300752342,-1.0625471541375733,9.879323482513428
1780877260.729694,4.78489404915898,2.6180953198297456,0.21957800537001318,-1.061325379873446,9.899845600128174
1780877260.7528415,4.783805388261208,2.615758746808724,0.218817385531367,-1.0605053067877166,9.922993183135986
1780877260.774865,4.7824374858842384,2.6135748496341136,0.21813281100631765,-1.0601004325403602,9.945016622543335
1780877260.7982557,4.781047784377043,2.6113654665173587,0.21910136034132313,-1.0597026122990223,9.968407392501831
1780877260.8198168,4.779742192691546,2.6091238526820657,0.2191961886943027,-1.0591874716517693,9.989968538284302
1780877260.840379,4.7786255968223506,2.606802478715394,0.21807559993134962,-1.0584025620209596,10.010530710220337
1780877260.8663976,4.777505864961981,2.6044458174457685,0.21855448805227162,-1.0575958289659044,10.03654932975769
1780877260.891743,4.776331300676149,2.6021081271915807,0.21945328453773016,-1.0568607437645534,10.061894655227661
1780877260.9098353,4.775099587686117,2.5998496156838797,0.21817269781666418,-1.056239795924982,10.079987049102783
1780877260.932265,4.77383150565043,2.5975799265314032,0.21828512889107862,-1.0556515515951217,10.102416753768921
1780877260.954237,4.772577170055491,2.5952788402252653,0.2193823246874797,-1.055025673779388,10.124388694763184
1780877260.9785752,4.7713953527051745,2.592984453154861,0.21825580105244588,-1.054316930889902,10.14872694015503
1780877261.0030859,4.770221053452168,2.590660419701986,0.21826559885211655,-1.0535759292901976,10.173237562179565
1780877261.022183,4.769000472481045,2.58833802869326,0.21930890667923275,-1.0528863622185494,10.192334651947021
1780877261.0452569,4.767732545996927,2.586089127842291,0.21820944785381907,-1.052298562070416,10.215408563613892
1780877261.0657747,4.766435003337114,2.5838322324633047,0.21824201590496495,-1.0517378238549164,10.235926389694214
1780877261.0880523,4.765200448762448,2.581517240462571,0.2191954876365884,-1.0510619766385152,10.258203983306885
1780877261.1093411,4.76411751594205,2.5791591825730067,0.21816471722034428,-1.0501741659327273,10.279492855072021
1780877261.1306157,4.7630520730120764,2.5767643811878735,0.21834646637769659,-1.0492360471994076,10.300767421722412
1780877261.1520252,4.761735327680371,2.5745051233346445,0.21882927113030554,-1.0486704761899666,10.322176933288574
1780877261.1725967,4.760147022856586,2.57242375455699,0.21832582496379407,-1.0485526230253157,10.342748403549194
1780877261.1953323,4.75875699018241,2.5702237410033217,0.21806420386000683,-1.0481146919616018,10.36548399925232
1780877261.216907,4.757630317565619,2.567865604350275,0.2180236410494521,-1.0472513532106693,10.387058734893799
1780877261.2371557,4.756669412749754,2.565396069659329,0.21867095936008882,-1.046109681803593,10.407307386398315
1780877261.2601473,4.755723767387862,2.5629369545208838,0.21843056041148853,-1.0449441856166688,10.430299043655396
1780877261.2807174,4.754427831841064,2.560690411579972,0.21779992556314012,-1.0443482830706028,10.450869083404541
1780877261.3045757,4.753079240039309,2.558442141233124,0.21863122761591128,-1.043812612985914,10.474727392196655
1780877261.3290806,4.751621212268028,2.5562827751547794,0.21828700595887388,-1.0434707693530232,10.499232292175293
1780877261.3518765,4.750251983157993,2.5540737468497188,0.21798917086145564,-1.042979367921483,10.52202820777893
1780877261.3741813,4.74907244409123,2.551739357350643,0.21826339016413474,-1.0421698289666539,10.54433298110962
1780877261.3945644,4.74815026333387,2.5492560878938555,0.21854950736389475,-1.0409338084987283,10.564716100692749
1780877261.4168487,4.74690906788724,2.5469639746360584,0.21858892955939413,-1.0402132961391106,10.587000370025635
1780877261.4388402,4.74535197403677,2.5448669610306185,0.2182694061862521,-1.040019768676813,10.608991861343384
1780877261.4604387,4.7440726276049805,2.54260728220634,0.21789308485248537,-1.0393768843217668,10.630590438842773
1780877261.4827054,4.742921142960483,2.540254766789717,0.21837506909065618,-1.038504536421812,10.652857065200806
1780877261.5031204,4.7419360232992975,2.5378165146616576,0.21825159170802041,-1.0373623496224957,10.673272132873535
1780877261.5251305,4.740819714912964,2.535459411341447,0.21809121664598294,-1.03643592287733,10.695282220840454
1780877261.547905,4.73943811338057,2.5332546828995417,0.2180951383672948,-1.035937148247263,10.718056678771973
1780877261.5681417,4.737965848234601,2.5310938201222584,0.21856007269132416,-1.0355810040923328,10.738293409347534
1780877261.590005,4.736724703003028,2.528823735288645,0.21788193778622827,-1.0348611699701311,10.760156631469727
1780877261.6144028,4.735528554601077,2.5264993908296765,0.21847412719665169,-1.0340408026067687,10.784554481506348
1780877261.6350944,4.734389824591134,2.52416314971692,0.21803635660819648,-1.0331368995259584,10.805246114730835
1780877261.6613188,4.733209679907465,2.5218429739359065,0.218120077974033,-1.0322859347991562,10.831470489501953
1780877261.6813257,4.731841450868716,2.519627645659138,0.21846542117276121,-1.031737210111546,10.85147738456726
1780877261.7044322,4.73036126482125,2.517501135497631,0.21801595476518232,-1.0313919992030223,10.874583959579468
1780877261.7287285,4.72911985306389,2.515224476404293,0.21782975378706115,-1.03064347804975,10.898880243301392
1780877261.7485108,4.728024207043279,2.512845325517225,0.21838757424290944,-1.0296343531247971,10.918662548065186
1780877261.7720642,4.726977094133042,2.510458315027642,0.21799425188651148,-1.0285521859436435,10.942215919494629
1780877261.792214,4.725767317494157,2.508160158459109,0.2181010014216221,-1.0277349812891572,10.962365627288818
1780877261.8150923,4.7242852024956115,2.506025525360922,0.21825981214802137,-1.0273705737470964,10.985244035720825
1780877261.8386967,4.722983232806047,2.5037831760059928,0.2183724051877251,-1.0267092133820133,11.008848428726196
1780877261.8599558,4.721973373235679,2.501372947884873,0.21818036365640228,-1.025553484036236,11.030107498168945
1780877261.8821692,4.720685573853548,2.499132565505398,0.21792793247364975,-1.024861258719227,11.052320957183838
1780877261.9021242,4.719269441082046,2.4969532287028238,0.21843650815950008,-1.0243710148199492,11.072275876998901
1780877261.9240732,4.717875269479629,2.4947849696044284,0.21796901096328827,-1.0238617813973532,11.09422492980957
1780877261.9488454,4.7166620272823625,2.4924942797534335,0.2180384203890758,-1.023036719930439,11.11899709701538
1780877261.9691188,4.7156043446787175,2.490103028051168,0.2183686385389897,-1.02193869567735,11.139270544052124
1780877261.9935868,4.714347485172666,2.4878522297877796,0.21794860258788962,-1.0211855243453423,11.163738489151001
1780877262.0139291,4.712995323485497,2.4856380123878195,0.21848181756608318,-1.0205747384919222,11.184080839157104
1780877262.0388603,4.711617835055083,2.483465173240509,0.21796226101450816,-1.0200241989848884,11.209012031555176
1780877262.0627782,4.710373578046617,2.481193652469765,0.2181646371982849,-1.0192336546995637,11.232929944992065
1780877262.0830348,4.709317450224401,2.478806668265223,0.21841702099090912,-1.0181150724980945,11.253186464309692
1780877262.104954,4.707911578541691,2.476646638292275,0.21817442504743398,-1.0175919087171534,11.275105714797974
1780877262.1258123,4.706548949937784,2.4744569656093307,0.21806641967610305,-1.0169979146940977,11.295964002609253
1780877262.148049,4.705381244470988,2.4721387684354186,0.21837252413166458,-1.0160595507614185,11.318200826644897
1780877262.1704297,4.70427383652494,2.4697974139679033,0.2180100562089245,-1.0150226830757068,11.34058141708374
1780877262.1916764,4.703035496646346,2.467525019553956,0.21824861232127293,-1.0141946088334541,11.361828088760376
1780877262.2162669,4.701519663269006,2.465428106117019,0.2183611789220581,-1.0138350165797894,11.386418581008911
1780877262.2362092,4.700270318300559,2.463174506075933,0.218061753883803,-1.013034200466552,11.406360864639282
1780877262.2582211,4.699140768040874,2.4608311394089317,0.21848154082614504,-1.0120100927766882,11.428372859954834
1780877262.2791212,4.697834113392682,2.458614873794975,0.21812556230365712,-1.0112928360511035,11.449272871017456
1780877262.2997525,4.6964423540982425,2.4564393600871735,0.2184028505742619,-1.0107094784206634,11.46990418434143
1780877262.324164,4.695311968752619,2.4541076377439417,0.21827446721912175,-1.0096894470352296,11.49431562423706
1780877262.3482413,4.694165447889121,2.4517884961174805,0.21807131376062078,-1.0086833587565316,11.51839303970337
1780877262.368812,4.692807316286995,2.4495924275029948,0.218295806961167,-1.008019245062675,11.538963794708252
1780877262.3921328,4.691349606440779,2.447457831746446,0.21857578637999642,-1.0075242222440774,11.562284469604492
1780877262.4131608,4.690253418901107,2.4451075997929967,0.2183042271412054,-1.0064264821795166,11.583312511444092
1780877262.43915,4.688998573541187,2.4428539479731755,0.2181436064784688,-1.0055818344927614,11.609301805496216
1780877262.4629662,4.687580486435559,2.4406895673155837,0.218588378159507,-1.0049925069852952,11.633117914199829
1780877262.4823976,4.686226206887544,2.438504343034373,0.21818915713582296,-1.0043116633120683,11.652549266815186
1780877262.505281,4.685015276983719,2.4362104567347034,0.21849517555262044,-1.0033754086177256,11.675432682037354
1780877262.5258503,4.6838789241734196,2.433880612419949,0.21826226021302397,-1.0023121741436327,11.696002006530762
1780877262.5497506,4.68254760764423,2.4316650919108334,0.21849110274575526,-1.0015690135115087,11.719902276992798
1780877262.5709863,4.681089214818027,2.429538258117372,0.21829086864474143,-1.001040931176966,11.741137981414795
1780877262.5912716,4.679728177658824,2.4273428516804043,0.21837130282970854,-1.000345083339993,11.761423349380493
1780877262.6133106,4.6786080691590275,2.4249888551687455,0.21860834474158358,-0.9992399259083604,11.783462285995483
1780877262.6332545,4.677406249149165,2.4226961704919647,0.21832175835566203,-0.9982705032847559,11.803406238555908
1780877262.6569784,4.676055339001044,2.420492857458898,0.21838830615448643,-0.9975408438299511,11.82713007926941
1780877262.679464,4.674688781233748,2.4182943369748933,0.21853278159282277,-0.9968297023016026,11.849615812301636
1780877262.7006426,4.673361477129088,2.4160801077911302,0.2183321631797068,-0.996056990744568,11.870794296264648
1780877262.7228234,4.672117576235703,2.413792926735416,0.21879357806229516,-0.9951307428269818,11.892975091934204
1780877262.7429156,4.670949159723872,2.4114786199301363,0.2183355915054774,-0.9940887718930052,11.91306734085083
1780877262.7644453,4.669619968637487,2.409248455693524,0.21862534210715556,-0.993285386065069,11.93459701538086
1780877262.7870388,4.668087955699123,2.407153512078445,0.21874309166017514,-0.9928211703829128,11.95719051361084
1780877262.8078625,4.6668931413593,2.404845884836102,0.21845327390241193,-0.9918064253599339,11.97801423072815
1780877262.8301435,4.665682417040384,2.4025280575720998,0.21897352616638202,-0.9907940122431587,12.000295162200928
1780877262.850139,4.664234172671711,2.400385399913776,0.21856179692135055,-0.9901787743371129,12.020290613174438
1780877262.8722243,4.662888311555664,2.3981616109141295,0.21863387634453058,-0.9893876455033261,12.042376041412354
1780877262.8951874,4.661728375085621,2.39580850376452,0.21897961427758503,-0.9882794527004464,12.065339088439941
1780877262.915703,4.660386490821098,2.39358916352239,0.218549160019048,-0.9874744118724248,12.085854768753052
1780877262.942966,4.658976027798388,2.39139411926468,0.2189882234877447,-0.9867627605490319,12.113117694854736
1780877262.9670687,4.657772141579151,2.389076293585283,0.2186716978728976,-0.9857177799907966,12.13722038269043
1780877262.98989,4.656514993238454,2.3867810940496117,0.21880311168480288,-0.9847419135811943,12.160041809082031
1780877263.0116324,4.655010240075146,2.384647088037804,0.21899067134582847,-0.9841642949975538,12.18178415298462
1780877263.031982,4.653757955091631,2.3823478973931733,0.2188737598246628,-0.9831835120517987,12.202133655548096
1780877263.0543146,4.652579231904344,2.379998204796618,0.21872356523680012,-0.9820823349497245,12.224466323852539
1780877263.0781782,4.6511859525329,2.3777811253107517,0.2189293414234938,-0.9813181025487929,12.248329877853394
1780877263.0983937,4.649630250396851,2.3756750500934403,0.21882319083147023,-0.9808140758890982,12.268545389175415
1780877263.1206973,4.648228790097016,2.37346302804054,0.2187848831840788,-0.9800581374663269,12.290848970413208
1780877263.1407938,4.647069504612189,2.371080778042951,0.218893995521489,-0.9789063392976174,12.310945510864258
1780877263.1652453,4.645828396129423,2.368743536687567,0.2192917391879678,-0.9778599348075137,12.335397005081177
1780877263.1885061,4.644234509754646,2.3666594445664524,0.21885668173498268,-0.9773858753944848,12.358657836914062
1780877263.2095575,4.642772833605028,2.3644782895747234,0.21864433613213516,-0.9766961171900195,12.379709243774414
1780877263.2331357,4.641517718299048,2.3621439962096855,0.21883602761132506,-0.9756681769580933,12.403287410736084
1780877263.2557638,4.640428489593753,2.3596875671912683,0.21928297462292362,-0.9743619696749493,12.425915479660034
1780877263.277013,4.639095037668719,2.3574156031549567,0.2187440925762208,-0.9734474419080312,12.44716477394104
1780877263.2996655,4.637631778804416,2.3552094343535845,0.219086981239894,-0.972722235270032,12.469817161560059
1780877263.3202515,4.636192482111668,2.352989404135427,0.219054236066007,-0.9719598678560182,12.490403175354004
1780877263.3421972,4.634843954137727,2.350709980527693,0.2188606214564401,-0.9710531663913988,12.512348890304565
1780877263.3630927,4.633523103270019,2.348388822217675,0.2194023983352526,-0.970084797178008,12.533244371414185
1780877263.3840876,4.632219376468014,2.3460789041649655,0.21883602241438083,-0.9691033606178117,12.554239273071289
1780877263.4077652,4.6308397665397525,2.3437880737313495,0.21951779363584945,-0.9682117640418038,12.577916860580444
1780877263.42826,4.6293065492843475,2.341626256164008,0.21895779902974497,-0.9675753091040504,12.598411798477173
1780877263.4512086,4.627821770394351,2.339409674886313,0.21917013457682924,-0.9668444421136537,12.621360301971436
1780877263.471492,4.6266375076441415,2.3369862782755595,0.21917159204337827,-0.9656451021838226,12.641643762588501
1780877263.495139,4.62532874696802,2.334635070768416,0.21953881153531266,-0.9646210677596394,12.665290594100952
1780877263.5173182,4.623733925752883,2.3324967017353284,0.21911600686166308,-0.9640475774034494,12.687469959259033
1780877263.5381916,4.622291690220059,2.3302372753603033,0.2190947063582966,-0.9632319858379197,12.708343267440796
1780877263.5600176,4.621034939430917,2.3278361197709287,0.2194961417752305,-0.9621156393740384,12.730169296264648
1780877263.5804682,4.6197505600345705,2.3254639575005474,0.21916542048871082,-0.9610443583608874,12.750619888305664
1780877263.6036894,4.618340311647942,2.323163199409206,0.21943320620917156,-0.9601536458180098,12.773841142654419
1780877263.6260018,4.616759908968769,2.320984192016011,0.21929197047111432,-0.9595212208690773,12.796153545379639
1780877263.6470995,4.615267871331682,2.31873894519077,0.21916329223361602,-0.9587519832597944,12.817251205444336
1780877263.6710174,4.613970662570925,2.3163429356887235,0.2194268102915228,-0.9576741331604612,12.841169118881226
1780877263.691779,4.612685973280213,2.313936442256015,0.21948795122831297,-0.9565697094408088,12.86193060874939
1780877263.7149785,4.611183682077013,2.3116821415551185,0.2194478475022505,-0.9557948186285734,12.885130167007446
1780877263.7403634,4.609710573111464,2.3094004498974825,0.21938977263984447,-0.9549693899688325,12.910515069961548
1780877263.7605033,4.608305247714386,2.3070616102511314,0.21960633601526805,-0.954025516894319,12.930655002593994
1780877263.784264,4.60689963998072,2.304725075946515,0.21940155687597557,-0.9530821812853336,12.954415798187256
1780877263.809629,4.605457565662576,2.3023970357261327,0.2197756469988064,-0.9521788433098362,12.979780673980713
1780877263.8279436,4.603937667721193,2.3001347865467356,0.21945797483067686,-0.9513988528680128,12.998095273971558
1780877263.8518877,4.602559077382429,2.2977535526491017,0.21966366803992216,-0.950390838123814,13.022039413452148
1780877263.8734612,4.601244287744587,2.295332917748584,0.2193784913269657,-0.9492814804283594,13.043612957000732
1780877263.8965702,4.599723983626588,2.2930442695512245,0.21950673462952042,-0.9484679588954648,13.06672191619873
1780877263.9223332,4.598115374735915,2.29081325982643,0.21960107934733056,-0.9477845958281659,13.092484951019287
1780877263.9428117,4.596648476220334,2.2884781411405495,0.21963445171776974,-0.9468865731106892,13.112963438034058
1780877263.9659772,4.59534106021946,2.286022722441063,0.21957774902003013,-0.9457476982990416,13.136128902435303
1780877263.9863884,4.59390926259074,2.28365281757106,0.21949924832360249,-0.9447868738334666,13.156540155410767
1780877264.0089307,4.592275477684313,2.2814148187206915,0.21978173235827814,-0.9441153909189501,13.17908239364624
1780877264.0323632,4.590794867687299,2.2790722885941057,0.21951631983084888,-0.9432245886042936,13.202514886856079
1780877264.05345,4.589387122681178,2.2766564344582805,0.2199001557621507,-0.942206777330997,13.223601818084717
1780877264.0750153,4.587925855120168,2.2742935620104485,0.21944241219733446,-0.9412763900710264,13.245167016983032
1780877264.096372,4.5863996197468,2.2719494684213037,0.21996064690320308,-0.940420721314748,13.266523599624634
1780877264.118077,4.584832456853233,2.2696554898845878,0.21937380563389616,-0.9396394817534217,13.288228750228882
1780877264.140765,4.583302980050747,2.267301422220543,0.21997983175060423,-0.9387780627503091,13.310916662216187
1780877264.1613095,4.581991054116686,2.2648055465070986,0.21953375382238546,-0.9375965021268153,13.331461191177368
1780877264.1833434,4.5805775695869775,2.2623679361310844,0.21955412759466506,-0.9365487739374503,13.353495121002197
1780877264.2056193,4.5789254785972116,2.260097377262058,0.2197490372392909,-0.9358494869131255,13.375771045684814
1780877264.2280853,4.577273741752513,2.2578255013346715,0.21964924068449385,-0.935150220004179,13.398236989974976
1780877264.2510595,4.575770074599367,2.255440960923645,0.21957121989657963,-0.9342220835326174,13.421211242675781
1780877264.271814,4.574359690344563,2.2529717618942935,0.2198346665560421,-0.9331443965355661,13.441965818405151
1780877264.2958434,4.572958720684454,2.2505060917258715,0.2194917642684051,-0.9320585799270464,13.465995073318481
1780877264.317303,4.571365863987098,2.2481632011216095,0.21969349674830926,-0.9312370311032789,13.487454652786255
1780877264.3413339,4.569608141487034,2.2459374299137123,0.21994629707363356,-0.9306586735064637,13.511485576629639
1780877264.364547,4.568198297481435,2.2434591694769455,0.21962842558048723,-0.929568920359249,13.534698724746704
1780877264.384644,4.566807880619377,2.2409481590766345,0.21988539210959973,-0.9284316196502744,13.554795742034912
1780877264.4079478,4.5650847803182035,2.238691140879073,0.2196696247845756,-0.9277878145914391,13.578099489212036
1780877264.4290626,4.563445238005459,2.2363555838008824,0.21989440636313878,-0.927015487406385,13.599214315414429
1780877264.453249,4.562098131913369,2.233802551926247,0.21982492438161436,-0.9258135538377932,13.623400688171387
1780877264.475417,4.5604948103239495,2.2314376862056426,0.21967156505799584,-0.924981900273234,13.645568609237671
1780877264.495665,4.558822883891254,2.2291075714930617,0.220059795277545,-0.9242447962998672,13.66581678390503
1780877264.5198915,4.557397049013411,2.22660273239174,0.21971222421533665,-0.9231512090111331,13.690043210983276
1780877264.5440114,4.555827958443964,2.2241937043748314,0.21966431022985913,-0.9222543227695015,13.714163064956665
1780877264.563644,4.554118793811645,2.2218758715636246,0.2200661170091621,-0.9215561568860435,13.733795642852783
1780877264.5859554,4.552564307144074,2.2194546183626844,0.2196269901435314,-0.920640227596563,13.756107091903687
1780877264.6060143,4.551033411502422,2.216991062438219,0.2200082054645899,-0.9196698828461449,13.776165962219238
1780877264.630185,4.54944681560466,2.2145836312599374,0.21962223384008392,-0.9187904355642287,13.800336599349976
1780877264.653583,4.547825868045803,2.2121798727005992,0.21993379974511812,-0.9179409723118868,13.823734760284424
1780877264.6726358,4.546221084781549,2.2097749787229937,0.219638213392168,-0.9170745822110318,13.842787504196167
1780877264.6961322,4.5446365081968,2.207335802314584,0.21986274601671416,-0.9161648548367594,13.866283893585205
1780877264.7168536,4.543086606020992,2.204873438388412,0.21982980852838793,-0.9152052285121584,13.88700532913208
1780877264.7403698,4.54141957337244,2.2024958990145302,0.21972933241353282,-0.9144123929511787,13.910521507263184
1780877264.7639213,4.539767803760025,2.200097784265264,0.21984676212897156,-0.9135906813643784,13.934072971343994
1780877264.7852476,4.538289112799109,2.1975627662911275,0.21990023926850394,-0.9125046762963689,13.95539927482605
1780877264.8070135,4.536564034044144,2.1952149020868235,0.21990801537674537,-0.9117840772351462,13.977165222167969
1780877264.8281393,4.535048832499236,2.1927018368413096,0.21978822522820554,-0.9107510455752315,13.998291015625
1780877264.8523467,4.533450786327529,2.1902479700364235,0.2197302220821511,-0.9098332440583023,14.022498369216919
1780877264.8740587,4.531683420488036,2.187914358305537,0.21993696591432044,-0.9091612269186373,14.044210433959961
1780877264.8940823,4.530110012425044,2.1854355522610476,0.21973578901253887,-0.908204958449494,14.064234018325806
1780877264.9169085,4.5284823208307925,2.1829886575461757,0.2197578606022737,-0.9073185103705916,14.08706021308899
1780877264.9371479,4.526769958641658,2.180602036116423,0.21991960729171145,-0.9065574186592702,14.107299566268921
1780877264.9610343,4.525271452362861,2.178051094233018,0.2197248351509105,-0.9054723511101614,14.13118600845337
1780877264.9824393,4.523634023988231,2.175601332306992,0.21969796517832757,-0.9045871481024994,14.152590990066528
1780877265.0024848,4.521839243958116,2.173266098393887,0.2198891537601669,-0.9039359453465816,14.17263650894165
1780877265.0250793,4.5202067313719585,2.170809652762267,0.21967562143962424,-0.9030447887619331,14.195230960845947
1780877265.047739,4.5186212361750515,2.1683057478975143,0.2197019703464924,-0.9020687950463455,14.217890739440918
1780877265.0699947,4.516939996553569,2.1658738458067406,0.2197627691918306,-0.9012300191979583,14.240146398544312
1780877265.0916626,4.5152848140184565,2.163418959879537,0.21974236896718996,-0.900354995086317,14.26181435585022
1780877265.1155367,4.513649133830939,2.1609464127140128,0.21969331376330087,-0.8994436133317318,14.285688400268555
1780877265.1378565,4.511892092397797,2.1585652017906827,0.21968358538400035,-0.8987154061069749,14.308008193969727
1780877265.1581378,4.510266742333123,2.1560738398265187,0.21979525364857516,-0.8977780285199786,14.32828950881958
1780877265.181025,4.5085684144014895,2.1536401871768227,0.2197643189877669,-0.8969488095560791,14.351176738739014
1780877265.204103,4.506962404898469,2.151129937537195,0.21970570499853914,-0.8959787820940512,14.374254703521729
1780877265.224948,4.5052199706948715,2.148722971802497,0.21977488789784963,-0.8952110619603157,14.395099639892578
1780877265.2508736,4.502849630027406,2.146834625173507,0.219285106284162,-0.894303814378659,14.421025276184082
1780877265.2754602,4.5005695977701645,2.1449155355163874,0.21785265152910918,-0.8927564127118939,14.445611953735352
1780877265.2936676,4.498712681751936,2.1426858086661507,0.2160533594307005,-0.8906132289538786,14.4638192653656
1780877265.3170364,4.496945633325957,2.140364056016165,0.21607251289141802,-0.8883469177540224,14.48718810081482
1780877265.337271,4.4953558300911824,2.1378871804999644,0.21758350173176907,-0.8858790476519336,14.507422685623169
1780877265.3607662,4.494387463605901,2.1349428876916807,0.21843602167081236,-0.8827425459998213,14.530917882919312
1780877265.3827114,4.4936770726941635,2.1318100555085673,0.21942842630543027,-0.8792443541757242,14.552863121032715
1780877265.4033978,4.4926934886843135,2.1289295594628945,0.2203291670678515,-0.8762253486354656,14.573549509048462
1780877265.4275777,4.491285422249867,2.1264499139702147,0.22015210542319086,-0.8739462684398411,14.597729444503784
1780877265.4514084,4.489614464524696,2.12423305603592,0.21896918710651425,-0.8724045512871514,14.621560096740723
1780877265.4733407,4.487611886801536,2.1223297778367476,0.21701935099217753,-0.871571012353284,14.643492460250854
1780877265.4957566,4.485482542250601,2.1205199185303796,0.21638729346651414,-0.8709555933575448,14.665908336639404
1780877265.5172224,4.483333798834645,2.118699666624826,0.21772372509811594,-0.870369824096699,14.687374114990234
1780877265.5392237,4.481382057438585,2.1167097853233408,0.22026635594715405,-0.8696395541752948,14.709375381469727
1780877265.5599673,4.4801085236548035,2.114210360328949,0.2211109990005736,-0.8684502917144443,14.730118989944458
1780877265.5824575,4.4789253831095355,2.1117311022538505,0.21860377692983915,-0.8671985405784284,14.752609252929688
1780877265.6038845,4.477783004210085,2.1092149168811947,0.21676156465597948,-0.8658808921458871,14.774036169052124
1780877265.6252627,4.476601657350422,2.106700939070603,0.21685789340177578,-0.8646066746160055,14.795414447784424
1780877265.6493196,4.4753228475547315,2.1042508763461356,0.21853424968059887,-0.863480297983501,14.81947135925293
1780877265.669945,4.473659909959302,2.102163748450533,0.21960310443727313,-0.8630069988083076,14.840096712112427
1780877265.6928873,4.4715816556748935,2.1004748322320856,0.21962003196363192,-0.8632477932997298,14.863039016723633
1780877265.715539,4.469270087787348,2.0990195764718735,0.21892848701520592,-0.8639123513949576,14.885690689086914
1780877265.7362797,4.467351119449363,2.0972621960304054,0.21748089918519178,-0.8639798462879389,14.906431436538696
1780877265.762973,4.465650564868412,2.0953181294015435,0.2167353804063694,-0.8636915838662125,14.933124780654907
1780877265.7826433,4.464095025407213,2.0932332816751833,0.217297861503541,-0.8631580984480918,14.952795028686523
1780877265.8051882,4.462979819145797,2.09080103149855,0.21732329508548842,-0.8619341845564077,14.975339889526367
1780877265.8262608,4.461984377711985,2.088255920128618,0.21856014833929485,-0.8605042179637765,14.996412515640259
1780877265.845676,4.461213235769716,2.0855271103682216,0.2200258069861893,-0.8588280851688634,15.015827655792236
1780877265.869074,4.4603231180805,2.08294558813907,0.21962241124494683,-0.8574568133283837,15.039225816726685
1780877265.8904743,4.458999431233776,2.080756952229759,0.21818478247047135,-0.8568097110402864,15.060626029968262
1780877265.9140558,4.457320637663615,2.0788750724717375,0.21648069264100828,-0.8567498821906923,15.084207534790039
1780877265.936759,4.455566758274083,2.077008363191906,0.21659635537693986,-0.8567816356374713,15.106910705566406
1780877265.9573393,4.453802244792761,2.07510321256522,0.21860921776183304,-0.8568470545556495,15.127490997314453
1780877265.978742,4.451967853086888,2.073257688093612,0.2207604117284324,-0.8570230422903609,15.148893594741821
1780877266.0034366,4.450179738338588,2.071455622405543,0.21938270132293902,-0.8571914238852578,15.173588275909424
1780877266.0218246,4.448655359071527,2.06944494383098,0.21688751790140862,-0.8569364318930925,15.191976308822632
1780877266.045311,4.4471580903021435,2.0673607448391067,0.21612303093487173,-0.8565908378280662,15.215462684631348
1780877266.0656939,4.445661825991308,2.0652234215569987,0.21734056697373225,-0.8561990935118908,15.235845565795898
1780877266.0885518,4.444258314677689,2.062977082055239,0.21979088542081215,-0.8556268677758356,15.258703470230103
1780877266.1122444,4.443140393606378,2.06052648240043,0.22044230541834378,-0.8546088206739952,15.282396078109741
1780877266.1315525,4.442027016013075,2.058142753097456,0.2180001995140419,-0.8536342636888863,15.301704168319702
1780877266.1551092,4.440847525712761,2.0557825645876706,0.21664151576854232,-0.8527384101370599,15.325260877609253
1780877266.175128,4.439609363018137,2.0534214303668543,0.21719709001337303,-0.8518950665226175,15.345279693603516
1780877266.1980302,4.438154799773159,2.0512270251904297,0.2185376965248019,-0.8513902918541523,15.368181943893433
1780877266.219444,4.436267386386166,2.0494328867383707,0.2189130599877425,-0.8516274575670448,15.389595746994019
1780877266.239,4.434032081890011,2.047955590805267,0.21868706303927218,-0.8524641491841023,15.409151792526245
1780877266.2617662,4.431913330068882,2.0463607383709865,0.21892167399768345,-0.8530986907424127,15.431917905807495
1780877266.281738,4.430239637948249,2.044396546159468,0.2181730347257051,-0.8529972993992225,15.451889753341675
1780877266.304806,4.428956985635586,2.0420996968388017,0.21687522475061588,-0.8522354093634759,15.474957704544067
1780877266.32767,4.427724268095565,2.039716658110601,0.21715291139643916,-0.851343009004025,15.497821807861328
1780877266.3490877,4.4264882196862345,2.0372921057363014,0.21921624877234275,-0.8504182312245168,15.51923942565918
1780877266.3707647,4.425344808746259,2.03481201541531,0.2202272789209264,-0.8493557691965044,15.540916442871094
1780877266.391393,4.424064832749429,2.032519221923375,0.21843515067058622,-0.8485706714856978,15.56154465675354
1780877266.4143133,4.422530366828183,2.030441008082143,0.2168055967659903,-0.8482115345314187,15.584465026855469
1780877266.4378116,4.420945953467998,2.028355538327595,0.21705335895998148,-0.847892962770536,15.60796332359314
1780877266.4604676,4.41930347893689,2.0262784472361632,0.21900338767903146,-0.8476371330502439,15.630619287490845
1780877266.4827383,4.417412097446875,2.024441474413155,0.22015250482832605,-0.8478199547607983,15.652889966964722
1780877266.503487,4.415576676529415,2.0226284101688288,0.21825002536266214,-0.8479706784495336,15.673638820648193
1780877266.5262043,4.413829273725987,2.020717060162802,0.21700856296258328,-0.8479477683160517,15.696356058120728
1780877266.5499327,4.412081923449738,2.018756029649636,0.21760847872885403,-0.8478782896548105,15.720084428787231
1780877266.570374,4.410537194229742,2.0165989042132826,0.21879847734177882,-0.8474459926351856,15.740525722503662
1780877266.5920553,4.409432635188109,2.014076873915035,0.21894335211046467,-0.8462726791394188,15.76220703125
1780877266.6137812,4.408524515754314,2.0113823681521925,0.2189486987846377,-0.8447477144794218,15.78393292427063
1780877266.640104,4.407266314207926,2.009007473292413,0.21838885273557943,-0.8438255006676671,15.810255765914917
1780877266.6637495,4.405624785242666,2.006986731872062,0.2171519650972797,-0.843576529813483,15.833901166915894
1780877266.6841743,4.4038825951219955,2.005016639235612,0.2173679364207377,-0.8434698036219634,15.854326009750366
1780877266.7082987,4.402076652539883,2.0030626464166854,0.21919153825159438,-0.8434345976854343,15.878450393676758
1780877266.7342207,4.400088806503995,2.0013038571602166,0.2196553296317924,-0.8437409398349685,15.904372453689575
1780877266.754994,4.398306698124424,1.9994196013674215,0.2177757944403547,-0.8437448288370475,15.925145626068115
1780877266.7774005,4.396617349514179,1.997420381030644,0.21703631265940887,-0.8435516140687396,15.94755220413208
1780877266.7977238,4.394936741466476,1.9953660600817684,0.21807328667398107,-0.843296996924547,15.967875480651855
1780877266.82056,4.393555723220907,1.9930456276679855,0.2190145700696851,-0.8425208563238966,15.990711688995361
1780877266.8435361,4.392576996662636,1.9903892446205418,0.21898830700217756,-0.8410560501422886,16.0136878490448
1780877266.868729,4.391439181794292,1.987885776659152,0.21838254795219889,-0.8398643747521457,16.038880825042725
1780877266.8915021,4.389930945327027,1.9857271232875107,0.21714503179570438,-0.83932988765019,16.06165385246277
1780877266.9118724,4.388327646991724,1.9836133338345636,0.21741861821693692,-0.8389275590402758,16.082024097442627
1780877266.9347963,4.3865693018885406,1.9816108106053931,0.21873063555248415,-0.8387667857774272,16.104948043823242
1780877266.9572523,4.384419980561442,1.9799834601818522,0.21907812510199173,-0.8393127456182086,16.12740397453308
1780877266.9771454,4.382357827197919,1.9782978778706275,0.21854046475813763,-0.8397328088391403,16.147297143936157
1780877266.9991376,4.380684799455625,1.9762789412225152,0.2172781511018867,-0.8394776296592439,16.169289350509644
1780877267.0195477,4.379073784595409,1.974166274311195,0.21743982723974986,-0.8390709665385536,16.189699411392212
1780877267.0420344,4.377604316133214,1.971900265077947,0.21853739355215046,-0.8383915078656439,16.212186098098755
1780877267.0637171,4.3765349573059495,1.9692952116259916,0.2187781176887037,-0.8370218821357449,16.233868837356567
1780877267.084449,4.375400652529263,1.9667452332068305,0.21906325513150268,-0.8357498446469056,16.254600763320923
1780877267.106023,4.37385800977933,1.964587179080185,0.2183014653138802,-0.8352135239135943,16.276174783706665
1780877267.1264577,4.372015943155037,1.9627028719547648,0.21735232840689472,-0.8352100336636896,16.29660940170288
1780877267.1511147,4.370131627572229,1.9608119958413583,0.21810340580107243,-0.8352439413922577,16.321266412734985
1780877267.1727293,4.368261105994371,1.9588823536976308,0.21991652093190575,-0.8352278828290887,16.342880964279175
1780877267.1929166,4.366508202780742,1.956915512060656,0.21897051004299434,-0.8350631914444038,16.363068342208862
1780877267.2146547,4.365014089464696,1.954730758713876,0.21729629384271304,-0.8344492839381963,16.384806394577026
1780877267.2350366,4.363518943738143,1.9525007447260943,0.21731118507171918,-0.833789543487184,16.40518832206726
1780877267.2612903,4.362006067412713,1.9502427702678777,0.21907355879182241,-0.833120096178197,16.43144202232361
1780877267.2837982,4.360504473955286,1.9480004361885368,0.2197959275029283,-0.8324498361473904,16.45394992828369
1780877267.3060536,4.358937372494561,1.945884394961496,0.21789146185031855,-0.8319481742036099,16.476205348968506
1780877267.3285003,4.357296110658785,1.9437993359343773,0.2172951613708811,-0.831544254992787,16.49865198135376
1780877267.3491817,4.355623841244647,1.941696045018973,0.21846372662886193,-0.8311503044596793,16.519333362579346
1780877267.3752918,4.353871631159807,1.9396602654082968,0.21984666052905702,-0.8308884042495044,16.545443534851074
1780877267.3986492,4.352157069784483,1.9376666975258885,0.21819805352698346,-0.8306254900304393,16.568800926208496
1780877267.419781,4.350467225659319,1.9356267168651433,0.21740077860674156,-0.8302923325798419,16.589932680130005
1780877267.445674,4.348761383015639,1.9335545621566506,0.21835742742534517,-0.8299413677492495,16.615825653076172
1780877267.4700525,4.347199563871655,1.931338273811249,0.21978012424370355,-0.8293213423796222,16.640204191207886
1780877267.4907293,4.345778062608846,1.9290638634908375,0.21838436850706225,-0.8285070683802283,16.66088104248047
1780877267.5174198,4.34435484715357,1.9267762487096218,0.21750604392900147,-0.8276777906590227,16.68757152557373
1780877267.5389552,4.342889497225466,1.9244806194408626,0.21834760962233538,-0.8268791138010698,16.709106922149658
1780877267.5627642,4.341152032996856,1.922434309866614,0.21915845186542116,-0.8265600900090755,16.7329158782959
1780877267.5865238,4.339034348449732,1.9207635383080555,0.21894486511336164,-0.8269419868693344,16.756675481796265
1780877267.6065454,4.337047482913338,1.9189832754293188,0.21817922298704537,-0.8271080002644902,16.776697158813477
1780877267.6311936,4.335304766347167,1.9169739676042103,0.21755481321422393,-0.8268244475460991,16.801345348358154
1780877267.652108,4.333642152904167,1.9148547334627608,0.21821248969976625,-0.8263665857696969,16.822259664535522
1780877267.677541,4.332345685338748,1.9124114002806325,0.21827779336503944,-0.8252627696856236,16.847692728042603
1780877267.7022462,4.331098076193682,1.9098970861014242,0.21933950297995847,-0.8240387547779808,16.872397899627686
1780877267.72299,4.329569358807408,1.9076559349102544,0.21981221757269445,-0.8233233589885813,16.893141746520996
1780877267.7463827,4.327695121937358,1.90576979376035,0.21883709755258582,-0.82325339436774,16.916534423828125
1780877267.7701733,4.325633430741323,1.9040483328781008,0.21818361460554572,-0.8235149516693068,16.940325021743774
1780877267.7929199,4.323699740675984,1.902182122461082,0.21837501037499163,-0.8235247960175638,16.963071584701538
1780877267.8171659,4.322167124371596,1.8999626331445565,0.21775089814172915,-0.8228287880812646,16.98731756210327
1780877267.8391318,4.320724299129522,1.8976306830269998,0.21823102723437135,-0.821937564485467,17.009283542633057
1780877267.865045,4.319328048894353,1.8952306843168245,0.2196099365551707,-0.8209406882388981,17.035196781158447
1780877267.8862653,4.317896454965945,1.8929251400629945,0.21853710334950208,-0.8200524433464262,17.056416988372803
1780877267.911013,4.31625729061674,1.89080866526667,0.21759779997076165,-0.8195322195052199,17.081164598464966
1780877267.9339833,4.314578358958254,1.8886822691705138,0.21839175460607546,-0.8190386248756951,17.104135036468506
1780877267.9553795,4.312685979637681,1.8867454550650828,0.2195173875124993,-0.8189113128574119,17.12553119659424
1780877267.9789276,4.310682883813353,1.8849653741551546,0.21849724721849317,-0.8190337851086089,17.14907932281494
1780877267.9991207,4.308757626367267,1.8830988871514982,0.2179979635178579,-0.8189991135112464,17.169272422790527
1780877268.0250127,4.306982053147414,1.8810679659604312,0.21826686255103056,-0.818674205913998,17.195164442062378
1780877268.0490117,4.305547289714805,1.8787281781091332,0.2180848429892397,-0.8177449635335456,17.219163417816162
1780877268.0699346,4.304136127201577,1.8763287559742512,0.2193208515001479,-0.8167363046618394,17.240086317062378
1780877268.092575,4.302726806997465,1.8739628758542302,0.2190593490887245,-0.8157489416093169,17.26272678375244
1780877268.1137416,4.301052570657697,1.8718698317803952,0.21785290990760947,-0.8152537149389358,17.2838933467865
1780877268.1362305,4.299318099203907,1.8697918158834006,0.21816887485255138,-0.8148278017709427,17.306382179260254
1780877268.1612163,4.297476788018929,1.8677846902616093,0.21958727680056164,-0.8145583167311794,17.33136796951294
1780877268.1821973,4.295546514199318,1.8659184922914844,0.21870037637211837,-0.8144991870741731,17.352349042892456
1780877268.2056475,4.293677592804216,1.8639897170257764,0.21799016747397476,-0.8143209898460051,17.37579917907715
1780877268.230618,4.291851223255765,1.861981411714307,0.2186590546982508,-0.8140289868846979,17.40076971054077
1780877268.2509916,4.290391257328216,1.8596415732427967,0.21864515441199486,-0.813095865139486,17.421143293380737
1780877268.2746856,4.289062730929837,1.85716347957221,0.21913531282604728,-0.8119055301984144,17.44483733177185
1780877268.2963443,4.287445045458388,1.8549640535813579,0.21929382099252034,-0.8112292777746597,17.466495990753174
1780877268.3201876,4.285471861606022,1.8531227585218863,0.21857061274044873,-0.8112066692145916,17.490339279174805
1780877268.344192,4.283440570847307,1.8513069969481377,0.21891384033227715,-0.811264095437966,17.514343738555908
1780877268.3647554,4.281720579808306,1.849201635905198,0.21885805246026152,-0.8107714101152497,17.53490710258484
1780877268.3874261,4.280283961978672,1.8468326963750055,0.2185250694798472,-0.8097685054587025,17.55757784843445
1780877268.4079084,4.278787903638336,1.8444855254727,0.21942736431933133,-0.8088330934699521,17.578060150146484
1780877268.4290693,4.276954075352321,1.842478367584429,0.21951619980330367,-0.8085120606875447,17.599220991134644
1780877268.450503,4.274874636644538,1.8407256589691554,0.2187711043448722,-0.8086515762519046,17.620654821395874
1780877268.4707043,4.272960611783968,1.8388043237017286,0.21830723015329537,-0.8084867203582453,17.64085602760315
1780877268.4935348,4.271235394253554,1.836686891831867,0.21831089979784557,-0.8079663870725349,17.663686513900757
1780877268.5142086,4.2697068256852475,1.834368840936788,0.21870522668376435,-0.8070784478963051,17.68436026573181
1780877268.540007,4.268322373659034,1.8319021773417474,0.2194098728581526,-0.8059179793111824,17.710158824920654
1780877268.561971,4.266716223044471,1.8296737975871533,0.2190001190163243,-0.8051670543305236,17.732122659683228
1780877268.5821798,4.264831380108774,1.8277186068671731,0.2183081627554326,-0.8049190549301413,17.752331495285034
1780877268.6038556,4.262911953651256,1.8257536285133116,0.21919819188983702,-0.8046919499318204,17.774007320404053
1780877268.62492,4.261085301486692,1.8237137800848044,0.2193576343630259,-0.8043102101100312,17.795071601867676
1780877268.6504078,4.259438361814031,1.8215292195010986,0.21842395497187897,-0.8036306530372705,17.82055950164795
1780877268.6740403,4.257778529818481,1.8193133733331843,0.21906356250769585,-0.8029310050223,17.844192028045654
1780877268.6947808,4.256049735179108,1.817167056999795,0.21939513931063834,-0.8023517416985806,17.864932537078857
1780877268.7163157,4.254230078656702,1.815141582335923,0.21846002534960948,-0.8019602868412479,17.886467456817627
1780877268.736784,4.252383004190571,1.8130982459894076,0.21912208224525787,-0.8015757017003184,17.906935691833496
1780877268.7616434,4.250631381302637,1.810968356976508,0.21935936676304615,-0.8010294091191872,17.931795120239258
1780877268.783673,4.248978671667329,1.8087667841644275,0.2186785438509544,-0.8003227800449091,17.953824758529663
1780877268.8041778,4.247279150744078,1.8065689536385812,0.21945322263593606,-0.7996563862798514,17.974329471588135
1780877268.8276045,4.24539350856465,1.8045777152637672,0.21906690726646083,-0.799340053432172,17.997756242752075
1780877268.8481739,4.243449192603471,1.8026337277989448,0.2190319804053571,-0.7991174927731595,18.018325567245483
1780877268.871529,4.241736394780364,1.800457767113181,0.21903618267275332,-0.7984771548779666,18.041680812835693
1780877268.895666,4.240171205786544,1.7981274294918816,0.21939191658018853,-0.7975546795104931,18.0658175945282
1780877268.9157827,4.238325598574598,1.7960748965249296,0.21939405933031633,-0.7971269920415849,18.08593440055847
1780877268.9415023,4.236336448888083,1.7941722218273801,0.21893546508867415,-0.7969671143218457,18.111654043197632
1780877268.9657629,4.234514808150956,1.7920909198339494,0.21891140582085444,-0.7964932956276405,18.13591456413269
1780877268.9843926,4.232875496307212,1.7898182873614454,0.21923729383084636,-0.7956804167355771,18.154544353485107
1780877269.008329,4.2312737342264075,1.7875056720981064,0.21956197338538927,-0.7947877881924938,18.178480625152588
1780877269.0292892,4.229334937015665,1.7855420009758431,0.21905352564967157,-0.7945070296266801,18.199440956115723
1780877269.0512185,4.227373452858395,1.783579743473365,0.21921767715967047,-0.7942525987191091,18.221370220184326
1780877269.0734324,4.2257148438510805,1.7813280366853645,0.21893155433933523,-0.7934636922715677,18.243584156036377
1780877269.0934591,4.224048458708426,1.7790544434820075,0.21965553604018018,-0.7926543276256397,18.26361083984375
1780877269.1153822,4.222190813380515,1.7770011860187511,0.21900627199964004,-0.7922080280932433,18.285533905029297
1780877269.1365173,4.220227610648139,1.7750289093163816,0.21919325211343393,-0.791927562285534,18.306668996810913
1780877269.1591606,4.218472358709038,1.7728422534851618,0.21952149890887573,-0.7912690219718783,18.329312324523926
1780877269.1834826,4.216921401142534,1.770472573589856,0.21902769998374638,-0.7902542126813121,18.353634357452393
1780877269.2052407,4.215179852127453,1.7682805428198234,0.21880037073177452,-0.7895626177523694,18.3753924369812
1780877269.2286532,4.213256058541235,1.7662534960550729,0.21905773811950782,-0.7891784714682752,18.398804903030396
1780877269.2502093,4.211172320019765,1.7643752831679655,0.21956065058400492,-0.7890665802439871,18.420361042022705
1780877269.2729812,4.209363971631641,1.7622414858828381,0.21922690576897008,-0.7884829093362029,18.443132877349854
1780877269.2941458,4.207729589298936,1.7599259781086105,0.2191824294266492,-0.7875733035960972,18.46429753303528
1780877269.3140097,4.205892908794678,1.7577987232734782,0.2194183877506908,-0.7870030075706835,18.484161376953125
1780877269.336972,4.203801947524522,1.755933325190335,0.21925041163294087,-0.7868935912922161,18.507123708724976
1780877269.3572376,4.20195545369485,1.7538250305984309,0.21888653578984493,-0.7863499416978526,18.52738928794861
1780877269.380972,4.200195738480177,1.7516032560173933,0.2194519878390635,-0.7856229027747537,18.55112361907959
1780877269.4024923,4.198563844575127,1.7492721122431703,0.21912777781313192,-0.7846789259002804,18.572643995285034
1780877269.4222956,4.196805988971698,1.7470575411094478,0.2191061776127767,-0.7839471626634107,18.59244728088379
1780877269.4480696,4.194828212253698,1.745055624081994,0.21922765572501585,-0.7835978785671802,18.618221282958984
1780877269.46844,4.192785734675843,1.7431129008241741,0.219400603791437,-0.7833610934309259,18.638591766357422
1780877269.4919662,4.190928531097734,1.7409992009530006,0.21894757573193419,-0.7828051830368499,18.662117958068848
1780877269.51654,4.189134590796902,1.7387896335706976,0.21956845561853436,-0.7821061568053662,18.686691761016846
1780877269.5368907,4.1874761246718295,1.736468022959396,0.21912769231709237,-0.7811820782331051,18.707042455673218
1780877269.5587227,4.185651146819452,1.7343030580139134,0.2189812985947476,-0.7805463212168067,18.728874444961548
1780877269.5792942,4.183669587625605,1.732276918460553,0.2194510307761724,-0.7801688718004645,18.749445915222168
1780877269.6024518,4.181613667303552,1.7303395484920407,0.21924231389505713,-0.7799379554086565,18.772603511810303
1780877269.6267662,4.1797432266232954,1.7282086747740175,0.21921642694355245,-0.7793648671992846,18.79691791534424
1780877269.6469266,4.178058702152666,1.7258769892821197,0.21947224318200967,-0.7784573772104544,18.817078351974487
1780877269.668807,4.17624044953284,1.7236927428130944,0.21913110505950284,-0.7777917422038634,18.838958740234375
1780877269.6937497,4.17426708385408,1.7216502467280976,0.21933935681883937,-0.7773890457196817,18.863901376724243
1780877269.7130966,4.172307776443473,1.7195925572213175,0.21935487798437744,-0.7769578467334095,18.883248329162598
1780877269.7356346,4.170434340223143,1.717456756895096,0.21902589714452095,-0.7763762619963415,18.905786275863647
1780877269.756123,4.168591940763572,1.715258099355242,0.21968532586647124,-0.7757103195084811,18.92627477645874
1780877269.7786725,4.166799063615195,1.7130408391701142,0.21906804057585663,-0.7749789473380702,18.948824167251587
1780877269.801943,4.1649253436641285,1.7108735109535869,0.21954896929919748,-0.7743564539185015,18.972094774246216
1780877269.8212903,4.162816204916731,1.7089635507484795,0.21924040403009734,-0.7741679823608121,18.99144196510315
1780877269.844811,4.1608265819799275,1.7069250516371086,0.21909901939202261,-0.7737617860452364,19.014962673187256
1780877269.8696084,4.159019365495158,1.704687895079651,0.2192899162613332,-0.7730182363131681,19.03976011276245
1780877269.890974,4.1573494880932875,1.702305886862093,0.21945052767356604,-0.7720204256755472,19.06112575531006
1780877269.9133408,4.155475324279479,1.7001480619725124,0.2189958384925926,-0.7713942943741627,19.083492517471313
1780877269.9355946,4.153489017750456,1.698076792810696,0.21949396913619773,-0.7709387136123618,19.105746269226074
1780877269.961711,4.151385487053971,1.6961439396676488,0.21918528784761798,-0.7707158593194494,19.13186264038086
1780877269.98292,4.149434951121938,1.6940424939275447,0.21923164538202128,-0.77020422388971,19.153071641921997
1780877270.0047154,4.147693662316671,1.6917188309735864,0.21938950951314543,-0.769308247160073,19.174867153167725
1780877270.0264137,4.145867246468652,1.6894785293764052,0.219553862605336,-0.7685511888121375,19.19656538963318
1780877270.0475316,4.14381328794117,1.6874870414413763,0.21916868230432743,-0.7682078797924623,19.2176833152771
1780877270.069068,4.1418423017350925,1.6853845989549705,0.2195721867555427,-0.7676912951487318,19.239219665527344
1780877270.0889678,4.140126347060956,1.6830317755826323,0.21934095477244647,-0.7667212465848152,19.259119510650635
1780877270.1132667,4.138228137759007,1.6808641680113146,0.21917137343704865,-0.7660703919672995,19.28341841697693
1780877270.1346292,4.136150266192727,1.6788685211351588,0.2194135570947241,-0.7657238953509333,19.304780960083008
1780877270.1564023,4.134150884980693,1.6767886746248373,0.21963294101933917,-0.7652403946621331,19.3265540599823
1780877270.1770616,4.1324079949989105,1.6744546983094868,0.21927404375356066,-0.7642979231469607,19.34721326828003
1780877270.1970894,4.130496198280093,1.6722865026864295,0.21918929376809346,-0.7636446010648075,19.367241144180298
1780877270.2177908,4.12840269760443,1.6702950764544884,0.21948279089973396,-0.763303471272156,19.38794255256653
1780877270.240725,4.126364081452835,1.6682550355181818,0.21931575667576622,-0.7628743762297745,19.410876750946045
1780877270.2610106,4.124516350144439,1.6660104490873728,0.2193040246068806,-0.7620857114056458,19.431162357330322
1780877270.2837439,4.122603416752614,1.6638257175158406,0.21940672813985843,-0.7614013599157179,19.453895568847656
1780877270.3038213,4.120599767100374,1.6617435110208787,0.2192549938388388,-0.7608864845948946,19.473973035812378
1780877270.3258817,4.118620448834961,1.6596208808438977,0.21945732855883474,-0.760311815764033,19.496033430099487
1780877270.3478303,4.1167285930462505,1.657419891073024,0.21916654050436082,-0.7595874509219644,19.517982006072998
1780877270.3678563,4.11476930164323,1.6552660167860636,0.21957706137136138,-0.7589597384088611,19.538007974624634
1780877270.3899195,4.112724397670843,1.6532245868904667,0.2191684789566076,-0.7585044359122253,19.560071229934692
1780877270.414263,4.110768619723364,1.6510627156216418,0.21959271858414695,-0.7578641097937617,19.58441472053528
1780877270.432805,4.108987997913876,1.648734756316655,0.21921727965264443,-0.7569136348217365,19.602956771850586
1780877270.45652,4.107033749532451,1.6465811125201564,0.21911175818251188,-0.7562717245047268,19.62667179107666
1780877270.476985,4.104907335881455,1.644595775378358,0.21944571802832813,-0.7559274003655228,19.647136688232422
1780877270.5011451,4.10285815452678,1.64253245158019,0.21950294379220564,-0.755448575794547,19.67129683494568
1780877270.5243952,4.101045286778268,1.6402259136031683,0.2192589619130966,-0.7545380293783195,19.694546937942505
1780877270.5448534,4.099056674465018,1.638092147102745,0.2193768061760496,-0.7539213670065199,19.71500515937805
1780877270.5660658,4.096876948969317,1.6361644142826055,0.2193675603080244,-0.7536544972771297,19.736217498779297
1780877270.5863364,4.094960331423928,1.6339611521619168,0.21906929048475884,-0.7529087229552545,19.75648808479309
1780877270.6073992,4.093078883300793,1.6316937167828889,0.2196869746219446,-0.7520671294684744,19.77755093574524
1780877270.6302507,4.091113095326094,1.6295499990089808,0.2189757979724467,-0.7514068138602266,19.800402402877808
1780877270.6506689,4.089090435915109,1.6274357053472222,0.21941649522625795,-0.7508254836790953,19.820820569992065
1780877270.6720302,4.087055714660226,1.6253485727408472,0.21915981604901663,-0.7502768610153261,19.84218192100525
1780877270.6938984,4.0850190334139915,1.6232604668651747,0.21906877984624673,-0.7497257516466416,19.864050149917603
1780877270.7179666,4.083068092564024,1.6210593457528435,0.21959159318727334,-0.7489961175479727,19.888118267059326
1780877270.7396362,4.08120270313314,1.618796740245365,0.21900466589637996,-0.7481305523600255,19.909787893295288
1780877270.7630086,4.0792272610684055,1.616624326153006,0.21934367221011053,-0.7474344567783273,19.933160305023193
1780877270.7854338,4.0770016349176466,1.6147293271492276,0.21937171804947023,-0.7472079439542241,19.955585479736328
1780877270.8053448,4.075000715863517,1.6125942361051473,0.21918692888741687,-0.7465701170308989,19.975496530532837
1780877270.8282359,4.0731478894829385,1.6102884023377815,0.21940949318413042,-0.7456390465867568,19.998387575149536
1780877270.850555,4.071105368025462,1.6081894425661614,0.21942010684748808,-0.7450573699768022,20.02070665359497
1780877270.8706746,4.068925784534696,1.6062453310356226,0.21921425549941748,-0.7447406416309779,20.040826320648193
1780877270.89183,4.066951465356848,1.6040737596230088,0.2191091597521676,-0.7440342627246332,20.061981678009033
1780877270.9119856,4.06511079068548,1.6017425960078535,0.21942489101351512,-0.7430621247650206,20.0821373462677
1780877270.9339688,4.0631389496888035,1.5995747082775154,0.21895065296108593,-0.7423453281487364,20.10412049293518
1780877270.9556205,4.061070177170185,1.5974842697328964,0.21947194365660772,-0.7417853414955786,20.12577223777771
1780877270.9760242,4.058904417714675,1.5955231157385987,0.2190454915753501,-0.7414273872153085,20.146175861358643
1780877270.9974859,4.056815437305906,1.593463413734301,0.21913993721997854,-0.7409105103501052,20.167637586593628
1780877271.0178125,4.054936457008899,1.591171638410885,0.21929142116164693,-0.7399927616071249,20.18796420097351
1780877271.0428286,4.053010806055721,1.5889333969622919,0.21922080642474753,-0.7391557095175507,20.212980270385742
1780877271.0658505,4.050932298033417,1.5868675780500099,0.2190360957684737,-0.7386067576460094,20.236002206802368
1780877271.0867069,4.048832045156429,1.5848055815194095,0.2194457645785772,-0.7380770937542018,20.256858587265015
1780877271.108068,4.046807568798706,1.582685270215855,0.21901147132080034,-0.7374252169164826,20.27821969985962
1780877271.1320488,4.044807444876158,1.5805096768796074,0.2194860648238814,-0.7366976981117519,20.30220055580139
1780877271.152452,4.042839753692442,1.578324236700374,0.21905815981708546,-0.7359300987580939,20.322603702545166
1780877271.176291,4.040755416065997,1.5762422432214627,0.2194478583778144,-0.7353535639452162,20.346442699432373
1780877271.1974435,4.038601431690313,1.5742565802863595,0.21911294155857194,-0.7349299679683292,20.367595195770264
1780877271.2189636,4.036603999768783,1.5720864343030327,0.21916127814269065,-0.7341947025041713,20.38911533355713
1780877271.2421916,4.03469807221937,1.5698098931345708,0.21929814659557337,-0.7332724418352128,20.4123432636261
1780877271.263714,4.032659790167067,1.5676876849084667,0.2191954797150516,-0.732597115272529,20.433865785598755
1780877271.2848837,4.03049557410387,1.5656992927744742,0.21919415685560073,-0.7321522497261617,20.45503544807434
1780877271.3054252,4.028400749758148,1.563637903376989,0.21906280275100584,-0.7315798862734768,20.475576877593994
1780877271.329004,4.026464152927463,1.5613886854989578,0.2193047324538327,-0.7306914921476442,20.4991557598114
1780877271.3519554,4.024426514072427,1.5592585683326639,0.21923780469656684,-0.7299932928082167,20.522107124328613
1780877271.3716822,4.022279509752244,1.5572483280751293,0.2192569845003156,-0.7295069754529004,20.541833877563477
1780877271.3952608,4.020336886821282,1.5550081368455093,0.21930755391058418,-0.7286234634583568,20.565412521362305
1780877271.4154186,4.018247031673628,1.5529348819500493,0.2191844522603744,-0.728016679007379,20.585570335388184
1780877271.4419274,4.016107302366873,1.5509146858539398,0.21917733165322364,-0.7275052638040402,20.61207914352417
1780877271.4636116,4.014146465080041,1.5486883284549169,0.2193627827713734,-0.7266356977307118,20.633763313293457
1780877271.4852002,4.012132525008992,1.5465331568344185,0.21903084905613698,-0.7258744272636752,20.655351877212524
1780877271.50708,4.010035815006597,1.544451388499154,0.21944088016936347,-0.725251527389223,20.677231788635254
1780877271.5277183,4.007903284525356,1.5424329984667666,0.2189896408415471,-0.7247189400749576,20.697870016098022
1780877271.5542572,4.005850921836895,1.5403024913571555,0.21928349642166522,-0.7240176663024216,20.724408864974976
1780877271.5764062,4.003926367977425,1.5380395206061575,0.2191121200136149,-0.7230736366457138,20.74655795097351
1780877271.5994709,4.001829859504985,1.5359638936590772,0.21923229565209415,-0.7224548465128544,20.769622564315796
1780877271.6238081,3.9996290310290963,1.5340117787618168,0.21908455551301842,-0.7220411086478151,20.793959856033325
1780877271.6450589,3.9975500956840033,1.5319195957428846,0.21901301142392576,-0.7213894057797581,20.815210580825806
1780877271.6688886,3.995602262237527,1.529667229909052,0.21928152017321514,-0.7204682075036941,20.839040279388428
1780877271.6915493,3.9936088875499625,1.527481337949269,0.21906266506271468,-0.7196439024495618,20.861701011657715
1780877271.7115107,3.9914377240590544,1.5254879045232626,0.21916479107493772,-0.7191528649590428,20.881662368774414
1780877271.7362833,3.9892897342690334,1.5234706248156733,0.21911783378265695,-0.7186216187533843,20.906435012817383
1780877271.7587423,3.987262719390658,1.5213107787778248,0.21930688055435577,-0.7178507655903998,20.92889404296875
1780877271.7808974,3.9852089247043647,1.5191919334720203,0.21902608799166598,-0.7171382872023417,20.951049089431763
1780877271.8025382,3.9831072723818552,1.5171109706584418,0.21935001997551556,-0.716500170578295,20.972689867019653
1780877271.8230066,3.9810085006706255,1.5150454344868656,0.21906004853904693,-0.7158721181999042,20.9931583404541
1780877271.8446803,3.978959262349271,1.5129099885984238,0.21914059694146992,-0.7151345769797697,21.014832019805908
1780877271.8681626,3.9769309118361877,1.5107514216424578,0.2192471103305731,-0.7143532620481312,21.03831434249878
1780877271.8867521,3.9747228847406193,1.508803700197159,0.21915713589333033,-0.7139274536437257,21.056903839111328
1780877271.910337,3.9726416250459633,1.506707023086965,0.21919238901097346,-0.7132475453193194,21.080488681793213
1780877271.9306183,3.9706782855620575,1.504474939894602,0.21912116708300056,-0.7123297671136597,21.100769996643066
1780877271.951405,3.9685734926002647,1.5024028501626354,0.21922972856335757,-0.7116774070147076,21.121556758880615
1780877271.9754734,3.966370477254797,1.5004505788603515,0.21908086682480776,-0.7112221944069743,21.145625114440918
1780877271.995614,3.9643033866070563,1.498333457354553,0.21917930652091813,-0.7104902241412141,21.1657657623291
1780877272.0173438,3.962281907215548,1.4961644418295639,0.219201945717427,-0.7096599935620453,21.187495470046997
1780877272.0372744,3.9601223580852514,1.4941554156632422,0.21927650315583702,-0.7091052681316867,21.207426071166992
1780877272.059979,3.9581369783155322,1.491949646580066,0.21908225890571495,-0.7082061462628326,21.230130672454834
1780877272.0825891,3.956013826295912,1.4898968234835241,0.21918453028798623,-0.707568997466645,21.25274085998535
1780877272.103877,3.953836680964707,1.4879094066248764,0.21915723776035387,-0.7070434624408586,21.274028778076172
1780877272.1268942,3.951809874873107,1.4857422454837759,0.21930877301642246,-0.7062071186106822,21.297045946121216
1780877272.1470122,3.9496406615797532,1.4837530631221634,0.21902874920980892,-0.705653826461468,21.317163944244385
1780877272.1707802,3.9475474942104642,1.481664162733317,0.21909570880780652,-0.7049352204625827,21.34093189239502
1780877272.1924968,3.9455397798403933,1.4794727997690271,0.21924813278589508,-0.7040343907713811,21.362648487091064
1780877272.2129934,3.9433036863682673,1.4775578355465444,0.21913875725623647,-0.7035975527653635,21.383145093917847
1780877272.2365623,3.9412411996804284,1.4754379898900696,0.21901096366491263,-0.7028141143554771,21.40671396255493
1780877272.2567284,3.939192987434382,1.4732913319318004,0.21919248000302277,-0.7019859698183333,21.42688012123108
1780877272.2808344,3.9370441291483593,1.4712764234693636,0.21901717276541258,-0.7013712899994218,21.45098614692688
1780877272.3039353,3.9349267008280013,1.469214843474184,0.21907673607576436,-0.7006830401274255,21.47408699989319
1780877272.3241138,3.9328599432778115,1.467095769494434,0.21915478205291938,-0.6998911084446586,21.49426555633545
1780877272.3471456,3.9307168615403323,1.4650719833520571,0.2189742930383113,-0.6992514565630756,21.51729726791382
1780877272.3701482,3.928535218957256,1.4630841546090871,0.2192097614476835,-0.6986791342153147,21.540299892425537
1780877272.391242,3.9265639258579292,1.460855640453847,0.21905952808423668,-0.6976896286044405,21.56139373779297
1780877272.4153955,3.9244984786363326,1.4587394273338326,0.21892384903057005,-0.6968832881362865,21.58554720878601
1780877272.4362729,3.92227268489303,1.4568023369118352,0.21921187521821273,-0.6963867238111479,21.606424570083618
1780877272.4611697,3.9200864518141287,1.454831741570953,0.21897541695217307,-0.6958292659145107,21.6313214302063
1780877272.4815555,3.9180201152350644,1.452705946347274,0.21923334698686509,-0.6950108393382881,21.6517071723938
1780877272.50311,3.91595287755105,1.450595978494303,0.2188860600638866,-0.6942057283126322,21.673261642456055
1780877272.5259018,3.9138390294207466,1.44852416861782,0.21923490723238354,-0.6934743555017922,21.696053504943848
1780877272.5471299,3.9116210935117848,1.4465955494366904,0.2189052803178919,-0.6929719551355471,21.717281579971313
1780877272.5702486,3.909421507517336,1.444631093804303,0.21910092473588375,-0.6924205496641753,21.740400314331055
1780877272.5932472,3.9074612296431255,1.442384810325469,0.2190513276723792,-0.6913865071280672,21.76339888572693
1780877272.612037,3.905378208755783,1.4402827463024894,0.2190919530259667,-0.6905879817216962,21.782188653945923
1780877272.6357758,3.9030995877685273,1.4384191133257307,0.21914415125297543,-0.6901916436769611,21.805927515029907
1780877272.6583304,3.901020427309337,1.436311772463748,0.21918565765817952,-0.6893805879972961,21.828482151031494
1780877272.6806047,3.899052020160941,1.4340824975063475,0.21883413381576441,-0.6883447602001049,21.850756406784058
1780877272.7038374,3.896927153413994,1.4320295943886439,0.21895697987056545,-0.6876135157212793,21.87398910522461
1780877272.7245696,3.894617858971467,1.430195829268721,0.2192656491787753,-0.6872523654904477,21.894721269607544
1780877272.7483068,3.892447088963349,1.4282077450012234,0.21901337283527808,-0.6866211474583728,21.918458461761475
1780877272.7695298,3.8904219933740505,1.4260395435073363,0.21895177707119493,-0.6856785196473094,21.93968152999878
1780877272.792441,3.888294907780198,1.4239809210473096,0.219300910466104,-0.6849249494401546,21.962592601776123
1780877272.8161647,3.8860332555425927,1.4221131311371302,0.21886550679215874,-0.6844730326897275,21.986316442489624
1780877272.8378062,3.8838659970257186,1.4201064307857953,0.21914807135388398,-0.6838054875148676,22.007957935333252
1780877272.8609338,3.8819286272054603,1.417827231892446,0.2191425840418306,-0.68266367265961,22.03108549118042
1780877272.8816864,3.879778662358761,1.415812589557239,0.2189592722773745,-0.681954393504852,22.051838159561157
1780877272.9043355,3.8774814186112674,1.4139698259662605,0.21917084991077315,-0.6815420939427153,22.07448720932007
1780877272.9256804,3.8754029373678756,1.411858704817356,0.2192557663832837,-0.6806834008036664,22.095832109451294
1780877272.9474785,3.873418583071683,1.4096471608441163,0.21883768207379767,-0.6796303141677331,22.11763024330139
1780877272.970719,3.8712712879445665,1.4076241058502292,0.21885497735972997,-0.6788944540760764,22.140870809555054
1780877272.9910464,3.8689623248067693,1.4057885575763398,0.21928588628705858,-0.6784765891015696,22.161198139190674
1780877273.012856,3.8667446788443876,1.40385905261361,0.21900875888189847,-0.6778952279485022,22.18300771713257
1780877273.0365694,3.864681320540766,1.4017329516344441,0.21899854619132775,-0.6769823346637716,22.20672106742859
1780877273.0583324,3.862571781701114,1.3996552422849209,0.2191788193452491,-0.6761418810909081,22.22848415374756
1780877273.080067,3.8603831179755073,1.3976933235039826,0.2188948468347905,-0.6754823372222338,22.250218629837036
1780877273.1000657,3.858190738945996,1.3957108537894227,0.21935198353208832,-0.6748038474356473,22.270217418670654
1780877273.122819,3.856069381645593,1.3936752715410148,0.21870276214542073,-0.6740131986053965,22.292970657348633
1780877273.1470902,3.853920492058232,1.3916311533244725,0.21945872324468238,-0.6732302181569376,22.31724190711975
1780877273.1718616,3.8517529412316933,1.3896523429520629,0.21878847390989897,-0.6725228927102096,22.342013359069824
1780877273.194501,3.8495631684879394,1.3876722895542417,0.21915833943966234,-0.6718309358510504,22.364652633666992
1780877273.2147145,3.847433855842466,1.3856284113776824,0.21900823942313513,-0.6710257713445738,22.38486623764038
1780877273.2378683,3.8453340419224493,1.3835512099012475,0.21884332141706367,-0.6701589435657502,22.40802001953125
1780877273.2594888,3.843152761394086,1.3815497398388048,0.21948918518919613,-0.6694235924087675,22.429640531539917
1780877273.2798398,3.8409082602992988,1.3796741333991167,0.2186578826076903,-0.6688662465567843,22.449991464614868
1780877273.3045902,3.8386530355821566,1.3777710773110639,0.21918581991597572,-0.6682902384412719,22.47474193572998
1780877273.3275816,3.836652706232064,1.3755572166371204,0.21923902064469536,-0.6671973957083308,22.49773335456848
1780877273.3467774,3.834671396798784,1.3733378554367097,0.2187180882988678,-0.6660732404164711,22.516929149627686
1780877273.3690677,3.8325260697879937,1.371311885093193,0.21865572709593198,-0.6652726160996991,22.53921937942505
1780877273.3893316,3.830213697628819,1.3694857033107128,0.219006452971034,-0.6648061055074734,22.559483289718628
1780877273.4129024,3.8278299966382776,1.3677516711218605,0.2192823323812514,-0.6644922055055398,22.583054065704346
1780877273.4352853,3.8256721843401547,1.3657580230700919,0.21864509524889938,-0.6637361129909567,22.60543704032898
1780877273.4556565,3.8235356742313185,1.3636978428504423,0.219302958105219,-0.6628908988045263,22.625808238983154
1780877273.4791288,3.8215177501892863,1.3615139477839346,0.21894583759935646,-0.6618246307443747,22.649280548095703
1780877273.4997249,3.8194587404411777,1.3593766380296433,0.21886752222228667,-0.6608366070427856,22.66987657546997
1780877273.5241466,3.8171962868709692,1.3574950902192289,0.21887726855407968,-0.6602634278954738,22.694298267364502
1780877273.5458179,3.8148247852316346,1.3557384541826663,0.21944711641813494,-0.6599055594306122,22.715969562530518
1780877273.567769,3.8126653829889987,1.3537317727515252,0.21916179532741997,-0.6591271437516055,22.7379207611084
1780877273.5902166,3.810640565293882,1.3515497320036616,0.219010060034984,-0.6580596648028383,22.76036834716797
1780877273.6102195,3.808454748569274,1.349559825481707,0.2192697162428651,-0.6573076819281276,22.78037118911743
1780877273.6309764,3.8060483208921143,1.3478677115593707,0.21916014948734105,-0.6570341975056504,22.801128149032593
1780877273.6526215,3.803857301465254,1.3459011990154381,0.21880690095598848,-0.6563112965277451,22.822773218154907
1780877273.6729987,3.801769783865879,1.343780980885299,0.21913546139264148,-0.6553451021970536,22.84315037727356
1780877273.6943195,3.799678984410389,1.3416692241844477,0.219199583190228,-0.6543879750862054,22.864471197128296
1780877273.7142181,3.797496093611092,1.3396928475234986,0.21885705330088775,-0.6536403787740621,22.88436985015869
1780877273.73891,3.7952346916959963,1.3377859592178145,0.21949655646369565,-0.6530212432763589,22.909061670303345
1780877273.7616625,3.7929428787923403,1.3359573021931883,0.21890025484742645,-0.652505647671958,22.931814193725586
1780877273.7818859,3.7907276906539034,1.3340011216260514,0.21912843959892628,-0.651803141508799,22.952037572860718
1780877273.8043597,3.7886964216150334,1.3318035913013933,0.21937640453856197,-0.650708958841482,22.97451138496399
1780877273.8246982,3.786474222332107,1.3298622412757801,0.21934041507396806,-0.650016710581625,22.994849920272827
1780877273.8502295,3.7841220422066106,1.3280975699823008,0.21914849418051247,-0.6496105025976902,23.020381212234497
1780877273.8740907,3.7819528769256463,1.326087320910252,0.21905597996977894,-0.6488135146204188,23.04424238204956
1780877273.8935392,3.7798977136376086,1.3239121489806904,0.21934857199567406,-0.6477603563648713,23.063690900802612
1780877273.9169252,3.777739899494282,1.3218937620771358,0.21895427227264544,-0.6469401868933677,23.087076902389526
1780877273.936868,3.775468598837569,1.31999899344508,0.21936363541765486,-0.6463301685469367,23.107019662857056
1780877273.9599073,3.773126719531997,1.3182186411800403,0.21904488877988765,-0.6458930633051185,23.130059003829956
1780877273.981433,3.770907863178628,1.316260200349553,0.21921249940718696,-0.6451783092272527,23.15158462524414
1780877274.0016437,3.768859257730368,1.3140724968075392,0.21940473323930781,-0.6440991921340533,23.17179536819458
1780877274.0238862,3.766613916779102,1.3121585356742602,0.21915737807724053,-0.6434424279813804,23.194037914276123
1780877274.0462868,3.76431579799918,1.3102975278176425,0.21945063742166404,-0.6428855288654338,23.21643853187561
1780877274.0655754,3.7622280511950636,1.308169841948921,0.2192054735913335,-0.6418949019677491,23.235727071762085
1780877274.0862849,3.7600221352783403,1.3061942010232366,0.21913926157208952,-0.6411453429156841,23.256436586380005
1780877274.1069388,3.7576770004602023,1.3043918863029784,0.2194259611116242,-0.6406771200367851,23.277090549468994
1780877274.1296191,3.755473308180001,1.3024160216678278,0.2191509340972045,-0.639928107032028,23.299770832061768
1780877274.152559,3.7532893765940067,1.3003948108601615,0.21939948945631063,-0.6391098100488652,23.322710752487183
1780877274.1737175,3.751053015908743,1.298452778205477,0.21941195356423468,-0.6384101958385058,23.34386920928955
1780877274.1976326,3.7487938118956543,1.2965442998946732,0.2192044450834335,-0.6377607210804932,23.36778426170349
1780877274.219563,3.7465915754496564,1.2945445238960067,0.21940846766829833,-0.6369768512243121,23.38971471786499
1780877274.2452145,3.744418081138736,1.292518598832817,0.21920583488736728,-0.636138811580591,23.415366172790527
1780877274.269395,3.742102523356777,1.290668689820757,0.2194604069347095,-0.635584523927982,23.439546823501587
1780877274.290002,3.7398998532243652,1.2886758608993996,0.21930680894991975,-0.6348040063767062,23.460153818130493
1780877274.3139036,3.737667487248901,1.2867172315847986,0.21931005968537898,-0.6340731683196257,23.484055280685425
1780877274.3349812,3.7353825705994823,1.2848262752327426,0.2193514406280921,-0.6334545195760044,23.505132913589478
1780877274.358248,3.7331815247500972,1.2828185376012107,0.21949049911394983,-0.6326492927688605,23.52839970588684
1780877274.38135,3.7309003194461687,1.2809262330884859,0.21933400407123257,-0.6320205294937238,23.551501750946045
1780877274.4019444,3.7287017546266505,1.2789134873961368,0.2193502949316968,-0.6312096969524394,23.57209610939026
1780877274.42534,3.7264738866165925,1.2769410609472498,0.21934072769833168,-0.6304563316837588,23.595491647720337
1780877274.4456816,3.724144525568704,1.2751011472592015,0.2194333521709027,-0.6299169492423684,23.615833282470703
1780877274.4681163,3.721941164417098,1.2730880832988825,0.219516120536291,-0.6291075023464203,23.638267993927002
1780877274.4928894,3.719654117079682,1.2711919754544196,0.21947010421308155,-0.628478457835342,23.66304111480713
1780877274.5148678,3.7174589772470568,1.2691693872228746,0.21936362263496573,-0.6276512099541249,23.685019493103027
1780877274.5371535,3.715142770875827,1.2673049967889662,0.21944525987672106,-0.6270707993200699,23.707305192947388
1780877274.5579884,3.7128932073509198,1.265351354535679,0.21942130848213257,-0.6263442647453412,23.728140115737915
1780877274.579505,3.710636297799373,1.2634056349938316,0.21938991746310965,-0.6256260944919014,23.749656677246094
1780877274.6018202,3.7084027939177737,1.2614234123404555,0.2194123233121431,-0.6248561125378167,23.771971940994263
1780877274.6224008,3.7061148428867274,1.2595165600958134,0.2194114036190926,-0.6241983825511519,23.79255247116089
1780877274.6452842,3.703868830059493,1.2575481054298856,0.2194236163562978,-0.623450671689854,23.815435886383057
1780877274.6655886,3.7015969890741878,1.2556149184075993,0.21943321181305034,-0.622752448433677,23.835740327835083
1780877274.6883569,3.6992679461491638,1.2537611704825038,0.2193577929113024,-0.6221780623488105,23.858508586883545
1780877274.7097569,3.697056017012084,1.2517350233765123,0.2195189408427509,-0.6213419759494077,23.879908561706543
1780877274.7302217,3.694708410842928,1.249905252949262,0.21939407795528193,-0.6208011943287683,23.900373458862305
1780877274.7596385,3.6924459589503487,1.2479522408034847,0.2193553305229541,-0.6200710325382688,23.929790258407593
1780877274.778361,3.690233906848281,1.2459253276663935,0.21933629895560364,-0.6192225487974672,23.94851279258728
1780877274.7965178,3.687933740005548,1.2440147882481927,0.21955435764508208,-0.6185567228646067,23.96666955947876
1780877274.8205607,3.685607118841298,1.2421547413720089,0.21924862276031568,-0.617962053713689,23.9907124042511
1780877274.8407853,3.683348153960075,1.2401790919250684,0.21952624378337318,-0.6172004814078207,24.010936975479126
1780877274.863274,3.6811433287300694,1.2381443930212848,0.21924752235231468,-0.6163310980905212,24.03342580795288
1780877274.885197,3.6787987838977907,1.236289749445055,0.21944552002366347,-0.6157459165741805,24.05534863471985
1780877274.9059267,3.6764450491977914,1.234456443279334,0.21928991818678856,-0.6151930076895407,24.076078414916992
1780877274.929744,3.674193041430497,1.2324643439257543,0.21958285859926224,-0.6144013979855734,24.0998957157135
1780877274.9512484,3.6719420178178646,1.2304883860843305,0.21928602703235267,-0.6136195923010592,24.121400117874146
1780877274.9737043,3.6695747610365808,1.22866043653873,0.21942168155994543,-0.613069435945953,24.143856048583984
1780877274.9950294,3.667203392891759,1.2268487019254009,0.21923770173810553,-0.6125427989004866,24.165181159973145
1780877275.0158162,3.6649717362095675,1.2248249549090702,0.2193958123258212,-0.6116976647346877,24.185967922210693
1780877275.0414536,3.662740557051259,1.2228018788371067,0.21942387467629,-0.6108461327292138,24.211605310440063
1780877275.0613358,3.6603638288850866,1.2209842531750548,0.2195437843587639,-0.6103119789375757,24.2314875125885
1780877275.0836926,3.658114555680097,1.2189928513903479,0.21929984374805725,-0.6095081748928495,24.253844261169434
1780877275.10596,3.6557996940157276,1.2170826320671442,0.2194072693232222,-0.6088287857122063,24.276111602783203
1780877275.1290286,3.653440016579449,1.2152391383671466,0.2193854055172995,-0.6082560974212847,24.299180269241333
1780877275.1515257,3.6511888187576016,1.2132313681008464,0.2196027098241196,-0.6074285624965015,24.321677446365356
1780877275.1729858,3.648830552246175,1.2113906591606198,0.21936860966451907,-0.6068475170160283,24.343137502670288
1780877275.1947317,3.6465529040799303,1.209422524198539,0.21939017554044474,-0.6060812429155642,24.364883422851562
1780877275.2164369,3.6442839270564873,1.2074460087849466,0.21927962555373415,-0.6052943220570901,24.38658857345581
1780877275.236153,3.641870838690111,1.2056647064578463,0.21951025437775112,-0.6048106720742052,24.406304597854614
1780877275.2595923,3.639583468620071,1.2037126820092463,0.21933703581552527,-0.6040637411252932,24.429744005203247
1780877275.2800226,3.6372618328497732,1.2017986153048965,0.21946959129947397,-0.6033723529757831,24.45017433166504
1780877275.3041875,3.634883172646984,1.1999753198074394,0.21934303327444407,-0.6028201207397599,24.474339246749878
1780877275.3257868,3.6326280546582606,1.1979591897930344,0.219553080972532,-0.6019795819607481,24.495938539505005
1780877275.3466604,3.6302689835859754,1.1961050386073737,0.2193904706712248,-0.6013778934666383,24.516812086105347
1780877275.3694632,3.627982726980723,1.1941360716778813,0.21942683756141002,-0.600611258561317,24.53961491584778
1780877275.3896275,3.6256818754382634,1.1921915157309846,0.219349844419711,-0.5998740779185363,24.559779167175293
1780877275.4135664,3.623255782904851,1.1904203334496621,0.2194946040457877,-0.5994055895553188,24.583718061447144
1780877275.438571,3.620912939758416,1.1885389281908063,0.21929829239646734,-0.5987639933486193,24.608722686767578
1780877275.4589605,3.6186496172990634,1.1865292110239134,0.2193507729649788,-0.5979251393558074,24.629112243652344
1780877275.4808764,3.6163666497676195,1.1845537357128406,0.21924180606620575,-0.5971302681288932,24.651028156280518
1780877275.5047436,3.6139404025370916,1.1827753001362866,0.2195241685407437,-0.5966408707442876,24.67489528656006
1780877275.5262463,3.6115364420077354,1.1809816536625375,0.21921094392295087,-0.5961236513458124,24.69639801979065
1780877275.54802,3.6092490661522674,1.1789996978971373,0.21936852782783295,-0.5953282602858394,24.7181715965271
1780877275.568875,3.606922725887174,1.1770741183978355,0.21950272531437606,-0.5946111482556882,24.73902678489685
1780877275.5913749,3.6044843222198906,1.175327234710514,0.21924235696311328,-0.594163276551352,24.761526584625244
1780877275.6134446,3.602177586953389,1.173371469358509,0.21934678330857718,-0.5934063134442353,24.78359627723694
1780877275.6326869,3.599913075803106,1.1713491908766467,0.21951208836561756,-0.5925447403809208,24.802838563919067
1780877275.657698,3.5974714487498436,1.1696004827965503,0.21937968570319294,-0.5920842723053821,24.827849626541138
1780877275.678403,3.595176396888126,1.1676265936879384,0.2193721404089945,-0.5912905918048974,24.848554611206055
1780877275.703983,3.5928666011532675,1.16567881243205,0.21921861869565776,-0.5905260719373846,24.87413477897644
1780877275.7258575,3.590445411718706,1.163879749195316,0.21957396867167783,-0.5899971791241181,24.89600920677185
1780877275.7488444,3.588068395738992,1.1620372579218803,0.21923093390007112,-0.5893869463150603,24.91899609565735
1780877275.7707467,3.5857523550925534,1.160083991783103,0.21940303308925982,-0.5886155366841099,24.940898418426514
1780877275.790884,3.5834417129660205,1.1581321621856577,0.21931310100113355,-0.5878374793349495,24.96103572845459
1780877275.8141315,3.580995614054742,1.1563727857518347,0.21949446907263861,-0.5873563637080301,24.984283208847046
1780877275.838511,3.578609728970437,1.1545349418006476,0.21932402452611074,-0.5867521279152093,25.008662700653076
1780877275.859418,3.5763349213917937,1.15251995731014,0.2193595980906807,-0.5858785541730032,25.029569625854492
1780877275.8842704,3.5739884351443276,1.1506168344813736,0.219294580987302,-0.5851679948257478,25.05442214012146
1780877275.9044728,3.5715215983589794,1.1488860164172698,0.21946751615990395,-0.5847242914155406,25.07462453842163
1780877275.928448,3.569168550878454,1.1469917571900288,0.21939572264394824,-0.5840308157987533,25.098599672317505
1780877275.9505687,3.566847679584446,1.145046983449075,0.21930717804557348,-0.5832576061108954,25.120720386505127
1780877275.9712176,3.564422018317116,1.143254601513123,0.21940891116593053,-0.5827131110811052,25.141369342803955
1780877275.99325,3.5620627284629376,1.1413654431525262,0.21935927197761806,-0.5820260756365845,25.16340160369873
1780877276.0134454,3.559701495274814,1.1394767033863287,0.21935261219528834,-0.5813362541674345,25.183597087860107
1780877276.035877,3.557308667920581,1.1376346150940428,0.21937349478690632,-0.580718398576999,25.206028699874878
1780877276.0578187,3.554965003904003,1.1357166073091687,0.21938660195270074,-0.5799818332782052,25.227970361709595
1780877276.0788262,3.5525471688237795,1.1339097374188392,0.21944098883365049,-0.5794136993302375,25.24897789955139
1780877276.1008809,3.550185146180554,1.1320188436126255,0.21943995658661256,-0.5787161767541513,25.271032571792603
1780877276.122631,3.5477859566162837,1.1301861696203348,0.21938421095618615,-0.5781091206087603,25.2927827835083
1780877276.1474335,3.545426627328306,1.1282882625430355,0.21941603772411236,-0.57739920216344,25.317585229873657
1780877276.170507,3.5430142003451017,1.1264728256763699,0.21937897669207873,-0.576812962956923,25.34065866470337
1780877276.190758,3.5406538854457588,1.1245759847265104,0.2193886286670794,-0.5761021083240201,25.360909700393677
1780877276.2152882,3.5382478043894827,1.122747589463004,0.2194161171250347,-0.5754966723171817,25.3854398727417
1780877276.2386794,3.535858755858727,1.1208924720593019,0.21943325898936275,-0.5748496323612882,25.408831119537354
1780877276.2582934,3.5334718402939638,1.1190355399139988,0.21939284025195405,-0.5741997222620681,25.4284451007843
1780877276.2799363,3.5310912330736337,1.1171654328836964,0.2194516090951758,-0.5735328314481176,25.450088024139404
1780877276.3006055,3.528677923463935,1.1153477567451544,0.21941330393270056,-0.5729433202136769,25.470757246017456
1780877276.3235788,3.526301247892296,1.1134747980291535,0.21932672710408793,-0.5722675362039769,25.493730545043945
1780877276.3461096,3.523906393256432,1.1116259257071122,0.2193418577741452,-0.571630117206098,25.516261339187622
1780877276.3654573,3.5214902800531886,1.109810651690774,0.21932875231942475,-0.5710376414009914,25.535609006881714
1780877276.3889117,3.5191214974729292,1.1079179202041127,0.21939761224397716,-0.5703318396736861,25.55906343460083
1780877276.409197,3.516704734200941,1.1061029068981911,0.21936958020749192,-0.5697417227304689,25.57934880256653
1780877276.4311743,3.514295300989454,1.1042751263919266,0.21939387842909627,-0.5691303802199372,25.60132598876953
1780877276.4523106,3.5119174474605503,1.102397088442521,0.2194024183648625,-0.5684382686510294,25.622462272644043
1780877276.4734793,3.5094873747017856,1.1006039700614834,0.21932205369978683,-0.5678727365261582,25.643630981445312
1780877276.4957383,3.5071154707380163,1.0987153130619325,0.21935695186691437,-0.5671638595722319,25.665889978408813
1780877276.5164013,3.5046839612087117,1.0969216975849188,0.21931607041198192,-0.5665973140822058,25.68655300140381
1780877276.5392687,3.5022893895689147,1.0950690794911602,0.21931535020296625,-0.5659409828686424,25.709420442581177
1780877276.5637195,3.499875430165468,1.0932453362349588,0.21935408336040008,-0.5653269747544769,25.73387122154236
1780877276.584031,3.497474757823504,1.0914028234873754,0.2193174026711318,-0.5646838462736179,25.754182815551758
1780877276.607219,3.495061580026408,1.089580453427553,0.21925456166538831,-0.5640701354709416,25.77737069129944
1780877276.6274128,3.492644522385967,1.087762453387883,0.21923472396390464,-0.5634637972074539,25.79756450653076
1780877276.6506064,3.4902360270102486,1.0859268459917615,0.21932795642515368,-0.5628292852095451,25.82075810432434
1780877276.6743436,3.487831435550639,1.0840859288683677,0.21943846800277247,-0.5621835907574559,25.84449529647827
1780877276.6946926,3.4853837840216477,1.0823192766758616,0.21936059701869234,-0.5616486155593075,25.86484432220459
1780877276.7163732,3.4830381588203383,1.0803907530593106,0.21924324280059732,-0.5608696271904963,25.88652491569519
1780877276.7360215,3.480592157739624,1.0786160753061962,0.21932527352587372,-0.5603219007797962,25.90617322921753
1780877276.7585416,3.4781625377149545,1.07681880643146,0.219279366044076,-0.5597419072940335,25.928693294525146
1780877276.7808933,3.4757355658785705,1.0750170934320071,0.2192400879883262,-0.5591508045209217,25.951045036315918
1780877276.8022788,3.4733271798153456,1.0731823912474752,0.21929976828298686,-0.5585160877639943,25.97243046760559
1780877276.8270051,3.4709231563774177,1.071346802003841,0.21918695409439004,-0.5578712276289255,25.997156858444214
1780877276.847421,3.4684706709905218,1.069579991477135,0.21929799120095347,-0.5573358495343319,26.01757264137268
1780877276.8707185,3.466074728561358,1.0677251001219947,0.21941598498196682,-0.5566630406965056,26.040870189666748
1780877276.8919413,3.463627758366069,1.065964074232254,0.21913734555400713,-0.5561262483321538,26.062093019485474
1780877276.912304,3.4612129904575437,1.0641345345633195,0.21932321430036758,-0.555496394964095,26.0824556350708
1780877276.9338858,3.4588429459075076,1.0622462527592367,0.21918266646556808,-0.5547672208592958,26.104037523269653
1780877276.9577677,3.4563473178040813,1.0605485255700062,0.21936688955010472,-0.5543253623973747,26.1279194355011
1780877276.9774876,3.453881672066714,1.0588154486344479,0.21921288543818024,-0.5538278737881361,26.147639274597168
1780877277.0007076,3.4515271767798468,1.0568892105284793,0.21942617322322858,-0.5530441222972682,26.170859336853027
1780877277.0206468,3.4491023441895954,1.0550973273935336,0.2190615893855347,-0.5524508245113857,26.19079852104187
1780877277.0430253,3.4466398625122054,1.053341742873636,0.2193776774915299,-0.5519170843928229,26.2131769657135
1780877277.0656016,3.444217587866752,1.0515412189992104,0.21922088395560627,-0.5512977020945349,26.235753297805786
1780877277.085915,3.441804947251772,1.0497201904835691,0.2191315299679117,-0.550649566878489,26.25606679916382
1780877277.1080115,3.4393657581127455,1.0479321338541,0.21935091016572195,-0.5500541337799474,26.278163194656372
1780877277.1285644,3.43690307888184,1.0461938354760014,0.21929478620762013,-0.5495317810725364,26.298716068267822
1780877277.1520958,3.434508080028561,1.0443392001216465,0.21938376012985586,-0.5487802841430893,26.32224750518799
1780877277.173924,3.4320160795202965,1.0426517590957554,0.21924376189083367,-0.5482681393229201,26.344075679779053
1780877277.1965528,3.429635631380203,1.0407727382774048,0.21934309160929136,-0.547474928075661,26.36670446395874
1780877277.2174933,3.427216017478072,1.0389660918761963,0.21924291657760814,-0.5467852681983265,26.38764500617981
1780877277.2374017,3.424737603027713,1.037252102005694,0.21924098745911924,-0.5462438067921167,26.40755343437195
1780877277.258713,3.422320047808276,1.0354356286888138,0.2193158361491316,-0.5455514190723143,26.42886471748352
1780877277.2807074,3.4198596290626404,1.033691021039003,0.21938493601082543,-0.5449705518067858,26.45085906982422
1780877277.3006318,3.41746627940876,1.0318418946235948,0.2192871577028536,-0.5442311897026624,26.470783472061157
1780877277.3243716,3.4149505588989055,1.0301924290455555,0.21922741918503097,-0.5437934127693365,26.494523286819458
1780877277.3440921,3.412528159622507,1.0283873917536832,0.21923986376469076,-0.5431281828804493,26.514243841171265
1780877277.3671348,3.410120586902018,1.026558184489318,0.2192279266790146,-0.5424235382315445,26.537286520004272
1780877277.3891459,3.4076532842715794,1.0248240120703351,0.21934053631655223,-0.5418691071932837,26.559297561645508
1780877277.4097652,3.4052522916825665,1.0229869298170267,0.2192785947781105,-0.5411561072621449,26.579916954040527
1780877277.4308264,3.4027563172502586,1.021302283878601,0.21936301714525197,-0.5406783439985969,26.600978136062622
1780877277.4515254,3.4003956639296824,1.0194039044723835,0.21913030696831032,-0.5399358630091378,26.62167716026306
1780877277.4737532,3.397915996294283,1.0176924804685863,0.21922175291365711,-0.5394884655843057,26.6439049243927
1780877277.496877,3.395424379776987,1.0160004803092424,0.2192966866833397,-0.5390750853910231,26.667028665542603
1780877277.517048,3.3930311268300253,1.0141501299319164,0.21924587812480828,-0.5384163043611454,26.687199592590332
1780877277.5404599,3.390523310330716,1.0124846802485257,0.21937876697127043,-0.5380385627762609,26.710611581802368
1780877277.5603125,3.38812332157917,1.010647723890791,0.21929003728880736,-0.5374015107131309,26.730464220046997
1780877277.5846841,3.385607334028443,1.0090037193064865,0.21920314162172305,-0.5370492566359997,26.754835844039917
1780877277.6070492,3.383155407462876,1.0072504206121702,0.21918925454970495,-0.5365381483275593,26.777200937271118
1780877277.6271415,3.3807688693765794,1.0053824138557044,0.2192925287264379,-0.5358522630905678,26.797293186187744
1780877277.6499145,3.378285548382945,1.0036792217693398,0.21937921846159997,-0.535420324005917,26.820066213607788
1780877277.673279,3.375851752370773,1.001899663298642,0.21927933860134233,-0.534874801877737,26.843430757522583
1780877277.6934137,3.373377681527758,1.000185993699089,0.21920885180029928,-0.534425297873085,26.86356544494629
1780877277.715096,3.3709577526852192,0.9983778625183048,0.21922181450379488,-0.5338380753172043,26.885247707366943
1780877277.7382221,3.368508522912621,0.9966221419922183,0.2191878472293262,-0.533324162750243,26.908373832702637
1780877277.7607737,3.365997756733665,0.9949693314571183,0.21915265877139556,-0.5329723802628594,26.930925369262695
1780877277.7844439,3.3635481993076133,0.9932084964735858,0.21926436549703543,-0.532462514385589,26.9545955657959
1780877277.806234,3.361147171159951,0.9913717331943436,0.2191854650168607,-0.5318291173026091,26.976385593414307
1780877277.8294294,3.3586302430892427,0.9897216985419676,0.21942417014743124,-0.5314797637929156,26.99958109855652
1780877277.8523138,3.3562071033125154,0.9879314782348194,0.21911752263692566,-0.5309186569787814,27.022465467453003
1780877277.8778105,3.353748608922247,0.986182052290344,0.21930840685557798,-0.530420871818472,27.047962188720703
1780877277.9014938,3.351220207405551,0.984564579737762,0.2192385053871554,-0.5301149844823638,27.071645498275757
1780877277.9230769,3.3488443244709782,0.9826824993578571,0.2192351251311278,-0.5294189168751773,27.093228578567505
1780877277.946645,3.3463961872006998,0.9809296407061885,0.21906697267700004,-0.5289041603817748,27.116796731948853
1780877277.9669204,3.3438631486585253,0.9793032309460963,0.21941233090473547,-0.5285866444876124,27.13707208633423
1780877277.9942281,3.3413934485246233,0.9775970108979796,0.219029220412958,-0.5281396237567937,27.164379835128784
1780877278.016759,3.3389655525888022,0.9757925490432179,0.21930288974885598,-0.5275547211950653,27.18691062927246
1780877278.0409985,3.336556863248861,0.9739703888926633,0.21924617071054894,-0.5269351768693715,27.21115016937256
1780877278.0640774,3.3340041619832803,0.9723888967156575,0.2193533667729456,-0.5266763281834561,27.23422908782959
1780877278.0843797,3.3315748055497867,0.9706040812828843,0.21917555275431183,-0.526116064766053,27.254531383514404
1780877278.1068988,3.3291571200768946,0.9687948474003422,0.21913366043300278,-0.5255119709952845,27.277050495147705
1780877278.129239,3.3266135844630766,0.9671908645704649,0.21943073827836157,-0.5252162714033184,27.29939079284668
1780877278.1505754,3.324118885003395,0.9655285038247837,0.21900944124768107,-0.5248290229613959,27.320727109909058
1780877278.172375,3.3216763545772685,0.9637445865248618,0.2194326563627496,-0.5242725196495099,27.34252667427063
1780877278.1926622,3.319290588355846,0.9618894828909421,0.2191509538179271,-0.5235951622345492,27.36281394958496
1780877278.2163696,3.316779564237829,0.9602361199416325,0.21926704188521098,-0.5232176052415922,27.386521339416504
1780877278.2394629,3.3142237843571274,0.9586650330798167,0.21920793457060228,-0.5229637799489213,27.40961456298828
1780877278.2599635,3.311787285347044,0.956883737404708,0.219324071590467,-0.5224030433874836,27.430115222930908
1780877278.2813344,3.3093435298343086,0.9551259749742708,0.2190512332385418,-0.5218694151927021,27.451486110687256
1780877278.301815,3.306856575066569,0.9534230763528949,0.21940929183327043,-0.5214216289386542,27.47196674346924
1780877278.3246646,3.3043533428100242,0.951770651428237,0.219107960518199,-0.521038211633019,27.494816303253174
1780877278.347421,3.3018851312018267,0.9500353638276642,0.21940452743848352,-0.520540068471318,27.51757264137268
1780877278.3701375,3.299477437940889,0.9482138111993075,0.21919925129172002,-0.5199007588335363,27.540289163589478
1780877278.3938572,3.2969433835754236,0.9465982927554335,0.21937988231333352,-0.5195667462794642,27.564008951187134
1780877278.4171126,3.2944069437357,0.9450004321518795,0.21917343001567746,-0.5192549784084401,27.5872642993927
1780877278.4368286,3.291971773785287,0.9432099770490808,0.2193818197289967,-0.5186648040312027,27.606980323791504
1780877278.4594522,3.2895080518555377,0.9414829450533996,0.21920055291061988,-0.5181577882248418,27.62960386276245
1780877278.4792829,3.2869912191978172,0.9398406886881906,0.21921507971708934,-0.5177776417013753,27.649434566497803
1780877278.5032,3.2844816979988485,0.9381826008833071,0.21936597110744074,-0.5173741888684882,27.673351764678955
1780877278.524886,3.2820960087297224,0.9363158243020374,0.21921706712420644,-0.5166589719205783,27.695037603378296
1780877278.5451424,3.2796221071844442,0.9345991566030608,0.21921083083837578,-0.5161618264354413,27.715294122695923
1780877278.5677576,3.2770235263798013,0.9330933104142238,0.2194208240176681,-0.5159784584847791,27.7379093170166
1780877278.589263,3.2745989268108557,0.9312947200393606,0.21923238971159237,-0.5153636596323854,27.759414672851562
1780877278.6128788,3.2721550628873253,0.9295291147600484,0.21906634234531885,-0.5147876577475454,27.78303050994873
1780877278.6351845,3.2695952634509124,0.9279484087477006,0.21942110990986227,-0.5144865058920023,27.805336236953735
1780877278.6557715,3.267024716895706,0.9264118753221974,0.21910101325523107,-0.5142479603604793,27.825923204421997
1780877278.6818602,3.264558892468678,0.9246718544722611,0.219239551504244,-0.5137165047611858,27.852011919021606
1780877278.703697,3.262161291703816,0.922806959764894,0.21945168824878025,-0.5129970462139757,27.87384867668152
1780877278.726825,3.259589014504811,0.9212680729362195,0.2192624225988438,-0.5127440680102309,27.896976709365845
1780877278.7494738,3.257120517738587,0.9195372106126771,0.21921381706300075,-0.5122171183124369,27.919625520706177
1780877278.7712302,3.2546700595048748,0.9177662712131915,0.2193740585763565,-0.5116241902309424,27.94138193130493
1780877278.7955482,3.2520799936944016,0.9162509775704551,0.2193399251974995,-0.5114023814662887,27.965699911117554
1780877278.8160853,3.249632901196121,0.9144793811931443,0.21933961462581253,-0.510806430807321,27.986237049102783
1780877278.8407466,3.247146966192306,0.9127793510533979,0.2192139425921594,-0.5103075103573009,28.01089835166931
1780877278.8664258,3.2446177762612325,0.9111433933773371,0.219422598496303,-0.5099060789101699,28.036577463150024
1780877278.887227,3.2421282690175626,0.9094507130803341,0.21931467677159872,-0.5094147955897768,28.0573787689209
1780877278.9117465,3.2396302094917866,0.9077693369024078,0.21921863907051467,-0.5089377423747954,28.08189821243286
1780877278.9323292,3.237119143378827,0.9060999459578335,0.21940206278783195,-0.5084794926187302,28.1024808883667
1780877278.9582734,3.23461121613478,0.9044329146287082,0.21944909580585611,-0.5080207845176732,28.128425121307373
1780877278.9790053,3.2321048168431643,0.9027686364701303,0.21924763354667923,-0.5075614523022001,28.14915704727173
1780877279.0002623,3.2296025991677713,0.9010876871129608,0.21926952762258367,-0.507078580371592,28.170413970947266
1780877279.021942,3.2270919475606097,0.899415407115538,0.21945402007130585,-0.5066069097753587,28.19209361076355
1780877279.0428317,3.224556806567972,0.8977961842952599,0.21942608554376264,-0.5062080895985899,28.21298336982727
1780877279.065123,3.2221035115182595,0.8960301070394607,0.21931233465922068,-0.5055960942595124,28.23527479171753
1780877279.087964,3.2195551781802774,0.8944285669602487,0.21937015248907032,-0.5052176122196492,28.258115768432617
1780877279.1094532,3.217044484174642,0.8927629849557706,0.2192738351197803,-0.5047475978796827,28.2796049118042
1780877279.1321948,3.2145286500121264,0.8910963999813393,0.21942009282099717,-0.5042717963787058,28.3023464679718
1780877279.1567945,3.211958227502364,0.8895396777526616,0.21928736497878107,-0.5039540372783966,28.326946258544922
1780877279.1757338,3.2094941575721214,0.8877752492247254,0.2195163431440958,-0.5033377185675554,28.345885515213013
1780877279.1991427,3.207020062477463,0.8860499829267532,0.2191623193959678,-0.5027659481516453,28.36929440498352
1780877279.2192998,3.204446872499264,0.8844798005464909,0.2194239243862451,-0.5024205837467868,28.389451503753662
1780877279.243618,3.201852624255311,0.8829667563889776,0.21920059624126043,-0.5021525432093452,28.413769721984863
1780877279.2651572,3.199369485546349,0.88123585343803,0.219345698017657,-0.5015692125028677,28.435308933258057
1780877279.2867992,3.196932095449275,0.8794255706755805,0.2193170884673052,-0.5008633176842148,28.456950902938843
1780877279.3095472,3.1943763140891637,0.8778273284773955,0.21945457553341585,-0.5004627333385061,28.47969889640808
1780877279.3295398,3.1918009985241973,0.8762771444880172,0.21917638386717267,-0.5001254145579224,28.499691486358643
1780877279.352528,3.1892759312333983,0.8746158011902199,0.21940001902996023,-0.4996351495082445,28.522679805755615
1780877279.3751423,3.1868255391413722,0.8728274738547188,0.21933272815847868,-0.49895078851153896,28.545294046401978
1780877279.396578,3.1842408772903035,0.8712794051022447,0.2194524995673592,-0.4986132638611305,28.56672978401184
1780877279.419232,3.1817152602674263,0.8696330913854515,0.21920365414896886,-0.498131272220939,28.589383602142334
1780877279.4390242,3.179202288489709,0.8679398000358064,0.21958048819372772,-0.4975843461296825,28.60917592048645
1780877279.463851,3.1766419254069347,0.866364105294061,0.21917151886197292,-0.49719314397750214,28.634002685546875
1780877279.4869926,3.1740989545500464,0.864723942571269,0.21952494660232125,-0.49672006365713894,28.65714430809021
1780877279.5117013,3.1716322439873315,0.8629739504613226,0.21913952857969335,-0.49607615050459763,28.68185305595398
1780877279.5369003,3.169069901608935,0.8613690937838873,0.21948409021583487,-0.4956434014394926,28.707051992416382
1780877279.5595253,3.1664290321839497,0.8599359948295182,0.2191461780045752,-0.49545377187713546,28.729676961898804
1780877279.5810177,3.1638931923060953,0.8582914794634007,0.21921585394565,-0.49496576705676576,28.751169443130493
1780877279.602608,3.16146293322717,0.8564409096937458,0.21950617864526795,-0.49418236086542144,28.772759675979614
1780877279.6233895,3.1589254139438157,0.8548149586068294,0.21913437159333088,-0.4937054327961712,28.793541193008423
1780877279.6479218,3.1563269619514247,0.8532691449338614,0.21956558301516052,-0.4933499908875758,28.818073511123657
1780877279.668041,3.1537595744400497,0.8516992757755881,0.21915982252874977,-0.492946248469897,28.83819270133972
1780877279.6906888,3.1512533217039587,0.8499831189663639,0.21950817063637437,-0.49234411357507657,28.860840559005737
1780877279.713044,3.148792467589768,0.848209203740431,0.2191803649666203,-0.49164326795653546,28.883195638656616
1780877279.7329526,3.1462111609608656,0.8466422817694088,0.21928321890632216,-0.49124130057007687,28.903104305267334
1780877279.7575686,3.143567113102341,0.8451891456723992,0.21939871240711595,-0.49100346503342207,28.927720308303833
1780877279.7772393,3.141039901395034,0.8435238933053141,0.21940083283757367,-0.49045857544305616,28.947391033172607
1780877279.8007274,3.138555337136878,0.8417806708747302,0.21925367684369754,-0.4897995726518398,28.970879077911377
1780877279.8230267,3.135992606700232,0.8401759370823202,0.21932032748936828,-0.4893348674953155,28.993178367614746
1780877279.8431888,3.1333740618162254,0.8386715935081649,0.21944857904151363,-0.4890179616175656,29.01334047317505
1780877279.8694923,3.130866934024263,0.836965733926535,0.21941112426631276,-0.488409511275802,29.03964400291443
1780877279.8927798,3.1282987475521375,0.8353758482558354,0.21924220796900887,-0.4879607895288025,29.062931537628174
1780877279.9130297,3.125709179375718,0.8338082971386953,0.21956513065849806,-0.48755063908834106,29.083181381225586
1780877279.9347088,3.123220889924379,0.8320713099138645,0.21928836032662294,-0.4868896006158665,29.104860544204712
1780877279.9550195,3.120638487236796,0.8304990974715036,0.21930486251702397,-0.4864606834165137,29.125171184539795
1780877279.9771476,3.118030853670984,0.8289647933960133,0.21954775301902166,-0.4860931819176457,29.14729928970337
1780877280.000012,3.1155705159820206,0.8271733023420885,0.21921724906745532,-0.48534795177816203,29.17016363143921
1780877280.0192358,3.1130056045975767,0.8255637675359886,0.2192738137340964,-0.4848615984870386,29.189387559890747
1780877280.0413742,3.11033316253346,0.8241485863707602,0.2195254039241212,-0.4846529808786886,29.211525917053223
1780877280.0617046,3.107797794808021,0.8224949969271277,0.21922145097925155,-0.4840985392697217,29.23185634613037
1780877280.083008,3.105257727148429,0.8208252620899334,0.21948089053721553,-0.48352287501233393,29.253159761428833
1780877280.105657,3.1026695757403644,0.819268212240146,0.21927250833814824,-0.4830991029901597,29.275808811187744
1780877280.1250875,3.100099361070482,0.8176624703811703,0.21931912953765847,-0.4826099780224573,29.295239210128784
1780877280.150809,3.0975522518250815,0.8160105738491586,0.21949041399197847,-0.4820521553606185,29.320960760116577
1780877280.172001,3.094958395494978,0.8144606143129047,0.21924577837763168,-0.4816320466220083,29.34215259552002
1780877280.1958418,3.0923659475347023,0.8128851067696697,0.2195702472997116,-0.48118270070882874,29.36599349975586
1780877280.2179346,3.0898678456253807,0.8111532601143928,0.21930481523815337,-0.48050213940684383,29.388086318969727
1780877280.238895,3.087258409953444,0.8096215920274553,0.21930742569980977,-0.48012366698716047,29.40904664993286
1780877280.2609282,3.0846449837805485,0.8080992361223549,0.21955748042169299,-0.4798416116350923,29.431079864501953
1780877280.2815225,3.0821654591002217,0.8063569550799567,0.21933349835635246,-0.4792329670428619,29.451674222946167
1780877280.3058386,3.0795653968536447,0.8048536978728672,0.21927716061506172,-0.4789517437808226,29.475990295410156
1780877280.3298748,3.0769545454517155,0.8033755052482332,0.2195337322729555,-0.47870894465464753,29.50002646446228
1780877280.353345,3.0745226767184635,0.8015867890167486,0.21932995298576322,-0.47800956907176184,29.523496627807617
1780877280.3773787,3.0719836627264967,0.8000159174257198,0.21926189041713923,-0.4776096649354451,29.54753041267395
1780877280.3974872,3.0693452055598645,0.7986388993490466,0.2195000888929211,-0.4774806367411837,29.567638874053955
1780877280.420114,3.066853059080519,0.7970138698882948,0.21928527267560147,-0.4769916378202672,29.59026575088501
1780877280.4425504,3.0643491836172965,0.7954102423865236,0.2194530901128869,-0.47652387969011745,29.612702131271362
1780877280.4631543,3.0617777546313034,0.7939621515628889,0.21945306533893522,-0.4762670798890931,29.63330602645874
1780877280.4878979,3.059347677931342,0.7922550971194183,0.2194060301642772,-0.4756371839089133,29.65804958343506
1780877280.5091262,3.056829535042396,0.790736411520228,0.2193277653831869,-0.47526211903443105,29.679277896881104
1780877280.5314045,3.0542604022149655,0.7893284821828755,0.21928016459384794,-0.4750385190417603,29.70155620574951
1780877280.5541978,3.0517564685734393,0.7878080412112846,0.21928452591338957,-0.4746473535764295,29.72434949874878
1780877280.5746882,3.0493338263719805,0.7861357678678661,0.21948034306895128,-0.4740327676339282,29.744839906692505
1780877280.596658,3.046840609896138,0.7846285488764057,0.2194072275722018,-0.473640392199028,29.766809701919556
1780877280.619489,3.044327564849899,0.7831755154420185,0.21924537217847423,-0.47331799668613384,29.78964066505432
1780877280.6409304,3.041857269935887,0.7816361644598697,0.21953150730913568,-0.4728747081166085,29.811082124710083
1780877280.6641798,3.039459229768462,0.7799915476479938,0.21928817481822288,-0.4722670668335933,29.834331512451172
1780877280.7034395,3.036955023177808,0.7785529354665705,0.21945396886589158,-0.4719480301679506,29.87359118461609
1780877280.729682,3.034426637833033,0.7771917512050857,0.21919467967036965,-0.47173035282374265,29.89983367919922
1780877280.759732,3.031995101270107,0.775639092414976,0.2193321962221674,-0.4712418511603813,29.9298837184906
1780877280.7793593,3.0296042599545747,0.7740184425713225,0.21951996573127971,-0.4706450885434741,29.94951105117798
1780877280.8027556,3.027069882714605,0.7727087536143343,0.2193401507994062,-0.4704797346741385,29.972907304763794
1780877280.82324,3.0246498374914563,0.7711816685340044,0.21933157013430338,-0.4700040906525995,29.993391752243042
1780877280.8490593,3.022296166388653,0.7695385077292619,0.21923355239078718,-0.46935800268965133,30.019211053848267
1780877280.8721776,3.0198683259233854,0.7680505195413646,0.21928585787377666,-0.4689240466019582,30.04232931137085
1780877280.894487,3.0173574760183612,0.7667303650501998,0.21957935407870355,-0.46872757100965723,30.06463861465454
1780877280.91677,3.014992367931116,0.7651624950984468,0.2192128862085819,-0.46816772579364896,30.08692169189453
1780877280.9372315,3.0125799001100515,0.7636788911967305,0.21937957498291244,-0.46772114095715533,30.107383251190186
1780877280.9606264,3.0101011290215633,0.762349221577702,0.2193259934220267,-0.4674910925670237,30.130778074264526
1780877280.9842486,3.0077424762586378,0.7607865620611115,0.2195065392918515,-0.4669252356251805,30.15440034866333
1780877281.0047872,3.0053584024419,0.7593075408390729,0.21913758806823697,-0.46646357299685004,30.174938917160034
1780877281.0295389,3.0029330661480507,0.7578915747203642,0.2195636190892245,-0.4660945923955082,30.199690580368042
1780877281.050413,3.000521304046513,0.7564997874279771,0.2190923402695256,-0.46574257968809984,30.220564603805542
1780877281.0729835,2.998134101185783,0.7550330337867817,0.21952759585251752,-0.46529043876864984,30.24313521385193
1780877281.0975134,2.995816625003091,0.7534728581804683,0.21924083328236726,-0.46468935600962036,30.267665147781372
1780877281.117608,2.9933862119431787,0.7521341493979194,0.21929878694608612,-0.464395931266532,30.28775978088379
1780877281.1411965,2.990984379275858,0.7507539294995232,0.21927919294512907,-0.464041657014874,30.31134819984436
1780877281.1611702,2.9886616200740135,0.7492197132042183,0.21950349288249296,-0.46345357222271444,30.331321954727173
1780877281.183059,2.9862300779201525,0.7479320539985299,0.2192962664599951,-0.4632054628595803,30.35321068763733
1780877281.2068863,2.9838893494675607,0.7464664663028127,0.21930835022174425,-0.46270482060612794,30.37703800201416
1780877281.22708,2.981574755354952,0.7449620226063034,0.2192592820722963,-0.4621388891279077,30.397231817245483
1780877281.2512085,2.9791908216086314,0.7436005405427588,0.21941641917644367,-0.46177545659412855,30.42136025428772
1780877281.2709186,2.976823227446875,0.7422279730755093,0.21937475691288721,-0.4613921678720265,30.441070318222046
1780877281.2944055,2.974520650389767,0.7407370883659049,0.2192913424879568,-0.4608312636489842,30.46455717086792
1780877281.3162715,2.972141972139658,0.7394050128710533,0.21935010417269643,-0.46049389213324066,30.48642325401306
1780877281.3368268,2.969800729156872,0.7380108871740056,0.21942301084357918,-0.4600634325288291,30.506978511810303
1780877281.3606937,2.9675182675469034,0.7365174449464872,0.21926302631011194,-0.4594825754816627,30.530845403671265
1780877281.383335,2.9651341137734297,0.7352308219755455,0.21938487488373526,-0.45919238699031384,30.553486824035645
1780877281.4023104,2.9628256413596326,0.7338116150739568,0.2192809315595532,-0.4587103756018802,30.57246208190918
1780877281.4229777,2.960504806500227,0.7324265717060376,0.21921569740225574,-0.45826727530664124,30.5931293964386
1780877281.4433713,2.958168108092355,0.7310741142012546,0.21942395438847379,-0.45787254772960484,30.61352300643921
1780877281.4662309,2.9559079111189295,0.7295921613369778,0.2193327941312918,-0.4572844785541208,30.636382579803467
1780877281.4891906,2.9535310054390527,0.7283528057914576,0.21935981682549416,-0.45703608787721794,30.659342288970947
1780877281.512125,2.9512714899581285,0.7268889617319361,0.21932520311229425,-0.45646646287550396,30.682276725769043
1780877281.5333145,2.9489282265010335,0.7256060767081549,0.21929513560079542,-0.45614249867051315,30.703466176986694
1780877281.553933,2.9466458292336286,0.7242137885230837,0.21918539377926127,-0.4556630460575586,30.724084615707397
1780877281.5749116,2.944367121788264,0.7228146797763941,0.21930164158182336,-0.45516560293547403,30.745063304901123
1780877281.5976224,2.942033180757078,0.7215440698340115,0.21938593130011075,-0.454847986109971,30.76777410507202
1780877281.6193926,2.9398173572032618,0.7200525896954624,0.2192033789927781,-0.45420886501825786,30.789544343948364
1780877281.6402342,2.9375215162895625,0.7187324663624134,0.2191067697399948,-0.45380170086614635,30.810385942459106
1780877281.6605923,2.935187050536958,0.717491540758354,0.21924267309457054,-0.45350371761329455,30.83074402809143
1780877281.683145,2.932909131971372,0.7161516148754806,0.21932459629926657,-0.45305773132383464,30.853296756744385
1780877281.7060893,2.930704772432458,0.7146780521208098,0.2191967520019117,-0.4524138930990169,30.876240968704224
1780877281.7271333,2.9284094640331784,0.7133962629557136,0.21924122383208985,-0.45203734813239294,30.897284984588623
1780877281.7490306,2.9260977120604212,0.7121647873925225,0.21912994524618745,-0.45173020283338117,30.919182300567627
1780877281.7698395,2.923867824141838,0.71076376768481,0.2193168975302621,-0.4511811888480608,30.939991235733032
1780877281.792235,2.9216421412349476,0.7093770590618336,0.21921936999305494,-0.45063884144551025,30.96238660812378
1780877281.8187644,2.91932754774457,0.7081734945294361,0.21937610722659248,-0.450358699564783,30.988916158676147
1780877281.8391962,2.9171435618472055,0.7067267196398416,0.21914718658969146,-0.44972304405498376,31.009347915649414
1780877281.8635163,2.9148852379788353,0.7054333496633637,0.21919979586638205,-0.4493005060540223,31.033668041229248
1780877281.884925,2.912581482196047,0.7042395114640408,0.2193483723433772,-0.4490210429424204,31.055076599121094
1780877281.9060454,2.9104129737822544,0.7027899095482347,0.21918980131410268,-0.44836537231475804,31.076197147369385
1780877281.9294229,2.9081391442629685,0.7015587486102027,0.21929211663596737,-0.44801776060803356,31.09957456588745
1780877281.9515483,2.9058533514112126,0.7003745167260972,0.21911076780777386,-0.4477337179620968,31.121700048446655
1780877281.9754941,2.903661788409862,0.6989904079080612,0.21927941761714284,-0.4471645471620964,31.1456458568573
1780877281.9966836,2.901459888340683,0.697652085493894,0.2190943604213486,-0.44664850252272803,31.16683530807495
1780877282.0208087,2.8992062529063123,0.6964209928581235,0.21916988898547438,-0.44628511504760926,31.19096040725708
1780877282.043802,2.896964530792546,0.6951773611266745,0.21925666038894587,-0.44589788236043226,31.213953733444214
1780877282.0639377,2.8948284984923935,0.6937309889102781,0.2191073885352694,-0.4452063608651686,31.234089374542236
1780877282.0880508,2.892601659183879,0.6924757246671474,0.219222887300282,-0.44478544127267705,31.25820255279541
1780877282.113145,2.8903176276989173,0.6913600448241235,0.2190700746742816,-0.4445610233468442,31.283296823501587
1780877282.1352727,2.8881241257290706,0.6900539757695386,0.2192386677175857,-0.4440612930878767,31.305424451828003
1780877282.162222,2.8860036228736976,0.6886201446950948,0.21899668352347182,-0.4433718913722964,31.33237361907959
1780877282.1845028,2.8838034240659662,0.6873560937281622,0.21896464182080333,-0.442920259160676,31.354654550552368
1780877282.2066867,2.881525088673627,0.6862526820527124,0.21923850373300724,-0.44270056233665844,31.376838445663452
1780877282.2309878,2.8793179831270432,0.6850360470033858,0.2189662584424383,-0.4423085609093187,31.401139497756958
1780877282.250483,2.8771963997305137,0.6836242382138121,0.21921235261082941,-0.4416397048875065,31.420634746551514
1780877282.2726724,2.8750378340661666,0.6823254263468244,0.2189084969990197,-0.4411155604589627,31.442824125289917
1780877282.2934115,2.8728023200814743,0.6811685331389908,0.21930810504017417,-0.4408001213993944,31.463563203811646
1780877282.3156152,2.8705720117069347,0.680046602263718,0.2189336327406081,-0.44052406728421456,31.485766887664795
1780877282.3396735,2.8684347661836638,0.6787152239683141,0.21902250521130098,-0.43995125918770217,31.509825229644775
1780877282.3600662,2.8663268743238626,0.6773267091886279,0.21923655204850664,-0.43928695840638854,31.53021788597107
1780877282.3819418,2.8640662324708996,0.6762900413075921,0.21909002322783971,-0.4391215772907877,31.552093505859375
1780877282.4028704,2.8619220256519937,0.6750135500381096,0.21894980334673927,-0.4386125609530658,31.57302212715149
1780877282.426106,2.8598134797371775,0.6736507986658699,0.21926201324236672,-0.43797555534583,31.59625768661499
1780877282.4475663,2.8576333178519544,0.6724844321523381,0.21887005564169357,-0.4376035808248617,31.6177179813385
1780877282.4684305,2.8554515820040187,0.6712944583584087,0.2192468527335144,-0.43720278957473147,31.638582229614258
1780877282.493659,2.8533373343051864,0.6700060392976079,0.21890677969136177,-0.43664671165739843,31.66381072998047
1780877282.514742,2.8511734943428104,0.6688035188547671,0.2191556726846905,-0.4362149533213926,31.68489360809326
1780877282.536138,2.848982168791122,0.6676903690406895,0.21906019100091165,-0.43590516163722093,31.706289768218994
1780877282.557255,2.846906430799768,0.6663273970903161,0.21912002514226575,-0.4352421074727322,31.7274067401886
1780877282.577141,2.8448165499062443,0.665018195036122,0.21891209106767548,-0.4346423648960287,31.7472927570343
1780877282.5990005,2.842619648173898,0.6639328008608408,0.21908170641339333,-0.4343660114835246,31.76915216445923
1780877282.6199691,2.8404370598299216,0.6628342674128186,0.21901390991917757,-0.43406969355605884,31.790120840072632
1780877282.6435652,2.83834849264811,0.6615396609279226,0.21911161382118305,-0.43348360284359755,31.813716888427734
1780877282.664964,2.83623088780923,0.660327814691081,0.2188784619657058,-0.43300876063950433,31.835115671157837
1780877282.68483,2.834085981574052,0.6591625581914747,0.21922908112246667,-0.43260377592928867,31.854981660842896
1780877282.7067127,2.8319621799971,0.6579912490091829,0.21884168291353423,-0.43217842719569344,31.876864433288574
1780877282.7269766,2.8298425234207913,0.6567850551198289,0.21928656230998664,-0.4317079048215766,31.897128343582153
1780877282.750148,2.8277671303404435,0.6555332664034801,0.21881921426124978,-0.43115791195619657,31.920299768447876
1780877282.7744265,2.825640732794523,0.6543610318927146,0.219245343621787,-0.43072702265088525,31.944578170776367
1780877282.7948363,2.823461381621111,0.6533461629663729,0.21896787739450418,-0.4305143117523742,31.964987993240356
1780877282.8183653,2.8213777000976754,0.6521162991719593,0.2190421266049421,-0.4299924299497784,31.98851704597473
1780877282.843201,2.8193433091576594,0.6507843812641203,0.21917499597674137,-0.42931422926658636,32.01335263252258
1780877282.8624818,2.8171723375289695,0.649773228348353,0.21905204337699047,-0.4290892993044464,32.032633543014526
1780877282.8860447,2.8151169673330245,0.6485147921971037,0.21897015384363885,-0.42850883064082046,32.056196451187134
1780877282.9061878,2.8130475156831647,0.647286090049555,0.2191101461769387,-0.4279621143469199,32.07633948326111
1780877282.9273872,2.8108722735194234,0.6463088478927242,0.21903736199864476,-0.42777750105348833,32.09753894805908
1780877282.9506595,2.8088327657755725,0.6450443641756334,0.21894076404389679,-0.42717594467290887,32.120811223983765
1780877282.971029,2.8067810906745048,0.643808618969892,0.21893787092836986,-0.4266110795207201,32.141180753707886
1780877282.993934,2.804686038360076,0.6426744398845571,0.21909967140687053,-0.4261913392498835,32.16408562660217
1780877283.014171,2.8025770264727625,0.641595204971159,0.21883617943737546,-0.42584261186880346,32.18432259559631
1780877283.0356495,2.800484530974856,0.6404646173030091,0.21915281922935895,-0.42542429336097776,32.205801248550415
1780877283.057433,2.798500566357074,0.639127662317462,0.21890120883298725,-0.42469502174999585,32.22758460044861
1780877283.0782394,2.796428229620168,0.6379836872945022,0.21892603513569903,-0.42424235786599107,32.24839115142822
1780877283.1008759,2.794272653178773,0.6370223353157787,0.21914532529059494,-0.4240544620486335,32.27102756500244
1780877283.1211662,2.792239540705063,0.6358200085301394,0.21892678161196313,-0.42351075595869014,32.2913179397583
1780877283.148291,2.790188708199206,0.6346507322611608,0.21897610377880275,-0.4230052070183006,32.318442821502686
1780877283.1712153,2.788089395443888,0.6335990421259169,0.21909043800870684,-0.4226637436103795,32.34136700630188
1780877283.1918156,2.7860737215331763,0.6323830322085265,0.2188323020737909,-0.42207941540221894,32.36196732521057
1780877283.215031,2.784060181990426,0.6311524544661381,0.2190283356364136,-0.4214706975827829,32.38518261909485
1780877283.2361338,2.7819096580116294,0.6302443124116912,0.21902673834871783,-0.42132305496542966,32.406285524368286
1780877283.2597249,2.779877284408283,0.6290901782337566,0.2188055347551641,-0.4208222376292339,32.42987656593323
1780877283.2808328,2.777878045266522,0.6278405490295702,0.2192384134984179,-0.4201824570075643,32.450984477996826
1780877283.3018134,2.775829688640725,0.626754013900701,0.2187267336580949,-0.4197628097465089,32.471965074539185
1780877283.3229284,2.773755158336606,0.6256854210625569,0.21925436825176656,-0.41937913597128773,32.493080139160156
1780877283.3431766,2.771727511594566,0.6245722116047062,0.21868913600213,-0.4189150556182919,32.513328313827515
1780877283.365019,2.7696873231315315,0.6234415775150342,0.21926900849715147,-0.418434465839995,32.535170793533325
1780877283.386697,2.7676708606545253,0.6223231907358447,0.21863382482856614,-0.417954198131127,32.556848764419556
1780877283.4082525,2.765632572697767,0.6212038958513031,0.21926778496946997,-0.4174825642555864,32.57840418815613
1780877283.4355373,2.7636088838809263,0.6201166284030021,0.21865560854599203,-0.4170402801921953,32.60568904876709
1780877283.4589128,2.761569570457084,0.6190253645314993,0.2191391127286481,-0.41659842507569644,32.62906455993652
1780877283.481562,2.7595506305767312,0.6179320345188263,0.21875530816711417,-0.41614180670480483,32.651713609695435
1780877283.5031192,2.7575322187276465,0.6168227731113185,0.21897342229147077,-0.4156636268148679,32.67327094078064
1780877283.5237222,2.7555175879440967,0.6157247909775208,0.2188364601587418,-0.41519512725678087,32.6938738822937
1780877283.5447204,2.753496619546466,0.6146502252821098,0.2187909372245524,-0.41475390422066916,32.71487212181091
1780877283.5673096,2.751478848042355,0.613559787355736,0.21899104351317708,-0.41428708983635154,32.73746132850647
1780877283.586896,2.749477525956458,0.6124694632265313,0.21868438750178845,-0.4138098135275041,32.75704765319824
1780877283.610437,2.7474626563412694,0.6113747455175157,0.21920189182380467,-0.413332914958243,32.78058862686157
1780877283.6315286,2.7454599031094866,0.6103142208510016,0.21865899332481437,-0.41288911582877974,32.80168032646179
1780877283.6554704,2.7434433660113626,0.609237831666741,0.21922913392330676,-0.4124335006225688,32.82562208175659
1780877283.677288,2.741465373258932,0.6081377123579307,0.21864145508707442,-0.41192734944864506,32.847439765930176
1780877283.6976874,2.739459689446604,0.607050567746939,0.21926517835943252,-0.41144892522402365,32.867839097976685
1780877283.719833,2.737446946029491,0.6060444975682996,0.21868545450989346,-0.4110714028814888,32.88998460769653
1780877283.740011,2.7354315490491072,0.6049990648291305,0.2192462377196954,-0.41064885207450885,32.910162687301636
1780877283.7611103,2.7335037529978923,0.6038094059021484,0.21872336879881957,-0.4100032437978953,32.93126201629639
1780877283.7837205,2.7315405118794094,0.6026701269207954,0.21903548961041064,-0.40943310086110696,32.953872203826904
1780877283.8051171,2.7294446485363832,0.601858462440133,0.21902695132254602,-0.40933006781910386,32.975268840789795
1780877283.8272562,2.727477641668825,0.6007699118675845,0.21873492550558846,-0.4088262825419653,32.99740791320801
1780877283.8491764,2.725537423126109,0.5995887191717104,0.2192315732162639,-0.40818920683956694,33.019328117370605
1780877283.8732145,2.7235897693240982,0.5984840094182283,0.2186572121254741,-0.4076447192542987,33.04336619377136
1780877283.8965747,2.721588095595799,0.5974583298243187,0.2191932869650307,-0.40722151097550974,33.06672644615173
1780877283.917659,2.719537203500963,0.5966013289098795,0.21871644034654789,-0.407030166136531,33.087810754776
1780877283.941273,2.717540571112097,0.5955975547403652,0.21881510537330656,-0.4066338172399169,33.111424684524536
1780877283.965748,2.7156568674043657,0.594332987950795,0.21908415274647,-0.40585652879102696,33.135899782180786
1780877283.9907765,2.7137125423111415,0.5932338084314214,0.21887857694881827,-0.40530564782784584,33.16092824935913
1780877284.0134828,2.711687887617937,0.5923311235702525,0.21873943603162466,-0.40503764252709695,33.183634519577026
1780877284.0339339,2.7096955933887092,0.5913236719762848,0.21926501330949547,-0.4046259054910717,33.2040855884552
1780877284.056761,2.7078071375444748,0.5901433369758011,0.21855505975174044,-0.40394746776374246,33.2269127368927
1780877284.0761778,2.7058831797122704,0.5889916404604352,0.2190934984167408,-0.40331718543499706,33.24632954597473
1780877284.0979743,2.7038017785064707,0.5882452047380308,0.21898473519412265,-0.40325819055956913,33.268126010894775
1780877284.12014,2.7017659087384325,0.5874126172096735,0.2186154121941046,-0.40307558279924294,33.29029178619385
1780877284.1399956,2.6998235445588437,0.5863453043359557,0.21867556306290936,-0.40255870177804143,33.310147285461426
1780877284.1628716,2.697977457983147,0.5850405716751139,0.21910826330762545,-0.40170327207149725,33.33302330970764
1780877284.1834123,2.6960875841406455,0.5838749621865759,0.21888670739308352,-0.40102926564051256,33.35356402397156
1780877284.206735,2.6940869678572725,0.5829729778041078,0.2188212223353894,-0.4007364445744219,33.37688660621643
1780877284.230528,2.6920927831362014,0.582044126765948,0.2190274858682342,-0.400407594062246,33.40067982673645
1780877284.2506695,2.6901534234894564,0.5810232798298797,0.2186999067340385,-0.39993253558270947,33.42082118988037
1780877284.2733142,2.6882159242854313,0.5799573365002805,0.21925210060678402,-0.39940014964075266,33.44346594810486
1780877284.2983642,2.6863156815277534,0.5788663493252886,0.21870157334875254,-0.39881612165294955,33.46851587295532
1780877284.3178058,2.6843592596316497,0.5778601812832714,0.21923773526077678,-0.39835939084699845,33.48795747756958
1780877284.3397255,2.6823406992817667,0.5770524870227228,0.2188551724177511,-0.3981769804641062,33.50987720489502
1780877284.3620918,2.6804051923408414,0.5760368394848039,0.2187827346053055,-0.39770115783668514,33.532243490219116
1780877284.3852956,2.6785287271197036,0.5748610323461681,0.21922836939990617,-0.39699669248878555,33.5554473400116
1780877284.4094574,2.6766408821060885,0.5737688860636325,0.2186526154941949,-0.39639572479220675,33.57960915565491
1780877284.432767,2.6746899824361883,0.5727826774142765,0.21909270329743016,-0.39595303247326097,33.60291862487793
1780877284.455784,2.672641817909486,0.5720632484032664,0.2189248766506407,-0.39588510405487565,33.625935792922974
1780877284.4764094,2.6707044565381173,0.57108903784802,0.21870973371040625,-0.39545030771593304,33.64656114578247
1780877284.501974,2.6688453990363876,0.5699041255818317,0.21902008393004596,-0.39472186836748824,33.672125816345215
1780877284.5241075,2.6669960030237974,0.5687201061118455,0.21894612967148214,-0.39397956895272745,33.69425916671753
1780877284.5473597,2.6650140662352655,0.567870379790726,0.21870611938348705,-0.39370736681920304,33.71751141548157
1780877284.568964,2.6630189806328293,0.5670129646704853,0.21931993497013164,-0.3934289342461206,33.739115715026855
1780877284.5900054,2.661116141174747,0.5660092174273289,0.2185608580276812,-0.39292708193560255,33.760157108306885
1780877284.6166067,2.6592060214096787,0.5649603622905242,0.2192050170484998,-0.39237137909251985,33.78675842285156
1780877284.6404355,2.6573127151331977,0.5639248402463939,0.21876581954435298,-0.39182111321842283,33.81058716773987
1780877284.6629236,2.655394872987744,0.562937937356797,0.2187579950015525,-0.3913435115477202,33.833075284957886
1780877284.6869245,2.653447925268701,0.5620014448163844,0.2191604958316986,-0.3909396677522654,33.8570761680603
1780877284.7089517,2.6515105450868703,0.561098931948257,0.2186270877655634,-0.3905717481990667,33.87910342216492
1780877284.7337902,2.649577050601352,0.560126846902871,0.21936829198754115,-0.39011825047742743,33.90394186973572
1780877284.7566261,2.647740904273532,0.5589932852675535,0.21866752068445136,-0.389417100649033,33.926777839660645
1780877284.7770057,2.6458866710782254,0.5578609505504019,0.21896348259626866,-0.38872332946984045,33.94715738296509
1780877284.7995918,2.6438863883037595,0.5571053061528969,0.21890539033623357,-0.3885550384024046,33.969743490219116
1780877284.8198853,2.641867055356479,0.556390715250718,0.2190715184109293,-0.3884528464361856,33.990036964416504
1780877284.8450596,2.6400259006552615,0.5552736799090663,0.21866589105081252,-0.38777329241964154,34.01521134376526
1780877284.869221,2.638178000600697,0.5541221505726179,0.21939134924508907,-0.3870508678265363,34.03937268257141
1780877284.891855,2.6362614694165956,0.5532072235437083,0.2187924111197385,-0.38664652619157946,34.06200671195984
1780877284.9140153,2.6342830728719924,0.5524193449076664,0.21886739750095946,-0.3864283568002089,34.08416700363159
1780877284.9357347,2.632388366857823,0.5514069436869491,0.21933020289395164,-0.38589956190649977,34.105886459350586
1780877284.9598105,2.6306041565327485,0.5501786365938794,0.2188174287481943,-0.38504650559665743,34.12996220588684
1780877284.9812343,2.6287213767404998,0.5491789698810994,0.21861825794269407,-0.38451347986044704,34.15138602256775
1780877285.0015953,2.6267530116670006,0.5483640408621204,0.21906483689378517,-0.38424699692973263,34.17174696922302
1780877285.0230274,2.624739500936479,0.5476840861382679,0.21910934797229,-0.3841702501722182,34.1931791305542
1780877285.0475376,2.62288124439005,0.5466472527143122,0.21873100907950396,-0.3835824400053225,34.21768927574158
1780877285.0657065,2.6210206864809047,0.5455679932030595,0.21935265823173383,-0.3829410685308292,34.23585820198059
1780877285.087664,2.6191509044306205,0.5445841491511071,0.21864674598167227,-0.382417070845527,34.25781559944153
1780877285.1081913,2.6172400837140133,0.5436410766427073,0.21925619313737277,-0.38196169502211186,34.278342962265015
1780877285.130766,2.6152964538762613,0.5428346744778089,0.21879002638345466,-0.38168778211729704,34.300917625427246
1780877285.156028,2.613352675848035,0.5420062326150972,0.21893519993719224,-0.3813863312755599,34.32617974281311
1780877285.1759439,2.61152892288041,0.5408770079017721,0.2191065915629314,-0.3806654746184224,34.3460955619812
1780877285.1990335,2.60972429132244,0.5397336338553835,0.21870864303652543,-0.3799084063859546,34.36918520927429
1780877285.219076,2.607829535308545,0.5387914111070051,0.2188699134258123,-0.3794390745966747,34.389227628707886
1780877285.2418287,2.6058294354606977,0.5381064992427025,0.21926583384106385,-0.37933109982086854,34.411980390548706
1780877285.2639177,2.603903691261,0.5372728438618575,0.21890222907434104,-0.3790068585105191,34.43406939506531
1780877285.2851748,2.602065284108416,0.5362190223112197,0.21873823139286794,-0.37836871405198114,34.455326557159424
1780877285.3078372,2.6002010340310284,0.5351879994195338,0.21939719814672448,-0.3777693707240388,34.477988958358765
1780877285.330062,2.5983132732308705,0.5342981754262658,0.21858285788750456,-0.3773504707073161,34.500213623046875
1780877285.3551962,2.5963913897754467,0.5334252984654664,0.21922462519831326,-0.3769687656299605,34.52534794807434
1780877285.3796554,2.594501415887366,0.5325190583392821,0.2189112809612594,-0.3765311136661076,34.54980707168579
1780877285.4028509,2.5926261294910544,0.5315773590644746,0.2187529228309875,-0.3760415335325491,34.573002576828
1780877285.428535,2.590742814248419,0.530616565864139,0.219349191611211,-0.3755319583366785,34.59868669509888
1780877285.4496195,2.58888024269988,0.529679831494706,0.21859076273180036,-0.37503880847934523,34.619771242141724
1780877285.473546,2.5869866494306892,0.5287488410476555,0.21933254398132526,-0.37456536016448716,34.64369773864746
1780877285.4957287,2.5850882179794126,0.5278957361177895,0.21878645378051864,-0.3741886881779788,34.66588044166565
1780877285.5160177,2.583183501087044,0.527039476774508,0.2187788729178403,-0.37380993512831395,34.686169385910034
1780877285.539106,2.581303727126574,0.5260871066895161,0.21938966641147006,-0.3733026958935026,34.70925760269165
1780877285.560442,2.579498954443922,0.5250198167547779,0.2186565367146015,-0.3726164430028076,34.73059368133545
1780877285.5833402,2.5776508567722995,0.5240022598836894,0.2191400387737898,-0.3720069607398857,34.75349187850952
1780877285.6055844,2.575656710859607,0.5233896045378215,0.21909395575410578,-0.37195599455813033,34.77573609352112
1780877285.627963,2.573744055621766,0.5225837067514342,0.2187598427462198,-0.37163988180910845,34.79811477661133
1780877285.6516469,2.571900096929849,0.5215796649674024,0.2189871328051453,-0.371045155532431,34.82179856300354
1780877285.6719224,2.5700986610876564,0.5204741547768531,0.21901933003294638,-0.37030693324511343,34.842074155807495
1780877285.6940866,2.5682663551686944,0.5194617096818042,0.21894650265262933,-0.36969400405893804,34.864238262176514
1780877285.7160714,2.566323839638934,0.5187259487770368,0.2190366068948472,-0.36946602066085177,34.88622307777405
1780877285.7360837,2.5643895333688334,0.5179694692688648,0.2191319713666689,-0.3692133641864621,34.906235456466675
1780877285.7595496,2.5625537317490497,0.5169875543709054,0.2188035645319375,-0.3686381381954096,34.92970132827759
1780877285.7836432,2.5606982319737974,0.5160102116261258,0.21934804920178533,-0.368075823105972,34.953794956207275
1780877285.8034115,2.558834904818966,0.51512289830131,0.21867799408367938,-0.36762489598942194,34.9735631942749
1780877285.8259923,2.5569406885752426,0.5142447860159937,0.21941505715610002,-0.36719925073145054,34.99614405632019
1780877285.848141,2.5550623492376654,0.5133994878408998,0.21875617712673084,-0.36680233535720985,35.01829266548157
1780877285.8698504,2.553168996902682,0.5125488101946152,0.21907881280417849,-0.36640305709614474,35.04000210762024
1780877285.8935282,2.5513372850769573,0.5115566225881047,0.2189907661586015,-0.36580439203585113,35.063679933547974
1780877285.9142833,2.5495174669559884,0.5105344661311234,0.2190419612507629,-0.3651607184744239,35.0844349861145
1780877285.9382224,2.547581687401787,0.5098124911406605,0.21912432977534493,-0.36493072915307234,35.10837411880493
1780877285.958497,2.545652959329169,0.5090977314550947,0.21879207241447357,-0.36471578433912066,35.12864875793457
1780877285.9807222,2.5437953219431018,0.5081716827186138,0.21898197429559974,-0.3642095953229254,35.15087389945984
1780877286.0014212,2.5420143061842944,0.5070388322683492,0.21935086430555342,-0.36341164592411745,35.17157292366028
1780877286.0236092,2.5401160031628183,0.5062532032713926,0.21898980545478577,-0.3630867771029678,35.19376087188721
1780877286.046714,2.5381817870601537,0.5055443991468095,0.21904063188288994,-0.3628771719082229,35.21686577796936
1780877286.0677717,2.536375970516038,0.5045077927324244,0.21894565003124883,-0.3622078676109024,35.23792338371277
1780877286.0903394,2.534548435238329,0.5035106704314237,0.21917478369274954,-0.3615919432579928,35.260491132736206
1780877286.1122627,2.53266120140978,0.502709201204841,0.2188259424187651,-0.36124191146408924,35.28241443634033
1780877286.1338284,2.5307683677184247,0.5018786040661665,0.2192733870449439,-0.3608593556525248,35.303980112075806
1780877286.1561348,2.528928103504449,0.5009585484023295,0.21892976180817064,-0.36034108583198954,35.32628655433655
1780877286.1767406,2.527069544971415,0.5000536050974519,0.21916806868947278,-0.3598469789570018,35.34689235687256
1780877286.1999388,2.5251902548653384,0.4992366482936752,0.21893953134468178,-0.35946934305632317,35.37009048461914
1780877286.2237253,2.5233234978083474,0.49836080401662086,0.21913008619128152,-0.3590149989999136,35.393877029418945
1780877286.245949,2.5214936813142668,0.4974174262390865,0.21890457720207737,-0.35845988046211197,35.41610074043274
1780877286.267406,2.5196108331075306,0.49658501289489326,0.2191906799452547,-0.35806181483100596,35.43755769729614
1780877286.2880967,2.517695464129947,0.49587530346062403,0.21896706246369457,-0.3578294591954507,35.45824837684631
1780877286.3098924,2.51586779883233,0.4949126284550422,0.21904312095510842,-0.35725245970908226,35.48004412651062
1780877286.3331625,2.5140772104900595,0.49385080710405904,0.21919106197391472,-0.3565289286548805,35.50331425666809
1780877286.3540914,2.5121561340796292,0.4931624779731039,0.21896054552318234,-0.35632008382012303,35.524243116378784
1780877286.3767028,2.5102728753807386,0.4923433575525613,0.21928432809153098,-0.3559398235559206,35.5468544960022
1780877286.3974562,2.5085119651524073,0.4912376504337457,0.2188775656366983,-0.35514877319614246,35.56760787963867
1780877286.420815,2.5066698795002673,0.49033210154494716,0.21885042595193582,-0.3546356736052285,35.59096670150757
1780877286.4453735,2.504731921435023,0.4896687999038802,0.21917290796269448,-0.35446000433309566,35.615525245666504
1780877286.466379,2.502819651465181,0.4889681627380751,0.21891774763337885,-0.35423154452781525,35.63653063774109
1780877286.488002,2.5009819808550304,0.48805038919345795,0.21907993094861677,-0.3536988071805025,35.658153772354126
1780877286.510527,2.4991822948343323,0.48704509357805775,0.21890460618677396,-0.35304155775789114,35.680678606033325
1780877286.5319889,2.4973516930015776,0.48611164215593633,0.2190658505057012,-0.35248312693678185,35.70214056968689
1780877286.5539253,2.4954069117673843,0.48549505818165917,0.21913767829321562,-0.35236382514856146,35.724076986312866
1780877286.574664,2.493559998318333,0.484624753743719,0.2189848183607339,-0.35189587019007273,35.744815826416016
1780877286.5960646,2.4917666334194197,0.48359310344019285,0.21921445416959448,-0.3511987341788978,35.76621627807617
1780877286.620219,2.4898426239380895,0.4829404915752443,0.2190415307528611,-0.35102201106056574,35.79037070274353
1780877286.6424956,2.487956927189538,0.4821913451663859,0.21875538953119564,-0.3507165018382441,35.812647342681885
1780877286.6660776,2.4861238750402763,0.48126443494996507,0.21915882771731188,-0.35016686191516655,35.83622932434082
1780877286.6869423,2.48436178802014,0.4801817118530026,0.21885793948804805,-0.3493898374284288,35.857094049453735
1780877286.7109337,2.4825269254385027,0.47928403096950256,0.21891620730565778,-0.3488714424508781,35.88108539581299
1780877286.7346463,2.4805911714982307,0.47865575261082194,0.21917063856267954,-0.34872826386878053,35.90479803085327
1780877286.7561357,2.4787014576543407,0.47792719916551285,0.2189174522230263,-0.3484459266851583,35.92628741264343
1780877286.7793558,2.47687912276006,0.47700655441091366,0.2189408153474345,-0.3478933184333006,35.94950747489929
1780877286.8003345,2.4750581837717855,0.47607454656274867,0.2190357030988388,-0.34732449402569987,35.97048616409302
1780877286.8212712,2.4732246792068953,0.4752123167896469,0.21866480353598028,-0.34684692192146604,35.99142289161682
1780877286.8427496,2.4713431056020196,0.47442305134763524,0.2193623273112344,-0.34647708222380125,36.012901306152344
1780877286.863711,2.469449199467163,0.47374958152115043,0.21867011949111279,-0.3462551312411426,36.033862829208374
1780877286.8853648,2.4675612513739753,0.4730022738373393,0.21906005350931437,-0.3459411048153389,36.055516481399536
1780877286.9054039,2.4658232145294496,0.4718673895129383,0.21898605255102543,-0.34508267411064075,36.07555556297302
1780877286.927879,2.464017766892683,0.47092498000693933,0.21881616119027586,-0.3444819667736163,36.09803080558777
1780877286.9508073,2.462113903803956,0.47025443100948,0.21881800847032593,-0.34426396006927273,36.12095904350281
1780877286.9712014,2.4602041878691114,0.46957882246538457,0.21917108836209892,-0.34404214372577924,36.141353130340576
1780877286.9954388,2.458366681276877,0.46876436537282373,0.2185505689821119,-0.34361659172841286,36.16559052467346
1780877287.017397,2.45652301972993,0.4678924866436087,0.21929841772854555,-0.34312272333452,36.18754863739014
1780877287.0455694,2.454749266521352,0.4669025441973884,0.2186669481181369,-0.3424483455371137,36.215721130371094
1780877287.068356,2.45294978620877,0.46594312599124327,0.21888541995464067,-0.34182054557819397,36.23850774765015
1780877287.0896516,2.45102788074488,0.46534011049894314,0.2188906700206413,-0.34168349614721727,36.2598032951355
1780877287.1131632,2.4491005043496905,0.464742979731521,0.21913145114775412,-0.3415632684366363,36.2833149433136
1780877287.133397,2.4473347379807557,0.46372984134954837,0.2187432836702459,-0.34085562269072245,36.30354881286621
1780877287.1559808,2.4455447802429715,0.46273691052271354,0.21925259788360277,-0.34017445076091857,36.32613253593445
1780877287.179054,2.443612585350402,0.4621907538905276,0.2189986791326455,-0.340107351751334,36.34920573234558
1780877287.200217,2.4417074310536218,0.46157815256605966,0.21861873352588376,-0.33995262219999756,36.37036871910095
1780877287.2231357,2.4398807819068478,0.46072399191664487,0.2186464937875838,-0.3394617684268333,36.39328742027283
1780877287.2476614,2.4381270566652584,0.4596410044917661,0.21912026366973575,-0.3386537345124623,36.41781306266785
1780877287.2672122,2.436317393021627,0.45874115205265376,0.219170087690424,-0.3380877382929697,36.43736386299133
1780877287.2888556,2.4343950345340533,0.45819097217973315,0.218825618392133,-0.3380081099816601,36.459007263183594
1780877287.30934,2.432544261215199,0.4574156130421572,0.21882993696475275,-0.33762350809493213,36.47949171066284
1780877287.3300836,2.4307867374254815,0.4563727111708262,0.21900259473146644,-0.3368603506190091,36.50023531913757
1780877287.3528793,2.428963196023078,0.45552011846807255,0.21909861088287794,-0.33635618330334305,36.52303099632263
1780877287.375707,2.4270622375492747,0.4549230031224699,0.21874640172375603,-0.3362053082910679,36.54585862159729
1780877287.3973749,2.4252045441710144,0.4541591992384484,0.21913510483322945,-0.33583257487257123,36.5675265789032
1780877287.4180756,2.423484393111356,0.4530378577566083,0.21895169747614013,-0.3349507799709661,36.58822727203369
1780877287.4423776,2.4216648930553077,0.4522151149649451,0.2185759840870285,-0.33447891812015795,36.612529277801514
1780877287.4655955,2.419777278476953,0.45154245869781523,0.21904255011559404,-0.3342209341592426,36.63574719429016
1780877287.4858847,2.417855846952574,0.45100323691543404,0.21892232626177785,-0.3341496308341658,36.656036376953125
1780877287.5100944,2.4160498119246983,0.4501448258660696,0.21867442397226886,-0.3336278715348904,36.680246114730835
1780877287.5303779,2.4142552492332467,0.44920558686846745,0.2192419278109757,-0.3329999435543769,36.7005295753479
1780877287.5562243,2.4124751040838217,0.4483049466039196,0.2185344743751083,-0.33240764253644706,36.72637605667114
1780877287.5788782,2.4106474647241516,0.44747191064340613,0.219072681237179,-0.33191804005949654,36.749029874801636
1780877287.6037996,2.4087076562339464,0.4470060525825555,0.21890490289227518,-0.3319351329288942,36.773951292037964
1780877287.6285632,2.4068221026886887,0.44639783854084375,0.21857076199830755,-0.3317548446897143,36.79871487617493
1780877287.6494918,2.4050135464067597,0.44554535999501327,0.2186415763974545,-0.33123365761741397,36.81964349746704
1780877287.6726162,2.4032732675099053,0.444470206914726,0.21917614309501007,-0.3304038485172751,36.84276795387268
1780877287.6959174,2.4014990456145653,0.443544445207025,0.21884371314680937,-0.3297679622427405,36.866069078445435
1780877287.7178729,2.3996328918995746,0.4428869829868732,0.21865526408787034,-0.32951067833986203,36.88802456855774
1780877287.7399962,2.39775681246106,0.4422130856253987,0.21922028569715157,-0.3292358640286728,36.91014790534973
1780877287.760886,2.3959398762737845,0.4414452398768586,0.21857100453639705,-0.3288156592277387,36.93103766441345
1780877287.7837148,2.3941122807356234,0.44063117733468904,0.21927867945119991,-0.3283413902979859,36.953866481781006
1780877287.8061764,2.392331598447895,0.43976274488214984,0.21858568942248632,-0.32777708263456695,36.97632813453674
1780877287.8282752,2.3905283265347976,0.43890650161350514,0.21893281518919697,-0.32723698411337976,36.99842691421509
1780877287.8529978,2.3886502390544564,0.438287348781337,0.2189540704588632,-0.327019723988073,37.023149490356445
1780877287.8736622,2.386761669777043,0.43772137255062005,0.21876694806367014,-0.32687471597575923,37.043813943862915
1780877287.8971858,2.384971445026025,0.43685710717853965,0.21868134057577168,-0.3263173996202129,37.06733751296997
1780877287.9184198,2.3832155666408084,0.4358587579523698,0.21926021427814849,-0.3255710796790945,37.088571548461914
1780877287.9392514,2.381397092381742,0.43511121613815673,0.21871203312131757,-0.32516314731535534,37.109403133392334
1780877287.9618979,2.3795184247370016,0.4345171455358523,0.21873054026953462,-0.3249736500974958,37.132049560546875
1780877287.9840012,2.3776974790977445,0.4337210949237718,0.21924160206609447,-0.32450954677604527,37.15415287017822
1780877288.0029938,2.375982120183404,0.4326806614761212,0.2186958348530212,-0.32369088393637435,37.17314553260803
1780877288.0239027,2.3741879085803435,0.4318527519008209,0.2185120502029694,-0.32316641633313026,37.19405436515808
1780877288.0439973,2.372318495080264,0.43121833834105044,0.2189524037480659,-0.3229188546148909,37.2141489982605
1780877288.065989,2.3704009104932378,0.43076171136955804,0.21881057590900324,-0.32291652354821787,37.236140727996826
1780877288.0876312,2.368551457103998,0.4301108152762421,0.21865866250757776,-0.3226404582523674,37.25778293609619
1780877288.1074958,2.366789392442508,0.42918363173483526,0.218741309792254,-0.3219825643482883,37.277647495269775
1780877288.1298902,2.3650496830193224,0.4281710105626347,0.21918215870521535,-0.3212027322430684,37.300041913986206
1780877288.1499844,2.3632252732892414,0.4274806248015084,0.2185684187794058,-0.32085672106202034,37.320136070251465
1780877288.1727064,2.3613587056137386,0.42685024950364503,0.21915230476888412,-0.32060604784985625,37.34285807609558
1780877288.194658,2.359550847233007,0.42610315131978393,0.2187004273727838,-0.32018472694975175,37.36480975151062
1780877288.21557,2.3577714825866916,0.4252475027337156,0.21877809316084196,-0.3196125218158157,37.3857216835022
1780877288.2396333,2.355954166310526,0.424490758124842,0.2190680229502066,-0.319178062008346,37.40978503227234
1780877288.2599685,2.354107804706727,0.4238763311673931,0.2186174283068944,-0.3189350636462085,37.43012022972107
1780877288.281918,2.3522784661053713,0.42314731210928314,0.2192102395866495,-0.3185439727616042,37.4520697593689
1780877288.303168,2.3505602640323335,0.4221535239876143,0.21864795258761283,-0.31777003514704294,37.47331976890564
1780877288.3232844,2.34879242451471,0.4212794103410936,0.21862800786793132,-0.3171625912996916,37.493436098098755
1780877288.3460932,2.3469314200858773,0.420683265125868,0.21880214401628437,-0.3169462129080385,37.516244888305664
1780877288.366931,2.345035302794851,0.4201938807076194,0.21894530809677334,-0.3168783401913027,37.53708267211914
1780877288.3901637,2.3432041584478625,0.4195528028842656,0.21847574884844223,-0.316592835548533,37.56031537055969
1780877288.4143138,2.3414075931737153,0.41875219724219687,0.2188769868638613,-0.3160943460448147,37.58446550369263
1780877288.436863,2.3397125385279924,0.41766160156312354,0.21901964860362516,-0.3151827047086764,37.607014656066895
1780877288.4596689,2.3378962021393628,0.4169753932569383,0.21863158708463934,-0.31482356369702647,37.629820585250854
1780877288.4799016,2.336013104856335,0.41646050514917593,0.21891472421012176,-0.3147123745929017,37.65005326271057
1780877288.5010393,2.334207599446998,0.41571068195658456,0.21909211577479284,-0.31427671466944807,37.67119097709656
1780877288.5241973,2.3324894516743617,0.4147350400747174,0.21871520674200387,-0.3135162757815104,37.69434905052185
1780877288.5468278,2.3306868332568342,0.41399211221841226,0.21873876314500348,-0.3130778073821898,37.71697950363159
1780877288.5688536,2.3288026545788525,0.41349125038035434,0.21905631844469745,-0.3129834920492276,37.73900532722473
1780877288.5891962,2.3269964378017076,0.412773597783814,0.2189265077670577,-0.3125867276572696,37.759347915649414
1780877288.613848,2.3252659966051246,0.41183597894466395,0.21870789811468164,-0.31187681427749414,37.78399968147278
1780877288.6364217,2.3234564905081734,0.41110799872580917,0.21902727703009892,-0.31145832446579025,37.80657339096069
1780877288.6581497,2.3215504063255974,0.41071299925016136,0.21888618834349208,-0.3115015198141635,37.828301429748535
1780877288.6811378,2.319759944144861,0.40997745279464265,0.21846855758606443,-0.3110698749011691,37.85128951072693
1780877288.7050433,2.3179885304272907,0.4091221245749603,0.21908929978742142,-0.31047760245041855,37.875195026397705
1780877288.7241058,2.3162766275556916,0.40814746549325254,0.2186389067167981,-0.30970651799201354,37.89425754547119
1780877288.7485151,2.3145008192371246,0.4073450465328226,0.2187297975293678,-0.30913023002342044,37.91866683959961
1780877288.7681696,2.312615806010774,0.406881511228902,0.2188851126577477,-0.30898035966410653,37.938321352005005
1780877288.7910216,2.310774400503178,0.4062708846402795,0.21922924580154252,-0.3086362483506955,37.96117329597473
1780877288.8132594,2.3090701940041507,0.4052814699878723,0.2188208492019025,-0.3077569978040593,37.98341107368469
1780877288.8330724,2.3072987973541483,0.40448960733695677,0.21865561221412042,-0.30715283606946375,38.00322413444519
1780877288.85496,2.305446376095921,0.4039282022847409,0.21891570000003047,-0.30687855372428263,38.02511167526245
1780877288.8773699,2.3035740568373497,0.4034472022814972,0.21888096186264297,-0.3067201868999496,38.04752159118652
1780877288.9008029,2.30178308317194,0.402721857313333,0.2187792720237116,-0.30622056910041495,38.07095456123352
1780877288.9225483,2.3000450614907697,0.40180533264287394,0.21900226805224737,-0.3054613601129934,38.09270000457764
1780877288.9429016,2.2982899285436162,0.4009772267471474,0.21878634102529507,-0.30481880136932293,38.11305332183838
1780877288.9662607,2.296449438498935,0.40040124405881033,0.2188823817675073,-0.30453006769963364,38.136412382125854
1780877288.9864979,2.294598423080563,0.3998626912365149,0.2188978576787812,-0.3042986626168602,38.156649589538574
1780877289.013389,2.292808343885548,0.3991485406043394,0.21875641479246236,-0.30382075702704725,38.18354082107544
1780877289.036003,2.2910515630070143,0.398298069307875,0.2190202473060905,-0.303160314317112,38.20615482330322
1780877289.0586426,2.2893132001228698,0.39743171535376526,0.2187519594591785,-0.3024722404416451,38.22879433631897
1780877289.0830429,2.287485000951576,0.3968332809312801,0.21874427497871385,-0.3021560943891921,38.25319457054138
1780877289.1037288,2.285615397557208,0.3963386850769835,0.219246153178004,-0.301994087382766,38.27388048171997
1780877289.129874,2.283857981060941,0.39555697423465497,0.2186454871177126,-0.3014289275259219,38.30002570152283
1780877289.1530504,2.2821087552645642,0.39468959971313444,0.21903317396960148,-0.30074872703793654,38.32320213317871
1780877289.1758828,2.2802617388648887,0.39416538785835764,0.21894685932366123,-0.30053992235582516,38.34603452682495
1780877289.1980786,2.27840792704412,0.3936832336846027,0.21862728840746284,-0.3003948107351322,38.36823034286499
1780877289.218829,2.2766270069848193,0.39294538157926606,0.21864405973535764,-0.2998986187085899,38.38898062705994
1780877289.24473,2.2749082321387095,0.39198049812590363,0.21909903039826423,-0.2990917274480869,38.41488170623779
1780877289.2661297,2.2731413737175767,0.3912111546467282,0.21892383903754953,-0.2985450441748365,38.43628144264221
1780877289.2872036,2.271290594181111,0.39071210839375625,0.21889611328886246,-0.2983795924182209,38.457355260849
1780877289.3131657,2.2694974018199865,0.39000394041946335,0.21914150876230767,-0.29793246714479915,38.483317375183105
1780877289.3336844,2.26778714852835,0.38906785720025655,0.21884652886816833,-0.29716235229195975,38.503836154937744
1780877289.355347,2.265984936205571,0.3884220401016564,0.21865721833712032,-0.29679191582282005,38.52549862861633
1780877289.3772333,2.2641278064026458,0.3879096748908052,0.21925668879028487,-0.29661671122769206,38.5473849773407
1780877289.397772,2.262329562819358,0.3872820125633891,0.21863694677196732,-0.2962765101526279,38.56792378425598
1780877289.4190333,2.2605548719166375,0.3865335037861279,0.21879973465311056,-0.29577275681884707,38.58918499946594
1780877289.445976,2.258783581338313,0.3857658793499487,0.21900553537844572,-0.2952444584327125,38.616127729415894
1780877289.4673474,2.2570214369721984,0.38502408777627395,0.21850771816795012,-0.29474669263376985,38.6374990940094
1780877289.4897811,2.2552156813364417,0.3843412211282068,0.21929254091215328,-0.2943390937572765,38.65993285179138
1780877289.5111742,2.253381342781122,0.38384734442498586,0.21863640321462396,-0.2941838523239899,38.681325912475586
1780877289.5353394,2.251538928084694,0.383324821877588,0.21888518968809215,-0.29399893859195725,38.705491065979004
1780877289.5577765,2.249823369200311,0.38240954996278803,0.2187257222207198,-0.29327135314715314,38.727928161621094
1780877289.577572,2.2480989525319055,0.38148689174479766,0.21916442641331743,-0.2925321206776026,38.74772381782532
1780877289.5995905,2.2462495874019375,0.3810323826291923,0.21879493066081665,-0.29243243189010126,38.769742250442505
1780877289.6198585,2.244381950778437,0.3806130248819098,0.21884066028753038,-0.29239260004026546,38.79001021385193
1780877289.645468,2.2426363056246,0.3798123813272318,0.21854368420036005,-0.2918243011663395,38.815619707107544
1780877289.6677449,2.24089193520799,0.3789388140409368,0.21930192894458533,-0.29116276052331536,38.83789658546448
1780877289.6898754,2.239152577060553,0.3781486938136831,0.21857411894354806,-0.29060289646581605,38.86002707481384
1780877289.712614,2.237368660190925,0.37743718826728173,0.2189635704509743,-0.2901610337325118,38.882765769958496
1780877289.7332768,2.235493221440884,0.3770541416397944,0.2189778080173721,-0.29016863291920547,38.90342855453491
1780877289.7605913,2.233656715249424,0.37656823085681806,0.21865897148795735,-0.29003641358557664,38.93074297904968
1780877289.7828352,2.2318910266076366,0.3758216947965445,0.21867844128989095,-0.28954951740889845,38.9529869556427
1780877289.8035836,2.230181245471904,0.3748577547597265,0.21916468602937805,-0.2887670256926054,38.973735332489014
1780877289.8259997,2.2284015153466012,0.3741618813543904,0.21915075258998243,-0.28834291761977715,38.99615144729614
1780877289.8462393,2.226532120570062,0.37379219471587705,0.21883517057995294,-0.2883711570161238,39.01639103889465
1780877289.8679678,2.2247454268756166,0.37313656908232823,0.21861641377205293,-0.28801017953991614,39.03811955451965
1780877289.8911479,2.223009524525661,0.3722711809734116,0.21897352297131864,-0.2873666076312693,39.061299562454224
1780877289.9110706,2.2212750183548926,0.3714100347689213,0.21921455931917921,-0.28672104768216844,39.08122229576111
1780877289.9334567,2.2194272740648544,0.3709779654801199,0.21881371333433458,-0.28666209509367757,39.10360836982727
1780877289.9539936,2.2176061752063614,0.3704190893552471,0.21892622940645418,-0.2864404505430467,39.12414526939392
1780877289.975554,2.2158870049644293,0.36952785018314976,0.2188966600149267,-0.28575852415321057,39.145705699920654
1780877289.997537,2.2141099536934483,0.3688076499725349,0.21919666401808546,-0.28530995718312635,39.167688608169556
1780877290.017909,2.2122639661545493,0.3683763403027071,0.21878207417289475,-0.28525461906372707,39.18806076049805
1780877290.0415127,2.2104675916698557,0.3677396470651254,0.21884077691070683,-0.2849282701400413,39.21166443824768
1780877290.0619285,2.2087485722894935,0.36683317646937263,0.21907793605078887,-0.2842286133748404,39.23208022117615
1780877290.0850778,2.206970323505049,0.3661400998068919,0.21906600337558224,-0.2838163030198211,39.255229473114014
1780877290.1079116,2.205129932918887,0.3656871039951857,0.21876527790089143,-0.28373414825668997,39.27806329727173
1780877290.1281018,2.2033236629742188,0.3650629433654747,0.21921774294923907,-0.28342846001370336,39.298253536224365
1780877290.1509466,2.2016357195816556,0.3640873609643955,0.21886258193452462,-0.28263170946193394,39.32109832763672
1780877290.1752303,2.199885351466251,0.3633141473601583,0.21872757996330694,-0.28211219390259323,39.34538197517395
1780877290.194135,2.1980494436641087,0.3628200518324899,0.21881840170093478,-0.28197622416971635,39.36428666114807
1780877290.2170806,2.1961805919021833,0.36242732410964945,0.21905863340037376,-0.2819831977819711,39.387232303619385
1780877290.2375388,2.1943875737843026,0.36182333810822626,0.21863908816367406,-0.2816972150985002,39.40769052505493
1780877290.2592752,2.192618917688332,0.36107144178634687,0.2191241295080999,-0.28121823203076124,39.42942690849304
1780877290.282478,2.1909145401863777,0.36015103002848775,0.2188117203203554,-0.28049730540815343,39.452629804611206
1780877290.3020065,2.189137328447716,0.35946277306255386,0.21884172902769386,-0.2800968762550218,39.47215819358826
1780877290.324604,2.1872811667422187,0.3590295137552404,0.21917283096565135,-0.28004766458646957,39.49475574493408
1780877290.3446147,2.1854664484564315,0.358495252446341,0.2187945299140733,-0.279860434336348,39.514766454696655
1780877290.3693116,2.183687800414919,0.3578076892559203,0.2189366124695098,-0.2794641490720289,39.53946328163147
1780877290.3914702,2.18193790852597,0.3570220430935618,0.2189487501760431,-0.2789348410113055,39.56162190437317
1780877290.4130116,2.180185924522578,0.3562607242410033,0.21883205261962463,-0.2784365123336334,39.583163261413574
1780877290.4355736,2.178352613819738,0.35575731348698,0.2190234112562586,-0.2782883641146827,39.60572528839111
1780877290.4558008,2.1765087952623245,0.355305451226567,0.21902077406551018,-0.2782181567504374,39.62595248222351
1780877290.477975,2.1747693755936344,0.3545056664027031,0.2187966661599885,-0.27766915691314065,39.64812660217285
1780877290.501807,2.1730054648946826,0.3537410721835622,0.2192572594118973,-0.27717084708782513,39.671958684921265
1780877290.5243382,2.171191803854342,0.3532257974155378,0.21870459946853676,-0.27700448285999135,39.6944899559021
1780877290.5493014,2.1693685488232197,0.3526654539515566,0.21928483846496877,-0.2767892793081921,39.71945309638977
1780877290.5696738,2.1676467841063682,0.35181538554910513,0.21886957660802334,-0.2761716039150932,39.73982548713684
1780877290.5911798,2.165887289231306,0.35107562865056496,0.21877805943119732,-0.27570152136699333,39.76133155822754
1780877290.6125376,2.164056849766541,0.3505578584261873,0.21914603654498352,-0.2755391302540775,39.782689332962036
1780877290.6328669,2.1622127653949827,0.3501337280309607,0.21880258089271123,-0.2755020931926935,39.80301856994629
1780877290.656307,2.160407150914956,0.34954657044670573,0.218878416291256,-0.2752477300909755,39.82645869255066
1780877290.6763732,2.1586743605496443,0.3486896455611594,0.21916567268158754,-0.2746253021371903,39.84652495384216
1780877290.6991699,2.1569087618010516,0.3479808580412532,0.21890526022185047,-0.2741973680033083,39.86932158470154
1780877290.7233658,2.1550894641307066,0.3474432530075127,0.21903882209727293,-0.27400776432822926,39.89351749420166
1780877290.744512,2.1532933386902293,0.346835279598917,0.21890039774195863,-0.27372263401285446,39.914663791656494
1780877290.768621,2.1515110488429876,0.3461662035258888,0.21903892181111226,-0.2733541741982468,39.938772678375244
1780877290.7891972,2.149729478552971,0.34550713924893417,0.21889854789691807,-0.27299788303137174,39.959348917007446
1780877290.8127072,2.1479391359452085,0.3448669956742634,0.21904186938042192,-0.2726688393804424,39.98285889625549
1780877290.8373485,2.1461409982761452,0.34426778720729817,0.2188996121864315,-0.27239391470910634,40.00750017166138
1780877290.8583696,2.144342903163828,0.343655574460822,0.2190475883912693,-0.27210278357386564,40.02852129936218
1780877290.8815334,2.1425635570941526,0.34298927817717967,0.21890959580780514,-0.2717376828127156,40.051685094833374
1780877290.9050913,2.1407870205971027,0.34230004739845704,0.21906071408349623,-0.2713418714097453,40.07524299621582
1780877290.9244466,2.138980279424235,0.34173286965506955,0.21891914496575282,-0.2711086734893202,40.09459829330444
1780877290.9481208,2.1371535714329286,0.3412249595040299,0.21905217039799704,-0.2709596988293663,40.11827254295349
1780877290.9695587,2.1354133829570907,0.3404063547166373,0.21909439187549767,-0.2703911968388377,40.139710426330566
1780877290.992211,2.1336620571613634,0.3396518338488766,0.21882456623144053,-0.2699009045110321,40.162362813949585
1780877291.014927,2.131838065415417,0.33913062967225,0.21896910998719657,-0.26973112343640704,40.185078620910645
1780877291.0342097,2.1299863328192594,0.338695583017375,0.21930650421106707,-0.2696846130648636,40.20436143875122
1780877291.058161,2.128250015521986,0.3378975798291279,0.21888501222301923,-0.26913994487118975,40.228312730789185
1780877291.0781147,2.1264771520410086,0.33719052584768733,0.2190128292864978,-0.2687160636443182,40.24826645851135
1780877291.1007473,2.1246215144089162,0.33678826200918016,0.21912979781817052,-0.26870927512893505,40.270899057388306
1780877291.1222317,2.1228450952891658,0.33610254581566235,0.21910472340996565,-0.26832236366645956,40.292383432388306
1780877291.144647,2.1211133388407575,0.33527201885967683,0.21888532857791984,-0.267729327603103,40.31479859352112
1780877291.1656687,2.1193048171374014,0.33470226260946007,0.21894136434608139,-0.26749357886484226,40.33582043647766
1780877291.1857471,2.117431104160982,0.3343554737602921,0.21915241041631592,-0.26756200783708683,40.3558988571167
1780877291.2076442,2.1156470789444453,0.3337263121604206,0.21876024919894607,-0.267246977239449,40.377795934677124
1780877291.2288048,2.1138773564863618,0.33297912357539333,0.21928592246548717,-0.2667761381627627,40.398956537246704
1780877291.2515752,2.1121144839665176,0.33228263070414565,0.21876068496141093,-0.26629081799777987,40.42172694206238
1780877291.2733028,2.11030214374145,0.33169382207867326,0.2192749431533095,-0.26593669185490043,40.44345450401306
1780877291.2931492,2.1084563782663963,0.3312937339658928,0.21885690091172258,-0.2658375794558685,40.463300943374634
1780877291.3165448,2.106657150633062,0.3306974539438342,0.21878744634495462,-0.26547979752975515,40.48669648170471
1780877291.3389857,2.104909264807246,0.32987943191002184,0.21918071169794046,-0.26482714344331093,40.50913739204407
1780877291.3593085,2.103139309628451,0.3291978830303178,0.21879216734485885,-0.2643554981643592,40.529460191726685
1780877291.380388,2.1013135777825918,0.328672296506916,0.2191637320621812,-0.26410607090380234,40.55053973197937
1780877291.401394,2.0994954581364262,0.32816505414798836,0.21880775177368925,-0.2638803805899408,40.57154560089111
1780877291.4305468,2.097682966662821,0.3275942141868268,0.21912620641768965,-0.2635746186456318,40.600698471069336
1780877291.4534347,2.095949393422368,0.32676587411541025,0.21890244586715868,-0.26291912697641395,40.62358641624451
1780877291.4749732,2.0941869319309796,0.3260442720502745,0.21871684354024687,-0.2624059028659329,40.64512491226196
1780877291.4968681,2.0923532187936043,0.3255557690894896,0.2189680313591005,-0.2622137532135489,40.667019844055176
1780877291.518586,2.090490993929926,0.3251657748130491,0.21934548209699462,-0.2621640421536333,40.688737630844116
1780877291.542373,2.088767063834635,0.3243135857219734,0.21897792973172692,-0.2615154567186426,40.71252465248108
1780877291.5659447,2.087026061840964,0.32352008006995464,0.21867759195323883,-0.2610020490707803,40.73609638214111
1780877291.5856683,2.085210174886793,0.3229776349034861,0.21876450764508412,-0.2608313829916513,40.75582003593445
1780877291.6078708,2.083325205212158,0.32266635373366753,0.21924477727962646,-0.2609773245391578,40.7780225276947
1780877291.632002,2.0815038850578698,0.3221842490929283,0.2187796252945462,-0.26089185790849134,40.80215382575989
1780877291.6508362,2.0797206603984617,0.3215335967607382,0.21875097956151326,-0.26049708049164666,40.820987939834595
1780877291.6742291,2.0779529558899714,0.3207808905005207,0.2192377890590942,-0.2599474328142235,40.8443808555603
1780877291.6947038,2.076206406156701,0.3200392582353903,0.21858941214451705,-0.2594039169447071,40.86485552787781
1780877291.7192614,2.074410367487129,0.3193999105778685,0.21905090464357646,-0.2590066605689585,40.88941311836243
1780877291.7416015,2.0725195226936717,0.3191545519973552,0.21904028853785001,-0.2591468146968463,40.91175317764282
1780877291.7637227,2.070712112760736,0.318615900539805,0.21869782162854218,-0.2589013288363051,40.9338743686676
1780877291.7877364,2.0689495889528104,0.3178726733088248,0.2189179226844171,-0.2583777937832985,40.95788812637329
1780877291.8085926,2.0671920330248126,0.3171149582221939,0.2189884788978273,-0.2578346457032423,40.97874426841736
1780877291.8301115,2.0654035867539045,0.31651124187850876,0.21868233671356851,-0.25749991186898136,41.00026321411133
1780877291.8533027,2.063580238247093,0.3159675182768032,0.2192987245674432,-0.2573271988214825,41.023454427719116
1780877291.8739634,2.061743719814538,0.31556482023345805,0.21873639579956528,-0.25735709647196003,41.04411506652832
1780877291.8969908,2.059933042789507,0.31500710186024555,0.2189087056741384,-0.25718460658864517,41.067142486572266
1780877291.9175775,2.05820366741008,0.314144644618262,0.2190799595757796,-0.25659331269857244,41.08772921562195
1780877291.9428554,2.0563952735066997,0.31358344882885275,0.2191793607526187,-0.2564034112873257,41.11300706863403
1780877291.965169,2.054539619724084,0.31323786928796576,0.2188647447122472,-0.2565063080030727,41.13532066345215
1780877291.9856308,2.052746155640911,0.3126333517899087,0.21884597220164828,-0.2562587526584168,41.15578246116638
1780877292.007675,2.051006902711767,0.3117937158687636,0.21919652525857722,-0.255693259014107,41.17782664299011
1780877292.028133,2.0492190589607,0.31118524748041826,0.21890093481621897,-0.2554314681854426,41.19828462600708
1780877292.0510283,2.0473772505707766,0.3107563753391183,0.21905632913195355,-0.25542003757685716,41.2211799621582
1780877292.072615,2.0456181981703176,0.31001705776537464,0.21905552911513637,-0.2549888671561322,41.24276661872864
1780877292.0930922,2.0438637489065496,0.30928017379716616,0.21883447448681964,-0.2545519284870439,41.26324391365051
1780877292.1158926,2.042039421750213,0.30878099847793083,0.219012147789947,-0.2544398627283404,41.28604435920715
1780877292.1354833,2.04017958090125,0.3084221546469741,0.2191172654177343,-0.2545216239454473,41.30563497543335
1780877292.1576707,2.0384174821528327,0.3077206818558133,0.21882964987282447,-0.25413437917189174,41.32782244682312
1780877292.1808789,2.0366354478305753,0.30704569289961015,0.21916670830159363,-0.25378303858398743,41.351030588150024
1780877292.201644,2.0348124447942286,0.3065796630336523,0.2189081023558027,-0.2537113593939475,41.371795654296875
1780877292.224829,2.03301892607071,0.3059609311856686,0.21909237830328782,-0.2534390894818568,41.394980669021606
1780877292.2457418,2.031275158937265,0.3051802713489904,0.21895259279990537,-0.252938468321533,41.4158935546875
1780877292.2670224,2.029449856061378,0.30471181112001594,0.21883343049654913,-0.2528607515514558,41.43717408180237
1780877292.2909834,2.027610957580594,0.304266364058021,0.21907462521678867,-0.2528200864367256,41.461135149002075
1780877292.3109925,2.025830598290633,0.3036349353960284,0.21886896191664404,-0.2525214575548893,41.481144189834595
1780877292.3346877,2.0240464502767397,0.3029899739951737,0.21895946995205137,-0.25220500495590015,41.5048394203186
1780877292.3590865,2.0222554531516947,0.30238356182813797,0.21900553264636557,-0.25193953677085323,41.52923822402954
1780877292.380767,2.020435836527673,0.3018940604195511,0.21888718525987064,-0.251830484499179,41.55091881752014
1780877292.4029047,2.018616028941618,0.3013893111670437,0.2190570596838081,-0.25170436915086425,41.57305645942688
1780877292.4230874,2.0168769244980975,0.3005831036519249,0.21903218825229503,-0.25116530797364955,41.593239068984985
1780877292.4491456,2.0150770671297904,0.3000274531312922,0.21885359464715554,-0.25096217445248614,41.61929726600647
1780877292.4726691,2.0132380196803696,0.2995966335068809,0.21900000754808377,-0.25093184171353666,41.642820835113525
1780877292.4933617,2.011424016833777,0.2990938823754783,0.21887175974996173,-0.25080381540870134,41.66351342201233
1780877292.517679,2.009663657366296,0.29835397283956344,0.21910624193305572,-0.2503540463812035,41.687830686569214
1780877292.5390327,2.007875345765237,0.29776002503128013,0.2188487124016115,-0.2500938480577384,41.709184408187866
1780877292.5611107,2.006051098323113,0.2972644949329287,0.2191318542306821,-0.24997387280291372,41.73126244544983
1780877292.5840116,2.00425745097535,0.29669482566772043,0.2189011319574999,-0.249749180424355,41.75416326522827
1780877292.6051536,2.0024688305977145,0.2960814413611085,0.218908437444937,-0.24946587367029283,41.77530527114868
1780877292.6263788,2.0006821398146046,0.29545773990841395,0.21905470954546674,-0.24916699359832029,41.7965304851532
1780877292.6468174,1.998862667003228,0.29498269497015134,0.21887228510168516,-0.2490674375988422,41.81696915626526
1780877292.6681402,1.997054617534947,0.2944388754843032,0.2190484509306693,-0.2488794748294545,41.83829188346863
1780877292.6912174,1.9952977495112656,0.29370809471870823,0.2190322703343909,-0.24842974808685936,41.861369132995605
1780877292.7116742,1.9934677914054821,0.293265330782262,0.21906699853777575,-0.24837282159298857,41.88182592391968
1780877292.7357981,1.9916804903200698,0.2926686540945409,0.21885155966165096,-0.2481077738116353,41.90594983100891
1780877292.756249,1.989893485291221,0.2920337600308321,0.21918537493746917,-0.24778836141469363,41.926400661468506
1780877292.7804434,1.9880656076636953,0.29161198108026537,0.2188363962615313,-0.24775575612545264,41.95059514045715
1780877292.8023677,1.9862677393763528,0.2910354843878335,0.21894517479476167,-0.24751948404191815,41.972519397735596
1780877292.8260353,1.9845151286580092,0.29027677131047575,0.2191463286234237,-0.247027556597752,41.99618697166443
1780877292.8523686,1.9826724480109656,0.2899065872873893,0.21893659582122899,-0.24706146892031278,42.022520303726196
1780877292.8726783,1.9808701543435463,0.2893719605071306,0.21876874474754016,-0.24687756979525988,42.04282999038696
1780877292.897499,1.9790997122514913,0.28866724587156534,0.21917737322863273,-0.2464622428065648,42.06765079498291
1780877292.919162,1.9773398882842144,0.2879937524139402,0.218679935720102,-0.24607991673959706,42.08931374549866
1780877292.9395301,1.9755252392183325,0.28747409127829604,0.2189951020636467,-0.24590964002432436,42.109681844711304
1780877292.9614022,1.97366213076603,0.28717616300945115,0.21896311305331,-0.246044768653634,42.13155388832092
1780877292.9817345,1.971892222202894,0.28652801090392954,0.21869380377378578,-0.24569958758929777,42.151886224746704
1780877293.0051723,1.9701181503400513,0.28583531250117306,0.21917397747810502,-0.24529616993899772,42.17532396316528
1780877293.0285423,1.9683444571134467,0.28523244313009055,0.21857005304231938,-0.24500573137036552,42.1986939907074
1780877293.049685,1.9665304903775402,0.28469143100098754,0.2192414372972698,-0.24480583787996935,42.219836711883545
1780877293.0744333,1.9646986718078165,0.2843180634568969,0.2186683789557218,-0.24482863116178866,42.244585037231445
1780877293.0979025,1.9628704684832952,0.28387190164918313,0.21888511341506592,-0.24475848643054654,42.268054246902466
1780877293.1167405,1.961136829745596,0.283066862090128,0.21887125508596783,-0.24419588588476104,42.28689217567444
1780877293.1391773,1.9593576975458404,0.28240982087978783,0.2192791016881112,-0.24383117744388771,42.30932903289795
1780877293.1595275,1.9575011147090309,0.28214161473029836,0.2187599692304928,-0.24399156690182666,42.32967925071716
1780877293.1833677,1.9556827746570482,0.2816953746267812,0.2185210446185072,-0.24391676521660344,42.353519439697266
1780877293.2056296,1.953910331490314,0.2810253581457366,0.21880813837465884,-0.24353799563205047,42.375781297683716
1780877293.228494,1.9521780347876099,0.2801819369405263,0.21928042340839243,-0.24291836297688896,42.398645639419556
1780877293.2517388,1.9503653072672607,0.2797362141257062,0.21881973427793253,-0.2428316392253036,42.42189049720764
1780877293.2721896,1.9485063490709111,0.279438285118301,0.21890756907760728,-0.24295538233598757,42.442341327667236
1780877293.2952034,1.9467475090077277,0.278758556719399,0.2186747624277632,-0.24255828125309975,42.46535515785217
1780877293.3167973,1.9450023322117234,0.27797124735110246,0.21916815010567148,-0.24201174533045444,42.48694896697998
1780877293.337228,1.943179296492102,0.2775558385491963,0.21890778833800278,-0.24196524494809157,42.50737977027893
1780877293.3594542,1.9413255376859957,0.27725806675277176,0.21880212751039102,-0.24208550776632753,42.529605865478516
1780877293.3798308,1.9395553214483672,0.2766266939696038,0.21863287409054957,-0.2417494898449597,42.54998254776001
1780877293.4009233,1.9378077307503174,0.2758486844135883,0.21913318533130685,-0.24121680755771724,42.57107496261597
1780877293.4241588,1.936062604574196,0.2751506342006993,0.21857550097093023,-0.2407808663409461,42.59431052207947
1780877293.4479296,1.934249545039998,0.27466946299285366,0.21875127926140628,-0.2405912872768856,42.61808133125305
1780877293.4702532,1.932383672541977,0.27438719404574957,0.21914562371475005,-0.2406383060081776,42.64040493965149
1780877293.490314,1.9305975895668817,0.27386265493227646,0.21854181366084638,-0.24035245554369444,42.660465717315674
1780877293.51314,1.9288082838768423,0.2732572753136019,0.21915827050344996,-0.23996345708804867,42.68329167366028
1780877293.5371106,1.927062210778152,0.2725622390071832,0.21863242014147696,-0.23944552854928913,42.70726227760315
1780877293.5582066,1.9252962122307422,0.2719023656817544,0.21879105073150285,-0.23898167853319885,42.72835826873779
1780877293.5803704,1.9234512179909942,0.2715597639546973,0.2189811795709028,-0.2389482045100122,42.75052213668823
1780877293.6008089,1.9216083598688956,0.2712522312078379,0.2186556571315409,-0.23897031049954043,42.770960569381714
1780877293.623391,1.919813765551542,0.27071540691979107,0.21878588851208294,-0.23867992348253297,42.7935426235199
1780877293.6456554,1.9180899021199345,0.2698782822972818,0.21900196993743581,-0.23798524529175635,42.81580710411072
1780877293.6661882,1.9163230571082825,0.26925891930417556,0.21870162088010486,-0.23757855762684477,42.83633995056152
1780877293.6924474,1.9144950899310902,0.26886499169470274,0.21883320974197207,-0.23748780426234495,42.86259913444519
1780877293.7128813,1.9126689354953237,0.2684569694068851,0.21896289295816806,-0.23738094645693364,42.88303303718567
1780877293.736164,1.9108841861323829,0.2679308669418736,0.2185650851332044,-0.23710915100316043,42.90631580352783
1780877293.7580955,1.9090981458291494,0.26732008104701044,0.21923614746612688,-0.23673061935052075,42.92824721336365
1780877293.778907,1.9073576757976851,0.26662852940755194,0.21861994980406743,-0.2362329892999302,42.94905877113342
1780877293.800586,1.9055711748226782,0.2660556518934424,0.21889095103416117,-0.23590078951043658,42.97073769569397
1780877293.8247647,1.9037131272926648,0.265789840918942,0.21909167822173084,-0.23599112624581986,42.9949164390564
1780877293.8447864,1.9019441553850778,0.2651729367969284,0.21900723880651313,-0.23560822860712483,43.01493811607361
1780877293.8697884,1.9002127133661264,0.2644239702005331,0.2186688877607138,-0.23503561317065458,43.03994011878967
1780877293.8921714,1.8984183615372299,0.2639002709659157,0.21880915400187306,-0.23477532367224452,43.06232309341431
1780877293.915853,1.8965556099217922,0.263649345424684,0.21912363715554845,-0.23488981146081667,43.08600473403931
1780877293.9406824,1.8947666880220784,0.2631214725636374,0.21900713731981797,-0.23463133348074683,43.1108341217041
1780877293.9611814,1.8930372382905785,0.26235035042618476,0.21891176279867552,-0.23403200741491315,43.131333112716675
1780877293.9832895,1.8912283792858322,0.2619144409376081,0.21873961444520407,-0.23388727082847627,43.153441190719604
1780877294.0036824,1.889389500104911,0.2615524045278471,0.21923413857322607,-0.23385342054454172,43.17383408546448
1780877294.0278094,1.887628319581353,0.26094532720820496,0.2187542532416287,-0.23348205425158675,43.19796109199524
1780877294.052528,1.8858478154143705,0.260343432701337,0.21922243429539337,-0.23312053148004175,43.22267961502075
1780877294.0731966,1.8840253115228642,0.2599957498488672,0.21873713157064378,-0.23310254602869085,43.243348360061646
1780877294.0959394,1.8822142492909097,0.25954700679299225,0.21889591342723108,-0.2329567111057722,43.266091108322144
1780877294.116295,1.880482362723413,0.25877520279457494,0.21898123686788623,-0.2323687961353884,43.28644680976868
1780877294.1390147,1.878680736390153,0.2582861157142037,0.21915244158396496,-0.23216129835773014,43.309166431427
1780877294.161946,1.8768381252529185,0.25802381138243263,0.21873153593865208,-0.23226813600076524,43.33209776878357
1780877294.1854317,1.8750461497317767,0.25751456913936127,0.21867670249892796,-0.23204489659644834,43.35558342933655
1780877294.210069,1.87330237699273,0.2567701387895506,0.21904823503421375,-0.2315029335279375,43.38022065162659
1780877294.2309625,1.8715348199935464,0.2561568065296882,0.21899894456215346,-0.23113163873984144,43.40111422538757
1780877294.256075,1.8696996127354855,0.25583970803554085,0.21893165789986518,-0.23116619886478107,43.42622661590576
1780877294.2801394,1.867934302645642,0.2552166035182641,0.21890680536650123,-0.2307907469139341,43.4502911567688
1780877294.300979,1.8661825006805641,0.2545295511754976,0.21898852605122662,-0.23032169431863014,43.47113060951233
1780877294.3234007,1.8643547881958915,0.25418089555733714,0.21892779084367037,-0.2303145586761457,43.493552446365356
1780877294.3443074,1.8625544659966096,0.2537006024334024,0.2189733126672381,-0.23013585968081118,43.51445913314819
1780877294.36784,1.8607986831780325,0.2530436424054574,0.2189725784143758,-0.2297139840365099,43.537991762161255
1780877294.391807,1.8589814565799336,0.2526408596034679,0.21897114928846137,-0.22963504135320045,43.56195878982544
1780877294.4128652,1.857155979360336,0.252293185467108,0.21879257767718838,-0.22963710799575976,43.583016872406006
1780877294.4381466,1.8553827234839808,0.25169343446590403,0.21897500530566694,-0.22930509731035764,43.60829830169678
1780877294.460549,1.8536557370366127,0.2509035949074027,0.2190046181811166,-0.22879874433073022,43.6307008266449
1780877294.4829075,1.8518590961091006,0.2504493120291463,0.21865256535758154,-0.22874417722886964,43.653059244155884
1780877294.5055988,1.850031144300848,0.2500499986137534,0.21921188637099642,-0.2287689776667916,43.675750494003296
1780877294.525943,1.848230501658809,0.24962795818505712,0.21870888525935073,-0.2287563580210601,43.69609475135803
1780877294.5525002,1.8464454061371816,0.24906257766913914,0.2190885988976362,-0.22855247419543634,43.722651958465576
1780877294.578422,1.8447174345089024,0.24831341631517026,0.21873032156874392,-0.22808645962674667,43.748573780059814
1780877294.5994883,1.8429291649919946,0.24779189548956887,0.21875944502748954,-0.227929040770388,43.76963996887207
1780877294.6233327,1.8410818623972993,0.24749379989679823,0.21916297230471354,-0.22807665565775226,43.7934844493866
1780877294.6443172,1.8392764943119522,0.24709163448538696,0.2186597101095424,-0.2280807879984077,43.81446886062622
1780877294.669758,1.83748692878808,0.24654622897219383,0.21906139726192406,-0.22789405645788152,43.83990979194641
1780877294.6940424,1.835765000625888,0.24575764196952007,0.21884928412025803,-0.22736881710993018,43.86419415473938
1780877294.7156157,1.8339882918998944,0.24519443194616145,0.21882425015868937,-0.22714828930222097,43.885767459869385
1780877294.7395415,1.832145746692742,0.24489055944117435,0.21909684893282896,-0.22727909972977844,43.909693241119385
1780877294.7600381,1.830336712463726,0.24447688043653645,0.2188823103609663,-0.22726285429473148,43.93018984794617
1780877294.7852223,1.8285722672079843,0.2438507285110235,0.21901075671585818,-0.22695514216650814,43.955374002456665
1780877294.807846,1.8267930097553071,0.24330514606756792,0.218837643714656,-0.22675229847779832,43.97799777984619
1780877294.8296869,1.8249931434751,0.24284329988205736,0.2188385567806385,-0.22666346331590148,43.99983859062195
1780877294.8541763,1.8231889044206964,0.24237822733111583,0.2190020240886893,-0.2265705969239109,44.024327993392944
1780877294.8749826,1.821400368600179,0.24189100016061751,0.2187401438080985,-0.22644305580448254,44.04513430595398
1780877294.8961136,1.8196128048299036,0.24133653471007246,0.21912421827799133,-0.22622840846419212,44.06626534461975
1780877294.9196591,1.817851087107703,0.24074375775820867,0.21873714301499936,-0.22595443182710406,44.089810848236084
1780877294.9427023,1.8160392585468295,0.2402920577177129,0.21918895761409102,-0.22587194341414296,44.11285400390625
1780877294.9661608,1.8142062098546803,0.23999959063067303,0.21887962913305858,-0.22600395340591906,44.13631248474121
1780877294.9864886,1.8124235297210498,0.23946040368207536,0.2188996262236799,-0.22580319626959433,44.15664029121399
1780877295.0115209,1.8106795967313898,0.23872531012712578,0.21921583402844486,-0.22533612058040875,44.1816725730896
1780877295.0337434,1.8088626022756094,0.23835554380548898,0.21897800771952178,-0.2253546911968458,44.2038950920105
1780877295.0546367,1.8070571770385693,0.23792743299893906,0.21883246495681208,-0.2253003459316152,44.224788427352905
1780877295.0791037,1.8052969833868662,0.23726653194512523,0.21909875335066673,-0.22493233360325515,44.249255418777466
1780877295.0993385,1.8035149844205074,0.23673949423249704,0.21887899860199256,-0.22473431087928208,44.269490242004395
1780877295.1220646,1.801694548223675,0.23633692316653224,0.21917316930079453,-0.2247106138423245,44.292216300964355
1780877295.1464355,1.7999158218477163,0.2357973436758055,0.21897643547284268,-0.2244985949809215,44.31658720970154
1780877295.1662068,1.7981275958834206,0.23527868980308117,0.2189593397294256,-0.22431299400133176,44.33635854721069
1780877295.189324,1.7963288813520175,0.23479350422675985,0.21908624880369063,-0.22417244426271132,44.35947561264038
1780877295.2097652,1.7945311786894211,0.23431006531068,0.2191862389856176,-0.22403360509166337,44.37991690635681
1780877295.2347114,1.792753080152651,0.23376132763862217,0.21900882487695209,-0.22380324763917114,44.404863119125366
1780877295.2609005,1.7909398267073353,0.2333505656631206,0.21898879864400259,-0.22375702911453965,44.43105220794678
1780877295.282,1.7891490227998292,0.23283929137066864,0.21900788659965356,-0.2235784853088818,44.45215177536011
1780877295.3047562,1.787371674181065,0.23227056094307943,0.218967039102293,-0.22331713198317082,44.474907875061035
1780877295.3314283,1.7855643690424539,0.2318195459754537,0.21908489412839893,-0.22321587285390754,44.501579999923706
1780877295.3510256,1.7837688621516512,0.23132157623205174,0.21917504881343283,-0.22305082161003886,44.52117729187012
1780877295.3740067,1.7819910256398928,0.23076077796000988,0.2190459293279178,-0.22279554533394785,44.54415845870972
1780877295.394385,1.780173050300271,0.23035965995127744,0.2191069886721275,-0.22275872349119696,44.564536809921265
1780877295.419889,1.778387766849248,0.22981352358791532,0.21920219943330527,-0.22252452287938151,44.59004068374634
1780877295.4423707,1.776599683490746,0.22930866783256046,0.21891902640826127,-0.22234190825976619,44.61252236366272
1780877295.4627573,1.7747931160016497,0.22885148967065053,0.21899461283826882,-0.22222466298045918,44.632909059524536
1780877295.483853,1.7729846717532993,0.2284036422437015,0.21912749849972699,-0.2221202254564365,44.6540048122406
1780877295.5050488,1.771224274354224,0.22776416821959197,0.21895004669467175,-0.22175517654185217,44.67520046234131
1780877295.5265775,1.769423873291956,0.2272881699989654,0.2189409340241061,-0.22160621336395048,44.69672918319702
1780877295.5495596,1.7675941917480948,0.22693524444259142,0.21896572632454442,-0.22162579624318335,44.71971130371094
1780877295.5709932,1.7657861344072923,0.2264863116430647,0.21905250869049558,-0.22151556056614696,44.74114489555359
1780877295.5946732,1.764034447978472,0.22578868584128234,0.2190527562775672,-0.22106793142329417,44.764824867248535
1780877295.6155162,1.7622331815100822,0.22531990314219802,0.21899828976335625,-0.22092537579101545,44.78566789627075
1780877295.6406934,1.7604017908714704,0.22498055210898282,0.21892296996764726,-0.22095693002740635,44.810845136642456
1780877295.664141,1.7585951237740265,0.22452381559972173,0.21896390988065084,-0.22083338552120413,44.83429265022278
1780877295.6848,1.7568297195601785,0.22386257792484246,0.219234368683422,-0.2204312769913268,44.85495162010193
1780877295.7068565,1.7550201317362484,0.2234548115459542,0.2188555988691451,-0.220363485072808,44.87700819969177
1780877295.7265742,1.753202769810729,0.2230114776341886,0.21926338078232502,-0.220256520421247,44.89672589302063
1780877295.750299,1.7514532163269605,0.22233003592722186,0.2189475550418232,-0.21982218671361187,44.92045068740845
1780877295.7736197,1.749645567935337,0.22188486396328908,0.21885544262056844,-0.21970172842207614,44.94377136230469
1780877295.795744,1.747805221094432,0.2215545977233167,0.21911076183650047,-0.21974133062315504,44.965895652770996
1780877295.81913,1.746004614779674,0.2210796743547531,0.21904799175692838,-0.219582969724319,44.98928165435791
1780877295.8396711,1.7442393210192866,0.22044230321950392,0.21894818701694907,-0.21920596763342948,45.009822845458984
1780877295.8629532,1.7424446823839255,0.2199342702414064,0.21890935910295145,-0.21899831343346055,45.03310489654541
1780877295.885682,1.7405986580190265,0.21963398901590975,0.2190926208899887,-0.21907237353188602,45.05583381652832
1780877295.9068646,1.7387997181779464,0.2191528667015179,0.21896057897679796,-0.21890230430292235,45.07701635360718
1780877295.9319243,1.7370331409013404,0.2185089576159799,0.21895885773239315,-0.21851318119224317,45.102076053619385
1780877295.9518661,1.735248083234374,0.2179589023454267,0.21887649939322348,-0.21824506912389774,45.1220178604126
1780877295.9751675,1.7334034054065393,0.2176405323444451,0.2191934605701561,-0.21829001034819928,45.14531922340393
1780877295.9972367,1.7315939208446374,0.21722104083944527,0.21882098223100754,-0.21819914314220767,45.16738843917847
1780877296.017762,1.7297990603482365,0.21666848207605813,0.21923504419677203,-0.21793068511743519,45.18791365623474
1780877296.041425,1.7280259707037957,0.21608680472514358,0.21886118233329518,-0.21761605073550072,45.21157670021057
1780877296.0661106,1.7262007633161327,0.21568443155665892,0.21909385134510784,-0.21754162708502456,45.23626232147217
1780877296.0846038,1.7243700371914767,0.21535123449104127,0.21883732291582506,-0.21756418740386696,45.25475549697876
1780877296.108771,1.7225806126861885,0.21479029455938042,0.21903045233074456,-0.2172817017263471,45.27892279624939
1780877296.1287332,1.7208094712034494,0.21415546299416668,0.21911346197886789,-0.21689118515741068,45.298884868621826
1780877296.15025,1.7189665150142954,0.2138663424763342,0.21899705551409515,-0.2169662811106372,45.320401668548584
1780877296.1751807,1.7171740818101355,0.21332382271590766,0.2190785388753605,-0.21670761670054528,45.3453323841095
1780877296.1935148,1.7154145301825918,0.21266444126120715,0.2188149803989636,-0.2162797388401776,45.36366653442383
1780877296.215871,1.7135982635620912,0.2122217350132483,0.21904492386557387,-0.2161472312695083,45.3860228061676
1780877296.2359705,1.7117368702754823,0.21200807797425633,0.21893311751345024,-0.21632219147425324,45.4061222076416
1780877296.2593713,1.7099172478066433,0.21160539634420253,0.2188667825327403,-0.21624326470781474,45.42952299118042
1780877296.2816653,1.7081494294186605,0.21094071114359994,0.21909181269484976,-0.21581223395832083,45.45181703567505
1780877296.3015747,1.7063750750540367,0.21033883655106975,0.21886506094490019,-0.21545861758319695,45.471726417541504
1780877296.324803,1.704559567254611,0.20990274268560408,0.2189927906434283,-0.21533109430280595,45.49495482444763
1780877296.3449502,1.702724227975444,0.20956913251819637,0.21888446571580775,-0.2153390165489717,45.51510190963745
1780877296.3693216,1.700895740195373,0.20919623502238685,0.21894992908754887,-0.21529560675954684,45.53947329521179
1780877296.3905687,1.6991331851447493,0.20851516145740057,0.219059427566199,-0.21483837628461133,45.560720443725586
1780877296.413095,1.6973255399329992,0.20804087422085168,0.2191218501394315,-0.21465041479162172,45.58324670791626
1780877296.4375384,1.6954772629344168,0.20778793399426504,0.21881126758629363,-0.21476535631632343,45.60769009590149
1780877296.457855,1.6936735496531816,0.20729596172320164,0.21890159863223568,-0.21455926838286388,45.62800669670105
1780877296.4802732,1.691913034536512,0.20658133048696084,0.21924448810240763,-0.21405257394033894,45.65042495727539
1780877296.5024607,1.6901069927574301,0.20614729896003714,0.21878196552477483,-0.21391386503795973,45.67261242866516
1780877296.5235405,1.6882630614121044,0.20581191791030115,0.21920859414411714,-0.21391678350531507,45.693692207336426
1780877296.550371,1.6864831751064637,0.20524712081668073,0.2188359164625797,-0.21360699713398823,45.72052264213562
1780877296.5706177,1.6847035427543755,0.20463048111150972,0.2190910565009437,-0.21322599844015722,45.740769386291504
1780877296.5941281,1.6828467263188287,0.20439703675589013,0.2190037305962955,-0.21335572843395356,45.76427984237671
1780877296.6156354,1.6810114951819852,0.20408241264214122,0.21871840228377998,-0.21338139506923648,45.7857871055603
1780877296.6390038,1.679218116701275,0.20353194184962722,0.21889109707850105,-0.21309153072456377,45.80915546417236
1780877296.6614056,1.6774600654702965,0.20280304002003136,0.21923213851036796,-0.21255755216457173,45.831557273864746
1780877296.6815546,1.6756433643153632,0.20241812057953112,0.2187763623627825,-0.21247887969325951,45.8517062664032
1780877296.702571,1.6738003687577785,0.20207309646360347,0.21925392240358182,-0.21246327625323147,45.87272262573242
1780877296.724636,1.6720334190269022,0.20145575448131556,0.21879657469025884,-0.21207522318738725,45.89478778839111
1780877296.7463198,1.6702502494779172,0.20085987399858193,0.2189559898184087,-0.2117136547271552,45.91647148132324
1780877296.7680955,1.6683968362233796,0.20060347760276165,0.21899391795764447,-0.2118087954932082,45.938247203826904
1780877296.7904842,1.666578250060323,0.20017361392627928,0.2190961880358693,-0.21167617179692977,45.96063590049744
1780877296.8098063,1.6648192500526795,0.19949236831377518,0.21898407486533256,-0.2111978574994482,45.979958057403564
1780877296.8324115,1.6629902973400954,0.19913623158176588,0.21883219891645755,-0.21115342164770023,46.00256323814392
1780877296.854664,1.6611421748676123,0.19881608726998026,0.21927248863500123,-0.21116500977754704,46.024815797805786
1780877296.8772116,1.6593658519906858,0.19824843791083824,0.21877500443742187,-0.21083765181782343,46.04736328125
1780877296.9015832,1.657561140433252,0.1977218739953362,0.2192819905433348,-0.2105653493643307,46.07173490524292
1780877296.920861,1.6557207130791587,0.1974468765796432,0.21884774238960014,-0.21062815416914304,46.091012716293335
1780877296.9471817,1.6539077295693088,0.19700458622897854,0.2188223163112209,-0.21047185816121639,46.11733341217041
1780877296.9673011,1.652127204755607,0.19637178079279158,0.21926133635081987,-0.21005618614621557,46.137452840805054
1780877296.9920757,1.6503299489516428,0.1959027394424874,0.21872641530079165,-0.20985323150037027,46.162227392196655
1780877297.014825,1.648497301324091,0.19550942338363378,0.21923976615173218,-0.2097590063508301,46.18497681617737
1780877297.0362935,1.6466891110980562,0.1950910955978409,0.2187046275149214,-0.20962556550044242,46.20644521713257
1780877297.0609815,1.6448715463268007,0.19463813714216419,0.21911477074612243,-0.2094492308845104,46.231133222579956
1780877297.082178,1.6430868643211398,0.19408574741077197,0.2188513464835936,-0.2091347512164341,46.25232982635498
1780877297.1045482,1.6412793772238248,0.19359792196760792,0.21910596567155297,-0.20890589091439038,46.27469992637634
1780877297.1264107,1.639437593395837,0.19331208896373672,0.2188964193467133,-0.20894993866087486,46.2965624332428
1780877297.147217,1.6376389315308657,0.19279741766584615,0.21898618649277135,-0.20868734113175247,46.31736874580383
1780877297.1686497,1.6358495206661767,0.1922436141701615,0.2189827574641742,-0.20836624367387646,46.33880138397217
1780877297.189264,1.6340228681492805,0.191851101784101,0.21920363053847167,-0.20826491266339264,46.359415769577026
1780877297.211862,1.6322135541181182,0.1914236539852407,0.21886294706718604,-0.2081135876603919,46.38201379776001
1780877297.2357323,1.6304054905574752,0.19093512493976955,0.21909418850052007,-0.2078825470108696,46.40588402748108
1780877297.2580988,1.628613430669675,0.19041074795837684,0.21899429118831415,-0.20759929396020826,46.428250551223755
1780877297.2838855,1.626780660318188,0.19006544529775382,0.21895259883733628,-0.20755493759321686,46.45403718948364
1780877297.3048034,1.6249548684488468,0.18968802032904203,0.21893353281012645,-0.20747215068609792,46.4749550819397
1780877297.3277774,1.6231718603797654,0.18908358195499828,0.21918731695861102,-0.2070806641212819,46.497929096221924
1780877297.3521276,1.6213636641441789,0.18864741565842066,0.21890722046458483,-0.2069105661043955,46.522279262542725
1780877297.3729444,1.6195412889713943,0.18824481824263134,0.2189577723444395,-0.20678941881153579,46.54309606552124
1780877297.3968315,1.6177282892273703,0.18779820303456113,0.21909519530448318,-0.20660746019245035,46.566983222961426
1780877297.4172,1.6159325175158377,0.18729980435631563,0.21880752631582603,-0.20635375959779756,46.58735179901123
1780877297.442051,1.6141202639046839,0.18682028953148422,0.21923708585532262,-0.20612655372668431,46.612202644348145
1780877297.4662168,1.6122992293419438,0.18646625075795423,0.21872692367411517,-0.2060634575254272,46.6363685131073
1780877297.486884,1.6104686997718127,0.18607380403980234,0.2191597335142918,-0.20595539616666247,46.65703582763672
1780877297.5090308,1.6087140666404531,0.18537993190359967,0.21890344507350837,-0.2054353534746607,46.67918252944946
1780877297.533435,1.6069207281219087,0.18485838205421476,0.21879960519476094,-0.20514375752364256,46.70358681678772
1780877297.5551367,1.6050688056012683,0.1845852171083272,0.2190545362971423,-0.20518824336423425,46.72528839111328
1780877297.579435,1.603229027107544,0.18429357942892502,0.2188540076257623,-0.2052118024500853,46.74958682060242
1780877297.599347,1.6014296766446483,0.18377656507786594,0.21907116274579636,-0.20492885135380323,46.76949882507324
1780877297.6232443,1.5996511576899524,0.1831962718573036,0.21881088766652446,-0.20455703542409553,46.79339599609375
1780877297.6460032,1.5978426130307208,0.1827234466942774,0.2189988551158142,-0.20432912597033637,46.81615495681763
1780877297.6682591,1.5959852312624139,0.18249094554867423,0.2191362694449965,-0.2044281433693511,46.8384108543396
1780877297.6903336,1.5942108405605953,0.18189260480534297,0.21890416695431258,-0.20403290084752834,46.860485315322876
1780877297.7106762,1.5924055914628945,0.1814158363992396,0.21893405331669616,-0.20379485968411304,46.88082790374756
1780877297.7319143,1.590554560393368,0.18114996623629234,0.21913358172145164,-0.20384774168983366,46.90206599235535
1780877297.756049,1.588783426584337,0.180526023413181,0.21898732322159079,-0.203415546190433,46.92620062828064
1780877297.7801764,1.5869834097310582,0.18004167723123202,0.21885988175584756,-0.20316595204839238,46.95032811164856
1780877297.8045373,1.5851315080877235,0.1797715977838571,0.21913416661522006,-0.2032085857357222,46.97468900680542
1780877297.8267033,1.583336790275728,0.1792716403474747,0.2188917069345091,-0.20294218649474116,46.99685502052307
1780877297.8516233,1.5815283529849915,0.17879959342871846,0.21905740657432696,-0.20270757047177002,47.021775007247925
1780877297.8732164,1.5796884158974156,0.17850988427317682,0.2189145317726698,-0.20272329942159883,47.043368101119995
1780877297.8947449,1.5778914620499949,0.17798229977871213,0.21912758396445628,-0.20241689376641991,47.06489658355713
1780877297.9180486,1.576110027700107,0.17742744404384383,0.2187602320938211,-0.20206882402500215,47.08820033073425
1780877297.9392166,1.5742932795724043,0.17698853982699259,0.21902699542583964,-0.2018774291478609,47.109368324279785
1780877297.9614289,1.5724380636421995,0.17676540650556274,0.21898978494288873,-0.20197994288748689,47.13158059120178
1780877297.9831514,1.570648371339061,0.1762328282142287,0.2188828900832203,-0.20166291754950816,47.153303146362305
1780877298.0039313,1.5688560002793552,0.17569609301441122,0.21888596353802586,-0.20133811305861693,47.17408299446106
1780877298.0264146,1.5670455064047053,0.1752621379799481,0.21885248953001005,-0.2011515747733843,47.196566343307495
1780877298.0470483,1.5652113233152585,0.17492635067150394,0.2189196639041211,-0.20109677013796867,47.21720004081726
1780877298.0693595,1.5633793834475327,0.17458955747065377,0.21898225855708367,-0.20104137804506017,47.239511251449585
1780877298.0928037,1.5616128833529992,0.17393154121668253,0.21899661420734945,-0.2005536686136149,47.2629554271698
1780877298.116139,1.5598174682047161,0.17344266051454135,0.21873302242245057,-0.2002857424668436,47.286290645599365
1780877298.1385593,1.5579706102015876,0.17315080985974332,0.21906439273942713,-0.2002859181131642,47.30871105194092
1780877298.15894,1.5561409742189307,0.1728405377133713,0.21870479188335024,-0.20026440240203947,47.32909178733826
1780877298.1812208,1.554333784771521,0.1723537574260969,0.2190608792918374,-0.20000582804031986,47.351372480392456
1780877298.202989,1.5525734306895052,0.17169486694757793,0.21877355994328038,-0.1995073952054991,47.373140811920166
1780877298.2243347,1.5507634755825095,0.17125276551798987,0.21880515109361925,-0.19930097632377386,47.39448642730713
1780877298.2489355,1.5489042252197323,0.1710293996541682,0.21910233244643781,-0.1993927788533565,47.419087171554565
1780877298.2745414,1.5470898361435992,0.17064282402921996,0.218817062949101,-0.19926317767491097,47.444693088531494
1780877298.2940214,1.5453053811728488,0.1700546963022994,0.21906290952771007,-0.19886374648913874,47.46417307853699
1780877298.317601,1.5435019818049984,0.16960293443185442,0.21888655659569475,-0.1986403241070711,47.48775267601013
1780877298.338167,1.5416614782398426,0.16930595652084093,0.21898180816814372,-0.1986293230831193,47.50831866264343
1780877298.362245,1.539849191004702,0.16887919246056174,0.219023695278234,-0.1984439493062493,47.53239679336548
1780877298.3860345,1.5380652939314425,0.16831428124972186,0.21899442619341558,-0.19806703429924033,47.55618619918823
1780877298.406374,1.5362332133783163,0.16797367753837555,0.219158705819245,-0.19799507928579718,47.57652568817139
1780877298.4287133,1.534426583067298,0.16754385614877398,0.2189446518408019,-0.19780128801214358,47.598865032196045
1780877298.4493473,1.5326265491753017,0.1670635255168742,0.21886851350106362,-0.1975386662010017,47.61949896812439
1780877298.470807,1.5308111200962777,0.16663026242072132,0.21915504926966772,-0.19733812733564893,47.64095878601074
1780877298.4939895,1.5289765196855374,0.16633656192501764,0.21896707518874192,-0.1973261973811069,47.6641411781311
1780877298.5146284,1.5271807638471901,0.1658196020667646,0.2191011189732479,-0.1970148093154278,47.68478012084961
1780877298.5371995,1.5253898180669012,0.16531411798664836,0.21883665381566092,-0.19671267090709632,47.707351207733154
1780877298.5578535,1.5235580869894916,0.1649624533022582,0.21909082404332442,-0.1966194181554446,47.728005170822144
1780877298.58192,1.5217283142472,0.16464754619798436,0.21891543865686483,-0.196577318885641,47.75207161903381
1780877298.6049728,1.5199374858116577,0.1640985426586787,0.21912778326593874,-0.1962199368575015,47.77512454986572
1780877298.6276484,1.518152300791073,0.16356548681275976,0.21888267167513747,-0.1958779840648428,47.797800064086914
1780877298.6510124,1.5163153443662223,0.16325172081972864,0.21907176311672158,-0.19583233175910708,47.82116413116455
1780877298.6718853,1.5145005895847168,0.16285985927308835,0.2188800582677001,-0.19568394303158465,47.842036962509155
1780877298.6936893,1.5126994023292115,0.16236292754023038,0.21907422850532018,-0.19539194473065224,47.86384105682373
1780877298.716404,1.5108888176568118,0.1619467791580771,0.2190031318440486,-0.19520665943747595,47.886555671691895
1780877298.73819,1.5090598244629247,0.16162307541739743,0.21887328243849932,-0.19512195479261596,47.90834164619446
1780877298.7655063,1.5072482104548381,0.161233203676445,0.21882573801289718,-0.1948363121011618,47.93565797805786
1780877298.7857785,1.5054724111431281,0.16066683693277306,0.21915406696549106,-0.19431201398718656,47.95593023300171
1780877298.810014,1.5036889470159804,0.1602524322805344,0.21879819427048985,-0.19398772003311082,47.98016571998596
1780877298.8311353,1.5018870604475634,0.15990878519972174,0.21903300173004062,-0.1937645089642861,48.00128698348999
1780877298.8521757,1.5000993020537212,0.1595776246060114,0.2189406468826556,-0.19355681663201674,48.0223274230957
1780877298.8750837,1.4983597236395483,0.1590217979446675,0.2189526939782665,-0.1930503836170181,48.04523539543152
1780877298.8953564,1.4966123069649098,0.15856111129636358,0.21887393959368992,-0.19266761226214735,48.065508127212524
1780877298.9180892,1.4948234605956423,0.1583180991247663,0.21913456408029114,-0.1925824420526996,48.0882408618927
1780877298.9426017,1.4930985231087848,0.15782873664664557,0.21898587125603533,-0.19216731835647138,48.11275339126587
1780877298.9630396,1.4913504960924626,0.15748408703927186,0.2189709609541836,-0.1919426751547162,48.13319134712219
1780877298.9883375,1.4896207831122044,0.15708274437228387,0.2189498109653325,-0.1916484981687394,48.15848922729492
1780877299.0126097,1.487916509339981,0.1565834645826246,0.21903833894488745,-0.19121776583974448,48.182761430740356
1780877299.0319197,1.4861637625505955,0.15637953090071766,0.21906106780394816,-0.19118765700293938,48.20207142829895
1780877299.054568,1.4844793292336147,0.1558753755780883,0.2189413349340232,-0.19075605897598935,48.224719762802124
1780877299.0749717,1.4827736303461572,0.15549254901520584,0.21907627170053265,-0.1904824493017805,48.24512338638306
1780877299.0974708,1.48105431267419,0.15526313923311172,0.21880979216505334,-0.19042059956050528,48.26762247085571
1780877299.1207073,1.4793783104689706,0.15480157250944654,0.21898147726896827,-0.1900496125320501,48.29085898399353
1780877299.141845,1.4777229933253861,0.15427477550071086,0.21909757671758812,-0.1895851611989512,48.31199669837952
1780877299.164583,1.4760203186442473,0.15405543335209693,0.21902756380018407,-0.18953780953309485,48.33473467826843
1780877299.1847854,1.474377981577892,0.15355232676053915,0.21902067641260559,-0.18911108075406258,48.3549370765686
1780877299.2079892,1.4727096335068608,0.1532252354468199,0.2189526179198851,-0.18891591359288507,48.378140926361084
1780877299.229672,1.4710480746049526,0.15290348748555252,0.21888579483690032,-0.18873444635001402,48.3998236656189
1780877299.2507348,1.469429992017761,0.15236874771432868,0.21901159132471693,-0.18826569271448568,48.420886516571045
1780877299.2712867,1.4678018919042262,0.15194601047335304,0.2189588075504193,-0.187944614256375,48.44143843650818
1780877299.2917254,1.4661298134288938,0.1517701704469931,0.21909652048820363,-0.18795897447748144,48.46187710762024
1780877299.3136642,1.4645303688876041,0.15127913504567042,0.21893216473999708,-0.18755187916800287,48.48381590843201
1780877299.3365834,1.4629184895158454,0.15087647851301886,0.21889235195792214,-0.18725742171211612,48.50673508644104
1780877299.3574085,1.461276603647152,0.15063705973855235,0.2191833850555458,-0.1871897766638222,48.527560234069824
1780877299.3804464,1.459696436705687,0.15017115232223383,0.21886777587338055,-0.18681531384659866,48.55059814453125
1780877299.4002857,1.4580865174531297,0.14983912746368772,0.2191047555949043,-0.18661807503369277,48.57043743133545
1780877299.4229596,1.4564723533811186,0.14962285517348217,0.2188045546781596,-0.18658119011992236,48.59311127662659
1780877299.445741,1.4548985288856355,0.1491817003152878,0.21896961032230347,-0.1862434256063641,48.6158926486969
1780877299.4658446,1.453353143445019,0.14865106589089971,0.2188232012449981,-0.18578117934761806,48.63599634170532
1780877299.489179,1.4517802368786836,0.14827691262721893,0.2190002994390438,-0.1855311716734862,48.65933060646057
1780877299.5090256,1.4501685557282749,0.14816016654837375,0.21896474338803038,-0.18562834389932759,48.67917728424072
1780877299.5311294,1.448605880182972,0.1478323718310621,0.21884896800361542,-0.18544226752532822,48.70128107070923
1780877299.5529573,1.4470883997172286,0.14725979252082164,0.2190603822741895,-0.18493019098947494,48.723109006881714
1780877299.573297,1.44554178166101,0.14692575413644732,0.21880427095512692,-0.18473059203670816,48.74344873428345
1780877299.5949967,1.4439718241890684,0.1466868258327817,0.21921165089531647,-0.18466840755818748,48.765148401260376
1780877299.615587,1.4424639232666698,0.14622960906669485,0.21882166477291803,-0.18430782257065692,48.785738706588745
1780877299.6380544,1.4409323017414322,0.14586841038646534,0.21906449073119172,-0.18407500892467166,48.80820608139038
1780877299.6598117,1.4393796857381276,0.14570463253246538,0.21881898196964425,-0.18411192055139258,48.82996344566345
1780877299.680694,1.4378716142252703,0.14530100658302297,0.21892255828774904,-0.18382766403022588,48.85084581375122
1780877299.7025688,1.4363874228131426,0.14480126444649719,0.219006910658532,-0.18340961906497055,48.87272047996521
1780877299.7263422,1.4348695562736828,0.1445277453438634,0.21905508641218885,-0.18329780906171944,48.896493911743164
1780877299.7457178,1.433366588113443,0.1442281498284564,0.2188225118710569,-0.18315106820381422,48.91586947441101
1780877299.767192,1.4318724314557418,0.14386026742034153,0.21912549869700718,-0.18291539647844646,48.93734359741211
1780877299.787628,1.430405935792571,0.14343098824719522,0.21896093884428985,-0.18259364041448878,48.9577796459198
1780877299.8115373,1.4288932100146525,0.14325475995864756,0.21901455135492512,-0.18261125042950654,48.98168897628784
1780877299.8370192,1.4274096342107228,0.14297403218547466,0.21891056961807218,-0.18249251924329313,49.00717091560364
1780877299.8582726,1.4259715525538934,0.14244724952310722,0.21910209503442024,-0.18204313886544332,49.02842426300049
1780877299.8798757,1.4244894326704187,0.14221880980741447,0.2190134830097913,-0.18198842078013033,49.05002737045288
1780877299.9002762,1.4230132442780885,0.14200772717424076,0.21878574094410827,-0.18196368621033976,49.070427894592285
1780877299.9253283,1.4215762162715364,0.14156741576974846,0.2190129702258147,-0.18163239936200926,49.09547996520996
1780877299.948443,1.4201571451498183,0.14109002587857045,0.21892726980094182,-0.18124400275830244,49.11859464645386
1780877299.9692056,1.4186946148799997,0.14087308024963238,0.21901001617516921,-0.18121004751304692,49.13935732841492
1780877299.9928126,1.4172611415100294,0.14055108343171266,0.2187929468846954,-0.18103573576500054,49.16296434402466
1780877300.0142255,1.4158387550251978,0.14015173531986125,0.2191281800390343,-0.1807567255682727,49.18437719345093
1780877300.0404325,1.4144122118629934,0.1398746418991637,0.21874219106505677,-0.18063911788275622,49.21058416366577
1780877300.0630283,1.4129731759078752,0.13961944607471075,0.21916889221663374,-0.18055658664999097,49.23318004608154
1780877300.0853374,1.4115822724021807,0.13921874036054352,0.21871150476092663,-0.18027365964139275,49.255489110946655
1780877300.108454,1.4101820023026488,0.13881637518156076,0.21911132886718246,-0.17998995104985127,49.278605699539185
1780877300.1310446,1.4087524158487637,0.13867371057673122,0.21883129750320673,-0.18005305430658458,49.301196336746216
1780877300.1541986,1.407343361530706,0.13842731946647,0.21876112167265066,-0.17998271272432298,49.324350357055664
1780877300.1771247,1.4059713923026222,0.1379630716428215,0.21916147376056366,-0.17961745380260563,49.34727644920349
1780877300.197981,1.4046153412980347,0.13753384477296318,0.2186325049446879,-0.1792934593634099,49.36813282966614
1780877300.2219107,1.403233238612574,0.1371897311093554,0.2189988250049899,-0.17908801097897786,49.3920624256134
1780877300.2419524,1.401811183420952,0.13715058182940662,0.21880904732460765,-0.17929126192016787,49.41210412979126
1780877300.26397,1.4004180519318312,0.13699021480436044,0.21858795606753786,-0.1793345831707982,49.43412160873413
1780877300.2863414,1.399066729710158,0.13658172798925172,0.2187884372160478,-0.17904588262460974,49.45649313926697
1780877300.3067417,1.397754129223469,0.1359705842413447,0.21916351909347373,-0.17848153868173133,49.47689342498779
1780877300.3293672,1.3964049103727636,0.1356918416706683,0.21861755461473628,-0.1783574616479764,49.49951887130737
1780877300.3518035,1.395022532422269,0.13552915636060167,0.21903790279859395,-0.1783984089251911,49.521955251693726
1780877300.3741004,1.3936851573021658,0.13521107249370576,0.21876615125003904,-0.17822858222689497,49.544252157211304
1780877300.3969626,1.3923689124532044,0.13478412857440356,0.21880078360075766,-0.17791020062843677,49.56711435317993
1780877300.4180925,1.3910177296362047,0.13455091167448352,0.21901630563163194,-0.17785114359191567,49.58824419975281
1780877300.4433434,1.3896541602658434,0.1344759779002835,0.21878102181020198,-0.1780068861799493,49.613495111465454
1780877300.4687862,1.388346062015149,0.1340994214524298,0.2186773175490329,-0.17775981826713316,49.63893795013428
1780877300.4868138,1.3870554815819358,0.13359112881676743,0.21919380922075396,-0.17733292989104354,49.656965494155884
1780877300.5098522,1.3857541027178568,0.133294472071089,0.2185725796469352,-0.17718404619201245,49.68000388145447
1780877300.536084,1.384422092629007,0.13308180920739035,0.21908827907911388,-0.17715623674922565,49.70623564720154
1780877300.5595007,1.3831161395921514,0.1328433662371097,0.21865322183156005,-0.17709038284509138,49.729652404785156
1780877300.5829842,1.381818660147378,0.13255122926635102,0.2186532690704176,-0.17695228085701542,49.75313591957092
1780877300.6030164,1.3805266326602081,0.1322028631821249,0.21906698599996116,-0.17674097920788334,49.773168087005615
1780877300.62416,1.3792637721759673,0.13183317534763142,0.2185462696918353,-0.1764950863277268,49.79431176185608
1780877300.6460981,1.377968922402106,0.1315373746079818,0.2192178966939916,-0.17635238766366657,49.81624984741211
1780877300.668773,1.3766710868767125,0.13142665086737282,0.21860259943597127,-0.17645564399835356,49.83892464637756
1780877300.6912544,1.3753729414775127,0.13124661052570397,0.21890803373344478,-0.17647239829381212,49.861406087875366
1780877300.7119942,1.3741572517717104,0.13067523667856212,0.2188286677098824,-0.17595699061362247,49.88214588165283
1780877300.7377422,1.37290754154051,0.1303010847036389,0.21891005290474355,-0.17570153500344343,49.907893896102905
1780877300.7579312,1.3716052191093757,0.13028077207960978,0.2187835919163361,-0.17592784063936495,49.92808294296265
1780877300.779034,1.370341382352259,0.13002513275918212,0.2190238172852147,-0.17584336924847976,49.949185609817505
1780877300.8007777,1.369152918960397,0.12942413782827394,0.21883139622371198,-0.17528322849232447,49.97092938423157
1780877300.8209891,1.3679138916332538,0.12914679542263166,0.21852541408272425,-0.1751581451757951,49.991140842437744
1780877300.8458877,1.3666359321295576,0.12902592441471647,0.21905699374773152,-0.1752482626879992,50.01603937149048
1780877300.8660736,1.36536580399891,0.12899997538031202,0.21855714391808084,-0.17546762692183648,50.03622531890869
1780877300.8873842,1.3641289996864079,0.12875855891817875,0.21855406513376058,-0.17539799482722884,50.057535886764526
1780877300.9101326,1.362931547095745,0.12827895691820115,0.21898824425098537,-0.17500529202458504,50.08028435707092
1780877300.9301028,1.3617589374548054,0.12776263140116678,0.21866059713903171,-0.17455371094715888,50.10025453567505
1780877300.9527514,1.360545097369772,0.127488790655213,0.2185928096316889,-0.174435236769523,50.1229031085968
1780877300.972596,1.3592866875631224,0.12742907003667261,0.21905067184327975,-0.1746054935023298,50.14274764060974
1780877300.9949636,1.358045636362685,0.12741206574908862,0.218522344065164,-0.17483521053349094,50.16511535644531
1780877301.0175781,1.356843421846095,0.12714933520636942,0.21843962297798902,-0.17473423406194355,50.187729835510254
1780877301.0378575,1.3556781155149658,0.1266523380963826,0.21884197639818537,-0.17431674564065913,50.208009243011475
1780877301.0618865,1.3545214221961366,0.12615091036061332,0.21909292688730686,-0.17388470609319917,50.232038259506226
1780877301.082161,1.3533034301435274,0.1261048629482397,0.21863247401661595,-0.1740692196155731,50.252312660217285
1780877301.1040049,1.35208564499829,0.12600022187083396,0.21891534467465093,-0.17418351499096119,50.27415657043457
1780877301.1251915,1.3509551705713856,0.12548251970768773,0.2186969905529383,-0.17373273556084046,50.29534316062927
1780877301.1458533,1.3497968959861193,0.12509039663382343,0.21899031852992287,-0.17344785082306524,50.31600499153137
1780877301.1710775,1.3485803496716526,0.12512141341790423,0.2187341667175606,-0.17373745625229287,50.34122920036316
1780877301.195072,1.3473995408410426,0.12494346984559707,0.2187016656305036,-0.1737513409945599,50.36522364616394
1780877301.2162793,1.3462774851308643,0.12446016352097285,0.21871465634945486,-0.17334454517503461,50.386430978775024
1780877301.2403896,1.345130063661701,0.1241038043856222,0.21905654104808278,-0.1731084828990106,50.41054129600525
1780877301.2603147,1.3439550244515552,0.12403914789189947,0.2184946017071711,-0.17326589359601297,50.430466413497925
1780877301.2827103,1.3427782590333615,0.12389188531002357,0.21897305842915196,-0.17332000972179706,50.45286202430725
1780877301.3071623,1.3416924130752717,0.12332001961904288,0.2188306481081158,-0.1727919315047295,50.47731399536133
1780877301.327107,1.3405756322820308,0.12297532926997957,0.21845767368583222,-0.1725658740377054,50.49725866317749
1780877301.350953,1.3394171905525474,0.12281705272174737,0.21878758523592812,-0.17259674937524272,50.52110481262207
1780877301.372122,1.3382304525859485,0.12285445748098481,0.2190698361899198,-0.17289891853136252,50.54227375984192
1780877301.3955212,1.3371389589483145,0.12244582737898801,0.2186622746834909,-0.17259183046225646,50.565672874450684
1780877301.4167328,1.3360534011078016,0.12196811891646515,0.21881328677523007,-0.17218564556282345,50.58688449859619
1780877301.4368043,1.3349098466237765,0.1218910018726955,0.21857887066133075,-0.17232330222826464,50.606956005096436
1780877301.4597301,1.3337557934117938,0.12180666793056355,0.21917219105758184,-0.17245885127767835,50.629881858825684
1780877301.4797375,1.3326835280679221,0.12141559828298153,0.21854380421665703,-0.17217151596604863,50.64988923072815
1780877301.505479,1.3316048173762387,0.12098220922722426,0.21886375339008224,-0.171824915084565,50.67563080787659
1780877301.5274067,1.3304667595212258,0.12096539548634028,0.21871467615278978,-0.17204250579227187,50.69755840301514
1780877301.547482,1.3293340410134473,0.12091562972394204,0.21880412429832977,-0.17222386347455165,50.71763372421265
1780877301.5717113,1.3282780956195892,0.12048777869754268,0.21857750916991903,-0.17188460376464887,50.74186301231384
1780877301.5918515,1.3272023706138725,0.12010960712458842,0.21910181434806814,-0.1716132454370749,50.76200318336487
1780877301.6136744,1.326111293428516,0.11998454410327501,0.21843294275126113,-0.17168053800571936,50.78382611274719
1780877301.6363606,1.3250002086362516,0.11985855349037099,0.2190251390533047,-0.17175576896636802,50.80651235580444
1780877301.6596353,1.323959060028401,0.11945531062463888,0.2186675220846959,-0.1714479880643669,50.82978701591492
1780877301.6826644,1.3229161356674093,0.11904112219782552,0.21875733609972403,-0.17112202385160158,50.852816104888916
1780877301.7044895,1.3218192563756208,0.1189805126154845,0.21869254116090478,-0.17127837484238428,50.87464118003845
1780877301.7282493,1.320726050595963,0.11888738088339433,0.21889974594561815,-0.17139577211716883,50.8984010219574
1780877301.7511592,1.3196919630159565,0.11854619762225359,0.21855919782217478,-0.17116932548645059,50.921310901641846
1780877301.771956,1.3186387113416198,0.11823859040626672,0.21905789916889137,-0.17099048034647257,50.94210767745972
1780877301.7957454,1.3175873137500005,0.11807206403463659,0.21848677478659506,-0.17099867732471452,50.96589708328247
1780877301.8161502,1.3165174468961107,0.11789583790287389,0.21913673721210103,-0.1710003336499195,50.9863018989563
1780877301.8379965,1.3154964503257842,0.11761426461372394,0.2184195497021785,-0.17085180844147407,51.008148193359375
1780877301.8599055,1.3144612245146226,0.11730204895409362,0.21896561330800748,-0.1706644474118093,51.030057191848755
1780877301.8801708,1.3134230201440602,0.11712686339086052,0.21857657401238711,-0.17065969973364092,51.05032253265381
1780877301.9034464,1.3123734681596715,0.11700312750080734,0.21862413552136933,-0.17072766187297272,51.0735981464386
1780877301.9283028,1.3113479912469594,0.11672606571992386,0.21890458950635172,-0.17058917955976272,51.09845447540283
1780877301.9483662,1.3103605977981945,0.11633465469108353,0.2185618250315884,-0.17028765424045433,51.11851787567139
1780877301.9720166,1.3093295810007661,0.11613764752606244,0.21887522111651986,-0.17025059093469386,51.142168283462524
1780877301.9921815,1.3082642260376938,0.11622137887996271,0.21869577551557373,-0.17060190574489953,51.162333250045776
1780877302.0138226,1.3072551448187413,0.11600222581375264,0.2185354403715663,-0.17053719740839446,51.183974266052246
1780877302.0353978,1.3062802893521395,0.1155511173061393,0.2188493709465458,-0.17015778096687706,51.205549478530884
1780877302.0568242,1.3052815805300848,0.11528078795336787,0.21897601470580197,-0.1700164043471899,51.22697591781616
1780877302.0779154,1.304245414570211,0.11530864716798414,0.21862069394879566,-0.17028825796781577,51.248067140579224
1780877302.0980833,1.303249051960104,0.11509116072504495,0.21858683429682013,-0.1702256021736135,51.268234968185425
1780877302.1197944,1.3022907240239854,0.11463386415397951,0.218938272633344,-0.16983345673011874,51.28994607925415
1780877302.1424603,1.3013053058610289,0.11440486420235405,0.21881518623203544,-0.1697454521605848,51.31261205673218
1780877302.1637182,1.3002808282803786,0.1144284737934357,0.21872993388671066,-0.17001061362443481,51.33386993408203
1780877302.185306,1.2993175265198431,0.11412041007800151,0.2185950509640594,-0.16982122657964238,51.35545778274536
1780877302.2055666,1.2983638033861824,0.11372967849125912,0.2188603337869936,-0.1695164994241507,51.37571835517883
1780877302.232984,1.297403037745372,0.11347237736951873,0.21858908734082325,-0.1693914106973784,51.403135776519775
1780877302.2571414,1.2964013047529686,0.11340133322756353,0.21890458435763566,-0.16952169305207132,51.42729306221008
1780877302.2772076,1.2954075058036891,0.11338329419694307,0.21859717118473457,-0.16972734009043888,51.44735932350159
1780877302.2993393,1.2944537089509496,0.11311250091860295,0.21865129596375465,-0.16958593040626768,51.46949100494385
1780877302.3190649,1.2935393817351863,0.11261104276311727,0.21885179753453193,-0.16912778622435498,51.489216566085815
1780877302.3400896,1.29259552318669,0.11237723073788101,0.2184490107389701,-0.1690295782266924,51.51024127006531
1780877302.3623936,1.2916140767425526,0.11228249097678256,0.2189528189216848,-0.16912590030085095,51.53254532814026
1780877302.382697,1.2906372391336385,0.11228497160693822,0.21855275098513016,-0.1693558349835107,51.55284881591797
1780877302.4056666,1.2896933217711677,0.1120665049491516,0.21859728228392777,-0.1692843220837439,51.57581830024719
1780877302.4265077,1.288785385737506,0.1116210212026184,0.21896037014863332,-0.16890051104760628,51.596659421920776
1780877302.4511895,1.2878521768232836,0.11143071823885688,0.21858280347960968,-0.16885834350573115,51.62134122848511
1780877302.4732277,1.2868925898450128,0.11132811791385638,0.2190090435281759,-0.16894485170085227,51.64337944984436
1780877302.4937823,1.285982673878395,0.11104789705465781,0.21860066001631998,-0.16878271787770016,51.663933992385864
1780877302.5160651,1.2850517801964632,0.11082252657723443,0.21897652849525517,-0.16869520143867067,51.686216831207275
1780877302.5362182,1.2841057483270832,0.11077891049626887,0.2187397225006029,-0.1688579443366569,51.70636987686157
1780877302.5610278,1.2831967750495203,0.1105004897486828,0.21883946641692714,-0.16870007115555907,51.7311794757843
1780877302.5838757,1.2823011068571664,0.1101892293394753,0.2186944649931247,-0.16848989633100642,51.754027366638184
1780877302.6037278,1.2813695662732834,0.11006422757008677,0.21898317432542122,-0.16854027773325253,51.773879528045654
1780877302.6274724,1.2804602128156033,0.10989875015622214,0.2186615660907494,-0.16853220301247251,51.79762411117554
1780877302.6526108,1.279561332509005,0.10963686312323401,0.21877804071277243,-0.16839378321326182,51.82276248931885
1780877302.6729555,1.278675155311816,0.10934168021138876,0.21878604197719467,-0.16820552314288628,51.84310722351074
1780877302.695956,1.27774213037224,0.10933051427007597,0.21886195104668688,-0.1684079839867505,51.86610770225525
1780877302.7168183,1.2768623540715474,0.10905342798403177,0.21870104555499753,-0.16824745237837746,51.88697004318237
1780877302.7399697,1.2759684815753736,0.10883443058312231,0.2189138580133755,-0.16816135418926192,51.91012144088745
1780877302.7624152,1.275059870883473,0.1087820321477077,0.21864303326954404,-0.1683067236464897,51.93256688117981
1780877302.7825735,1.2741858390282281,0.10849826468381077,0.21879191656956362,-0.16813521074925353,51.95272517204285
1780877302.8045907,1.2733201381144805,0.10821276612031992,0.21866170105360602,-0.16795598316643678,51.97474241256714
1780877302.825138,1.2724219746904448,0.10810171902895482,0.2188760307183501,-0.16801733177331357,51.99528980255127
1780877302.8518865,1.2715360887568874,0.10797618130139373,0.21877072821825694,-0.16806142935304624,52.02203822135925
1780877302.874859,1.2706819742810862,0.10765023508430573,0.21892431088486813,-0.16782803187593176,52.045010805130005
1780877302.8965268,1.2697972119576577,0.10755870901949309,0.21882204791684812,-0.16791344852633783,52.066678524017334
1780877302.9234543,1.2689506958815115,0.10724970246296325,0.21876247762802564,-0.1677040645943242,52.09360599517822
1780877302.944759,1.2680947779230265,0.10702217990377041,0.21868017431169307,-0.16760043587194584,52.11491060256958
1780877302.9677856,1.267203589343867,0.10698435059310128,0.21891606550863235,-0.1677618282083415,52.13793730735779
1780877302.9911575,1.266364925293393,0.10669516411334909,0.21882715335427222,-0.16757626018965777,52.161309242248535
1780877303.0112383,1.2654911306688843,0.10661945394499117,0.21882969349724546,-0.16768083105730902,52.181390047073364
1780877303.0366127,1.2646476575062733,0.10638277370652663,0.21886458810993714,-0.16756749686800587,52.206764459609985
1780877303.0571342,1.2638064197141265,0.10615953304619065,0.21880630976944854,-0.16746878758163453,52.227285861968994
1780877303.0799756,1.2629453677499163,0.10606741381946103,0.21878343907283535,-0.16755081204726352,52.25012731552124
1780877303.101485,1.262114935311173,0.10579876336990734,0.21888070862714185,-0.1673921114361967,52.271636724472046
1780877303.1230114,1.2612858229738488,0.10556617142398282,0.218793537120026,-0.16727702327509375,52.29316306114197
1780877303.1464124,1.2604267076802878,0.10550570434905616,0.2188892666230509,-0.16740306995350984,52.316564083099365
1780877303.16674,1.259613462369482,0.10521154170923407,0.21882313537714435,-0.16720371191315841,52.336891651153564
1780877303.1889973,1.2587671958144644,0.1051158591910429,0.2188894988435679,-0.167279122086347,52.35914897918701
1780877303.211818,1.25795019250855,0.1048748051823604,0.21889604926344355,-0.1671525678544481,52.381969690322876
1780877303.2323544,1.2571079591709027,0.10481272609188558,0.21878193627587864,-0.16727170911921263,52.40250611305237
1780877303.2550228,1.2563029460988655,0.10452901628061097,0.21885400769392824,-0.167087979925844,52.42517447471619
1780877303.2760007,1.2554845112585407,0.10436639805509625,0.21868455654915098,-0.1670652896726308,52.446152448654175
1780877303.2985852,1.2546653975878086,0.10419359284201338,0.21880015762736457,-0.1670334328011811,52.46873688697815
1780877303.321567,1.253860319371587,0.1039698954643121,0.21882445976052534,-0.1669257209851196,52.491718769073486
1780877303.342928,1.2530358591572452,0.10388551703333014,0.21877140449976015,-0.16701477373486506,52.51307964324951
1780877303.3666708,1.2522403571285543,0.10362931679497583,0.21887871323278985,-0.1668627399572511,52.53682255744934
1780877303.3896925,1.251425313781888,0.10352683675033045,0.21885577514442817,-0.16692256982185416,52.55984425544739
1780877303.4091616,1.2506413280053388,0.10327272846299905,0.21864016785290846,-0.16677391710659517,52.57931327819824
1780877303.4308712,1.2498383708255103,0.10309861522241993,0.21887837848270636,-0.16673189974385316,52.60102295875549
1780877303.451185,1.2490186944508408,0.10310097360285374,0.2186148679685799,-0.16693526247549473,52.621336698532104
1780877303.4741018,1.2482342493568772,0.10286747007000553,0.2187352623576257,-0.16681541579175319,52.64425349235535
1780877303.4971974,1.2474718573067944,0.10252392591151346,0.2187774097692176,-0.16653930676834827,52.667349100112915
1780877303.5173235,1.2466698703596455,0.10245000743315298,0.21875545073444191,-0.1666346307082338,52.68747520446777
1780877303.5414467,1.2458809303904184,0.10231970614852484,0.21861862210183394,-0.16665364206251487,52.71159839630127
1780877303.5622227,1.2451024778314932,0.10211305704768696,0.21885232978797,-0.16656651859304006,52.73237442970276
1780877303.5840683,1.2443353638208834,0.10190767181026257,0.21854502462994121,-0.1664783647727499,52.7542200088501
1780877303.606986,1.243551239327991,0.10174338391700548,0.21898234678473888,-0.1664487855147989,52.777137756347656
1780877303.6260214,1.242777800167881,0.10163373665605725,0.21849797112595648,-0.16649114866174397,52.796173095703125
1780877303.6491745,1.2419960813876012,0.10148059751055089,0.21900564178930962,-0.16647816940519622,52.81932616233826
1780877303.6747437,1.2412554544941277,0.10120695517882394,0.21856363823628172,-0.16629343065249325,52.844895362854004
1780877303.700478,1.2404867553610326,0.10103603146247223,0.21882909984659446,-0.16624904609768087,52.87062978744507
1780877303.7229924,1.2396984812730627,0.10105040560360465,0.21864280049325865,-0.16646357670529444,52.89314413070679
1780877303.7444935,1.2389477362849068,0.10082214427097935,0.21878949833721323,-0.16634437265290813,52.914645195007324
1780877303.7690787,1.2382092478652007,0.10055019303953432,0.21880028217235092,-0.1661574847993399,52.93923044204712
1780877303.7894566,1.2374343156206409,0.10050627679017479,0.21889937143436905,-0.16629031711619824,52.95960831642151
1780877303.8118284,1.2367146726025138,0.10018183048443569,0.21867515878588636,-0.1660335673878781,52.981980085372925
1780877303.8364668,1.2359638954722625,0.10003766753472675,0.21866449938684748,-0.16602271830859294,53.00661849975586
1780877303.866401,1.2351895385083835,0.10003352487888055,0.21875333002367464,-0.16620796195727516,53.0365526676178
1780877303.8883283,1.2344408507314917,0.09991658785329592,0.218712233386876,-0.16623607170923282,53.05848002433777
1780877303.9088578,1.2337350339539832,0.09953659485656562,0.21880290261991162,-0.16590345841941767,53.07900953292847
1780877303.9300804,1.2330090868515273,0.09933643915492149,0.21855886093346175,-0.16581209381890982,53.10023212432861
1780877303.9527855,1.232238970114825,0.09935543786087773,0.21881509278005157,-0.16602314809325325,53.12293720245361
1780877303.9736605,1.2314958901298114,0.0992935172296607,0.218514845238882,-0.1661271452518629,53.14381217956543
1780877303.996872,1.2307775398038063,0.09903103680936746,0.21881449186766647,-0.16595613230980488,53.16702365875244
1780877304.018424,1.230078987111408,0.09872601576089103,0.21858864721520818,-0.16571654301645955,53.188575744628906
1780877304.0432591,1.2293386522678078,0.09863293131427771,0.21887184687343908,-0.16577325669010845,53.2134108543396
1780877304.0689647,1.2285924869189733,0.09865448645366298,0.21854743447062835,-0.1659866447347822,53.23911643028259
1780877304.0911083,1.2278717576275757,0.09849938703519338,0.21858556947275617,-0.16596018175445426,53.26126003265381
1780877304.1150148,1.2271784970592639,0.09815618620475705,0.21896555901269785,-0.16567254415300825,53.2851665019989
1780877304.1400616,1.2264819581337887,0.09795565329045237,0.21844344438609065,-0.16557467335753184,53.31021332740784
1780877304.1593878,1.225748733650386,0.09787034885183037,0.21894034067769574,-0.16563873596458611,53.32953953742981
1780877304.1839533,1.225008834102956,0.09793846893993476,0.21859352892686648,-0.16591361134122007,53.35410499572754
1780877304.204116,1.2243080266919735,0.09775728189247623,0.21849977985947594,-0.16584800010765344,53.37426781654358
1780877304.226575,1.223633868528623,0.09737725331738838,0.21887046144079425,-0.1655086016434124,53.39672660827637
1780877304.2505894,1.2229523905399644,0.09715075804691271,0.21845658566817058,-0.16537202896066416,53.42074108123779
1780877304.2692635,1.2222312898469943,0.09707900523058503,0.2188724721133122,-0.16545144198618456,53.43941521644592
1780877304.2918286,1.2215024666075438,0.09715556535907523,0.21852620514319027,-0.16573706006070177,53.46198034286499
1780877304.3120592,1.2208017546982606,0.0970243269531083,0.21867770630943154,-0.16573748148804013,53.482210874557495
1780877304.3374412,1.2201503336335324,0.09660604786285025,0.21889160152539064,-0.16534077611493503,53.50759291648865
1780877304.3601463,1.21944935538418,0.09653389991663207,0.21877104949378148,-0.16541318719540543,53.53029799461365
1780877304.382108,1.218730903799537,0.09658947313193637,0.21860354485996178,-0.16566920396060025,53.55225968360901
1780877304.405916,1.2180547762049567,0.09637872438101827,0.21870506407876525,-0.16555657662473156,53.57606768608093
1780877304.4260316,1.2174133961133822,0.09597927428077403,0.2186824112722415,-0.16518271699228393,53.59618330001831
1780877304.454994,1.216750836530122,0.09573704345291145,0.2186002292180204,-0.1650226335810614,53.62514567375183
1780877304.4789095,1.2160392871289778,0.09577626684124077,0.21873425694114274,-0.16524986114291584,53.64906120300293
1780877304.502592,1.2153375807127338,0.09578147828006878,0.2187224301468534,-0.16543444823471054,53.672743797302246
1780877304.5274935,1.2146790487012005,0.09555749488987783,0.21867599432791154,-0.16529953365676286,53.69764518737793
1780877304.5476491,1.214021026505904,0.09533276776319168,0.21863697092244086,-0.16516281940170607,53.7178008556366
1780877304.5690382,1.21335496832096,0.09516530199916431,0.2187412587124092,-0.165105247908933,53.739189863204956
1780877304.591251,1.212671964475212,0.09512542020450622,0.21864779234874218,-0.165220655521908,53.76140260696411
1780877304.611539,1.2119861467404074,0.09509698425723263,0.2187942448376566,-0.16535514438852417,53.78169059753418
1780877304.6359813,1.211361481714435,0.09472858392695288,0.21880223798395357,-0.16502173167920642,53.80613303184509
1780877304.6574132,1.2107064591738388,0.09458033558526002,0.21858675548926423,-0.16498349004871393,53.82756495475769
1780877304.6819727,1.2100194020876531,0.09457210880466173,0.21893489188573217,-0.16514316983641875,53.85212445259094
1780877304.7058825,1.2093668028883324,0.0944539473890775,0.21861636935132492,-0.16515020745873832,53.87603425979614
1780877304.7260265,1.2087241424594708,0.09422082278286031,0.21880892567004115,-0.16500056533971108,53.896178245544434
1780877304.7475922,1.2080980438484816,0.09395277701706785,0.2186608765741642,-0.16479904522840316,53.91774392127991
1780877304.7675111,1.2074221203786732,0.09396555423936792,0.21872338027597346,-0.16498139940547052,53.937662839889526
1780877304.790239,1.2067612278744042,0.09388845287899057,0.2188900469681524,-0.16504824343336777,53.96039080619812
1780877304.810985,1.2061523581107667,0.09355890402421338,0.21867063722566343,-0.16475885639123033,53.98113679885864
1780877304.8314223,1.205499373194134,0.09346807199138968,0.21880780321248244,-0.1647988739671833,54.00157403945923
1780877304.8560038,1.2048240783989335,0.09353978808686939,0.21877328027957568,-0.16506537253942044,54.02615547180176
1780877304.8804588,1.2042021187463356,0.0933155531041283,0.2186934707381939,-0.16492291284546967,54.05061054229736
1780877304.8994696,1.2035771256149468,0.09310532654992311,0.21868666839979486,-0.16479802906236385,54.069621324539185
1780877304.9228117,1.2029424483203746,0.09295869152749058,0.2188369155705768,-0.16476085940679885,54.092963457107544
1780877304.9427545,1.2022962310278935,0.092927945140985,0.2186165210985934,-0.16488113757857192,54.11290621757507
1780877304.9672909,1.2016562375941742,0.09282120508980221,0.21887757584180803,-0.16490155700924003,54.13744258880615
1780877304.989996,1.201066146004389,0.09248257732034755,0.21863881048603115,-0.1645968207140367,54.16014766693115
1780877305.0095294,1.2004358271825066,0.09237009650902929,0.21866843640179456,-0.16460250271094834,54.179681062698364
1780877305.0335696,1.1997770346897403,0.09242539617600488,0.21880150946396623,-0.16484195303838867,54.20372128486633
1780877305.0533786,1.199153420446528,0.09231385739596226,0.21872185233369312,-0.16485027701295518,54.223530292510986
1780877305.0776327,1.1985637842819261,0.091986733693507,0.2187588616943026,-0.1645633557889692,54.24778437614441
1780877305.1018884,1.1979576254176412,0.09178904522563038,0.218706443312581,-0.16444978135758914,54.272040128707886
1780877305.1228807,1.1973052204299708,0.0918511131786166,0.2189228552411098,-0.16469492492409898,54.29303240776062
1780877305.1461504,1.1966945625767098,0.09172716760985666,0.21862790690491865,-0.16468621594531818,54.31630206108093
1780877305.1662114,1.196096919749922,0.09147314953265612,0.21895274207741944,-0.16449606913650827,54.336363077163696
1780877305.187865,1.195472637749517,0.09146267249190351,0.2186116267016938,-0.16463679802229425,54.35801672935486
1780877305.210026,1.194843526028749,0.0914379392801226,0.2187688367135455,-0.1647645645947784,54.38017773628235
1780877305.2309723,1.1942697138699259,0.09110044484073347,0.21887954476856608,-0.16445926638751907,54.401124000549316
1780877305.2558289,1.1936477770890963,0.09107895713599451,0.21881685273983084,-0.16458278902173396,54.42598056793213
1780877305.2759833,1.193028750041885,0.0910739542565362,0.21860957478558635,-0.16473400267601868,54.4461350440979
1780877305.298245,1.1924437962982979,0.09082729965628165,0.21880320305501672,-0.16455477302836163,54.46839666366577
1780877305.320348,1.1918599706904778,0.09060637322723786,0.21878563694665507,-0.16440267979040568,54.49049973487854
1780877305.344081,1.1912405276239812,0.09059912338924421,0.21894045001547205,-0.1645503638155006,54.51423263549805
1780877305.3664947,1.1906781225513439,0.09029563555353218,0.21874492377676819,-0.16428929271941328,54.536646366119385
1780877305.3870652,1.1900906213232338,0.09013914207116298,0.2186903713253306,-0.16422567391243792,54.55721688270569
1780877305.4087641,1.189461221331414,0.09021240791344715,0.21892013477582709,-0.16448039268600834,54.57891583442688
1780877305.4340348,1.188881225704545,0.0900657386473948,0.2185952433608014,-0.16443401214532427,54.60418653488159
1780877305.4564557,1.1882996631845688,0.0898608370956819,0.218919423993337,-0.16430628060272223,54.6266074180603
1780877305.4803414,1.1877103874016357,0.08977630427396964,0.21878476141849745,-0.16434137639473878,54.650493144989014
1780877305.5012047,1.1871241240768395,0.08966841627732416,0.21872438716796674,-0.16434576334304385,54.671356439590454
1780877305.5255003,1.1865436010007528,0.08952328621640357,0.21879157285862272,-0.16429845293658474,54.69565200805664
1780877305.5479863,1.1859601112341174,0.08940955498639121,0.21884838959874298,-0.16429321392268248,54.718137979507446
1780877305.5681221,1.1853827255823854,0.08927607548562654,0.2188586664457038,-0.16426197183427593,54.73827385902405
1780877305.5900033,1.1848071608569648,0.08914955733308967,0.21883639639473162,-0.16423686071522114,54.76015496253967
1780877305.6146364,1.1842217758112281,0.08908640954270039,0.21883557938196138,-0.16430095599153338,54.78478813171387
1780877305.6350741,1.1836568195202273,0.08891023896841428,0.21882919730800865,-0.16420769220586795,54.80522584915161
1780877305.657661,1.1830851836990053,0.08878450378926148,0.21885510693311072,-0.16418562111993218,54.82781267166138
1780877305.6779914,1.1825117040196493,0.08868021287041025,0.2188650263781839,-0.1641911742232267,54.848143100738525
1780877305.7022884,1.1819407355653357,0.08857381158712745,0.218857993924159,-0.16419301844529288,54.87244009971619
1780877305.7247236,1.181372622931391,0.08845470297981937,0.21888851604939893,-0.1641768001176307,54.894875288009644
1780877305.7480285,1.1808087473517386,0.08832688146206802,0.2188880947945745,-0.16414873846137512,54.91818022727966
1780877305.7699733,1.1802484642620628,0.08818864019098435,0.2188429449059609,-0.16410593911164373,54.94012498855591
1780877305.790226,1.179681132132234,0.08809612159714174,0.21887642984537065,-0.16412664900811835,54.96037769317627
1780877305.8149803,1.1791222096043785,0.08797468339761354,0.21883381725587475,-0.16410391121702794,54.98513197898865
1780877305.837289,1.1785706278548942,0.0878120833762717,0.21881673993575498,-0.16402733018974525,55.00744080543518
1780877305.8592339,1.1780013545260273,0.08776047020490527,0.21886867407931077,-0.16410220495289485,55.029385566711426
1780877305.8817277,1.1774500519663045,0.087618244649167,0.21885187680893833,-0.16405110357569974,55.05187940597534
1780877305.9035532,1.1768959404918269,0.08749934409410404,0.21887291437245127,-0.16403257159872808,55.073704957962036
1780877305.9270859,1.1763445037380629,0.08737741366226348,0.21886320378897103,-0.16400983951975423,55.0972375869751
1780877305.9503334,1.175791458322032,0.08728010267359376,0.21883058870746408,-0.1640196316664997,55.120485067367554
1780877305.9715397,1.1752434439655526,0.08715518251822958,0.21884256661204624,-0.1639908723045127,55.14169144630432
1780877305.9939628,1.1746965267241813,0.08703388805014022,0.21885803079682495,-0.16396743141454184,55.164114475250244
1780877306.0142562,1.1741491515654388,0.08692632206420461,0.21885594546377357,-0.16396283770208608,55.18440794944763
1780877306.037591,1.1736040509434986,0.08681533922098865,0.2188842568179432,-0.1639528010337461,55.20774269104004
1780877306.0612643,1.173059248178024,0.0867089343365166,0.21889020339380136,-0.16394856673998692,55.23141598701477
1780877306.0818512,1.1725188651760678,0.0865921556637222,0.21886190575621678,-0.1639285984619363,55.25200295448303
1780877306.106637,1.1719810417405643,0.08647178910115894,0.21886025802333353,-0.16390574380458256,55.27678871154785
1780877306.1267955,1.1714438879788767,0.08635303555821458,0.21887133019890753,-0.1638820280332296,55.29694724082947
1780877306.1505663,1.1709005746273153,0.08628110445652538,0.21886909608568914,-0.16392392847499426,55.32071805000305
1780877306.1733189,1.1703822655650946,0.08608264073496323,0.21873865329162592,-0.16379009463785188,55.34347057342529
1780877306.1940277,1.1698300595617062,0.0860705707363363,0.2188716390398454,-0.16391280340897918,55.364179372787476
1780877306.2152672,1.169315149516911,0.08586456523600225,0.2188238476943367,-0.1637700615205646,55.38541889190674
1780877306.2365077,1.1687666580786442,0.08586451605047493,0.2188275071528603,-0.16390652799105432,55.40665936470032
1780877306.25899,1.1682514758006814,0.08568177337665427,0.21876216251311026,-0.1637959249624692,55.42914175987244
1780877306.2818098,1.1677180140880343,0.08560950276745251,0.21876090746706778,-0.16383120663932838,55.451961517333984
1780877306.3019564,1.167184138494631,0.08556275202863711,0.21868654326731818,-0.16390646798387154,55.472108125686646
1780877306.3256667,1.1666772422366487,0.08532435988554246,0.21892116140444234,-0.16371609256508668,55.49581837654114
1780877306.349941,1.1661363225006955,0.08535146135525007,0.21872809929573306,-0.16388885883253757,55.520092725753784
1780877306.3717594,1.1656220416998344,0.085201890659491,0.21876597232680853,-0.16382222596449614,55.541911125183105
1780877306.3943276,1.1651138841939341,0.08501472118841957,0.2188901267903499,-0.1636969231162726,55.5644793510437
1780877306.4140306,1.1645783460164012,0.08504889729073087,0.21864447289876152,-0.16387984865111838,55.584182262420654
1780877306.4384794,1.1640756300956603,0.08484918383449495,0.21878340220241277,-0.16374258646630713,55.6086311340332
1780877306.4616327,1.1635767728279616,0.08466448870248297,0.21864347785165789,-0.16362035711138656,55.631784439086914
1780877306.4809878,1.1630495160498804,0.08461845199827385,0.21888934980168737,-0.16369183707070745,55.65113949775696
1780877306.5056162,1.1625293890668749,0.0845831874808342,0.21880237295950872,-0.1637784893818992,55.67576789855957
1780877306.5261202,1.1620445979002914,0.08433057710363176,0.21879046017914006,-0.16356341065953117,55.696271896362305
1780877306.5495174,1.161521935003398,0.08430695872164037,0.2189029756279766,-0.16366343871400035,55.71966910362244
1780877306.5716226,1.1610178408906098,0.08421855110934541,0.21866800624894112,-0.16367477212103365,55.74177432060242
1780877306.593239,1.1605194913544643,0.08407245474858924,0.21869203569283194,-0.1636061637301589,55.76339077949524
1780877306.6177344,1.1600183867522862,0.08394092577872324,0.2188782072309364,-0.16355592889309412,55.78788614273071
1780877306.638558,1.1594965475344579,0.08398049298801984,0.21871674302033903,-0.16374237659788538,55.80870962142944
1780877306.6615663,1.1590081448116465,0.08380375556201798,0.21877934446170186,-0.1636325923600026,55.83171796798706
1780877306.6835175,1.1585156612788514,0.08367009832055312,0.218757025103915,-0.16357497300508017,55.85366916656494
1780877306.7039013,1.1580134087218616,0.08361016134480577,0.218712444364388,-0.1636255049703199,55.87405300140381
1780877306.7249558,1.157527991249068,0.08344413489349171,0.21876085607834544,-0.16352453109549892,55.89510750770569
1780877306.7454424,1.1570234875704137,0.08339889552892597,0.21890408953259755,-0.16359407238719204,55.91559410095215
1780877306.768015,1.156549575896685,0.08320481717801531,0.21878581347846573,-0.16345458371017374,55.93816661834717
1780877306.7912762,1.1560397234265303,0.08321528420643097,0.21886248010421727,-0.16359762811732992,55.96142792701721
1780877306.8127794,1.1555734718126074,0.0829932231392487,0.21874347298688407,-0.16341974737135923,55.98293113708496
1780877306.8356128,1.1550754455501855,0.08295761964285327,0.21878916245429716,-0.16349684266323017,56.00576448440552
1780877306.8562455,1.1545945493248397,0.08283483603039392,0.21875415990702723,-0.16345800079086814,56.02639722824097
1780877306.878895,1.1541049611013359,0.08276407202552574,0.21883113232817183,-0.16348563844409325,56.049046754837036
1780877306.899866,1.1536242153186766,0.08266606583761191,0.21874052152945994,-0.16347827799664794,56.07001781463623
1780877306.9204073,1.1531472654876707,0.08255228967084931,0.2186665100928011,-0.16344678787187528,56.090559005737305
1780877306.942981,1.1526632159959522,0.0824735559005445,0.21874784543924614,-0.1634643308778032,56.11313271522522
1780877306.9631906,1.1521893199392175,0.08235414512155514,0.21874216141545513,-0.1634261688812626,56.133342266082764
1780877306.9910634,1.151710241945721,0.0822725275645268,0.2187737703379566,-0.16343610819675236,56.16121506690979
1780877307.0162091,1.1512324055750147,0.08221001821842157,0.2186606816974487,-0.1634771013896561,56.18636083602905
1780877307.0366895,1.1507694370377626,0.0820448331882746,0.21871060674534823,-0.1633726419530701,56.206841230392456
1780877307.0637064,1.1502894247993782,0.08198373960798795,0.21886192200073695,-0.16341206180703782,56.23385810852051
1780877307.086618,1.1498093560114735,0.08196541703208816,0.2187488924790812,-0.16351144541105622,56.25676965713501
1780877307.1059406,1.1493658065699723,0.08171258860541329,0.21880128089462694,-0.16328576798819405,56.276092290878296
1780877307.1289334,1.148883393582705,0.08172112553064796,0.2187468595266051,-0.16341838172924295,56.29908514022827
1780877307.1498108,1.1484295229866748,0.0815644538740268,0.21866256101684856,-0.16332706827760113,56.31996250152588
1780877307.1722338,1.147972485027202,0.08143235996254676,0.21864429145442094,-0.16326357993965646,56.3423855304718
1780877307.1939237,1.1474878168767249,0.08146018766835895,0.2187515169081708,-0.16342576657244212,56.36407542228699
1780877307.2160025,1.1470280907154766,0.081356480370064,0.21882741139407344,-0.16340525877183731,56.38615417480469
1780877307.2399497,1.1465985270277756,0.08110343739702011,0.21865886479609087,-0.16317505447608083,56.41010141372681
1780877307.261408,1.1461308155704997,0.08106686802003447,0.2187198765341982,-0.16324336696857156,56.431559801101685
1780877307.2837503,1.1456531282196605,0.08111570834840917,0.2186070343305259,-0.16343180055023243,56.45390200614929
1780877307.3066216,1.1452062156985288,0.08096601693722576,0.21871366099564177,-0.16334748658491405,56.476773262023926
1780877307.3284874,1.1447670953232814,0.08078584904556818,0.21874592527568162,-0.16321338395519547,56.49863910675049
1780877307.3522217,1.1442934506244393,0.08082351724661954,0.2188204259204817,-0.16338707470252523,56.52237343788147
1780877307.37229,1.1438702097387379,0.08058048060055727,0.21873703717318932,-0.16316852329841458,56.542441606521606
1780877307.395147,1.143409230863388,0.08055587194356305,0.21885381187643146,-0.16325124011022352,56.56529879570007
1780877307.4180117,1.1429527326880802,0.08055236754551993,0.21861119348892064,-0.16336439238926204,56.58816337585449
1780877307.4430864,1.1425234419113577,0.08034382222363116,0.21878114604119717,-0.16319666584783432,56.61323809623718
1780877307.4654632,1.142096477444878,0.08017545481658413,0.21860267457883595,-0.1630772957677027,56.63561487197876
1780877307.4863217,1.14162447345981,0.0802426538525946,0.21880938189784038,-0.1632859149291339,56.65647339820862
1780877307.5081818,1.1411976322771693,0.08008011862455626,0.21870549774200576,-0.16318079984780232,56.67833352088928
1780877307.5309834,1.1407733079859357,0.0799141915380307,0.21861230659764608,-0.16306375088106773,56.70113515853882
1780877307.5517123,1.1403058024533463,0.07997925834031228,0.21884784278789224,-0.163269442130626,56.721863985061646
1780877307.5745902,1.139889426239897,0.07978997076103457,0.21868375163263665,-0.16312451746574075,56.744741916656494
1780877307.594529,1.1394575060864232,0.07969610970719024,0.21859917319955322,-0.16310578379403484,56.76468062400818
1780877307.6169813,1.139001613775799,0.07973623052355859,0.21865525785856052,-0.16327626486254543,56.78713297843933
1780877307.640611,1.1385606879358552,0.07970249610621258,0.21870832676470564,-0.1633450750047829,56.81076264381409
1780877307.6605983,1.1381665238776129,0.07938803499224698,0.2187839399521511,-0.16302323648339279,56.83074998855591
1780877307.6828966,1.1377288934640906,0.07938657912326419,0.2185196168567747,-0.16312964716156708,56.85304832458496
1780877307.703063,1.1372768999734948,0.07940510123959126,0.2189200088365152,-0.1632727748067513,56.87321472167969
1780877307.7251825,1.1368931599579588,0.07910727121057023,0.21856637456409825,-0.1629715332317705,56.895334243774414
1780877307.7469049,1.1364759853046764,0.07899351856079695,0.21843812508041707,-0.1629218101665435,56.91705656051636
1780877307.7680068,1.1360150477029392,0.07909948055181906,0.218789311336747,-0.16317971591645852,56.93815851211548
1780877307.788785,1.135592908928442,0.07904987609889916,0.2185318325760822,-0.16322505588695435,56.95893669128418
1780877307.8115087,1.1351830138283918,0.07886061357623766,0.2189251975985926,-0.1630745931415496,56.98166036605835
1780877307.8311574,1.1347741203446529,0.07877851409965247,0.21844059212038,-0.16306738340188742,57.00130915641785
1780877307.8533087,1.1343422911807577,0.0787264470766902,0.21893799518840595,-0.16310731480892304,57.023460388183594
1780877307.8730905,1.1339364291927365,0.0786558906179246,0.21836485713292925,-0.16311666274230419,57.04324221611023
1780877307.8962936,1.1335132209065077,0.07855788904793129,0.2189726879060916,-0.1630929521696256,57.06644535064697
1780877307.9188113,1.1331203135280286,0.0784287824573707,0.21837808757780267,-0.1630198374722891,57.0889630317688
1780877307.940182,1.1327005737251687,0.0783343004842666,0.21895108031202645,-0.1629981459244383,57.11033368110657
1780877307.9641156,1.1322798162238414,0.07837992961574013,0.21846176817981913,-0.16316698000669527,57.13426733016968
1780877307.985714,1.1318621485487612,0.07832606289920328,0.2187265450204694,-0.16320447491894052,57.15586566925049
1780877308.0082684,1.131495907223691,0.07799782759674223,0.2187621415146183,-0.1628547091399768,57.178420066833496
1780877308.0309746,1.1310775567244427,0.07802941653828019,0.2185112610602228,-0.16300156970304025,57.20112633705139
1780877308.0550816,1.1306477427360688,0.07806176104161712,0.21888894596613478,-0.16315625853507543,57.22523331642151
1780877308.0806248,1.1302730837028117,0.07787208156937749,0.21844005117854778,-0.16299824893542736,57.250776529312134
1780877308.1040049,1.1298706847004816,0.0777414024131528,0.21894630051439384,-0.1629227214904696,57.27415657043457
1780877308.1322346,1.1294552545731271,0.07781531912690806,0.21851338160338074,-0.16312758194570032,57.30238628387451
1780877308.1530578,1.1290535033845484,0.07773281644086184,0.2187277521587139,-0.16312323543187413,57.32320952415466
1780877308.1731904,1.128695183305502,0.07742566372458201,0.21871144167825732,-0.16279862637642895,57.34334206581116
1780877308.195453,1.1282847049194455,0.07746481602270641,0.21853591213480547,-0.1629543869016481,57.365604639053345
1780877308.2158394,1.127869731517185,0.07748894145982066,0.21873652091226373,-0.16309446731772193,57.38599109649658
1780877308.237491,1.127493760950385,0.07733819772126334,0.2185706964656636,-0.1629878646348244,57.40764260292053
1780877308.2589467,1.127109646238896,0.07720652008938801,0.21864347047589713,-0.16290731076779252,57.42909836769104
1780877308.2792103,1.1267160553338598,0.07716460233460587,0.2186182979414656,-0.16295129001980957,57.44936203956604
1780877308.3007665,1.126321011301494,0.07713193692899546,0.21855887329049542,-0.1630083707271317,57.47091817855835
1780877308.320971,1.1259343012998946,0.07706220119958085,0.21855253024512572,-0.16301308500489897,57.49112272262573
1780877308.3444035,1.125555523158092,0.07692907932765976,0.21865276797323163,-0.16293109700398656,57.51455521583557
1780877308.3683252,1.1251847692799333,0.07677933910458277,0.2186596500643081,-0.16282405170221015,57.53847694396973
1780877308.3889287,1.1247836454879572,0.0768150066616083,0.21863142401710323,-0.16297165510453482,57.559080362319946
1780877308.4128125,1.1243783245522947,0.07689328625002943,0.2185900863968025,-0.1631826550130313,57.582964181900024
1780877308.4342732,1.1240214738177574,0.07667291167876078,0.21865742981692793,-0.16297841427269066,57.60442495346069
1780877308.4569654,1.1236651755941323,0.07647062930868298,0.21854666975215903,-0.1627951712818949,57.62711715698242
1780877308.4784288,1.1232864726212977,0.07639755602355541,0.21866360486931372,-0.1627934840342995,57.64858055114746
1780877308.4983246,1.1228922012672362,0.07644371401080495,0.21854363658757067,-0.16295495531601123,57.66847634315491
1780877308.5203066,1.1224958420218907,0.07649516632407415,0.21863712079853945,-0.1631262523268897,57.69045829772949
1780877308.546742,1.122156760997002,0.0762102340236454,0.21865486946391074,-0.16283285174264872,57.716893672943115
1780877308.566063,1.1218041251165674,0.07602494816019215,0.21857962371966816,-0.1626682311196075,57.73621463775635
1780877308.5884838,1.1214053205525272,0.07611684822152487,0.2186812592865562,-0.1628933959683585,57.75863552093506
1780877308.6100106,1.1210275626559458,0.07610113115834136,0.21858400837239467,-0.16297106329331212,57.78016233444214
1780877308.6329486,1.120671558883594,0.07594824227161825,0.21869758410004658,-0.16285578351990804,57.80310034751892
1780877308.659316,1.120311562373711,0.07585071784784547,0.2185174247719577,-0.16281510939168475,57.8294677734375
1780877308.6787808,1.1199372762672037,0.07580710550702963,0.2187808420184092,-0.162851588942595,57.84893250465393
1780877308.7005615,1.119575247687792,0.07575405681889055,0.2184571506556714,-0.16287280865534282,57.870713233947754
1780877308.7212207,1.1192075171457445,0.07568312528356351,0.2187402424817768,-0.16287076047335924,57.89137244224548
1780877308.743157,1.1188532509265103,0.07558733035087536,0.21851253745953125,-0.16283238547945045,57.91330862045288
1780877308.7646792,1.1184922700924709,0.07549001620965973,0.2188097397182944,-0.1627931672191547,57.93483090400696
1780877308.7854378,1.1181355107923425,0.0754350838414333,0.21849883042438248,-0.16280965294451244,57.95558953285217
1780877308.8094232,1.1177659447830524,0.07538955867776324,0.21891400894491878,-0.1628423914495878,57.97957491874695
1780877308.8328345,1.1174189820954055,0.07530721201870336,0.2184753380025585,-0.1628204870998946,58.00298619270325
1780877308.8561263,1.11705768670055,0.07521658170421036,0.21895237001974138,-0.16278991334911286,58.026278018951416
1780877308.878003,1.1167092607640308,0.07516850581791332,0.21844178280698184,-0.16281388114480544,58.04815459251404
1780877308.898448,1.1163438677475082,0.07511037537680666,0.2189639706370335,-0.16282882042661306,58.068599700927734
1780877308.9231563,1.1160099450909728,0.07499816655050001,0.2183791924621788,-0.16276344991248415,58.093307971954346
1780877308.9445648,1.1156519544101813,0.07490210603408222,0.2189708809019199,-0.1627238198488561,58.11471652984619
1780877308.9701352,1.115297255519379,0.07492665296221016,0.2184126681977426,-0.16284681515006616,58.140286922454834
1780877308.9933686,1.1149291784792867,0.07492411850414146,0.21886029187824088,-0.16293867819611174,58.16352033615112
1780877309.0140584,1.1146237502876473,0.07463081509575933,0.21857819984997323,-0.16262359043747798,58.18421006202698
1780877309.038832,1.1142925597880584,0.07448498291798401,0.21844428774603436,-0.16250880844672944,58.20898365974426
1780877309.060521,1.1139152054933699,0.07458141971964273,0.2187064589453991,-0.16273159646345992,58.23067259788513
1780877309.0842957,1.1135559359771396,0.0745835370168937,0.21887298862736843,-0.16283047408834728,58.25444746017456
1780877309.1079967,1.1132542018290439,0.07430530395897494,0.21852359724028153,-0.1625319318828531,58.27814841270447
1780877309.1284244,1.1129083701560794,0.0742569028866006,0.21855934124674176,-0.16255200555645422,58.29857611656189
1780877309.1526756,1.112527678843714,0.07439770692583347,0.21883505773655526,-0.16283762401599544,58.32282733917236
1780877309.173437,1.1121869324544507,0.07437501681996647,0.218535857646745,-0.16289526491199613,58.34358882904053
1780877309.1957572,1.1118694467792556,0.0741456405087316,0.21879522276181837,-0.16267073704582558,58.36590886116028
1780877309.219096,1.1115583562364053,0.07395178341185975,0.21851314275480693,-0.16248667964296848,58.38924765586853
1780877309.2403593,1.1112009722747103,0.07399527993213882,0.21865097049871202,-0.1626326738644237,58.4105110168457
1780877309.2667212,1.1108384968251037,0.07408879408589689,0.21864517761354899,-0.16285241380834847,58.43687295913696
1780877309.2913976,1.110507163578654,0.07399678857788482,0.21875085775034875,-0.16281284233154913,58.461549282073975
1780877309.3113737,1.1102019015160458,0.0737776883881286,0.218555579541929,-0.16259616440067726,58.48152542114258
1780877309.3360069,1.1098748945683277,0.07366215296846934,0.21870448818472504,-0.16252126100905073,58.50615859031677
1780877309.356517,1.109504695695498,0.07381482243204505,0.21886573074223195,-0.162820063890746,58.52666878700256
1780877309.3794599,1.1092018448330299,0.07360620027054551,0.21865250239386055,-0.16262047542014457,58.54961156845093
1780877309.4027448,1.1088875364973636,0.07346474506417412,0.21850441800200882,-0.16250628125755195,58.5728964805603
1780877309.4252796,1.1085309608548042,0.07352607398172786,0.21890221214268082,-0.16267711282402608,58.595431327819824
1780877309.4472196,1.1081910986169987,0.07358322495428254,0.2185038170854879,-0.1628415366675653,58.61737132072449
1780877309.4679034,1.107870635368852,0.07345513084730929,0.21871671594354608,-0.1627540140623469,58.638055086135864
1780877309.4910245,1.1075722550001696,0.07321491243037397,0.2188121006327916,-0.16250303118991427,58.6611762046814
1780877309.513181,1.1072209672861948,0.0733354507585991,0.21865949341663077,-0.16275186540595632,58.683332681655884
1780877309.5344434,1.106900346997987,0.07323291361780028,0.21880535212312377,-0.16270014515276277,58.70459508895874
1780877309.5570712,1.1066152591566776,0.07297594331275224,0.21852173735494085,-0.16242503284894072,58.72722291946411
1780877309.5777006,1.106283296487092,0.07296020923317417,0.21864392611139424,-0.16248449579921642,58.74785232543945
1780877309.5988352,1.1059226063714254,0.07311360136899808,0.21885810175908316,-0.1627820602343628,58.76898694038391
1780877309.620786,1.1056187467118743,0.07299129461585926,0.21856368360263123,-0.1626964423545041,58.790937662124634
1780877309.6402028,1.105310962555154,0.07283359202891086,0.218754285867794,-0.16256141371676325,58.810354471206665
1780877309.6626046,1.1049974912710945,0.07276790362174322,0.21860008086270896,-0.16255213192827878,58.83275628089905
1780877309.6827846,1.1046629881064305,0.07279468377743767,0.21869976151688872,-0.16267104991564985,58.85293626785278
1780877309.7060163,1.1043314661767991,0.07283382907279455,0.21868534316716262,-0.16280730808627908,58.87616801261902
1780877309.72855,1.1040460579551494,0.07257700342662919,0.2187779380097548,-0.16253803074128648,58.898701667785645
1780877309.7499714,1.1037509020095264,0.0724274024221709,0.2185401090500069,-0.1624088966732251,58.92012310028076
1780877309.7739387,1.1034099555221262,0.07251211503883569,0.21872459207805459,-0.16260519600174161,58.944090366363525
1780877309.7943523,1.1030875068635912,0.07249249360980727,0.21886032883601375,-0.16266437572860637,58.96450400352478
1780877309.8212173,1.1028089589736285,0.072257575450458,0.2186291886374516,-0.16241705067741563,58.991369009017944
1780877309.8452318,1.1024848895621449,0.07226314940303998,0.21876896199382934,-0.1625037487626244,59.01538348197937
1780877309.8652656,1.1021498764664592,0.07235095079822584,0.21878886877493087,-0.16270853277444974,59.035417318344116
1780877309.8885078,1.1018655220175124,0.0721420732695072,0.21880840421746653,-0.16249999547541671,59.05865955352783
1780877309.9089172,1.10154142245801,0.07219110120392869,0.21867070435519798,-0.16264348897088077,59.07906889915466
1780877309.9319656,1.1012174885674983,0.07224452014827305,0.21855707472303845,-0.16279943058171176,59.10211730003357
1780877309.9536033,1.1009283026834462,0.0720504241665558,0.21880547786837265,-0.16261393078541486,59.12375497817993
1780877309.9738157,1.1006448378309472,0.07187534828471467,0.21861505355824118,-0.16244615416325603,59.143967390060425
1780877309.9957528,1.1003196975840392,0.07190633064895399,0.21892797483534404,-0.1625684910031331,59.16590452194214
1780877310.019652,1.1000114985331346,0.0719163459202249,0.2185371416764397,-0.16266037292317037,59.18980360031128
1780877310.038976,1.099708694926581,0.0718089876026705,0.21891480556499787,-0.16259421687643227,59.20912766456604
1780877310.0608442,1.0994363467886785,0.07159518122883765,0.2186844489352011,-0.16237458925852666,59.230995893478394
1780877310.0830386,1.0991187678118879,0.07162387349602024,0.21878824065030075,-0.16249060674517413,59.25319027900696
1780877310.1065311,1.0988001695472769,0.07169324370137337,0.21858821211947138,-0.16266420568062667,59.27668285369873
1780877310.130901,1.0984991929625365,0.07161131907685878,0.21885007804973455,-0.16263177961091912,59.3010528087616
1780877310.1521964,1.098234715561593,0.07137140263028172,0.21859217355862934,-0.16237538753070613,59.32234811782837
1780877310.1755614,1.0979273487640433,0.0713625609923422,0.2186432024332601,-0.16243775464097965,59.34571313858032
1780877310.195951,1.0976045216501846,0.07144588138968895,0.21871371871745468,-0.16263153858549595,59.36610269546509
1780877310.221745,1.097306567156779,0.07139041249312528,0.2188016708080178,-0.16263199199472567,59.39189672470093
1780877310.2426257,1.0970397221837882,0.0711680770629224,0.2186746928540873,-0.16240163724877554,59.41277742385864
1780877310.2636364,1.096743932191864,0.07110883938752219,0.2187270300163327,-0.16239337605234505,59.43378806114197
1780877310.2871792,1.096420348098395,0.07120401765555154,0.2189320733975871,-0.1626028811841902,59.45733094215393
1780877310.3078153,1.0961591282292544,0.07097565845171022,0.21870364056947741,-0.16236264743198126,59.47796702384949
1780877310.331014,1.095861525807347,0.0709480601104681,0.21869729810613708,-0.16239699507789318,59.50116562843323
1780877310.352929,1.0955445308424785,0.07103303102930392,0.21876328468776937,-0.16259206981805674,59.523080825805664
1780877310.3746128,1.0952589737826777,0.07093154639076947,0.2188807364186197,-0.16252823413608075,59.54476451873779
1780877310.3965623,1.0949829035239873,0.07079981908408026,0.21876648394319406,-0.16241979564168885,59.56671404838562
1780877310.4167428,1.0946719574776744,0.07086505259647008,0.2187998803707345,-0.16258363814775567,59.586894512176514
1780877310.4401457,1.0943912734532588,0.07075004390838874,0.21888188776907055,-0.1625005709584948,59.610297441482544
1780877310.4625134,1.0941092458839663,0.07066703258957212,0.2187855053035901,-0.1624588423400528,59.632665157318115
1780877310.483133,1.0938114101486118,0.07067731439252874,0.21874070073332583,-0.16254596584605663,59.653284788131714
1780877310.5059545,1.0935389545220733,0.07052234119840131,0.218815515687332,-0.16240759945030936,59.676106214523315
1780877310.5267715,1.0932446107408431,0.07051095976585005,0.2188754971960908,-0.1624632980945684,59.69692325592041
1780877310.5528226,1.0929494225540652,0.07052500421441545,0.21876981240637927,-0.16255758509075946,59.72297430038452
1780877310.576695,1.092678315035319,0.07037762841952341,0.2188251926502865,-0.1624265900277191,59.7468466758728
1780877310.5970778,1.0923833871808817,0.07038069504559744,0.21889654889426768,-0.1625041442145796,59.76722955703735
1780877310.618953,1.0921143940253695,0.07025002738800126,0.2188161214135399,-0.16239662130735288,59.7891047000885
1780877310.6401157,1.0918133367694693,0.07031403560105332,0.21874568583717086,-0.16255526162407996,59.81026744842529
1780877310.6644745,1.0915347836279385,0.07023124322394861,0.21879995287398685,-0.16251672891209346,59.83462619781494
1780877310.6864524,1.0912683142315436,0.07009464773156832,0.21870995504714436,-0.16239714490263557,59.85660409927368
1780877310.7067673,1.0909732940017012,0.07011089178116946,0.21885078502725253,-0.1624934744440827,59.87691903114319
1780877310.7300284,1.0907068988252473,0.06997733881154565,0.2188544908182568,-0.1623803892299791,59.90018010139465
1780877310.7532043,1.0904092998698842,0.07004782787862096,0.21873918768648914,-0.162548058271613,59.92335605621338
1780877310.7730298,1.090139200741537,0.069933956995428,0.2188107453517712,-0.16246556862959416,59.94318151473999
1780877310.7953985,1.089872701906799,0.06982362649965385,0.21871109110202275,-0.16238117161263332,59.96555018424988
1780877310.8156438,1.0895824799749418,0.06984942205288965,0.21870446224468695,-0.16248791936116147,59.98579549789429
1780877310.8377972,1.0893142211077993,0.06973506224823826,0.2188127611111168,-0.1624036223853893,60.007948875427246
1780877310.8607113,1.0890405778003995,0.06967063533463845,0.2188028779618011,-0.16238188753247185,60.03086304664612
1780877310.880087,1.0887596339462216,0.06965895096852989,0.21875442328615757,-0.16243814882127383,60.050238609313965
1780877310.9037755,1.0884841165680639,0.06961086494450724,0.21878101970872582,-0.16244002167092875,60.07392716407776
1780877310.9240885,1.0882169852905055,0.06951332402130271,0.21882758379211908,-0.16237672348600274,60.09424018859863
1780877310.9483366,1.0879380358745532,0.06949531937675132,0.21883272636511436,-0.16242272446039374,60.11848831176758
1780877310.9710746,1.087671704100173,0.06941423408652309,0.2187770878298086,-0.16237742534823685,60.141226291656494
1780877310.9917243,1.0873994029900629,0.0693671725231719,0.2187760766714355,-0.16238456647572885,60.16187596321106
1780877311.0145504,1.0871232470457772,0.0693453703277187,0.21881025731189901,-0.1624215399421698,60.18470215797424
1780877311.0357811,1.08686035266969,0.06925740702774973,0.2187303490678111,-0.16237071534258263,60.20593285560608
1780877311.057855,1.0865788006611958,0.0692754892659837,0.21874828341333719,-0.16246256497497713,60.22800660133362
1780877311.0793774,1.0863116439276423,0.06921370522794235,0.21876540552899457,-0.1624481584068893,60.249529123306274
1780877311.0996778,1.0860582668417031,0.06907920348503832,0.2186989713380462,-0.16232956057995995,60.269829511642456
1780877311.123284,1.085775396986005,0.0691135008135428,0.2187528241107875,-0.16244566703533936,60.29343581199646
1780877311.143162,1.0855186164626447,0.0689980718994069,0.21881075012811435,-0.1623561791942132,60.313313722610474
1780877311.1657476,1.0852467521481781,0.0689857983666739,0.21879610169802308,-0.16240429529306688,60.335899353027344
1780877311.18739,1.0849894269570106,0.06889288749761636,0.21873521785716094,-0.16234533221660596,60.35754179954529
1780877311.2093513,1.0847110733508054,0.06892390406204243,0.218737380594872,-0.1624537312215084,60.37950301170349
1780877311.231217,1.0844438946894086,0.06890132298723596,0.21868778832551256,-0.1624917768288463,60.401368618011475
1780877311.2523034,1.0842008151206246,0.06870835867470504,0.2188439449455529,-0.16229189935458566,60.422455072402954
1780877311.274199,1.0839196005292293,0.06878330385718529,0.21878154288193602,-0.16246134834252768,60.444350719451904
1780877311.2957265,1.0836810867719109,0.06859461272394836,0.21873779993279013,-0.1622699821079312,60.46587824821472
1780877311.316238,1.0834301037195533,0.06849591203284654,0.21863306253463755,-0.1621964244394274,60.48638963699341
1780877311.340217,1.0831371286791207,0.06862405520291177,0.21881725486832876,-0.16244047628088465,60.51036882400513
1780877311.360369,1.082879046040666,0.06859728205460208,0.21857287588637622,-0.16247077173077296,60.53052067756653
1780877311.3820603,1.0826380585733006,0.0684203868608059,0.2187046058459087,-0.1622941202461572,60.55221199989319
1780877311.40277,1.0823981172513069,0.06828216182299869,0.21854574280450953,-0.162165545221014,60.57292175292969
1780877311.4228597,1.082112797258063,0.06837712630282654,0.21880450218947178,-0.16236202867242033,60.59301137924194
1780877311.4455857,1.0818551922191735,0.06835125768129448,0.21864525422135458,-0.1623954829430425,60.615737438201904
1780877311.4706483,1.0816192396198838,0.06816511200194515,0.2188209598184331,-0.16220155696832883,60.64079999923706
1780877311.4900887,1.0813327250666107,0.06832405101814883,0.218693135971468,-0.16248488073582612,60.66024041175842
1780877311.5126987,1.0810738013046701,0.06831681822328227,0.2186058148488351,-0.16254197932543724,60.68285036087036
1780877311.5346892,1.0808468449334308,0.06807684631825575,0.21886039391290552,-0.16227692448890352,60.704840898513794
1780877311.5593274,1.080606512228808,0.0680016418378558,0.21847439581465689,-0.16223235801123437,60.72947907447815
1780877311.581171,1.0803327543137378,0.06803878561124195,0.21887987631198536,-0.1623490092537816,60.751322746276855
1780877311.6001832,1.0800713255327536,0.06809467172640186,0.21858585138701647,-0.16248984368640995,60.77033495903015
1780877311.6247077,1.0798402088716854,0.06791591289317435,0.2187141067176439,-0.1623096695305235,60.794859409332275
1780877311.6455133,1.079589735266497,0.06787366696279497,0.21871285007924368,-0.16231004098016344,60.81566500663757
1780877311.675257,1.0793243015128693,0.0679447349359793,0.2185928777887045,-0.16247473410487823,60.84540867805481
1780877311.6991563,1.079089916943513,0.06778635462347081,0.21885822857185264,-0.16232079922046916,60.86930799484253
1780877311.719087,1.0788653060551439,0.0676272553788542,0.2186707388422199,-0.16216042906989836,60.889238595962524
1780877311.7443304,1.0785946671333504,0.06771836244197946,0.2187917643048979,-0.16234818721512623,60.91448211669922
1780877311.7645388,1.0783570128110638,0.0676418235802334,0.21862475430799028,-0.16230750903797286,60.93469047546387
1780877311.789318,1.0781189278299543,0.06753868149305424,0.2187745375667936,-0.16222423646847606,60.95946979522705
1780877311.8120604,1.077852962856686,0.06763955882343263,0.21867414536555752,-0.16242857507968678,60.98221206665039
1780877311.8339415,1.0776212453130063,0.06750369038468323,0.2188713266004013,-0.16230383662953374,61.004093170166016
1780877311.8562818,1.077395271366871,0.06739218437698072,0.2186019281115108,-0.16220858872497468,61.02643346786499
1780877311.8771973,1.0771339430180278,0.06745363772903158,0.21869732459517233,-0.16235381694912476,61.047348976135254
1780877311.9022636,1.076881522310802,0.06749963948846041,0.21855431888943647,-0.1624806697254586,61.072415351867676
1780877311.9246123,1.0766596841287448,0.06731291507094911,0.2188269100882521,-0.16228573688878623,61.09476399421692
1780877311.9456022,1.0764287073174434,0.06724516553155095,0.21859010014223887,-0.16224930020883566,61.11575388908386
1780877311.9681895,1.0761785724157997,0.06725381653382051,0.21871620202043268,-0.16232375777492747,61.138341188430786
1780877311.9882665,1.0759420091692182,0.06721353820613041,0.2186889923257077,-0.16232812096313953,61.15841817855835
1780877312.0110748,1.0757151043024147,0.06712490117484643,0.21851573227692045,-0.1622655247171596,61.1812264919281
1780877312.0345209,1.0754798238530818,0.06703972141782419,0.21886237290873287,-0.16220795881002603,61.20467257499695
1780877312.0547729,1.0752375745317015,0.0670854793158165,0.21843781321237185,-0.1623294471711758,61.22492456436157
1780877312.0766656,1.074983029285053,0.06712012592659422,0.2188316956714672,-0.16244100338466172,61.24681735038757
1780877312.096844,1.0747903262852943,0.06685427140255484,0.21859018208957304,-0.1621322070894493,61.266995668411255
1780877312.118981,1.0745754279874937,0.06672288285489626,0.21841459403150754,-0.16200567154492207,61.289132595062256
1780877312.1408794,1.0743142400607388,0.06682902435966694,0.21866490421469797,-0.16221124242351426,61.311031103134155
1780877312.1613626,1.074059503476069,0.06693157180798608,0.2186133625052932,-0.16241624913602326,61.33151435852051
1780877312.1848602,1.0738395019894058,0.06682089760310443,0.2187148870783002,-0.16232118095552783,61.35501194000244
1780877312.2087796,1.0736274536819597,0.0666933263165112,0.21849419310128892,-0.16220131785271352,61.378931283950806
1780877312.2279186,1.073397321980599,0.06662630527109432,0.21880934385778375,-0.1621666345670083,61.398070335388184
1780877312.2508593,1.0731472378865106,0.06674755968892236,0.2185638674876284,-0.1623916716429954,61.421010971069336
1780877312.2708402,1.0729198534610902,0.06671066514766266,0.21853602236602163,-0.1624014358584085,61.44099187850952
1780877312.2936642,1.0727152922999663,0.06650849588657175,0.21874947114039445,-0.16217883615230377,61.46381592750549
1780877312.314856,1.0725008336108683,0.06642063802406335,0.21861914220518294,-0.16211285592070768,61.485007762908936
1780877312.3352885,1.0722417934585016,0.0665730866807395,0.21872863974899032,-0.16238076890688324,61.50544023513794
1780877312.3592167,1.0720197914898946,0.06654928816854447,0.2185027174764424,-0.16240615871437525,61.52936840057373
1780877312.3818307,1.0718215814792993,0.0663262281091232,0.21873274937745094,-0.16215605006299283,61.551982402801514
1780877312.4046662,1.0716174358012318,0.06619799534080154,0.21855875076602482,-0.1620315960299461,61.57481789588928
1780877312.4291222,1.071366657866613,0.06631498850998374,0.21875082371774832,-0.16224966756161852,61.599273920059204
1780877312.449255,1.071139750212761,0.06633936400828258,0.21848870022944952,-0.16234205783625733,61.61940670013428
1780877312.471989,1.0709253453084382,0.06622913961469029,0.21883818881823702,-0.1622462057640539,61.64214062690735
1780877312.4919586,1.070716473894504,0.0661669292909383,0.21847100322966076,-0.1622134085442828,61.662110328674316
1780877312.515076,1.0704879127826488,0.06613855516710825,0.2189069263238595,-0.1622317321619713,61.68522763252258
1780877312.539348,1.07027584247428,0.06611298389860175,0.21852501386774004,-0.16225013491932128,61.70949959754944
1780877312.5601866,1.0700564702129585,0.06606893046989987,0.21867396356532565,-0.1622453372811501,61.73033833503723
1780877312.583077,1.0698389622751194,0.06602043524691341,0.21885809851154697,-0.16223353044006572,61.75322866439819
1780877312.6039436,1.0696297526495917,0.065972670620925,0.21864228835503643,-0.1622214022444135,61.77409529685974
1780877312.6268277,1.0694140955811198,0.06594157486941363,0.218624050592043,-0.16223272991038185,61.79697942733765
1780877312.650232,1.0691995219906332,0.0659001389329414,0.21868625293880892,-0.16223032678280047,61.82038378715515
1780877312.670516,1.0689862833500337,0.0658598614250899,0.21870994616459358,-0.16222860437981668,61.840667724609375
1780877312.694329,1.0687719621326124,0.06582545904984714,0.21878501732271244,-0.16223562813056525,61.86448073387146
1780877312.7143424,1.0685616856679703,0.0657772900449887,0.2188305701443413,-0.16222245329126173,61.8844940662384
1780877312.7378037,1.068350080178288,0.06575001351525181,0.2187976829535628,-0.1622387107432619,61.90795540809631
1780877312.7611644,1.0681458033434326,0.06567916487247752,0.21877394298153907,-0.16219334924546258,61.93131613731384
1780877312.7832198,1.0679274169372983,0.06569776924516675,0.2187443244589595,-0.16227339654980355,61.95337152481079
1780877312.8062453,1.0677269060403987,0.06560449883033982,0.21879083053986342,-0.16219510592441244,61.9763970375061
1780877312.8263295,1.0675101849065123,0.06563584891007038,0.2186759039401754,-0.16229299658252527,61.99648118019104
1780877312.8495896,1.0673160824865844,0.06551183124759702,0.21870058202846474,-0.1621727876530663,62.01974129676819
1780877312.8779614,1.0671017341525726,0.06551165780890526,0.21878323986667858,-0.1622259248767306,62.048113107681274
1780877312.898114,1.0668968774660972,0.06546692812606665,0.21881451615477088,-0.1622175075306571,62.06826567649841
1780877312.9204133,1.0666950054310471,0.06541511864471183,0.21877288009982024,-0.16219545894745124,62.09056496620178
1780877312.9435396,1.06648422180391,0.06542411178299228,0.21870606419007318,-0.16226258009424166,62.113691329956055
1780877312.9622016,1.0662936050950125,0.06531486035316002,0.21863525957351507,-0.1621609270150821,62.13235330581665
1780877312.983564,1.0660798622967276,0.0653336444425717,0.2186986069182789,-0.16223879787497664,62.15371561050415
1780877313.0039783,1.0658747130880826,0.06530802148546057,0.2187614542981862,-0.1622575085637057,62.17412996292114
1780877313.0265198,1.0656958990976555,0.06514837154695462,0.2186267356198252,-0.16208477115072295,62.19667148590088
1780877313.0487647,1.06547382665256,0.0652188903349051,0.21878778525644135,-0.16223289826065157,62.21891641616821
1780877313.0688512,1.0652706797386853,0.0652106078500213,0.21870369482367033,-0.16227511836618103,62.23900294303894
1780877313.0913844,1.0650826304579493,0.06509863457474277,0.21872587231419074,-0.16216801164361527,62.26153612136841
1780877313.1121056,1.0648755272371278,0.0651035493616272,0.21881154572281375,-0.16222806128548095,62.282257318496704
1780877313.1358418,1.0646942929562724,0.06498367150461823,0.21864898599142693,-0.16210985794788568,62.30599355697632
1780877313.1574154,1.0644775314628112,0.06504565694614606,0.21879756348902593,-0.16224720668475934,62.3275671005249
1780877313.1789155,1.0642931040644577,0.06493603545197398,0.218792851717281,-0.16214498088285545,62.34906721115112
1780877313.2017937,1.064081695532691,0.06500380000851862,0.2186958074681269,-0.16228820920209763,62.37194538116455
1780877313.2220423,1.0638979665733763,0.06488159484026318,0.21880991976513053,-0.16217029091095148,62.39219403266907
1780877313.2449815,1.063699374022833,0.06487720557024765,0.2187437630814442,-0.1622117777544494,62.415133237838745
1780877313.2680657,1.0635116939962794,0.06480622741579685,0.21869336694664618,-0.16216373515947735,62.43821740150452
1780877313.2919927,1.0633096082945976,0.06482388065667843,0.2186722784342473,-0.16223565454963795,62.46214437484741
1780877313.314256,1.063122726569399,0.06474459579397462,0.2187379775518403,-0.16217726251023912,62.48440766334534
1780877313.3355377,1.062925310507236,0.06474087464739435,0.2187305149891288,-0.16221880442682224,62.5056893825531
1780877313.3579652,1.0627465704319794,0.06462793686905277,0.21870291027550282,-0.16211188892899342,62.528116941452026
1780877313.381931,1.0625437560886988,0.0646525341238166,0.21880810151183605,-0.16219323680785713,62.552082777023315
1780877313.4025996,1.0623499824914486,0.06465349298545214,0.21868796240079136,-0.1622439225836878,62.57275128364563
1780877313.4243531,1.0621804339491274,0.06449443133065404,0.21866866296218884,-0.16207203094845557,62.594504833221436
1780877313.4446857,1.061984887690244,0.06449162071165201,0.21872167500616246,-0.1621134953662624,62.614837408065796
1780877313.469647,1.0617836521580801,0.06454342202219682,0.21863236499378502,-0.1622363849778128,62.639798641204834
1780877313.4910986,1.0616046739349887,0.06443575469807232,0.21877533852130807,-0.1621339249635021,62.6612503528595
1780877313.5117981,1.061411364951662,0.0644384693409441,0.21881685447172586,-0.16218548420271617,62.681949853897095
1780877313.5360441,1.0612297655147533,0.06439963813867262,0.21857287825451396,-0.16217809827646024,62.70619583129883
1780877313.5561519,1.0610427588481668,0.06435766958214381,0.2186654513277538,-0.1621672408594912,62.726303577423096
1780877313.5804882,1.0608554850255925,0.06432450860644576,0.21874234741934692,-0.16216895421995892,62.75063991546631
1780877313.6017551,1.0606709057784527,0.06428439122906895,0.21878142692379907,-0.1621600451321239,62.77190685272217
1780877313.6224403,1.0604834560540226,0.0642686701155907,0.21880229544180177,-0.16218565773889315,62.79259204864502
1780877313.6451864,1.0603051893015818,0.06421370881523261,0.21871510291849144,-0.16215371403629408,62.815338134765625
1780877313.6705248,1.060124182703313,0.06416330815142963,0.21876433938361764,-0.16213291369000693,62.8406765460968
1780877313.6899707,1.0599315943886045,0.0641900734058705,0.21876578956778725,-0.16221531518434773,62.86012244224548
1780877313.7131395,1.059760530369908,0.06408619166750566,0.2187959357303632,-0.16211631951727812,62.883291244506836
1780877313.733193,1.059567567678393,0.06414101775060953,0.21865851246496365,-0.16223882902135145,62.90334463119507
1780877313.762614,1.059399489063911,0.06401867290402467,0.21873035371539704,-0.1621150731432115,62.93276572227478
1780877313.7865267,1.0592091065617915,0.0640434593425898,0.21878374301933873,-0.1621946382254551,62.95667839050293
1780877313.806869,1.0590371949375117,0.06396104456650546,0.21879645522919677,-0.16212605357160914,62.97702074050903
1780877313.832245,1.0588504257221902,0.06398249327721468,0.2187277555334941,-0.16220255853488652,63.00239682197571
1780877313.8533025,1.058681671586779,0.06389302233327974,0.21870131116242456,-0.1621223374266325,63.02345418930054
1780877313.8775208,1.0584943248610192,0.06391533711585719,0.21872324999359094,-0.16219813043468756,63.047672510147095
1780877313.8993332,1.0583285460493606,0.06380612428910692,0.21874666399970452,-0.1620918934937312,63.06948494911194
1780877313.9202101,1.0581426111097127,0.0638321307827203,0.21871110064226934,-0.16217304798797194,63.09036183357239
1780877313.9461582,1.0579741308514947,0.06375106508708622,0.21871740625094058,-0.16210617522048576,63.11630988121033
1780877313.967965,1.0577900915234748,0.06376057536206518,0.21878700437671803,-0.16216223441145372,63.13811659812927
1780877313.9934056,1.0576168976669489,0.06371284737886578,0.21878794942951332,-0.1621408624512264,63.163557291030884
1780877314.0152004,1.0574429750272074,0.06367578605652496,0.21878757827586773,-0.16213601771850383,63.185352087020874
1780877314.0362244,1.057266517652586,0.06365668285114855,0.21878020962793793,-0.16214995031664126,63.20637607574463
1780877314.0576208,1.0570909484608066,0.06364197341465137,0.21873381028883715,-0.162176053866661,63.22777247428894
1780877314.0794039,1.0569294550741586,0.06354521469707244,0.21866274887732828,-0.16208457974663792,63.249555587768555
1780877314.1012836,1.056740978148343,0.06360415274700873,0.21869137330354332,-0.1622091316550156,63.271435260772705
1780877314.12375,1.056570603065667,0.0635512889346731,0.21877451658457048,-0.16218232864879667,63.293901681900024
1780877314.1451242,1.056421609233548,0.06339619953350413,0.218633053300186,-0.16200892434452285,63.31527590751648
1780877314.1687796,1.0562305664178242,0.06346565796336884,0.21881033332550892,-0.16214738205448853,63.33893132209778
1780877314.1890314,1.0560616449295488,0.06344333342563152,0.2186121666406895,-0.16216115977559697,63.35918307304382
1780877314.2126772,1.0558973773230278,0.06336250436463466,0.21869345888945033,-0.1620912725479906,63.38282895088196
1780877314.236455,1.0557184454605726,0.06336983128103135,0.21886488368140125,-0.1621450456308815,63.406606674194336
1780877314.2577462,1.055554159509135,0.06333550732156532,0.21864340330402887,-0.16213976441867484,63.427897930145264
1780877314.2804594,1.0553857854692947,0.06330014590233311,0.21864036277224577,-0.16213310308816498,63.45061111450195
1780877314.3019364,1.0552162139415082,0.06326644979844974,0.21871077539634035,-0.1621295178402784,63.472088098526
1780877314.324422,1.0550476648150555,0.06322422499082689,0.21887717468817716,-0.1621135487977785,63.49457359313965
1780877314.3481996,1.0548793778848704,0.06322630121463667,0.21865596985185656,-0.1621575310506449,63.518351316452026
1780877314.3719854,1.0547184657411333,0.06316190352433672,0.21861154904034402,-0.16211125736931553,63.542137145996094
1780877314.3968306,1.054548744924914,0.06312401761421271,0.21884927177720329,-0.16209947066275587,63.56698226928711
1780877314.423022,1.05436962923119,0.06319933486937256,0.21863148899481546,-0.1622472667972703,63.59317374229431
1780877314.4450357,1.0542216502340633,0.06304590248288812,0.21878659418771743,-0.1620778464226107,63.61518740653992
1780877314.4687812,1.0540557236161692,0.06303544101668641,0.21867560584048057,-0.16210151533160877,63.638932943344116
1780877314.4891381,1.0538874696328056,0.06303246255637034,0.2186242206081019,-0.16214021722681737,63.659289836883545
1780877314.5125282,1.0537253945568172,0.06296954222805347,0.21878501926430063,-0.1620942215970702,63.682679891586304
1780877314.5368843,1.0535567664006609,0.06296793666119105,0.21884346559772103,-0.16213380405622413,63.70703601837158
1780877314.5566819,1.0533999709120911,0.06290284004859602,0.21882323282979343,-0.16208408167684984,63.72683358192444
1780877314.5797904,1.053229561692493,0.06292503242761874,0.2187844113795635,-0.16215599703601713,63.74994206428528
1780877314.6004202,1.0530819320843896,0.06281394110956974,0.2187132870388737,-0.16204246436666025,63.77057194709778
1780877314.624589,1.0529046404637068,0.06286769047218735,0.2188011049943085,-0.16215824240314625,63.79474067687988
1780877314.6485267,1.0527529907001056,0.06277819360794336,0.2188157577408842,-0.16207381254327036,63.81867837905884
1780877314.6687357,1.0525819656883673,0.06282213117645574,0.21871619541828005,-0.16217636075861996,63.838887453079224
1780877314.6911073,1.0524295127413092,0.06273331496990846,0.21879485566894938,-0.16209214423247031,63.86125898361206
1780877314.7120903,1.0522677553200999,0.06272358652759986,0.21873760750921986,-0.162120495614821,63.88224196434021
1780877314.7416196,1.052111461451793,0.06268000520211027,0.21868176252537866,-0.16209883223851618,63.911771297454834
1780877314.7623508,1.051949633948845,0.0626669197448384,0.2186702194445431,-0.16212106259389358,63.93250250816345
1780877314.7828243,1.05179239577377,0.06262477813368153,0.21868295292790668,-0.1621032180281916,63.95297598838806
1780877314.804359,1.0516325073484993,0.06258555881975059,0.21885220220856016,-0.1620879208731254,63.97451066970825
1780877314.8246336,1.051463664711131,0.06263647839384041,0.21874935879455992,-0.16219892274423264,63.99478530883789
1780877314.8457856,1.0513291014218318,0.06246417251017124,0.21875546036813776,-0.1619997222633658,64.01593732833862
1780877314.8691077,1.0511580637494162,0.06251347415658254,0.2188318811898965,-0.16210665621893128,64.03925943374634
1780877314.8894417,1.0510014764756697,0.06249501073127377,0.21873648598629705,-0.16212115080405454,64.05959343910217
1780877314.9111462,1.050854028290214,0.0624155290650822,0.2186987887393283,-0.16205024647506017,64.08129787445068
1780877314.9313931,1.0506817376267352,0.06248362590700377,0.218711990095978,-0.1621825767563867,64.10154485702515
1780877314.95423,1.0505297179374669,0.06243394310728566,0.21871309852492193,-0.16215527342716163,64.12438178062439
1780877314.9756608,1.0503864926755726,0.06233775557426225,0.21865793017605759,-0.16205828271850464,64.14581251144409
1780877314.9957776,1.0502197932559634,0.06235946617826972,0.21884050766043153,-0.16212841081940343,64.16592931747437
1780877315.016958,1.050073025112128,0.06231427101317913,0.21862847738901472,-0.1621039313958348,64.18710970878601
1780877315.0372212,1.0499222198344835,0.06226497425651069,0.21861104749292973,-0.16207422029645135,64.20737290382385
1780877315.0619879,1.0497636970511879,0.06223720713285684,0.21887171991212828,-0.16207449547071784,64.23213958740234
1780877315.0836592,1.0496005241858908,0.06228826092117803,0.21873894041747483,-0.1621835177181863,64.25381088256836
1780877315.103843,1.0494655823239054,0.0621417103503981,0.218809373705956,-0.1620190954909737,64.27399468421936
1780877315.1254358,1.0492962730118467,0.062221162068706246,0.21878886298352176,-0.16216712273671297,64.29558753967285
1780877315.1499968,1.0491605900115457,0.06209273632332185,0.2187923093673608,-0.16202703447666078,64.32014846801758
1780877315.168222,1.0489974399306286,0.06213094881522979,0.21883847412859964,-0.1621193566326391,64.33837366104126
1780877315.1900141,1.0488634006181563,0.06201654575074369,0.21869600197579994,-0.16199709708560084,64.36016583442688
1780877315.2101157,1.0486931417004026,0.062096493914859,0.21876985817559966,-0.1621455395628182,64.38026738166809
1780877315.23206,1.0485497985427288,0.06202674304604331,0.2187737329529566,-0.1620887352671656,64.40221166610718
1780877315.2539954,1.0484017200538134,0.06199129117433343,0.2187532781136367,-0.16207440357422254,64.42414712905884
1780877315.2741177,1.0482468904009645,0.06200020405652679,0.2187085447108616,-0.162124610344621,64.44426941871643
1780877315.2970455,1.0481085640832561,0.06190704438345161,0.21868785327113266,-0.16203345139848668,64.46719717979431
1780877315.320162,1.047944210684995,0.06196378983199659,0.2187735739845443,-0.1621474471334623,64.49031376838684
1780877315.3415122,1.0478014488139713,0.06190752078379029,0.21872985854443946,-0.1621086737059736,64.5116639137268
1780877315.3631732,1.0476634386012764,0.06182748713484429,0.21863031337380306,-0.16203347183979755,64.53332495689392
1780877315.3832197,1.0475038162062493,0.061861413219417884,0.2187017635715071,-0.16211714867879223,64.55337142944336
1780877315.4043677,1.047349760118624,0.06186910574930985,0.21876215272490698,-0.16216723810424138,64.57451939582825
1780877315.425426,1.0472234625907646,0.06171257432480212,0.21877484518908413,-0.16198456800827588,64.59557771682739
1780877315.4494867,1.0470519338898412,0.06183735582569733,0.21879692214509125,-0.1621943623198443,64.61963844299316
1780877315.4720929,1.0469331360270702,0.06165064670405752,0.2187098524788082,-0.16197434573188652,64.64224457740784
1780877315.4928532,1.0467966529610406,0.06157598855984288,0.21862496054080152,-0.16190391752904665,64.6630048751831
1780877315.5187862,1.046617792443871,0.06172717150272689,0.21883674596523675,-0.16215011177665328,64.68893790245056
1780877315.5390396,1.0464835102918362,0.061661594133623814,0.21861461483752595,-0.16209703567318412,64.70919132232666
1780877315.5614524,1.0463435996785269,0.0615928163555134,0.21868704286206575,-0.16203646302720065,64.73160409927368
1780877315.583419,1.0461871336168578,0.06162948131251962,0.2188281159751309,-0.16212414390969743,64.7535707950592
1780877315.604625,1.0460548951791715,0.061559229125155206,0.21856179092724232,-0.16206245985356338,64.77477669715881
1780877315.6271074,1.0459083826564033,0.061511793093302555,0.21887406477145543,-0.16203243106775123,64.79725909233093
1780877315.6500487,1.0457471391430277,0.06162012534118296,0.2186926538565512,-0.1622173986382096,64.82020044326782
1780877315.673109,1.045623982307196,0.06146952142577498,0.21873057238082397,-0.16204682884604127,64.84326076507568
1780877315.6957064,1.0454786039519302,0.061460931781325744,0.2187042780852999,-0.1620663960567934,64.86585807800293
1780877315.7193806,1.0453208860903562,0.061536361862061885,0.2186532616623247,-0.16220959529352585,64.88953232765198
1780877315.746422,1.0451964254657014,0.06137754275166519,0.21890396358848493,-0.16202560759467843,64.91657376289368
1780877315.766653,1.0450612959870433,0.0613567831970997,0.21853800355733224,-0.16202848843907436,64.93680477142334
1780877315.7897382,1.04490540630743,0.061386838543364096,0.21880571945364238,-0.16210711189705318,64.95988988876343
1780877315.8121474,1.0447720308284452,0.061339519587716,0.21866635887074853,-0.16207603858626962,64.98229908943176
1780877315.8322115,1.0446352592339108,0.06130083412197068,0.21856428748017806,-0.16205670187838006,65.00236320495605
1780877315.8557632,1.0444881379773872,0.061282877848393445,0.21890271267405714,-0.1620676434493089,65.02591490745544
1780877315.884057,1.0443543232845947,0.0612715656327828,0.21847767545293467,-0.16208524543181246,65.05420875549316
1780877315.9031975,1.0442097353552027,0.061227016528888394,0.21890338210869634,-0.16206050512866232,65.07334923744202
1780877315.927137,1.044083719821868,0.061176065758209136,0.21848864878950475,-0.16202216252464474,65.09728860855103
1780877315.9500172,1.0439353424758686,0.06117525119055836,0.21875363248696444,-0.1620555497688394,65.12016892433167
1780877315.9719574,1.0437858311236454,0.06123504115308759,0.21869488583037444,-0.16217253145526556,65.14210915565491
1780877315.9945183,1.0436710358221222,0.06107333481500204,0.21863353442954198,-0.1619849565872542,65.16466999053955
1780877316.0151231,1.043550132353565,0.060959607299237946,0.21853582519459985,-0.1618575429325788,65.18527483940125
1780877316.0418966,1.043384762645539,0.06107368280228898,0.2188603634730274,-0.1620503302863967,65.21204829216003
1780877316.063031,1.043236540057637,0.06116483631256173,0.2184843703567052,-0.16221086031230403,65.23318266868591
1780877316.0872803,1.0431069992764888,0.06107102019166097,0.2187185422523714,-0.1621191387879617,65.25743198394775
1780877316.1084027,1.0429959782479308,0.06090313663316286,0.21865115972826646,-0.16191508527044807,65.27855443954468
1780877316.129897,1.0428393305833414,0.060995280790538724,0.21882822484963568,-0.16207689121608837,65.300048828125
1780877316.1529086,1.0427049725912871,0.06100042247813603,0.21851776421981764,-0.16211791552168853,65.32306027412415
1780877316.1727705,1.0425717257864555,0.06092044269975824,0.21893431104412545,-0.16204211237674793,65.34292221069336
1780877316.195905,1.0424525492188497,0.06086405568428283,0.21843980330518184,-0.16199427298597913,65.36605668067932
1780877316.2180922,1.0423058015079008,0.06086268825087001,0.21890190445627833,-0.16202645747098465,65.38824391365051
1780877316.2401834,1.0421614016377152,0.06095251774190454,0.21854242452474879,-0.1621822116663143,65.41033506393433
1780877316.2650142,1.042036418673292,0.06085054438588453,0.21876674341202001,-0.1620791177726586,65.4351658821106
1780877316.2851934,1.0419430662201947,0.06062190015089179,0.21848904409197392,-0.16179082743618522,65.4553451538086
1780877316.3123596,1.041801756843843,0.060641955481157035,0.2185871022631107,-0.1618488156728195,65.48251128196716
1780877316.342283,1.0416247228776592,0.060858717228484016,0.21888351615931043,-0.1621836171777713,65.51243472099304
1780877316.3625252,1.0415105087793182,0.06078927673373215,0.21839838620795193,-0.16212045962120003,65.53267693519592
1780877316.3856344,1.0413861543887994,0.06065837480478275,0.21897840462080045,-0.1619727840785301,65.5557861328125
1780877316.4065793,1.0412642177105789,0.060656419590727546,0.21834122024399538,-0.16199812756622212,65.576730966568
1780877316.4303818,1.0411143557877176,0.060702158079347944,0.21881564720925425,-0.16209606053296266,65.6005334854126
1780877316.4544222,1.0409932823676893,0.06066371610864708,0.21845346305988506,-0.16207419432522396,65.62457394599915
1780877316.4763887,1.0408708428480846,0.060576660710594435,0.2186864063311941,-0.16198592945796841,65.64654040336609
1780877316.4990618,1.0407380089906246,0.06059107880966203,0.21852622135700706,-0.16203554742949056,65.66921353340149
1780877316.5193293,1.0405921799090654,0.06066632067401777,0.21864353144920518,-0.1621719526374048,65.68948101997375
1780877316.543416,1.0404771084146103,0.06055563181141298,0.21866067296072425,-0.1620529981835137,65.71356773376465
1780877316.5671945,1.0403854005129014,0.06033549280531443,0.2185222188985147,-0.1617778827197256,65.73734617233276
1780877316.588448,1.0402406339011017,0.060411479573633256,0.21854893922058613,-0.1619098083173438,65.7585997581482
1780877316.6093767,1.040063380262402,0.060670334484356166,0.21880115870018077,-0.1623037189184,65.77952837944031
1780877316.6373022,1.039966462043465,0.060501659053229885,0.21850341080955693,-0.16210376100141666,65.80745387077332
1780877316.6575708,1.0398773818381017,0.060229187554284164,0.21872498623065434,-0.1617547428885877,65.82772254943848
1780877316.680782,1.0397291022392723,0.0603789128093002,0.21844607504983504,-0.1619888873642581,65.85093379020691
1780877316.7016685,1.0395652515761966,0.06054785571154719,0.21884287344691142,-0.1622589954265652,65.87182021141052
1780877316.7238467,1.039484248408157,0.06028531707279959,0.21863568580189324,-0.16192721510409314,65.89399838447571
1780877316.7471468,1.0393785214158968,0.06017674330219945,0.21840340390253832,-0.16180213125580334,65.91729855537415
1780877316.7676842,1.0392290355754565,0.060269466412932494,0.21876485335510876,-0.16196002649653352,65.93783593177795
1780877316.789653,1.0390747930482391,0.06046497011362928,0.21850157840101306,-0.16226469294579626,65.95980477333069
1780877316.811883,1.0389551627692228,0.06041906730264812,0.21858415315784532,-0.16223103026279118,65.98203468322754
1780877316.8361523,1.0388700913566993,0.06015216714573016,0.21866899125208994,-0.16189264560083672,66.00630402565002
1780877316.8583822,1.0387764075213444,0.05998362584815114,0.21846935526217753,-0.16168606118972706,66.02853393554688
1780877316.8802066,1.0386322604539133,0.06009424699964704,0.2185151862726481,-0.1618675130621643,66.05035829544067
1780877316.9019876,1.038468105531515,0.060308558280742865,0.21870568094336998,-0.16219679707021317,66.07213926315308
1780877316.9224603,1.0383497016534755,0.06030881998910268,0.21843484681415243,-0.16222648599847656,66.09261202812195
1780877316.9493992,1.0382513119131653,0.060109299470134075,0.2187795641850232,-0.16198399122718943,66.11955094337463
1780877316.9702594,1.038163822538889,0.05993695197614906,0.21838886036502167,-0.16176945047627678,66.14041113853455
1780877316.9910393,1.038029963130213,0.05998718869783031,0.21850896177711643,-0.16186582934905003,66.1611909866333
1780877317.014112,1.037869232421934,0.060176789668288856,0.21886999796376141,-0.16216130617597768,66.18426370620728
1780877317.0343502,1.03776685312357,0.06010625121811123,0.218470959867452,-0.16209270746665672,66.20450186729431
1780877317.057327,1.0376551121062916,0.05999721351134241,0.21884055724820298,-0.16197187662018342,66.22747874259949
1780877317.0812137,1.0375447202347294,0.05996997086000484,0.21855376215356812,-0.16196062990854454,66.25136542320251
1780877317.102615,1.0374132781610117,0.0600202110834743,0.21862934806817708,-0.16205865346795711,66.27276682853699
1780877317.1260712,1.0372801895718262,0.06009266537858956,0.21869875048800322,-0.16218909675818916,66.29622292518616
1780877317.1477585,1.0371961271219818,0.05986688638918825,0.2187158095478449,-0.16190607333402163,66.31791019439697
1780877317.1706672,1.0370875961373345,0.05981736105538006,0.2185681081841046,-0.16186312101888323,66.34081888198853
1780877317.1923568,1.0369360496456084,0.05998792005987446,0.21875861408796238,-0.16212732218997195,66.36250853538513
1780877317.21392,1.0368197696873602,0.05999945871578283,0.2185306959478127,-0.16217278044530747,66.38407182693481
1780877317.2359033,1.036726807154097,0.05981167955910553,0.2187573612030071,-0.1619432260423217,66.4060549736023
1780877317.2560933,1.0366278721837412,0.0597161783245421,0.21858572872788276,-0.16183618971811686,66.42624497413635
1780877317.278211,1.036481426131877,0.05986892804278968,0.2187626966066708,-0.16207416402247787,66.44836282730103
1780877317.302191,1.0363746340583369,0.05980525218283216,0.21871306409531766,-0.16201869436083793,66.47234272956848
1780877317.3233774,1.0362817471121228,0.05967741762703661,0.21853772825140136,-0.16186518200691014,66.4935290813446
1780877317.347392,1.0361431087881905,0.05978202224680777,0.21877676624930298,-0.1620365563465498,66.51754379272461
1780877317.3710525,1.0360233907886471,0.059831911572149475,0.21850933890920785,-0.16213613113474068,66.54120421409607
1780877317.389499,1.0359176338853788,0.05972242648714194,0.2188804932909232,-0.1620142880861657,66.55965065956116
1780877317.413575,1.035830932494199,0.05959094384610018,0.21849889674730708,-0.1618568255431776,66.58372664451599
1780877317.4345837,1.0357000615390022,0.05965909371320207,0.21868635251684218,-0.16197580325742011,66.60473537445068
1780877317.4564614,1.0355637285174744,0.059796576419082245,0.21860182729728472,-0.162198116835937,66.6266131401062
1780877317.4797676,1.035467028497097,0.059671439664979724,0.21876813242332066,-0.16205221082397392,66.64991927146912
1780877317.4998653,1.0353756373472387,0.05955699613127443,0.2184963327571818,-0.1619186515239237,66.67001700401306
1780877317.527138,1.0352583178675185,0.05953811022572374,0.21884169012082802,-0.16191961031673507,66.69728970527649
1780877317.551054,1.0351226687339057,0.05970380272787332,0.21855907576571013,-0.1621751988732445,66.72120571136475
1780877317.5739453,1.0350127117834564,0.05968804820633343,0.21850627529009972,-0.162183020690287,66.74409699440002
1780877317.599266,1.0349313214893745,0.0594602949466308,0.21876801368644028,-0.16189599485696915,66.76941776275635
1780877317.6186566,1.0348331138675066,0.059407521003069876,0.21847731711928559,-0.16184610757468398,66.78880834579468
1780877317.6437383,1.034690897685465,0.05955313361203811,0.2187690087188959,-0.16207345804405326,66.81388998031616
1780877317.6638465,1.0345693508825866,0.059647279886358845,0.2184719836299602,-0.16223253270378146,66.83399820327759
1780877317.6855502,1.0344771175641416,0.05950894378757017,0.21862734556052973,-0.1620707105895849,66.85570192337036
1780877317.707974,1.0343843739208287,0.0593665971341103,0.2188535386932657,-0.16189698511734862,66.87812566757202
1780877317.7292728,1.0342486945642801,0.05954438924948317,0.21866127250636266,-0.16216879714976606,66.89942455291748
1780877317.751095,1.034156193336292,0.0594438625137213,0.21855643231773533,-0.16205898446778555,66.92124676704407
1780877317.770951,1.0340599666510142,0.059312761533239604,0.21892866597478636,-0.16190224815658283,66.9411027431488
1780877317.795354,1.033930247940951,0.059473955054679985,0.21861553611795886,-0.16214943687670091,66.96550559997559
1780877317.818831,1.0338314402013946,0.05941427893037785,0.21853973751751948,-0.16209649421094996,66.98898267745972
1780877317.840484,1.0337419988014116,0.05925123693164959,0.218875498426898,-0.16189628207514595,67.01063561439514
1780877317.8649023,1.0336282733910083,0.05932738988892133,0.21850448618849994,-0.16202471047830835,67.03505396842957
1780877317.885148,1.0335079201734796,0.05935466025907257,0.21884440626969914,-0.1620920683395659,67.05529975891113
1780877317.9090304,1.0334332178805956,0.0591924953146687,0.21851508582764778,-0.16189205031619824,67.07918214797974
1780877317.933395,1.033315671938588,0.05921493694968017,0.21879215903490368,-0.16194581302025446,67.10354661941528
1780877317.9539368,1.033182963069353,0.05940524446457582,0.21849066518863658,-0.1622367001500069,67.1240885257721
1780877317.9805484,1.033083152246913,0.05934847051368247,0.21856852717220124,-0.16218713709182442,67.15070009231567
1780877318.002635,1.0330071415842486,0.059123279896858276,0.2188696690344325,-0.16189972335283942,67.17278671264648
1780877318.0300386,1.0328867282410965,0.05923840774202695,0.2186256836850301,-0.16208150928163123,67.20019030570984
1780877318.053595,1.0327866323949462,0.05919858416827463,0.2186194075124523,-0.1620560874010426,67.22374677658081
1780877318.0746293,1.0327033933659429,0.0590404324535619,0.21878420948150168,-0.1618594534991784,67.24478101730347
1780877318.0961359,1.0325680005529114,0.05923421814282977,0.21869693054327144,-0.1621525336200298,67.26628756523132
1780877318.121542,1.0324790535335913,0.059150352667486535,0.21854615883114328,-0.16206432740283105,67.29169368743896
1780877318.1398103,1.0323883923979822,0.0590262206343537,0.21883215241189044,-0.16191626655775337,67.30996203422546
1780877318.1614094,1.0322695328777578,0.05912980706510326,0.21872615121032926,-0.1620842707005412,67.33156108856201
1780877318.1819258,1.03218984451543,0.05897819034146519,0.21870209283018396,-0.16190094718871428,67.35207748413086
1780877318.2048626,1.032092662124926,0.058941348809985764,0.21865735894291366,-0.16187174826525652,67.37501430511475
1780877318.2274015,1.0319633122245233,0.05908227018717926,0.2187737169091149,-0.16209395757510991,67.39755320549011
1780877318.2470424,1.0318691524041277,0.059042099132673664,0.2186659173985662,-0.16206337797422998,67.4171941280365
1780877318.269464,1.0317859982024087,0.058924551476968345,0.21858857161237136,-0.16192516946305258,67.43961572647095
1780877318.2895935,1.0316835406918654,0.058903144978350495,0.2187438685959163,-0.1619179211474231,67.45974516868591
1780877318.3110092,1.0315632513870856,0.0590174879790095,0.21867682099665242,-0.16210444981397076,67.48116087913513
1780877318.333711,1.0314779426672165,0.05889343242329478,0.21886748265047803,-0.1619572195472907,67.50386261940002
1780877318.3536546,1.0313771853966451,0.05891368271813555,0.21863026812817754,-0.16200725162327378,67.52380633354187
1780877318.3746789,1.031280396597515,0.058875096499668766,0.21867912450089771,-0.1619804290536626,67.5448305606842
1780877318.3951685,1.0311809357094484,0.058856987698694296,0.21872697210477893,-0.1619768170910203,67.56532025337219
1780877318.4232042,1.0310762691775341,0.058885085709380634,0.21866409430550945,-0.16204341772079367,67.59335589408875
1780877318.4456248,1.0309846549607593,0.058806990520916765,0.2188390691909911,-0.16195739717967195,67.61577653884888
1780877318.4658077,1.0308689871651147,0.058927371022478546,0.21861108826765255,-0.16214816395333997,67.63595938682556
1780877318.4885383,1.0307820431313524,0.05882442893692352,0.21878698043877542,-0.16203263359056175,67.65868997573853
1780877318.508305,1.0307061443682928,0.058701729647667726,0.21855053945636896,-0.1618837548722012,67.67845678329468
1780877318.5325584,1.0305893955925256,0.05877918135953821,0.21875855497100224,-0.1620131079742717,67.70271015167236
1780877318.55526,1.0304787584175636,0.05886791687374887,0.21859030569410284,-0.16216224793366152,67.72541165351868
1780877318.5756826,1.0304021894231326,0.058708473510907196,0.21876769774406932,-0.16196784112124973,67.74583435058594
1780877318.5982409,1.0303017888164523,0.05872893138631297,0.21863671065688833,-0.16201572237802475,67.76839256286621
1780877318.618886,1.030194596274825,0.05877832530931606,0.21864677042335073,-0.16211185105775971,67.78903770446777
1780877318.6444736,1.0301165158630077,0.05863166907973252,0.21883267944102602,-0.16193137795373636,67.81462526321411
1780877318.6666663,1.03001424424771,0.0586705383570048,0.21875376307231995,-0.16200737354895578,67.83681797981262
1780877318.6878476,1.029921342734221,0.0586449351881682,0.21869969948132045,-0.1619963797264874,67.85799932479858
1780877318.710351,1.0298273109836948,0.058622930543441025,0.21869646288193606,-0.16198878624352364,67.88050270080566
1780877318.7308576,1.0297323493897614,0.05860519329690913,0.218722930279226,-0.16198802931850764,67.90100932121277
1780877318.7549124,1.0296376139774333,0.058589829158450325,0.21873033101839182,-0.1619898535298585,67.92506408691406
1780877318.779386,1.0295404300269468,0.058584151318946266,0.21879314665598298,-0.16200606936837314,67.94953775405884
1780877318.8004658,1.0294503859800959,0.05854716343158165,0.21875432002026424,-0.1619768041718337,67.9706175327301
1780877318.8242927,1.0293523286475235,0.05855122872121298,0.2188034619808243,-0.16200748255117192,67.99444437026978
1780877318.8483145,1.0292622295871503,0.05851953106915549,0.21875748615281126,-0.16198482587652574,68.01846623420715
1780877318.8708193,1.0291667791590973,0.058508757783897226,0.21881955647815055,-0.1619941082121663,68.04097104072571
1780877318.8942552,1.0290739667308988,0.05848938635536328,0.21881402565589297,-0.1619896945106003,68.06440687179565
1780877318.914585,1.0289832896412474,0.05846376398474347,0.21878199301270732,-0.16197890677685134,68.08473682403564
1780877318.9396744,1.0288887176873136,0.058458793764758356,0.2187908676478465,-0.16199203169611254,68.10982608795166
1780877318.965835,1.028797870648241,0.05843129405145475,0.21879925924224014,-0.16197845747508222,68.13598680496216
1780877318.9853036,1.028702833037121,0.058434941435522914,0.21877873398257086,-0.16200673430866752,68.15545535087585
1780877319.008422,1.0286104500415112,0.058417654040749924,0.21879073367589888,-0.16200432645470997,68.17857360839844
1780877319.0282202,1.0285227739946161,0.058383355962931816,0.2187408733666387,-0.16197965568865236,68.19837188720703
1780877319.0522413,1.0284278832703944,0.05838669754534295,0.21874366438221643,-0.16200750786682772,68.22239303588867
1780877319.0762517,1.0283359041890685,0.05837500577003947,0.2187520448783392,-0.16201242769066715,68.24640345573425
1780877319.0956335,1.028254818750939,0.058298464524061094,0.21873245733385902,-0.16192925004509462,68.26578521728516
1780877319.1195314,1.0281538824963385,0.058343070594628794,0.21872853247112312,-0.16201363164603233,68.2896831035614
1780877319.1400876,1.0280701433996557,0.05828339746095729,0.21875187570729726,-0.16195391192444664,68.31023931503296
1780877319.1621084,1.027971560891147,0.058318787683658925,0.21873395278155097,-0.16202426516059587,68.33226013183594
1780877319.1847699,1.0278846188120774,0.058278100071964295,0.21876293260347845,-0.16198985129251398,68.35492157936096
1780877319.208073,1.0277966796590994,0.05824893717060747,0.21876940876800746,-0.16197164124941965,68.37822461128235
1780877319.2292542,1.027709569051573,0.05821874406543361,0.21876022729150738,-0.16195282943544465,68.39940595626831
1780877319.2525716,1.0276120186639293,0.05825409941244658,0.21873678683614306,-0.1620230392034654,68.42272329330444
1780877319.274141,1.027529007708855,0.05819796486929569,0.2187399982354539,-0.1619673838901008,68.44429278373718
1780877319.2961946,1.0274344066043652,0.05821861851139407,0.21872909295778933,-0.16201764794395146,68.4663462638855
1780877319.3204036,1.0273483408722164,0.05818339488042638,0.2187376317143627,-0.16199031009647902,68.49055528640747
1780877319.345151,1.0272639389781761,0.058141674760869476,0.21873154296426772,-0.16195458875884183,68.51530265808105
1780877319.3657045,1.0271677220280895,0.05817431621616563,0.21873914163475788,-0.16202160923786435,68.53585624694824
1780877319.3879266,1.0270815179417145,0.058142165497150684,0.21875930834543367,-0.16199814373481658,68.55807828903198
1780877319.4122958,1.02699536748907,0.05811341784933126,0.21879260595162445,-0.16198239293131467,68.58244752883911
1780877319.4332542,1.026904547374656,0.05811202377565539,0.21882576604291534,-0.16200030732506976,68.60340595245361
1780877319.4580932,1.0268193288377694,0.0580913495812697,0.2187676598344681,-0.16199332977640823,68.62824487686157
1780877319.4790452,1.0267361916670537,0.05806209644263275,0.21865305796868936,-0.16197368939693213,68.64919686317444
1780877319.502773,1.026644491482396,0.05807263280860906,0.21865911043311084,-0.16200930035691918,68.67292475700378
1780877319.5251262,1.0265606857955452,0.05803253101852761,0.21870286909434755,-0.16197648099275508,68.69527792930603
1780877319.545114,1.0264732012462512,0.05802335808645249,0.21870995071709004,-0.1619824398942975,68.71526575088501
1780877319.567077,1.0263900381796651,0.05798879344181947,0.21871278758558624,-0.16195872683756418,68.73722863197327
1780877319.5908709,1.0262994509514984,0.057999412960539155,0.21873986519380653,-0.16199215691569036,68.76102256774902
1780877319.6108165,1.0262136097615884,0.057991213286165126,0.2186744671468628,-0.1620030159877155,68.7809681892395
1780877319.6338897,1.0261345325417646,0.057939371094716,0.21864010722746977,-0.16195148819595762,68.80404138565063
1780877319.6567976,1.026039480894998,0.05797555173393229,0.21870586246083912,-0.16202199513265025,68.82694935798645
1780877319.6815796,1.0259582438770058,0.05792943854502726,0.21879473179249187,-0.16198097757687924,68.851731300354
1780877319.7030005,1.0258773764161637,0.05790055539118566,0.2187037138580327,-0.16196009962645075,68.87315225601196
1780877319.723557,1.0257855702301475,0.05793266128530166,0.21867168296571562,-0.16202518895493379,68.8937087059021
1780877319.747634,1.0257137157751535,0.05783645910717894,0.21870458936719855,-0.16191338416796963,68.91778564453125
1780877319.7702327,1.0256191474933414,0.05787956189527963,0.21877030704746858,-0.16199187231561618,68.94038438796997
1780877319.792989,1.0255420091830694,0.057828300430186864,0.2187343697013929,-0.16194379398917258,68.96314072608948
1780877319.815354,1.0254486184104525,0.057862914927974046,0.21881522367112385,-0.16201138055286446,68.98550581932068
1780877319.83691,1.0253742220995903,0.057800051857158245,0.21876091248826218,-0.16194340859422418,69.00706171989441
1780877319.8603363,1.0252824935327516,0.05784658263801304,0.2187022298558835,-0.1620295486960046,69.03048801422119
1780877319.8811784,1.0252129722447898,0.05775157077933589,0.21868631428744245,-0.16191728014862194,69.05133008956909
1780877319.903511,1.0251156867137619,0.057816029259786524,0.21877548740720681,-0.16202721030285927,69.07366275787354
1780877319.9256978,1.0250409194200978,0.057750479634465196,0.21881900724144132,-0.16195704047463977,69.09584951400757
1780877319.9477499,1.024953392110368,0.05776941822424615,0.21883020252121307,-0.162002986518341,69.11790156364441
1780877319.9708505,1.0248782393281213,0.05772778585654566,0.21873716185018865,-0.16196511130200397,69.14100217819214
1780877319.9954054,1.0247940266239697,0.05774358697764185,0.21860145940122813,-0.1620057516702671,69.16555714607239
1780877320.0169888,1.024715038219465,0.05770381450860961,0.21867723869603936,-0.16197208748861325,69.18714046478271
1780877320.0392501,1.0246352859526262,0.05767815081177831,0.21871220433135694,-0.16195335891148055,69.209401845932
1780877320.0591908,1.0245476732273375,0.05771200806038394,0.21867080407196451,-0.16202311563541016,69.22934246063232
1780877320.0825331,1.0244742418300465,0.057654964372510914,0.21866673081924154,-0.1619622175301183,69.25268483161926
1780877320.1026912,1.024387954670977,0.057675308030537026,0.2186924023912727,-0.16201005174444427,69.27284288406372
1780877320.125836,1.0243169285771245,0.05760388819174561,0.2187188468251037,-0.161931679907783,69.29598760604858
1780877320.148156,1.0242261703799493,0.05765194030395287,0.21876106601458462,-0.16201618578683563,69.31830763816833
1780877320.1694608,1.0241493627159124,0.057618232453655265,0.21879912883967123,-0.16199171773552834,69.33961248397827
1780877320.1926959,1.0240783579561048,0.057562051215056566,0.2187244622187754,-0.1619297318026045,69.36284756660461
1780877320.2129993,1.0239938672582853,0.05758142476820112,0.21872594534952144,-0.16197877961382945,69.38315105438232
1780877320.23826,1.0239215511192203,0.057531706739405254,0.21872347937037934,-0.16192654187267141,69.40841174125671
1780877320.2602892,1.0238342260955404,0.05757658930228045,0.21867660432973574,-0.16200948446157293,69.43044090270996
1780877320.2802472,1.023762318026596,0.057528296706840024,0.2186385171817091,-0.1619603217739276,69.45039892196655
1780877320.302994,1.0236792030808535,0.0575355723153631,0.2187147008798226,-0.1619899548839121,69.4731457233429
1780877320.328424,1.0235981152579379,0.05753227077050036,0.21883163555568594,-0.16200533161933395,69.49857568740845
1780877320.3481822,1.023533147831678,0.05746425814619756,0.21866411962870372,-0.16192899246546055,69.51833391189575
1780877320.371163,1.0234441838022086,0.05752923976984465,0.2185848061662407,-0.1620362347396811,69.5413146018982
1780877320.391521,1.0233601640835146,0.05754887330842364,0.21866905658143582,-0.16208603006242495,69.56167268753052
1780877320.4166074,1.0233027349094481,0.057400868386652856,0.21882493055858987,-0.16189656793138596,69.58675909042358
1780877320.4386928,1.0232029268296914,0.0575548520582551,0.21861755453550208,-0.16212926927816307,69.6088445186615
1780877320.459041,1.0231313615572994,0.05750556715572543,0.2187078532125128,-0.16208146673844537,69.62919282913208
1780877320.484192,1.0230832050740497,0.05732947816937176,0.21863214577964177,-0.16185208979329602,69.6543436050415
1780877320.504019,1.0229933055782134,0.05739015528486015,0.21879819371147508,-0.16195485912670549,69.67417073249817
1780877320.5278294,1.0229096531086936,0.05746424925000495,0.2184779129631653,-0.16207618675307733,69.69798111915588
1780877320.549242,1.0228345326032067,0.05741049861589523,0.2188374845394101,-0.16202396797195773,69.71939373016357
1780877320.5694332,1.0227946559165,0.05722163050032194,0.21851440846838738,-0.16177528350190817,69.73958492279053
1780877320.5926,1.0227111156462563,0.05726209513880885,0.2185590271834786,-0.1618481161094243,69.76275181770325
1780877320.6129446,1.0226058935044526,0.05742879493120031,0.2186262720789557,-0.1621002366937847,69.78309631347656
1780877320.6361895,1.0225315390062402,0.05742090389908174,0.21864317371247696,-0.1621090670990042,69.80634117126465
1780877320.6590517,1.0224787788174108,0.057260024204304,0.21882846544060466,-0.16190174557637693,69.82920336723328
1780877320.6807911,1.0223877322803214,0.057375968009420755,0.21869944565693292,-0.16207953122407526,69.85094285011292
1780877320.7021492,1.0223339811856864,0.05724570850780543,0.2187228577060296,-0.1619184856103395,69.87230086326599
1780877320.7223492,1.0222467395216377,0.05732845971824901,0.21866941489700917,-0.16204698315278288,69.89250087738037
1780877320.749234,1.022166700384188,0.057371632945218895,0.2186149058844665,-0.16212721175620048,69.9193856716156
1780877320.7725964,1.0221164650694279,0.057199548025815575,0.21884033207793055,-0.16190608655721084,69.94274806976318
1780877320.7923043,1.022026956875675,0.057318986831760975,0.21866013272808144,-0.16208647246557817,69.9624559879303
1780877320.814097,1.0219599907039851,0.05728795378220768,0.2185959518875682,-0.16206318443658274,69.98424863815308
1780877320.8354094,1.0219094893786616,0.05714988201483009,0.2185637155733537,-0.16188806530318134,70.00556111335754
1780877320.8609166,1.0218420622039723,0.05710419638554861,0.21868717465568985,-0.16184012000893322,70.03106832504272
1780877320.884432,1.0217393828617696,0.057280044826941205,0.21875630852243172,-0.16210394149444163,70.05458378791809
1780877320.9041555,1.021692442187409,0.05713910679776601,0.21866754290504126,-0.16192610402753704,70.07430720329285
1780877320.9262168,1.0216162077510251,0.05716426787903856,0.21864615853791125,-0.161974642295029,70.09636855125427
1780877320.947858,1.0215254915950454,0.05728230358542641,0.21864463517299623,-0.16215891193186893,70.11800980567932
1780877320.9734907,1.0214787906022285,0.057118421763097636,0.21878644291341548,-0.16194853530584474,70.14364242553711
1780877320.9969993,1.0214152550481657,0.057097222571937285,0.21855539228309237,-0.16193325832225414,70.16715097427368
1780877321.017445,1.0213335421790315,0.05713989224193226,0.21872982485629072,-0.1620110022788812,70.18759679794312
1780877321.040536,1.0212675314568207,0.057130540386938086,0.2186288104314109,-0.1620142301331824,70.2106876373291
1780877321.0651815,1.0212076586981822,0.05707527727589459,0.2185188834209096,-0.1619542378467127,70.23533320426941
1780877321.086446,1.0211418512481434,0.05702112037084061,0.21879285324228892,-0.16189558314649188,70.25659775733948
1780877321.1089811,1.0210595899127357,0.05713252177277828,0.21847269695119234,-0.162065246982241,70.27913284301758
1780877321.1296864,1.0209785991436982,0.0571762104720973,0.21869427313720555,-0.16214656432813657,70.29983806610107
1780877321.1561108,1.0209480555290311,0.05693436972733397,0.2187430215421135,-0.16182568999859637,70.32626247406006
1780877321.1774921,1.0208674303414125,0.057028625575170314,0.21856238531319447,-0.16196987078484826,70.34764385223389
1780877321.1977093,1.0207888868124602,0.05706048841018637,0.21878050238587773,-0.162034878046863,70.36786103248596
1780877321.2198796,1.020750012748316,0.05689307124876204,0.21869372379234062,-0.16181598170010325,70.39003133773804
1780877321.2405431,1.0206614526954938,0.05702215590808125,0.21868527529215953,-0.16200998382093124,70.41069483757019
1780877321.2629514,1.020596011971785,0.057012477662432094,0.21860860172688082,-0.16201584307839223,70.43310308456421
1780877321.2849987,1.0205500758272945,0.056865724880308714,0.21875973129502996,-0.16182635611588703,70.45515036582947
1780877321.3048174,1.0204519310812188,0.05706378830828829,0.21867004734916665,-0.16211561954974707,70.47496914863586
1780877321.3263607,1.0203810053078193,0.05710681431852636,0.21852664204067865,-0.16219263746964252,70.4965124130249
1780877321.3468008,1.0203427640696003,0.0569046074666712,0.2187637585899342,-0.16193061722185975,70.51695251464844
1780877321.3694358,1.0202787656950203,0.05689918247406256,0.21864459220740792,-0.16193369464486862,70.53958749771118
1780877321.3909678,1.0201844963571045,0.057067502661907014,0.21869794148727323,-0.16218578975392495,70.561119556427
1780877321.41233,1.0201500007486104,0.05688800343384696,0.2185964208873509,-0.16195370812679588,70.58248162269592
1780877321.4393778,1.0200871555268793,0.05684142026554308,0.21882532022519885,-0.1619008412032814,70.60952949523926
1780877321.4632351,1.0199933626421422,0.05705845463097588,0.21847236729140224,-0.16221790488787624,70.63338685035706
1780877321.4839857,1.0199298637843552,0.05704349469662295,0.2185146205011665,-0.16221518107001565,70.65413737297058
1780877321.5058937,1.0198977236588493,0.056799494010064705,0.21887071490646612,-0.16189364708125442,70.67604541778564
1780877321.5271873,1.0198385794229112,0.05681014394248289,0.21849378490068813,-0.1619186241260966,70.69733905792236
1780877321.5519793,1.0197504351759572,0.05690745084027219,0.21891985670959,-0.1620726061000206,70.72213101387024
1780877321.5719557,1.0197163852722393,0.05677512877121841,0.21847839695093543,-0.16190385517413208,70.74210739135742
1780877321.5969837,1.0196636727617228,0.05667442188863324,0.2187472628689612,-0.16177689197542433,70.76713538169861
1780877321.6200361,1.019559029409948,0.05693394085473372,0.21868774484644346,-0.16215224959112096,70.79018783569336
1780877321.6399784,1.019509178237926,0.05688288834786671,0.21840589106726035,-0.16209912199513932,70.81013011932373
1780877321.6619592,1.0194620905870884,0.05672235873921269,0.21894398615980215,-0.16189249318580146,70.83211088180542
1780877321.6830611,1.0194120229178787,0.056711342737573646,0.21836660688421625,-0.1618881196860773,70.85321283340454
1780877321.7069767,1.0193321492040168,0.05675744507154801,0.21889317410877457,-0.16196956327765522,70.87712836265564
1780877321.7323563,1.0192758826847106,0.056777341201202876,0.21837885409427246,-0.1620107401395039,70.902508020401
1780877321.7541537,1.019207556943244,0.05676650722013247,0.21882701638047283,-0.1620127478181499,70.92430543899536
1780877321.7771237,1.0191633595295821,0.05670556236013989,0.21836960989872264,-0.16194115065911419,70.94727540016174
1780877321.8032446,1.0191103909387689,0.05664508589482095,0.21845294625403588,-0.1618721170408608,70.97339630126953
1780877321.8216758,1.0190354628669012,0.056684329776712686,0.2187470399109641,-0.16194127895705046,70.99182748794556
1780877321.8461266,1.0189619006856279,0.05681557957949991,0.21831704866357493,-0.16213646915422508,71.01627826690674
1780877321.8662455,1.0188909356714726,0.05680980988525682,0.2188597146510759,-0.1621490727727175,71.03639721870422
1780877321.8889391,1.0188934799278002,0.05647436926952158,0.21841151969080552,-0.16169559313651716,71.05909085273743
1780877321.91207,1.0188599100242501,0.056338392003862335,0.21814665722609128,-0.16151676449514074,71.0822217464447
1780877321.9307003,1.0187780547290124,0.05643652313096475,0.21839713582999132,-0.16166544876621858,71.10085201263428
1780877321.9544485,1.0186565089622581,0.05674723235157469,0.21896844101542867,-0.16211469136972534,71.12460017204285
1780877321.9748325,1.0186010616104808,0.05677689533603285,0.2184879159080009,-0.1621731842769556,71.1449842453003
1780877321.9967177,1.018575793353157,0.056578574960750895,0.21844150855407915,-0.1619110430061319,71.16686940193176
1780877322.018855,1.0185173368878444,0.05650766527366526,0.21896508442466234,-0.16182671422647799,71.18900680541992
1780877322.0415525,1.0184504833629402,0.05664685954017362,0.2182279644749263,-0.1620294725273741,71.21170425415039
1780877322.063426,1.0183604225053149,0.05676599498407531,0.21884884418181172,-0.16221327067507163,71.23357772827148
1780877322.0841744,1.0183408769360631,0.05655964050453029,0.21854605075209235,-0.1619419077283335,71.2543261051178
1780877322.107695,1.0183319867994742,0.0562711285595379,0.21844908600980423,-0.16155275937933622,71.2778468132019
1780877322.129871,1.0182653552814722,0.05634875114994842,0.21820141402344906,-0.16166945617183792,71.3000226020813
1780877322.1514125,1.0181605166365237,0.05655655166361463,0.21889823550635495,-0.16197432130883804,71.32156419754028
1780877322.1741514,1.0180867325873026,0.05671266203580539,0.21837880314442268,-0.16220523689254573,71.34430313110352
1780877322.195133,1.0180296816326853,0.05671813882057904,0.21835173740335184,-0.16222579185141583,71.36528468132019
1780877322.2176425,1.0179898569872885,0.05654043234570836,0.21892252978056406,-0.16199785886633178,71.38779425621033
1780877322.2429054,1.0179896227652723,0.056266162018033083,0.21833933511709339,-0.16162661277945256,71.41305708885193
1780877322.264077,1.0179411430734,0.05622710769839471,0.21821457395785276,-0.16158134188394735,71.43422865867615
1780877322.2892685,1.0178475616346219,0.056397712239003805,0.2186896749262476,-0.16183094986221258,71.4594202041626
1780877322.3120124,1.017744571347562,0.056679891261359715,0.21871515888523654,-0.1622395120245148,71.48216414451599
1780877322.3398993,1.017715358629282,0.05656691172401887,0.21830646303702592,-0.1620955965826143,71.51005101203918
1780877322.3634295,1.0176702237250939,0.056422094264182994,0.21896430018381194,-0.16191023509163083,71.53358125686646
1780877322.383139,1.017632210461743,0.05638603909920533,0.21838084384150075,-0.1618690722973697,71.55329060554504
1780877322.4048843,1.017560706523329,0.0564170977783129,0.21895906302122312,-0.16192621278674935,71.57503604888916
1780877322.4245403,1.0174976421094675,0.05653254213184134,0.21838241204179681,-0.1620972716382063,71.59469199180603
1780877322.448205,1.017429698240869,0.056566797538738035,0.21875411448430107,-0.16216175381127407,71.61835670471191
1780877322.4717593,1.0174224115350614,0.05628148950327696,0.21868792902487552,-0.1617780840324725,71.64191102981567
1780877322.492119,1.0173730376269445,0.056279403993521535,0.21843936034044956,-0.16178479730392947,71.66227078437805
1780877322.5143242,1.0172838932575996,0.05643786234690307,0.21884487857884885,-0.16201647937833918,71.68447589874268
1780877322.5380461,1.0172129602930733,0.05658943897890287,0.21844075570445234,-0.1622393135381066,71.70819783210754
1780877322.5569067,1.0171705396167208,0.05650592126893971,0.21850587767383517,-0.1621395537797703,71.72705841064453
1780877322.5783725,1.0171463449733518,0.05628155817145558,0.21881784523361997,-0.16184161149225673,71.74852418899536
1780877322.598775,1.017105441050864,0.056253723933178325,0.21839113949677444,-0.1618119254658974,71.7689266204834
1780877322.6225278,1.0170253590123015,0.056350640463008375,0.21889491035130637,-0.1619583617791025,71.79267954826355
1780877322.6445475,1.0169470964147815,0.056546819922724194,0.21851047237295995,-0.16224219223018155,71.81469917297363
1780877322.664822,1.016902784741946,0.05649123511277318,0.21847093019702996,-0.16218043629861523,71.83497381210327
1780877322.6888027,1.0168835378785914,0.056236288046859366,0.21881959993882932,-0.16184192217070015,71.85895442962646
1780877322.7091131,1.0168437438946216,0.056202669302593905,0.2183911902016293,-0.16180272462906764,71.87926483154297
1780877322.7298963,1.016765557599914,0.05629084123653202,0.21892221566824527,-0.16193778001177517,71.90004801750183
1780877322.7522032,1.0166957932778025,0.05644543434184753,0.21845455741131248,-0.1621636248717877,71.92235493659973
1780877322.7744515,1.016645503554063,0.05641244335734274,0.2185511803154081,-0.16213413683674194,71.94460320472717
1780877322.7966866,1.0166185027276506,0.056205662363478015,0.21895081772518535,-0.16185977944267815,71.96683835983276
1780877322.81699,1.0165624954261963,0.05627550180497211,0.21851024130923763,-0.16196438192264484,71.9871416091919
1780877322.8410888,1.0164893802393824,0.05634654362743021,0.21895366132932215,-0.16207954025966043,72.01124048233032
1780877322.8638484,1.0164768850205972,0.05614533241227351,0.21855675011304734,-0.16181225409800826,72.03400015830994
1780877322.883749,1.0164310075184408,0.05610851110709461,0.21847910202451779,-0.1617693728553249,72.05390071868896
1780877322.908446,1.0163433745304313,0.05627043189589534,0.21889945200995864,-0.16200642456346603,72.07859778404236
1780877322.9286203,1.0162816261439618,0.05638082589515816,0.21843178481200656,-0.16217150661814062,72.0987720489502
1780877322.9520314,1.0162352213611483,0.05630975410802354,0.2186785471001668,-0.16208978029579368,72.12218308448792
1780877322.9741783,1.016219395519694,0.056066330538377424,0.21883374594534102,-0.16176204845238473,72.14433002471924
1780877322.9982102,1.016145924045129,0.05623229999893153,0.21851765288973254,-0.16199990015272148,72.16836190223694
1780877323.020738,1.0160719396762625,0.056322639019968306,0.21884959155658434,-0.16214221865469236,72.19088959693909
1780877323.0411885,1.0160722786883267,0.05602521883352666,0.2186318802451635,-0.16174170451156966,72.2113401889801
1780877323.0632858,1.0160320477652418,0.05597457318272934,0.21843395446851432,-0.16168022777179925,72.23343753814697
1780877323.0840077,1.0159452617847196,0.05615122662013188,0.21871839284521505,-0.16193530489596464,72.254159450531
1780877323.1081076,1.0158733613242383,0.05626122063287562,0.2187728343266353,-0.162103925574562,72.27825927734375
1780877323.1313224,1.0158564149656557,0.0560666811009177,0.21863679151746848,-0.16184593198435993,72.30147409439087
1780877323.1519792,1.0157901088913839,0.056134938230356334,0.21875561613529929,-0.1619473574895216,72.32213091850281
1780877323.1746447,1.015714596548321,0.05631324665919839,0.21847492554370798,-0.1622076673069497,72.34479641914368
1780877323.1972327,1.0156730374199432,0.05623949725485415,0.21855628159589055,-0.1621199511875706,72.36738443374634
1780877323.2175534,1.0156535976599985,0.0560181362211749,0.21871225189748408,-0.16182491580980285,72.38770508766174
1780877323.2400215,1.0156137782239125,0.05595712005171311,0.21863175184183767,-0.16175023034764235,72.41017317771912
1780877323.2653847,1.015526913008201,0.05614820663422858,0.21883392903028767,-0.1620261557534799,72.43553638458252
1780877323.2845917,1.0154923225384354,0.05605638433054153,0.21869932131366773,-0.16191456121859193,72.45474338531494
1780877323.3070934,1.0154640530991277,0.055938414895978734,0.21848403770563007,-0.16175893042228173,72.47724509239197
1780877323.3271663,1.015390130656436,0.056040998283309815,0.21876135374025188,-0.16191104316429605,72.49731802940369
1780877323.350916,1.0153199955011525,0.05617526820015971,0.21856187196031696,-0.16211208339314265,72.52106761932373
1780877323.3741739,1.015279060773295,0.05608540909448763,0.2188122950212969,-0.16200053550238014,72.54432559013367
1780877323.3952506,1.01524977294189,0.055981409128941756,0.21849627773447872,-0.1618658555937147,72.5654022693634
1780877323.4187744,1.0151947490298623,0.055965467069174005,0.21883532183595455,-0.16185563288520077,72.58892607688904
1780877323.440315,1.0151227958205669,0.056122739783388276,0.21854118856977522,-0.1620833890110882,72.6104667186737
1780877323.463783,1.0150652989512674,0.05614875903645074,0.21861151271744145,-0.1621352375880667,72.63393473625183
1780877323.48787,1.0150435330750756,0.05593613198287152,0.21890410763752535,-0.1618522260865638,72.6580216884613
1780877323.517203,1.0149878898817015,0.05600319462302356,0.2185304770762903,-0.1619523345844618,72.68735480308533
1780877323.5405319,1.0149086596269623,0.056148773508341764,0.21875553727114389,-0.16216838833452618,72.71068358421326
1780877323.5605116,1.0148957463557213,0.05592113546755864,0.21869464106115813,-0.1618675321017613,72.73066329956055
1780877323.5814333,1.0148564696314815,0.055867588634826944,0.2185010066568495,-0.16179959712990355,72.75158500671387
1780877323.603536,1.0147771610467857,0.05599316624175076,0.21892238193152552,-0.16198686823381303,72.77368760108948
1780877323.6282542,1.014731226385362,0.05601380940925075,0.2184506823734642,-0.16202706153618207,72.79840588569641
1780877323.6564934,1.01468259597149,0.05594786975561248,0.2189158606758638,-0.16194893267959287,72.82664513587952
1780877323.676853,1.0146458132037182,0.05591129748371081,0.21844680370379047,-0.1619073211625346,72.84700465202332
1780877323.702412,1.0145902140456977,0.0559014634672335,0.21880975511378525,-0.16190659546223163,72.87256360054016
1780877323.725027,1.0145354601925949,0.05595720685465355,0.21847745194419177,-0.16199331689499719,72.89517879486084
1780877323.745388,1.0144714899951992,0.056027340164167015,0.21859401118327076,-0.16210223539048085,72.91553974151611
1780877323.7667553,1.0144392657424475,0.055891650283357734,0.21871184552239875,-0.16192925719449347,72.93690705299377
1780877323.7875502,1.0144276914260928,0.05567617808773259,0.21853509594781978,-0.16164017836467748,72.95770192146301
1780877323.809754,1.0143630637515144,0.05576784817138427,0.21846370835293807,-0.16177545107917313,72.97990560531616
1780877323.8305337,1.0142689181617084,0.05598540921411556,0.21884043102078518,-0.16208972644373798,73.00068545341492
1780877323.8533998,1.01422051359525,0.056039265267981364,0.21829107002625017,-0.1621752018352396,73.02355146408081
1780877323.8763049,1.014169450804919,0.05597853722557969,0.21882346145632747,-0.16210727974494965,73.04645657539368
1780877323.896693,1.0141762770150546,0.055672776905069846,0.2184287017044158,-0.16169236091711436,73.06684470176697
1780877323.9189558,1.0141450651251094,0.05557280920109908,0.21827660429788157,-0.16156169309007185,73.08910751342773
1780877323.9413745,1.0140654601355028,0.05571897799932187,0.21855141077522228,-0.16177400845350753,73.11152625083923
1780877323.961517,1.0139664858566497,0.05597297180045551,0.2189365805260225,-0.1621413466983408,73.13166880607605
1780877323.9830122,1.0139499857006224,0.05583232635765607,0.21841044740088283,-0.16195829237394532,73.15316390991211
1780877324.0065532,1.0139226009704496,0.055647037814316846,0.21883144902149057,-0.1617119932044817,73.17670488357544
1780877324.0254014,1.01383567060344,0.055890798683912536,0.21869710023430522,-0.16205609001252252,73.19555306434631
1780877324.0475855,1.0137611112755467,0.05608660263950811,0.21834408977282488,-0.16233983669256435,73.21773719787598
1780877324.0672824,1.0137211872710392,0.05602371567454605,0.21837027364767173,-0.16226651900639721,73.23743414878845
1780877324.0909998,1.013712117403556,0.05572388030433278,0.2188271531771713,-0.16186579980981053,73.26115155220032
1780877324.1121936,1.0136797419485937,0.05563334249953563,0.21870749701881337,-0.16174509242625223,73.28234529495239
1780877324.1320517,1.0135968129006314,0.05587174235314055,0.21849128314368793,-0.16208493173652272,73.30220341682434
1780877324.1548424,1.0135381070174514,0.05589338927880857,0.21879436956122503,-0.16213211468374888,73.32499408721924
1780877324.174993,1.0135448928080535,0.055569447343816136,0.2186811961779263,-0.16169267123646236,73.34514474868774
1780877324.1963773,1.0134992002703516,0.05559390205975002,0.21832181365810197,-0.16173249533881862,73.36652898788452
1780877324.2187567,1.0134164634825622,0.05573153325588842,0.21894456484440097,-0.1619357236588157,73.38890838623047
1780877324.2396972,1.0133593918408024,0.05585834270273774,0.21831200355434197,-0.16212146009769812,73.40984892845154
1780877324.2648633,1.0132989122066967,0.05589426204438593,0.2186624640380394,-0.1621843211764986,73.43501496315002
1780877324.2848802,1.0132971682705558,0.05560472984522517,0.21868447553365866,-0.16179511134315172,73.45503187179565
1780877324.3076463,1.013279956403602,0.05544720417679925,0.2184490669461697,-0.16158375957581272,73.4777979850769
1780877324.329362,1.0132129453043741,0.05555872424612814,0.21851010458280248,-0.16174710157913585,73.49951362609863
1780877324.349809,1.013119749021866,0.05581266315865462,0.21868505561772913,-0.16211073162587564,73.51996064186096
1780877324.3709564,1.013061969483832,0.05590688889320008,0.21846836225764024,-0.1622513620127628,73.54110813140869
1780877324.3916922,1.0130421907224179,0.055728064463627186,0.2185390189754622,-0.16201755771538062,73.56184387207031
1780877324.4148593,1.0130168910574846,0.055538279209213635,0.21902215640166622,-0.16176323557289596,73.58501100540161
1780877324.437892,1.0129451300926737,0.05575268756878797,0.21851273913516125,-0.1620656409323371,73.6080436706543
1780877324.4582622,1.0128761829700774,0.05589637298880632,0.218421236310227,-0.16227917195579655,73.62841391563416
1780877324.4807034,1.01284705047229,0.05577198140780732,0.21860767133998538,-0.1621172934916446,73.65085506439209
1780877324.5011156,1.0128433009551654,0.05550485347478342,0.21859856861055424,-0.1617568172811441,73.67126727104187
1780877324.5241766,1.0128208628219595,0.055386332542151466,0.21840972063439162,-0.1616013130599674,73.69432830810547
1780877324.5456991,1.012746558035751,0.05554507555073812,0.21849507898297854,-0.16182831941442588,73.71585083007812
1780877324.5659745,1.012658362893449,0.05574637054065566,0.21899190709947974,-0.16212335924645593,73.7361261844635
1780877324.587207,1.0126592265031968,0.05550835220730601,0.21860177178253615,-0.16180468593316988,73.75735878944397
1780877324.6077638,1.0126474510405734,0.05533766137691792,0.21829353052489783,-0.1615733023949506,73.77791547775269
1780877324.6299832,1.0125882314407708,0.05540219661370581,0.21845746953722173,-0.16167150351481263,73.80013489723206
1780877324.6539476,1.0124880662191897,0.05568276679661579,0.21892580690677554,-0.16207279156388088,73.82409930229187
1780877324.674268,1.0124596779441588,0.05560508033323526,0.21870220170993873,-0.16197948329028522,73.8444197177887
1780877324.6970024,1.0124629876180848,0.055334406026987644,0.21851170429330516,-0.1616096724666698,73.86715412139893
1780877324.7206235,1.0124135967449994,0.05538145091992951,0.21836437081954937,-0.16168244648546803,73.89077520370483
1780877324.7403433,1.0123231012330394,0.055603811821417756,0.21881942850784644,-0.16200012183951573,73.9104950428009
1780877324.7637846,1.0122555515157896,0.05580561205482811,0.21833993525261822,-0.1622900159145031,73.93393635749817
1780877324.7852612,1.0122187959309272,0.05576133149165885,0.21830380400734092,-0.16224125736971695,73.95541286468506
1780877324.807927,1.0122038044773152,0.05551700515459935,0.2188580136038563,-0.16191575090094812,73.9780786037445
1780877324.830746,1.0122026009364715,0.05532261580985574,0.2182970150933569,-0.1616496348722647,74.00089764595032
1780877324.8499794,1.0121586631484307,0.055297986550077505,0.21850907424841784,-0.16162304152480989,74.02013111114502
1780877324.8748648,1.0120653200751393,0.055571129414674895,0.21881742244289992,-0.16201280422433584,74.0450165271759
1780877324.895915,1.0120164277727894,0.05561980304865666,0.21866361599917006,-0.1620938083943484,74.06606674194336
1780877324.9183512,1.0120167456869165,0.05538905201765434,0.2184151836218398,-0.1617815385425878,74.08850288391113
1780877324.9412146,1.0119719466510284,0.055350615249066266,0.21882028164114245,-0.16173468606594144,74.11136627197266
1780877324.960678,1.011878648057194,0.05568879451574938,0.21859027932754083,-0.16221313171863505,74.13082981109619
1780877324.9828753,1.0118361880277535,0.055731442782108405,0.21823914951462586,-0.16228245894085225,74.1530270576477
1780877325.003011,1.0118115009452842,0.05557904174897345,0.21859127986704432,-0.16208539092230145,74.17316269874573
1780877325.0253282,1.0118117961799145,0.05528850524604853,0.21887714278197454,-0.16168839957905368,74.19547986984253
1780877325.0471601,1.0117509783424277,0.05545730901923032,0.21844549027082558,-0.16192680599573572,74.21731185913086
1780877325.0676239,1.0116708649209045,0.055657023565050624,0.21875892015970924,-0.16221758851808188,74.23777556419373
1780877325.0902567,1.0116726462578882,0.055424454402955,0.21849392944372634,-0.16190571046034963,74.26040840148926
1780877325.1109223,1.0116612198039998,0.05522181221666683,0.2186576020373711,-0.16162986680553937,74.28107404708862
1780877325.1340818,1.0115934565603606,0.055412659578832235,0.218451062570197,-0.16190138469186355,74.30423355102539
1780877325.1563506,1.011524312509903,0.05552778236955945,0.21892061457283368,-0.16207487515018393,74.32650232315063
1780877325.176144,1.011520010176343,0.0553652878415397,0.21845364659075903,-0.16185737400266165,74.34629559516907
1780877325.1982238,1.0114824221449434,0.055305616791918255,0.21880127192281487,-0.16178097040656203,74.36837553977966
1780877325.2194223,1.0114039263972925,0.05556267929519107,0.21860439584870145,-0.16214735335298158,74.38957405090332
1780877325.243673,1.0113655837969877,0.055563305776000875,0.2185345255209958,-0.1621580427641378,74.41382479667664
1780877325.2686021,1.0113605632792946,0.05531796126855209,0.218799573426256,-0.16182863998166264,74.4387538433075
1780877325.2889702,1.0113170634391482,0.05535677547872447,0.21864295790328683,-0.16188553043600828,74.45912194252014
1780877325.3104396,1.0112437609715916,0.055564605148229924,0.2186472886858157,-0.1621856699689479,74.48059129714966
1780877325.3311005,1.0112309351114557,0.05542147155950662,0.21849395401046906,-0.1619967116800365,74.50125217437744
