t,x,z,yaw,time_s
1780876569.847427,-2.7574395065402055,4.880045997013068,-0.1919469886400544,1.5407154560089111
1780876569.8852456,-2.4993098160939677,4.974328518773024,-0.23993401112653193,1.5785341262817383
1780876569.9258895,-2.341918062741356,5.033808886601819,-0.2677861616470241,1.619178056716919
1780876569.96321,-2.4289202841314306,4.976923757589741,-0.24597793493298248,1.656498670578003
1780876569.9974966,-2.5980826460919353,4.8343233653165045,-0.20470955371594016,1.6907851696014404
1780876570.0342727,-2.552096205846361,4.922648754977972,-0.21470740991482515,1.7275612354278564
1780876570.068232,-2.4981856696754345,4.966104549703816,-0.22279385102643912,1.7615206241607666
1780876570.1047542,-2.5186255454500817,4.959750961506953,-0.21588876422236605,1.7980427742004395
1780876570.1765146,-2.601925401121944,4.92543120337494,-0.19140802482762784,1.8698031902313232
1780876570.2125673,-2.3514350400617445,5.053210317115897,-0.23866255254859373,1.9058558940887451
1780876570.2514567,-2.603077827872263,4.907399511366042,-0.1821967596312468,1.9447453022003174
1780876570.2884111,-2.600612665203996,4.979887860318054,-0.1832565228205459,1.9816997051239014
1780876570.3228571,-2.567934988366243,4.925394104053868,-0.18163468543076114,2.016145706176758
1780876570.3591688,-2.679356375931898,4.939789911757515,-0.15827326121447646,2.052457332611084
1780876570.398685,-2.628687059357482,4.940500265768864,-0.1631076332864518,2.0919735431671143
1780876570.467431,-2.567500988404036,4.992462665577895,-0.16554254755521858,2.160719633102417
1780876570.505253,-2.6949701358261593,4.918760276511549,-0.1339263956313581,2.1985416412353516
1780876570.5417566,-2.6268099169971006,4.985181558825366,-0.14468382119053744,2.2350451946258545
1780876570.577969,-2.581496486953362,4.979114084993152,-0.1471417721266572,2.2712576389312744
1780876570.6165476,-2.762842453481448,4.8987064964191385,-0.10682328204290073,2.3098361492156982
1780876570.6547565,-2.8055288462544192,4.865785308741706,-0.09422463637483258,2.3480451107025146
1780876570.6936667,-2.538092506747974,5.032738881958917,-0.14732351397852197,2.3869552612304688
1780876570.7240865,-2.4076535989473444,5.034760640081621,-0.16712521599401745,2.417375087738037
1780876570.7605953,-2.710414161622253,4.948519632653276,-0.10776103165004239,2.4538838863372803
1780876570.8334374,-2.7364668767185343,4.915419179522985,-0.09659140782690302,2.526726007461548
1780876570.900992,-2.7586678174542754,4.9097460580660615,-0.08890638223671557,2.594280481338501
1780876570.9396017,-2.6994038851453133,4.981088356506966,-0.09899324946635774,2.632890224456787
1780876570.9754777,-2.743769125945379,4.943604062842091,-0.08234409092123227,2.6687662601470947
1780876571.0164893,-2.738729813241665,4.943046879298153,-0.07427265542124871,2.70977783203125
1780876571.0501475,-2.79917126168032,4.908580587951544,-0.05641863410047134,2.743436098098755
1780876571.086225,-1.9414885988046717,5.440467323457298,-0.22334562132107072,2.7795135974884033
1780876571.1200504,-2.662746106136865,4.945528413697961,-0.061410991869136414,2.8133389949798584
1780876571.1905081,-2.773220454641333,4.944460690747551,-0.031630452666956355,2.8837966918945312
1780876571.2625,-2.791953104748381,4.944411506522714,-0.02023968615357312,2.9557886123657227
1780876571.2967403,-2.716368974963099,5.007488481250563,-0.034373445518997126,2.9900288581848145
1780876571.3687315,-2.7821690245207424,4.966432054731536,-0.015367046893553605,3.0620200634002686
1780876571.4069638,-2.6460430810435227,5.002063459338862,-0.03913068177334688,3.100252389907837
1780876571.442217,-2.8201054892251687,4.921869292437465,-0.0017895002167442138,3.1355056762695312
1780876571.4839146,-2.799327860928199,4.960744604014442,-0.005211357319423575,3.1772031784057617
1780876571.5155249,-2.783993758952482,4.967632640059996,-0.004804146171775246,3.208813428878784
1780876571.5504904,-2.8056602816903617,4.950222297586388,0.00256728412400928,3.243778944015503
1780876571.588618,-2.7317539148435945,4.986307721775249,-0.010618289143319724,3.2819066047668457
1780876571.658504,-2.781752917494085,4.979155694218919,0.0033757469646769644,3.351792573928833
1780876571.6940482,-2.788107027992731,4.988442796645977,0.0038203273845169726,3.3873367309570312
1780876571.7308788,-2.81093062624516,4.976955701868695,0.00884725000100408,3.4241673946380615
1780876571.7689037,-2.837459504099024,4.945167528411915,0.015196929306852259,3.4621922969818115
1780876571.8827856,-2.8206013860829566,4.940012258068185,0.012311902915881964,3.5760741233825684
1780876571.9179447,-2.8009564073750024,4.977480549247559,0.0066970079236666966,3.6112332344055176
1780876571.9557195,-2.824199345668685,4.95744487715446,0.01231699787780226,3.64900803565979
1780876571.9973621,-2.80383125523797,4.9990848999251405,0.006594502467051395,3.690650701522827
1780876572.0242832,-2.759872603649498,5.044538949205221,-0.004412319453809282,3.71757173538208
1780876572.058887,-2.6843489536433323,5.070893493680287,-0.01787797579475665,3.7521755695343018
1780876572.0948048,-2.721935634479242,5.063147749924306,-0.011364651633608513,3.788093328475952
1780876572.133802,-2.7762253270927864,5.025883293647723,-1.7002364689056118e-06,3.8270905017852783
1780876572.1683393,-2.7671697924744887,5.0232860464447775,-0.0016029863868731683,3.8616278171539307
1780876572.211497,-2.8271477279544808,4.954239349562141,0.012850729079240432,3.904785633087158
1780876572.2815862,-2.7527765529509747,5.034618059844,-0.004559165285487984,3.97487473487854
1780876572.3225176,-2.759003891569142,5.045604647754754,-0.004337246629930099,4.015806198120117
1780876572.356026,-2.7067092976163303,5.057555281083279,-0.01262938196386868,4.049314498901367
1780876572.3920548,-2.645001117688392,5.051834886297574,-0.02328675491679412,4.085343360900879
1780876572.4615357,-2.6674738568321152,5.054142492258027,-0.017963133762985372,4.154824256896973
1780876572.509971,-2.7178828721049983,5.045292860611649,-0.008611694863264513,4.203259468078613
1780876572.539219,-2.772472777247378,5.025389920603725,0.002300957805539658,4.2325074672698975
1780876572.5724502,-2.8050514978073404,5.002177017590201,0.009663451861541092,4.2657387256622314
1780876572.619725,-2.651208932554763,5.087499325514441,-0.020800896946623557,4.313013553619385
1780876572.6445382,-2.727579118735176,5.037440718490663,-0.0030182581642819025,4.337826728820801
1780876572.6819746,-2.7737060093383192,5.008126148181525,0.008214526173633734,4.375263214111328
1780876572.7175071,-2.660531550815856,5.07502440990482,-0.013781141282499276,4.41079568862915
1780876572.7527463,-2.7117392985602584,5.041898264044341,-0.0009991066287070205,4.446034908294678
1780876572.8093371,-2.795998460808314,5.023366328386272,0.014485335661429491,4.5026257038116455
1780876572.8320448,-2.753421451038853,4.999324065758191,0.009825116200256761,4.525333404541016
1780876572.8726952,-2.7987030577488445,4.9972226086234794,0.019307432167127426,4.565983772277832
1780876572.9081855,-2.7816919211952222,4.999626125494281,0.016821195395250742,4.601474046707153
1780876572.945694,-2.721146167295326,5.0349805010338455,0.007185120595812453,4.638982534408569
1780876572.981172,-2.8115769307627527,4.996665271277445,0.02557967208385559,4.6744606494903564
1780876573.019328,-2.757156342194196,5.017930224804587,0.017869015965969574,4.712616682052612
1780876573.052366,-2.622282283420401,5.071886416317328,-0.005797046972072222,4.745654582977295
1780876573.1594796,-2.8079065990331817,5.037523293007123,0.03698250697739988,4.852768182754517
1780876573.200342,-2.840723275159988,4.976533714271398,0.053190561304669544,4.893630504608154
1780876573.2319295,-2.8003693243223857,4.984825918829131,0.053078699778384086,4.925218105316162
1780876573.2684484,-2.7738008380437935,4.9885058813011,0.054962240160602895,4.9617369174957275
1780876573.3036973,-2.826467109161128,4.984763687756909,0.06932468092465886,4.996985912322998
1780876573.4135556,-2.8076396130109327,5.039555749729028,0.07072903256830178,5.106844186782837
1780876573.4497476,-2.816815549033914,5.00294668080806,0.09284012645621875,5.143036127090454
1780876573.4893138,-2.631151961992507,5.058865171746839,0.047507445607243105,5.182602405548096
1780876573.5262764,-2.8112971493918972,4.9714824775377595,0.11137287318157717,5.219564914703369
1780876573.564232,-2.8134540021166097,4.981255945817491,0.09032511690944958,5.25752067565918
1780876573.60628,-2.7907007528950385,5.0103758738393305,0.08967285486120162,5.2995686531066895
1780876573.643643,-2.706828990511951,5.020270547298405,0.07600089453443051,5.336931467056274
1780876573.711903,-2.9154456586559157,4.959059894155864,0.12330583689588759,5.405191659927368
1780876573.7557936,-2.764156495384486,5.033623956572646,0.0974299054576898,5.449082136154175
1780876573.7915628,-2.881266924862192,4.966427594985982,0.12849324934710057,5.484851360321045
1780876573.8218539,-2.6760590113654237,5.077232331431035,0.08210238813523398,5.515142440795898
1780876573.8564043,-2.903301564863079,4.984058310527086,0.12978864970091786,5.549692869186401
1780876573.895486,-2.7800382462053776,5.029625401980157,0.11276248023095223,5.588774681091309
1780876573.9316704,-2.888252535858743,4.974260293272897,0.13789897774619947,5.6249589920043945
1780876573.97275,-2.8676614821000737,4.908194675210197,0.16100935131923538,5.666038513183594
1780876574.012329,-2.7284759508604894,5.021678326361837,0.11158490765464325,5.705617666244507
1780876574.049872,-2.904964083851641,4.938181658713461,0.14541616279981273,5.7431604862213135
1780876574.0806499,-2.9755138746796246,4.903759202029508,0.17049324372445213,5.773938417434692
1780876574.19514,-2.8523363190502615,4.903490135929353,0.1294826225777449,5.888428449630737
1780876574.232209,-2.7295757181153553,4.993756330732074,0.1439195700150925,5.925497531890869
1780876574.2724295,-2.9415377712676136,4.946486337603574,0.1513883879068023,5.965718030929565
1780876574.304712,-2.870220362040456,4.985851005056741,0.14702504288651821,5.998000621795654
1780876574.338497,-2.88472861416842,5.001685776986696,0.14051731249928853,6.031785488128662
1780876574.3738413,-2.8320016972831,5.0424939589973725,0.120869242702201,6.067129850387573
1780876574.449241,-2.638510758664381,5.118280039221309,0.10355434331672174,6.142529487609863
1780876574.4836035,-2.8958620270491453,4.988574277989306,0.14949625675164213,6.176892042160034
1780876574.553133,-2.591713554712153,5.072059404162997,0.07965987000366118,6.246421575546265
1780876574.5913324,-2.8856715387484826,4.9550829419911935,0.1492441299509168,6.284621000289917
1780876574.6234818,-2.864984984482609,4.987690194606685,0.14377142356732378,6.316770315170288
1780876574.660652,-2.8938721930262963,4.983506373309456,0.14844609291726354,6.353940486907959
1780876574.6967466,-2.932988227630333,4.963072126971415,0.1565712926968818,6.390035152435303
1780876574.7325969,-2.849715247346925,5.021429924108719,0.14274730857894485,6.425885438919067
1780876574.7733629,-2.9066918317277715,4.937693749138299,0.1549729529118213,6.466651439666748
1780876574.80575,-2.766642392092673,4.863618319354199,0.16624424419058503,6.499038457870483
1780876574.84153,-2.953622689372101,4.943703465899887,0.16217859953102168,6.534818649291992
1780876574.8777075,-3.002800744153699,4.9007592448663795,0.17382158350701607,6.570996046066284
1780876574.9571824,-2.684552076066318,5.0561688429968035,0.11126241450308527,6.650470972061157
1780876574.982909,-2.813090621551488,4.961447216772461,0.1361217109295253,6.676197528839111
1780876575.0199547,-2.9112595510289028,4.9346511590420805,0.1538506835788582,6.713243246078491
1780876575.0538032,-2.8561591304606933,5.004425722200262,0.1314167063038626,6.747091770172119
1780876575.1234105,-2.929239997563746,4.922841970795572,0.15569423451059675,6.816699028015137
1780876575.164299,-2.702457886194794,5.023834667952696,0.13362354164866314,6.857587575912476
1780876575.1991842,-2.6426458884238295,5.032007732173968,0.11517437192920821,6.892472743988037
1780876575.2713344,-2.6323674381575763,4.995165988213413,0.1204052402324619,6.964622974395752
1780876575.3043153,-2.8144050724163727,4.9512200118025875,0.1493360179555985,6.997603893280029
1780876575.3456986,-2.7244401264448714,4.975091730661464,0.11637578465105396,7.038987159729004
1780876575.3856616,-2.838249411325935,4.934181783698212,0.15084191228500368,7.0789501667022705
1780876575.4215634,-2.9627701979370937,4.883256636049413,0.1745040230867187,7.114851951599121
1780876575.4567423,-2.870206135714424,4.870344571434188,0.16705567595861498,7.150030851364136
1780876575.4901793,-2.780197241701036,5.0289406587976675,0.13611983007938278,7.183467864990234
1780876575.526309,-2.968696111975292,4.942740199722649,0.1737989609273163,7.219597578048706
1780876575.5651839,-2.937673179487333,4.944262669054805,0.16776014972198205,7.258472442626953
1780876575.5994391,-2.9676645365772725,4.9499615146855245,0.17393529433997673,7.292727708816528
1780876575.6340113,-2.968152297305854,4.918907675725235,0.17699744709989657,7.3272998332977295
1780876575.7092402,-2.7637517767332715,4.947342226023105,0.13883964432246482,7.402528762817383
1780876575.783076,-2.81677284901554,4.962705961746089,0.14541200262676268,7.476364612579346
1780876575.8175442,-2.593639608698277,5.007395112850548,0.09216249185179196,7.510832786560059
1780876575.897114,-2.6942748465420068,4.969703497427995,0.1542220192909383,7.590402603149414
1780876575.9370878,-2.8650973042682266,4.925826789620677,0.15585357060921903,7.63037633895874
1780876575.9774008,-2.868502718151556,4.9676535177941465,0.15365127936670034,7.670689344406128
1780876576.0094209,-2.7066176665578037,5.033406746580287,0.11122323613212556,7.702709436416626
1780876576.0447347,-2.954858246667502,4.928102290674486,0.16943993573633956,7.738023281097412
1780876576.0817075,-2.88163305219135,5.008695087420988,0.15193294309377867,7.774996042251587
1780876576.1624126,-2.867957360227038,4.96714142832625,0.152769204048071,7.855701208114624
1780876576.2277792,-3.019148956881746,4.875809359472756,0.1748799124169044,7.921067714691162
1780876576.2605262,-2.8821452442690507,4.942120215989388,0.15639050747005243,7.953814744949341
1780876576.2979944,-2.4495951689604163,5.122015341839288,0.07169224212178268,7.991282939910889
1780876576.3361804,-2.9482093538389433,4.895013229755223,0.16912105960677146,8.029469013214111
1780876576.372569,-2.830564609598089,4.917710825295983,0.1413837203793737,8.065857648849487
1780876576.406571,-2.6820073540173226,4.9443483577548335,0.12321974933989546,8.099859476089478
1780876576.4452143,-2.740477192330374,4.988212050024645,0.12113750765701875,8.138502836227417
1780876576.4791682,-2.948921781742313,4.911716746178037,0.16976277158252592,8.172456741333008
1780876576.5236685,-2.7812430377732293,4.90888084217558,0.1744806473062601,8.216957092285156
1780876576.5477781,-2.7947807397566335,4.94898032322068,0.17404936123367198,8.241066694259644
1780876576.5846193,-2.9351268972953553,4.945145701226343,0.1672103673463139,8.277907848358154
1780876576.6612344,-2.950234934681134,4.9223893157790926,0.17177707177713358,8.354522943496704
1780876576.701001,-2.9582470384505153,4.901118743526103,0.17448604079851568,8.394289493560791
1780876576.7385244,-2.879029204806063,4.96953032727638,0.15764662906950497,8.43181300163269
1780876576.7755291,-2.94717975783926,4.885161350098057,0.17490592298467808,8.468817710876465
1780876576.8191698,-2.9256619924458693,4.898604613158884,0.17092483787468982,8.512458324432373
1780876576.854861,-2.9498312986284523,4.906063074931824,0.17391103391385468,8.548149585723877
1780876576.8928573,-2.894676679530093,4.9606978425437696,0.16117539721107338,8.586145877838135
1780876576.9281354,-2.792337154690527,4.989331723225993,0.15517240521159517,8.621423959732056
1780876576.9711478,-2.84719484142909,5.016438639717628,0.14079741656355846,8.664436340332031
1780876577.0158255,-2.870256256723701,4.962073555682173,0.15524467782567097,8.709114074707031
1780876577.0423856,-2.859698514851421,4.971866663484994,0.15282849429031167,8.735674142837524
1780876577.0787513,-2.859355986773263,4.997729942436587,0.15332153085433275,8.772039890289307
1780876577.1166923,-2.7852099732374547,5.015829956960995,0.1268565372455982,8.809980869293213
1780876577.1525917,-3.0459632559268823,4.8460610897529115,0.18772002677877817,8.845880270004272
1780876577.1914165,-2.7755405748307025,4.9777399580171595,0.1333744262217475,8.884705066680908
1780876577.2275867,-2.9478531079997716,4.924680574988847,0.15478130715286267,8.920875310897827
1780876577.2662504,-2.829883027164968,4.984494898789341,0.13894652215441589,8.95953893661499
1780876577.299566,-2.5566311982749736,5.082317548519084,0.08528683074980131,8.992854595184326
1780876577.335724,-3.0393576811936884,4.9094583996846834,0.17721748896682665,9.029012680053711
1780876577.3724923,-2.8933998992326933,4.994381054123668,0.1394582847341372,9.065780878067017
1780876577.4177127,-2.7951034588270716,4.9566229271045845,0.11749412224445127,9.111001253128052
1780876577.4461617,-2.9843043147564776,4.936184313945075,0.15344716311849702,9.139450311660767
1780876577.481463,-2.744192158897874,4.993685028131235,0.14382951007858688,9.17475152015686
1780876577.517208,-2.9892134997043023,4.908384822000915,0.1591730975752623,9.210496664047241
1780876577.593279,-2.7967820335647375,5.040709590938054,0.12503053658862232,9.286567449569702
1780876577.634987,-2.6411132414049554,5.046968759705955,0.09793226829532754,9.328275680541992
1780876577.6649163,-2.784775828599008,5.002078958776257,0.1049934766772862,9.35820484161377
1780876577.703505,-2.5371535442524635,5.11161209559802,0.05509152247908366,9.396793603897095
1780876577.7380629,-2.875046248632259,4.950445944073593,0.12935583260276387,9.43135142326355
1780876577.7725174,-2.8679312081588884,4.98146282169195,0.1371011234805561,9.465806007385254
1780876577.821633,-2.7151794707352304,5.091076824714254,0.10413487539492,9.51492166519165
1780876577.8458073,-2.747782829535442,5.059880217653792,0.09151500031855235,9.539095878601074
1780876577.8790293,-2.8095576272442697,4.902378853815463,0.11034590967648408,9.572317838668823
1780876577.9179697,-2.628824204661607,5.001873577844505,0.07369968542260275,9.611258268356323
1780876577.950229,-2.6597644919109023,5.085505062086089,0.09352354419594179,9.64351749420166
1780876577.9975731,-2.7727631906049144,4.926304311328527,0.12063886433429571,9.690861701965332
1780876578.0326338,-2.694849638058009,5.085774429743721,0.09901290164509921,9.725922346115112
1780876578.1272492,-2.5855107656309637,5.092428252056516,0.06116455150561475,9.820537805557251
1780876578.3042898,-2.683515718246642,4.983836868529046,0.1101311804429283,9.997578382492065
1780876578.3810813,-2.668261167325699,5.0141506735170935,0.14615781898963473,10.07436990737915
1780876578.4183152,-2.8452739989190072,4.972734342409527,0.1820450729132152,10.111603736877441
1780876578.4526267,-2.8696080241443855,4.970731039660835,0.16937044041674146,10.145915269851685
1780876578.4877021,-2.827835496465521,4.973243384230894,0.15569317381698375,10.18099069595337
1780876578.593699,-2.8320718422100284,5.019998321509288,0.1624643841508345,10.286987543106079
1780876578.6376004,-2.7306993046832764,5.0541264051300026,0.16969201955564114,10.330888986587524
1780876578.677764,-2.885228668132572,4.967305077235153,0.18934101164669295,10.371052503585815
1780876578.705047,-2.9335796682451525,4.953621954717023,0.19046640856798444,10.398335456848145
1780876578.7395296,-2.777845404240915,4.958802424656939,0.16568076267829232,10.432818174362183
1780876578.8174117,-3.0353614370134925,4.8471636136681235,0.2195641157101255,10.510700225830078
1780876578.890628,-3.011812078057881,4.930678926423485,0.20887409215919356,10.583916664123535
1780876578.963934,-2.801861839577769,4.979126343860192,0.1701656559382507,10.657222509384155
1780876578.9998562,-2.7334810915582675,5.054661374838588,0.1551829229304113,10.693144798278809
1780876579.0351007,-2.918522113479383,4.946345988838286,0.20379409485890132,10.728389263153076
1780876579.0651107,-3.0256102556914866,4.919428631161857,0.2323453438820282,10.758399248123169
1780876579.1077676,-2.7699128429053537,5.033868837138838,0.16300845335167083,10.801056146621704
1780876579.142015,-2.8580633536739293,4.965805495109926,0.182990987231088,10.835303544998169
1780876579.1774662,-2.833335070644583,4.996229951507249,0.17784524067817803,10.870754718780518
1780876579.2132504,-2.872975696356577,4.990079865231713,0.1852011424824496,10.906538963317871
1780876579.290808,-2.8151557996357157,5.016122567726031,0.18552200812161246,10.98409652709961
1780876579.3586607,-2.5871472530854014,5.08748728354641,0.13148124179556187,11.051949262619019
1780876579.3947046,-2.8744024645499637,4.949433263876534,0.19924355401061494,11.087993144989014
1780876579.4309676,-2.7587194066972938,5.019362873206665,0.16486851967546742,11.124256134033203
1780876579.469407,-2.683157890856836,5.06017885805527,0.1497473522326054,11.16269564628601
1780876579.5068345,-2.8368347475582794,4.935626268784561,0.1822765918679707,11.200123071670532
1780876579.545385,-2.921664972543053,4.97908218610228,0.2055366444603759,11.238673448562622
1780876579.5822709,-2.97962519501706,4.909985900462841,0.2172739017407317,11.275559425354004
1780876579.6179948,-2.9478942906563295,4.9303987585657145,0.2018413191284662,11.311283349990845
1780876579.7235656,-2.754432509449991,5.0247725248447805,0.1821970047934063,11.4168541431427
1780876579.76338,-2.7428360510069405,5.038661229015139,0.15818147195852655,11.456668615341187
1780876579.7971725,-3.0450380841053852,4.914835059561228,0.21900917429119296,11.490461111068726
1780876579.839064,-2.843684072157611,4.99603660556733,0.19111437264864994,11.532352447509766
1780876579.8711283,-2.975130299937357,4.934536022419264,0.21775091399362662,11.564416885375977
1780876579.9112997,-2.753023970090908,5.024677178579633,0.17719638951129518,11.604588270187378
1780876579.9451053,-2.9228528157263427,5.113757912084093,0.19259160293090088,11.638393878936768
1780876579.9825504,-2.9013739907856237,4.977510669813093,0.20553830544811588,11.675838947296143
1780876580.0284352,-2.914556474840846,4.969013090250515,0.2085669861479649,11.721723794937134
1780876580.069927,-2.9676697343812526,4.9294615049483745,0.22079069667317375,11.7632155418396
1780876580.0924618,-2.985273310259122,4.93520190131933,0.22259139119940766,11.785750389099121
1780876580.1597598,-3.072370123317177,4.858564783829645,0.2518657082132897,11.853048324584961
1780876580.2383778,-2.880372202155584,4.983512778564038,0.19380830892786055,11.931666374206543
1780876580.280634,-2.9648502008454174,4.928273172149911,0.2224521817574486,11.973922491073608
1780876580.3132892,-2.932212916839863,4.905680034032358,0.2176359375486401,12.006577730178833
1780876580.440321,-2.8975220069881633,4.982284415446252,0.20611716207406133,12.133609533309937
1780876580.4650455,-2.9531682395378915,4.954470194053588,0.20792487037144738,12.158334016799927
1780876580.5052679,-2.915702550873131,4.943096096854621,0.20272521601589794,12.198556423187256
1780876580.575249,-2.877820690327884,4.931410156888686,0.20795255339508814,12.268537521362305
1780876580.6103547,-2.7066762798919526,4.953560815125582,0.16768901957067217,12.303643226623535
1780876580.6450155,-2.6438770402688596,5.036687219140538,0.15184732225892145,12.338304042816162
1780876580.6817427,-2.81697239156168,4.93439309471822,0.18816441724873964,12.375031232833862
1780876580.7175791,-2.8838877535523526,4.9136664603031255,0.2007753081750025,12.410867691040039
1780876580.7512956,-2.7585328762193613,5.006055210857986,0.17361970915739708,12.444584131240845
1780876580.789466,-3.023370728368847,4.899446254048283,0.2444938188494455,12.482754468917847
1780876580.8593216,-2.884634502039727,4.883369072829958,0.21301980879541318,12.552610158920288
1780876580.8948855,-2.6596584067668405,5.019817826821655,0.15692542096213938,12.588174104690552
1780876580.932188,-2.709508528857616,5.00446126411908,0.16644743987592436,12.625476598739624
1780876580.9803452,-2.9882031673299156,4.835580884388191,0.23416711115800615,12.673633813858032
1780876581.0035772,-2.869294486025572,4.953967798664026,0.1965703214758155,12.696865797042847
1780876581.0422673,-3.011886545086138,4.862590040704062,0.2267425279018269,12.73555588722229
1780876581.076946,-2.895774154429018,4.940741537381344,0.2014786487417944,12.77023458480835
1780876581.1502297,-2.7422692601969194,4.96973221097181,0.18360548139613472,12.843518257141113
1780876581.189466,-3.0660969820945514,4.8330307711613605,0.23536659093003592,12.882754564285278
1780876581.2264147,-2.8429240263884834,4.890321794699774,0.19221964792070279,12.919703245162964
1780876581.2628582,-2.749273704610528,5.0050138152306936,0.19000651088558096,12.956146717071533
1780876581.299233,-2.932782753969542,4.913715909469678,0.21229877243734255,12.992521524429321
1780876581.3349729,-2.6327440644007485,5.039477860012681,0.14279871768356062,13.028261423110962
1780876581.369045,-3.0639471268787415,4.74938729807718,0.22852310453434338,13.062333583831787
1780876581.4088635,-2.8164450348648193,4.921612476385705,0.1780497656837116,13.102152109146118
1780876581.442727,-3.00887295930119,4.857795922899525,0.22152926158860825,13.13601565361023
1780876581.5193515,-2.8501586887662427,4.888242348490152,0.18934180711503162,13.212640047073364
1780876581.773,-2.942435553976089,4.917361537312101,0.21239776226618304,13.466288566589355
1780876581.8058488,-2.821640540523693,4.963542554121409,0.2019056120638345,13.49913740158081
1780876581.8397582,-2.707202494681053,4.976981101364564,0.17501376474505265,13.53304672241211
1780876581.9637394,-2.990062393633611,4.8883990685778,0.2511575497724026,13.657027959823608
1780876581.988411,-2.9413354467223978,4.854653138126762,0.2186551491177355,13.681699514389038
1780876582.062512,-2.8145547291390987,4.890267087492376,0.1992209209944463,13.755800485610962
1780876582.2498837,-2.6676724067582884,5.03673705336712,0.16423106536285434,13.943172216415405
1780876582.28576,-2.6144123176714844,5.052462798083011,0.15370709015526396,13.979048490524292
1780876582.3209026,-2.4948898919614866,5.108432175674729,0.13007215710784015,14.014191150665283
1780876582.356686,-2.8210595731471435,4.933855702029553,0.19754108187719918,14.0499746799469
1780876582.3965979,-2.896256490150162,4.933776716926894,0.21858625361525252,14.08988642692566
1780876582.4352765,-2.414517155850202,5.104645272312863,0.11556400105185673,14.128565073013306
1780876582.4725502,-3.053246069278508,4.842939716593048,0.2403258835058951,14.165838718414307
1780876582.5824623,-3.0404709914687555,4.83125266667428,0.23958091017527508,14.275750875473022
1780876582.616908,-2.909914883907594,4.954888749497098,0.20951496081604973,14.3101966381073
1780876582.6873386,-2.8593368532477057,4.962956689465306,0.2016425149889952,14.380627155303955
1780876582.723168,-2.8437492443450383,4.992917565263869,0.19631068433124874,14.416456460952759
1780876582.7609746,-2.9558246805913027,4.9334113849108485,0.21892193165562157,14.45426321029663
1780876582.7990212,-2.9738050263590456,4.915567370388085,0.2228918473070541,14.492309808731079
1780876582.8377457,-2.8943109451305604,4.947364986673783,0.21769717791227405,14.531034231185913
1780876582.876353,-2.6664685684666583,5.0716519208792965,0.16188789726351285,14.569641590118408
1780876582.9129355,-2.863182324920876,4.965371574649324,0.20126550175276617,14.606224060058594
1780876582.95818,-3.024540875941831,4.89130056757558,0.23275754303637083,14.651468515396118
1780876582.989996,-2.808055402688347,5.027174101561864,0.18649537185144205,14.683284521102905
1780876583.023926,-3.0010662935340173,4.8781675670124685,0.23640101526410606,14.717214584350586
1780876583.0624518,-2.754663331077598,4.98544347804067,0.17737018160915408,14.755740404129028
1780876583.098135,-2.9596812756038093,4.85170337380547,0.21448924744090858,14.791423559188843
1780876583.1334434,-2.872971096474668,4.984274436849983,0.21529533693368474,14.82673192024231
1780876583.1734326,-2.7098412011898283,5.0095266065197865,0.16393554149081618,14.866721153259277
1780876583.2139554,-2.9751690044254913,4.921161268110213,0.21330311346463285,14.907243967056274
1780876583.24707,-2.667188086120292,5.046190695063904,0.15176902414845705,14.940358638763428
1780876583.2841184,-2.8624830653710234,4.996256060260528,0.19627190095684457,14.977406978607178
1780876583.321798,-2.8622494693138565,4.981670578499422,0.196075238954307,15.015086650848389
1780876583.3553784,-2.968817872962587,4.948229495879741,0.20520129909172014,15.048666954040527
1780876583.392114,-2.867006090456939,4.976029139862832,0.1841717058047139,15.085402488708496
1780876583.430192,-2.8372657962846737,4.977476671551883,0.1882601966366745,15.123480558395386
1780876583.5035512,-2.9408088029259356,4.9399678422961895,0.2040091300049334,15.196839809417725
1780876583.5413024,-2.69686425344978,5.087327449375771,0.16747637732952556,15.234591007232666
1780876583.5807252,-3.0147163966297708,4.881192933497249,0.22508851425291376,15.274013757705688
1780876583.6163898,-2.8400849103106207,4.946735069989297,0.18691983161325623,15.309678316116333
1780876583.6931877,-2.673588967700584,5.0626442760048045,0.15589779436146975,15.386476278305054
1780876583.7657654,-2.926595712832314,4.939844573642414,0.22029556097842892,15.459053993225098
1780876583.8002076,-2.85370722860744,4.977110987041939,0.20864933879743686,15.493496179580688
1780876583.8378043,-2.9331058971836788,4.957703040892713,0.22640128121896722,15.531092882156372
1780876584.0534298,-2.716294166861741,4.996359315624676,0.18409093388972114,15.746718406677246
1780876584.0936666,-2.82635161422476,4.930665470187417,0.2081352948165708,15.786955118179321
1780876584.2401397,-2.7815704145296003,4.996060876884573,0.20600663726676371,15.933428287506104
1780876584.310531,-2.9203470526031015,4.971583804776749,0.21888635297051195,16.003819465637207
1780876584.420777,-2.866503538035111,4.992215288845165,0.2045455422718809,16.114065647125244
1780876584.4527295,-2.8961859858360386,4.940181283004808,0.22148725120873142,16.146018028259277
1780876584.490946,-2.9320084602699055,4.963234430054359,0.21501876690853397,16.184234619140625
1780876584.526116,-2.7823050482498823,4.987782663286287,0.18715755996824648,16.219404458999634
1780876584.6067057,-2.922301496902657,4.913495225255534,0.21304078277620328,16.299994230270386
1780876584.679084,-2.7011603801210518,5.011887520532813,0.16675426842158486,16.3723726272583
1780876584.7154682,-2.9769109142392547,4.929922967634227,0.21671314722580803,16.408756732940674
1780876584.7504482,-2.911692091732288,4.9569241190921876,0.20363271208404246,16.443736791610718
1780876584.792296,-2.921966013420753,4.951678087285229,0.2142006390442886,16.485584497451782
1780876584.827628,-2.7225574862587023,5.031311238088864,0.1756584337493816,16.52091646194458
1780876584.8625336,-2.900271626697691,4.972501847482011,0.20883473483206286,16.555822134017944
1780876584.902941,-2.9348309058835325,4.972928415571483,0.21249294362415197,16.596229553222656
1780876584.936692,-2.999644293598005,4.861436354647633,0.2310100626501467,16.62998056411743
1780876585.0101676,-2.8632775944651865,4.935942239039374,0.2061840367353856,16.703456163406372
1780876585.0441658,-2.498191151028149,5.118273318021994,0.12293040515341926,16.737454414367676
1780876585.0822475,-2.7878945926159604,4.999712442710521,0.18922933373526815,16.775536060333252
1780876585.1514945,-2.836812225897282,4.994622425307253,0.18687861112624454,16.844783067703247
1780876585.2049458,-2.924806523249847,4.95992898425984,0.20365931943612808,16.898234367370605
1780876585.2257414,-2.876783498366102,4.992626369833629,0.20538919670100297,16.91902995109558
1780876585.261207,-2.9871009091231584,4.907352500247728,0.22007942368023375,16.954495668411255
1780876585.2978945,-2.9395882439582675,4.943518151224521,0.2103191706869456,16.991183042526245
1780876585.337581,-3.029792864411589,4.857315032841471,0.23208987554237004,17.030869483947754
1780876585.3759565,-2.4865541139569647,5.097453112965496,0.12569633563519894,17.069245100021362
1780876585.4876087,-2.9851175098079072,4.902173138896991,0.22327344872615815,17.18089723587036
1780876585.5171406,-2.7192017356050155,4.994716339047479,0.17478850357882494,17.210429191589355
1780876585.5527709,-2.9333539576198455,4.931552196833632,0.22387137023182244,17.24605941772461
1780876585.5868473,-2.7163644816519272,5.011835180697779,0.17320579221493773,17.28013586997986
1780876585.655531,-2.828055849518702,4.893562912031951,0.1996851919407435,17.348819494247437
1780876585.7310452,-2.683346375740835,4.990944638958208,0.17006044361963468,17.424333810806274
1780876585.7655675,-2.723779499289522,5.007028322269882,0.17662382440720667,17.458856105804443
1780876585.8011649,-2.9479395492117577,4.888885965327763,0.22270997966325012,17.49445343017578
1780876585.8728163,-2.810464504389106,4.946828743151492,0.206654356010102,17.566104888916016
1780876585.9114892,-2.772886764576121,4.974046468871415,0.19882894966835957,17.604777812957764
1780876585.981509,-2.6391092065787483,5.03797184674858,0.16262755749705965,17.674797534942627
1780876586.0277011,-2.8042330681447694,4.956523353799526,0.1970140020491113,17.72098970413208
1780876586.0526776,-2.667798926032154,5.00322164735747,0.17070749418827036,17.74596619606018
1780876586.125957,-2.9305341446387887,4.936894476959473,0.22038595393460997,17.81924557685852
1780876586.1637347,-3.0255067662183732,4.860103062947315,0.2409367775652085,17.857023239135742
1780876586.2048037,-2.9785257453934886,4.871211934039021,0.23172673123680795,17.89809226989746
1780876586.2464836,-2.8978449787997898,4.906310740432378,0.21523304807868024,17.939772129058838
1780876586.286087,-2.947897616998075,4.917243933118088,0.22265784692756765,17.97937560081482
1780876586.4782944,-2.9538615672348625,4.883463106330606,0.22772555526176494,18.1715829372406
1780876586.5121543,-2.755645941955601,4.997092842250942,0.1858352412123377,18.205442905426025
1780876586.5518422,-2.972879002285639,4.868541194783823,0.23160603571684582,18.24513077735901
1780876586.5870488,-3.0359701934889265,4.808780959454115,0.24338499182094397,18.2803373336792
1780876586.7024689,-2.389001095763754,5.094755420434292,0.11999905668482665,18.39575743675232
1780876586.764825,-2.5644682230919718,5.011130619534545,0.15443080915909793,18.45811367034912
1780876586.8013358,-3.1033267156626754,4.776444728417994,0.2584783529283225,18.494624376296997
1780876586.8353071,-3.0751477892507375,4.773340084934541,0.25261454090022684,18.528595685958862
1780876586.9086485,-2.5827857681636,4.991550667098275,0.15851249877507198,18.60193705558777
1780876586.9434283,-3.023630236582797,4.881570088902929,0.2394984530742129,18.636716842651367
1780876586.97981,-2.81643629541022,4.969770400267742,0.19831998258587955,18.67309856414795
1780876587.0196526,-2.8095198647849937,4.924916254769645,0.19926321825657795,18.71294116973877
1780876587.0556037,-2.942907044635339,4.883052659121889,0.22562062132604813,18.748892307281494
1780876587.0926137,-3.115186062872048,4.779920581330776,0.2605042527284003,18.78590226173401
1780876587.1239696,-2.579206188445375,4.999990573944515,0.15737985505928098,18.81725811958313
1780876587.160618,-2.7049103948784805,4.948634366287131,0.18250156276353924,18.853906631469727
1780876587.306801,-3.0750685443819465,4.810200986305992,0.2561718962039498,19.000089645385742
1780876587.420093,-2.7644038525622983,4.911211759652525,0.19516153361636396,19.1133816242218
1780876587.4924624,-2.7446505825848764,5.003522037642285,0.18373478765845278,19.18575096130371
1780876587.5295238,-2.599541007493076,5.049068419455541,0.15552851489157654,19.22281241416931
1780876587.566189,-3.0015518368372778,4.868549199256008,0.2546071083246795,19.259477615356445
1780876587.6767645,-2.6994213484012928,4.980918442297871,0.17693047970198653,19.37005305290222
1780876587.7115672,-2.902756950932002,4.876898232181843,0.21826439231575423,19.404855728149414
1780876587.748817,-2.9451555738855073,4.865945715373547,0.22708595115585462,19.442105531692505
1780876587.7859876,-3.089937251971211,4.807633285303939,0.2556711999697004,19.479276180267334
1780876587.8228068,-2.7845662565354496,4.948321168101481,0.20582512804910416,19.516095399856567
1780876587.966767,-2.6696124166590183,5.013563934789667,0.17309646391595468,19.66005563735962
1780876588.0005574,-2.5445577815475344,5.047579513682944,0.14931781700942062,19.693845987319946
1780876588.1894932,-2.654474560735191,5.013655851469277,0.17026939376873515,19.882781744003296
1780876588.2332506,-2.6697490456097723,4.995338664260461,0.17382380802492306,19.926539182662964
1780876588.453834,-2.668071093695385,4.991138857711604,0.17388016406927373,20.147122621536255
1780876588.4929688,-3.032328139864053,4.81177026644379,0.2674564708394359,20.186257362365723
1780876588.608551,-2.7314423509179147,5.0778716378842494,0.19907866951253528,20.301839590072632
1780876588.649031,-3.045953171240904,4.9017472330481855,0.25831051551517453,20.34231948852539
1780876588.756299,-3.0091101272793264,4.844081892925711,0.23566067345681427,20.44958758354187
1780876588.8384,-2.8136860987148005,4.958377022704209,0.2028058141227904,20.531688451766968
1780876588.9166348,-2.8380113836608047,4.9492737012732935,0.19615027332881535,20.609923362731934
1780876588.9515946,-2.9180546868258976,4.920521665821363,0.2302969024853174,20.644883155822754
1780876588.9922986,-2.9700265112050754,4.880554310795377,0.23074330129665038,20.685587167739868
1780876589.0667076,-2.819805174222066,4.933387238121477,0.1920492143106799,20.75999617576599
1780876589.1736531,-2.7083385603223897,4.97583479780691,0.1703012688664794,20.866941690444946
1780876589.2507203,-2.8783298235565704,4.940630422629448,0.21168041719031702,20.944008827209473
1780876589.2859354,-2.896318778708771,4.958426816111407,0.2057807309765376,20.97922396659851
1780876589.431668,-2.8142887565371755,4.974203648561667,0.2061062981822542,21.124956607818604
1780876589.461127,-2.9027616891590746,4.915591298697313,0.21412866580708473,21.154415607452393
1780876589.5017383,-2.905012783399873,4.913115283088401,0.21467238941086003,21.195026874542236
1780876589.544458,-2.846929747781857,4.946381376969881,0.2033993650284409,21.237746477127075
1780876589.5777636,-2.836714398229199,4.979899518560696,0.21158930247796484,21.27105212211609
1780876589.6461198,-3.017151225367893,4.832450634740754,0.2623094569625666,21.33940839767456
1780876589.6844132,-2.8220749700974572,4.984379963908498,0.20212474227284694,21.37770175933838
1780876589.7583213,-2.7051475208727123,5.044143563157857,0.18055637124348967,21.45160984992981
1780876589.7957485,-2.971257594966981,4.950810198662179,0.23226412849575515,21.489037036895752
1780876589.8280933,-2.908104287858535,4.942239411511565,0.24415075001187048,21.521381855010986
1780876589.8647015,-2.7067083321596055,5.026148181129314,0.18570955451988463,21.557990074157715
1780876589.9337797,-2.9133280854929207,4.909220019427842,0.22986323447161908,21.627068281173706
1780876590.0066113,-2.5035525527860947,5.102782038700646,0.15089338037368935,21.699899911880493
1780876590.0431955,-2.7010107756419766,5.002550087667105,0.19085918736021149,21.736484050750732
1780876590.0831144,-2.616924462817985,5.073280825508414,0.17149593622050893,21.776402950286865
1780876590.118192,-2.855716633055615,4.94620284875679,0.21940675225557338,21.81148052215576
1780876590.1886544,-2.9545816728524885,4.929951415159542,0.2494983047412725,21.881942987442017
1780876590.2606556,-3.107344191412548,4.8822017465035135,0.27012318498379545,21.953944206237793
1780876590.294424,-2.5691080238103643,5.046312619479598,0.1692973254571231,21.987712621688843
1780876590.3690999,-3.018926107845455,4.890330171701964,0.25728437532953835,22.06238842010498
1780876590.4059274,-2.7264263394438055,4.979334046518263,0.20287773710984902,22.099215984344482
1780876590.4763439,-2.9497390463742734,4.929917829037628,0.24411899882951324,22.16963243484497
1780876590.5155559,-3.0400570897774157,4.864595873870184,0.2652673749002359,22.208844423294067
1780876590.5533743,-3.194332865155772,4.787964729734561,0.29803450190369307,22.246662855148315
1780876590.587562,-3.1303489153166097,4.844648309733629,0.2835846642850985,22.280850648880005
1780876590.7661233,-2.964841769734129,4.889931042718976,0.2540452628594711,22.45941185951233
1780876590.806098,-3.079961656426862,4.888853361587854,0.275183571009603,22.49938654899597
1780876590.8424654,-2.7535803149551814,4.951861085293907,0.21724236859594992,22.535753965377808
1780876590.9155757,-2.9075270237899993,4.8520268572534855,0.24956246757021466,22.608864307403564
1780876590.9513407,-2.7820573172588,4.929139863269088,0.22383307309600375,22.64462924003601
1780876591.1791122,-3.200708739383033,4.778755279869331,0.3001050855948295,22.872400760650635
1780876591.330943,-2.665802945984567,4.988131069869189,0.1923203244098404,23.024231672286987
1780876591.5144682,-2.794956843111338,4.883324868312111,0.21448470784711826,23.207756757736206
1780876591.5889192,-2.985427609578501,4.893118841245404,0.24253193513936586,23.28220772743225
1780876591.6615999,-2.61315487447267,5.053512309854712,0.16870566036390008,23.354888439178467
1780876591.8506122,-2.9351657046544215,4.889309382745396,0.2315589766980388,23.543900728225708
1780876592.0286126,-2.862781605222711,4.955006525355681,0.2111136132063231,23.721901178359985
1780876593.0988576,-3.0250723562566426,4.850019327988808,0.24558147631354943,24.7921462059021
1780876593.4018002,-2.816987992216309,4.955002835435314,0.21088074619485095,25.095088720321655
1780876593.507991,-2.869202228784366,4.920851911269353,0.22479367490618507,25.201279640197754
1780876593.6197271,-3.032262008610387,4.874015517376878,0.28036058612089887,25.313015699386597
1780876597.3825355,-2.7612057281996885,4.984823493455165,0.42107232784241566,29.07582402229309
1780876597.967265,-2.7329003746820044,4.971926263323593,0.4606621998084628,29.660553455352783
1780876598.0041668,-2.5960153676016176,4.998710047368982,0.4364437176135393,29.697455406188965
1780876598.1535034,-2.4853560003519486,5.040657078563835,0.42663386998171754,29.846791982650757
1780876598.274336,-2.7669680559914336,4.909665604323086,0.4884495786171898,29.96762466430664
1780876598.310132,-2.531108747291689,5.016540535347998,0.44660314169987514,30.00342059135437
1780876598.4580998,-2.763172190654319,4.906363518539122,0.502380463800337,30.15138840675354
1780876598.4942744,-2.560554984890587,5.02890284865496,0.4660993304044972,30.187562942504883
1780876598.567909,-2.799360938790115,4.967427953786225,0.5167062818530943,30.261197566986084
1780876598.6123378,-2.7544140531421424,4.975224515358266,0.5117002131042004,30.305626392364502
1780876598.6446257,-2.6804355201244965,4.981514894973166,0.5017848910587556,30.33791422843933
1780876598.6779413,-2.736864348821099,4.966714659601657,0.5149783532299418,30.371229887008667
1780876598.7137115,-2.442134850601235,5.029715045626845,0.46177837463835125,30.407000064849854
1780876598.7484179,-2.453351148860131,5.020103330875204,0.46718483451109727,30.44170641899109
1780876598.7847083,-2.4122106510731154,5.021387122361911,0.4633764793261565,30.477996826171875
1780876598.822539,-2.4154166571857005,4.983483362567805,0.46755531957493746,30.515827655792236
1780876598.8534572,-2.4274421635466052,5.0260775300541205,0.4735811501234554,30.546745777130127
1780876598.8941996,-2.4097945345851555,5.076183037436146,0.474870267499438,30.587488174438477
1780876598.92989,-2.4315029654915263,5.069926880125102,0.4828094777319131,30.623178482055664
1780876598.966159,-2.7592695725793277,4.951447018446509,0.5500611081513622,30.65944766998291
1780876599.0047657,-2.85902469921352,4.934758623389476,0.5722977428484733,30.698054313659668
1780876599.0440524,-2.66318565417541,5.003786083305943,0.5398936572564786,30.737340927124023
1780876599.0806816,-2.610925440719045,4.997943304134733,0.5359194217469601,30.773970127105713
1780876599.1628149,-2.457176250589228,5.098459803102121,0.5147410995571382,30.85610342025757
1780876599.1893704,-2.7294625717550334,4.980446200953367,0.5704322841323284,30.88265895843506
1780876599.2228932,-2.957149402089456,4.900430163712127,0.6205222395392813,30.916181802749634
1780876599.2611053,-2.6703084424688344,5.013162040812702,0.5686612777361529,30.95439386367798
1780876599.2958448,-2.6899451513047485,4.996569959981402,0.5772590839763092,30.98913335800171
1780876599.3349683,-2.5568776050683253,4.980598762360998,0.5558626782254502,31.02825689315796
1780876599.3773873,-2.8344754464474695,4.9680666432650264,0.6083874594865605,31.07067584991455
1780876599.4052362,-2.541463257622297,5.058445837160667,0.5550732155607958,31.098524808883667
1780876599.4426653,-2.463049869215177,5.03450713041489,0.5463785621460575,31.135953903198242
1780876599.4797976,-2.6411447004812767,5.063538238092977,0.5771040424758338,31.173086166381836
1780876599.5190492,-2.628014371469921,5.0046762930117605,0.5807711918359112,31.212337732315063
1780876599.555513,-2.4994540292897214,5.0804596998760925,0.5579422229842546,31.248801469802856
1780876599.5911648,-2.845083903098706,4.940542592761678,0.6279394871559306,31.28445339202881
1780876599.626463,-2.7389519705251018,4.977319523670396,0.6095430634268988,31.319751501083374
1780876599.6640136,-2.48825360509158,5.046583268744523,0.5645394765003985,31.35730218887329
1780876599.699587,-2.4379357906452612,5.077041873312073,0.5568048732795919,31.39287567138672
1780876599.7373843,-2.729155193792347,4.994744367620951,0.6139007143840423,31.430672883987427
1780876599.7728841,-2.5961699024631466,5.029318710977344,0.5908687714716243,31.466172695159912
1780876599.8084872,-2.709080642528093,4.994478062689488,0.6165569151641346,31.50177574157715
1780876599.8445058,-2.343549549351761,5.127524577657131,0.5489462835269658,31.53779435157776
1780876599.8831336,-2.718472691241241,4.982115411966565,0.6237930062599039,31.576422214508057
1780876599.9210138,-2.7251486272615137,4.968218878184332,0.6280749227199529,31.614302396774292
1780876599.9567246,-2.7231871238781773,4.97464437118807,0.6309944268367669,31.650013208389282
1780876599.990575,-2.723667458811536,4.9684485202226565,0.6350577850591561,31.683863639831543
1780876600.024195,-2.716818775018836,4.981532374763604,0.6368897468423116,31.717483520507812
1780876600.0658197,-2.6893740816574496,4.963844712440331,0.636715418995734,31.759108304977417
1780876600.0977993,-2.7160456347380686,4.922364392289553,0.6475197447188751,31.791087865829468
1780876600.1368918,-2.643692053642795,4.888117333159312,0.6377922806148981,31.830180406570435
1780876600.1714637,-2.591034155269705,4.930414554672754,0.6308665105241509,31.864752292633057
1780876600.2139862,-2.4717332740303064,4.971803667547852,0.6096010708828843,31.90727472305298
1780876600.2533677,-2.3967909585231064,5.02825784379505,0.5970052525300831,31.946656227111816
1780876600.364998,-2.6020482258926307,4.985769251788291,0.6473638574831788,32.05828666687012
1780876600.3996131,-2.542911986175563,4.990702255881973,0.6394328385000052,32.09290170669556
1780876600.4342585,-2.544962740499584,5.018430102936384,0.6422752727031311,32.12754702568054
1780876600.4715116,-2.7682825237190167,4.917507639930222,0.6897438376977878,32.16480016708374
1780876600.5114982,-2.7564090383279707,4.904993506826123,0.6918233822537987,32.20478677749634
1780876600.544115,-2.5381256507412573,5.006428396537657,0.6508529687523182,32.23740363121033
1780876600.5795705,-2.583426310526111,4.971635696388382,0.6635812112551192,32.2728590965271
1780876600.6205935,-2.5410321046558613,4.993274390927714,0.658387886412737,32.31388211250305
1780876600.6597834,-2.377514304284713,5.064761500479783,0.6278052562067408,32.35307192802429
1780876600.7008631,-2.4456400680687196,5.032629733124885,0.6452627963939863,32.39415168762207
1780876600.7376268,-2.4070802106383793,5.0499719393827585,0.6396121758890304,32.43091535568237
1780876600.7881095,-2.51837067996986,4.998529672083758,0.6658925940307653,32.48139810562134
1780876600.810714,-2.390828679903005,5.046981558760524,0.6429832356089058,32.50400257110596
1780876600.847634,-2.378213455339445,5.010142604206934,0.646246215761801,32.54092264175415
1780876600.8814614,-2.306675328835624,5.03279921091133,0.6350357917238821,32.57474994659424
1780876600.918246,-2.488231488008099,4.985644024127031,0.6722822020033544,32.6115345954895
1780876600.9543757,-2.5203822837208874,4.979179243631496,0.6812676869981362,32.647664308547974
1780876600.9965935,-2.500378595274679,5.004051447505533,0.6797433489246647,32.689882040023804
1780876601.0331736,-2.3795055514668455,5.070567043747331,0.657295620242041,32.7264621257782
1780876601.067622,-2.630000343034138,4.941698452070274,0.7117658717917387,32.760910511016846
1780876601.110221,-2.2786729113805277,5.0785816324688495,0.6448792376929428,32.80350947380066
1780876601.1420922,-2.498845302219126,5.028554397438002,0.6963157591502317,32.8353807926178
1780876601.1783388,-2.1322084075581724,5.108660799151251,0.6221580326973862,32.87162733078003
1780876601.214364,-2.434495530168177,5.022082994979318,0.6829261235532597,32.907652616500854
1780876601.253678,-2.481606933154506,4.983251141793159,0.6962218429733158,32.94696664810181
1780876601.2890944,-2.488240616021952,5.059931317868185,0.7022423297599621,32.982383012771606
1780876601.3290179,-2.448766053553061,5.061253438782429,0.6997566911568542,33.02230644226074
1780876601.3625894,-2.591589985461201,4.985145681727202,0.7292642700106389,33.055877923965454
1780876601.4024756,-2.56887817486962,5.005320434277512,0.7285746747723584,33.09576416015625
1780876601.430912,-2.451343960076507,4.960149580861139,0.7045198176306694,33.12420058250427
1780876601.4663563,-2.573121252880331,4.984219230489639,0.7335137542544762,33.15964484214783
1780876601.5029733,-2.5177690107800323,5.008511472962356,0.7264413720194165,33.19626188278198
1780876601.5355802,-2.3744853930636727,4.995438730992393,0.6968086130894816,33.22886872291565
1780876601.5756676,-2.5600469366965526,4.96479305682576,0.7392331532615384,33.26895618438721
1780876601.6158502,-2.471963766401732,5.010145334806124,0.725399481515469,33.309138774871826
1780876601.647893,-2.3168663638885922,5.076990239154526,0.6979903099330397,33.34118151664734
1780876601.683822,-2.5804195860341212,4.945135318057678,0.7517297420857303,33.37711048126221
1780876601.7195742,-2.3037176836943627,4.945498152114514,0.6973712262738836,33.41286277770996
1780876601.7550561,-1.747460433572695,5.12332226101707,0.5920520572757064,33.448344707489014
1780876601.791845,-2.5077414038806407,4.952168296553412,0.7456142091951115,33.4851336479187
1780876601.8298345,-2.4358667460852357,5.0115513029896395,0.7327246948523344,33.523123025894165
1780876601.867114,-2.4852170098452033,4.979383714447023,0.7439418982286221,33.560402631759644
1780876601.90257,-2.3536425945869652,5.014335168050164,0.7216414628079777,33.595858573913574
1780876601.9367564,-2.2890782406655545,5.039708945149053,0.7117999420033435,33.63004493713379
1780876601.97395,-2.514601934902209,4.971389273925646,0.7564221083111697,33.66723847389221
1780876602.0110018,-2.252180964492549,5.040188128852647,0.7086775152086818,33.70429039001465
1780876602.0484622,-2.3994685151565442,5.00738902957976,0.7377439311093357,33.741750717163086
1780876602.0850778,-2.3592578685468872,5.017223997975969,0.7327210906335353,33.77836632728577
1780876602.1192458,-2.1888961365414983,5.048617594426458,0.7042987677852741,33.81253433227539
1780876602.1548197,-2.3771877392533876,5.011844361274713,0.7403390133432207,33.84810829162598
1780876602.19282,-2.202108253246449,5.090477116418436,0.7095092454868591,33.88610863685608
1780876602.2329657,-2.334518396061968,4.986004025125665,0.7371317176583279,33.92625427246094
1780876602.271372,-2.2316062975634043,5.045089688502761,0.7198645064676521,33.96466064453125
1780876602.3070304,-2.4291496009058475,4.974363916842663,0.7592787903723871,34.00031900405884
1780876602.3478026,-1.3730964773081995,4.937569768699406,0.5559055758176341,34.041091203689575
1780876602.3795521,-2.2686175474892027,4.987569935400468,0.7339434522782626,34.07284069061279
1780876602.4154105,-2.3072919138919663,5.01185815695896,0.7421354188476261,34.10869908332825
1780876602.4507298,-2.0421144065356573,5.034542204494684,0.6943108248148063,34.14401841163635
1780876602.4883707,-2.2511667092966454,5.021672572678559,0.7349454834451695,34.18165922164917
1780876602.5298707,-2.1037039827750537,5.033904198995242,0.7102927052479487,34.223159313201904
1780876602.5583444,-2.2744401690281544,4.967945148815295,0.745763601802865,34.25163292884827
1780876602.598326,-2.2506930992226954,4.9962184092663815,0.742900410521543,34.2916145324707
1780876602.6365378,-2.2213455711478884,4.986274703463966,0.7389310908852691,34.32982635498047
1780876602.6725135,-2.2472530666154946,4.989638550234804,0.7464634519001014,34.36580204963684
1780876602.7143111,-2.2705467428674337,4.93551429335572,0.7528754962264083,34.407599687576294
1780876602.7514143,-2.207381020911109,4.959093077341038,0.7428842645359389,34.44470286369324
1780876602.783841,-2.2969381337400607,4.912482328324625,0.7619440645764675,34.4771294593811
1780876602.8197474,-2.3270172434049328,4.910284064395841,0.7697933443507379,34.513036012649536
1780876602.8528051,-2.3042570584352244,4.916590211721004,0.7677970589230648,34.546093702316284
1780876602.889168,-2.234141936534724,4.921348697194568,0.7557528801829597,34.58245658874512
1780876602.921783,-2.250776959169096,4.9250166691690245,0.7612047410476861,34.615071535110474
1780876602.9630837,-2.1765083149096145,4.932392793029987,0.7475595259010642,34.65637230873108
1780876603.0040267,-2.1846810406938104,4.950664792639861,0.751405028050462,34.69731521606445
1780876603.0376449,-2.168450558380991,4.939187160818449,0.7489612296296874,34.73093342781067
1780876603.0828998,-2.1835385583326854,4.965214011162892,0.7544949679574653,34.776188373565674
1780876603.1260371,-2.539088508726206,4.869409211917237,0.824665783047109,34.8193256855011
1780876603.1490707,-2.3275594818699736,5.033585431036173,0.7884806295094268,34.8423593044281
1780876603.1851935,-2.6218050838552367,4.914011848185988,0.8458868234144366,34.87848210334778
1780876603.22301,-2.5493947128634655,4.944258043986797,0.8334300744281253,34.916298627853394
1780876603.2566874,-2.6088126482679996,4.913712369498726,0.8464290996786784,34.94997596740723
1780876603.2972565,-2.5570745127015044,4.972431651875266,0.8354731921898872,34.99054503440857
1780876603.331285,-2.4852486540244145,5.009840719127662,0.8229178153314683,35.02457356452942
1780876603.3748329,-2.5649378125635183,4.974946952284396,0.839491875603129,35.06812143325806
1780876603.4057539,-2.4246822666296146,5.011596080013585,0.816248317789454,35.0990424156189
1780876603.4388566,-2.6141509925508135,4.906443873063794,0.8554159082985101,35.132145166397095
1780876603.4757771,-2.282769665937554,5.053430389544239,0.7939216418950706,35.169065713882446
1780876603.522648,-2.563967700017137,4.894812706521153,0.8508584673141366,35.2159366607666
1780876603.546803,-2.5819917773830814,4.872822943927456,0.8569925046792826,35.24009156227112
1780876603.5821555,-2.5347138300817162,4.89595211785212,0.8492515746923064,35.27544403076172
1780876603.622356,-2.640266688739076,4.833878626568948,0.8719610244004963,35.31564450263977
1780876603.658992,-2.4375944697855507,4.9264970057419255,0.8343456261616689,35.352280616760254
1780876603.698082,-2.525135178591789,4.889404490179638,0.8521705668621595,35.39137053489685
1780876603.7349,-2.5354234287253785,4.889209321071087,0.8549916096546653,35.42818856239319
1780876603.7710428,-2.4953959351296557,4.92692213663867,0.8471476164258632,35.46433138847351
1780876603.8037274,-2.5827747462181057,4.839589897266196,0.8687518977225691,35.497015953063965
1780876603.8475485,-2.3787980343143578,4.970510548544085,0.8280433672497102,35.54083704948425
1780876603.8815074,-2.4388475572872172,4.946415295705307,0.840423540598925,35.574795961380005
1780876603.9220662,-2.4193772237661966,4.908789699377815,0.8392986336711795,35.615354776382446
1780876603.955949,-2.418690189843981,4.9534709971718645,0.8390423789262681,35.649237632751465
1780876603.9944556,-2.471363307848782,4.900942236590669,0.8525067464923487,35.687744140625
1780876604.0327036,-2.471775042964391,4.898353977958311,0.8543111020864786,35.72599220275879
1780876604.0731678,-2.4778322098615577,4.866553524892544,0.8584143087490556,35.76645636558533
1780876604.1167536,-2.4575700303408405,4.893481682230688,0.8542744485367129,35.81004214286804
1780876604.143073,-2.5082193926754526,4.85322899422513,0.8666312386001296,35.83636164665222
1780876604.1779103,-2.4610304906274902,4.860576189744593,0.8598568352896744,35.871198892593384
1780876604.2259843,-2.4352441468704384,4.893072689309796,0.8539565270576622,35.919272899627686
1780876604.2585342,-2.507742773078056,4.787929646423753,0.8737151506018078,35.95182275772095
1780876604.288518,-2.4416647784181444,4.856949615088598,0.8602053403813374,35.98180651664734
1780876604.3245091,-2.4483817546116575,4.864604231849186,0.8614472256539834,36.01779770851135
1780876604.3595483,-2.5123225969357788,4.784657473140122,0.8781036085190953,36.052836894989014
1780876604.4030337,-2.441532004099775,4.845530679222646,0.8641496446315007,36.09632229804993
1780876604.4334862,-2.4119373298742977,4.892814336384663,0.8567031588401012,36.12677478790283
1780876604.4718912,-2.5200879944717256,4.763299202435016,0.8847173031499446,36.16517972946167
1780876604.5070672,-2.4226259175787948,4.8632948194107435,0.8627015410154946,36.200355768203735
1780876604.5467572,-2.4087053759377577,4.868843857895043,0.860948890470827,36.24004578590393
1780876604.5819705,-2.400408369621334,4.8178674917495,0.8633212733184409,36.275259017944336
1780876604.6213992,-2.4516135114813027,4.82454092026429,0.8734380251259791,36.314687728881836
1780876604.6557255,-2.3871018982530066,4.872612059882984,0.8599334288039266,36.34901404380798
1780876604.692796,-2.350955262915255,4.821510419275579,0.8580391432592668,36.38608455657959
1780876604.7262263,-2.450067173365145,4.822307068309991,0.8759792090484703,36.419514894485474
1780876604.7615743,-2.4049305152178624,4.829744264434553,0.8690149221172992,36.45486283302307
1780876604.7957776,-2.280801074150915,4.8931050425992515,0.8453282661060808,36.4890661239624
1780876604.833745,-2.3363025180684955,4.857055391116724,0.857548787979755,36.52703356742859
1780876604.8700843,-2.4086418247140715,4.81225032864541,0.8738526429795807,36.56337285041809
1780876604.9123764,-2.3679953441621313,4.840908940098317,0.8655313193515326,36.6056649684906
1780876604.954246,-2.297511756978643,4.84693365480792,0.8547673889736099,36.64753460884094
1780876604.9908504,-2.310124612197553,4.858236330163152,0.8563870849221641,36.684139013290405
1780876605.022918,-2.407393654451813,4.795510648954438,0.8781641846451267,36.716206550598145
1780876605.0593708,-2.332072895151438,4.8207791150016055,0.8638426488738751,36.7526593208313
1780876605.0942886,-2.2735805062006813,4.864298183337891,0.852929788023549,36.7875771522522
1780876605.1303718,-2.316244586696598,4.829638030282045,0.8624694377341127,36.823660373687744
1780876605.1656861,-2.38480189439173,4.796535884694161,0.877377087877847,36.85897469520569
1780876605.204985,-2.320773967408101,4.836148476466095,0.8643771854717667,36.89827346801758
1780876605.2391999,-2.2511439810568135,4.8588384478946,0.8526477757133808,36.932488441467285
1780876605.2759247,-2.285807570710917,4.829152002298738,0.8606532809965082,36.969213247299194
1780876605.319754,-2.325511068511641,4.803955272076394,0.8695714779558024,37.01304244995117
1780876605.3579412,-2.3089200670382493,4.827679482758989,0.8663330900265273,37.05122971534729
1780876605.3937118,-2.197798246857397,4.8758906013299725,0.8456234969907032,37.087000370025635
1780876605.4325986,-2.221654758544534,4.878999901085609,0.849685527314156,37.12588715553284
1780876605.4656482,-2.2140629970889703,4.857720395298484,0.8506359930170173,37.158936738967896
1780876605.5023189,-2.345207026571279,4.775345911221011,0.8792543722885137,37.19560742378235
1780876605.5374646,-2.2415560056874293,4.819836510984676,0.8593558580136836,37.23075318336487
1780876605.577212,-2.247178888634221,4.818746180068267,0.8608943924168089,37.27050065994263
1780876605.6102772,-2.208829849935916,4.831584760278705,0.8543656226349107,37.30356574058533
1780876605.6471415,-2.200133683093793,4.843707965196961,0.8527388696054183,37.34043002128601
1780876605.6849737,-2.2570912977872486,4.746032426402697,0.8678683781659637,37.37826228141785
1780876605.7338572,-2.254114307106072,4.788116822465711,0.8670038749460981,37.4271457195282
1780876605.7608676,-2.2475633629902534,4.787265041933198,0.866428253606274,37.454156160354614
1780876605.7967415,-2.213523048492406,4.797317207047873,0.8607719815977332,37.49003005027771
1780876605.8365836,-2.2157931810531366,4.791316451838438,0.8620205314986776,37.52987217903137
1780876605.883247,-2.2192765740546694,4.7694524763998905,0.8640009340455278,37.57653546333313
1780876605.913775,-2.261977070853252,4.749572275026046,0.8742898025695051,37.60706353187561
1780876605.947034,-2.2501282985058317,4.765686259278199,0.8713596113014457,37.64032244682312
1780876605.983636,-2.199087365235459,4.7838737118524834,0.8619593879929789,37.67692446708679
1780876606.0196185,-2.178091303267326,4.7912277174497255,0.8584509594712392,37.71290707588196
1780876606.0592535,-2.180733654793337,4.776305714545798,0.8602904104102321,37.75254201889038
1780876606.0965996,-2.083338419338654,4.832953716370001,0.8410167420468926,37.78988814353943
1780876606.133452,-2.2314908750152695,4.749323824576292,0.8721609390179245,37.82674050331116
1780876606.1687148,-2.2105682391887993,4.754315590246401,0.868683784425726,37.862003326416016
1780876606.2029088,-2.1129477805872403,4.82426344370574,0.8480014025995016,37.89619731903076
1780876606.2393403,-2.1744465097219425,4.756089319518741,0.8638682002796172,37.932628870010376
1780876606.275742,-2.1330722102937325,4.780497865508213,0.8554610774534528,37.9690306186676
1780876606.3109884,-2.0425397735893918,4.849289523162311,0.8358580331201088,38.0042769908905
1780876606.3459175,-2.111261423090011,4.805093132463859,0.8508865325148869,38.03920602798462
1780876606.383926,-2.1511093997175768,4.7748882624208315,0.8604340602778241,38.07721447944641
1780876606.4192839,-2.10855699375605,4.800402169204106,0.8519495216461457,38.11257243156433
1780876606.4590616,-2.0951824420684355,4.797003101300888,0.8501422896661691,38.152350187301636
1780876606.492412,-2.0619754668806527,4.79141988261449,0.8449532301567756,38.18570065498352
1780876606.5299993,-2.043864104480884,4.786650973494849,0.8430065679944789,38.22328782081604
1780876606.5652266,-2.050546883200983,4.793155164614699,0.8441923374638806,38.25851511955261
1780876606.6044605,-2.069675320178792,4.7628023843473315,0.8498973970288944,38.297749042510986
1780876606.649186,-2.1806606428084088,4.795565471539364,0.8746218196117292,38.34247446060181
1780876606.6790023,-2.1418811954444497,4.729031908480462,0.8657217207826208,38.37229084968567
1780876606.725935,-2.1359795529412384,4.725515262855072,0.8652831545045495,38.41922354698181
1780876606.7517056,-2.0900786566785188,4.7476042681288835,0.8560907001555464,38.4449942111969
1780876606.7828903,-2.0135793284693237,4.770035753912846,0.8419835315918427,38.476178884506226
1780876606.8229642,-2.0430003767148377,4.757114904756602,0.8481981598380268,38.516252756118774
1780876606.8551712,-2.045353295093872,4.748378511320751,0.8495092946461019,38.54845976829529
1780876606.9297376,-2.000429631508066,4.759308930567934,0.841496660827137,38.62302613258362
1780876606.9720871,-2.0847545535288434,4.71211916969314,0.859675144326681,38.66537570953369
1780876607.0063136,-2.1219466919493932,4.693340420758006,0.8679151583426364,38.699602127075195
1780876607.0438783,-2.0911112891560513,4.713799559996725,0.8615317368988615,38.73716688156128
1780876607.0779874,-1.9944507020724043,4.730247165482255,0.8442010577333778,38.771275997161865
1780876607.1112833,-2.0053132886359792,4.727649087857065,0.8464847203506491,38.804571866989136
1780876607.1565688,-2.030247362574895,4.705262269756308,0.8524878992003327,38.849857330322266
1780876607.1821833,-2.0121519359137343,4.724060897594865,0.8483327197993837,38.87547183036804
1780876607.2188952,-2.0141335933830375,4.703061333380225,0.8503447245655652,38.91218376159668
1780876607.2540472,-2.000833152099812,4.7125522426509034,0.8476830486231093,38.947335720062256
1780876607.2948947,-1.9764249560436737,4.716884220393651,0.8434815524610169,38.98818325996399
1780876607.3682761,-1.97517938933092,4.701666748715662,0.8444740284964701,39.061564683914185
1780876607.404072,-2.0239370270035577,4.675096661979506,0.8548168493876971,39.097360610961914
1780876607.4414587,-2.101115394774931,4.719313991806972,0.872411682107423,39.13474726676941
1780876607.4784374,-2.0184069663374764,4.662059431508275,0.8557680583967788,39.17172598838806
1780876607.5161252,-2.0118070908909402,4.677758295500357,0.8540284700977162,39.20941376686096
1780876607.5528588,-2.12232983368248,4.704282384880996,0.8776848786614057,39.2461473941803
1780876607.5928216,-1.9856113962172555,4.676369053132371,0.8498252585408066,39.286110162734985
1780876607.6301916,-2.08606973787871,4.709953233727203,0.8713514892847736,39.32348012924194
1780876607.6671376,-1.8915076848044852,4.731691888167165,0.8298678859308438,39.36042618751526
1780876607.7092104,-2.0848157644835994,4.688396337202145,0.8731306692359927,39.402498960494995
1780876607.7831419,-1.8646769074597862,4.737524266487825,0.8253012199806778,39.47643041610718
1780876607.8244379,-1.8984366712412475,4.7095935669441635,0.8332566115891483,39.5177264213562
1780876607.8689082,-1.8985876113781404,4.690864156875777,0.834596045584833,39.56219673156738
1780876607.9033217,-1.8866454782242539,4.690618096395837,0.832546279901942,39.59661030769348
1780876607.938804,-1.8170161010528654,4.696009888428074,0.8187577182891366,39.63209247589111
1780876607.9715054,-1.831492420616051,4.69907732427951,0.8226454218327856,39.664793968200684
1780876608.0091126,-1.7067546646412772,4.759836941564131,0.7967244888341671,39.70240116119385
1780876608.0517678,-1.9958004064733292,4.664893653146223,0.8612002482714948,39.74505639076233
1780876608.0861933,-2.0242265303348805,4.626197383707927,0.8693570018081321,39.77948188781738
1780876608.1173897,-2.016849736140012,4.628782810326893,0.8679275664664636,39.810678243637085
1780876608.1530812,-2.035497176472742,4.614872386864654,0.8721803706276153,39.84636974334717
1780876608.1939147,-2.070035157054206,4.595174810658988,0.8798637795251377,39.887203216552734
1780876608.2315626,-2.0671259807669893,4.576041949519917,0.8806005684975989,39.924851179122925
1780876608.2673678,-2.0895285780955746,4.558066511658831,0.8859130562548442,39.96065640449524
1780876608.3070598,-2.0854112411011037,4.563958890429277,0.885305339068212,40.00034832954407
1780876608.3456097,-2.0762667230513,4.5652708309146535,0.8836709297486641,40.038898229599
1780876608.3828645,-1.9314930704817976,4.590573242969971,0.8492175761808642,40.07615303993225
1780876608.4185157,-1.925124086559305,4.581977916302045,0.8487741128862257,40.111804246902466
1780876608.60027,-1.8784430845418654,4.578298844818375,0.8356271150282253,40.2935585975647
1780876608.6456993,-1.805160612350868,4.6289033761773775,0.8164458654540201,40.338987827301025
1780876608.72203,-1.7609896788354202,4.665824972221381,0.7990843558566582,40.41531848907471
1780876608.7474484,-1.8129897004929785,4.635454392033366,0.8083049336693588,40.44073700904846
1780876608.7858243,-1.8922374008806655,4.592002792667279,0.8226442810109773,40.47911286354065
1780876608.8237402,-1.88785658157774,4.578395225579349,0.8206942956927916,40.51702880859375
1780876608.9746275,-1.8676263611193553,4.580618433778265,0.8088803685035361,40.66791605949402
1780876609.0153139,-1.9535745341644357,4.623995001918081,0.8274693397803401,40.70860242843628
1780876609.126635,-1.9219886372442727,4.616254690333374,0.8180092789029604,40.819923639297485
1780876609.1961696,-1.871203220011719,4.5671450697420095,0.8013241104494474,40.88945817947388
1780876609.2354982,-2.0648634591587465,4.490887481250875,0.8474728707487027,40.928786754608154
1780876609.2694132,-1.8432085815284054,4.5842371219941285,0.7913987960564057,40.96270179748535
1780876609.3054,-2.0005045120948632,4.536957816648955,0.828916883278161,40.99868845939636
1780876609.3431108,-1.8355499801951571,4.587656209221554,0.786772740438808,41.036399364471436
1780876609.383658,-1.8493975960737887,4.58385669069442,0.7889603303617653,41.0769464969635
1780876609.462238,-1.9300905051959885,4.536477740826505,0.8052374783970593,41.155526638031006
1780876609.5013375,-1.8392074854316134,4.578462120247589,0.7850643140109055,41.19462609291077
1780876609.5347543,-1.8400057142573283,4.573072339839338,0.7851096306739243,41.22804284095764
1780876609.570812,-1.8426040381938322,4.564320608721689,0.7863298883407683,41.264100551605225
1780876609.6091123,-1.8309437054049178,4.564776107142291,0.7842636070627603,41.30240082740784
1780876609.6457062,-1.8130204182962626,4.5886451461076705,0.7795332140562228,41.33899474143982
1780876609.6831124,-1.804182125366857,4.57919219902863,0.7787976708299276,41.3764009475708
1780876609.7183948,-1.8852149168383916,4.5437953633694415,0.7962468984324031,41.411683320999146
1780876609.7591772,-1.883137628929393,4.535383996695312,0.797707595388142,41.452465772628784
1780876609.792252,-1.98173176811861,4.512283378243257,0.8250540240050636,41.48554062843323
1780876609.8651578,-1.7623716914684073,4.591704972591268,0.7761630777293763,41.558446407318115
1780876609.9009833,-1.8899788400827715,4.562523987932588,0.8118495554201909,41.59427189826965
1780876609.9444802,-1.8116255545146043,4.549649487726366,0.7929841124321436,41.63776874542236
1780876609.9699268,-1.692345603311878,4.584907588296248,0.7710169863369907,41.66321539878845
1780876610.012165,-1.7568198313243086,4.560326655005672,0.7868060992298699,41.705453634262085
1780876610.0527575,-1.9551760648057264,4.476067334412219,0.8383844221712002,41.74604606628418
1780876610.089795,-1.804952501173818,4.593041558419089,0.8056781903805613,41.78308367729187
1780876610.125419,-1.7135837468115644,4.568609018383337,0.7841727223024504,41.81870746612549
1780876610.1592066,-1.87769107884685,4.5216229108022805,0.827132021960724,41.852495193481445
1780876610.2701008,-1.8631080534150208,4.494964722081225,0.8319884187380466,41.96338939666748
1780876610.3094258,-1.7724453373973144,4.540879679047622,0.8152659976500839,42.00271439552307
1780876610.3449283,-1.8832178747874768,4.471177175843697,0.840301167979534,42.03821682929993
1780876610.381181,-1.743706648392671,4.5529121164951745,0.8133760691648774,42.074469566345215
1780876610.455082,-1.6215536692601287,4.554816522784145,0.785024336054745,42.14837050437927
1780876610.6811388,-1.851193188078804,4.4441941446485576,0.8488918870097258,42.374427318573
1780876610.718928,-1.7809404986074964,4.489009521620579,0.8325223035932398,42.412216663360596
1780876610.755567,-1.7322094772048091,4.5223516133623445,0.821441571600612,42.44885563850403
1780876610.8667924,-1.7972296665587675,4.47099950067627,0.8329502729879781,42.560081005096436
1780876610.9030597,-1.8123279724642383,4.438444347367673,0.8380194099525846,42.59634828567505
1780876610.9439695,-1.7668959189379179,4.47372637747456,0.8277391981242278,42.63725805282593
1780876610.9791536,-1.80002460647294,4.459907579408776,0.8340753609296839,42.67244219779968
1780876611.0176911,-1.7747933872508779,4.442657241520414,0.8317143417198032,42.7109797000885
1780876611.0526252,-1.7330262236701621,4.508628238155426,0.8185513866432945,42.74591374397278
1780876611.0901716,-1.7478105799790773,4.477485021251838,0.8241831678325645,42.78346014022827
1780876611.1255636,-1.7677654238922655,4.459896797857053,0.8289624000908575,42.818852186203
1780876611.2037427,-1.7029744775114724,4.479767944423827,0.8190385345511997,42.89703130722046
1780876611.2393336,-1.8047681587918587,4.411981927728392,0.8432599221620816,42.93262219429016
1780876611.2787097,-1.8372077223183472,4.382952002769722,0.8525671811548571,42.97199821472168
1780876611.3929393,-1.6536437809941475,4.474395732483816,0.8148017596655331,43.086227893829346
1780876611.41962,-1.7194652592406623,4.46053296666093,0.8274516105343762,43.112908601760864
1780876611.5321774,-1.748316518623267,4.397647594946457,0.8423154080889093,43.22546601295471
1780876611.5651174,-1.7132587135790873,4.438158342794684,0.83342986919586,43.258405923843384
1780876611.676521,-1.6692297603895923,4.444901864940867,0.8273377150025762,43.36980962753296
1780876611.7082722,-1.6838909074466026,4.434092511932024,0.8304921045670309,43.40156078338623
1780876611.7442455,-1.679881110489132,4.444314699453971,0.8287893934244727,43.43753409385681
1780876611.8218868,-1.584486275728901,4.497235468211198,0.8109265369569144,43.515175342559814
1780876611.8521013,-1.6856506332654244,4.383043974953388,0.8383708364700406,43.545389890670776
1780876611.9008958,-1.6681767160089258,4.438998152804235,0.8322333643008463,43.59418439865112
1780876611.9224865,-1.6771979478465697,4.4277461305950805,0.8359205089528629,43.6157751083374
1780876611.9585562,-1.662279304328538,4.416954369795817,0.8347089443075772,43.65184473991394
1780876611.9933043,-1.6721864606022412,4.3943429594577825,0.8394480616573142,43.68659281730652
1780876612.0638857,-1.6399067834874121,4.412318513257565,0.8325636996334491,43.757174253463745
1780876612.1017601,-1.616709523243466,4.447602138103904,0.8250170266021185,43.79504871368408
1780876612.1375535,-1.6463209251927222,4.395697850262868,0.8363591243666557,43.83084201812744
1780876612.1772947,-1.6573936376731324,4.380800769475064,0.8413795542066105,43.870583295822144
1780876612.28393,-1.6217115076267374,4.430387455258003,0.8370937568700626,43.97721862792969
1780876612.3556755,-1.599768451389358,4.391533536475231,0.8361924072254496,44.04896402359009
1780876612.4114866,-1.575473094129284,4.406030834435226,0.8301336165025472,44.104775190353394
1780876612.446937,-1.5999044284332036,4.394108033578098,0.8356717871883356,44.140225648880005
1780876612.5201523,-1.5832600888280868,4.380921115740012,0.8366629370186609,44.213440895080566
1780876612.542407,-1.6323908185481237,4.369331880930879,0.8486963903178413,44.235695600509644
1780876612.5823827,-1.6403099003474417,4.36515594084892,0.8512078410890116,44.2756712436676
1780876612.6168196,-1.596415826996445,4.366601629634655,0.8432084837124396,44.31010818481445
1780876612.657405,-1.562309370764552,4.3944122730254715,0.8340587698853746,44.350693464279175
1780876612.6904395,-1.510095995801866,4.444697720152176,0.8196384284679538,44.38372802734375
1780876612.7255733,-1.6269927025417135,4.349939285135653,0.8462432195528828,44.418861865997314
1780876612.7919436,-1.5529448342525245,4.413591442941819,0.8270314935003484,44.48523211479187
1780876612.82548,-1.5265324701084326,4.414340131709654,0.82189301226455,44.518768548965454
1780876612.8639839,-1.5151377696417554,4.431641153161893,0.8203677607158923,44.55727243423462
1780876612.901958,-1.5422418776399134,4.4012002822892935,0.8293694936824011,44.59524655342102
1780876612.9343812,-1.573116905039001,4.353185383959688,0.840893871555883,44.62766981124878
1780876612.9704316,-1.5234220214412977,4.38622722298468,0.8312660184408243,44.66372013092041
1780876613.014117,-1.5476920639546865,4.39090986157132,0.838616232917433,44.70740556716919
1780876613.084827,-1.5672701278295955,4.359618450996917,0.8463445363953627,44.77811551094055
1780876613.1284852,-1.5019979233594902,4.412343427757204,0.8305666178480711,44.82177376747131
1780876613.1627836,-1.4465112068001755,4.423181517962961,0.8203538207765727,44.856072187423706
1780876613.1990528,-1.449436124278214,4.420501009554208,0.8199901766387099,44.89234137535095
1780876613.2367818,-1.4662219525733502,4.43977514477696,0.8211071860274156,44.93007040023804
1780876613.272586,-1.4959387629090513,4.392786095739542,0.8313494816331329,44.965874671936035
1780876613.3104725,-1.4880111387276735,4.393650284993095,0.8312902348832983,45.00376105308533
1780876613.3581705,-1.4785942198046784,4.402742792682653,0.83163155426721,45.051459074020386
1780876613.3864756,-1.5093091610622253,4.3710025517522,0.8435741209234909,45.07976412773132
1780876613.4220695,-1.666087791437078,4.330667060873877,0.8803580281987105,45.115358114242554
1780876613.4696784,-1.7097482267234962,4.412156658853302,0.8928917613193963,45.16296696662903
1780876613.5015273,-1.7684741460101705,4.31710051819501,0.9135727645566405,45.19481587409973
1780876613.53625,-1.7007082522300703,4.377734567038112,0.8980214881372508,45.229538679122925
1780876613.5730891,-1.7840488722448695,4.31040143224549,0.9195299640210197,45.266377687454224
1780876613.6104097,-1.6760455665379546,4.401248760614702,0.8941533705382239,45.30369830131531
1780876613.6457283,-1.6928442757624182,4.420269466583534,0.8953966208351091,45.339016914367676
1780876613.6817634,-1.6991862126493027,4.4305810253792925,0.8961618180798779,45.375051975250244
1780876613.717468,-1.6931080697188303,4.409818947968523,0.8986612321980223,45.41075658798218
1780876613.7585807,-1.7172412578207692,4.386475105383157,0.9065663508177049,45.45186924934387
1780876613.7906075,-1.6782393048968145,4.4007466048816,0.9021140015008293,45.483896017074585
1780876613.8657022,-1.687836395529863,4.377767538195443,0.9099851944468832,45.558990716934204
1780876613.9394524,-1.6740171655291531,4.369802795138349,0.9113013588773695,45.63274097442627
1780876613.9770396,-1.651164585708257,4.430748808538115,0.9019790784594294,45.67032814025879
1780876614.0126972,-1.6803548680830627,4.381276332649956,0.9113209537950258,45.70598578453064
1780876614.0509167,-1.6211407300184848,4.397763501766112,0.8989443343552224,45.74420523643494
1780876614.0881047,-1.6426226712751952,4.418616405169273,0.9031833940432398,45.78139328956604
1780876614.1270187,-1.6496562555839986,4.394947393998193,0.9077370915598566,45.82030725479126
1780876614.168946,-1.6182084900886782,4.421502183903379,0.90142024206169,45.862234592437744
1780876614.203317,-1.646177290992373,4.406131479729667,0.9095579412140993,45.896605491638184
1780876614.239992,-1.6120119611509942,4.4299917222209375,0.9031087654018882,45.93328046798706
1780876614.2751389,-1.666401977104261,4.357538188330486,0.920116910459099,45.968427419662476
1780876614.3140144,-1.6653792533218796,4.365382083900267,0.9193779498640688,46.00730299949646
1780876614.3526406,-1.629893234689611,4.404501789348046,0.9100751411232358,46.045929193496704
1780876614.3896198,-1.6587886510457581,4.37715014697794,0.9172364354716268,46.082908391952515
1780876614.424532,-1.632020188697819,4.382527279810706,0.9123883655421592,46.117820501327515
1780876614.4638336,-1.5961564694573882,4.427430199871969,0.9029758669382988,46.15712213516235
1780876614.505556,-1.5546122182270938,4.416392756867796,0.8980947899417955,46.19884467124939
1780876614.5397005,-1.615880720920842,4.411629621520281,0.9093933956016177,46.23298907279968
1780876614.576676,-1.6204774043128736,4.392062386650262,0.913024488595588,46.26996445655823
1780876614.612634,-1.6294800179979951,4.377847664420988,0.9166037071571025,46.305922508239746
1780876614.6491232,-1.614655703836358,4.387831197845178,0.9136078331015676,46.3424117565155
1780876614.6879952,-1.572138727669739,4.426322678770038,0.9032441113543462,46.3812837600708
1780876614.7268748,-1.5746180718454177,4.391028982035871,0.9066779180774763,46.42016339302063
1780876614.767283,-1.5935117020984113,4.39508998113314,0.9088828995882787,46.46057152748108
1780876614.799636,-1.595096591421584,4.377114747904829,0.9104995027332562,46.492924451828
1780876614.8325737,-1.514099580395171,4.431394981138634,0.8932143971094502,46.52586221694946
1780876614.8691018,-1.6160785994691445,4.3573305109720515,0.9172288680948611,46.56239032745361
1780876614.9060159,-1.5964915356087541,4.396560293250264,0.91126182625565,46.59930443763733
1780876614.9408538,-1.600026421803146,4.380186353839699,0.9138229923330399,46.63414239883423
1780876614.9827445,-1.5856008895704172,4.401380055659596,0.9096103990054832,46.67603302001953
1780876615.0171995,-1.6130948233027844,4.360680381542218,0.9177298854700604,46.710488080978394
1780876615.0558712,-1.608522238449412,4.356564021628441,0.9167305385492169,46.749159812927246
1780876615.0992641,-1.6112513649151912,4.346233196342523,0.917700685408131,46.79255270957947
1780876615.137379,-1.6073098101529917,4.346626453451579,0.9168918174289933,46.83066749572754
1780876615.1770651,-1.580881319843014,4.372612598609641,0.910328037683324,46.87035369873047
1780876615.215887,-1.6238213431228887,4.319281728728028,0.9231747298681964,46.909175634384155
1780876615.2532566,-1.6081701094887322,4.331211170869495,0.9199302649020852,46.946545124053955
1780876615.2888093,-1.6118093919838334,4.3141629572176035,0.9225083678375546,46.982097864151
1780876615.3247797,-1.6002791096649185,4.337546189972448,0.9180916235279135,47.01806831359863
1780876615.3590333,-1.577810544516657,4.362088716282687,0.9116411544611216,47.052321910858154
1780876615.3995452,-1.6254252646260907,4.282491549263525,0.9261288074387007,47.09283375740051
1780876615.4322114,-1.5774180733245489,4.341497678966978,0.9121610159828524,47.125499963760376
1780876615.486258,-1.5361029427734154,4.3932575732676975,0.9006261859072778,47.17954659461975
1780876615.5114977,-1.5865608287685724,4.337619826553637,0.914394864859284,47.20478630065918
1780876615.546412,-1.60816787692751,4.284220516953213,0.9235097623244409,47.23970055580139
1780876615.5866244,-1.630616377416377,4.237606946870527,0.9321944771308817,47.2799129486084
1780876615.6247792,-1.5755173214875766,4.2903315012529,0.917658222550273,47.31806778907776
1780876615.6601732,-1.5250383859471786,4.34509701516371,0.9030022361790221,47.35346174240112
1780876615.6986868,-1.5132992125816291,4.335037075176673,0.9002181061543199,47.39197540283203
1780876615.7365837,-1.5706502407616463,4.309155168903233,0.9124826608906054,47.429872274398804
1780876615.7698793,-1.5522892379622792,4.32536931675759,0.907547764491647,47.463167905807495
1780876615.8054283,-1.5834632021591517,4.262668647514425,0.9193170561227743,47.498716831207275
1780876615.8416984,-1.5688844884454398,4.276441568717533,0.9159623014097354,47.53498697280884
1780876615.8783433,-1.5528863929792331,4.319338172949609,0.9089315098322089,47.57163190841675
1780876615.9208894,-1.5674560118630878,4.304389666513785,0.9122379193137078,47.614177942276
1780876615.9585993,-1.5516187180684904,4.302866755087627,0.9084901177326515,47.65188789367676
1780876615.9960237,-1.5259659000198376,4.309098915565042,0.9030648029719647,47.68931221961975
1780876616.0325685,-1.5020509395219115,4.326161285133764,0.8971658507176326,47.72585701942444
1780876616.0658443,-1.550272016512399,4.242658203258917,0.9125613002063582,47.759132862091064
1780876616.1021814,-1.5540809393862096,4.243501704068685,0.9135641742402808,47.795469999313354
1780876616.1351392,-1.5348750707305872,4.276503529975799,0.9077171073698973,47.82842779159546
1780876616.1720254,-1.484841952225243,4.3323707882437965,0.8936745296036894,47.86531400680542
1780876616.2134721,-1.5315309377231046,4.302614149584387,0.9032699002103349,47.906760692596436
1780876616.254031,-1.5487361630148637,4.284983508304973,0.9070941343868467,47.94731950759888
1780876616.2876248,-1.5324803171499113,4.291215508229927,0.9027334081504538,47.980913400650024
1780876616.3233197,-1.5397506764215252,4.249725843001892,0.9078042192007056,48.016608238220215
1780876616.360557,-1.5198291474985552,4.2850017624473455,0.9011271536629392,48.05384564399719
1780876616.4041893,-1.5200185105150101,4.275847959490964,0.9021749843165668,48.09747791290283
1780876616.4407551,-1.4868701177475114,4.314209260625478,0.8925650817474098,48.13404369354248
1780876616.4779198,-1.5148535489078458,4.1598886914547535,0.9070777642505868,48.17120838165283
1780876616.516219,-1.5282957790097487,4.289053747050354,0.9000392271968733,48.20950746536255
1780876616.5530179,-1.554674267113378,4.2336977002229705,0.9084689328514722,48.24630641937256
1780876616.5880928,-1.4784332170587526,4.315375570471252,0.8876454854085719,48.281381368637085
1780876616.625341,-1.5141880279604325,4.245362198443563,0.8997953665325573,48.31862950325012
1780876616.6701417,-1.4419740409362873,4.325751964792773,0.8800865011781815,48.36343026161194
1780876616.702523,-1.5269661815992688,4.195850447614052,0.9047293176225328,48.395811557769775
1780876616.741821,-1.5163057182140678,4.281281475710532,0.895633470044839,48.43510961532593
1780876616.781329,-1.5213083214890806,4.276650880716302,0.8964007484419598,48.47461748123169
1780876616.8199463,-1.515954991704445,4.244721686811368,0.897294121579083,48.51323485374451
1780876616.8528643,-1.4962206574636578,4.149902682040099,0.897729372473263,48.5461528301239
1780876616.8940604,-1.5113623499781959,4.271598649468512,0.8919476973369453,48.58734893798828
1780876616.9256763,-1.5259048597172304,4.244296135493635,0.896133071430493,48.6189649105072
1780876616.979714,-1.5295595313014587,4.235097296375554,0.897489662891661,48.67300248146057
1780876617.0054498,-1.4772295084315124,4.292615365565908,0.8830795481126328,48.69873833656311
1780876617.042824,-1.4719658873080332,4.2794121729579775,0.8830472298447761,48.73611259460449
1780876617.080438,-1.4958061776515779,4.276311473561415,0.8859777790034734,48.77372646331787
1780876617.1132832,-1.507182615871855,4.25892250763888,0.8880400934969526,48.80657172203064
1780876617.1488907,-1.4224866263736784,4.314586422033105,0.8678086962282655,48.84217929840088
1780876617.1883397,-1.4914790806873404,4.275220897876957,0.8819133448773067,48.8816282749176
1780876617.2314596,-1.5245016234013304,4.224380912925988,0.8920448395459557,48.92474818229675
1780876617.2558393,-1.5065745128759582,4.249995346718333,0.88653196905369,48.94912791252136
1780876617.2947388,-1.5107695806306056,4.222012159084953,0.8886164439450499,48.98802733421326
1780876617.331409,-1.4373583012822393,4.2895381682538085,0.8691263388816409,49.02469754219055
1780876617.3793883,-1.5001472458327418,4.248628872258297,0.8823563395840835,49.07267689704895
1780876617.4056609,-1.5076320876597755,4.213103435175806,0.885428694978955,49.09894943237305
1780876617.4418995,-1.5079890607340443,4.214600961134815,0.8839885241636982,49.13518810272217
1780876617.4809294,-1.522227222243564,4.203023502726389,0.8870834770766626,49.17421793937683
1780876617.5143464,-1.5151212338658082,4.236249835637308,0.8823397208166404,49.207634925842285
1780876617.5509233,-1.4852527856766011,4.215444928300271,0.8780155305936777,49.24421191215515
1780876617.5854585,-1.4951490305632467,4.223814086289097,0.8777709050945871,49.27874708175659
1780876617.623836,-1.5182604415251086,4.229461362363865,0.8801345704033569,49.31712460517883
1780876617.6566613,-1.4643610797029982,4.254743563651053,0.8668733087974483,49.34994983673096
1780876617.6999621,-1.5171147887377092,4.194736011103902,0.8806599782931913,49.393250703811646
1780876617.7285838,-1.5099487452088107,4.2276275483446994,0.8756812137565216,49.42187237739563
1780876617.7648735,-1.4228391110765686,4.274107561165413,0.8553033651726131,49.45816206932068
1780876617.8050768,-1.4849011722778096,4.229323934711469,0.8683349963303822,49.49836540222168
1780876617.8482914,-1.4571991365019294,4.248629319782581,0.8601996547983424,49.54157996177673
1780876617.8738067,-1.4791431345114185,4.2344357234631245,0.8638873732415685,49.5670952796936
1780876617.910917,-1.4764228116724953,4.234079080123772,0.8629637401420914,49.60420560836792
1780876617.9477243,-1.5128674536756597,4.170713651567325,0.8735634270136993,49.6410129070282
1780876617.9847875,-1.4773985266999432,4.230615509197679,0.8607291801498088,49.67807602882385
1780876618.0194635,-1.5118525021969127,4.215402905150947,0.8670529793062173,49.71275210380554
1780876618.0567677,-1.4778068783838414,4.1520330510550325,0.8643929222326971,49.75005626678467
1780876618.0931215,-1.5268571295490156,4.15259159899378,0.8728681157378394,49.786410093307495
1780876618.132336,-1.476476906308199,4.169146952205458,0.860307972605245,49.82562446594238
1780876618.1734812,-1.442339773719734,4.1250715818549395,0.8480277429744086,49.866769790649414
1780876618.209015,-1.3668905327941756,4.15122368901758,0.8290312896702169,49.90230345726013
1780876618.2483277,-1.2268602954638221,4.190475910065548,0.7949950040426481,49.94161629676819
1780876618.2846537,-1.2513633664186212,4.168181615410517,0.7988207681768915,49.97794222831726
1780876618.32367,-1.2292034766516853,4.159078552455292,0.793314437500172,50.016958475112915
1780876618.3680453,-1.2376138080958996,4.162421102279547,0.7934741288263812,50.061333894729614
1780876618.3969007,-1.165901563415387,4.20570054725384,0.7758515317126226,50.09018921852112
1780876618.4301553,-1.2297933475978375,4.1802700965925075,0.7885835210204855,50.123443841934204
1780876618.4717917,-1.260707154852649,4.11402894713215,0.7971672660737252,50.165080308914185
1780876618.513056,-1.2497937957232965,4.161490360783674,0.7897755444299561,50.20634460449219
1780876618.5494475,-1.205595953498971,4.180247473505167,0.778777047717626,50.24273610115051
1780876618.5861259,-1.2312906538696269,4.151516227473574,0.7826266420931908,50.2794144153595
1780876618.6209412,-1.2380430143166117,4.172246100933554,0.7825422508593153,50.31422972679138
1780876618.6581817,-1.1487369465486998,4.196396723909121,0.7604005998015859,50.35147023200989
1780876618.6980867,-1.2747332656131816,4.132430111483458,0.789527851584165,50.39137530326843
1780876618.7364006,-1.20853726527235,4.184855871575918,0.770270970348868,50.429689168930054
1780876618.7715626,-1.2508721393869124,4.145923703444712,0.7792960048520097,50.46485114097595
1780876618.810613,-1.218093982753245,4.187776961708837,0.7686779351642834,50.50390148162842
1780876618.8603065,-1.223133607243187,4.169749997131958,0.7689921311074142,50.55359506607056
1780876618.8830185,-1.2095455325348647,4.198941159425256,0.7632203536716864,50.57630705833435
1780876618.9182565,-1.2574131573077125,4.1400327343535395,0.7750314024420327,50.61154508590698
1780876618.954132,-1.2186700487992375,4.1483003364935875,0.765371482745477,50.64742064476013
1780876618.987488,-1.2137904141209248,4.166558933194344,0.7605990231349143,50.680776596069336
1780876619.0274146,-1.228965369698658,4.142629013082397,0.7647664569086527,50.720703125
1780876619.0688648,-1.2890883988577104,4.104006802677606,0.7772864394480758,50.7621533870697
1780876619.1006322,-1.2395330265782203,4.168054365723522,0.7600459166297967,50.79392075538635
1780876619.1359565,-1.2549577442809805,4.141362869274507,0.7646397954630776,50.82924509048462
1780876619.1700046,-1.2222488357350962,4.166339656515898,0.7537626412138637,50.863293170928955
1780876619.2101681,-1.2477707087512475,4.135154975647438,0.7599734341006612,50.903456687927246
1780876619.2453558,-1.1998810531582202,4.181155996601621,0.7450996091947685,50.93864440917969
1780876619.278678,-1.2270283281438958,4.154696545116575,0.7516134110679056,50.97196650505066
1780876619.3236635,-1.22425515544793,4.143267154543176,0.7492764357587647,51.01695203781128
1780876619.3573954,-1.2525590655058805,4.135235400886543,0.7549619731475806,51.05068397521973
1780876619.3885677,-1.2166774119469976,4.14543629259976,0.7441068816527152,51.08185625076294
1780876619.4277177,-1.2452309451396162,4.128198162958254,0.7480824557892259,51.12100625038147
1780876619.467301,-1.2654205073924345,4.138385287976927,0.7512154311401409,51.16058945655823
1780876619.5041866,-1.2348445505972845,4.105160701609725,0.745484199503147,51.19747519493103
1780876619.5398679,-1.2889855126379812,4.104924455097255,0.7554868325665225,51.23315644264221
1780876619.576116,-1.2489725108389234,4.101583359859749,0.7449988553100311,51.2694046497345
1780876619.611929,-1.2633854067486152,4.125130931557608,0.7430388736279739,51.30521750450134
1780876619.6501641,-1.3081612127855,4.10746519307588,0.7523966321390453,51.34345269203186
1780876619.6850984,-1.2190374359021905,4.142375120996963,0.730053984998838,51.37838697433472
1780876619.721691,-1.2927884739434667,4.1184896915532985,0.7455618731218847,51.414979457855225
1780876619.757183,-1.240305038881663,4.1343145407190205,0.73174503159395,51.45047163963318
1780876619.7953975,-1.3309461432714529,4.096048263218891,0.7513408495334294,51.488686084747314
1780876619.8322,-1.2404856820208723,4.148355786364129,0.7277009009875167,51.52548861503601
1780876619.8672168,-1.3252626900519306,4.082450660190889,0.7487017385808937,51.560505390167236
1780876619.907884,-1.2937955155597773,4.102496624840612,0.7386792738351751,51.60117244720459
1780876619.9415336,-1.2659160120637496,4.1044335476740486,0.7296694455984719,51.63482213020325
1780876619.9823482,-1.2626517913937558,4.136428099829416,0.7263459454912197,51.675636768341064
1780876620.0166807,-1.307464199930672,4.071144394588874,0.7369567327053601,51.70996928215027
1780876620.064251,-1.2709874906349055,4.124399410345662,0.7249983544323729,51.75753951072693
1780876620.0889587,-1.270912776918996,4.114357688200974,0.7231740160245851,51.78224730491638
1780876620.1282418,-1.2924596397712154,4.105187749204493,0.7276307196916325,51.82153034210205
1780876620.1657865,-1.301344946306841,4.068945488342036,0.7301445997200385,51.85907506942749
1780876620.2021708,-1.2817332795202634,4.085396994463784,0.724268023075418,51.89545941352844
1780876620.245647,-1.3333534428830407,4.053877747323851,0.7342915440577565,51.93893551826477
1780876620.272124,-1.3000741320015812,4.069453101749999,0.7250597634188465,51.965412616729736
1780876620.3093395,-1.3282234549432115,4.065554925280487,0.7287841115710729,52.00262808799744
1780876620.3450909,-1.2899565585624018,4.0869823325355785,0.7178807436561292,52.038379430770874
1780876620.3831162,-1.3189330876439764,4.0610433703489,0.723656801825648,52.07640480995178
1780876620.4190123,-1.2719245865872546,4.083536277252599,0.7107366823095964,52.112300872802734
1780876620.4543989,-1.3031794666600236,4.063849462251018,0.7169320916344037,52.14768743515015
1780876620.5003743,-1.225716600454295,4.109577567689327,0.6965918567360002,52.193662881851196
1780876620.52596,-1.3064297938184537,4.077789245343409,0.7128662884478595,52.2192485332489
1780876620.564195,-1.248360688491831,4.1099373985326775,0.6973621168948758,52.25748348236084
1780876620.600323,-1.3254578343366767,4.077532428146208,0.7134310132249144,52.29361152648926
1780876620.63871,-1.2953479857981334,4.073175352028429,0.7063642403321333,52.33199858665466
1780876620.672625,-1.3724554426949553,4.016863653740383,0.7251769310084045,52.36591362953186
1780876620.7089612,-1.3110937577476833,4.053858344329175,0.7074226503297443,52.402249813079834
1780876620.743871,-1.3654102276006275,4.026721246917049,0.7192900976022362,52.43715953826904
1780876620.7817764,-1.2823196707218554,4.067382567564522,0.6977041414421864,52.47506499290466
1780876620.8185956,-1.347782647625666,4.02895819071561,0.7114273725687958,52.5118842124939
1780876620.8523555,-1.2784334798323314,4.067037721741407,0.6932310879489174,52.5456440448761
1780876620.8892114,-1.344927208443234,4.039870193877523,0.7065913711521957,52.582499980926514
1780876620.925123,-1.2886033993341806,4.061259542295728,0.691827564038147,52.61841154098511
1780876620.962106,-1.3561234191500549,4.023553009207804,0.7064338809859093,52.655394554138184
1780876620.9997797,-1.3292009371015738,4.00968114441701,0.7011628398683925,52.69306826591492
1780876621.0455189,-1.3562504023581652,3.992758946587186,0.7064234757809394,52.73880743980408
1780876621.0704157,-1.3362095594625385,4.021329787259402,0.6981979640810005,52.76370429992676
1780876621.107188,-1.2753844861693404,4.057046744165204,0.6823305810872671,52.80047655105591
1780876621.1402981,-1.3346888857745896,4.023040683390606,0.6944895917561273,52.83358669281006
1780876621.1762056,-1.2013798680246048,4.1372312542788645,0.6575149150260555,52.86949419975281
1780876621.2126982,-1.3287493008988738,4.023127407391609,0.6896860775660557,52.90598678588867
1780876621.2505777,-1.1753590632708737,4.090538308281392,0.6527174760073261,52.94386625289917
1780876621.284105,-1.3524951136536818,4.021923761775017,0.6907002893000057,52.97739362716675
1780876621.3558316,-1.341476948642455,4.0273516299950884,0.6842207298879491,53.0491201877594
1780876621.389325,-1.248623046129922,4.041057207483613,0.6631092843971621,53.082613468170166
1780876621.4227567,-1.3780708791192624,3.9704788115229777,0.6933668345708969,53.116045236587524
1780876621.4594967,-1.3847348746879464,3.955634623491287,0.6931172549334832,53.152785301208496
1780876621.4947844,-1.2576338247253496,4.0329547085487345,0.6595634593711536,53.18807291984558
1780876621.5308166,-1.3417145831432256,3.9855485259327073,0.6766371404164875,53.2241051197052
1780876621.5674994,-1.393662604426203,3.9655900245936087,0.6865542582441263,53.26078796386719
1780876621.6028183,-1.2443998086107335,4.0304420626451645,0.6493745195539888,53.296106815338135
1780876621.6400232,-1.2846939060482196,4.020970907013224,0.6550235012434812,53.333311796188354
1780876621.6855733,-1.345594030874241,3.9873498076394265,0.6672789165442811,53.37886190414429
1780876621.7229137,-1.2439510851863687,4.028760697265557,0.6422404046718525,53.41620230674744
1780876621.7534347,-1.3071337781472239,4.003849830832706,0.6536389467447576,53.446723222732544
1780876621.7930684,-1.3917414472488894,3.9557213079991347,0.6707281735356343,53.48635697364807
1780876621.8302784,-1.2016852535936309,4.063468853065806,0.6243332550278707,53.52356696128845
1780876621.85983,-1.354571190771609,3.9827387999469885,0.6573142515604979,53.55311846733093
1780876621.9066606,-1.376758641650976,3.9650937275837728,0.6602279805490344,53.59994912147522
1780876621.9343665,-1.2501881501217569,4.041167903763309,0.6281623593199581,53.627655029296875
1780876621.975424,-1.3482434779733836,3.9940611791795075,0.6483384334623316,53.6687126159668
1780876622.0132563,-1.3166144183149844,3.984345264525523,0.6405692121077085,53.70654487609863
1780876622.050295,-1.3310082687368112,3.9982879257333725,0.6405348778906943,53.74358367919922
1780876622.093197,-1.3425153282693825,3.982409305672782,0.641140806133384,53.78648567199707
1780876622.1242938,-1.307635141318639,4.012009566138762,0.6316824231579308,53.81758236885071
1780876622.1613295,-1.3543026082761798,3.981033489375397,0.6399573863399161,53.854618072509766
1780876622.2331905,-1.3484239058053658,3.9711775173147994,0.6353184191097676,53.92647910118103
1780876622.266818,-1.338595550527762,3.9732650711480124,0.6307467772066538,53.96010661125183
1780876622.305444,-1.3430818739943606,3.9829360943503564,0.6307209104593543,53.998732566833496
1780876622.3468428,-1.3270071287706244,3.965908296753175,0.6250130290012,54.04013133049011
1780876622.37985,-1.2464934565427574,4.010289517340138,0.6042494539751604,54.07313847541809
1780876622.4515417,-1.1913402028394109,4.023980201964719,0.5884321936069784,54.14483022689819
1780876622.4923518,-1.407914546161141,3.9238366576433976,0.6380444440166261,54.18564033508301
1780876622.5270965,-1.3562292222435577,3.9436399297646063,0.6235277192657862,54.22038507461548
1780876622.5664284,-1.43824289994983,3.893338549836628,0.6430998172436446,54.25971698760986
1780876622.6118112,-1.3874056034451714,3.895143317070521,0.6297588734327566,54.30509972572327
1780876622.6416306,-1.4373858431545128,3.8538161201782226,0.6420871965095657,54.33491921424866
1780876622.6776166,-1.3968943640392104,3.863762020241768,0.6302827972441938,54.37090516090393
1780876622.7252736,-1.3396634100461737,3.851800135520838,0.6072014153531042,54.418562173843384
1780876622.758321,-1.306786900410793,3.8647205009602725,0.5972398795305488,54.45160961151123
1780876622.7885532,-1.293868799587654,3.8744152410114974,0.5918329787624691,54.481841802597046
1780876622.8258927,-1.208430730155289,3.9406516549462145,0.5675820039140533,54.51918125152588
1780876622.8596587,-1.2416296039955907,3.9110972352430053,0.5742423463736139,54.55294728279114
1780876622.9014814,-1.288190843222734,3.8985536595773294,0.5847816927016308,54.5947699546814
1780876622.9417572,-1.3352749787591447,3.8505860228063042,0.5963916512842413,54.635045766830444
1780876622.9674656,-1.3022543966830336,3.8801326431610352,0.585763090874277,54.66075420379639
1780876623.0018058,-1.3326004309819817,3.8453075308637876,0.5922460256862017,54.69509434700012
1780876623.04491,-1.29981753495348,3.8729948700700314,0.5818500164944462,54.73819851875305
1780876623.0796285,-1.3450312663348565,3.845281872573549,0.5918237385230243,54.77291703224182
1780876623.1190858,-1.2491508673147056,3.909014456835476,0.5649580956439948,54.81237435340881
1780876623.1509092,-1.2712273497792368,3.9019273876889775,0.5685531452746967,54.84419775009155
1780876623.1874285,-1.2599957579327068,3.7973423281629373,0.5664401366344567,54.880717039108276
1780876623.232257,-1.3236870450316285,3.8681341332451313,0.5797202844307016,54.92554545402527
1780876623.2667015,-1.2150538370330208,3.8709394323677038,0.5534426202334118,54.95999002456665
1780876623.3008826,-1.31821370314669,3.8485846329467046,0.5763892278583695,54.994171142578125
1780876623.3354318,-1.1468213088132726,3.9077182916486644,0.532600425872353,55.02872037887573
1780876623.3756769,-1.238898255901021,3.886801609868251,0.5527778725208851,55.068965435028076
1780876623.4071534,-1.1153128100632885,3.8489960234760394,0.5176828185985606,55.10044193267822
1780876623.44083,-1.2152037027254576,3.894880498838912,0.5439063573866926,55.13411855697632
1780876623.4854398,-1.2977956704338265,3.8395598041845,0.5641628526193928,55.178728342056274
1780876623.5158405,-1.1633400034627328,3.387257610309265,0.5082575974159348,55.209129095077515
1780876623.5521874,-1.32136902607046,3.826124904854617,0.5681054854096719,55.24547600746155
1780876623.5866663,-1.180066143649316,3.8680904624288885,0.5316940059269276,55.27995491027832
1780876623.6230905,-1.2868168441182564,3.826363731788426,0.5569721105151169,55.31637907028198
1780876623.6569972,-1.2145276084240884,3.847090809340985,0.5375673160435391,55.35028576850891
1780876623.699307,-1.2049821700283776,3.869090118395686,0.5328941625751373,55.392595529556274
1780876623.730225,-1.2744334981987722,3.8431878213089012,0.5491525487221087,55.423513650894165
1780876623.7666128,-1.1466037881929663,3.874078672214117,0.5166312472085471,55.459901332855225
1780876623.7999213,-1.29802335957338,3.807792405496074,0.5541256202839359,55.49320983886719
1780876623.8408191,-1.299057406467817,3.7939651980800697,0.5536915621645041,55.53410768508911
1780876623.875685,-1.1809924318284186,3.8331960608974223,0.5233053201646166,55.568973541259766
1780876623.914595,-1.3193671559745737,3.7764099887810474,0.5569545802243439,55.60788345336914
1780876623.9473193,-1.177326647027365,3.8364770115512536,0.5193378504601076,55.640607833862305
1780876623.981542,-1.2422883921966938,3.811960142655802,0.534391504496852,55.67483067512512
1780876624.0171678,-1.2690619216443695,3.8113639534803263,0.5394848245079445,55.71045637130737
1780876624.0531712,-1.1374846097809472,3.8456754181505977,0.5056317542221502,55.74645972251892
1780876624.097163,-1.243575034286934,3.810471865412107,0.5311776213737025,55.790451526641846
1780876624.1311836,-1.3220060496287527,3.765525719418783,0.5512030189417765,55.824472188949585
1780876624.1767266,-1.1761226917536567,3.814401248690822,0.5129689735790349,55.870015144348145
1780876624.2064283,-1.2495354760249069,3.787676912012765,0.5304989512463248,55.89971685409546
1780876624.2472508,-1.3179747547852967,3.7568189010366164,0.5474093697339684,55.94053936004639
1780876624.2923906,-1.1923219751262841,3.7883614062092628,0.5149966424919118,55.985679149627686
1780876624.3197124,-1.279311124215089,3.7573710305958774,0.535974347537623,56.01300096511841
1780876624.3613904,-1.297022726661162,3.7533087004162073,0.5391513565068874,56.05467891693115
1780876624.3994274,-1.2534370667434493,3.7446711326317694,0.5283430148483559,56.09271597862244
1780876624.4279356,-1.108654750749044,3.8174369817590685,0.4897845740717811,56.12122416496277
1780876624.470069,-1.2284885639043783,3.7812792122409,0.5182810343450809,56.1633574962616
1780876624.5105321,-1.2289979874918429,3.7753880218535727,0.5174238572162418,56.20382070541382
1780876624.5409355,-1.169174435839694,3.792485106313575,0.501811723112921,56.23422408103943
1780876624.577066,-1.191814133825806,3.7895022714424003,0.5062351706830549,56.27035450935364
1780876624.6191802,-1.237112495750114,3.7735809688950503,0.5168532950994719,56.31246876716614
1780876624.6554182,-1.1659458337593103,3.784780994981402,0.4984114004306218,56.34870672225952
1780876624.7004879,-1.1310400526740743,3.739529790693556,0.488505067561237,56.393776416778564
1780876624.7272336,-1.236527676605302,3.7497478370212582,0.5151661685825918,56.42052221298218
1780876624.7630339,-1.244049231899284,3.729661884140868,0.5169102585907072,56.45632243156433
1780876624.8002698,-1.1689386015135184,3.7649744529362197,0.49627717560390117,56.493558406829834
1780876624.8362176,-1.2150429627221364,3.7410717897824197,0.50781756475436,56.52950620651245
1780876624.8734062,-1.2500635725886744,3.7258956427392818,0.5159994923624899,56.56669473648071
1780876624.9071324,-1.2045087203518072,3.731938756125566,0.5037772155083079,56.60042095184326
1780876624.9446206,-1.199289123476504,3.7247444269059056,0.502123243775791,56.637909173965454
1780876624.9855523,-1.220082933396703,3.7230225644366897,0.5064287214529958,56.67884087562561
1780876625.0173504,-1.237241624633943,3.7157125849303756,0.5101496158899782,56.710638999938965
1780876625.0490665,-1.195867743993478,3.718625205927925,0.4991305901533812,56.74235510826111
1780876625.0891805,-1.1686362814855116,3.735781142626871,0.49112919465897054,56.782469034194946
1780876625.1249132,-1.117322536103671,3.7279843582342234,0.4786488480076845,56.818201780319214
1780876625.167147,-1.2321866055362598,3.6967578697292853,0.5070129801765282,56.860435485839844
1780876625.1907275,-1.197238431755971,3.6904893412192905,0.498077545008969,56.884016036987305
1780876625.2274919,-1.152728024524297,3.720118769161201,0.4851131749643152,56.920780420303345
1780876625.2662444,-1.1917478749608221,3.6904158943490644,0.4955365698861186,56.95953297615051
1780876625.3035705,-1.1521762059093952,3.6916150942384296,0.4853857731308804,56.996859073638916
1780876625.336986,-1.2878927291237205,3.6477176298017606,0.5198287530206891,57.030274629592896
1780876625.3706849,-1.1906320029041042,3.6600727307081433,0.49455372901584455,57.06397342681885
1780876625.412286,-1.1897159813310818,3.672845587186689,0.4933733854060105,57.10557460784912
1780876625.4554749,-1.1488674255729325,3.6845145238402637,0.48215884998881664,57.14876341819763
1780876625.47903,-1.0843783425302607,3.7093711025570824,0.4648623862041037,57.17231845855713
1780876625.512938,-1.2329632517767375,3.6543062753653857,0.5029021733173153,57.20622658729553
1780876625.5505877,-1.1602789472296033,3.6629494435600107,0.4836850316914779,57.243876218795776
1780876625.5991838,-1.1231597383575862,3.680894195226831,0.473560708465237,57.29247236251831
1780876625.622108,-1.1788754711329221,3.655209292502308,0.48791655381261617,57.315396547317505
1780876625.6645026,-1.1234483146720677,3.6675493728082955,0.47339873813323896,57.35779118537903
1780876625.6981747,-1.1306278127580152,3.663005751511658,0.4750882866538663,57.39146327972412
1780876625.7297423,-1.1860014041291165,3.6402580635574844,0.488564875541621,57.423030853271484
1780876625.7689033,-1.1026361505233684,3.662956426588782,0.46683579967297417,57.46219182014465
1780876625.8104532,-1.1836776311755948,3.6118244289982506,0.4890767389165302,57.50374174118042
1780876625.8379745,-1.2172743299647648,3.587028686237913,0.49846987629238376,57.53126311302185
1780876625.8727274,-1.1521713811209207,3.6637731550863455,0.4859755568923466,57.56601595878601
1780876625.9083893,-1.168675687090887,3.6102591297698097,0.484171589964534,57.601677894592285
1780876625.9494884,-1.1558331963755188,3.612232540803546,0.4799087487148335,57.64277696609497
1780876625.983832,-1.0893485765181963,3.6177264942381444,0.46085979960983486,57.67712044715881
1780876626.0206425,-1.0924211342557157,3.638964691130554,0.46197684065569483,57.7139310836792
1780876626.0529165,-1.1297428469596693,3.620945077780701,0.47186605853652713,57.74620509147644
1780876626.0924492,-1.1366252969433026,3.615861265276076,0.47330315343603707,57.78573775291443
1780876626.1338997,-1.1424552881720516,3.6023564532400774,0.47530019853007727,57.82718825340271
1780876626.1634705,-1.21814125978027,3.4862648051833265,0.4946230462695746,57.8567590713501
1780876626.2013958,-1.151077307710029,3.570769844429121,0.4805168507272948,57.89468431472778
1780876626.234318,-1.082968084827448,3.557542962434483,0.4605274139613623,57.9276065826416
1780876626.2719755,-1.1055085504668514,3.589013841452224,0.4651997076380373,57.965264081954956
1780876626.3079965,-1.1434744314093588,3.5734790936587535,0.4752146797005189,58.00128507614136
1780876626.344556,-1.1656474534329566,3.55426247008141,0.481503224945774,58.03784465789795
1780876626.376216,-1.1383728295785214,3.570739087577443,0.4732649930956218,58.069504499435425
1780876626.4144056,-1.1613911802345245,3.5604830150498015,0.4792282553423341,58.107694149017334
1780876626.4485276,-1.1549785092117024,3.5620503509404924,0.4771614313093333,58.14181613922119
1780876626.484025,-1.0873150709704593,3.5363959821199553,0.45838228891271343,58.177313566207886
1780876626.525154,-1.2191770794239463,3.351650010568127,0.49200579513680437,58.21844267845154
1780876626.5598326,-1.2316808837416455,3.3451914265422547,0.49591493486659605,58.25312113761902
1780876626.5932438,-1.1270550051447352,3.5387982055886873,0.47024093469130374,58.286532402038574
1780876626.6290765,-1.1267221000314518,3.5289361176216465,0.4704004624049233,58.322365045547485
1780876626.6650584,-1.14866743529759,3.514104152943255,0.47653825525776766,58.358346939086914
1780876626.7112737,-1.1412559604121841,3.5110469188974407,0.47462870975519456,58.40456223487854
1780876626.74246,-1.1584556669079202,3.507496642172585,0.47893425462212996,58.43574857711792
1780876626.7734146,-1.1712871786262253,3.502915312391866,0.482108128022274,58.46670317649841
1780876626.81933,-1.0833063511282859,3.5187259798668133,0.4582890898004488,58.51261854171753
1780876626.8537884,-1.0823261297550606,3.454630889212112,0.4560043190689945,58.5470769405365
1780876626.8881683,-1.0532868601113599,3.4320646809942077,0.4447761443050574,58.581456899642944
1780876626.9215415,-1.069991435368018,3.377451434080129,0.4468041706828261,58.614830017089844
1780876626.960878,-1.083782706287963,3.431543045715747,0.45606229421386646,58.65416646003723
1780876626.994376,-1.1292690442363698,3.479499184822115,0.47114245909590297,58.68766450881958
1780876627.0351124,-1.1309221125136921,3.475633755402409,0.47165882250579727,58.72840094566345
1780876627.0667427,-1.122051576279237,3.473742442905259,0.4692441941166118,58.76003122329712
1780876627.1016152,-1.1225957092101435,3.4813021382026013,0.4687082666863103,58.79490375518799
1780876627.1431894,-1.1486269993969151,3.4611722572741628,0.4763942154091681,58.83647799491882
1780876627.1788342,-1.1271410358329659,3.4521064315061594,0.47076571453020216,58.8721227645874
1780876627.2216713,-1.0628909483048483,3.46764256276217,0.4535118709161793,58.91495990753174
1780876627.2579398,-1.0642252716067124,3.466855921559599,0.45372972115449156,58.95122838020325
1780876627.2906551,-1.0703840874114228,3.459835772463708,0.4555916978070045,58.983943700790405
1780876627.3274033,-1.0946676077352393,3.4445543041027387,0.4624347757657673,59.020691871643066
1780876627.3653803,-1.120487338178753,3.4239545889102443,0.4700551761312996,59.05866885185242
1780876627.3981953,-1.081911240304205,3.445154443472447,0.45876202289358137,59.09148383140564
1780876627.4330943,-1.0741564519801494,3.4362718491474995,0.4570143264127831,59.12638282775879
1780876627.4714925,-1.0528160484407214,3.4239259069071792,0.4518024834325165,59.16478109359741
1780876627.5068872,-1.15233143674475,3.312398174655871,0.4813520947969672,59.200175762176514
1780876627.5461972,-1.1507278417895177,3.3853361628823753,0.4775435734641214,59.23948574066162
1780876627.5779417,-1.1483123505726707,3.3959407569589923,0.47786529246207726,59.27123022079468
1780876627.619958,-1.0898495002097621,3.3947664901746624,0.46205685810273717,59.31324648857117
1780876627.6551797,-1.0187681944319893,3.4149772758899344,0.44163019706775825,59.34846830368042
1780876627.6894338,-1.0403701968824088,3.4128456112087755,0.4482792700227295,59.3827223777771
1780876627.7223659,-1.0218928333765176,3.417921398453373,0.44370875069629867,59.41565442085266
1780876627.7581182,-1.0384248099674784,3.402946908672192,0.4481071649083051,59.451406717300415
1780876627.8032496,-1.0740052988573714,3.384822533493461,0.45821641083937575,59.496538162231445
1780876627.8387816,-1.0699347164835404,3.382621058232365,0.4571226677209999,59.53207015991211
1780876627.8757427,-1.0731267695201918,3.373543312492406,0.4584257056213025,59.56903123855591
1780876627.9095063,-1.0703836721660323,3.3719583621487277,0.4577977339098609,59.602794885635376
1780876627.9437451,-1.0402801714026069,3.3834011988531056,0.44905385657026536,59.63703370094299
1780876627.9881158,-1.0383935371665243,3.3621393134730293,0.4469885021184762,59.68140435218811
1780876628.0221865,-1.0296006565266036,3.3854939173825853,0.4459474163223862,59.71547508239746
1780876628.05515,-1.071647141692752,3.2440793304604774,0.4500572873517213,59.748438596725464
1780876628.086624,-1.0600674565684298,3.2007206184248993,0.44465195493542553,59.77991247177124
1780876628.1285002,-1.1087564416882447,3.2707669885720465,0.47070682108326495,59.8217887878418
1780876628.1630816,-1.1331139666875854,3.213879763299798,0.4742062505788563,59.85637021064758
1780876628.1991506,-1.1534076310191583,3.193499233245639,0.48073521388892726,59.892439126968384
1780876628.2365103,-1.1433572879493974,3.307929112941815,0.48960130238141325,59.92979884147644
1780876628.2661605,-1.044290122345754,3.408874854412636,0.46553295024449975,59.95944905281067
1780876628.3174424,-1.037653174356583,3.3200932063116566,0.4484378058079495,60.01073098182678
1780876628.3437424,-1.0259335391469973,3.3310988666303754,0.4464165547902295,60.037030935287476
1780876628.37618,-1.0187973929906826,3.3317156217772945,0.4445557451487699,60.06946849822998
1780876628.4140787,-1.0131443468562007,3.3256768363339058,0.44280406756760976,60.107367277145386
1780876628.455374,-1.0307576648927377,3.2944394330009468,0.4479991510487237,60.14866256713867
1780876628.4907837,-1.0586980085847948,3.2446227023786482,0.4558721819686803,60.18407225608826
1780876628.5223396,-1.0479369788406974,3.22849380978304,0.4496067201590019,60.215628147125244
1780876628.5603855,-1.0340338468302361,3.2984828899148546,0.4504811078993569,60.253674030303955
1780876628.5976179,-1.0360190316390387,3.2928202646159184,0.4511846972517123,60.29090642929077
1780876628.6317832,-1.02800071717563,3.29132793322411,0.4487480662219039,60.325071811676025
1780876628.6745825,-1.0340483755741499,3.2351198514434762,0.4507040679861748,60.367871046066284
1780876628.7107937,-1.1330213253278085,3.1803904831980616,0.48598411099888406,60.40408229827881
1780876628.7448547,-1.1358976134135128,3.0959355249207166,0.47898701515657927,60.438143253326416
1780876628.780677,-1.0171293505953944,3.2027400681087803,0.44492162108949496,60.473965644836426
1780876628.8192403,-0.9677878165830749,3.2232766185114143,0.4284868426472156,60.51252889633179
1780876628.8540595,-0.974614616640903,3.2148959161939343,0.43105116558767986,60.54734802246094
1780876628.8975332,-1.022575625066691,3.175069161187153,0.4461933048048325,60.590821743011475
1780876628.9268007,-1.086413239301315,3.1337827902965594,0.466573538714164,60.620089292526245
1780876628.9631708,-1.1020783502316363,3.101424680291997,0.47074507945829686,60.65645933151245
1780876628.996103,-1.0349793503168567,3.146432739915438,0.45064914146602625,60.68939161300659
1780876629.0394921,-1.0251155021343927,3.143848511688371,0.4488475972290997,60.73278069496155
1780876629.0725913,-1.0129095395057282,3.143596499568951,0.44524795279664975,60.76587986946106
1780876629.1108496,-1.0568818237584656,3.2705623356001223,0.4765524620926848,60.80413818359375
1780876629.149286,-1.0687274237003634,3.055015314105738,0.46000402567856985,60.84257459640503
1780876629.18599,-1.0622255777794636,3.170650788329219,0.4706682279814649,60.87927865982056
1780876629.2244897,-1.034538105913814,3.204752972784279,0.46708544563727256,60.9177782535553
1780876629.2632134,-1.0861636096266958,3.051634235445653,0.46843566134473674,60.956501960754395
1780876629.2959821,-1.097801842833491,3.0336068938695737,0.471794001147918,60.98927068710327
1780876629.3330364,-1.0429327520918195,3.0999340891404756,0.45633756833064526,61.0263249874115
1780876629.3679397,-1.0153054209478123,3.051547218886313,0.440394874131248,61.06122827529907
1780876629.4048812,-1.0114639360336164,3.095247148285047,0.4475955481085156,61.098169803619385
1780876629.4381397,-1.0676598966604796,3.0535864580098675,0.466696592949521,61.131428241729736
1780876629.4773104,-1.0366669639602077,3.2128758209558312,0.47422098124704115,61.17059898376465
1780876629.5168273,-1.05775763654843,3.086486865367297,0.46712903093688257,61.210115909576416
1780876629.558504,-1.0145381758542908,3.0737491728389905,0.4494759722612016,61.251792669296265
1780876629.583449,-1.009342474645086,3.0826173494612252,0.44822194388660314,61.276737451553345
1780876629.618753,-1.0179675538581452,3.074214121135153,0.4517482398565562,61.31204152107239
1780876629.659865,-1.0582344049603412,3.046982447043961,0.4673634053512461,61.353153467178345
1780876629.7069252,-1.048473050616396,3.0465493231779504,0.4658215950837939,61.40021371841431
1780876629.7304792,-1.0547344298106718,2.9952210510155264,0.4635299269276575,61.42376780509949
1780876629.7678258,-1.0581830327035102,3.0163607512654687,0.46774740516259855,61.46111440658569
1780876629.8029034,-1.0687634388815774,3.04188913164314,0.477057855123786,61.49619197845459
1780876629.851889,-1.0359140672093816,3.137393464323031,0.4768143291250438,61.5451774597168
1780876629.8812664,-1.0286330152363963,3.0160347562897583,0.46044733314585484,61.57455492019653
1780876629.9226053,-1.0461967389313878,2.9729200934972315,0.4620098928460159,61.615893840789795
1780876629.9575958,-1.0457263873935956,2.9764513844242817,0.4629336565793004,61.65088438987732
1780876630.0028408,-0.9940286445238694,3.0862044506180784,0.456774505331962,61.696129322052
1780876630.035446,-1.0141620229307604,3.0889640362944486,0.4677014815109998,61.728734493255615
1780876630.0721362,-1.044551035227917,2.994818014229119,0.4684118886904458,61.765424728393555
1780876630.1037815,-1.0456251240230774,3.0082921212863267,0.4709907203024337,61.797070026397705
1780876630.1391184,-0.9998947371636016,3.119343275330132,0.4702114803802979,61.832406997680664
1780876630.1782026,-0.9544607936179403,3.0827813079279345,0.44767553562032547,61.87149119377136
1780876630.2130222,-1.0073382119991192,3.0325749216020252,0.46279341089947323,61.90631079673767
1780876630.2547758,-0.9964386051233645,3.0926660742973793,0.46699560360304404,61.94806432723999
1780876630.2875,-0.9872385228474514,3.1084402791709143,0.4670769233115593,61.980788469314575
1780876630.33001,-0.9873088533947421,3.0570270300091757,0.4606901203246181,62.023298501968384
1780876630.3621285,-1.0176065925007933,2.983661774347347,0.46443941797558397,62.05541706085205
1780876630.402789,-1.008257803291291,3.0576888894585172,0.4718621535625619,62.09607768058777
1780876630.4365056,-1.0125644351766976,2.99348772942939,0.464060942747431,62.129794120788574
1780876630.4712164,-0.9280372994233501,3.1269236419443835,0.44756688797214583,62.16450500488281
1780876630.5069485,-0.9191132572324574,3.126852222110706,0.4451576282488097,62.20023703575134
1780876630.5412848,-0.9497403006043441,3.102693385014934,0.456492316330558,62.23457336425781
1780876630.5791142,-0.9603647708529731,3.0570783221793807,0.45712747491559313,62.2724027633667
1780876630.617525,-0.9673366606533529,3.0724990887479158,0.4636451220022838,62.310813665390015
1780876630.6526687,-0.9926262142675808,3.044007287454491,0.47289050426962814,62.34595727920532
1780876630.7030966,-1.0036343006876067,2.9315272982164515,0.4641441352231191,62.396385192871094
1780876630.7255247,-1.0001118411100927,2.9454251844656465,0.46734618110216164,62.41881322860718
1780876630.7624195,-0.9833629214498654,3.022461719918873,0.47277554650804066,62.455708026885986
1780876630.7954314,-0.9409126625203221,3.050091217358383,0.4590347479171232,62.48871994018555
1780876630.8311684,-0.9442763994429124,3.0430482084220523,0.4604704597092155,62.52445697784424
1780876630.864128,-0.9537428620424697,3.0337765217078796,0.46371099064235227,62.557416677474976
1780876630.9058957,-0.9653644077292982,3.000911167792033,0.46453012262631616,62.59918427467346
1780876630.9369376,-0.9227928801424548,3.048520277374908,0.45418217543977807,62.630226135253906
1780876630.972209,-0.9045260734557656,3.0593677195740376,0.4482863498479584,62.66549754142761
1780876631.009263,-0.9036043919759333,3.0510188011033375,0.4488794261972839,62.70255160331726
1780876631.048318,-0.9272233681966422,3.0356986101984864,0.4560141631396414,62.74160647392273
1780876631.090308,-0.9567247932981018,2.979671164796155,0.46388456588576743,62.78359651565552
1780876631.1240418,-0.9606312765754201,2.9793530143714317,0.47089712231654524,62.8173303604126
1780876631.1574278,-0.959578576285844,2.9871753700107924,0.469287856348845,62.85071635246277
1780876631.192699,-0.930196880355808,2.9953032577168384,0.46115469716550717,62.885987520217896
1780876631.2272503,-0.8968973737194978,3.0126210727632734,0.45079209288946626,62.920538902282715
1780876631.2613213,-0.8991446347307215,3.013082903910545,0.45094896572137555,62.954609870910645
1780876631.3026092,-0.907042697572567,3.0054944332299702,0.4535665054719638,62.99589776992798
1780876631.3460925,-0.9084426090631648,3.0013698529898045,0.454184735652951,63.03938102722168
1780876631.3742568,-0.9107800897985325,2.9921649355903406,0.45565822851291854,63.06754541397095
1780876631.4141698,-0.9120756157842314,2.975903532841458,0.4578218908928466,63.1074583530426
1780876631.4543529,-0.9119350410680613,2.978027118777683,0.4572457826341022,63.14764142036438
1780876631.47968,-0.9071957847991632,2.978316043860905,0.4559169982797988,63.17296862602234
1780876631.5152528,-0.9023975245745193,2.9641860544199203,0.456646044856898,63.20854139328003
1780876631.5500586,-0.9025646680028365,2.9548249642904407,0.45758229121861616,63.24334716796875
1780876631.5876935,-0.9040833338622876,2.9548965691728073,0.4576237834840413,63.28098201751709
1780876631.6243272,-0.8758785893199486,2.968327236624523,0.4486763598928778,63.31761574745178
1780876631.6585727,-0.8870788798470339,2.9531601359306148,0.453074259678054,63.351861238479614
1780876631.6943285,-0.9074282625056813,2.935808043140888,0.4600015958858757,63.387617111206055
1780876631.7351444,-0.8956487775297435,2.9301851376507506,0.4578014185299831,63.42843294143677
1780876631.7745109,-0.8795507826839248,2.9424634810570542,0.45205711688304356,63.46779942512512
1780876631.8053248,-0.8822579497799565,2.9308721819802477,0.4540044167088525,63.498613357543945
1780876631.8453016,-0.8745741686301045,2.935588009541346,0.45110517567720587,63.5385901927948
1780876631.8799958,-0.8915246268733883,2.923127546475592,0.4565432150089491,63.5732843875885
1780876631.9189188,-0.9014207914186456,2.921571690352623,0.45884980149557586,63.61220741271973
1780876631.951267,-0.8958159044187155,2.9160303194428145,0.458042163711178,63.64455556869507
1780876631.986974,-0.8786807001020407,2.91864189937979,0.4533773920572257,63.68026256561279
1780876632.0213575,-0.8294166163148632,2.920777231178119,0.4351672042010993,63.714646100997925
1780876632.060346,-0.828147246043606,2.9070595618650286,0.4366436550635382,63.753634452819824
1780876632.0923846,-0.8630208848111884,2.8975805868310296,0.4516309551475635,63.78567314147949
1780876632.1276312,-0.8786311118830796,2.8853751047531406,0.4566900599772242,63.82091975212097
1780876632.1660006,-0.8775837106655553,2.8753527236341787,0.45749623932517497,63.85928916931152
1780876632.2052562,-0.8687743626263882,2.874552318323478,0.45522796228789875,63.898544788360596
1780876632.2383795,-0.8532233328349821,2.8834517719842956,0.45001832086824517,63.9316680431366
1780876632.2774699,-0.8625283740575567,2.8793975554736075,0.45250498859848826,63.97075843811035
1780876632.3149993,-0.8673038173672396,2.872162616142554,0.4543918771053055,64.00828790664673
1780876632.3505886,-0.8597839368812603,2.879933599761882,0.45118555059988125,64.04387712478638
1780876632.3840597,-0.836220256266546,2.8886107100202896,0.44373991123787165,64.07734823226929
1780876632.4174943,-0.8292593271293954,2.8854987016004983,0.4420708560130069,64.1107828617096
1780876632.4559996,-0.829257581781386,2.878265492823375,0.4429238684843607,64.14928817749023
1780876632.492843,-0.8352662824068746,2.868522946749241,0.44552728374038514,64.18613147735596
1780876632.5262134,-0.815897873751427,2.873216480318621,0.43754050359455304,64.21950197219849
1780876632.5660696,-0.8275106124173293,2.858225647867081,0.4438392817926673,64.25935816764832
1780876632.6011481,-0.8452265566499169,2.8440969686397284,0.45042356820467383,64.29443669319153
1780876632.6398253,-0.856352956574296,2.824857201395352,0.45554911938231724,64.3331139087677
1780876632.671375,-0.8599467496924673,2.818877499349388,0.45705879390284926,64.36466360092163
1780876632.7066948,-0.8467639594297074,2.8183193645547,0.4537112602582892,64.3999834060669
1780876632.7469292,-0.8217919279771377,2.8259057114694826,0.4460949166545466,64.44021773338318
1780876632.78354,-0.8113367907764585,2.8215281283103626,0.4427802746496761,64.47682857513428
1780876632.8225243,-0.8253433953857899,2.811197289996321,0.4483499200806543,64.51581287384033
1780876632.8540113,-0.8416709410467704,2.802882062882471,0.45326958140813606,64.54729986190796
1780876632.8872142,-0.8274742073035186,2.805199177906621,0.4490780761384901,64.58050274848938
1780876632.925125,-0.8133448142304514,2.8090106935133803,0.44486712645640825,64.61841344833374
1780876632.9617372,-0.814323511612614,2.7993637046922615,0.4461754722485759,64.65502572059631
1780876632.9997356,-0.8253762369906805,2.787605932325906,0.4502413110005209,64.69302415847778
1780876633.0379636,-0.844412841436657,2.771517709557544,0.4569576320567615,64.73125219345093
1780876633.0683553,-0.849466165741581,2.766442223383949,0.45854525890473846,64.76164388656616
1780876633.1075475,-0.8004331287209823,2.7936021435691387,0.4421706374235396,64.8008360862732
1780876633.148242,-0.783366885277573,2.7966698203036,0.43704975265886514,64.84153056144714
1780876633.1934514,-0.7990406901419758,2.7828643220194778,0.4426843557188423,64.88673996925354
1780876633.2193177,-0.8119201450078464,2.7728814342152233,0.447082869178366,64.91260623931885
1780876633.26182,-0.8145315221001383,2.7678615176771806,0.44807550115694345,64.95510864257812
1780876633.2906373,-0.8128474877924559,2.762379218316743,0.4480381628079565,64.98392581939697
1780876633.336799,-0.8052720955330759,2.7613495886990966,0.4459645498545299,65.0300874710083
1780876633.3611004,-0.8033326139459889,2.7596137272189125,0.44548601359116274,65.05438899993896
1780876633.4100723,-0.8039379019715709,2.7576441071256004,0.44571051522497646,65.10336089134216
1780876633.4430978,-0.8062661257137205,2.7558762955828837,0.446111172579724,65.13638639450073
1780876633.4739168,-0.773043674133501,2.7720899411367195,0.4349344727044478,65.16720533370972
1780876633.5131044,-0.7851026166905097,2.7578355571915587,0.43964211357795546,65.20639300346375
1780876633.5501711,-0.7895963130760559,2.748678082891842,0.44186029688904993,65.24345970153809
1780876633.5862556,-0.7880429366861637,2.7421575178726756,0.4422184282712139,65.27954411506653
1780876633.6270397,-0.7806425158590522,2.742161728020688,0.43995009273692876,65.32032823562622
1780876633.66175,-0.7842843141232823,2.7340714751732413,0.44170078064044266,65.3550386428833
1780876633.697354,-0.7993074675674847,2.715234762296515,0.44784159425830905,65.39064264297485
1780876633.73425,-0.8115661338983959,2.7037498574469376,0.4523942374631245,65.42753863334656
1780876633.767149,-0.7979404048164307,2.7130392568982464,0.4473217272108788,65.46043753623962
1780876633.8097706,-0.7751788321034883,2.7209453445137886,0.4400615498233288,65.50305914878845
1780876633.844529,-0.738277518661647,2.7351521084406225,0.4271672902701417,65.53781747817993
1780876633.8987272,-0.7649504770267681,2.7225627807464545,0.4362109300180946,65.59201574325562
1780876633.9242775,-0.7815581521992107,2.7093381866071136,0.44212069840816554,65.61756610870361
1780876633.9597242,-0.773700531781616,2.712013810256599,0.43933102690025116,65.65301275253296
1780876633.9977632,-0.7619104679263348,2.7131268303822886,0.43586314119282643,65.69105172157288
1780876634.040775,-0.7622909177107977,2.707695952024599,0.43640202836610925,65.7340636253357
1780876634.0663989,-0.7693427390718721,2.6975931357400627,0.43943510843788236,65.75968742370605
1780876634.1021938,-0.7906380881893447,2.677631433807613,0.4475362140967252,65.79548239707947
1780876634.1424484,-0.7575753383000076,2.6927511857690827,0.4363770298170082,65.83573698997498
1780876634.177802,-0.7396570284881303,2.697965539599927,0.4305400380511524,65.87109065055847
1780876634.2125523,-0.7410603322100874,2.6923984655861504,0.4314781518003657,65.90584087371826
1780876634.2490754,-0.7487254340251456,2.6824620577594604,0.4346799058618181,65.94236397743225
1780876634.2863295,-0.7520643236729961,2.6824135829762055,0.43514636568577014,65.97961807250977
1780876634.3254526,-0.7579549879950092,2.6734261967593915,0.4375662651093643,66.01874113082886
1780876634.3584552,-0.7538074207982768,2.668361725724548,0.436966823987177,66.05174374580383
1780876634.4036722,-0.7589967189746334,2.6608817669568365,0.43900642961679687,66.09696078300476
1780876634.4301288,-0.7671447000768369,2.6546753812891994,0.4417695627593051,66.12341737747192
1780876634.4645107,-0.7546853696891318,2.657138424881608,0.4378392679082542,66.157799243927
1780876634.5022016,-0.7242630130471135,2.6759812386895376,0.4265604507725687,66.19549012184143
1780876634.5379221,-0.7326685175401015,2.664117764624381,0.4301617353034994,66.23121070861816
1780876634.5758696,-0.7445832445987105,2.6513295303820796,0.4348991870779555,66.2691581249237
1780876634.6108668,-0.7322359923799704,2.6544791749666365,0.4308945246691737,66.30415534973145
1780876634.648694,-0.7222362310557691,2.655557381249622,0.42778041039192033,66.34198260307312
1780876634.6848161,-0.7397956646720427,2.63625514892528,0.43483232343844624,66.37810468673706
1780876634.7170737,-0.75463131665833,2.6227805447595887,0.4403662173750386,66.41036224365234
1780876634.7568505,-0.7581846349964869,2.6168230564301593,0.4419144576808098,66.45013904571533
1780876634.7884681,-0.7426631192444049,2.6209712079532905,0.4368554888239453,66.4817566871643
1780876634.8292184,-0.7047056863423782,2.6462318907746085,0.4223916685797846,66.52250695228577
1780876634.8605952,-0.7175864496239152,2.6335596656526215,0.42755291969373055,66.55388379096985
1780876634.897837,-0.7332304272062337,2.617524163094261,0.4337763793075802,66.59112548828125
1780876634.940808,-0.7261428387758957,2.6186859111542917,0.43134450868430313,66.63409662246704
1780876634.973187,-0.7151742438393242,2.6232936635135786,0.4273603326387828,66.66647553443909
1780876635.0160782,-0.7118741900462967,2.616660945858983,0.4260900685180848,66.70936679840088
1780876635.0540125,-0.7319270020617967,2.600699005235938,0.4345697402302764,66.74730110168457
1780876635.0846186,-0.7433337019528145,2.590851248937669,0.4386214357505732,66.77790713310242
1780876635.1247482,-0.6222704668826264,2.5550355107080622,0.3784867772291629,66.81803679466248
1780876635.165139,-0.6995948740635826,2.6097944529564976,0.4232604527253615,66.85842752456665
1780876635.1953335,-0.6701527633885005,2.5709575936141924,0.40487391960840924,66.88862204551697
1780876635.2323148,-0.6712330445057975,2.565684513879986,0.4056517950517018,66.92560338973999
1780876635.2691357,-0.6708687669113257,2.56167344503919,0.40583354504712726,66.96242427825928
1780876635.3052626,-0.6705937155822146,2.5583521682574206,0.4058869869706724,66.9985511302948
1780876635.3424475,-0.6713798343360706,2.55088470592027,0.40683414724523753,67.03573608398438
1780876635.3817372,-0.6759543675864421,2.5451107119248757,0.4087542469492778,67.07502579689026
1780876635.4166777,-0.6585046477666747,2.5520822888664263,0.40267271528214177,67.10996627807617
1780876635.453647,-0.6587859572253623,2.546078811448931,0.4030885381263604,67.14693546295166
1780876635.4969957,-0.6664463842019657,2.5366076260758406,0.40630550091017087,67.19028425216675
1780876635.533055,-0.6696400520995853,2.530185934135319,0.4077849218117746,67.22634363174438
1780876635.57103,-0.6649657015308742,2.526558765888255,0.4065300121933366,67.26431846618652
1780876635.6046267,-0.6578717632981576,2.5250390588803464,0.40432180860964284,67.29791522026062
1780876635.645183,-0.6621624414770046,2.5165433166755173,0.4062435915804195,67.33847165107727
1780876635.680269,-0.6671644195010824,2.509382920596975,0.4083046047549808,67.37355756759644
1780876635.7174428,-0.6640428927200732,2.5070602535784765,0.40735440335826406,67.4107313156128
1780876635.762659,-0.6377580799071896,2.515960653001481,0.39809893803564994,67.45594763755798
1780876635.7966752,-0.6345920654504654,2.513189801007994,0.3971715441932692,67.48996376991272
1780876635.8330033,-0.6452506264145532,2.5024030887103983,0.40124629731460937,67.526291847229
1780876635.865446,-0.6487023532482196,2.4960780348973373,0.4030101015831538,67.55873465538025
1780876635.8962705,-0.6418773643720748,2.4964023105931714,0.4007734799894413,67.58955907821655
1780876635.9324036,-0.6416889206863355,2.4926444856370775,0.4010369253689942,67.62569212913513
1780876635.9716501,-0.647756546837408,2.483642813584544,0.4039386294133069,67.6649386882782
1780876636.0153255,-0.6510600675198989,2.480057622182572,0.405230885269564,67.70861411094666
1780876636.04785,-0.6252085351111607,2.4914103885747023,0.39574598937459293,67.74113845825195
1780876636.0834007,-0.6192849260641371,2.49014489357523,0.3935438042388474,67.77668929100037
1780876636.1205623,-0.6205563097965283,2.482858853473563,0.39472028212545296,67.81385087966919
1780876636.1551995,-0.6231772114218411,2.4772376087683803,0.3959392625061518,67.84848809242249
1780876636.206409,-0.6274249964726275,2.4705798578726963,0.397739435399498,67.89969754219055
1780876636.2322335,-0.6281037741085742,2.466103649727389,0.3980274578232989,67.92552208900452
1780876636.2667675,-0.6283554323888795,2.460145628716292,0.39857936575983594,67.96005606651306
1780876636.3078735,-0.6280969049704888,2.454878366893256,0.3987419749397053,68.00116205215454
1780876636.3393369,-0.607046774658982,2.464557984461253,0.390854177127373,68.03262543678284
1780876636.377779,-0.6086917880122698,2.457773108766504,0.3917715728746496,68.07106757164001
1780876636.4135075,-0.6131289335725485,2.4486592299867187,0.3939792578510914,68.10679602622986
1780876636.4476917,-0.6111422151597242,2.4441951725356974,0.3937250387317252,68.14098024368286
1780876636.4822001,-0.6024767814758418,2.4438861422765594,0.39080182680795267,68.17548871040344
1780876636.5155554,-0.6022154758691922,2.4395989696116454,0.3909633795583391,68.20884394645691
1780876636.5512624,-0.6095056446322764,2.4302231480669194,0.39414732491186344,68.24455094337463
1780876636.5929532,-0.6101933544482987,2.4251254520465126,0.39488347548286584,68.28624176979065
1780876636.634874,-0.5900859245086447,2.4332994451367718,0.3874959013191813,68.3281626701355
1780876636.6736624,-0.5888004762912473,2.429050403487877,0.38733001709350884,68.36695098876953
1780876636.7096503,-0.5940559013275244,2.4249593543892276,0.38924973337334445,68.40293884277344
1780876636.7418656,-0.602272816490272,2.416183315892476,0.39275538438354846,68.43515419960022
1780876636.7805355,-0.5988087248918725,2.414555017753499,0.39184934078163625,68.47382402420044
1780876636.8149288,-0.598581186809224,2.4123436657697974,0.39194691099743056,68.50821733474731
1780876636.8523033,-0.6018804949243443,2.4070202410772747,0.39354090713847867,68.54559183120728
1780876636.8880541,-0.609484558171053,2.3982499515495808,0.39663369600350573,68.58134269714355
1780876636.9225874,-0.592901149013667,2.4057035124988584,0.3901486802516372,68.61587595939636
1780876636.9583395,-0.5931338128184129,2.4011194511945404,0.39056216209117267,68.65162801742554
1780876636.9953227,-0.5960303434696432,2.395125508864845,0.39194038175684665,68.68861126899719
1780876637.0282204,-0.5970150277280599,2.390553697347828,0.3926321676993489,68.72150897979736
1780876637.0663087,-0.595778722483443,2.3865162311916466,0.39255841977058836,68.75959730148315
1780876637.1045895,-0.6008036299118982,2.378198563077273,0.3950221647384724,68.79787802696228
1780876637.141317,-0.6048254574581272,2.371743824624957,0.3969352216026396,68.83460545539856
1780876637.173668,-0.6019025799736377,2.3699617634254553,0.3958181844189621,68.86695647239685
1780876637.20774,-0.5819250079466228,2.377169725862463,0.3882983434252458,68.90102863311768
1780876637.2452915,-0.5848875072449157,2.3710947724883726,0.3897520077340959,68.93858003616333
1780876637.2910376,-0.5862345961447953,2.3652245204174633,0.3906333213405186,68.98432612419128
1780876637.3197324,-0.5910508841758423,2.360571959808717,0.39283088346212547,69.01302099227905
1780876637.3603096,-0.590570173312302,2.3571468530460606,0.39309597539325397,69.05359816551208
1780876637.3883636,-0.5957617728497031,2.3500672353999983,0.3955520153162951,69.08165216445923
1780876637.425347,-0.6039509207575261,2.3436244163149715,0.3990811077002105,69.11863565444946
1780876637.460735,-0.601281596323992,2.3407819974290534,0.3984305722893115,69.15402364730835
1780876637.4979758,-0.5871867223602175,2.3448057233947663,0.3932330611818577,69.19126439094543
1780876637.5315492,-0.5850878394717265,2.341597852239343,0.39275298627936245,69.22483777999878
1780876637.5669549,-0.5907868222298343,2.3310039811746233,0.3952706862633106,69.26024341583252
1780876637.6091347,-0.5894956036066544,2.328429214723137,0.3947956713339306,69.30242323875427
1780876637.6473665,-0.5868550219419605,2.324050074010595,0.39432357170876026,69.34065508842468
1780876637.6912668,-0.5851414343172457,2.3192346848338277,0.39385952570898125,69.38455533981323
1780876637.722357,-0.5866362501535676,2.3131465907018294,0.3948641560998996,69.41564559936523
1780876637.7551286,-0.576161526127133,2.3120747453640735,0.390955574384659,69.44841718673706
1780876637.7904181,-0.572396356945224,2.309073715267767,0.38976523568639293,69.48370671272278
1780876637.825371,-0.5717176953249974,2.301491667223445,0.39000335499451283,69.5186595916748
1780876637.8649383,-0.5610331483767934,2.3018915761770025,0.386134404236942,69.55822682380676
1780876637.896704,-0.5502701770906269,2.302560731970423,0.38183736021222064,69.58999252319336
1780876637.9375966,-0.5526959823009359,2.2962598219509194,0.3832278670367845,69.63088512420654
1780876637.9702885,-0.5545200594677838,2.2908986844058954,0.38438416030426387,69.66357707977295
1780876638.0085833,-0.553867385639623,2.2887491312659485,0.38425333022481273,69.70187187194824
1780876638.0546162,-0.5289910802295631,2.2989016652323304,0.37448118038910044,69.74790477752686
1780876638.0811474,-0.5384169713958707,2.2891814313146344,0.3786614786023404,69.77443599700928
1780876638.1175632,-0.5414149766640569,2.2841012377953414,0.3801091626421796,69.81085181236267
1780876638.1549802,-0.5368558847305618,2.283880585931797,0.37844077112686375,69.84826874732971
1780876638.1920433,-0.5325644718120907,2.2848508893613966,0.37699070841230226,69.88533186912537
1780876638.228148,-0.540533045427547,2.2763004852431172,0.3805463841068999,69.92143654823303
1780876638.2613478,-0.5456619549328966,2.2684613163653053,0.3828722171839805,69.95463633537292
1780876638.3088574,-0.5381949458232025,2.270438227950703,0.379894928413196,70.0021460056305
1780876638.3325608,-0.5373533673072589,2.268958710709446,0.37974195071161887,70.02584934234619
1780876638.3719296,-0.5409294171632999,2.2620253042339495,0.38170360462174696,70.06521821022034
1780876638.413408,-0.5444493550353524,2.254200241158078,0.38351146779031253,70.10669660568237
1780876638.447702,-0.5431554231212841,2.249749081711781,0.3832579321724084,70.14099049568176
1780876638.4803526,-0.5416390390979952,2.246219308938545,0.38275815321784834,70.17364120483398
1780876638.518947,-0.5372928709628443,2.2428318678091737,0.3814181578625809,70.21223545074463
1780876638.5590649,-0.5345074520476631,2.2414177145757113,0.38041339578682076,70.25235342979431
1780876638.6020339,-0.5270121017226743,2.241589881810075,0.37750366116254613,70.29532241821289
1780876638.6338773,-0.5318807278512648,2.2362086194411988,0.37984697942250256,70.32716584205627
1780876638.683065,-0.5293592351874011,2.233254487090466,0.37917118817270784,70.37635350227356
1780876638.7101693,-0.5290846623927319,2.231883907731552,0.3792387015501469,70.40345788002014
1780876638.7458842,-0.5272419850206599,2.228607144165485,0.3785974182098237,70.43917274475098
1780876638.7803583,-0.529634184844944,2.2226807564239213,0.3800863511612757,70.47364687919617
1780876638.8134084,-0.5262527304613662,2.221541742992057,0.3788937173868623,70.50669693946838
1780876638.8504043,-0.5138655740778053,2.2255613983366898,0.3741321141194652,70.54369282722473
1780876638.884028,-0.5220107163372281,2.2165223764065587,0.3776028372694748,70.57731652259827
1780876638.9258864,-0.5246412968828146,2.2098409974286235,0.379034502775533,70.61917495727539
1780876638.9627645,-0.5234879417283683,2.2061645261322336,0.3788912769634714,70.65605306625366
1780876639.000837,-0.5170838833428821,2.2057480489533234,0.37631338337847897,70.69412565231323
1780876639.032091,-0.5170946832185772,2.1995260061046653,0.37685635301032316,70.7253794670105
1780876639.071587,-0.5169006544276985,2.1938179285253323,0.3772260053571239,70.76487565040588
1780876639.1065576,-0.5081465414578272,2.195158135788237,0.3737164171825864,70.79984617233276
1780876639.1423476,-0.5022836163887583,2.194039976408152,0.3715445910879686,70.83563613891602
1780876639.178536,-0.49925767202088095,2.192361812617615,0.3705070265624239,70.87182450294495
1780876639.2153122,-0.5035230362585166,2.185968802390512,0.37247023554355063,70.90860080718994
1780876639.2545235,-0.5023427044421689,2.1794230730716997,0.37284428893292687,70.9478120803833
1780876639.2878077,-0.5072336260197559,2.1736184565096663,0.37524596932995663,70.9810962677002
1780876639.322569,-0.5043064379975571,2.173144736645056,0.3741808928153269,71.01585745811462
1780876639.358447,-0.5010830714260859,2.1715717077502985,0.3730386476252162,71.05173563957214
1780876639.3977647,-0.5028036831574935,2.1675189235870826,0.37394009975252596,71.09105324745178
1780876639.4286132,-0.5020333039722996,2.164128710526369,0.3739952116844861,71.12190175056458
1780876639.464341,-0.49603456740885116,2.1660224397940904,0.37165901289910974,71.15762948989868
1780876639.500355,-0.5002225909397792,2.160621976624787,0.37329500823022843,71.19364356994629
1780876639.5362015,-0.5059244291677686,2.1524618087930687,0.37624643684964326,71.22949004173279
1780876639.5717857,-0.5034145155972052,2.1489676112904594,0.3755518655262612,71.26507425308228
1780876639.605785,-0.4938944164977986,2.1511013734956412,0.3717276171855363,71.2990734577179
1780876639.6517682,-0.4951028113537163,2.1475210368268103,0.3723764975205448,71.34505677223206
1780876639.678232,-0.4966187109054258,2.140998042482273,0.37341094587216117,71.37152051925659
1780876639.7105064,-0.49218225372202246,2.138911156102711,0.37174027106231905,71.40379500389099
1780876639.7469642,-0.48880759317960676,2.1380240666807913,0.37035170040239695,71.4402527809143
1780876639.7849514,-0.4877007834654837,2.1342870804519642,0.37031658016033026,71.47824001312256
1780876639.8190546,-0.49362075443787107,2.1274692400639093,0.3732043976681765,71.51234316825867
1780876639.8595698,-0.4914049785493604,2.1240791036619227,0.372672326904211,71.55285835266113
1780876639.8959455,-0.4917003474581057,2.121843225453822,0.3729529599297537,71.58923411369324
1780876639.9305093,-0.4919769354115543,2.1176625861094607,0.3734964208236579,71.62379789352417
1780876639.9658873,-0.4944128776328284,2.113336938799133,0.3747594251481281,71.65917587280273
1780876640.0035582,-0.49838013136085735,2.107999720787414,0.37687284168324775,71.69684672355652
1780876640.0398617,-0.49542303310208524,2.1059012854070787,0.37589246342825794,71.73315024375916
1780876640.0781932,-0.4919713228398902,2.105399731592291,0.3744219272494382,71.77148175239563
1780876640.1182032,-0.49648578873528526,2.0988308683536268,0.37653304055285053,71.81149172782898
1780876640.1537514,-0.4978526329242028,2.0930775844626703,0.37775459052222765,71.84703993797302
1780876640.1890779,-0.4954937532039335,2.0898651393764855,0.3770527057550555,71.8823664188385
1780876640.2264922,-0.4902210779959745,2.087917278247934,0.37504448681456803,71.91978073120117
1780876640.2613378,-0.48964075330967416,2.0831643043485064,0.3750809187616524,71.9546263217926
1780876640.3092608,-0.485213144923295,2.0803288530768858,0.37337031423092976,72.00254940986633
1780876640.3332934,-0.4761506340146274,2.078898384356267,0.3699423773826876,72.02658200263977
1780876640.3692217,-0.4659122133082815,2.078741741241273,0.36593056763612736,72.0625102519989
1780876640.410183,-0.4700688843814642,2.072406755507969,0.36745214919757974,72.10347151756287
1780876640.4466996,-0.46402983598398395,2.070482636193402,0.36516208027087876,72.13998818397522
1780876640.4850397,-0.46022547882188436,2.0679416268288797,0.3640210657309684,72.17832827568054
1780876640.518701,-0.46008234119488867,2.065958553943723,0.364004852301011,72.21198964118958
1780876640.551595,-0.46133656130180556,2.061265177607709,0.3649013643937461,72.24488353729248
1780876640.588269,-0.45815218690347076,2.0600175914388816,0.36381393281445906,72.28155755996704
1780876640.626108,-0.4570461854055847,2.0570897289178918,0.3637678340669558,72.31939649581909
1780876640.6603742,-0.45702240649142545,2.0567514667633624,0.363630450146886,72.3536627292633
1780876640.694404,-0.4630483675356253,2.048536764131173,0.366588588915747,72.38769245147705
1780876640.7313557,-0.4664804732595541,2.041770676524729,0.3686429003382897,72.42464423179626
1780876640.7693732,-0.4625621343401012,2.0398712972415103,0.3672685562360474,72.46266174316406
1780876640.8053942,-0.45868303836485047,2.0385826718649263,0.3657707699815597,72.49868273735046
1780876640.8440309,-0.4573144632979048,2.033595468328442,0.36576043750432863,72.53731942176819
1780876640.8798285,-0.45913793462355945,2.0299983690811283,0.366550524541686,72.57311701774597
1780876640.913806,-0.45212444260301243,2.029313581128907,0.36401838428128586,72.6070945262909
1780876640.9485235,-0.45522969478118747,2.023376698631032,0.36553910796980776,72.64181208610535
1780876640.9883761,-0.4574702075988348,2.019233009840385,0.3664352688969024,72.68166470527649
1780876641.0262816,-0.4522645520499017,2.015950246983128,0.3648697454032323,72.71957015991211
1780876641.0604074,-0.44721950992237947,2.0141898444145787,0.3632028452668215,72.75369596481323
1780876641.1000702,-0.4512756447556044,2.0095658714307536,0.36506868039264573,72.79335880279541
1780876641.1396258,-0.45186169107032914,2.0063393686346913,0.3656032068055905,72.83291435241699
1780876641.1724024,-0.4522647192207919,2.0015471240758402,0.36646217316479957,72.86569094657898
1780876641.2065992,-0.450169525093448,1.9989381931114947,0.3660205039257938,72.89988780021667
1780876641.2463136,-0.4574423293725788,1.991453400837874,0.3693954513379477,72.93960213661194
1780876641.2779953,-0.4548796811374727,1.987405037036301,0.3687474919709243,72.97128391265869
1780876641.3163729,-0.4373221125208534,1.9881473330249917,0.3612012539049362,73.00966143608093
1780876641.351322,-0.44281794245441186,1.9811949045450028,0.3642888187897897,73.0446105003357
1780876641.3873968,-0.44456102154148947,1.9746501426428185,0.3655852505037078,73.08068537712097
1780876641.42415,-0.44541637258674777,1.9721940813564756,0.36615335304244623,73.1174385547638
1780876641.458926,-0.4424756713560891,1.9682809197770474,0.3655136560623105,73.15221452713013
1780876641.4970262,-0.4406036011115275,1.9666040654894814,0.3644643701260403,73.19031476974487
1780876641.5323017,-0.43895556223948645,1.9616865796244816,0.3641571216548942,73.22559022903442
1780876641.5647647,-0.4329131781052831,1.9604041738544218,0.3617397696231158,73.25805330276489
1780876641.6028252,-0.42687996661358174,1.9591983143152985,0.3592869679066761,73.29611372947693
1780876641.640113,-0.42499850520616733,1.9544721974145036,0.3585431402481096,73.33340167999268
1780876641.6923401,-0.4189841587105255,1.9518749733104637,0.3562248974793491,73.38562870025635
1780876641.7171183,-0.4057725228126586,1.9559236252918586,0.3502800780817181,73.41040682792664
1780876641.7528956,-0.4062406816290932,1.9543433031887543,0.35047966847688883,73.4461841583252
1780876641.790099,-0.41332579509656603,1.9459037964308992,0.3541118713443932,73.48338747024536
1780876641.8288693,-0.4073979992442105,1.945169978576296,0.35180141667707193,73.52215790748596
1780876641.8641617,-0.40830083085348706,1.941245810444778,0.3527788550439857,73.55745029449463
1780876641.8959935,-0.41550497257598396,1.9356178946419862,0.3562053625668771,73.58928203582764
1780876641.9351134,-0.41532444551787095,1.9316498073849577,0.35669281440144585,73.6284019947052
1780876641.976796,-0.41838530024804305,1.9256124230826388,0.35862727081378043,73.67008447647095
1780876642.008867,-0.41668711458841606,1.9250545100299918,0.3577397871427554,73.70215559005737
1780876642.0437467,-0.4160321739798608,1.9199518225616943,0.3580257103403171,73.73703527450562
1780876642.092134,-0.42074316851598215,1.9120117533612133,0.36075598886634713,73.78542256355286
1780876642.1189513,-0.41508820464962237,1.911132737725927,0.35843456835052784,73.8122398853302
1780876642.1554136,-0.40917479929218825,1.9108907944728828,0.3558303330643985,73.84870219230652
1780876642.191901,-0.4163139848144001,1.9020042438280065,0.35961245821003335,73.88518953323364
1780876642.230546,-0.412390609176972,1.8988500878820864,0.3582412936100745,73.92383456230164
1780876642.2665136,-0.40509937159478815,1.8970323594733973,0.3553900349188952,73.95980215072632
1780876642.300924,-0.409848652422796,1.8897457158594706,0.3577931088116934,73.99421262741089
1780876642.3390312,-0.40682503626833416,1.8876986443493096,0.35639846993672986,74.03231978416443
1780876642.3771923,-0.40023212865728797,1.8859372615230636,0.3541154313639034,74.07048082351685
1780876642.4210825,-0.4025212196962577,1.8825579881880756,0.35533418772247893,74.11437106132507
1780876642.444772,-0.40227429590551955,1.8788620285963062,0.3555105971415624,74.13806056976318
1780876642.4836447,-0.39952198034703135,1.8751261136911526,0.3549123319676784,74.17693328857422
1780876642.5192127,-0.39743311032377826,1.8729518889208754,0.35445184550184256,74.21250128746033
1780876642.5504086,-0.4007276951728198,1.8700765271773383,0.3557930636338864,74.24369716644287
1780876642.5984924,-0.40064275548800016,1.8648683742279688,0.356257171203047,74.29178094863892
1780876642.62458,-0.3999347703512446,1.8599738818493874,0.35653518734310397,74.31786847114563
1780876642.660725,-0.3973794276757061,1.8583594809112405,0.35558362042883623,74.35401368141174
1780876642.7005124,-0.40013794382928736,1.851063492575938,0.357366976533188,74.39380097389221
1780876642.7344453,-0.39746849378884375,1.8477916260620049,0.35658637071171523,74.42773389816284
1780876642.7685368,-0.3891721605422457,1.8477935952551041,0.35303493346561327,74.46182537078857
1780876642.8135562,-0.39523158572918754,1.842463253469527,0.35569474250480226,74.50684475898743
1780876642.8530493,-0.39469139920081386,1.8380348434789375,0.3559718321276142,74.54633784294128
1780876642.885713,-0.3913738082887992,1.8359872609186731,0.35485740891930745,74.57900166511536
1780876642.934727,-0.3922154386586574,1.830645059352987,0.3555246717727858,74.62801551818848
1780876642.963923,-0.390432694057138,1.82611782837947,0.355045000432123,74.65721154212952
1780876643.0047982,-0.3828194877775566,1.8273679514932026,0.3515442054718212,74.69808673858643
1780876643.043384,-0.38000181578812253,1.8248110876356134,0.35052231209550055,74.7366726398468
1780876643.0846868,-0.38495281178289475,1.819646041231172,0.35310109052339705,74.77797532081604
1780876643.1156561,-0.3834005693177513,1.8158505035438774,0.3528322203042299,74.80894470214844
1780876643.1531281,-0.3828561820380386,1.8112098960156384,0.35329654870896376,74.84641671180725
1780876643.1898916,-0.38250372762175455,1.8097606812587848,0.3530484133120627,74.88318014144897
1780876643.2290444,-0.38096513675965366,1.8057911018345298,0.3525509641148996,74.92233300209045
1780876643.2623212,-0.37907766687000255,1.8026686177859481,0.3520851510628926,74.9556097984314
1780876643.3013682,-0.3740647819419311,1.8013160677366375,0.35003098898977403,74.99465680122375
1780876643.3321486,-0.3712659426693091,1.7956644129989554,0.3489437827284796,75.02543711662292
1780876643.3792326,-0.36616014646209993,1.7944190609121247,0.34648121472713683,75.0725212097168
1780876643.4075744,-0.3596667452274274,1.7936138188752107,0.343916930742311,75.10086297988892
1780876643.4403887,-0.3622168073579151,1.7890330535489094,0.3451001773571267,75.1336772441864
1780876643.4737647,-0.36065736458252845,1.7872786753527872,0.34447643191172184,75.16705322265625
1780876643.5223196,-0.3581910128057034,1.7830872897279901,0.34410647002074407,75.2156081199646
1780876643.5484488,-0.3633692529164072,1.7788919768085796,0.34651595987241324,75.24173736572266
1780876643.5950143,-0.36285320311914315,1.7760260872947238,0.34630838083953736,75.28830289840698
1780876643.620677,-0.3612550260373255,1.7729456505445929,0.3460706584867215,75.31396555900574
1780876643.654122,-0.3617340243721603,1.7698807250729665,0.34686513005870545,75.34741067886353
1780876643.6898527,-0.3638606459387875,1.7673062158566082,0.3480021890439497,75.38314127922058
1780876643.725691,-0.3646388881448463,1.7619780833923682,0.34909927090687287,75.41897964477539
1780876643.7709558,-0.36386427961721934,1.7603252938798415,0.349287130577608,75.46424436569214
1780876643.7988615,-0.3687587061070614,1.7550118169631834,0.35167598972228326,75.49215006828308
1780876643.8350682,-0.37099204806796926,1.748054049445825,0.35336068150401456,75.5283567905426
1780876643.8715127,-0.36541256160465074,1.7475234730953448,0.3510100650656213,75.56480121612549
1780876643.917651,-0.3658441670090424,1.7411136140344272,0.35178771061986275,75.61093950271606
1780876643.9522378,-0.3669559606806734,1.7365897540407054,0.3525195588633883,75.64552640914917
1780876643.9884818,-0.3574884186948023,1.7378221586612286,0.34799562752156776,75.68177032470703
1780876644.0229263,-0.3583777977061518,1.7313535371450084,0.34888210959409416,75.71621489524841
1780876644.057428,-0.3557405846022428,1.7275606406699051,0.34781221807923796,75.7507164478302
1780876644.0918314,-0.35129589840710745,1.7247585126752374,0.3461658521950755,75.78512001037598
1780876644.1257598,-0.351696168538515,1.7199276405756805,0.34669933290914245,75.8190484046936
1780876644.1632862,-0.3492752161485503,1.718266742958872,0.34562227109940985,75.85657477378845
1780876644.1983933,-0.3500810050347566,1.7121471331817548,0.34656511708484133,75.89168190956116
1780876644.2397513,-0.3502780810879187,1.7082611087767399,0.34697518838084895,75.93303990364075
1780876644.2776554,-0.3344587269346755,1.7091013388391636,0.3389780329506742,75.97094392776489
1780876644.309139,-0.33500139103627535,1.7053052805535303,0.33956558286492716,76.00242757797241
1780876644.3581636,-0.33133547875200764,1.7022341527181113,0.33835305097594404,76.05145215988159
1780876644.3854463,-0.3261352641887455,1.702895669248031,0.3356396043875223,76.07873487472534
1780876644.4198825,-0.3261177772794175,1.6994536391903767,0.3358946692704152,76.11317110061646
1780876644.4566782,-0.3194006748133911,1.6994026208717707,0.33305690169546287,76.14996671676636
1780876644.4945555,-0.3236198467872194,1.6946817943410497,0.33522925232886475,76.18784403800964
1780876644.5393994,-0.3271167066283411,1.6902283105203937,0.337263966565637,76.23268795013428
1780876644.5632534,-0.323817906128554,1.6894471525432357,0.3361757605462738,76.25654196739197
1780876644.6023672,-0.3292881404746141,1.684572233874598,0.3394684712004314,76.29565572738647
1780876644.6383698,-0.3337379311960307,1.6797121400061765,0.34221138816973007,76.33165836334229
1780876644.6718032,-0.3320902768370602,1.6763407584094416,0.34205686672398267,76.3650918006897
1780876644.7075906,-0.3300052063370034,1.6721611257047009,0.3415225639690915,76.40087914466858
1780876644.7463093,-0.3332512492088882,1.6697319614677788,0.3431592709629185,76.43959784507751
1780876644.782699,-0.3302140842876188,1.6653393653090431,0.3420964559407436,76.47598767280579
1780876644.8181512,-0.32983717331930906,1.6594214946528518,0.34283334837321183,76.51143980026245
1780876644.8583527,-0.32452514403941723,1.6596338468551677,0.34010812027683346,76.55164122581482
1780876644.8986669,-0.3263705941912745,1.6495136474028893,0.3426773784843108,76.5919554233551
1780876644.932032,-0.32643845974665986,1.648005681514473,0.3423675732578297,76.62532067298889
1780876644.976865,-0.3093812670976157,1.6460067390128212,0.334391012612346,76.67015361785889
1780876645.0240526,-0.31102325805864156,1.6415983206773808,0.33566601334089613,76.71734118461609
1780876645.0465465,-0.31363536979022943,1.6362781307828698,0.3375395793796861,76.73983502388
1780876645.0817213,-0.31128862083554326,1.634968732294304,0.33665689350274436,76.77500987052917
1780876645.119945,-0.3114093432167938,1.631072202489735,0.3372532451270496,76.8132336139679
1780876645.1528065,-0.31439156054645745,1.627141020902968,0.3392313474722458,76.84609508514404
1780876645.199541,-0.31170049243163644,1.6252443516998563,0.3380916877403969,76.89282965660095
1780876645.234586,-0.31463163202234556,1.6214464723504647,0.3400989182599952,76.92787456512451
1780876645.2714972,-0.3178165907241575,1.617654570593022,0.3422765389761399,76.96478581428528
1780876645.318367,-0.3197998614507379,1.6140781786800011,0.3435659535432827,77.01165556907654
1780876645.3479805,-0.3180548559129761,1.6104103203271902,0.34333848842605497,77.04126906394958
1780876645.3864431,-0.31627051089225633,1.6080561307255685,0.34266434598452244,77.07973170280457
1780876645.4201376,-0.3151205451010617,1.603651272822019,0.34244426951679985,77.1134262084961
1780876645.4590123,-0.3090956810379261,1.602770005645426,0.3398731471750014,77.15230083465576
1780876645.5052922,-0.3087407772940223,1.5992593623393945,0.33977921121215865,77.19858074188232
1780876645.5347526,-0.3117355999779454,1.592570508107155,0.34174513451195815,77.22804117202759
1780876645.5709054,-0.3065743167674473,1.5909070793561992,0.33960848934943305,77.26419401168823
1780876645.6111453,-0.30867915443073135,1.5864607756827056,0.34096174274492147,77.30443382263184
1780876645.6460073,-0.305446999839566,1.5838602122699992,0.33970678227782736,77.33929586410522
1780876645.685421,-0.30420059300072355,1.5799400517705584,0.33965005438459517,77.37870955467224
1780876645.7219856,-0.30296591446639276,1.5786573806062991,0.3388326520790271,77.415274143219
1780876645.7581537,-0.3050218885679154,1.572069159554088,0.34071380242833715,77.4514422416687
1780876645.7959762,-0.29646385337490966,1.5712560821146335,0.33622954648549797,77.4892647266388
1780876645.828658,-0.29407461558634085,1.5678096556265677,0.3354098519035623,77.52194666862488
1780876645.864701,-0.29407678034657825,1.5636785660967614,0.33584749236430295,77.55798959732056
1780876645.9030318,-0.29263652756685343,1.5633523675159124,0.33506085858184087,77.5963203907013
1780876645.943105,-0.2950090584191063,1.55653079850264,0.3369099313614906,77.6363935470581
1780876645.9751778,-0.29079537330039984,1.5546672945437083,0.3350894384061623,77.66846632957458
1780876646.0100117,-0.2936512786710559,1.551416147340507,0.3369213646960625,77.70330023765564
1780876646.056118,-0.29353677764974767,1.547289801714872,0.3373979130895736,77.74940657615662
1780876646.0790312,-0.29136613384404975,1.5449283501987692,0.3365329895064805,77.77231979370117
1780876646.114446,-0.29346430991908273,1.540988660884128,0.3377366142718095,77.80773448944092
1780876646.154891,-0.2936018309785139,1.536106982543106,0.338592079205409,77.84817957878113
1780876646.1935415,-0.29295025555648546,1.5334837119218006,0.3383561848804384,77.88683009147644
1780876646.2320278,-0.290641954098127,1.5301695011477419,0.3374537639069065,77.92531633377075
1780876646.2790227,-0.2874500816387966,1.525942033596064,0.3362354000721137,77.97231125831604
1780876646.3004217,-0.2841143324862322,1.5242756920074347,0.3342811656116407,77.99371027946472
1780876646.335468,-0.2841154083787348,1.5182637820011613,0.3350484355507138,78.02875661849976
1780876646.3696022,-0.27794156406141546,1.5192050657865703,0.33181213752463307,78.06289076805115
1780876646.408144,-0.2798397282897378,1.5136246042151562,0.33332744257043256,78.10143256187439
1780876646.4410706,-0.2767547980283107,1.5121333311631824,0.33209326079671,78.13435912132263
1780876646.4817982,-0.27847445146550964,1.5093019027980603,0.33312403713640937,78.17508673667908
1780876646.518104,-0.2807894801254044,1.5042682117284896,0.3349303878026052,78.2113926410675
1780876646.560553,-0.28218905057221455,1.4999459789224479,0.3362588273241777,78.25384163856506
1780876646.5868,-0.2827148882218159,1.4962836880582362,0.3368452756703626,78.2800886631012
1780876646.6263132,-0.2823578513122073,1.491618177341858,0.3372806165323858,78.3196017742157
1780876646.658308,-0.28065863390711854,1.4889126666010457,0.3362525290272275,78.35159659385681
1780876646.6929877,-0.2801510968423275,1.483642412681427,0.33649259122013225,78.38627624511719
1780876646.7282217,-0.27632546858371176,1.4820027623974612,0.3345654607308922,78.42151021957397
1780876646.7656515,-0.274006260977552,1.4764717294917669,0.3337036818112846,78.45894002914429
1780876646.8082032,-0.2633131564709047,1.477159352279891,0.3276750703172893,78.50149178504944
1780876646.8358412,-0.2657871982752877,1.4732595951416474,0.329197410562428,78.52912974357605
1780876646.8750908,-0.26318972191073375,1.470657933427814,0.32823645662366024,78.56837940216064
1780876646.9083605,-0.26319235221805337,1.4671425582058828,0.32858243441470514,78.60164904594421
1780876646.9410272,-0.26361255051427823,1.4640720641998142,0.3291600173002314,78.63431572914124
1780876646.9791834,-0.26637675637470687,1.4603365052646353,0.33107905980246205,78.67247200012207
1780876647.0174875,-0.2674009643622278,1.4555917235303804,0.33208178986784387,78.71077609062195
1780876647.0508502,-0.26466030749796593,1.4530315773565312,0.3308279704070881,78.74413871765137
1780876647.0872793,-0.2600626837647017,1.4498939941999263,0.3283351758623492,78.78056788444519
1780876647.1232839,-0.2607095966987433,1.4460161239564773,0.3292324400980609,78.81657242774963
1780876647.1587121,-0.25825069375012344,1.4430703100632138,0.3279033839353323,78.85200071334839
1780876647.195374,-0.25807606168600633,1.4394177054306319,0.3282864698855049,78.88866257667542
1780876647.2358363,-0.2569817843964226,1.4365198595900228,0.3279679573778368,78.92912483215332
1780876647.2740688,-0.2547413740197941,1.4342064464531061,0.3268530359858576,78.96735739707947
1780876647.3124652,-0.25614071788320103,1.430449641533119,0.32791100075246277,79.00575375556946
1780876647.3464234,-0.2546466991094617,1.4269366153553271,0.32737497019047157,79.03971195220947
1780876647.3826363,-0.2528592281077281,1.4243915526422224,0.32650730598617683,79.07592487335205
1780876647.414864,-0.25186390703517714,1.419102388762284,0.3265127916619316,79.10815262794495
1780876647.4564798,-0.2493185482887615,1.417031560750801,0.32515737685729845,79.14976835250854
1780876647.4874098,-0.24801636904878066,1.412257421016472,0.3246763793805423,79.18069839477539
1780876647.5299382,-0.2444788101712596,1.4105721174789312,0.32288725811781255,79.22322678565979
1780876647.5675552,-0.2446088216206545,1.4066834695844146,0.3232217740050131,79.2608437538147
1780876647.5977526,-0.2451739553720446,1.404451289227362,0.32392089756808073,79.29104113578796
1780876647.635932,-0.2476130841291343,1.3995064808985167,0.32571459286429466,79.32922053337097
1780876647.6745276,-0.24769958623920013,1.3957381833469304,0.3262610188295641,79.36781620979309
1780876647.7065063,-0.2465409627354699,1.3913189154458103,0.3258828912069889,79.39979481697083
1780876647.7450483,-0.23698974362925107,1.3888259976165882,0.3203293921802133,79.43833684921265
1780876647.7823517,-0.23989888382004218,1.385115949530965,0.32181159358710254,79.47564029693604
1780876647.818189,-0.2339779236430911,1.3820659717786623,0.31880844656543045,79.51147747039795
1780876647.8558476,-0.23368631888371091,1.3791349958843684,0.3188986689713229,79.5491361618042
1780876647.8964298,-0.23223430300611697,1.3783371339783614,0.3176813404594714,79.58971834182739
1780876647.9372044,-0.23423972640188678,1.373105440549347,0.31954814546937477,79.63049292564392
1780876647.9746168,-0.23436552237555808,1.3696289295661206,0.3201615799282245,79.66790533065796
1780876648.0216007,-0.2321721001088208,1.366313767847522,0.3188505482574898,79.71488928794861
1780876648.0475645,-0.2345827346249689,1.3608780645666045,0.320893860314966,79.74085307121277
1780876648.0810432,-0.2310446857554328,1.357553757377644,0.31873730432176084,79.77433180809021
1780876648.1207564,-0.22848745323281286,1.3565856677996595,0.31727643480516654,79.81404495239258
1780876648.1566057,-0.22776343901464383,1.3534344835695,0.3170263875324081,79.84989428520203
1780876648.192893,-0.22926121941590932,1.3492816699380423,0.3183998635723756,79.88618159294128
1780876648.2337687,-0.22869749726814426,1.3455231573460567,0.31829561059101874,79.92705726623535
1780876648.2687716,-0.22815715684009397,1.3409751043137712,0.3183980142381293,79.96206021308899
1780876648.3082106,-0.22390487814082155,1.3393672975408601,0.3157835727862906,80.00149917602539
1780876648.342947,-0.22382922052014503,1.3348916215603892,0.31597225672159657,80.03623557090759
1780876648.3777258,-0.22112777510386974,1.333213776913638,0.3141611799361098,80.07101440429688
1780876648.419318,-0.2202348550717116,1.3301122525512876,0.3140358832042076,80.11260652542114
1780876648.4575782,-0.22128873354986495,1.327009311805238,0.3149051011334893,80.15086674690247
1780876648.492058,-0.22169097078765698,1.3226780278191839,0.315347803484137,80.18534660339355
1780876648.527469,-0.2205475921154612,1.318271676817763,0.31521058169040717,80.22075748443604
1780876648.5643477,-0.21694353404195033,1.3161291331540257,0.31265591719333385,80.25763630867004
1780876648.6025891,-0.2169509151387648,1.3126159360593763,0.3128893610994532,80.29587769508362
1780876648.6395967,-0.21525847652061453,1.3094267225240843,0.312141184310255,80.33288526535034
1780876648.6723444,-0.21464824711013855,1.3074640627013339,0.31158023378869054,80.36563301086426
1780876648.7098675,-0.21287154499860036,1.3045042338228403,0.31055691726002865,80.403156042099
1780876648.7472696,-0.2142570887973771,1.298580719835209,0.31211590771745756,80.44055819511414
1780876648.7813063,-0.2133179460717441,1.2957145682623974,0.31138666803193243,80.47459483146667
1780876648.8164325,-0.20835404021466514,1.2957207342109054,0.30808033156818004,80.50972104072571
1780876648.8538969,-0.2100567192788917,1.2897175379153156,0.3097335921327367,80.54718542098999
1780876648.8942356,-0.20791746039496287,1.2878489928517691,0.3084230507281023,80.58752417564392
1780876648.9338691,-0.2059175046883151,1.2852111010158294,0.3072688314924095,80.62715768814087
1780876648.9672635,-0.20646170630377958,1.2796892793468941,0.30786124081789584,80.66055202484131
1780876649.000925,-0.20301795283871646,1.2777274389719566,0.3058138758405356,80.69421362876892
1780876649.0430562,-0.20322549128679765,1.2744975638754912,0.30614316054389995,80.73634481430054
1780876649.0789006,-0.20440504358625522,1.2706528469528513,0.3069334914989447,80.77218914031982
1780876649.1150162,-0.20306808705626173,1.2676961786994085,0.30625337983444445,80.80830478668213
1780876649.161708,-0.19961011880338048,1.2644683003030552,0.30410643426653206,80.85499668121338
1780876649.193477,-0.19792031273267569,1.261597250947299,0.30291339752485,80.8867654800415
1780876649.2289283,-0.19810563259179137,1.2584900989714467,0.3033225838664932,80.92221689224243
1780876649.2648544,-0.19969374443504145,1.2552796563484023,0.304610612623584,80.95814299583435
1780876649.3026502,-0.20129394781223608,1.250824052166648,0.3058955064070021,80.99593877792358
1780876649.3456511,-0.19911794680457345,1.2466479065171425,0.30460553988517414,81.03893971443176
1780876649.3692756,-0.19518345802196757,1.2442685357446268,0.30230807569655266,81.06256413459778
1780876649.4062047,-0.19601838001632682,1.2402322033608995,0.303081396991623,81.09949326515198
1780876649.4395413,-0.19641281447276265,1.2368579204821697,0.3034741571029862,81.13282990455627
1780876649.476458,-0.19713896719757537,1.2324935091771727,0.30419563737156513,81.16974663734436
1780876649.5120432,-0.19216824635975382,1.2296562888659444,0.300815151209883,81.20533180236816
1780876649.5521183,-0.19089933359186448,1.227045155639951,0.30017485258417775,81.24540686607361
1780876649.5850651,-0.18951765010908944,1.2238984816451255,0.2996085626285471,81.27835369110107
1780876649.6287425,-0.18987278629413845,1.2204491997195683,0.299826066503713,81.32203102111816
1780876649.6670082,-0.18708949304153466,1.2159938960580194,0.2982589548597753,81.3602967262268
1780876649.6994133,-0.18595020165672943,1.2145683301442138,0.2973089125957924,81.39270186424255
1780876649.7375922,-0.18521494957173024,1.2107550851605162,0.2970432563066991,81.4308807849884
1780876649.7777221,-0.18455495083061263,1.207913431772989,0.2966535906535053,81.47101068496704
1780876649.8129387,-0.18384701917134005,1.203623568531107,0.2961119934165081,81.50622725486755
1780876649.8493733,-0.17946433494287065,1.2006356355668988,0.2934494609932284,81.5426619052887
1780876649.8850935,-0.18006779083162494,1.1970645490816636,0.2941027861502207,81.57838201522827
1780876649.9291103,-0.1792695869870265,1.193932209074715,0.29348883596191255,81.622398853302
1780876649.958754,-0.17825355184666697,1.1903188191942635,0.2911741989079664,81.6520426273346
1780876649.993515,-0.1788716291139456,1.1877121883544417,0.28995627723425443,81.68680357933044
1780876650.0321698,-0.1775719711930969,1.1814900195448819,0.28840391832136836,81.72545838356018
1780876650.066533,-0.1729757469703504,1.1808625912594932,0.28423298966416144,81.75982165336609
1780876650.1041174,-0.17143412347625853,1.1778718251347753,0.2826833747929049,81.79740595817566
1780876650.1410053,-0.17606997123060894,1.172443797592932,0.28603714989469153,81.83429384231567
1780876650.1802459,-0.1710117319967279,1.170773378763493,0.2813658562260072,81.87353444099426
1780876650.2154858,-0.17278281705527518,1.1663596064493116,0.2827771800905243,81.90877437591553
1780876650.2510445,-0.16851841436753953,1.1665673047312344,0.278589863754938,81.94433307647705
1780876650.2898095,-0.16557658393355434,1.1634193821305738,0.2762204386735205,81.98309803009033
1780876650.3239744,-0.16724557611811075,1.158461267192303,0.27739835667916485,82.01726293563843
1780876650.359054,-0.16683279950134544,1.1554393026619767,0.276543916457705,82.05234265327454
1780876650.394143,-0.1668092498188566,1.1531729036561054,0.27594133502283197,82.08743166923523
1780876650.4305267,-0.16494704415020042,1.1502436645110627,0.27436034549876065,82.12381529808044
1780876650.464829,-0.16259101258396488,1.1471673917115806,0.2725093501495337,82.1581175327301
1780876650.5001194,-0.16204145887225313,1.1447485410075164,0.2719162709451863,82.19340801239014
1780876650.5385692,-0.16305202640744534,1.1396249860102663,0.2725648643966552,82.23185777664185
1780876650.5759597,-0.1611385378373107,1.1391646200869987,0.27050819450628094,82.2692482471466
1780876650.6149096,-0.15877584436097392,1.1355207598012136,0.2683696819639828,82.30819821357727
1780876650.6523933,-0.15870753425955395,1.1318432381200254,0.2684612046510276,82.34568190574646
1780876650.699385,-0.15467826765857945,1.1313622318517345,0.26485362041328553,82.39267349243164
1780876650.7231534,-0.15561454913106854,1.1253597704816147,0.26579948347479415,82.41644191741943
1780876650.766215,-0.15651390110385335,1.1247211883608832,0.26615268966665495,82.45950365066528
1780876650.7936811,-0.15845166141872968,1.1211581757550546,0.26730096698352906,82.48696970939636
1780876650.832379,-0.15600584461632283,1.1192135692469412,0.2650814083458499,82.52566766738892
1780876650.8712275,-0.15413373553248533,1.1168212695902144,0.263613122609543,82.56451606750488
1780876650.903326,-0.15349815317725213,1.1131387415975753,0.2632022857522824,82.5966145992279
1780876650.9378085,-0.15109593224991036,1.109203740462032,0.26151761421319697,82.63109707832336
1780876650.972239,-0.1508236932318427,1.108873480949862,0.26051753561763136,82.66552758216858
1780876651.0066695,-0.15020567121995226,1.105257240559212,0.26006140221264107,82.6999580860138
1780876651.0477228,-0.15015896542802204,1.102543210909782,0.2600173090450015,82.74101138114929
1780876651.082957,-0.14734408011227373,1.1009116299769501,0.2578198590213362,82.77624559402466
1780876651.1177573,-0.15076635797484855,1.0974222873547945,0.2603750272359949,82.81104588508606
1780876651.152406,-0.1478824657450045,1.0938977211110728,0.2581965181119544,82.84569454193115
1780876651.1918871,-0.1485895570646113,1.0928917464587862,0.258239574618494,82.88517570495605
1780876651.2316058,-0.14616090788077973,1.0905581381423382,0.2565073920301476,82.92489433288574
1780876651.2704954,-0.1452755860936082,1.0867136815691874,0.2559528152007695,82.9637839794159
1780876651.3045704,-0.1431275944324238,1.0853360498991416,0.2539169618905769,82.99785900115967
1780876651.3378236,-0.1448611957751364,1.082198369580706,0.2553541611714772,83.03111219406128
1780876651.3760974,-0.14446723581456744,1.0801718697152003,0.254931710464168,83.06938600540161
1780876651.412191,-0.14425953116101856,1.0770218274521972,0.25470307883522475,83.10547947883606
1780876651.445591,-0.14172281756456084,1.0757142161360242,0.2527405208432455,83.1388795375824
1780876651.489361,-0.14035699705160434,1.0734978842421001,0.25171248729189044,83.18264961242676
1780876651.52725,-0.138936561497524,1.0706726571230216,0.2508221790259575,83.22053861618042
1780876651.5610983,-0.14061044195045924,1.0657630003834038,0.2522007284115189,83.25438690185547
1780876651.5947201,-0.13854578705456572,1.0661442778897876,0.2502310106478235,83.28800868988037
1780876651.6293762,-0.13930277447329964,1.0628201840300748,0.2510923084473486,83.32266473770142
1780876651.6677377,-0.1381072670545275,1.0611008373853634,0.24989337552435364,83.36102628707886
1780876651.7091582,-0.13805455685465107,1.0568266204694097,0.25054766002468276,83.40244674682617
1780876651.7370014,-0.13683589462103224,1.0559992989882263,0.24886444081625195,83.43028998374939
1780876651.7754438,-0.13613543884007417,1.055047677187126,0.24821857859632798,83.46873235702515
1780876651.8105142,-0.1344959241300499,1.052578635033468,0.24710842640725872,83.50380277633667
1780876651.8489249,-0.135231284930606,1.0494183764391911,0.24798466119698517,83.5422134399414
1780876651.8866575,-0.13503026886487554,1.047301392146324,0.24763133597983938,83.57994604110718
1780876651.9189906,-0.13108230154682637,1.0435120641626194,0.24525755010127173,83.61227917671204
1780876651.9537678,-0.13093571787339914,1.0438687792758445,0.24442412753469792,83.64705634117126
1780876651.9935513,-0.13030252053823183,1.0399876298893485,0.24465175605165532,83.68683981895447
1780876652.0313227,-0.12856349298598213,1.0395845778008512,0.2429422083976004,83.72461128234863
1780876652.0660558,-0.12898881449260097,1.0369425758797246,0.24340728094030223,83.75934433937073
1780876652.1032426,-0.12778840781971426,1.034208881415911,0.24245276023027137,83.79653120040894
1780876652.1433284,-0.12770598205651779,1.0319619958337416,0.24253494824727437,83.83661699295044
1780876652.1805334,-0.12734950392892264,1.0296736054223512,0.24267431432086728,83.87382197380066
1780876652.2204783,-0.12607241929223545,1.0273657082976233,0.24183233117052952,83.91376686096191
1780876652.2542002,-0.12815895342903486,1.0266652579503308,0.24280899602546757,83.94748878479004
1780876652.284525,-0.1254061661324164,1.0240723561465896,0.2410646267877061,83.97781348228455
1780876652.3222053,-0.12613947962092642,1.0205883976696066,0.24199618978907128,84.0154938697815
1780876652.3707402,-0.12441111843486514,1.0193167074891045,0.2403349660014709,84.0640287399292
1780876652.3995254,-0.12345477022990095,1.017140973160455,0.23979540768120325,84.09281396865845
1780876652.433379,-0.12265894928682759,1.0171516988539286,0.23880997913998528,84.12666749954224
1780876652.4695022,-0.12303729294522979,1.0121082504004157,0.24019572764592662,84.16279077529907
1780876652.504609,-0.12215078660347892,1.0125447630597106,0.2386814877067637,84.1978976726532
1780876652.5453315,-0.12367978890808515,1.008065133981682,0.24099411777494895,84.2386200428009
1780876652.578322,-0.12182184641699419,1.0077971273210524,0.23879137434641032,84.27161049842834
1780876652.6165771,-0.12146134154156733,1.00595784875558,0.23860679650622307,84.3098657131195
1780876652.6543198,-0.11868769798942369,1.003901420113083,0.23651637616165472,84.3476083278656
1780876652.692397,-0.12064355873388999,1.0003480062776968,0.23867376639128843,84.38568568229675
1780876652.726021,-0.11662650567576104,1.000238707523148,0.23536823021104358,84.41930961608887
1780876652.760043,-0.11636590598135726,0.9981417603728614,0.23548319187303945,84.4533314704895
1780876652.7997012,-0.1197289092609034,0.9951317646053743,0.2383395760661875,84.49298977851868
1780876652.8387897,-0.12731122264552358,0.9809751432531598,0.24645270137165215,84.5320782661438
1780876652.8813484,-0.13948492259048667,0.9590229964647264,0.2598719020964285,84.57463693618774
1780876652.914696,-0.15144914697354359,0.9786850200103216,0.23452918990121555,84.60798454284668
1780876652.9517083,-0.14744156313902823,0.9774776417078999,0.23127280529153235,84.64499688148499
1780876652.9892597,-0.14734152109136303,0.974392593106173,0.23144302351162674,84.68254828453064
1780876653.02691,-0.14821483817152944,0.9729853723834594,0.23236631922039605,84.72019863128662
1780876653.0612476,-0.1475994574323074,0.9708201426353831,0.23208051473868535,84.75453615188599
1780876653.1014316,-0.14313024341592218,0.9697585854688655,0.22856053642213758,84.79472017288208
1780876653.134601,-0.1408326937978479,0.9679805785089597,0.22686110370800677,84.82788968086243
1780876653.1677253,-0.14096131433851847,0.9661088278872398,0.22716430646715388,84.86101388931274
1780876653.2047884,-0.14410528497307146,0.9635002652935869,0.23001336507430353,84.8980770111084
1780876653.2402127,-0.14715562384589004,0.9613673614693776,0.23275224895207233,84.93350124359131
1780876653.2790356,-0.1440176645699362,0.9597793901275657,0.23032327996496885,84.97232413291931
1780876653.3131044,-0.14529942922614308,0.9584817240167305,0.23150035436692745,85.00639295578003
1780876653.3499699,-0.14272352213378414,0.9567192056742624,0.2294361504389977,85.04325842857361
1780876653.3929913,-0.14522544004670607,0.9543074406069161,0.23180544175058831,85.08627986907959
1780876653.429467,-0.14713555658797567,0.9518323436522624,0.23366584387209702,85.12275552749634
1780876653.4636164,-0.14437954033053668,0.9509835560465356,0.23151693440873464,85.15690493583679
1780876653.5000024,-0.14288108113332432,0.9494665787839862,0.23044200402979065,85.1932909488678
1780876653.5364053,-0.14488420527984525,0.9472459242081752,0.23238674997037195,85.22969388961792
1780876653.572181,-0.14234357847291146,0.9464312946592217,0.2304222800125979,85.26546955108643
1780876653.6076574,-0.1412942309224633,0.9446682025846,0.22977220149249186,85.30094599723816
1780876653.6485722,-0.143425106939565,0.9421454263423843,0.23183299557069748,85.3418607711792
1780876653.681915,-0.14211655059613812,0.9409023694625986,0.2309081568843346,85.37520360946655
1780876653.7205856,-0.14557120203765656,0.9388417556662758,0.2340593024780226,85.41387414932251
1780876653.7536273,-0.14134185351060496,0.9376409438924684,0.23053846351800028,85.44691586494446
1780876653.7930984,-0.14675325833774797,0.9350608949042287,0.2355066787368131,85.48638701438904
1780876653.8266273,-0.1413429216177315,0.9335070257061375,0.23117525451501258,85.51991581916809
1780876653.8763614,-0.13967624107951443,0.9325431478525581,0.22988141918233382,85.56964993476868
1780876653.9057844,-0.14008967754730017,0.9308707923829844,0.23046143771004537,85.59907293319702
1780876653.937641,-0.13979463122904262,0.9288117519496601,0.2304642091400279,85.63092947006226
1780876653.972956,-0.13813197965142876,0.9275653013039045,0.22917900168194205,85.66624450683594
1780876654.0072925,-0.13542768382869214,0.9258791027527058,0.2269892657484333,85.70058107376099
1780876654.0454128,-0.1369595729942559,0.9242880048776074,0.22854990755361795,85.73870134353638
1780876654.082808,-0.136625194034478,0.9226488820483334,0.2284922457522253,85.77609658241272
1780876654.1183052,-0.13542868761059895,0.921528938342522,0.2276698838362406,85.81159377098083
1780876654.1558332,-0.1358485286799036,0.9201851420339038,0.22822830425687074,85.84912180900574
1780876654.188747,-0.1347458125936325,0.918945330086097,0.22749855192742025,85.88203549385071
1780876654.2263148,-0.13401837079742218,0.9172798722907582,0.2271271086504488,85.91960334777832
1780876654.2635963,-0.13513280655781867,0.9157956039468775,0.2283184904871172,85.95688486099243
1780876654.2970529,-0.13400810209571729,0.913918931803438,0.22753116742680982,85.99034142494202
1780876654.3346474,-0.1347766991286257,0.9125513572801258,0.2284337781303221,86.02793598175049
1780876654.3678174,-0.13365370344696104,0.9114920146245937,0.22770443691188524,86.061105966568
1780876654.4045148,-0.1341373858333031,0.9102351073506016,0.22831686522084937,86.0978033542633
1780876654.4419484,-0.1340954483853047,0.907994291700728,0.22854073869793481,86.13523697853088
1780876654.479559,-0.13144714089695891,0.9066759218023388,0.22648620198216346,86.17284750938416
1780876654.51248,-0.13075510918423117,0.9053114824725732,0.2261152920645982,86.20576858520508
1780876654.5504253,-0.13259224686596272,0.9038530157387472,0.22795456241449674,86.24371385574341
1780876654.5892382,-0.13071222203606098,0.9025651267594474,0.22645364127202103,86.28252673149109
1780876654.6253335,-0.13306015226847231,0.901159411240388,0.22878141953441417,86.31862211227417
1780876654.661577,-0.13243774028379918,0.8996342349906219,0.22840795604321765,86.35486555099487
1780876654.6973205,-0.13240900648762766,0.8988060310712616,0.22858005313272267,86.3906090259552
1780876654.7333574,-0.1320872235038388,0.8972409059549564,0.2285631501622628,86.4266459941864
1780876654.767397,-0.1319505089637375,0.8962057280148921,0.22865710599797595,86.46068549156189
1780876654.8028169,-0.13104554773686977,0.894663428369183,0.22804635060139608,86.49610543251038
1780876654.8437634,-0.13021998676443478,0.8936010124513925,0.22759127978168628,86.53705191612244
1780876654.8775344,-0.12905159946422085,0.8925492730433298,0.22675365833193367,86.57082295417786
1780876654.9127414,-0.12829353990995662,0.8911722196757079,0.22628481657555247,86.6060299873352
1780876654.9483526,-0.12961653015449515,0.8894954194571418,0.22775869324680537,86.64164113998413
1780876654.9854279,-0.12854610752915152,0.8880982691549866,0.22700279042461385,86.67871642112732
1780876655.0235476,-0.12725363655434685,0.8872436982029424,0.22601182742350318,86.71683621406555
1780876655.060727,-0.1256319615084993,0.8853791797456725,0.22490903548004385,86.75401544570923
1780876655.095786,-0.126417519419752,0.8840618624200938,0.22576679660548232,86.78907465934753
1780876655.1327233,-0.12430883421715486,0.8830165816739319,0.22404968233732794,86.82601189613342
1780876655.1657307,-0.12521449732887868,0.8815851148856892,0.22512140473275824,86.85901927947998
1780876655.2062957,-0.12519008035930002,0.880222980088206,0.22526177538030917,86.89958429336548
1780876655.2442963,-0.12710168200765898,0.8785328302115394,0.22724196859668822,86.93758487701416
1780876655.2803833,-0.12626845301971892,0.8769450698069761,0.22674880937571082,86.97367191314697
1780876655.3141654,-0.12412832311409122,0.8762696690164435,0.22499831698728093,87.00745391845703
1780876655.3504243,-0.1251544051610609,0.8749689450459306,0.22613332082623228,87.04371285438538
1780876655.3876715,-0.12508970739395026,0.8742373152053304,0.22626659945431393,87.0809600353241
1780876655.4235404,-0.12370891231175081,0.8730245060558322,0.22526615832028601,87.11682891845703
1780876655.456337,-0.12397413806407932,0.8717671634707767,0.22570660769265122,87.14962553977966
1780876655.495092,-0.1238312454635796,0.8705303635522921,0.2258346012037338,87.18838047981262
1780876655.5288737,-0.12204367499183293,0.8691158524979903,0.2244492596256237,87.2221622467041
1780876655.5654476,-0.12376534308496003,0.867710819729488,0.22623025068196692,87.25873613357544
1780876655.6027932,-0.12063921575700318,0.8671555476216188,0.22358958645076407,87.29608178138733
1780876655.636291,-0.11873239354526212,0.8658852507358803,0.22213910407595958,87.3295795917511
1780876655.6696234,-0.11830012965257343,0.8648155196871758,0.22193977920163496,87.36291193962097
1780876655.7109046,-0.11907016730713252,0.8638142527574788,0.22283157999059838,87.40419316291809
1780876655.7487776,-0.11937712626532686,0.8623382824403012,0.22332127773876456,87.44206619262695
1780876655.7823174,-0.11847869306034967,0.8616978741334924,0.22271581691329337,87.47560596466064
1780876655.8217046,-0.11863111262755013,0.8606344511124493,0.22304229855735414,87.51499319076538
1780876655.8552382,-0.12004924560499904,0.8590449948340173,0.2245545645465947,87.54852676391602
1780876655.8935895,-0.11822405209586333,0.858413393279962,0.22309321144445438,87.58687806129456
1780876655.9261353,-0.1198861878126223,0.857210595256976,0.22477698753425993,87.61942386627197
1780876655.962525,-0.11870743525032243,0.8563602403830903,0.22390672933771766,87.65581345558167
1780876656.0031831,-0.1173609028342945,0.8551144509977018,0.22296684708574288,87.69647169113159
1780876656.0342221,-0.11715133420994164,0.8538093890098972,0.223028513202646,87.72751069068909
1780876656.0735595,-0.11639788541642257,0.8527187960781206,0.22249308839899776,87.76684808731079
1780876656.1091247,-0.11750736113870905,0.8515526704316305,0.22378432695246409,87.80241322517395
1780876656.1489913,-0.11805101181264384,0.8506327495471482,0.22442209897415366,87.84227991104126
1780876656.1861403,-0.11787943119480258,0.8494882139672437,0.22454063164717902,87.87942886352539
1780876656.2214813,-0.1162675348412355,0.8480754240060804,0.22333990091082404,87.9147698879242
1780876656.2576823,-0.11510947827909583,0.8474119048803985,0.2223905318456806,87.95097088813782
1780876656.2956953,-0.11573822263981678,0.846375525293718,0.22318762709893794,87.98898386955261
1780876656.331108,-0.11416942401309099,0.845032985030048,0.22203025341700353,88.02439665794373
1780876656.365909,-0.11368509937359939,0.8441775807743428,0.2217333702431152,88.05919766426086
1780876656.4055855,-0.11442256707331878,0.8429287616731012,0.22265372556136234,88.09887409210205
1780876656.4433298,-0.11349302269311654,0.8423742473056026,0.2219582644471395,88.1366183757782
1780876656.4781804,-0.11285157236937222,0.8414371360707784,0.22157433655915587,88.17146897315979
1780876656.5132937,-0.11448342332118115,0.8400464219068957,0.22329714534660974,88.20658230781555
1780876656.550353,-0.11252977898567572,0.8393540879471768,0.22171470001007895,88.24364161491394
1780876656.5891047,-0.11357704986390388,0.8380373306307447,0.22290268576111807,88.28239321708679
1780876656.6235554,-0.11424984444838954,0.8370443246000918,0.22372987976951264,88.31684398651123
1780876656.6606023,-0.11270203042152584,0.8358274726153068,0.22254807450100364,88.3538908958435
1780876656.7090704,-0.1137079729463025,0.8346590535050045,0.22370665450681151,88.40235900878906
1780876656.739133,-0.11373489746112227,0.8337716193711366,0.22391188786525518,88.43242144584656
1780876656.7735372,-0.11276939445420703,0.8327608415914982,0.22320089004941723,88.46682572364807
1780876656.8078976,-0.11087692850442347,0.8314754267548683,0.22174886105690672,88.50118613243103
1780876656.8451376,-0.1107127118169488,0.830389754424,0.22178336543058944,88.53842616081238
1780876656.8933916,-0.11153790313895423,0.8291643800692639,0.2227381041100472,88.5866801738739
1780876656.9171445,-0.10936419167685442,0.8289454600784163,0.22092014478085625,88.61043310165405
1780876656.9512308,-0.1107536942684507,0.8275631480337315,0.22241620064525733,88.64451932907104
1780876656.9903238,-0.1099497158495122,0.8266442010379389,0.2218214842369543,88.68361234664917
1780876657.0269957,-0.10839998416697198,0.8263469002597128,0.2206107956953737,88.72028422355652
1780876657.0694988,-0.11067955914033073,0.8248813882128716,0.22298124638582917,88.76278734207153
1780876657.1034737,-0.11103919189363454,0.8235718809766119,0.22346307759335235,88.79676222801208
1780876657.141472,-0.11062361350866777,0.8225842477645997,0.22328371395441235,88.83476066589355
1780876657.1759071,-0.1096000924642522,0.8220081947352704,0.2225830853524197,88.86919569969177
1780876657.2137642,-0.10886130086891964,0.8211743127441598,0.22210939489011863,88.90705275535583
1780876657.249364,-0.10934728671849074,0.8202186775911855,0.22268917422987258,88.94265246391296
1780876657.290187,-0.11002083200532134,0.8188530434283492,0.2235774455358119,88.98347544670105
1780876657.322618,-0.10843856572271367,0.818470180998337,0.22228949345813795,89.01590657234192
1780876657.3584414,-0.11047712814964364,0.81675817360111,0.2244259261266469,89.05172991752625
1780876657.3987792,-0.10708869217584996,0.8157260161664428,0.22147195969733477,89.09206771850586
1780876657.4368079,-0.10672415329799524,0.815268944764248,0.22134034581605094,89.13009643554688
1780876657.4710255,-0.10823211463622961,0.8138341624008469,0.22295888198513908,89.16431403160095
1780876657.5076158,-0.10699466211262157,0.8132334587055741,0.22200427802957645,89.20090436935425
1780876657.5425937,-0.10699614016886728,0.8122293076349105,0.22222663300819848,89.23588228225708
1780876657.582796,-0.10662181222554334,0.8115384767342424,0.22203075979544856,89.27608466148376
1780876657.6183846,-0.10665817663032484,0.810761507356488,0.2222439365330413,89.31167316436768
1780876657.6514518,-0.1074812636991982,0.8094346126077201,0.2232979180523535,89.34474039077759
1780876657.6896622,-0.10581111591028815,0.808930905889188,0.22183201142554335,89.38295078277588
1780876657.7260878,-0.1065923704774375,0.8080622245219535,0.22270663592594578,89.41937637329102
1780876657.768139,-0.10764964347343489,0.806781571603739,0.223995079929301,89.46142745018005
1780876657.80288,-0.10625906748786838,0.8061785687790375,0.2228814552427219,89.49616861343384
1780876657.8358686,-0.10569318945736397,0.8055142437857774,0.22248073308354138,89.52915716171265
1780876657.8767676,-0.10596221083279862,0.8044377112740406,0.22293946128183667,89.57005620002747
1780876657.913259,-0.10561409006076869,0.803661665788381,0.22280463503792927,89.60654759407043
1780876657.9484255,-0.10527628950700776,0.8024193451665418,0.22273595511628372,89.64171409606934
1780876657.9830673,-0.10429573963602717,0.8017903808080573,0.22194989411017801,89.67635583877563
1780876658.0213497,-0.10320584970583506,0.8005490858116313,0.2211522238501164,89.71463823318481
1780876658.058714,-0.1040237168667763,0.7998138626262463,0.2221177248314353,89.75200247764587
1780876658.0967574,-0.10332829904877718,0.7990671090304382,0.2216510999437828,89.7900459766388
1780876658.1291637,-0.10330660294794815,0.7982278744583287,0.22178007784168866,89.82245230674744
1780876658.1668153,-0.10352236234981052,0.7972792638663835,0.22219546599408108,89.86010384559631
1780876658.2031076,-0.10290711264980502,0.7967894410134178,0.22180143039750908,89.89639616012573
1780876658.2435212,-0.10213855497861314,0.7961638416130585,0.22119207272278718,89.9368097782135
1780876658.2812855,-0.10197821014226549,0.7953506025376453,0.22124605768205263,89.9745740890503
1780876658.319648,-0.10377874459316631,0.7947428916984574,0.2231188865574616,90.01293659210205
1780876658.3539267,-0.103195485036691,0.7940278785927255,0.22277551909254295,90.04721522331238
1780876658.4004343,-0.10268569285853141,0.7930760791728917,0.22247534796039736,90.09372282028198
1780876658.4320786,-0.10236980861151695,0.7924322864242417,0.2223150747908344,90.12536716461182
1780876658.465305,-0.10237069638383961,0.7915484084145676,0.22253105586983185,90.15859365463257
1780876658.4989538,-0.10176207087205495,0.7905861854484588,0.2221338707022433,90.19224238395691
1780876658.53914,-0.10265225341416306,0.7893298574522556,0.2232393108592838,90.23242855072021
1780876658.5732217,-0.10238949777895771,0.7888809223688917,0.2230996852033166,90.2665102481842
1780876658.6079614,-0.1020562636826023,0.7880274933008047,0.22300963155122439,90.30124998092651
1780876658.6459055,-0.10058778199780845,0.7871929077757964,0.22180276924277473,90.33919405937195
1780876658.6832113,-0.10139156723758476,0.7863204709091283,0.22273441574431155,90.37649989128113
1780876658.721074,-0.10154177846438504,0.7857826901883909,0.22308540963592077,90.41436266899109
1780876658.761077,-0.1006703467401819,0.7852478070068742,0.22236850399563002,90.45436549186707
1780876658.797408,-0.10064456795296903,0.7845126425271396,0.22254853055691026,90.49069666862488
1780876658.8349428,-0.10033599385274093,0.7838490116621473,0.22244008058909165,90.52823138237
1780876658.8717356,-0.10002115865423798,0.7832179441353257,0.2222593019905224,90.56502413749695
1780876658.910785,-0.10037426364379247,0.782593464180656,0.22278991268415915,90.6040735244751
1780876658.9489448,-0.10030201755675391,0.7818755241094164,0.22288525662239353,90.64223337173462
1780876658.9841886,-0.10073942409699085,0.7810725970133567,0.22354443735429047,90.67747712135315
1780876659.0316825,-0.09956291400499401,0.7804476907674187,0.22249403546499338,90.7249710559845
1780876659.0575442,-0.10054629247930634,0.77940169214632,0.2237040739031221,90.7508327960968
1780876659.0911288,-0.10034924737972248,0.7786561271370664,0.22369262978711377,90.78441739082336
1780876659.1266704,-0.09953365285980559,0.7779875511387129,0.22306027857500652,90.81995892524719
1780876659.1632318,-0.09864665512904452,0.7774625689534129,0.22236012240689046,90.85652041435242
1780876659.2006657,-0.0988994603466586,0.7767444850240595,0.22274936447387117,90.89395427703857
1780876659.2364984,-0.09887175360825487,0.7760873644774438,0.22293996068273425,90.92978692054749
1780876659.2728887,-0.09837650647393627,0.7754101348161901,0.22262456820748844,90.96617722511292
1780876659.3083992,-0.0966517868136775,0.7743180286575089,0.2211456822525132,91.00168776512146
1780876659.3441052,-0.09684814629694978,0.7737314901073176,0.22153303776434893,91.03739380836487
1780876659.3855135,-0.0976491276297781,0.773030772948607,0.22248862353458757,91.07880210876465
1780876659.4176285,-0.09714811336800527,0.7725047454904723,0.22210931442507542,91.11091709136963
1780876659.4557912,-0.09645270752011154,0.7718310061687812,0.22161791240334144,91.1490797996521
1780876659.492357,-0.09594831167875628,0.7713007695065901,0.22127173143158138,91.18564558029175
1780876659.5342376,-0.09620558868753115,0.7708813788984226,0.22165460980974516,91.22752618789673
1780876659.5656543,-0.095874187438736,0.7702118410175587,0.22149304000430808,91.25894284248352
1780876659.6011136,-0.09670242952018394,0.769450234281039,0.22246009098092198,91.29440212249756
1780876659.6351273,-0.09609003081216741,0.7687334637926302,0.22205146267133843,91.3284158706665
1780876659.670293,-0.09666395869130756,0.7679974132650909,0.22277119620043834,91.36358165740967
1780876659.7076237,-0.09579982428996056,0.7674502850025398,0.22208158638662845,91.40091228485107
1780876659.742911,-0.09674411341149719,0.7665133461701474,0.2231843741814949,91.43619966506958
1780876659.7815301,-0.09596390330506328,0.7659150199326383,0.22255128608670585,91.47481870651245
1780876659.8213024,-0.09628885971423312,0.7654495751282706,0.2229874555100901,91.51459097862244
1780876659.851902,-0.09509112747222069,0.76456546950848,0.22202300493767427,91.54519057273865
1780876659.8926668,-0.09563514390090283,0.7638850114095466,0.22269992259763424,91.58595538139343
1780876659.9282298,-0.09564740876789642,0.76329469640505,0.22289479816263194,91.62151837348938
1780876659.9657516,-0.09656676915446882,0.7625555639375599,0.22393953817800963,91.65904021263123
1780876660.0018,-0.09416879201733375,0.7617103319597236,0.22178252922407268,91.69508862495422
1780876660.0347252,-0.09352042937439178,0.7613431323656392,0.2212377593132057,91.72801375389099
1780876660.0868492,-0.09337822144695547,0.7609697507074988,0.22121728646918581,91.78013777732849
1780876660.1068735,-0.0934657582637874,0.7602289751366458,0.22142743788421748,91.80016207695007
1780876660.1433558,-0.09447461003074663,0.7594760787008104,0.22260179514492354,91.83664441108704
1780876660.1805887,-0.09447805158976692,0.7589079741666396,0.22276108702849956,91.87387728691101
1780876660.227543,-0.09468500426398378,0.7584238498167863,0.22311273095594364,91.92083168029785
1780876660.2507224,-0.09416889308750287,0.7577264129121026,0.22271668441412437,91.94401097297668
1780876660.28368,-0.09453442789960587,0.7572001731061406,0.2232585060020619,91.97696852684021
1780876660.3217642,-0.09472129420314708,0.7565307636622984,0.22361187993197762,92.01505279541016
1780876660.3569057,-0.09505504672151333,0.7560129939816005,0.2240427476006429,92.05019426345825
1780876660.402189,-0.09466860000499404,0.7553701298915241,0.22383728734245917,92.09547758102417
1780876660.4383645,-0.09439540127777961,0.7548628674062061,0.22372925869974417,92.13165307044983
1780876660.4733474,-0.09436164946400225,0.7543068556203232,0.22378555913072135,92.16663599014282
1780876660.5120468,-0.09468945906917364,0.7536194912665766,0.22423942212532516,92.20533537864685
1780876660.5480967,-0.09422601736830338,0.7531990217127806,0.22395927171822716,92.24138522148132
1780876660.5835927,-0.09361774044326433,0.7526368996377775,0.22345007420071455,92.27688121795654
1780876660.620677,-0.09416728961801714,0.7518343495987674,0.22423564134658533,92.31396555900574
1780876660.6538377,-0.09381441497904379,0.7514945433768858,0.2240083881505025,92.34712624549866
1780876660.693919,-0.09344402864830975,0.7506766700684746,0.2237090415784616,92.38720750808716
1780876660.7275271,-0.09303363895457555,0.7504665140701379,0.22350168827575725,92.42081570625305
1780876660.7697737,-0.09268829909337943,0.7497528524560868,0.22316249118040876,92.46306228637695
1780876660.798238,-0.09076170828866129,0.7491234732026342,0.22150131199362927,92.49152660369873
1780876660.8339918,-0.09133143929233419,0.74861593903333,0.2221622712267774,92.52728033065796
1780876660.8678381,-0.09122400565293166,0.748067589874897,0.2221714534764899,92.56112670898438
1780876660.9071867,-0.0909177685086839,0.7478536247068106,0.2220340581181066,92.6004753112793
1780876660.9454181,-0.09038912010662535,0.7470192852780797,0.22156686244978227,92.63870668411255
1780876660.977902,-0.08996219794908517,0.7467852857723136,0.2212412401875305,92.6711905002594
1780876661.0158772,-0.09055836932768871,0.7462292781547057,0.22207662363340905,92.7091658115387
1780876661.0500076,-0.09075855214906309,0.7457210139820893,0.22237046869335803,92.74329614639282
1780876661.0849109,-0.09079147766761358,0.7451167917769042,0.2225115738460424,92.7781994342804
1780876661.1221116,-0.09072672777469047,0.7447871739406253,0.22257230311597337,92.81540012359619
1780876661.1603324,-0.09087468743431808,0.7441914929272582,0.222807545143951,92.85362100601196
1780876661.2023916,-0.09093931785468183,0.743642931012749,0.22307099978149286,92.89568018913269
1780876661.2370884,-0.09096992857576001,0.7430610416832921,0.2231890583118446,92.93037700653076
1780876661.2745898,-0.09146354219851845,0.7426135878313038,0.22380942812664206,92.9678783416748
1780876661.312139,-0.09026835875891027,0.7422718898913045,0.22275590236256387,93.00542759895325
1780876661.3432877,-0.09047752757672188,0.7416310292941293,0.22309089444815405,93.03657627105713
1780876661.3807158,-0.08997027253459375,0.7412121844571451,0.22270336706963234,93.07400441169739
1780876661.4197743,-0.08967775541289615,0.7406371454019225,0.22253167630223442,93.11306285858154
1780876661.4581225,-0.08937494625397446,0.7402824101617225,0.22233550274580105,93.15141105651855
1780876661.493944,-0.08891664972366013,0.7399417547633267,0.2219776911341569,93.18723249435425
1780876661.5320148,-0.08904449863423901,0.739224623289731,0.22221655037839566,93.22530341148376
1780876661.5682435,-0.08965432702152022,0.7386204034049679,0.22301463247932304,93.26153206825256
1780876661.6048362,-0.08929506422398492,0.7383492265948681,0.222710201339267,93.29812479019165
1780876661.6411877,-0.08864521101159205,0.7374413019509278,0.2222586046430925,93.33447623252869
1780876661.6801434,-0.08770696918751109,0.7368576721217213,0.22142821511466335,93.37343192100525
1780876661.7157817,-0.08751280146948423,0.7365550132537675,0.221330879509173,93.40907025337219
1780876661.753007,-0.08815846361720855,0.7359971104645537,0.22211756761590293,93.44629549980164
1780876661.7898924,-0.08781565733107964,0.7356064837679532,0.2218744782306594,93.48318099975586
1780876661.838513,-0.08763003893476687,0.7351615698027807,0.2217796529965218,93.53180146217346
1780876661.8620043,-0.08808841104903184,0.7347782547355393,0.22237455011417034,93.55529284477234
1780876661.9016082,-0.0879292657837015,0.7342013292167797,0.2223245843453447,93.59489679336548
1780876661.9402485,-0.08819219519454576,0.7336461257801723,0.22273379225514112,93.63353705406189
1780876661.973302,-0.08840887053114867,0.7332062431834516,0.22307435915748042,93.66659045219421
1780876662.0091567,-0.08881388827610222,0.7326655077365349,0.2236331835876185,93.70244526863098
1780876662.0487847,-0.08811217390126592,0.7323503155058286,0.2229791303336888,93.74207329750061
1780876662.0850906,-0.08829339968195662,0.7320854069706213,0.2233305724799931,93.77837920188904
1780876662.1219003,-0.08901819466876612,0.7313782055531177,0.22415718077194324,93.81518888473511
1780876662.1573079,-0.08827944154257554,0.7311890250757798,0.22352770343901304,93.85059642791748
1780876662.1993535,-0.08844678245107498,0.7306320872713274,0.2238245746230217,93.8926420211792
1780876662.232692,-0.08821776924562771,0.730170838349157,0.22367642867227858,93.92598056793213
1780876662.2719002,-0.08902048374075457,0.7295987899946461,0.22465757216427634,93.96518874168396
1780876662.307299,-0.08885509569651037,0.7291715964093293,0.22460710142198687,94.0005874633789
1780876662.3431814,-0.08870037881953186,0.728769091058864,0.22456928944629473,94.03646993637085
1780876662.3796723,-0.08825006563973264,0.7282393455272897,0.2242076376879637,94.07296085357666
1780876662.4145513,-0.08786365954402184,0.7277581737986629,0.2239414885378058,94.10783982276917
1780876662.4551408,-0.08766985495920153,0.727316229960262,0.2238613630692729,94.14842939376831
1780876662.4904594,-0.08750301698428156,0.7267901584921355,0.22378709701383492,94.18374800682068
1780876662.5337875,-0.08792702855542793,0.7263801933348373,0.22436728276410803,94.22707605361938
1780876662.5613995,-0.08763392963122031,0.7260231002242434,0.22419046040998802,94.25468802452087
1780876662.5966058,-0.08623972353067783,0.7253798244872183,0.22289391259112223,94.28989434242249
1780876662.634287,-0.08585895294425637,0.7249541429779924,0.2225937173302956,94.32757568359375
1780876662.672154,-0.08619135037643089,0.7244991065658573,0.22305384337848416,94.36544251441956
1780876662.717576,-0.08586445407187569,0.7240607466813422,0.22282756325584302,94.41086459159851
1780876662.7439778,-0.08656961259974215,0.7237110256315886,0.22368308277145674,94.43726634979248
1780876662.7823935,-0.0862389027011764,0.7233625328022868,0.22343029472863754,94.47568202018738
1780876662.8172452,-0.08555315558155512,0.7229971300573141,0.22280606221741428,94.51053380966187
1780876662.8539414,-0.08572951005455898,0.7226711214106425,0.22313555014356853,94.54723000526428
1780876662.8880923,-0.08509774926364361,0.7220951598651022,0.2225596427239266,94.58138084411621
1780876662.927075,-0.08490441781552743,0.7217293591345659,0.22247545109327585,94.62036347389221
1780876662.9664912,-0.08508872147342746,0.7212136000860223,0.22277286091506543,94.6597797870636
1780876663.0047016,-0.08465363284397928,0.7208900401065497,0.22240855857320685,94.69799017906189
1780876663.0445588,-0.08462116586860303,0.7204693409807315,0.2224826164142919,94.73784732818604
1780876663.0788584,-0.08506706497093054,0.7199336047382077,0.22306876257003885,94.77214694023132
1780876663.1186318,-0.08444823414568411,0.7196466564213868,0.22253891904795017,94.8119204044342
1780876663.1695302,-0.08388292039784956,0.7192404715401859,0.22203827655176075,94.86281871795654
1780876663.1925611,-0.08350717489826796,0.7188398549636785,0.2217559812216193,94.88584971427917
1780876663.2327592,-0.08430412144157912,0.7182335029925495,0.22271970266245966,94.92604780197144
1780876663.2683344,-0.08384275585372453,0.7178869085174551,0.22232585259537724,94.96162295341492
1780876663.304254,-0.08368428326152043,0.7176190296643556,0.22227122668285149,94.9975426197052
1780876663.3398628,-0.08359114350943389,0.7171639947789006,0.2222896097167612,95.03315138816833
1780876663.3733797,-0.08419595752202003,0.7166370379368865,0.22305596449202736,95.06666827201843
1780876663.4145734,-0.0845065086064677,0.7161475239675135,0.2234819316797,95.10786199569702
1780876663.4497266,-0.08443440862788666,0.7156395224384335,0.223525986255136,95.1430151462555
1780876663.4985836,-0.08524144502838896,0.714912645416798,0.22452605979930373,95.19187211990356
1780876663.5196729,-0.08415373222159642,0.7148232435522897,0.22341919097852647,95.212961435318
1780876663.5550404,-0.08453322248244231,0.7143853837013046,0.22396971644021982,95.24832892417908
1780876663.594365,-0.08420049737411744,0.7140457089899508,0.22369591118570187,95.28765344619751
1780876663.6314576,-0.08319672613534225,0.713417277460447,0.22283849076339604,95.32474613189697
1780876663.6642458,-0.08284804254498074,0.7129385115287554,0.22252653047046256,95.35753440856934
1780876663.7010481,-0.08271965911252635,0.7129192347869662,0.22252209277062293,95.39433670043945
1780876663.7374582,-0.08233102831991479,0.7125253658563506,0.22215307200554352,95.43074679374695
1780876663.7737384,-0.08338216956696569,0.7120481385798407,0.22341254879238684,95.46702694892883
1780876663.8095133,-0.08281698714597391,0.7118929774900322,0.22289072616601713,95.5028018951416
1780876663.8458595,-0.08340876517578402,0.7114672939873552,0.2236429084689668,95.5391480922699
1780876663.887194,-0.08195985234918926,0.7113795997725363,0.22215048945009488,95.58048248291016
1780876663.9235308,-0.08287775067372036,0.7110020776010733,0.22325476224224494,95.61681938171387
1780876663.95735,-0.0824603324803308,0.7105529603152088,0.22288648220402513,95.65063858032227
1780876663.9943323,-0.082561018111768,0.7103146386443306,0.22313345961931555,95.6876208782196
1780876664.0275192,-0.08261572191167996,0.7098505503287285,0.22327704155491196,95.72080779075623
1780876664.0632536,-0.08307248621855853,0.7093996722738247,0.22388425091871614,95.75654220581055
1780876664.1005192,-0.08270828250569336,0.7091564293765664,0.223579901242251,95.79380774497986
1780876664.1340623,-0.08227856865822225,0.7088426894787694,0.22322227649704848,95.82735085487366
1780876664.1677668,-0.08363396736513058,0.7082049634104459,0.22477985131978184,95.86105537414551
1780876664.205425,-0.08307795897134533,0.707939729907898,0.22428299310705144,95.8987135887146
1780876664.243272,-0.08366565980248264,0.7076397747587941,0.22500155745100184,95.93656063079834
1780876664.2795455,-0.08305262626343905,0.7073411136226138,0.22444346056533904,95.97283411026001
1780876664.312991,-0.08290987653762066,0.7070487520859503,0.22436077917140226,96.00627946853638
1780876664.3481166,-0.08328585241279476,0.7067680873010254,0.2248472076550054,96.04140520095825
1780876664.380992,-0.08396549777896778,0.7064403591739414,0.2256422992480991,96.07428050041199
1780876664.4201484,-0.08344583818702091,0.706126732714278,0.2251868441055381,96.11343693733215
1780876664.45771,-0.083821583870857,0.7056882577011174,0.22571183792090702,96.15099859237671
1780876664.4931772,-0.08353327613313864,0.7053749810525871,0.22547626158971557,96.18646574020386
1780876664.5291324,-0.08315820012809697,0.705222061697721,0.22518178071924863,96.22242093086243
1780876664.5683703,-0.08372267922018649,0.7046217548844682,0.22586506428034875,96.26165890693665
1780876664.6061277,-0.08271120236740725,0.7045791150082756,0.22489961041364465,96.29941630363464
1780876664.6425643,-0.0835271114177757,0.7039240482709415,0.22583118357107265,96.33585286140442
1780876664.675349,-0.08317987094029478,0.7035172445078901,0.2255413389561632,96.3686375617981
1780876664.7105656,-0.08235742196357973,0.7031994238023989,0.2248185906096415,96.40385413169861
1780876664.745018,-0.08190007595282778,0.7026585730180961,0.22441512629520935,96.4383065700531
1780876664.7839005,-0.08091421860964318,0.7025886469318681,0.22347586397263144,96.47718906402588
1780876664.8215365,-0.08129349019020082,0.7019663484551333,0.22398884161242416,96.51482510566711
1780876664.8583195,-0.0813800681963603,0.7018005435103563,0.2241448429274278,96.55160808563232
1780876664.8942287,-0.08198118586423238,0.701287837196483,0.22483129721646328,96.58751726150513
1780876664.9288664,-0.080674819428711,0.7012590434500328,0.22355574796574337,96.62215495109558
1780876664.964971,-0.08061358067268293,0.7009457551726261,0.22355964804804748,96.65825963020325
1780876665.003764,-0.08027490720814225,0.7006375236140387,0.22329445992881916,96.69705247879028
1780876665.037336,-0.08045704851051313,0.7003115383465994,0.22354207520070837,96.73062467575073
1780876665.0747967,-0.08048732168866271,0.7000173901107065,0.22364843335733975,96.76808524131775
1780876665.1145306,-0.0800807468866934,0.6997956461382828,0.22331409349511813,96.8078191280365
1780876665.1514413,-0.08001724931621881,0.699468931504863,0.22328218069561948,96.84472990036011
1780876665.18952,-0.08017054887913702,0.6990744396746278,0.2235627880646906,96.88280844688416
1780876665.2237601,-0.0803194474891829,0.6987037735850412,0.2237744287923258,96.91704869270325
1780876665.2621045,-0.08081936139733663,0.6984597079911754,0.2243947906720727,96.955393075943
1780876665.2982821,-0.08049873770194699,0.6981360474214273,0.22416353952672768,96.99157071113586
1780876665.3337421,-0.08003618516405744,0.6978525560154714,0.2236624338734009,97.02703070640564
1780876665.3714607,-0.08070145939877223,0.6976254926779197,0.2245093146919147,97.06474924087524
1780876665.4069374,-0.07952733513892045,0.6975242557791392,0.22331820777210928,97.10022592544556
1780876665.4500527,-0.08087495229713364,0.6968518694566173,0.2248093529216388,97.1433413028717
1780876665.48123,-0.080205965942245,0.6967905455858427,0.22419130692016911,97.17451858520508
1780876665.5263963,-0.07936421197386566,0.6966428314122448,0.22336995922334493,97.21968483924866
1780876665.5493572,-0.08077194907406991,0.696144229200975,0.2249104349828562,97.24264574050903
1780876665.5830786,-0.07989602143674854,0.6958534651835298,0.22405584942386195,97.2763671875
1780876665.6311324,-0.08035623672265482,0.6955779321830347,0.22467650173382805,97.32442092895508
1780876665.6653836,-0.07992480375669375,0.6953438707122936,0.22421339018918224,97.35867214202881
1780876665.7031448,-0.0806389011262792,0.694933184066979,0.22515119573830897,97.39643335342407
1780876665.754231,-0.080210806801028,0.6949418586103815,0.2247284389106704,97.44751954078674
1780876665.7819695,-0.08046523211319279,0.6944332893738143,0.22502355272130117,97.47525811195374
1780876665.8146172,-0.07930425666420898,0.694354304205131,0.2238778860364105,97.50790572166443
1780876665.8511586,-0.07900721998902753,0.6942001672751426,0.2236206488363481,97.54444718360901
1780876665.897578,-0.08001575555999008,0.6937314128939693,0.22476189503842756,97.59086656570435
1780876665.9221876,-0.07806064501950555,0.6936745201679002,0.22275044312974746,97.61547613143921
1780876665.961781,-0.07955060277901381,0.6926533662465901,0.22449717866103863,97.65506958961487
1780876665.9944313,-0.07912379549014731,0.6932049889637037,0.22396397815094898,97.68771982192993
1780876666.0337152,-0.07812728374261128,0.6927971394035957,0.22300576042652678,97.72700381278992
1780876666.078881,-0.07769196665649128,0.6926097870835308,0.22261117333846045,97.77216958999634
1780876666.106792,-0.0787392046760373,0.6921696429045248,0.2237858922187397,97.80008053779602
1780876666.1406946,-0.0789065912416412,0.6910472431300645,0.22418643705837074,97.8339831829071
1780876666.1750722,-0.07782097718509662,0.6914626902625072,0.22299902244747719,97.86836075782776
1780876666.2105825,-0.07741300820593734,0.6912665805210867,0.2225840299323695,97.90387105941772
1780876666.2452092,-0.07798853639579814,0.6909142647506901,0.22329607431767665,97.93849778175354
1780876666.2858741,-0.07793568837161041,0.6908302839085709,0.22325962442057232,97.97916269302368
1780876666.3200912,-0.07804821471647733,0.6906238677588725,0.22346102035693782,98.0133798122406
1780876666.353064,-0.07783048047528171,0.6903738880016637,0.22329214966250716,98.04635262489319
1780876666.3916934,-0.07769099728602255,0.6902599961307918,0.2231691943302036,98.08498191833496
1780876666.433679,-0.07805726640228099,0.69015059804202,0.22362789872217603,98.12696766853333
1780876666.4681199,-0.07975953878252887,0.6892595452587773,0.22564181335404124,98.16140842437744
1780876666.505632,-0.07844317900661395,0.6894937618382759,0.22418845914178193,98.19892048835754
1780876666.5456233,-0.07756530944108792,0.6894839270048843,0.22326490274532568,98.23891186714172
1780876666.5831392,-0.08013633925138698,0.6884084550957084,0.22619791460176478,98.27642774581909
1780876666.6208372,-0.07885672659876984,0.6886566780845662,0.22485642644891385,98.3141257762909
1780876666.657949,-0.0783196494504982,0.6885937391100947,0.22427804287430397,98.35123753547668
1780876666.6941302,-0.08001894919327081,0.6875982221570553,0.22630112789413623,98.38741874694824
1780876666.7336297,-0.07990827330946626,0.6872905297679468,0.22623575144158908,98.42691826820374
1780876666.7797034,-0.07842769835963057,0.6877728793033244,0.22458018519480882,98.47299194335938
1780876666.806793,-0.0796520100118428,0.6869232407588985,0.22605885329099976,98.50008153915405
1780876666.843663,-0.07966921054212459,0.6866049210651377,0.22615389374318534,98.53695154190063
1780876666.883299,-0.07824907251600367,0.687130232630464,0.22457454092034676,98.57658767700195
1780876666.9164102,-0.07863272438721552,0.6861136073512137,0.22515748149750642,98.60969877243042
1780876666.965316,-0.07847694228473201,0.685868679914813,0.22506407063785144,98.6586046218872
1780876666.9912734,-0.07888453728650635,0.6863263326575271,0.22543486237730836,98.68456196784973
1780876667.0279775,-0.07823358230281358,0.6854052362294534,0.22489800676450644,98.72126603126526
1780876667.063737,-0.07956883647168658,0.6851125978996502,0.22639475316415097,98.75702548027039
1780876667.1040623,-0.07644422818816399,0.6856369631212438,0.22299868932579692,98.79735088348389
1780876667.1395633,-0.07850023950167781,0.6848616963238943,0.22539123400212582,98.83285188674927
1780876667.1761913,-0.07861842709044992,0.6850938043574457,0.2254712478499495,98.86947989463806
1780876667.2131922,-0.07716089874199104,0.6849251587040877,0.22396929385350944,98.90648078918457
1780876667.252876,-0.07804205337403296,0.6843446973542935,0.2250688868396104,98.94616460800171
1780876667.2822552,-0.07812505213487439,0.6842517067981764,0.22512167123794138,98.9755437374115
1780876667.3225477,-0.07780474247062882,0.6839074395645339,0.2249767616853564,99.01583623886108
1780876667.35847,-0.07916954028508652,0.6833349308088921,0.22651234365528514,99.05175852775574
1780876667.3925931,-0.07833269837374626,0.6837396934013433,0.22551800296626168,99.08588171005249
1780876667.4315622,-0.0773827976171035,0.6835432684983618,0.2245576100724173,99.12485074996948
1780876667.4627297,-0.07925364075729209,0.6827968924078187,0.2268154350467747,99.15601825714111
1780876667.5020127,-0.07914888614433137,0.6825592497897144,0.2267243375767179,99.19530129432678
1780876667.5372567,-0.07733858714586868,0.6827839527102018,0.22468898904356127,99.23054528236389
1780876667.5749848,-0.07894366616682044,0.682140363548045,0.2266264970518938,99.26827335357666
1780876667.611046,-0.07846020482616935,0.6818274297666989,0.22613056048645244,99.30433464050293
1780876667.6486795,-0.07836138751699778,0.6819871721717417,0.22595315902942756,99.3419680595398
1780876667.6870372,-0.07829689528832307,0.6812057408663692,0.22606720550787276,99.38032579421997
1780876667.7190895,-0.07756803867200611,0.681231783161641,0.22538694691917874,99.41237807273865
1780876667.7564251,-0.07954475461828672,0.6812571974983317,0.22741404132993664,99.44971370697021
1780876667.7993572,-0.07694249778261478,0.6810609740326716,0.22468623846432778,99.49264574050903
1780876667.8336644,-0.07600232559333175,0.6805032226853747,0.223918296611919,99.52695298194885
1780876667.8744063,-0.07706804642667513,0.6799186114621323,0.22510456808379783,99.56769490242004
1780876667.9120803,-0.07718200090774646,0.6801116883255758,0.22518432284442716,99.60536885261536
1780876667.9476666,-0.07702503069608015,0.6794560915881742,0.22515958277952935,99.64095520973206
1780876667.9840407,-0.07761964616723416,0.6795515523762186,0.22584148559615336,99.6773293018341
1780876668.0234947,-0.07634793813941965,0.6793476054436993,0.22451984719132692,99.71678328514099
1780876668.059809,-0.0771075796576785,0.6794460584689588,0.22529379085820495,99.75309753417969
1780876668.1125047,-0.07762003223605893,0.6790284723844418,0.2260344281323616,99.80579328536987
1780876668.1331565,-0.07727529186466363,0.6792385713397071,0.22576054575501753,99.82644510269165
1780876668.167372,-0.0768898714950544,0.6783577710312836,0.22531835109336568,99.86066055297852
1780876668.204164,-0.07583520059408816,0.678896443693215,0.2240652379978702,99.89745259284973
1780876668.2386904,-0.0778216198877629,0.6779308708215799,0.22646172024098915,99.93197894096375
1780876668.2814252,-0.07769365441962585,0.678310072288214,0.2264616911535695,99.97471380233765
1780876668.3150706,-0.0777112907436176,0.6777972341333482,0.22644631792914138,100.00835919380188
1780876668.3492746,-0.07639183958621201,0.6780297588070878,0.22494317994895624,100.04256319999695
1780876668.3852963,-0.07788985744993743,0.677511893155855,0.22682868106672444,100.07858490943909
1780876668.421755,-0.0786692806924678,0.6769633261125598,0.2276304760361756,100.11504364013672
1780876668.4562943,-0.0781753276454942,0.6767814524833142,0.22714643360980102,100.149582862854
1780876668.5077286,-0.07708408244134682,0.6770948138745252,0.22609233483995878,100.20101714134216
1780876668.5339496,-0.07775799545467425,0.6765255600615245,0.22682261596920456,100.22723817825317
1780876668.5695999,-0.07605069586252167,0.6768601810986135,0.22487773921564022,100.26288843154907
1780876668.6027231,-0.07784271711778669,0.6760539357089936,0.2270067683187506,100.29601168632507
1780876668.6402724,-0.07663593104818096,0.676257427053409,0.22576853300867633,100.33356094360352
1780876668.6788933,-0.07805982459580564,0.6755652621620147,0.22731510652436987,100.37218189239502
1780876668.7111766,-0.07583071887240889,0.6760951227998229,0.22485909349494465,100.40446519851685
1780876668.748635,-0.07752388716717254,0.6754324617431824,0.22693106880902458,100.44192361831665
1780876668.7897027,-0.07747340198053741,0.6752009627844906,0.22694480053772267,100.4829912185669
1780876668.8241746,-0.07748433894851016,0.6749380330494421,0.22687993240958815,100.51746320724487
1780876668.8625944,-0.07785652069274736,0.6746993198250546,0.22742034169024064,100.55588293075562
1780876668.8948617,-0.0769742836193024,0.674597756238865,0.22649643257138782,100.58815026283264
1780876668.929759,-0.07765559989782869,0.6742926211636462,0.22727615456322883,100.62304759025574
1780876668.9666655,-0.07783948810591632,0.6741762276548267,0.22754630784258245,100.65995407104492
1780876669.0030737,-0.07763416686866362,0.6738678275787982,0.22736632227035128,100.69636225700378
1780876669.0434406,-0.07724755630596343,0.6737509596223552,0.2270126996451312,100.73672914505005
1780876669.075164,-0.07730998897814381,0.6736133013803411,0.22712613215363983,100.76845264434814
1780876669.1113384,-0.07693291684256245,0.6735765656979371,0.22669143472820175,100.80462694168091
1780876669.149181,-0.0776414912498599,0.6733763135531055,0.22760447188114283,100.84246945381165
1780876669.184603,-0.0764257480928301,0.6733772919747065,0.22619563645272892,100.87789154052734
1780876669.2240522,-0.07698205128159243,0.6731444613762421,0.22701725995916752,100.91734075546265
1780876669.2605722,-0.07738166066128642,0.6726160025436061,0.2274170931813416,100.95386075973511
1780876669.2928581,-0.07681554013659314,0.6728189842260293,0.22689056840501795,100.9861466884613
1780876669.3317387,-0.07706492714896188,0.672560122783816,0.22720587308929874,101.02502727508545
1780876669.3703656,-0.0778578980009907,0.6721407254874112,0.22809120708380132,101.06365418434143
1780876669.4037106,-0.0764853256253875,0.6723030511903818,0.22664012739545958,101.096999168396
1780876669.441791,-0.07685520199179248,0.6719990769604243,0.2271038395379023,101.13507962226868
1780876669.4822881,-0.07647092928273473,0.6719774487929355,0.2267093583922559,101.17557668685913
1780876669.5320354,-0.07603232717927531,0.6718114596015994,0.2262819928465865,101.22532391548157
1780876669.5523326,-0.07605392143142617,0.6716557586536833,0.2263634795809845,101.24562120437622
1780876669.5929787,-0.07626626896513343,0.6714059313432768,0.22663191490552237,101.28626728057861
1780876669.6241174,-0.07596678666680803,0.6712944891013752,0.22634620478241155,101.31740593910217
1780876669.6667228,-0.075458665495348,0.6712485306385299,0.22583240846643718,101.36001133918762
1780876669.700884,-0.076456868491285,0.670622055568256,0.2269448018065548,101.39417266845703
1780876669.735717,-0.07523665736757823,0.6709058753359749,0.2257190485028926,101.42900562286377
1780876669.774098,-0.07537415440914864,0.6706837902552818,0.22587269255659814,101.46738648414612
1780876669.8103514,-0.07512416512828508,0.6704870271963428,0.22563406243400824,101.50363993644714
1780876669.8471596,-0.07373898639860695,0.6702220365166229,0.22421581111026817,101.54044818878174
1780876669.882293,-0.07459957898881492,0.6696579585634719,0.22516442788918825,101.57558155059814
1780876669.9184651,-0.07428590181130328,0.6697198483010629,0.22490917188572876,101.6117537021637
1780876669.9579601,-0.07481229649539563,0.6694072925311281,0.22547060824167214,101.65124869346619
1780876669.9960344,-0.07415941739546184,0.6695064830398922,0.22482622431390945,101.68932294845581
1780876670.035675,-0.07445359773082026,0.6692788976651387,0.22519906731239892,101.72896361351013
1780876670.069243,-0.07468313701274538,0.6690660395804493,0.22546061318511593,101.76253151893616
1780876670.1040823,-0.0740790447673934,0.6692729738715288,0.22486319121987094,101.79737091064453
1780876670.1421704,-0.07405065610748619,0.6690957986150072,0.2248564201585528,101.83545899391174
1780876670.1771674,-0.07414741490898662,0.6688606485608115,0.224983113680779,101.8704559803009
1780876670.2142558,-0.07417466645951852,0.6687869204827557,0.22506305026429022,101.90754437446594
1780876670.2491567,-0.07492678321799452,0.668170867291155,0.22589950072542744,101.94244527816772
1780876670.2944212,-0.07453520982717304,0.6686432661812958,0.2255843097442182,101.9877097606659
1780876670.3206117,-0.07492199609628596,0.6679236994003508,0.2259671872778485,102.01390027999878
1780876670.3565004,-0.07513581226610093,0.6681140544795445,0.22630912183551974,102.04978895187378
1780876670.39421,-0.07468695516094868,0.6680150162854384,0.22583235213337524,102.08749866485596
1780876670.4280844,-0.07487251937321159,0.6676845686952817,0.22607201221143336,102.12137293815613
1780876670.4647663,-0.0744646095910457,0.6678358178026145,0.22568696674001587,102.1580548286438
1780876670.4981437,-0.07512736607058716,0.6671739932652894,0.22637207313736601,102.19143223762512
1780876670.5332084,-0.07460071529744958,0.6674763703165618,0.22587011092811268,102.22649693489075
1780876670.573924,-0.07478460009964509,0.6673909860574312,0.2261812693384678,102.26721262931824
1780876670.6132245,-0.07508501608105819,0.6667964104622295,0.22644061143313296,102.30651307106018
1780876670.6468518,-0.0752543453447645,0.6665811702375226,0.22665924392495745,102.3401403427124
1780876670.68096,-0.07441637821688532,0.6669966290041933,0.22586417147127053,102.37424850463867
1780876670.7168586,-0.07490855363138561,0.6663328185747883,0.22635132605003683,102.410147190094
1780876670.7529328,-0.07498930217771191,0.6664957237286533,0.22654627158172397,102.44622135162354
1780876670.7855625,-0.07450842836753442,0.6664794189258791,0.22607603462968873,102.4788510799408
1780876670.819869,-0.07474490106980365,0.6661107067068668,0.22632122566600282,102.51315760612488
1780876670.8548586,-0.07496447632269185,0.6659898339584767,0.22660784646094548,102.54814720153809
1780876670.8937986,-0.07499976155726568,0.6659481381354082,0.22671049222359008,102.58708715438843
1780876670.9279828,-0.07460968192585368,0.6656724774219558,0.2262576379688133,102.62127137184143
1780876670.9646502,-0.07452105439651881,0.6658309481212588,0.22625298064368507,102.65793871879578
1780876671.001614,-0.07486714839979056,0.6656219611595824,0.2266101948749463,102.69490265846252
1780876671.034725,-0.07434303182471647,0.6656689034639731,0.22612811184718695,102.72801351547241
1780876671.077768,-0.07478259650248008,0.6652384654886749,0.22657476518867,102.77105665206909
1780876671.104018,-0.07453604173365351,0.6651632059783648,0.2263054830118816,102.79730653762817
1780876671.1428442,-0.07491296426701158,0.6653437481141495,0.22686161114103917,102.83613276481628
1780876671.1803863,-0.07468516109394706,0.6650652571468345,0.22652629260626117,102.87367486953735
1780876671.22042,-0.07468302347475249,0.6650663928816651,0.2266645373409763,102.91370844841003
1780876671.2462485,-0.07451112591432857,0.6647674336528804,0.22643798543616053,102.93953704833984
1780876671.281587,-0.07454280312044104,0.6647422933676121,0.2264936090804785,102.97487545013428
1780876671.3207626,-0.0749793175338678,0.6647567244052146,0.22708313517932124,103.01405119895935
1780876671.3600628,-0.07430821628271185,0.6645812205080104,0.22626680566827806,103.05335140228271
1780876671.393923,-0.07495096648017949,0.6644615845258164,0.2271046766325694,103.08721160888672
1780876671.4297283,-0.07454979601357112,0.6643942314720921,0.22666294463582878,103.12301683425903
1780876671.46531,-0.07432363303225921,0.664364911628941,0.22644022296488261,103.15859866142273
1780876671.5027041,-0.07499906267298273,0.6641830033037002,0.22724604382719987,103.19599270820618
1780876671.5380137,-0.0745539045833729,0.6639776034915368,0.2267050425025071,103.23130226135254
1780876671.575231,-0.07452556790040601,0.6641939201236571,0.22680352217437005,103.26851963996887
1780876671.6101103,-0.0752071886004771,0.6637772653438943,0.2275430595295671,103.30339884757996
1780876671.6458113,-0.07468033044981703,0.6638526391329589,0.22698894399621594,103.3390998840332
1780876671.6853883,-0.07483535688672531,0.6637933171678339,0.2271928818983241,103.3786768913269
1780876671.7288,-0.0739485027859022,0.6638027335506467,0.22620029850166445,103.42208862304688
1780876671.768488,-0.07480020342948832,0.6636394954463476,0.22722760890724866,103.46177649497986
1780876671.7942593,-0.07492933341250857,0.6634260590190744,0.22737996831776766,103.48754787445068
1780876671.8320007,-0.07473713438013137,0.6634775390747223,0.22724135678063256,103.52528929710388
1780876671.8688836,-0.07495859705807939,0.6632481906372476,0.22746998432245175,103.56217217445374
1780876671.907235,-0.07490819266957371,0.6632198248052215,0.22740173126857952,103.60052347183228
1780876671.945388,-0.07493089657953285,0.663235749182981,0.22750808590359597,103.63867664337158
1780876671.978624,-0.07450412494859654,0.6631161513194896,0.22706421076369654,103.6719126701355
1780876672.0164702,-0.07425502866971453,0.6632127548027629,0.22683886383649843,103.70975875854492
1780876672.0519457,-0.07460282951607886,0.6629515647520974,0.2271691039669216,103.74523425102234
1780876672.0892,-0.07421780440794791,0.6630494489497445,0.22682136224995417,103.78248858451843
1780876672.126941,-0.07427292794383475,0.6627742958946161,0.22688711371043427,103.82022953033447
1780876672.161007,-0.07434759230571236,0.6628734813639758,0.22701637483716738,103.85429549217224
1780876672.2000606,-0.07414158431494436,0.6627702856268587,0.22680816285426178,103.89334917068481
1780876672.2350826,-0.07389245734022022,0.6626477186069524,0.2265575649301722,103.92837119102478
1780876672.2756228,-0.07419123088074753,0.662373350636936,0.22689580603818077,103.96891140937805
1780876672.3190973,-0.07407127095548925,0.6624648987858899,0.2268074027277742,104.01238584518433
1780876672.3449187,-0.07384268647654481,0.662415909411868,0.22657894195279182,104.03820729255676
1780876672.3873007,-0.07345952976333066,0.6623503470119794,0.22618862550012556,104.0805892944336
1780876672.418891,-0.07390232252862988,0.662128078970923,0.2266950165783941,104.11217951774597
1780876672.4634378,-0.07265276160239773,0.6623880956523291,0.22537466313833873,104.15672636032104
1780876672.496103,-0.07290691005407464,0.6622752699630323,0.22567680484520142,104.18939161300659
1780876672.532018,-0.07418619693604231,0.6616338428849162,0.227089348314572,104.2253065109253
1780876672.5683177,-0.07254474927713726,0.662081369513053,0.22533535582483608,104.26160621643066
1780876672.6064878,-0.07235159469242636,0.6617985376505211,0.22512946505878942,104.29977631568909
1780876672.6431684,-0.0719379963839761,0.6618912664861993,0.22472079977849704,104.33645701408386
1780876672.6774075,-0.07245144866520885,0.6615567244287173,0.22527526134475123,104.37069606781006
1780876672.7209394,-0.07202625228830618,0.6615021719670768,0.22489670748244334,104.4142279624939
1780876672.751337,-0.07259077262074225,0.6612377968098373,0.2254948519524753,104.44462561607361
1780876672.7879355,-0.07062830064911738,0.661306177915705,0.22338082005569698,104.4812240600586
1780876672.8237176,-0.07151687530468877,0.6611120673698665,0.2244217062282408,104.51700615882874
1780876672.8614388,-0.07339926819787285,0.66074382214221,0.22644669360819886,104.55472731590271
1780876672.901861,-0.07056743746180189,0.6610037208086905,0.22342320429213677,104.59514951705933
1780876672.9359438,-0.07227059013813128,0.6605980367349047,0.22529826021877664,104.62923240661621
1780876672.9718025,-0.0718098391932752,0.6607188013357232,0.22487158465835827,104.66509103775024
1780876673.0066183,-0.07234824336623998,0.6603339398020878,0.2254425063397302,104.69990682601929
