t,x,y,z,yaw,time_s
1780876568.4224308,5.00256830846134,-2.985953834614688,0.21871317787902408,-0.3448393898259945,0.11571931838989258
1780876568.4425402,5.002611359563344,-2.9858064441657217,0.21857972934017866,-0.3428054280427615,0.13582873344421387
1780876568.4651039,5.002709259776027,-2.985839485017047,0.2186701509519472,-0.3405071805562865,0.15839242935180664
1780876568.4878721,5.002753846658422,-2.9857305620797963,0.21872517240323872,-0.3384197197364016,0.18116068840026855
1780876568.5085142,5.002795454816282,-2.9856169649329742,0.218609139805661,-0.3363408244464514,0.20180273056030273
1780876568.5298254,5.002880408016459,-2.9856480688121545,0.21860641791944901,-0.33405483098844213,0.223114013671875
1780876568.5523324,5.002908898860021,-2.985533537221538,0.21867965257746014,-0.3319815315483954,0.2456209659576416
1780876568.5733004,5.002950921469039,-2.9854628712917486,0.21861185192159333,-0.3298513801633738,0.2665889263153076
1780876568.595251,5.002981815849381,-2.9853806020057823,0.21868278889740922,-0.3277362013371259,0.2885396480560303
1780876568.6155846,5.003006429698424,-2.985281328921871,0.21857535020187582,-0.32565293269693374,0.30887317657470703
1780876568.6411643,5.003067050778392,-2.9853114874451534,0.21859102994798618,-0.32338380580969384,0.33445286750793457
1780876568.66159,5.003084806969392,-2.9852310479086728,0.2186835497614384,-0.3212768562673807,0.35487866401672363
1780876568.6860464,5.003083044118201,-2.9850935418134488,0.21859200236416135,-0.3192610905328377,0.3793349266052246
1780876568.7083294,5.003130417013433,-2.9851337887188696,0.21874780323029508,-0.31698942673773844,0.40161800384521484
1780876568.7294042,5.003149151342457,-2.9850892188981177,0.21876145133094396,-0.31484286687882035,0.42269277572631836
1780876568.7538803,5.003123136455657,-2.984916040867911,0.21865697463534156,-0.3128876583799993,0.44716882705688477
1780876568.7752016,5.0031591005854015,-2.9849582300323343,0.21874504674104117,-0.3106281190347393,0.4684901237487793
1780876568.8011258,5.0031765806750395,-2.9849466842074173,0.2186756424836362,-0.308445036673779,0.4944143295288086
1780876568.8248165,5.003145662821579,-2.9847991965419305,0.2186115985420025,-0.30646553183702485,0.5181050300598145
1780876568.845121,5.003165713513955,-2.9848370613695807,0.2187512109213816,-0.30422560898761386,0.5384094715118408
1780876568.8679376,5.00315621414239,-2.98478485065044,0.21875197916257993,-0.30211590308493497,0.5612261295318604
1780876568.892439,5.003123911353091,-2.984669513651585,0.21868783217517013,-0.3001038989347724,0.5857274532318115
1780876568.9116602,5.003143638150236,-2.9847393429096565,0.2186473640695468,-0.2978306829942077,0.6049487590789795
1780876568.933424,5.003107068205065,-2.984643908843978,0.21871730810269008,-0.29579872958263964,0.6267125606536865
1780876568.9537787,5.003073025347744,-2.9845593813019105,0.21864236419745453,-0.2937595628654224,0.6470673084259033
1780876569.2932165,5.002912066039082,-2.9843856067432513,0.21860306054158438,-0.2832755745999189,0.9865050315856934
1780876569.2932467,5.002874239625072,-2.9843673228548195,0.21858622453542606,-0.28117286409132536,0.9865353107452393
1780876569.2932527,5.002850307283182,-2.9844103420634163,0.21854741871567523,-0.27898495363521736,0.9865412712097168
1780876569.2932584,5.002777260830214,-2.9842999285332317,0.21858776675057506,-0.27702508144317894,0.9865469932556152
1780876569.2932649,5.002730891752244,-2.9842905294420436,0.21859952618107514,-0.2749272501032678,0.986553430557251
1780876569.293265,5.0026828633954485,-2.984284595692275,0.218559013467143,-0.27282578757487697,0.9865536689758301
1780876569.2932656,5.002636444839549,-2.9843004262855177,0.2185802293025706,-0.27070322438671246,0.9865541458129883
1780876569.2932658,5.002559407019882,-2.9842191779791785,0.2186166291105187,-0.26872394542056544,0.9865543842315674
1780876569.293266,5.0025060065196625,-2.9842283867465236,0.21856483155759332,-0.26662100801374944,0.9865546226501465
1780876569.2932663,5.00243173069722,-2.984173843093045,0.2185615672016832,-0.2646152531217938,0.9865548610687256
1780876569.3076968,5.002370521746184,-2.9841795768947,0.2185787127710457,-0.2625305045749222,1.0009853839874268
1780876569.3312244,5.002295384988519,-2.984142516798004,0.21856893174720454,-0.26050932786367564,1.0245130062103271
1780876569.3537688,5.002217268343712,-2.984095124896773,0.21845349181081097,-0.25851295182300627,1.0470573902130127
1780876569.3739066,5.002162139788106,-2.984150310902389,0.21840243549382013,-0.2563707296112203,1.067195177078247
1780876569.4001944,5.002057418326804,-2.9840353959455372,0.21847797234927546,-0.25448341736621893,1.0934829711914062
1780876569.4210784,5.001982628630465,-2.9840349928355,0.21845913876602746,-0.2524367437556654,1.1143670082092285
1780876569.4457767,5.001931079909093,-2.984130824690288,0.21837185452629737,-0.2502521862525895,1.1390652656555176
1780876569.4682817,5.001818477673604,-2.984013072243672,0.21851132721017608,-0.24838801991547443,1.1615703105926514
1780876569.4883761,5.001740001592419,-2.9840107656102064,0.218315879758271,-0.24636041112871698,1.1816647052764893
1780876569.516467,5.001659490923978,-2.984018338929548,0.21822807840124897,-0.2443225829432305,1.2097556591033936
1780876569.537783,5.001557787952134,-2.9839700371935205,0.2184076209268519,-0.24237548775244067,1.2310714721679688
1780876569.5616722,5.00147114392436,-2.9839580456670953,0.21827994980809434,-0.2403784570719325,1.2549607753753662
1780876569.5849335,5.001382469298679,-2.9839479598720913,0.21811331643747187,-0.23838408040553416,1.2782220840454102
1780876569.6049743,5.001283576497039,-2.9839409051186725,0.21845160134318628,-0.23639408318936272,1.2982628345489502
1780876569.6281383,5.001199103499589,-2.9839306901336826,0.21797510014249577,-0.23440882186690537,1.3214268684387207
1780876569.652865,5.001092868137356,-2.983912752508764,0.21838342794010468,-0.23244668997518803,1.3461534976959229
1780876569.6730275,5.001001923000138,-2.9838768060703664,0.2178281298067145,-0.23051018915289756,1.3663160800933838
1780876569.6972895,5.00089226564967,-2.9838683974923854,0.21842739055293803,-0.22854641186826274,1.390578031539917
1780876569.7183554,5.000818960214367,-2.983907285532399,0.2177531673816494,-0.22650828887171892,1.4116439819335938
1780876569.7405322,5.000714484113926,-2.9839260175360804,0.2183558725758093,-0.22451245724802416,1.4338207244873047
1780876569.7651296,5.000595869316506,-2.983781893089038,0.21774821511603343,-0.22276065646724108,1.4584181308746338
1780876569.786053,5.000459650195345,-2.9836366872796294,0.21804757067780836,-0.22102212001609445,1.4793415069580078
1780876569.8092332,5.000411853655346,-2.9838649815437965,0.21805927547344223,-0.21872586914917225,1.5025217533111572
1780876569.8296616,5.0003595159207785,-2.9840312034578487,0.21757007392870895,-0.21651844439642254,1.5229501724243164
1780876569.8548942,5.000253145773379,-2.9840227145287845,0.2178263861062558,-0.21458819019805375,1.548182725906372
1780876569.8764806,5.000077706221263,-2.9836863423138618,0.21801643248690816,-0.21316154693268397,1.5697691440582275
1780876569.9019587,4.999967740911602,-2.9836393248967865,0.2180678152456067,-0.21130407076485103,1.5952472686767578
1780876569.9252431,4.999920085247761,-2.983845719096481,0.21778631931284412,-0.20888973612741824,1.6185317039489746
1780876569.945788,4.999808582583257,-2.9837917282178825,0.21784680121383784,-0.2068303971680474,1.6390764713287354
1780876569.9699864,4.999657772346636,-2.9835444542368195,0.21794616392031294,-0.20508661047288346,1.6632750034332275
1780876569.9928231,4.999596111812794,-2.9836859447859494,0.21765155778909526,-0.20275425675511372,1.6861116886138916
1780876570.0130467,4.999500447613401,-2.983719680312184,0.2179367364855479,-0.20051933184716875,1.7063353061676025
1780876570.0355856,4.999356311820469,-2.983441536620637,0.21753516353429814,-0.19861377297472327,1.7288742065429688
1780876570.0558043,4.999245234927083,-2.983369888932807,0.21764318871581978,-0.1964088107361075,1.7490928173065186
1780876570.0792646,4.999197344939833,-2.983613949096791,0.21776815724195756,-0.1937336486974468,1.7725532054901123
1780876570.1016557,4.999100206712779,-2.983602484621434,0.21783613160067014,-0.1914668497959604,1.7949442863464355
1780876570.1233315,4.998930719431151,-2.9831552585776637,0.21743319540556963,-0.18968408182841623,1.816620111465454
1780876570.14456,4.9988253158283555,-2.9830148704315413,0.21687047425393666,-0.18737931493268833,1.8378486633300781
1780876570.1649685,4.998728836984427,-2.983024995836419,0.2173236211187322,-0.1848703161229892,1.8582570552825928
1780876570.1880093,4.998709508228837,-2.9834093733544496,0.21754193883573744,-0.18179877709381698,1.8812978267669678
1780876570.210848,4.998640042574619,-2.9835453042038056,0.21802312998527926,-0.1790823599322624,1.9041366577148438
1780876570.2319114,4.998483408352048,-2.983048979258114,0.21730035415029814,-0.17709928552618237,1.9251999855041504
1780876570.2550516,4.9983455223063435,-2.98265775476452,0.2167096543892029,-0.17498833448530826,1.9483401775360107
1780876570.2755144,4.998248403633915,-2.9825362890350617,0.21657086197695438,-0.17248431037306577,1.9688029289245605
1780876570.2982993,4.998191482587241,-2.9826847574361386,0.2168946119986686,-0.16958714735965819,1.9915878772735596
1780876570.3201995,4.998143595400639,-2.9829144907417398,0.2176269941506292,-0.16632120510592774,2.0134880542755127
1780876570.3401375,4.998128576450848,-2.9831746591230175,0.21711759914205006,-0.16286454922891824,2.03342604637146
1780876570.363832,4.998077724016357,-2.983245170400002,0.21701873852535222,-0.15975568782537186,2.0571205615997314
1780876570.3873172,4.997975634443189,-2.9829916747252514,0.21700085002590166,-0.1572006192970039,2.0806057453155518
1780876570.4084914,4.997837736578454,-2.9825807279005794,0.21774365225461287,-0.15486276551472722,2.1017799377441406
1780876570.4304852,4.997670514211121,-2.9817632493406423,0.21698293795824383,-0.15220526427350434,2.1237738132476807
1780876570.4508717,4.997604817969395,-2.98149102980337,0.2153198604316283,-0.14872418304790536,2.144160270690918
1780876570.4725876,4.997542792800582,-2.981405026388269,0.21481314257474787,-0.14500354794837733,2.1658761501312256
1780876570.4938517,4.997453142357055,-2.9813750234496226,0.21617388115312425,-0.141258031725068,2.1871402263641357
1780876570.5156426,4.997437919500906,-2.9818462961674443,0.2175752067986122,-0.1369746081117751,2.2089312076568604
1780876570.5411386,4.997520746240647,-2.9827623741370943,0.2172965420458481,-0.13230201868393632,2.2344272136688232
1780876570.5632014,4.99756073433642,-2.9831711490375414,0.21569722231481908,-0.1284835731601479,2.2564899921417236
1780876570.5863805,4.997543912306302,-2.9832025215209104,0.21427904083270152,-0.12532342801637286,2.2796690464019775
1780876570.6099153,4.997491389236054,-2.983275130756393,0.21481339348667478,-0.12230970746921876,2.303203821182251
1780876570.6326551,4.997449274793499,-2.983542212475502,0.21608413045661518,-0.11980466099467613,2.3259437084198
1780876570.6546211,4.9973541343108145,-2.9832071722426727,0.21648339846298398,-0.118282962544078,2.347909688949585
1780876570.6755302,4.997210459357262,-2.9822989834546503,0.2159944508284355,-0.11769809810300824,2.368818759918213
1780876570.6981866,4.997032456400614,-2.9812076216404124,0.21632091201625314,-0.11743902326162914,2.391475200653076
1780876570.719501,4.9968956149968315,-2.980538486848621,0.2171722789617126,-0.1167673660125832,2.4127895832061768
1780876570.739662,4.996861353267409,-2.9805589021034486,0.21701085520302316,-0.11517700073091941,2.432950496673584
1780876570.7615316,4.996908434697808,-2.981138308183847,0.21589868279715588,-0.11269170885174784,2.454820156097412
1780876570.7828481,4.996957364507614,-2.981911094567907,0.2156300238802102,-0.10990176730891177,2.4761366844177246
1780876570.8050458,4.996966118881572,-2.9826174582234586,0.2168699191445878,-0.10723437754655096,2.4983344078063965
1780876570.827124,4.99695419928888,-2.9830184681080283,0.2175189045002183,-0.10535708882468509,2.5204126834869385
1780876570.847684,4.996903625507734,-2.98286233455846,0.21714682348056413,-0.10439792070577703,2.5409724712371826
1780876570.8685677,4.99681313539712,-2.982160190698316,0.21588097139525347,-0.10431309218242424,2.561856269836426
1780876570.8887784,4.996687643852258,-2.9813175796704834,0.21566584528837343,-0.10446378678145773,2.5820670127868652
1780876570.910565,4.99650658998812,-2.980171268476369,0.21675319654848807,-0.10442568832022614,2.603853464126587
1780876570.9341488,4.99619229989339,-2.9774519814557587,0.2171085509291112,-0.10355907835840883,2.6274373531341553
1780876570.9549296,4.995981647861903,-2.975426615228489,0.21676595161964637,-0.10168839826984977,2.6482181549072266
1780876570.9790428,4.995866462402611,-2.9741293099566692,0.21601049731795363,-0.09874968609755408,2.6723313331604004
1780876570.999038,4.9958392835686345,-2.973581827186669,0.21506138450196946,-0.09470073039921445,2.692326545715332
1780876571.023389,4.995905516288472,-2.973931655089808,0.21405530529219804,-0.08952418646196536,2.716677665710449
1780876571.0451684,4.9960548405900616,-2.9751185431180387,0.21300955483910738,-0.08323928034902961,2.738456964492798
1780876571.0655894,4.996275793951601,-2.9770253632937553,0.21183375023377296,-0.07590445552518466,2.758877992630005
1780876571.0881438,4.996534260286012,-2.979403397892116,0.21130414471656642,-0.0679133853278362,2.7814323902130127
1780876571.1113646,4.996769186826856,-2.9818393306702884,0.21307636822420375,-0.059993594619526025,2.8046531677246094
1780876571.130034,4.997004233090194,-2.9843136775855483,0.21628992243869025,-0.052537618677424014,2.8233225345611572
1780876571.1533785,4.997241948433718,-2.986126006322148,0.21889930161673934,-0.04622825180612633,2.8466670513153076
1780876571.1730785,4.9974781412557014,-2.987252746203325,0.2208568239522094,-0.041085945735640284,2.8663671016693115
1780876571.1953807,4.997709143913336,-2.987701280862221,0.22221016365601887,-0.03707799095505271,2.88866925239563
1780876571.2190187,4.997946053740012,-2.9877748299708418,0.2229475972272789,-0.03415827269488769,2.9123072624206543
1780876571.2387786,4.998191817975597,-2.987600147672971,0.2230519559098108,-0.03228264942322179,2.9320671558380127
1780876571.2615237,4.998428897076162,-2.986773973747147,0.2225286668321354,-0.03142694872836138,2.9548122882843018
1780876571.2819498,4.998658719525293,-2.9853179223465838,0.2213359367656923,-0.03155462652597851,2.97523832321167
1780876571.3034437,4.998882599795857,-2.983264513007777,0.21940542817941058,-0.0326228808501674,2.996732234954834
1780876571.3261306,4.9991011167189505,-2.9806555047232925,0.21665286544956583,-0.034581841829913085,3.0194191932678223
1780876571.3458705,4.999301848584238,-2.977818275567312,0.21433334383046748,-0.03695902920398497,3.039159059524536
1780876571.3682625,4.999495202728388,-2.9753274492451154,0.21314719947746819,-0.038879207401386395,3.061551094055176
1780876571.388399,4.999725598011084,-2.97360123265795,0.21170114474234086,-0.03970216892464995,3.0816874504089355
1780876571.414783,4.9999861563190136,-2.972687079970257,0.21030006283039682,-0.03934745662270611,3.1080715656280518
1780876571.4366305,5.000271697760765,-2.9726100382299028,0.2091736882458755,-0.03777645635597571,3.1299190521240234
1780876571.4577868,5.000579823969351,-2.973377657164758,0.20841795917598394,-0.03498987593072789,3.1510753631591797
1780876571.4804091,5.000895933369288,-2.9748383448700597,0.2086079597540854,-0.031214122296518987,3.1736977100372314
1780876571.5009856,5.00117639053944,-2.9765360106155945,0.21151061189407222,-0.027112852977726032,3.1942741870880127
1780876571.5240672,5.00144578339452,-2.9785780128532937,0.2166396029720984,-0.02281875613632245,3.217355728149414
1780876571.546772,5.001766182408743,-2.981057422450532,0.22100538044287057,-0.018052107936883388,3.240060567855835
1780876571.5673234,5.002155693850717,-2.9834382416284106,0.22221306410597516,-0.013448720181023166,3.2606120109558105
1780876571.589801,5.002556049607748,-2.985235199398363,0.22216720400982354,-0.009684929197960823,3.2830896377563477
1780876571.6099904,5.002955654865529,-2.986455354857867,0.2213093042640911,-0.00684464411434238,3.303278923034668
1780876571.6318781,5.003351569879587,-2.987361671996881,0.21987218435325437,-0.004950403423937821,3.325166702270508
1780876571.654214,5.003733229448216,-2.9875496779682122,0.2180982870559012,-0.004037815329277716,3.3475024700164795
1780876571.6745906,5.004097397212055,-2.9869996248016464,0.21615546574252498,-0.004123546112005272,3.3678791522979736
1780876571.6967635,5.004443569468949,-2.985708844820834,0.2141237711740759,-0.0052045860379918985,3.390052080154419
1780876571.716917,5.00477566250655,-2.983923464506851,0.2120085161629564,-0.0072435123538237,3.410205602645874
1780876571.7413447,5.0050715709534375,-2.9820122315960877,0.211443246233093,-0.009725703140647468,3.434633255004883
1780876571.7640846,5.005318859906232,-2.98004841299153,0.21344157823083748,-0.012257742785656944,3.4573731422424316
1780876571.784799,5.005537346878853,-2.9781327535928424,0.2175753110260599,-0.014689527692805626,3.4780876636505127
1780876571.8065057,5.00578169386147,-2.9766932554936067,0.22156491521309526,-0.016464208201482755,3.4997942447662354
1780876571.8328652,5.006065768385663,-2.97608272971441,0.2245191472979198,-0.01740414751761188,3.526153802871704
1780876571.851825,5.006377624969327,-2.9760650774733475,0.22637606334686722,-0.017563289167469964,3.5451135635375977
1780876571.8760836,5.006724285897139,-2.9764054132814763,0.22607909671150336,-0.017245761456133657,3.5693721771240234
1780876571.8964515,5.007097423016707,-2.977128934550719,0.22378036308577814,-0.01643319222885742,3.589740037918091
1780876571.9193387,5.007472596017482,-2.9785156418368324,0.2205173032194274,-0.014890452091267381,3.6126272678375244
1780876571.9430714,5.007837661692874,-2.980506742661848,0.2165582844131053,-0.012650141839443574,3.636359930038452
1780876571.9637878,5.0081488361896875,-2.9825866694068472,0.21406581499348365,-0.010247394480455974,3.657076358795166
1780876571.985,5.008398985400461,-2.9845566939558177,0.21390206930261615,-0.007944102214487714,3.678288459777832
1780876572.0058646,5.008609940272445,-2.986103194383593,0.2149491615777216,-0.006121687753780414,3.699153184890747
1780876572.0285313,5.008809596550662,-2.9870388335556886,0.21573298325937765,-0.005168243699374742,3.7218198776245117
1780876572.0519996,5.0089961148739635,-2.987231342490005,0.2163136991586478,-0.005072552293862387,3.745288133621216
1780876572.072241,5.009170341878943,-2.98667954341053,0.21667763656249966,-0.005808159122765666,3.7655296325683594
1780876572.0939233,5.009335008918213,-2.985412265868679,0.2167308034189687,-0.007331399153476248,3.7872118949890137
1780876572.1150198,5.009494784117813,-2.983530303050468,0.2163176212026308,-0.009580409123729261,3.8083083629608154
1780876572.1394885,5.009632263577322,-2.9814602386647118,0.21682322221657593,-0.012107592529677191,3.8327770233154297
1780876572.1625645,5.009738413477207,-2.979481690467115,0.21901562050085607,-0.01447792854941099,3.8558530807495117
1780876572.1836126,5.009858010408761,-2.978060103132689,0.22075145024291395,-0.016163213270182997,3.876901149749756
1780876572.2077434,5.00999419651823,-2.9772868283926535,0.22166813060160656,-0.017067530910715334,3.901031970977783
1780876572.2317374,5.0101430888537255,-2.977294805827495,0.22183461422667367,-0.017198080632584656,3.9250259399414062
1780876572.254165,5.010298888198063,-2.977940978313013,0.2212690075071455,-0.01657266816689562,3.947453498840332
1780876572.2769375,5.0104580823919616,-2.979212984209398,0.21996284176419273,-0.015214568968044073,3.9702260494232178
1780876572.2989047,5.010616475683658,-2.9810817351123964,0.21790859365555457,-0.013157167432356509,3.9921932220458984
1780876572.3204985,5.010740469010244,-2.983205292350199,0.21677427038961433,-0.010815049927185072,4.013787031173706
1780876572.3421538,5.010812468123295,-2.985236356270351,0.21748006586855842,-0.008551077512802596,4.035442352294922
1780876572.363786,5.010863080641593,-2.9866771390667517,0.21807341956066506,-0.0068642086318302376,4.057074546813965
1780876572.3871515,5.0108992941668475,-2.9874095243721785,0.21816425856095986,-0.0058774893857997945,4.080440044403076
1780876572.407784,5.010920324398192,-2.9874285970064047,0.21784615266617116,-0.005590014366107177,4.101072549819946
1780876572.4304485,5.010926832474261,-2.9867410672369474,0.2171511135221321,-0.005990866732124012,4.123737096786499
1780876572.4508038,5.010920569650697,-2.9853625773139694,0.21604999464383384,-0.007057892587530201,4.144092321395874
1780876572.4721587,5.0108846654169845,-2.983635894399366,0.21590957761234938,-0.008447642189936655,4.165447235107422
1780876572.493805,5.01080394017779,-2.981890678105349,0.21794007314800748,-0.009814126083783403,4.187093496322632
1780876572.5169976,5.010703029200349,-2.9803492305356896,0.22111255738704386,-0.010927694000225863,4.2102861404418945
1780876572.5420482,5.010619018351348,-2.979411440958291,0.22337260004022033,-0.011385304095322901,4.235336780548096
1780876572.5653746,5.010546817188017,-2.9790797768583936,0.22462546555526972,-0.011189576117948796,4.258663177490234
1780876572.5839818,5.010480919426897,-2.9793403717247986,0.22486373908106666,-0.0103620915410092,4.277270317077637
1780876572.6061013,5.0104174909911805,-2.9801788315743085,0.2240687406617681,-0.008923692336472389,4.299389839172363
1780876572.6280684,5.010352345542731,-2.9815728791140192,0.22222831686466873,-0.006894234762557794,4.321357011795044
1780876572.6505222,5.010277894854435,-2.98347299538744,0.21949295475079245,-0.004322052938294796,4.343810796737671
1780876572.6733193,5.0101582818657455,-2.985407490138675,0.21783693343163885,-0.001667490228079327,4.366607904434204
1780876572.6940682,5.010011462240811,-2.9867956622762266,0.21622958043299048,0.0004959467833849374,4.387356758117676
1780876572.7170238,5.009846376618387,-2.987453649514126,0.21425590162739575,0.0019857661369346857,4.4103124141693115
1780876572.737804,5.00964216716134,-2.9876283496497793,0.21342925969128734,0.003030647640287043,4.4310925006866455
1780876572.7601798,5.009384392644624,-2.9875223585970874,0.21483800489703153,0.00382559498356283,4.453468322753906
1780876572.7819479,5.009113774427144,-2.986732244194643,0.21629983998398233,0.003994138832118743,4.475236415863037
1780876572.8059018,5.00883944774413,-2.9852718161301337,0.21741365314600436,0.0035470535674857473,4.499190330505371
1780876572.8313644,5.008536452880314,-2.9836030737631094,0.21981866025099345,0.002920287214351447,4.52465295791626
1780876572.851905,5.00821391828385,-2.9820842308847224,0.22311940298293284,0.002461475535823432,4.545193672180176
1780876572.8753939,5.007916664806539,-2.980929298041061,0.22434034818905543,0.0023766012612647103,4.568682432174683
1780876572.8985004,5.007624084291719,-2.9803272371053424,0.22428170200698075,0.002844302526624709,4.59178900718689
1780876572.9220755,5.007327310699984,-2.9803106576873932,0.22319308357868226,0.0038989837163496688,4.615364074707031
1780876572.9453516,5.007020042837917,-2.9808905040527933,0.22118751653321916,0.005548874679471183,4.6386401653289795
1780876572.9663308,5.006695403112079,-2.982071048172314,0.21838287144809226,0.007799381604725042,4.659619331359863
1780876572.989216,5.006327586640994,-2.9835140661262343,0.21645738901070785,0.010336342535011589,4.682504653930664
1780876573.0132523,5.005901407768239,-2.984934752352285,0.21672329501481657,0.012879856999783001,4.706540822982788
1780876573.0343392,5.005427781251901,-2.9862207648278436,0.21885338487820158,0.015316774083922624,4.727627754211426
1780876573.0553153,5.004951993662805,-2.986934978083101,0.22066458109382983,0.017224688188539616,4.748603820800781
1780876573.0751898,5.004483609712963,-2.987004849199402,0.22168464949159133,0.01853257261657859,4.7684783935546875
1780876573.097112,5.0040234956029535,-2.9864501153971874,0.2218700551606217,0.01925882393700107,4.790400505065918
1780876573.1206715,5.003614043783317,-2.9832697760979197,0.2211371689519773,0.019381884473510524,4.813960075378418
1780876573.14053,5.003263249075842,-2.978405035198093,0.21917770720822738,0.01951081796420695,4.833818674087524
1780876573.163218,5.002910149269409,-2.9744059186043197,0.21668405285532547,0.020279733511742393,4.856506586074829
1780876573.1834931,5.002536501849821,-2.9713504362719827,0.21434945758785132,0.021809374800008996,4.876781702041626
1780876573.2060394,5.00214892725835,-2.969096257946187,0.21169754665714396,0.023988960793616343,4.899327993392944
1780876573.2288592,5.001739068592134,-2.9677400804908594,0.20874956525736796,0.02681313833739285,4.922147750854492
1780876573.248783,5.001295455980969,-2.967236264123343,0.20609126604060468,0.030391154415148947,4.9420716762542725
1780876573.273038,5.0008092974029665,-2.9676326214345115,0.20410399477386304,0.03479451874873085,4.966326475143433
1780876573.296596,5.000277446623395,-2.9689451505672246,0.20292126726445836,0.0400467476038866,4.989884614944458
1780876573.3155258,4.999699312498422,-2.9712000452035205,0.2024231225284352,0.046119547551850104,5.008814334869385
1780876573.3389084,4.999080948191859,-2.974250555292265,0.20261677459629637,0.05285522090304795,5.032196998596191
1780876573.3592343,4.998433858984546,-2.977429003225998,0.20504794333062215,0.05967948628735087,5.052522897720337
1780876573.3842556,4.9977697522140465,-2.980623761040963,0.20994486071845903,0.06645334268494896,5.077544212341309
1780876573.4055734,4.997101382550417,-2.9839162572313582,0.2174827291332892,0.07323678067540307,5.098861932754517
1780876573.426459,4.996490639215036,-2.987156178969415,0.2256844042454312,0.07971550319668985,5.119747638702393
1780876573.4484794,4.996002651468224,-2.9900331921868357,0.2313011296080896,0.08571237888117267,5.141767978668213
1780876573.468791,4.995611627511949,-2.9927222579647723,0.23338708238380143,0.09145448093653208,5.162079572677612
1780876573.493833,4.9953007077633735,-2.9948104593555063,0.23417773788179636,0.0965157013445781,5.187121629714966
1780876573.5182724,4.995059812172475,-2.996293919094525,0.23410179119342236,0.10083747645358443,5.211560964584351
1780876573.5386236,4.994880916359926,-2.9972116294243043,0.2333727757711179,0.10440430662126943,5.231912136077881
1780876573.5627365,4.994773603631806,-2.9974229874506397,0.23219026163994658,0.10719861268518827,5.256025075912476
1780876573.5829723,4.994736979860702,-2.9969151386146815,0.23069331683524344,0.10921244822058362,5.276260852813721
1780876573.6078546,4.994770317894397,-2.9956880979044045,0.22895109904581118,0.11044822430067747,5.301143169403076
1780876573.6301413,4.994851324738072,-2.993960339120706,0.22695222812114932,0.11092455028609738,5.323429822921753
1780876573.6513224,4.994999376577757,-2.9915523275443627,0.22465438702375534,0.11066039357614876,5.344610929489136
1780876573.674875,4.995211250213315,-2.988513113241114,0.22194256706691132,0.10968636243407204,5.368163585662842
1780876573.695496,4.99548237272209,-2.9849034229995395,0.21865686700679943,0.10804351696484105,5.388784646987915
1780876573.7193816,4.9957481140255355,-2.981173308710707,0.21583884371841627,0.1060394610922284,5.412670135498047
1780876573.7450452,4.995935713999617,-2.9778281753780327,0.2148439923726842,0.10421775386430188,5.438333749771118
1780876573.766037,4.996033914737743,-2.9752656276638385,0.21397899968634393,0.10311518469896441,5.459325551986694
1780876573.788218,4.996029946965119,-2.973587444167144,0.21334283640168084,0.10285934216269244,5.481506586074829
1780876573.8079352,4.995913592292966,-2.9728397464922987,0.21321273252970213,0.10349315185975172,5.501223802566528
1780876573.8294258,4.995648947481241,-2.9733234923691856,0.21371468861226015,0.10503698780192483,5.522714376449585
1780876573.852881,4.99527595173808,-2.974686485641163,0.21474685594587017,0.10746057875377879,5.5461695194244385
1780876573.872864,4.994805406068566,-2.9768694659345525,0.21606198807661905,0.11070659642207303,5.566152572631836
1780876573.8962436,4.9942527792771205,-2.979786515673964,0.21729256804580055,0.11469224778551901,5.589532136917114
1780876573.916591,4.993610925803654,-2.9835250791473227,0.21818623889720068,0.11927989376964643,5.609879493713379
1780876573.9390025,4.992934741655942,-2.987459169570571,0.21991061416366314,0.12382659150314979,5.632291078567505
1780876573.964596,4.992354335083244,-2.9907029975452604,0.22106571816242465,0.12769525801483095,5.65788459777832
1780876573.989458,4.991876921598893,-2.99317400550695,0.22175108247328185,0.1307893590631064,5.682746648788452
1780876574.012848,4.991499994917625,-2.9948486605416105,0.2222447408611127,0.13307430320882396,5.706136465072632
1780876574.0384033,4.991221798744437,-2.9957160063182156,0.2227321468237743,0.1345307295175715,5.731691837310791
1780876574.057882,4.991041156880932,-2.995777508686488,0.22329304394591212,0.13515645702602175,5.751170635223389
1780876574.0794947,4.990957078952197,-2.9950486416118323,0.223897175312665,0.13496706803349312,5.772783279418945
1780876574.1008224,4.990967611945613,-2.993565456327345,0.22441010759397412,0.13399610571519815,5.794111013412476
1780876574.121861,4.991069368297057,-2.9913852873718887,0.22460958255080551,0.13229434761852055,5.815149545669556
1780876574.145346,4.9912576419502335,-2.988582969419757,0.2242103850064924,0.12992575051552713,5.838634490966797
1780876574.1656978,4.991526026155674,-2.985245763138547,0.2228998330922625,0.12696180413136915,5.8589863777160645
1780876574.1900928,4.991837196704697,-2.981792037861298,0.21947671668550336,0.12380423418247943,5.883381366729736
1780876574.2107306,4.992053751714841,-2.979109145923044,0.21495576728838564,0.1212536625318883,5.904019117355347
1780876574.2336624,4.992075861147878,-2.9778135416565976,0.21042679365915534,0.11951916667963669,5.926950931549072
1780876574.2582066,4.991979198652854,-2.9771013001858755,0.2076685263596217,0.11841107652948146,5.951495170593262
1780876574.277899,4.991808592867092,-2.9765609802694946,0.2075675628559067,0.11752122391950337,5.971187591552734
1780876574.3005764,4.991593840472454,-2.9762558304202322,0.2080916721909322,0.11688692173463444,5.993865013122559
1780876574.322146,4.991377194039101,-2.9760750090952457,0.20759531137788753,0.1168470508768209,6.015434503555298
1780876574.3442817,4.991125779259163,-2.9762539733831757,0.20625261296851607,0.11740706636128273,6.037570238113403
1780876574.3668067,4.990824748242054,-2.976644789886558,0.2060391354549376,0.11820281166982305,6.060095310211182
1780876574.3875628,4.990485062101675,-2.977066644065568,0.20772821419644527,0.11905245198651926,6.080851316452026
1780876574.409116,4.990085417490959,-2.9778914933146794,0.21006643885568296,0.1203213465479962,6.102404594421387
1780876574.429589,4.989579929275521,-2.979562655650459,0.2127116116012506,0.12247796706777869,6.122877597808838
1780876574.451763,4.988983956353062,-2.9820015346211046,0.2153231181493663,0.12544563264624742,6.1450514793396
1780876574.4738247,4.988334871620621,-2.984820865483819,0.2186986616777736,0.12883218576587296,6.167113304138184
1780876574.4950135,4.987701346751256,-2.9874924457902434,0.22307875778626046,0.13207315014723342,6.188302040100098
1780876574.5189679,4.987174747104114,-2.9895926398886283,0.22631810888570822,0.13470670409544105,6.21225643157959
1780876574.539216,4.986751426038782,-2.9910996084675903,0.22836711955071054,0.13670859777014677,6.232504606246948
1780876574.5619283,4.98642432961385,-2.9920153917735326,0.22931205180783423,0.13808012026825978,6.255216836929321
1780876574.585557,4.9861893452927335,-2.992339846866083,0.22922692234637942,0.1388190020087814,6.278845548629761
1780876574.6050491,4.98604419634766,-2.9920713104913923,0.22817644797287706,0.1389203227480449,6.298337697982788
1780876574.6271312,4.9859858269458615,-2.991210187140569,0.22622624600341967,0.1383778628288166,6.320419788360596
1780876574.6470816,4.98600955986808,-2.9897629720302255,0.22343992069213647,0.1371866638587118,6.340370178222656
1780876574.66852,4.9861093614988325,-2.98774313471724,0.21987200657224973,0.13534497942550772,6.36180853843689
1780876574.691519,4.98625849860052,-2.9852687934451825,0.21602489125545063,0.13296096587633954,6.384807586669922
1780876574.7118375,4.986359466741533,-2.982817736320303,0.21413939716982194,0.130560199836653,6.405126094818115
1780876574.7354312,4.9863896641565795,-2.980601642951436,0.2143448452544187,0.12839374530112302,6.428719758987427
1780876574.7587204,4.986321232379851,-2.979100570822663,0.21474175746089336,0.12699622212140227,6.452008962631226
1780876574.779948,4.986146643764504,-2.9784005947737873,0.21513006364324422,0.1264780212779133,6.473236560821533
1780876574.8023376,4.9858643042101916,-2.978500123623773,0.2155832428216731,0.12684846680547857,6.495626211166382
1780876574.822204,4.985448956087139,-2.979576446748576,0.21606844860578214,0.12809952714958062,6.515492677688599
1780876574.8441756,4.984922822722755,-2.9814478183569046,0.21641761060036646,0.13019218700384627,6.537464141845703
1780876574.8667903,4.984307202951456,-2.9839825363886385,0.2163952502120175,0.13305916088842196,6.560078859329224
1780876574.8877141,4.983637838958977,-2.9867456500628164,0.2173943783217287,0.13622997165891348,6.581002712249756
1780876574.9104016,4.982969444827262,-2.9893268930242254,0.21953970812959556,0.13917350005935436,6.603690147399902
1780876574.930693,4.982348387013993,-2.9916397960464174,0.22095207308214954,0.14139806767085794,6.623981475830078
1780876574.9536886,4.981830748062189,-2.993247725761578,0.22173571410168305,0.14284523686324846,6.646977186203003
1780876574.9763055,4.981413397325501,-2.994140797125851,0.22205296702288976,0.14349058004797222,6.669594049453735
1780876574.9962685,4.981094396714749,-2.994315348370233,0.22200317182651666,0.14331935055882106,6.689557075500488
1780876575.0177648,4.980841873990067,-2.9939973288695403,0.22161072007008034,0.14233327855410138,6.711053371429443
1780876575.0382788,4.980656764460377,-2.993182251858918,0.2208691777750071,0.14054214221211137,6.7315673828125
1780876575.0598445,4.980565618321012,-2.9916823045976,0.2197398059115566,0.1379588993600187,6.753133058547974
1780876575.0810812,4.980564528406299,-2.989536019602118,0.21811972724527823,0.13461452460888346,6.774369716644287
1780876575.101251,4.980637376831232,-2.9868489812242403,0.2161126302859488,0.1306140826249802,6.794539451599121
1780876575.1245904,4.980881099842915,-2.9826454406623477,0.2156174900900704,0.1265345684559822,6.81787896156311
1780876575.1449337,4.981120398204373,-2.978508284782484,0.21539199656530147,0.12311242405429113,6.83822226524353
1780876575.168232,4.981251944417268,-2.975278281062937,0.21513786280718766,0.12067359045956039,6.861520528793335
1780876575.1931741,4.9812667620782625,-2.972965172576735,0.21518117783105964,0.11927276709639756,6.886462688446045
1780876575.2139893,4.981194933859516,-2.9714465284976104,0.21456101285919282,0.11865921374372235,6.907277822494507
1780876575.2367625,4.981022674842529,-2.9708098941405634,0.21330832623993048,0.11883177651933963,6.93005108833313
1780876575.2570956,4.98076441356331,-2.970890026586335,0.21170638075460854,0.11984948581843646,6.950384140014648
1780876575.2780178,4.980412812313016,-2.9717083357188585,0.2099504712612752,0.12175175386527393,6.971306324005127
1780876575.3014765,4.979966244432605,-2.9732637841073113,0.2081115092164925,0.12454899078620407,6.994765043258667
1780876575.324861,4.979348503551089,-2.97612132576548,0.20614738427709206,0.12822880235723577,7.0181496143341064
1780876575.3498328,4.978647841656057,-2.979641677211188,0.20393838188286023,0.13266247193175396,7.043121337890625
1780876575.3699434,4.97792078979815,-2.9831912771681286,0.20332964345986096,0.13721727467593148,7.063231945037842
1780876575.3927379,4.977147989091316,-2.9867480921483676,0.20598883226610337,0.14185076409347452,7.086026430130005
1780876575.414063,4.976356589663905,-2.990261949040304,0.2118428920085256,0.14645926586634062,7.107351541519165
1780876575.4348402,4.97564203181833,-2.9934600899465447,0.21921577907414935,0.150668461100679,7.12812876701355
1780876575.456838,4.975106467311909,-2.995948980581771,0.22579054351844866,0.1539811001502196,7.1501264572143555
1780876575.4824405,4.974735608560041,-2.9977537427650085,0.23139854138965057,0.15643352206465266,7.175729036331177
1780876575.501276,4.9745111356467735,-2.998918709985803,0.23595085478863467,0.15808749020286506,7.194564580917358
1780876575.5236804,4.974415294770162,-2.999501052374142,0.2392774064806273,0.15901989817759077,7.216969013214111
1780876575.5441785,4.97441194954803,-2.999878782841025,0.23950062654012377,0.15973626900483495,7.237467050552368
1780876575.568322,4.974498407997525,-2.9999439426357086,0.2372114144701589,0.1601044988128777,7.261610507965088
1780876575.5914223,4.974678474589523,-2.99941543774112,0.23405067791206574,0.15973270173805076,7.284710884094238
1780876575.6113932,4.974946399963283,-2.9982733231611003,0.23023112695337764,0.15858297230380636,7.304681777954102
1780876575.633181,4.975296782645081,-2.996506778835552,0.22592873705501812,0.1566249732137166,7.326469659805298
1780876575.6536005,4.975724614039231,-2.994117027770006,0.22126490165415316,0.15384074562152783,7.346889019012451
1780876575.6772807,4.976224977602834,-2.9911192224498224,0.21629740650519338,0.15022805022889418,7.370569229125977
1780876575.6994615,4.976763192355586,-2.987678347878156,0.21166532510804478,0.14597196485348718,7.392750024795532
1780876575.7214355,4.977166901235371,-2.984781616847805,0.20957183833213758,0.1417230638126039,7.414724111557007
1780876575.7442586,4.977469553148682,-2.98225349365763,0.21037007621215928,0.13769969689977657,7.437547206878662
1780876575.7641158,4.9776839178061625,-2.9802055771586122,0.21292215156736058,0.13430710089754427,7.457404375076294
1780876575.7885373,4.9777949805927575,-2.9789918386524854,0.21556408903313118,0.13199117691884865,7.481825828552246
1780876575.810479,4.977816130549383,-2.9785159875201734,0.21825554418108684,0.13072879242942026,7.503767490386963
1780876575.8319807,4.977827319183556,-2.978207592084892,0.22086526137318194,0.1304632776010175,7.525269269943237
1780876575.8561347,4.977746965233302,-2.9786578785756905,0.2232777992376951,0.13115439257669692,7.5494232177734375
1780876575.87666,4.97758324050447,-2.9798165131215506,0.2252864584107856,0.13273612756040087,7.569948673248291
1780876575.9059682,4.977346818856405,-2.9816191210448126,0.22662941327327693,0.13512780711543293,7.599256753921509
1780876575.9292374,4.976968669875337,-2.984588570668396,0.22687312963158263,0.1382141739763174,7.622525930404663
1780876575.949757,4.976629721689785,-2.9876845056434873,0.2238457190460338,0.14142029317138416,7.643045663833618
1780876575.9726608,4.976349423941821,-2.9906290707052494,0.21741270874328592,0.1444998418616592,7.66594934463501
1780876575.9929082,4.97610977112074,-2.9930041053616163,0.21057050913584377,0.14693161965244705,7.686196804046631
1780876576.0158634,4.9758800054502235,-2.9947246702846853,0.20646234828804252,0.14897687434099627,7.709151983261108
1780876576.039565,4.975676399215257,-2.9957932592265446,0.20563656487738516,0.1506469799079202,7.732853651046753
1780876576.0597537,4.975452272559934,-2.996774972586416,0.20667140202063927,0.1521868159910209,7.753042221069336
1780876576.0821435,4.975307992723275,-2.9972897190819086,0.2072894165173042,0.15313302218650193,7.775432109832764
1780876576.1023314,4.975271708492309,-2.997214084181993,0.20691967838107206,0.15333249010275907,7.795619964599609
1780876576.1257577,4.975339423391601,-2.9965543654689966,0.2056310920180377,0.15279213017783722,7.819046258926392
1780876576.147016,4.975426808298519,-2.995670953612381,0.20512671708552085,0.15194845887388908,7.840304613113403
1780876576.1682844,4.975483404102279,-2.994770908835965,0.2066167945767656,0.1510634761419105,7.861572980880737
1780876576.1928968,4.975535872867441,-2.9936340472974314,0.21109967087082665,0.14985686672959275,7.88618540763855
1780876576.2168596,4.975649756733548,-2.99217735301694,0.2165649420321549,0.14796773025835463,7.9101481437683105
1780876576.235304,4.975836982573428,-2.9905405814635686,0.2212672232243858,0.14526424820450856,7.928592681884766
1780876576.2573538,4.976137283343465,-2.988526321223977,0.22396828020436652,0.14209000720660292,7.950642347335815
1780876576.27804,4.976510010414487,-2.9865476911378837,0.22280474297079877,0.13895319518191318,7.971328496932983
1780876576.3035707,4.976868557178558,-2.9849327849946725,0.21932211557123912,0.13625688207530118,7.996859312057495
1780876576.3271537,4.977210225188905,-2.983392892924413,0.21525881596045396,0.1344007405104879,8.020442247390747
1780876576.3459716,4.977440113888663,-2.982522417651071,0.21113178423956103,0.13349715864904965,8.039260149002075
1780876576.3698812,4.977533138469222,-2.9824432984218094,0.20750430490130756,0.13360107393062748,8.063169717788696
1780876576.3900125,4.977512173616972,-2.982771607052161,0.2065914473471863,0.1342607167830998,8.083301067352295
1780876576.4119966,4.9773954828312075,-2.9833740463081297,0.20902094772345084,0.13530654489875182,8.105285167694092
1780876576.434407,4.97719763875284,-2.9844035283411405,0.21354278776006425,0.1369008752612757,8.127695560455322
1780876576.453949,4.976925867363856,-2.986162378609363,0.21779207216130014,0.13939332055884357,8.147237539291382
1780876576.4780622,4.976599675921383,-2.9885466670825216,0.22120897109538817,0.1426549796347576,8.171350717544556
1780876576.4984016,4.97629795404685,-2.991158857812345,0.22200135799386816,0.14619893666296768,8.19169020652771
1780876576.519261,4.976096389526451,-2.9933861388777636,0.22051148819691246,0.1492724463805004,8.212549448013306
1780876576.5407257,4.976001041934377,-2.9949464665221,0.2182724867978328,0.15151990534865067,8.23401427268982
1780876576.56146,4.976009893729051,-2.9957877390822385,0.21567051056334782,0.15287035748149158,8.254748582839966
1780876576.5852673,4.976122727059126,-2.995868652633326,0.2130151123068364,0.15326680071794296,8.278555870056152
1780876576.6062253,4.976340898672365,-2.9951622584670754,0.21051000893120927,0.1526724646175346,8.299513816833496
1780876576.6320226,4.976610020285906,-2.993912372658918,0.2094084115364876,0.1513778284232803,8.325311183929443
1780876576.6560278,4.976854923364367,-2.9924746521602184,0.21125325359855995,0.1498293605159411,8.349316358566284
1780876576.6764493,4.97708454835092,-2.990913373899578,0.21568782989789875,0.14812034203899138,8.36973786354065
1780876576.699375,4.977334756036492,-2.9892456077485523,0.2214765728536308,0.14628151739658612,8.392663478851318
1780876576.7216742,4.9776721529504355,-2.987523697894554,0.22422432778216225,0.14436099442028638,8.414962768554688
1780876576.74713,4.978056063162153,-2.9859441052085525,0.2235006600126447,0.14258409532438598,8.440418481826782
1780876576.7710109,4.9783748397738625,-2.9849291226640275,0.2215464330146504,0.14148479993331975,8.464299440383911
1780876576.7912507,4.978600922135588,-2.9845621337240424,0.21891625384491864,0.14117694196145258,8.484539270401001
1780876576.814813,4.978710882353431,-2.984945574443299,0.21588721047979506,0.14171136944000917,8.508101463317871
1780876576.8388066,4.9786751209499105,-2.98621318912576,0.2126775784607765,0.14312160599160695,8.532095193862915
1780876576.8608072,4.978544557576302,-2.987814263839699,0.2110730532013419,0.14498256949802268,8.55409574508667
1780876576.8843904,4.978345828867387,-2.989481602865134,0.21220533285527496,0.14695860772340907,8.577678918838501
1780876576.9057503,4.978102371978757,-2.9911498935770613,0.21583517268792435,0.1489517478188116,8.59903883934021
1780876576.9308894,4.9778182266496405,-2.9930343002810176,0.2206610464229862,0.15070285019730445,8.624177932739258
1780876576.953913,4.977652476727497,-2.9943402930133747,0.22448826405589534,0.15173521598316597,8.647201538085938
1780876576.9762065,4.977599288374446,-2.9950628980234955,0.227167830300327,0.15206564414386392,8.669495105743408
1780876576.9979744,4.977635275600464,-2.9954092494685263,0.22775938978638138,0.1519532028340862,8.69126296043396
1780876577.021303,4.977718502016884,-2.995630720700214,0.22622515661172318,0.15142493382424416,8.71459150314331
1780876577.0464058,4.977861999168186,-2.9954587332410836,0.22372554750804982,0.15021863463165275,8.739694356918335
1780876577.0689473,4.9780891510531475,-2.9946836751269506,0.22045603222194946,0.14830326720366482,8.762235879898071
1780876577.0880344,4.978394831704291,-2.993292533946424,0.21658530044918856,0.14565672884662018,8.781322956085205
1780876577.1119595,4.978726307901342,-2.9915173982847474,0.2131859998243293,0.1425067073403392,8.805248022079468
1780876577.132171,4.978978476778275,-2.989904543849443,0.21224515846949368,0.13936097210171816,8.825459480285645
1780876577.1580386,4.979173996123552,-2.9883470171826403,0.2138680276708402,0.13632736865510786,8.851327180862427
1780876577.1811311,4.979309276081075,-2.9870410558607126,0.21716245605069648,0.1336471512827595,8.874419689178467
1780876577.2034476,4.979369902766965,-2.986395740974513,0.2199612635296794,0.1318049913841559,8.896736145019531
1780876577.2255678,4.979335793385584,-2.9865545532408815,0.22204634589922184,0.1307957046429724,8.918856382369995
1780876577.2461193,4.9792250849369255,-2.987366579543581,0.22329029952977095,0.13056997865051034,8.93940782546997
1780876577.2695436,4.979047391886018,-2.9887535701365575,0.22353792110048876,0.13107475383595713,8.96283221244812
1780876577.291545,4.978853005259796,-2.990459766358046,0.22161764662074848,0.13200788028863553,8.984833478927612
1780876577.3128822,4.978672313006764,-2.9922330587551085,0.2171308923502022,0.13302178078177818,9.006170749664307
1780876577.336082,4.978427712960541,-2.994058648843672,0.21432634920908125,0.13403443744115862,9.029370546340942
1780876577.356412,4.978154367213832,-2.995691392910003,0.21370449163127558,0.13487542099373506,9.049700498580933
1780876577.3794837,4.977949205947685,-2.996686674341397,0.2134633328823018,0.13499945658434065,9.07277226448059
1780876577.4015424,4.977840596204513,-2.996911186645096,0.21312655998902272,0.13423632321938683,9.094830989837646
1780876577.422882,4.97781474616704,-2.996466980685104,0.21274666294037092,0.13258874158357692,9.116170644760132
1780876577.4453523,4.9778628935407125,-2.995388585722157,0.21266691788887757,0.13017246459165843,9.138640880584717
1780876577.4652066,4.977899836562211,-2.9940917047080937,0.21479700720157965,0.1275328086333829,9.1584951877594
1780876577.4888177,4.9779291630449976,-2.9926531777509067,0.21885753171425432,0.12477415541913395,9.182106256484985
1780876577.5133545,4.978032722562049,-2.990887252489551,0.221797270186045,0.12164373473205714,9.206643104553223
1780876577.533084,4.9781696409292815,-2.9893242202983425,0.2217167457922965,0.11873074740455536,9.226372480392456
1780876577.5585723,4.978250827976496,-2.98834783514731,0.2205235219636031,0.11656341532165815,9.251860857009888
1780876577.5786195,4.978259661889847,-2.9880064838665765,0.21856354349192272,0.11520204879525409,9.271908044815063
1780876577.6016138,4.978185122537488,-2.98832722473674,0.2160573066448655,0.11467954974384309,9.294902324676514
1780876577.6249883,4.978021852263585,-2.9892725879691873,0.2134218460560202,0.11495921737254378,9.31827688217163
1780876577.6451786,4.977785365548497,-2.9904076780577933,0.2128321261406649,0.1155369788061904,9.338467121124268
1780876577.6674526,4.977489087377542,-2.9916000690185767,0.21474413433957396,0.11624493216434573,9.360741138458252
1780876577.690374,4.977154573539479,-2.992802901431725,0.2188018952142586,0.11701439038488637,9.383662462234497
1780876577.7099216,4.976856688450854,-2.9937506689337745,0.22300253108165316,0.11751888784158915,9.403210163116455
1780876577.7310352,4.976633315647164,-2.994577253372053,0.22385006894712928,0.117905597969159,9.424323797225952
1780876577.751528,4.976477996139734,-2.995143769370916,0.22201453761005766,0.11803565944395089,9.444816589355469
1780876577.7763913,4.976391054832955,-2.9951192314982062,0.21925158335698844,0.11750984974642265,9.469679832458496
1780876577.799668,4.976367705872036,-2.9944781410006174,0.21582162149774764,0.1162940197219049,9.492956638336182
1780876577.819731,4.976338655325557,-2.9935527538941065,0.21360607862630307,0.1147728671559598,9.513019561767578
1780876577.8406196,4.97626257995017,-2.992579897433264,0.21382966798178715,0.11323461665646484,9.533908128738403
1780876577.861152,4.976143351565502,-2.991601477219126,0.21640031936997436,0.11173514529245132,9.55444049835205
1780876577.8824642,4.975990583079899,-2.9907541829769806,0.22043344818989544,0.11043507428008681,9.57575273513794
1780876577.903663,4.9758043711265145,-2.9904298061408388,0.22349044932877235,0.10979043693588775,9.596951484680176
1780876577.9262898,4.975649369315195,-2.9902862160951655,0.22344364527849836,0.10938066111397404,9.61957836151123
1780876577.9493718,4.975500433216987,-2.990401615068977,0.22074423535577634,0.10929690308829443,9.64266037940979
1780876577.969967,4.975281048885163,-2.991088428611126,0.2171660779006044,0.10992929440225829,9.663255453109741
1780876577.9913292,4.97499366387807,-2.9920103662545836,0.21462215159464126,0.1108958332316492,9.684617757797241
1780876578.012847,4.974649448501387,-2.9929314441044235,0.21438359926105852,0.11190906553187752,9.706135511398315
1780876578.0333817,4.974259304261255,-2.993817219074134,0.21642757985633942,0.11291527477978924,9.726670265197754
1780876578.0559468,4.973869922897314,-2.9944823632352082,0.2197111550243481,0.11369655631624731,9.749235391616821
1780876578.076291,4.9735626294783675,-2.9945626646621086,0.2220975940929152,0.11381747802184528,9.769579648971558
1780876578.098352,4.973333742710469,-2.994106683538065,0.2232302974634237,0.11333450068184536,9.791640520095825
1780876578.1209037,4.973426463490309,-2.9912523637373294,0.22110958190019864,0.11269150885712165,9.814192295074463
1780876578.1414506,4.973669319589775,-2.987410334193185,0.21669289319270968,0.11237914868173249,9.834739208221436
1780876578.1624296,4.973811576170963,-2.9843897039571785,0.2119837967709852,0.11287301566725283,9.85571813583374
1780876578.1829095,4.973832335494603,-2.982256496167671,0.2075818213539878,0.11429811667016843,9.876198053359985
1780876578.2061424,4.973758560360659,-2.9808544670643746,0.2028629640133912,0.11648726117750297,9.899430990219116
1780876578.2290826,4.973565537498178,-2.98022919355516,0.19886162790561382,0.11937613409450076,9.92237114906311
1780876578.2488942,4.973281534421168,-2.979895403560256,0.19803452359527246,0.1225967841356912,9.942182779312134
1780876578.2720199,4.9729159708129735,-2.9798393714653058,0.2005725964369832,0.12614032277458076,9.965308427810669
1780876578.2920203,4.972471675912028,-2.9803756490663793,0.20446568777234106,0.13033113627598336,9.98530888557434
1780876578.3147533,4.971952827642574,-2.981705620430629,0.20799294621551087,0.13530562745087327,10.008041858673096
1780876578.3373065,4.971362338783081,-2.9837954390988917,0.21084736282210992,0.14097385930382078,10.030595064163208
1780876578.3593657,4.970678902572507,-2.986671553210251,0.21379574675223093,0.14750229892006317,10.052654266357422
1780876578.3843522,4.969929348774681,-2.9901614147562445,0.21670894489366713,0.1546876276944218,10.077640771865845
1780876578.4097478,4.969194126660805,-2.993629755753006,0.22065944801008375,0.16175328334906958,10.103036403656006
1780876578.4289932,4.968572463880448,-2.996659085661726,0.22379528201982848,0.16801610462352645,10.122281789779663
1780876578.4506307,4.968097312734713,-2.9990150144304453,0.22602372675338603,0.17338858588560502,10.143919229507446
1780876578.4715593,4.967762554315074,-3.0006843659699936,0.22753905863385293,0.17786433044648753,10.16484785079956
1780876578.4921167,4.967563924159105,-3.001660348256458,0.22848642117541004,0.18144430577278925,10.185405254364014
1780876578.5136113,4.967489439601495,-3.001992901223996,0.22895259372965415,0.18413912210831196,10.206899881362915
1780876578.5350425,4.967520846936107,-3.001775188540905,0.22897011910069617,0.18597077253297023,10.228331089019775
1780876578.5574183,4.9676812737507685,-3.000874721851536,0.2285400556809065,0.1869605108388921,10.250706911087036
1780876578.5790415,4.967967099853552,-2.999315549360485,0.22760383500648987,0.18713909987261168,10.272330045700073
1780876578.6009755,4.96837247552926,-2.997135218479924,0.22605913560208812,0.18654447909900007,10.294264078140259
1780876578.6242275,4.968858634571323,-2.994547074750986,0.22377326414131382,0.18522501729850305,10.317516088485718
1780876578.6454372,4.969433922111883,-2.991497743159921,0.22063171291128525,0.1832276597598108,10.338725805282593
1780876578.6661544,4.97006422396294,-2.9881074457929513,0.21716851109853783,0.1807485815734875,10.359442949295044
1780876578.6890857,4.9705989032853095,-2.985104854742353,0.2144103079093225,0.17863107618952156,10.382374286651611
1780876578.711527,4.97096749315749,-2.9829663958647825,0.21151097943323657,0.1773827880101697,10.404815673828125
1780876578.733796,4.971111960687936,-2.9819587426123597,0.20897116619373185,0.1771015335567112,10.42708444595337
1780876578.754027,4.9711016228788365,-2.981732164613751,0.20650020630033666,0.17769969819446274,10.447315454483032
1780876578.7793381,4.971013539625025,-2.9818321588045626,0.204534701077961,0.17866882774301907,10.472626686096191
1780876578.79969,4.970875461145642,-2.981975545677089,0.20470936728002564,0.1797065098556434,10.492978572845459
1780876578.8241384,4.970568234080733,-2.982831979605456,0.2069626869538099,0.1808133610664182,10.51742696762085
1780876578.8474045,4.970151814537866,-2.9841418607206665,0.21116638049436137,0.18214805375005838,10.540693044662476
1780876578.8672931,4.969610018624824,-2.9861835532862187,0.21576250265319974,0.18429981595428924,10.560581684112549
1780876578.8896215,4.96896709028907,-2.9889073039033134,0.2198111670028178,0.1872085800466623,10.582910060882568
1780876578.9099135,4.968293792464377,-2.991996639585838,0.22226879367134808,0.19059660485412344,10.603202104568481
1780876578.9326594,4.967789590343988,-2.9943931601793157,0.22280471028309284,0.19354852177935733,10.625947952270508
1780876578.9559162,4.967421898229573,-2.996146700328984,0.22242875552936067,0.19578852397948765,10.649204730987549
1780876578.9763906,4.967190793003928,-2.9972241727947955,0.22141097150295425,0.19727924391729346,10.669679164886475
1780876578.9995914,4.967096208879024,-2.99759859351621,0.21998159105488144,0.19799011622271578,10.692879915237427
1780876579.019989,4.967138100645837,-2.9972512831058755,0.21830777671349635,0.19790104750345883,10.713277578353882
1780876579.0421093,4.967315645675314,-2.9961773872850492,0.21647738009773107,0.19700597836929656,10.735397815704346
1780876579.0631957,4.967625950131129,-2.9943918680963604,0.21449247946146344,0.1953164333917794,10.756484270095825
1780876579.0841403,4.968004347361361,-2.9921501752742508,0.21333974748921403,0.19310101992112916,10.77742886543274
1780876579.1091888,4.968345450792416,-2.9898640423724587,0.21466752039152007,0.1908214132279049,10.802477359771729
1780876579.13227,4.968638275558274,-2.987657042705512,0.21813656675806742,0.18862633239033855,10.82555866241455
1780876579.151588,4.968840213482275,-2.985980031218776,0.22151428658515324,0.18700215402043163,10.844876527786255
1780876579.1756856,4.968935497786416,-2.9849616034244986,0.22407311868087487,0.1860880674130847,10.868974208831787
1780876579.1970973,4.968922818508321,-2.984581489528462,0.22580500457881794,0.1858606924266848,10.890385866165161
1780876579.21997,4.968802816595395,-2.9848187152689056,0.22667211531068748,0.18629508116399052,10.91325855255127
1780876579.245249,4.96857833642229,-2.985649991352308,0.22661228884857396,0.18736467346722385,10.93853759765625
1780876579.2654145,4.968254290374934,-2.9870469301043787,0.2255505067986301,0.18904187520594196,10.95870304107666
1780876579.2885978,4.967835420823965,-2.9889764289833374,0.2234218331081935,0.19129961303632292,10.981886386871338
1780876579.3089058,4.967359431797277,-2.9912692825081275,0.21961824245086406,0.19396801145553955,11.00219440460205
1780876579.3300526,4.966857581690881,-2.9935569919680787,0.2162565978618545,0.196662499499066,11.023341178894043
1780876579.3528569,4.966420017759701,-2.9953741872568798,0.21369054914783717,0.19887340176029955,11.04614543914795
1780876579.3720071,4.966121037429541,-2.9964339865622445,0.21114756162495082,0.2002711280613223,11.065295696258545
1780876579.3939564,4.965866261010176,-2.997051542792271,0.2106670151747399,0.20118046956848268,11.087244987487793
1780876579.4139204,4.965717681362024,-2.9970335669870787,0.211086934892069,0.20131266842095918,11.107208967208862
1780876579.438519,4.9656869035006155,-2.996365612665201,0.21175525854680735,0.20055849524625913,11.131807565689087
1780876579.4615707,4.965767843058765,-2.995038761910495,0.21315077301327556,0.1990895045471781,11.1548593044281
1780876579.4838176,4.965865086263642,-2.993438306361927,0.21659220725739756,0.19732413974206509,11.177106142044067
1780876579.5077803,4.966076274693838,-2.991302970337515,0.21970027535508074,0.19494997154768878,11.201068878173828
1780876579.5290253,4.966249117251151,-2.9894220160050278,0.22213260726024645,0.1924162647562202,11.22231388092041
1780876579.5531883,4.96632565788081,-2.9881029256616527,0.2234683261099156,0.19049727756459767,11.246476888656616
1780876579.5756738,4.966297401081533,-2.987367080356941,0.223723424725066,0.18922055413508865,11.268962383270264
1780876579.5967612,4.966158951607445,-2.9872211289345043,0.22299996989618787,0.18859399748302508,11.29004979133606
1780876579.6194794,4.965858798529252,-2.9879122190018257,0.22139795640506435,0.18863145908543277,11.31276798248291
1780876579.6397045,4.965406112894809,-2.9893747828348034,0.2189771154408189,0.18933811035183812,11.332993030548096
1780876579.6609013,4.964858563113867,-2.9912267225590234,0.21659782530192123,0.19051834063762563,11.3541898727417
1780876579.6835914,4.964268506399288,-2.993036657730313,0.216240010057596,0.19170554988152766,11.376879930496216
1780876579.7040415,4.963688930915741,-2.9945954592309048,0.21738140306260798,0.19265946281362112,11.397330045700073
1780876579.728502,4.963564909666631,-2.993792104673648,0.21810998345342134,0.19288371211873745,11.421790599822998
1780876579.7498653,4.963642476023032,-2.991989273417868,0.21819460731146906,0.19239836737474558,11.443153858184814
1780876579.773328,4.963739105606741,-2.9899964409727446,0.21919856035879526,0.19166239867720503,11.4666166305542
1780876579.7952454,4.963759801266427,-2.988354506320557,0.22050303006893926,0.19127310560879884,11.488533973693848
1780876579.8155048,4.963649314333836,-2.987455141597641,0.22090181999343722,0.19154077985802775,11.508793354034424
1780876579.8380275,4.963393279874363,-2.9873485567211966,0.22049702767060217,0.19248132139946605,11.531316041946411
1780876579.8612792,4.963022221618346,-2.987865128085866,0.21934169944837958,0.19409552280792042,11.554567813873291
1780876579.8847115,4.962535132287038,-2.9889965727360095,0.2174685807728617,0.19638083954421504,11.57800006866455
1780876579.907259,4.961971767901159,-2.990419722529641,0.21633805739829515,0.19899644511800574,11.600547552108765
1780876579.927402,4.961234350791272,-2.9925107932815678,0.21728095355254376,0.2015996363359438,11.62069058418274
1780876579.950282,4.960562917234622,-2.994216492554249,0.21890413103070816,0.20379572871243568,11.6435706615448
1780876579.973141,4.96004009964038,-2.9952539777507576,0.21984701878017632,0.20524088755184522,11.66642951965332
1780876579.9935098,4.959662739871844,-2.9956216680933303,0.22019989429178097,0.2059284557767116,11.686798334121704
1780876580.015219,4.9594284629893455,-2.9953229219190094,0.22000291075896086,0.2058582821028967,11.708507537841797
1780876580.0354564,4.959334448171696,-2.9943696014351393,0.21924765589655354,0.20503811604016065,11.728744983673096
1780876580.0578992,4.959375761183562,-2.9927861523019543,0.2178843825365756,0.20348518194570886,11.751187801361084
1780876580.0816066,4.959509080224944,-2.99073795484569,0.2164580125269145,0.20137282431003367,11.774895191192627
1780876580.1027665,4.959608762590454,-2.9886786170967437,0.21692666692665025,0.1992274956772242,11.79605507850647
1780876580.125828,4.959628493728328,-2.9869294046286576,0.2183363907075677,0.19742420337340683,11.819116592407227
1780876580.1459577,4.959525491846656,-2.985847845922891,0.21908651492791245,0.196378974824702,11.839246273040771
1780876580.168256,4.959295319439321,-2.985439775107484,0.21925671995033252,0.19610739510454067,11.861544609069824
1780876580.1945796,4.9589363635569335,-2.9857030443960744,0.21889650744420272,0.19661363432548384,11.887868165969849
1780876580.2191627,4.9584498915534425,-2.9866268826982685,0.21800630971578228,0.19789211740147117,11.912451267242432
1780876580.2415302,4.9578403287202715,-2.9881875292753195,0.21654245404214453,0.19992631194583055,11.934818744659424
1780876580.2619295,4.957153993970536,-2.990043693714847,0.21588157128452895,0.20233815667837884,11.955218076705933
1780876580.2849457,4.9564370959833095,-2.991865645978559,0.21729438109275007,0.20473370314202555,11.97823429107666
1780876580.3061132,4.955793716395852,-2.9933025029847307,0.2191981569221742,0.20668304357720224,11.999401807785034
1780876580.3260355,4.955247114006888,-2.994339565167574,0.22031978667170454,0.20787235975177687,12.01932406425476
1780876580.349196,4.9548391943047365,-2.9947387678766932,0.2207349261643932,0.20829467285954983,12.042484521865845
1780876580.3710554,4.954568997417683,-2.994494346513969,0.22048481045774315,0.2079480154477773,12.064343929290771
1780876580.3948786,4.954433632136631,-2.993615911146394,0.21957281328443887,0.20683730078004992,12.088167190551758
1780876580.418265,4.954447590939646,-2.992031903063825,0.21797292771411445,0.20497379201531096,12.11155366897583
1780876580.443199,4.954584717624629,-2.9898424896358753,0.21625061234888351,0.20253423676438942,12.136487483978271
1780876580.4680288,4.9546846136055605,-2.9876669953200055,0.21639582606981786,0.20008705283449046,12.161317348480225
1780876580.4882364,4.954689739004031,-2.9859055924707802,0.21715010202116947,0.19812704288150762,12.181524991989136
1780876580.5126069,4.9545654141003705,-2.984839060433146,0.2173623425945348,0.19700831287581977,12.20589542388916
1780876580.535659,4.9543062392200055,-2.9844757635238692,0.21716335057254002,0.19675229441481257,12.228947639465332
1780876580.5559769,4.953910047350739,-2.984816618415385,0.2166197842360957,0.19736877196176916,12.249265432357788
1780876580.5792234,4.953378435500997,-2.985850474679318,0.21573173715177416,0.19885246214541574,12.272511959075928
1780876580.6018274,4.952721922809529,-2.987518266852173,0.21457820572968378,0.20114432382047553,12.295115947723389
1780876580.6214638,4.952001038571264,-2.9893629770966776,0.21504863795306756,0.2036926759377149,12.314752340316772
1780876580.6424396,4.951252397953963,-2.991184086688311,0.21760972085504207,0.20623295266510766,12.335728168487549
1780876580.662899,4.950592001529988,-2.9926154094723563,0.2204122896344693,0.20828411468991348,12.356187582015991
1780876580.6842647,4.950085846950742,-2.993438514102777,0.2222633930708939,0.20955555351889998,12.377553224563599
1780876580.707521,4.949726127344642,-2.9936652839147957,0.22317774339105328,0.21006032739569847,12.400809526443481
1780876580.7282677,4.9495073922726505,-2.9933078116071874,0.22314877473723527,0.2098109428007895,12.421556234359741
1780876580.7508311,4.949425246665688,-2.99238104970375,0.22215520275548115,0.20882000032126946,12.444119691848755
1780876580.7713118,4.949473475669794,-2.990904961344809,0.22017798131292152,0.20710119519187664,12.464600324630737
1780876580.7942004,4.9496288801767925,-2.9889553680536918,0.21745601533781925,0.20473539369035532,12.487488985061646
1780876580.8167841,4.9497565822507745,-2.987002447920286,0.2160183354892002,0.20233748652994699,12.510072708129883
1780876580.8380866,4.9497709132008865,-2.9855856379212917,0.21464513099823163,0.2006178865442534,12.531375169754028
1780876580.859403,4.949643826126491,-2.984882332352964,0.21291045029919567,0.19982357190700828,12.552691459655762
1780876580.8798487,4.949370591120302,-2.9848765840700144,0.2112296679067162,0.19995153603452387,12.573137283325195
1780876580.9019182,4.948998237593198,-2.985162669426245,0.21170644200412195,0.2004960631557644,12.59520673751831
1780876580.9250839,4.948534912852342,-2.9857362751679912,0.21420750373462558,0.20144264715428406,12.618372440338135
1780876580.946396,4.947953273007277,-2.9869618286497297,0.21644145512382526,0.20325370482422578,12.639684677124023
1780876580.9678688,4.947269607225038,-2.988791656532933,0.21795638938364598,0.2058748269686852,12.661157369613647
1780876580.9894257,4.946579030010667,-2.9906778058074726,0.21967856892133625,0.2085902676343796,12.682714223861694
1780876581.0104208,4.946018863324876,-2.992054556313165,0.2205066219917117,0.21056675019670923,12.703709363937378
1780876581.034889,4.945558576800662,-2.9930382730289167,0.2203925502862247,0.21173837844324517,12.728177547454834
1780876581.055478,4.945239591299193,-2.993399926238883,0.21948855015392515,0.21207515325401793,12.748766660690308
1780876581.0786612,4.94506035445157,-2.9931256800834665,0.21792761673908778,0.21155219981953444,12.771949768066406
1780876581.0998063,4.945018242665732,-2.9922089328964745,0.21580949822358966,0.21015288233360785,12.793094873428345
1780876581.122495,4.945021496099179,-2.991043374918755,0.21356616308735157,0.20798409898853798,12.815783500671387
1780876581.1465771,4.944983761227456,-2.989864147225855,0.21333046696401547,0.20563637900446174,12.839865684509277
1780876581.1663451,4.944909718729027,-2.988653159241708,0.21537616946363167,0.20326589530928718,12.859633684158325
1780876581.1903615,4.9447972428756035,-2.9875287555414927,0.21903695629518036,0.20103703957549257,12.883650064468384
1780876581.2113795,4.944593501904704,-2.9869859587501373,0.22194998755756457,0.19952638876209328,12.904668092727661
1780876581.2346423,4.944299471912972,-2.9871225872213345,0.22251775387640851,0.1984786251963726,12.92793083190918
1780876581.25991,4.944032193085904,-2.98740655909213,0.21987392783735193,0.19763171544503777,12.953198671340942
1780876581.279851,4.943662991091403,-2.988211054454535,0.21619149296643903,0.197538856050139,12.973139524459839
1780876581.3012762,4.943216858458754,-2.98920322568474,0.2136219952775458,0.19776284526012056,12.994564771652222
1780876581.3244073,4.942693487240478,-2.990321296233947,0.21332968384194612,0.19799930974379087,13.017695903778076
1780876581.3450243,4.942129212216728,-2.9914256253419396,0.2152961597875492,0.19817586169277757,13.038312911987305
1780876581.3661,4.94163766746316,-2.992137270322823,0.21784651073806122,0.19783565713428697,13.059388637542725
1780876581.3871167,4.941291719982313,-2.9922281761816323,0.2195809762154361,0.19664493152003182,13.080405235290527
1780876581.4112177,4.94107708438257,-2.9917553317303307,0.22041532257328114,0.194644705790747,13.104506254196167
1780876581.4356225,4.940963801052409,-2.990867417540453,0.22025061145102368,0.19188283905660697,13.128911018371582
1780876581.4562557,4.940973771721281,-2.989452498582879,0.218979433232089,0.18840395630831885,13.14954423904419
1780876581.4776301,4.9410090142288965,-2.988039709425993,0.2162401056713387,0.18494495597563265,13.170918703079224
1780876581.498242,4.940972754968511,-2.9868671189509657,0.21457235950279,0.18186965431828028,13.191530466079712
1780876581.5254402,4.941152928031983,-2.98454237599341,0.21264395353892296,0.1796691801986281,13.21872878074646
1780876581.546232,4.941398154901143,-2.9819152820395542,0.2105323479777042,0.17850834319703424,13.23952054977417
1780876581.5672545,4.941479514265818,-2.9801680113291127,0.20873500871336662,0.178522260692227,13.26054310798645
1780876581.5903664,4.941423457509179,-2.979190431158857,0.20684565446798053,0.17957598144814124,13.283654928207397
1780876581.6102931,4.941260729497755,-2.9788674010231126,0.20421576931477461,0.18146849835371626,13.303581714630127
1780876581.6341918,4.940945986653733,-2.979373237838344,0.20127754935887449,0.18426623985275814,13.32748031616211
1780876581.6557403,4.940547364581624,-2.980165295773663,0.2001021873814578,0.18747764736219885,13.349028825759888
1780876581.67703,4.940094457475711,-2.9810429998357932,0.2015571633057148,0.1908199828164392,13.37031865119934
1780876581.6995747,4.939615902359518,-2.981951786473677,0.20525252607897712,0.19419263177335644,13.392863273620605
1780876581.7197447,4.939063657929199,-2.983239909279152,0.2109780067077918,0.1978618915308168,13.413033246994019
1780876581.7416432,4.938404371098606,-2.9853189901131394,0.21676053807257106,0.2024881819399269,13.434931755065918
1780876581.7658398,4.937686845191645,-2.988013097710077,0.22156637776012067,0.20791878963480315,13.459128379821777
1780876581.7861838,4.937035172570642,-2.990843414634897,0.2231788230783527,0.21347539020953654,13.479472398757935
1780876581.8082776,4.936511387286651,-2.9934222071787935,0.22182367649806373,0.2186371595215828,13.501566171646118
1780876581.8280153,4.936089560051354,-2.9956315497555033,0.21962019901341606,0.22284491136931273,13.52130389213562
1780876581.849962,4.935836155269038,-2.9971017616668636,0.21708508308085198,0.22598966221246375,13.543250560760498
1780876581.8716104,4.935752915921004,-2.9977864323222363,0.21461514474779905,0.22799338270415603,13.56489896774292
1780876581.8919842,4.9358438275862175,-2.9976506633412034,0.2124861104041221,0.22880498010251848,13.585272789001465
1780876581.9188867,4.936048692058408,-2.996963442902077,0.21082046013698855,0.2284106167617379,13.612175226211548
1780876581.9402912,4.936343773272657,-2.9958389661572666,0.20964088103536704,0.22682538094529292,13.633579730987549
1780876581.964317,4.93681730321199,-2.9939002055631145,0.2088954751798555,0.22408251487881348,13.657605648040771
1780876581.9870594,4.9373630669049415,-2.9915235941981893,0.20994902185105566,0.22070142660804581,13.680347919464111
1780876582.0081105,4.937899013678949,-2.9890337623619327,0.21367224278848593,0.21715679930237997,13.701399087905884
1780876582.0313156,4.9384266009860545,-2.9865737388984317,0.21926909206791087,0.2136625462045192,13.72460412979126
1780876582.05624,4.938900282088196,-2.9846021308851505,0.22423287816555162,0.2108424188443463,13.749528646469116
1780876582.075254,4.939307116503169,-2.983187496709655,0.22776255246651533,0.20878337447001094,13.768542528152466
1780876582.0990098,4.93970699804765,-2.9820857229195097,0.22867877712749657,0.20712131609264617,13.792298316955566
1780876582.120829,4.9400095662739165,-2.981545169921648,0.22839869960240514,0.20621044667751853,13.814117670059204
1780876582.1425703,4.940200752598993,-2.9815933281770453,0.22715325632978267,0.20608888184855267,13.835858821868896
1780876582.1659853,4.940272199842696,-2.982240470640245,0.22507252835036343,0.20676955587028267,13.859273910522461
1780876582.1878946,4.940216616285561,-2.9834908532632647,0.22227449840062288,0.20826153409624304,13.88118314743042
1780876582.2115061,4.9400124279179884,-2.985416824044546,0.2188529793538316,0.21056735447152874,13.904794692993164
1780876582.2319613,4.939551519647114,-2.9884896352834343,0.21498793817273953,0.21364723071074643,13.925249814987183
1780876582.2544239,4.939038198516498,-2.9916132307481718,0.212708395474473,0.21688263554690046,13.947712421417236
1780876582.2776737,4.938528083140328,-2.9945215439022936,0.21269811387425602,0.21989051887050604,13.970962285995483
1780876582.2989836,4.938162394292357,-2.996744840268915,0.21316629227976058,0.22202755587103695,13.992272138595581
1780876582.321807,4.93806508430235,-2.9977553124378757,0.2137572012502981,0.22308807871186964,14.015095472335815
1780876582.3420856,4.938211813120356,-2.997651683243855,0.21457055604789174,0.22307124003135836,14.035374164581299
1780876582.3657265,4.938532899559271,-2.996757471556228,0.21552559728679793,0.22202049332928286,14.059015035629272
1780876582.3880596,4.939021635448936,-2.9951186115511566,0.21643682988257237,0.2200018033560145,14.081348180770874
1780876582.409808,4.939667571582877,-2.992803725725143,0.21702798452747965,0.2171043492581699,14.10309648513794
1780876582.4330604,4.940445571129975,-2.9899395664526125,0.21715436901413832,0.2134832442516732,14.126348972320557
1780876582.4536042,4.941204238698745,-2.9871050679126965,0.2181873466480353,0.20988017166753714,14.146892786026001
1780876582.477225,4.941842272412179,-2.9848895913874998,0.21870104073918492,0.20705013228186608,14.17051362991333
1780876582.5011342,4.94233968528886,-2.9833822359425564,0.2186632967887599,0.20510909100315544,14.194422721862793
1780876582.5209043,4.942686295504584,-2.9826041064437456,0.21829877536229428,0.20408455372697354,14.214192867279053
1780876582.5458026,4.942875758088494,-2.9825673026057333,0.2177589118669156,0.20398956522510758,14.239091157913208
1780876582.5664122,4.942905987359359,-2.983273141827852,0.2171091818389096,0.20481991492125218,14.259700775146484
1780876582.589301,4.942780459805227,-2.984705624821952,0.21632438671745874,0.20655077243952213,14.282589673995972
1780876582.61149,4.942508451058477,-2.9868287027725127,0.21529416552600486,0.20913666749154203,14.304778575897217
1780876582.6324852,4.942125605692993,-2.9894343182661136,0.2145669190744199,0.2123337557624243,14.3257737159729
1780876582.6556365,4.941704160425693,-2.9920424782941444,0.2159539527086767,0.21555663288967608,14.348925113677979
1780876582.6758425,4.941326348791376,-2.994371844100697,0.21854558670422894,0.21844435130840267,14.369131088256836
1780876582.6982858,4.941111669901617,-2.996035166196662,0.22049722428773258,0.22051696736812332,14.391574382781982
1780876582.721446,4.94105852984681,-2.9970204583817357,0.22184278403350347,0.22176541447297993,14.414734601974487
1780876582.7426217,4.941162068093437,-2.9973326614457663,0.22263280358479176,0.2222033192430013,14.43591022491455
1780876582.764071,4.941418102855581,-2.9969822483023982,0.22286536995876008,0.22185171021878158,14.457359552383423
1780876582.7897186,4.941821997905503,-2.995988922113846,0.22248934513723193,0.22073976376458937,14.483007192611694
1780876582.810007,4.942360848112516,-2.9944124074524487,0.22141560465184557,0.2189054310492038,14.503295660018921
1780876582.8348238,4.942979352047248,-2.99248393085355,0.21954043781810786,0.21639748275205406,14.528112411499023
1780876582.855016,4.943681865926773,-2.9901281391303898,0.21732261250459411,0.21338411737095253,14.548304557800293
1780876582.8789482,4.944323739544316,-2.9878666379531715,0.21659365480398954,0.21048182285006334,14.572236776351929
1780876582.9029608,4.9448235913839484,-2.986221021538763,0.21573958487852749,0.20829485997890362,14.596249341964722
1780876582.9236517,4.94509118542627,-2.9856243118602164,0.21461173085777296,0.20697449047729144,14.616940259933472
1780876582.9480596,4.9451600663994,-2.985901703311818,0.21339599053472696,0.20654064303324127,14.641348123550415
1780876582.9683387,4.945060071532789,-2.9868985628312714,0.21230242506021477,0.20695572683146324,14.661627292633057
1780876582.9903748,4.944851468990657,-2.9881825038987766,0.21326609393935683,0.2077451529535672,14.683663368225098
1780876583.0155787,4.94454128617459,-2.9897159308157404,0.21668202023788768,0.20870679511917167,14.708867311477661
1780876583.0358932,4.94412432333307,-2.991661836990111,0.22154161684596294,0.20983732733786198,14.72918176651001
1780876583.0597165,4.943737133752091,-2.9937133335539916,0.22363984578647222,0.2111062198170366,14.753005027770996
1780876583.079728,4.9434614650116995,-2.995382970513895,0.22353344150108256,0.2119856849107986,14.773016452789307
1780876583.1047502,4.943318503964866,-2.996439556547388,0.22248594407082248,0.2122183287526287,14.798038721084595
1780876583.1273468,4.943266532208095,-2.99705010933082,0.2207258208139304,0.21177653207335645,14.820635318756104
1780876583.1476934,4.943344187223866,-2.9970048096402695,0.21847738836213207,0.21062913258118243,14.84098196029663
1780876583.1717327,4.943555144178705,-2.996264945389129,0.21591337821714993,0.20875519246337682,14.865021228790283
1780876583.1939502,4.943886615227434,-2.9948675345051177,0.21332540941358133,0.20619266136571834,14.88723874092102
1780876583.217238,4.944199231332846,-2.993329846997513,0.21280148745129834,0.2034183594431429,14.910526514053345
1780876583.2391014,4.944453456515035,-2.991828587381232,0.21486472132855367,0.20063104468630044,14.932389974594116
1780876583.2601855,4.944670655896105,-2.9903407347836994,0.21911434192573795,0.1979156540703748,14.953474044799805
1780876583.2856557,4.944817862441921,-2.989252734422142,0.22336270450160714,0.19567997829649375,14.978944301605225
1780876583.3062944,4.944882392718327,-2.988712536528452,0.22627194951178534,0.19407648877782702,14.999583005905151
1780876583.3284163,4.944934902030937,-2.9884775351064583,0.2259249229468065,0.19266677379775743,15.021704912185669
1780876583.3507109,4.944929579454039,-2.988635633437876,0.22357473050862378,0.19170347710524993,15.043999433517456
1780876583.3709419,4.9448035796730805,-2.989370729640547,0.22033945403415656,0.1914029688630734,15.06423044204712
1780876583.3941905,4.944549054658176,-2.990675287305855,0.2165136163713837,0.19176476953651722,15.08747911453247
1780876583.4149702,4.944199636493181,-2.9922016625174814,0.2142212858856478,0.19237411829621998,15.108258724212646
1780876583.4368584,4.94378258495029,-2.993774038422257,0.21437903094792476,0.19301503734382308,15.130146980285645
1780876583.4608655,4.9433362236542715,-2.995238203844943,0.21686502282589887,0.19359816928320406,15.154154062271118
1780876583.4818728,4.942976327129954,-2.996204343319394,0.21965229853548637,0.19370327677243626,15.175161361694336
1780876583.5052707,4.94275080656116,-2.996512537243974,0.22173265620705054,0.19315692712618926,15.198559284210205
1780876583.531695,4.9432678984327865,-2.993032095200289,0.22298249841675877,0.19192527695186357,15.22498345375061
1780876583.5512867,4.943893814830446,-2.989220511496553,0.22165566942435436,0.19051921020992157,15.244575262069702
1780876583.574915,4.944412532455271,-2.9860529274312326,0.21903558093830333,0.18965832116045434,15.268203496932983
1780876583.5961294,4.94477324378422,-2.98367594652782,0.21610681515515986,0.18952530379231813,15.28941798210144
1780876583.621292,4.944935588737279,-2.9822411419635455,0.2134021648976866,0.190216748558532,15.31458067893982
1780876583.6461968,4.944905787260722,-2.9817049152506585,0.21105051944725284,0.19174890212195095,15.33948540687561
1780876583.6673727,4.944752337044181,-2.9817998055133343,0.2080065641412962,0.19388780005508188,15.360661268234253
1780876583.691379,4.94446724241493,-2.982535069856551,0.20442481867267662,0.1966472071295513,15.38466763496399
1780876583.7128577,4.944077684604034,-2.983632791877481,0.2021509961362896,0.19973314081096483,15.40614628791809
1780876583.734893,4.943605769258535,-2.984906467620798,0.202531923874605,0.2028692476915026,15.428181648254395
1780876583.7567234,4.943102388101404,-2.986159399734245,0.20535397459641666,0.20596974884907304,15.450011968612671
1780876583.7769115,4.942557241369488,-2.9874876050271824,0.21081551179226365,0.20912120691724745,15.470200061798096
1780876583.7997956,4.941956870706557,-2.989092746865314,0.21846432000013932,0.21251653382044022,15.493084192276001
1780876583.8203769,4.941277049478321,-2.9913654900295605,0.22511217247562412,0.21641350440091323,15.513665437698364
1780876583.8442156,4.940651364416644,-2.9937954825339226,0.2281602014521375,0.2203497688340743,15.537504196166992
1780876583.865966,4.940107456774076,-2.9961823454138172,0.22725601210790475,0.22420533597172376,15.55925464630127
1780876583.8869429,4.939684621525068,-2.998174403658393,0.22415667294999314,0.22763166805971125,15.580231428146362
1780876583.909245,4.939409352926561,-2.9994960912650575,0.22050173254427108,0.23031483864972113,15.60253357887268
1780876583.9290342,4.939244607233404,-3.0002662172771113,0.2167519572757846,0.23218616708184125,15.622322797775269
1780876583.9548688,4.939243784955778,-3.000228597269972,0.2132888238061005,0.23318215228995332,15.648157358169556
1780876583.9782622,4.9394142832426615,-2.9993476806757946,0.21034859060150654,0.23326374973847486,15.671550750732422
1780876583.9989402,4.939740143582517,-2.997684025821873,0.20831648243132844,0.23248515629932687,15.6922287940979
1780876584.0210562,4.9400460073562495,-2.995868612671497,0.20921549098072245,0.23131966783651414,15.71434473991394
1780876584.0416842,4.940319927197555,-2.9939787089614796,0.21318315835533463,0.22993807941251276,15.734972715377808
1780876584.0642233,4.940597779829106,-2.991986572299029,0.21949200467557614,0.22843675380013462,15.757511854171753
1780876584.0870807,4.940939675004939,-2.9898942664875072,0.22513343177408626,0.226814467055501,15.780369281768799
1780876584.1082256,4.941350834288643,-2.987844148053202,0.22677584186887448,0.22519521125686204,15.801514148712158
1780876584.130579,4.941582058498047,-2.98676105019689,0.22559004365179092,0.22383205628802383,15.823867559432983
1780876584.1510267,4.941682184700405,-2.9862661427407033,0.22346199692299687,0.22308913529040808,15.84431529045105
1780876584.1727002,4.941633126311825,-2.9864030215815953,0.22067231688221683,0.2230090942126921,15.865988731384277
1780876584.1979313,4.941422924392148,-2.9871971737794474,0.21744331290144528,0.22362601571670737,15.891219854354858
1780876584.2190056,4.9409615263040045,-2.989013980196182,0.21408134225425313,0.22493916499314182,15.912294149398804
1780876584.24029,4.940344222958105,-2.9913084973665987,0.21266025908155306,0.22650764822625646,15.933578491210938
1780876584.2648137,4.9396842924874464,-2.993569051392221,0.2138790511750171,0.22809128584390592,15.958102226257324
1780876584.2840357,4.939025757280798,-2.9956684481057647,0.21730509607452264,0.22953687437171943,15.97732424736023
1780876584.3064935,4.938514400495397,-2.997170723633975,0.2206495209777521,0.23036940152509722,15.999782085418701
1780876584.3273022,4.938113306059886,-2.99826662738978,0.22334466938995606,0.23050167909386587,16.020590782165527
1780876584.3507173,4.9378755806935,-2.9987108818784374,0.2253671304666172,0.22995119755159266,16.044005870819092
1780876584.3731053,4.937795398540567,-2.998517847956278,0.2266556012093204,0.22874247854181284,16.066393852233887
1780876584.3938365,4.937864959566377,-2.997716802203832,0.22711459882731175,0.22690572611293547,16.087125062942505
1780876584.4163022,4.938055920328648,-2.9964344529252585,0.22662311869878823,0.22447637591093894,16.109590768814087
1780876584.4368062,4.938352100703882,-2.994743686842244,0.22507371139082238,0.2214906010005233,16.13009476661682
1780876584.4603367,4.938742507709649,-2.9927476157867963,0.22145431242763297,0.21818161464989494,16.15362524986267
1780876584.482955,4.93917494566938,-2.9905352873381252,0.2171672553215597,0.2146394094086892,16.176243543624878
1780876584.5039568,4.939535231540209,-2.988437217591309,0.21486349915476957,0.21123391600577612,16.197245359420776
1780876584.5264602,4.939796812370477,-2.986719180346505,0.2131847048728961,0.2084517361889473,16.219748735427856
1780876584.548381,4.939887151042559,-2.9857733862048583,0.2115510164290164,0.20655114048852052,16.24166965484619
1780876584.570482,4.939790247481586,-2.9856567307588393,0.21021242119883607,0.20557355890647244,16.263770580291748
1780876584.593548,4.9395149608394044,-2.9862975118407866,0.20965396958948349,0.20545288440257092,16.286836624145508
1780876584.6185968,4.939105405668253,-2.9873425887312233,0.2118484595797694,0.2057316084766505,16.311885356903076
1780876584.6427672,4.938553082194219,-2.988969030180069,0.21555691830911064,0.20654464485847424,16.336055755615234
1780876584.6629777,4.937877085344657,-2.991268658060963,0.21874111995807197,0.20812134098112622,16.356266260147095
1780876584.6864846,4.937141517581322,-2.9939235629384444,0.22138645264713497,0.2101319929167733,16.379773139953613
1780876584.709779,4.936531521250714,-2.996067820207028,0.22319867310089833,0.2116377451813971,16.403067588806152
1780876584.7306488,4.936110625247681,-2.99739792521344,0.2240004836301601,0.21249063784325806,16.42393732070923
1780876584.755683,4.93583256446467,-2.998106824942772,0.22393271799580983,0.21267437107927378,16.44897150993347
1780876584.7760997,4.93569581850963,-2.9981868374707563,0.22310729785152775,0.21217235811249857,16.469388246536255
1780876584.8005435,4.9356987739012625,-2.997632346118126,0.22161230950972366,0.21097255992264063,16.493832111358643
1780876584.8228269,4.9358807374404465,-2.996244096498316,0.2195073407689881,0.20906587302170454,16.516115427017212
1780876584.8428802,4.9362076727367965,-2.9941746695561804,0.21680664769804728,0.20646511073324092,16.536168813705444
1780876584.865919,4.936555270455066,-2.9918868249323634,0.2151849875186644,0.20359074520867004,16.559207677841187
1780876584.886178,4.936848244895416,-2.9896687625310254,0.21578421238509282,0.2007868922641025,16.579466581344604
1780876584.9099991,4.937053462717325,-2.9878193558084027,0.2171472183398117,0.19848250419400415,16.60328769683838
1780876584.9319885,4.937244613177666,-2.986088291766035,0.2180773872863695,0.19698897682843697,16.625277042388916
1780876584.9522655,4.937287768562967,-2.9851079880223352,0.21873893423040838,0.19633900168301466,16.645554065704346
1780876584.9745913,4.937180414729343,-2.9848761913618187,0.2192200734835126,0.1965434688318224,16.667879819869995
1780876585.0000134,4.936923641077947,-2.985382315786718,0.21952272711943652,0.19759684960629365,16.693301916122437
1780876585.0191512,4.936450618675077,-2.986953756359663,0.2195726749647786,0.19948156825538366,16.71243977546692
1780876585.0424316,4.935782211278505,-2.9895048149997097,0.21915843392564238,0.20215032153786083,16.73572015762329
1780876585.0642536,4.935011669040541,-2.9925972858563017,0.21808610417125138,0.2055005354726429,16.7575421333313
1780876585.0870981,4.9342327138722855,-2.995663405200899,0.21771648015729225,0.20888698275780904,16.780386686325073
1780876585.1096885,4.933606626896873,-2.9980275868884405,0.21695446050667205,0.21154806152022587,16.802977085113525
1780876585.130973,4.933275635377571,-2.999008512280752,0.21588289530363258,0.2133297192482111,16.82426166534424
1780876585.1516955,4.933105123056785,-2.9992243164676413,0.2147281848582741,0.2142006063088555,16.84498405456543
1780876585.1721814,4.933095090784044,-2.9986678619260525,0.21361324391091108,0.2141387406570061,16.865469932556152
1780876585.1939774,4.933244524287778,-2.9973475986186964,0.212553774446847,0.21314350071022048,16.887265920639038
1780876585.21724,4.93349976723797,-2.995466129264293,0.2122824175193353,0.21144055512687743,16.910528659820557
1780876585.2371647,4.933741373332667,-2.9934550157166187,0.21449792240159832,0.20955231501463345,16.930453300476074
1780876585.2613006,4.933965335825074,-2.991412641599519,0.2188532006629215,0.2076101850847536,16.954589128494263
1780876585.282199,4.934140004393402,-2.9897025749425135,0.22334441579461412,0.20605243155633968,16.97548747062683
1780876585.3072171,4.934275477807439,-2.9884252793648116,0.2258440877682442,0.20499957419557369,17.000505685806274
1780876585.3296638,4.934392728686115,-2.9874707270702943,0.22583772991411905,0.20430257413720376,17.02295231819153
1780876585.3498664,4.934403653719454,-2.987097398980903,0.22479153772939314,0.20430387592655386,17.04315495491028
1780876585.3726459,4.934299403730579,-2.987318928101182,0.22285438228010696,0.2050299993999518,17.065934419631958
1780876585.3926213,4.934071293248221,-2.988146113658322,0.22016895044453386,0.20650538348635283,17.085909843444824
1780876585.4161575,4.933712790952444,-2.9895812855875077,0.2168546549488228,0.20874826749783537,17.109446048736572
1780876585.4379866,4.933245608035495,-2.9914404549878197,0.21382665668887704,0.2115535108067128,17.131275177001953
1780876585.4577818,4.932731309087473,-2.9932954915545693,0.2131012430955025,0.2143888933534237,17.15107035636902
1780876585.4795089,4.932194858387414,-2.995058117948349,0.21478070348162334,0.21712330682325742,17.172797441482544
1780876585.5011177,4.9317469179598055,-2.996383327696679,0.217238459138024,0.21930396935104213,17.194406270980835
1780876585.5230126,4.931467389846753,-2.9970264610871618,0.21914282226672624,0.22060522482093603,17.216301202774048
1780876585.5460289,4.931349797060858,-2.997005627590895,0.22046870989775097,0.22104748415802433,17.239317417144775
1780876585.5660973,4.93138789120691,-2.9963452273598614,0.22114248786870547,0.22065888786757082,17.25938582420349
1780876585.5871382,4.931574821560577,-2.9950794378566203,0.2210503666536608,0.21947496319266868,17.280426740646362
1780876585.6071377,4.931902655955721,-2.993251633735344,0.22005372763709496,0.21753742816114396,17.300426244735718
1780876585.6288736,4.932290522407272,-2.991201683244945,0.21821459295808945,0.21494811717806073,17.32216215133667
1780876585.6515975,4.932623524037417,-2.9893556962793686,0.21642463439066806,0.21259875660618555,17.34488606452942
1780876585.6734943,4.932811784374983,-2.988178360252614,0.2140119073464822,0.2111092232021914,17.366782903671265
1780876585.6970716,4.932846482658871,-2.987648176985036,0.21162206031671318,0.21047401323056647,17.390360116958618
1780876585.7204049,4.932803431211557,-2.987244533369143,0.2115034566676492,0.2102079380602042,17.41369342803955
1780876585.739918,4.932660842477737,-2.9871877554314463,0.2127401421967023,0.2105721660751323,17.43320655822754
1780876585.7628646,4.93236610504529,-2.9878697893623456,0.2138162249707221,0.2119144835968063,17.45615315437317
1780876585.7830055,4.931931244972003,-2.989243260857636,0.21458746908968881,0.21417796707050663,17.47629404067993
1780876585.8064113,4.931419306917957,-2.990904904609986,0.2164773207602754,0.2168446866531033,17.49969983100891
1780876585.8301766,4.930892461026349,-2.9925501111586446,0.22001616263792234,0.21949836043462767,17.523465156555176
1780876585.8493712,4.930476217823454,-2.993862460053412,0.22243704803466452,0.22168984740234876,17.542659759521484
1780876585.8715014,4.930195267824231,-2.9947657570502457,0.2229388476826653,0.22331941178232384,17.56479001045227
1780876585.8915653,4.930061625203053,-2.9951077878401544,0.22236549833853328,0.22418022168536922,17.584853887557983
1780876585.9149008,4.930073210986604,-2.9948779888155244,0.2208274169416874,0.22425498093114093,17.608189344406128
1780876585.9386997,4.930226522372732,-2.9940676263056183,0.2184375118199532,0.223525308773441,17.631988286972046
1780876585.9588556,4.930509814406788,-2.992696911746295,0.21540105161362155,0.2220057301347662,17.652144193649292
1780876585.980437,4.93079639298445,-2.991165132814067,0.21376570558828054,0.22024218866912015,17.673725605010986
1780876586.0006602,4.931033584695475,-2.9896671999694115,0.21437859375039545,0.21851953161240179,17.69394874572754
1780876586.0239484,4.931198430521895,-2.988392779700094,0.21650663622323008,0.21710290617218853,17.71723699569702
1780876586.046682,4.931241500783079,-2.987751376719693,0.2180992101056078,0.21655144937409077,17.739970445632935
1780876586.066627,4.931160170302137,-2.9877540914257117,0.21900289375587223,0.21688564084190176,17.759915590286255
1780876586.0889127,4.930956952794889,-2.9883809077849524,0.21916897009952646,0.21808103371823417,17.782201290130615
1780876586.1112936,4.930620399073891,-2.989681133410684,0.2185171646990537,0.22010677699563175,17.804582118988037
1780876586.1338909,4.93005173094759,-2.992073553711428,0.2172380884180637,0.2228441473324292,17.827179431915283
1780876586.1588352,4.9295201900336085,-2.9942663747087694,0.21641861459170822,0.2253578304887629,17.852123737335205
1780876586.1796725,4.929152581523259,-2.9957953101464825,0.21496499317683937,0.22696556291590753,17.872961044311523
1780876586.206157,4.928952694188176,-2.9966127117640906,0.21315889658341355,0.22758634786923615,17.89944553375244
1780876586.2271273,4.9290634120163475,-2.9960644532398697,0.21125417905470498,0.22715440833117917,17.9204158782959
1780876586.254211,4.929279255629441,-2.994963646683286,0.21048805854529692,0.22599795391084765,17.9474995136261
1780876586.2799284,4.929484763795598,-2.9937090833764257,0.21237771403837835,0.22460719056927214,17.973217010498047
1780876586.3023553,4.9296862896483145,-2.9923571925167325,0.21656822359143632,0.22307051255158683,17.995643854141235
1780876586.3241282,4.929949367312472,-2.9908461166306233,0.2209970286053377,0.2212967746773895,18.01741671562195
1780876586.344542,4.930305349323732,-2.989321017891586,0.22177259070035582,0.21946263748396078,18.037830591201782
1780876586.370336,4.930637095055686,-2.988135239655007,0.22014455408397465,0.21807121321819434,18.063624620437622
1780876586.393012,4.930844016404702,-2.987559770517187,0.21767450762763635,0.21753912794052876,18.08630061149597
1780876586.4150643,4.930859485841981,-2.9878456721494144,0.21465374512105242,0.21793339409852663,18.10835289955139
1780876586.4434338,4.930630961543714,-2.989164110417415,0.2117422244604481,0.2191730327304473,18.136722326278687
1780876586.468691,4.930328711120211,-2.99059759205149,0.21111956679829216,0.22063299227041533,18.16197967529297
1780876586.4904454,4.929979693074048,-2.992042939440979,0.21304217447587798,0.22214810656410222,18.18373394012451
1780876586.5115168,4.929652807552563,-2.9932828755232137,0.2170854857911706,0.2235952354370081,18.204805374145508
1780876586.5321066,4.92957498086089,-2.9935490110781577,0.2209437631235957,0.22439600907054746,18.22539520263672
1780876586.555792,4.929640727253937,-2.993419263731076,0.22290129242965623,0.22459963796219995,18.249080657958984
1780876586.5772016,4.929786471146422,-2.9932786470016386,0.22108984951619537,0.22477078095608327,18.270490169525146
1780876586.5983343,4.930035664771417,-2.9928221431713227,0.21710944959153386,0.22447578809752677,18.29162287712097
1780876586.6221738,4.930340250093839,-2.99201006529051,0.213438208142471,0.22364986427830846,18.315462350845337
1780876586.6425748,4.930595624096111,-2.9911775708690556,0.2120548345954617,0.22279538561929257,18.3358633518219
1780876586.6640782,4.930801548150655,-2.9903642019900225,0.2131009241094522,0.22197668414922855,18.357366800308228
1780876586.6856863,4.930960591623913,-2.9896214560806063,0.21629562931552523,0.22127092923527147,18.37897491455078
1780876586.7071931,4.931035421417988,-2.9893370940905624,0.2194296222611656,0.22122545225377266,18.400481700897217
1780876586.728194,4.9308627725684815,-2.9903045550531466,0.2214074243573036,0.22199538770081162,18.4214825630188
1780876586.7481837,4.9307264329723886,-2.9914046483373706,0.22021600549469805,0.22296574392172985,18.44147229194641
1780876586.7707105,4.930654986701339,-2.9924372622212916,0.2160323964378357,0.22384221012277372,18.463999032974243
1780876586.7922547,4.9305647042421485,-2.9933594396535974,0.21321337804043983,0.22458887000640448,18.485543251037598
1780876586.81379,4.930496248884766,-2.993967165795267,0.21269435989649613,0.22521271669437581,18.507078647613525
1780876586.8375347,4.930519164575052,-2.9939910942359114,0.2144968686152809,0.22566656239568417,18.530823230743408
1780876586.8583791,4.930619593857821,-2.9936547820694632,0.21706461728502952,0.22558841909137506,18.5516676902771
1780876586.8813744,4.930882961848181,-2.992731298876882,0.21873981122836048,0.22463387110841726,18.574662923812866
1780876586.9033747,4.931282194343365,-2.9913695608402104,0.21887616214737576,0.22301124759491486,18.596663236618042
1780876586.9237173,4.931527797702186,-2.990880771209578,0.21686361463864484,0.22178067594381545,18.617005825042725
1780876586.9452443,4.931674881381828,-2.9907685939168265,0.21538614376544052,0.2209923873659978,18.638532876968384
1780876586.9652517,4.931774234607033,-2.9906983312550146,0.21586540942375868,0.2202933129622906,18.65854024887085
1780876586.9893396,4.931811333307773,-2.9908228723953356,0.2174976690160157,0.21989727394362113,18.68262815475464
1780876587.0161705,4.931795410930539,-2.991287014034531,0.2182363617004771,0.22031770991593902,18.70945906639099
1780876587.0362637,4.931786254147224,-2.9918265824842902,0.21791943779355336,0.22152853889187263,18.729552268981934
1780876587.0581083,4.931737652613346,-2.992517655432737,0.21798835163051744,0.22296675014235223,18.751396894454956
1780876587.078153,4.931803048064447,-2.9927538947696606,0.2175136448323505,0.2237282151432396,18.77144145965576
1780876587.1016717,4.93197561976352,-2.9925560703867125,0.2166644848691141,0.22383719322512619,18.794960260391235
1780876587.1227112,4.932130271319215,-2.992302648423578,0.2174399547420974,0.22386541638350366,18.815999746322632
1780876587.1430857,4.932300479799497,-2.99193079615384,0.21894911044484158,0.2237200114725999,18.836374282836914
1780876587.1646597,4.932517042151112,-2.9916034689243096,0.21774825379768148,0.22361137955193922,18.857948303222656
1780876587.1873925,4.932674070798905,-2.991531253746659,0.2166167074169253,0.22387827463842136,18.880681037902832
1780876587.207986,4.932792490938598,-2.991474846206724,0.2172629968056193,0.22417692973785197,18.90127468109131
1780876587.2305262,4.932847908147951,-2.991649726330355,0.21855190287878495,0.22481060908805084,18.92381477355957
1780876587.2510996,4.932840587411297,-2.9922478140303865,0.21823576724613405,0.22605466045007283,18.944388151168823
1780876587.2726529,4.932886263194749,-2.992698782728177,0.21701907827339376,0.22707335691200292,18.965941429138184
1780876587.2976289,4.932933090224153,-2.9930265777989837,0.21711840972676474,0.22791504312987776,18.990917444229126
1780876587.3183835,4.933030770351232,-2.9931917729497735,0.21656714554542753,0.22799952190755768,19.011672019958496
1780876587.3422592,4.933117106350683,-2.99337715738182,0.2164736174632723,0.227634751829779,19.035547733306885
1780876587.3630624,4.9332815773430125,-2.993204478907958,0.2166839467898587,0.22675819638071193,19.05635094642639
1780876587.3881261,4.9334999669767585,-2.9927586073141517,0.21750665474087985,0.22549623830061716,19.081414699554443
1780876587.410096,4.933758229809831,-2.9921249655734288,0.2187252594488231,0.22392554763653827,19.103384494781494
1780876587.4316869,4.93394095721335,-2.991966276431392,0.21851189491858264,0.2226854589265015,19.124975442886353
1780876587.45617,4.934030146106386,-2.9923007001994546,0.21743855299867187,0.2221866991076915,19.149458646774292
1780876587.4766924,4.9340774173525945,-2.992716253785808,0.21760037183663514,0.22183882016643075,19.169981002807617
1780876587.5016177,4.9341378928090265,-2.9929913758207967,0.21878296812862721,0.22131519226711305,19.19490623474121
1780876587.523632,4.934365737294097,-2.992663895470083,0.21843487694431948,0.22021376174851248,19.216920614242554
1780876587.5441554,4.934637522641863,-2.99220890782887,0.21743342374560706,0.21904816787132741,19.237443923950195
1780876587.5681732,4.934848298045372,-2.9919440338777346,0.21730647181485155,0.21817269833860742,19.26146173477173
1780876587.5879395,4.934972342127768,-2.9920938215437207,0.21698699757990364,0.21791195660795193,19.281228065490723
1780876587.6108954,4.935077962340436,-2.9922189385394375,0.21792775898914893,0.21784433662780778,19.304183959960938
1780876587.6339884,4.935207658199895,-2.9923081975535384,0.21812314676229144,0.2184907558950009,19.327276945114136
1780876587.6543882,4.935248635686392,-2.9928576776242237,0.2177064044929165,0.21979430887747142,19.347676753997803
1780876587.677831,4.935270899500148,-2.9933920709470914,0.21844178863623923,0.22107967487178204,19.371119499206543
1780876587.6981115,4.935410414282256,-2.9934641203086336,0.21851694355417664,0.2216886522117072,19.39140009880066
1780876587.7199812,4.935680669273551,-2.9930356742159168,0.2176942542811479,0.22156191607022446,19.413269758224487
1780876587.7417593,4.935951549800426,-2.992508344835829,0.21799656172409584,0.22128852976459967,19.43504786491394
1780876587.7617056,4.936145385253831,-2.9923131772376976,0.21838414731576677,0.2214830066472091,19.454994201660156
1780876587.7869127,4.936236540008652,-2.992665304654295,0.21774351448415485,0.22245154236988007,19.480201244354248
1780876587.807552,4.936273208329126,-2.9931967999300775,0.21785191861893372,0.2236798741221211,19.500840663909912
1780876587.8308537,4.936334766936727,-2.993547307412461,0.2187802150052529,0.2246501335667901,19.524142265319824
1780876587.8546505,4.936538328850338,-2.9933690896638447,0.21865811442810204,0.22485212405511135,19.54793906211853
1780876587.8749938,4.9368448472031945,-2.99278484217593,0.21804173240868194,0.22446070875786717,19.56828236579895
1780876587.8975172,4.937098325070538,-2.992377558042766,0.21798810682972358,0.22431303544603942,19.590805768966675
1780876587.9217525,4.9371655256994185,-2.9928367261268614,0.2173215530750613,0.2248490481085863,19.61504101753235
1780876587.9429178,4.937125201363546,-2.993646768414224,0.2180606275239786,0.2254860599131856,19.63620638847351
1780876587.9647636,4.937160231420403,-2.994121051610157,0.21889100340594236,0.22566190161445654,19.65805220603943
1780876587.9848602,4.937343298921197,-2.9940446848618363,0.21864834411071937,0.2250612955320701,19.67814874649048
1780876588.0065231,4.937658287574689,-2.9934630187246087,0.21754559783597352,0.22374995044027735,19.699811697006226
1780876588.0280766,4.9381185578091635,-2.992149860336668,0.21751994089059534,0.2223328672776388,19.721365213394165
1780876588.048618,4.9384836039133555,-2.9912746555433594,0.2172662622467325,0.2215521621210943,19.74190664291382
1780876588.0724268,4.938723198616489,-2.991018012341,0.21621601813295893,0.22162958317524506,19.76571536064148
1780876588.0931659,4.938833829435437,-2.9913610792928353,0.21464583087144132,0.2225428466701338,19.786454439163208
1780876588.120336,4.938787787544721,-2.9922544021214375,0.21460893427750685,0.2237531629125611,19.813624620437622
1780876588.1428978,4.938620400812269,-2.993514317678648,0.21666236689614934,0.22504065188963196,19.836186408996582
1780876588.1647046,4.938462745600696,-2.99466869029321,0.220014641821596,0.2261957818791247,19.857993125915527
1780876588.1892052,4.9384365606201355,-2.995415043979242,0.2219550150163778,0.22677655072033964,19.88249373435974
1780876588.2145889,4.938564914548815,-2.99572017794655,0.2212992171907222,0.22699573909414283,19.907877445220947
1780876588.2375894,4.938950227253676,-2.9949801723845804,0.21955727162582503,0.22645011573641405,19.930877923965454
1780876588.2617953,4.939457365344962,-2.993744120572568,0.21700510420054844,0.2251980688906574,19.9550838470459
1780876588.2818925,4.93995117279186,-2.9924279597555814,0.21577383271997297,0.2238241514606676,19.975181102752686
1780876588.3048465,4.940375968617653,-2.99127774046215,0.2160652677297852,0.22267787347084678,19.998135089874268
1780876588.3249953,4.940528692488066,-2.9913555883108978,0.21593034228658284,0.2223650103247916,20.01828384399414
1780876588.3508039,4.940539800603117,-2.9920960371455365,0.21529467309763525,0.22289568315788255,20.044092416763306
1780876588.3737268,4.940482395688705,-2.9930180245181544,0.21609308612363343,0.22370465353042057,20.067015409469604
1780876588.3959706,4.940387330522593,-2.993966000233693,0.21877179395816246,0.2245706317995797,20.089259147644043
1780876588.4190342,4.940276663019507,-2.9950771438879253,0.22067180601416123,0.22544537089471994,20.11232280731201
1780876588.4395096,4.940252595207102,-2.9960398443773775,0.22000162275004873,0.2259623700577098,20.132798194885254
1780876588.4610932,4.940374727539252,-2.996428142260093,0.2183459418451924,0.22571218604187226,20.15438175201416
1780876588.485771,4.940640937532194,-2.9962178478332566,0.21589730079013972,0.22466343516607967,20.179059505462646
1780876588.5058153,4.94096786554745,-2.9956542899997123,0.21412545113550277,0.22314964309178542,20.199103832244873
1780876588.5306356,4.9413258283111725,-2.9947576524042763,0.21458901186950963,0.22157493200154477,20.223924160003662
1780876588.5521038,4.941654451383579,-2.9938360533508392,0.21716704339990137,0.22000125927546854,20.245392322540283
1780876588.575646,4.9419324633802395,-2.99312939052051,0.2205468773844282,0.21873133615882345,20.26893448829651
1780876588.6016223,4.942152458976652,-2.992868498203538,0.22224661861163114,0.2180659374085243,20.29491090774536
1780876588.6265023,4.942347554333633,-2.992991336744224,0.2207933933142984,0.21761352279745783,20.319790840148926
1780876588.650893,4.94242791232017,-2.993696600037436,0.21811420613141164,0.2178677215883944,20.344181537628174
1780876588.6759367,4.942418037546882,-2.9947376641282792,0.21560842757574622,0.21860785095894908,20.36922526359558
1780876588.6958249,4.942367344350843,-2.9957560471130678,0.21513823820956904,0.2193544869775863,20.389113426208496
1780876588.7182906,4.94227110001928,-2.9968018868544597,0.21670172510877644,0.22003157239038984,20.411579132080078
1780876588.7389545,4.9422484419724775,-2.997518123687644,0.21839744573774508,0.22013916251298227,20.43224310874939
1780876588.7632248,4.942379887023268,-2.9976232058808376,0.2192696740773845,0.2194511007388087,20.45651340484619
1780876588.7873673,4.942659932219436,-2.9971335847682425,0.21928436004692028,0.2179939417818222,20.480655908584595
1780876588.8126752,4.9430911096370185,-2.996035403045378,0.21838693874367626,0.21579765120400296,20.505963802337646
1780876588.8367422,4.943640355993142,-2.99440462681228,0.2174499874588441,0.21314317137726668,20.530030727386475
1780876588.857555,4.944125308777005,-2.9929898863425803,0.21744469890289314,0.21078794922659938,20.550843477249146
1780876588.882397,4.944489021404395,-2.9922011920910054,0.21673183121005016,0.20927049448620494,20.575685501098633
1780876588.9066007,4.944720384760452,-2.9920698203243314,0.21542445022824253,0.20863318086842408,20.599889278411865
1780876588.9288092,4.944772568456165,-2.9927768235758005,0.21385065702551023,0.20884724209458927,20.622097730636597
1780876588.9517534,4.9447429606049695,-2.993694282916565,0.214073320510717,0.2093751823903851,20.645041942596436
1780876588.9722779,4.944659366546474,-2.9946764882592505,0.21652552132662686,0.21002823367001433,20.665566444396973
1780876588.9971287,4.944542746125587,-2.9957369244803145,0.2204111165489881,0.21080757613208156,20.690417289733887
1780876589.0198476,4.944493020250931,-2.9967643378481688,0.22153717970203013,0.21170754194664454,20.713136196136475
1780876589.0418317,4.944558830437788,-2.997498155340096,0.21973605330669763,0.21235820405525097,20.73512029647827
1780876589.0663426,4.944754611129738,-2.997658294331522,0.2169744602946977,0.21227765758200334,20.759631156921387
1780876589.0867655,4.945023932365529,-2.997394368157663,0.21447075354758627,0.2116577529681507,20.780054092407227
1780876589.1108918,4.9452699825753355,-2.997015057994193,0.21418553214889613,0.21094833753576747,20.80418038368225
1780876589.133758,4.945540380003832,-2.996327581059489,0.21614565157507237,0.21018074329876946,20.827046632766724
1780876589.1543043,4.9457878947127005,-2.9956302778668875,0.21995698552482365,0.2094115668044667,20.84759283065796
1780876589.1767538,4.946060068124304,-2.995018329815272,0.2220407754122683,0.20874952428989513,20.870042324066162
1780876589.197137,4.946384133372057,-2.9944841642669626,0.2204856715906469,0.20816687009520862,20.89042568206787
1780876589.220944,4.946710906205304,-2.9940145889076133,0.217493527350271,0.20819573945766834,20.9142324924469
1780876589.2433639,4.94697115866452,-2.9938026894675125,0.21427173892122386,0.2088869400177913,20.936652421951294
1780876589.2646992,4.947152304371453,-2.9937285188409253,0.21313983063716216,0.2097661490166729,20.957987785339355
1780876589.2865183,4.947265501482377,-2.9937497000664357,0.2144317967619272,0.21077734934449044,20.979806900024414
1780876589.306944,4.9473119251770745,-2.993945964487879,0.21753514150191322,0.2120114882564641,21.000232458114624
1780876589.3295095,4.947256036579391,-2.994700813610103,0.22007715559559554,0.21393595557902323,21.02279806137085
1780876589.352107,4.947130024129688,-2.995921124904405,0.22107303784939067,0.21643122823607897,21.045395612716675
1780876589.3718596,4.947069335033114,-2.997100710449107,0.21882669367985247,0.21885151010963533,21.06514811515808
1780876589.3950982,4.947119909109444,-2.9977988257898796,0.21562600040565078,0.22064748107569265,21.08838677406311
1780876589.4202948,4.947103963469733,-2.9985974083001388,0.21413246913459485,0.22220626860557147,21.11358332633972
1780876589.4384336,4.947001737189225,-2.9995929605402236,0.21462844363187383,0.22351813838078893,21.13172221183777
1780876589.461187,4.947039296784216,-2.9999583119387228,0.21510501317920766,0.2240339063783079,21.154475450515747
1780876589.4815984,4.947238665476589,-2.999629646016627,0.21520776024171107,0.22367085362255157,21.17488694190979
1780876589.5073242,4.9475952936822045,-2.9986303061663433,0.21491309210074042,0.2224581656926503,21.200612783432007
1780876589.533007,4.948146188516456,-2.9966766743349647,0.21578601987940738,0.22085161408333676,21.226295471191406
1780876589.552461,4.9486708669968635,-2.994704234095932,0.21860168828899115,0.21923654026433503,21.245749473571777
1780876589.573966,4.949112211714327,-2.993157457292232,0.22131587398194358,0.21813927714470793,21.26725459098816
1780876589.5949852,4.949443404100576,-2.992214978237854,0.22300864866242787,0.21778618897103819,21.288273811340332
1780876589.6156678,4.949660003180517,-2.9918670950719877,0.22371841936402131,0.2181660976751365,21.308956384658813
1780876589.6386306,4.949759755250453,-2.9921056197877873,0.22346552332678568,0.2192681850694811,21.331919193267822
1780876589.6576421,4.949741739121051,-2.99292117338762,0.22226040707371517,0.22108058189850333,21.35093069076538
1780876589.6814094,4.949605185631679,-2.994299022685489,0.2201164059680007,0.22359010119541178,21.37469792366028
1780876589.704208,4.949356232494138,-2.996177144518523,0.21724402308843196,0.2267320282281542,21.397496461868286
1780876589.7258034,4.9490613940469474,-2.998101422220597,0.21576255214180398,0.22994882506728942,21.419091939926147
1780876589.7488837,4.948806828478997,-2.9997313145930113,0.215550830427235,0.23279940355162054,21.442172288894653
1780876589.7704017,4.948718374990621,-3.000672661687853,0.21495779454008498,0.2347734528618446,21.463690280914307
1780876589.7937388,4.94880137256289,-3.000895124363767,0.21409434311422407,0.23583087413489778,21.487027406692505
1780876589.8152912,4.949056050593738,-3.0003904216019555,0.21306237706470163,0.23596231619748487,21.50857973098755
1780876589.8366685,4.949427395561947,-2.999334922539953,0.2126945119257931,0.2353830117097786,21.529957056045532
1780876589.85934,4.949791799917786,-2.9981255412030854,0.21474432243875327,0.23459630345270277,21.55262851715088
1780876589.8792286,4.9501535837391915,-2.996813763461578,0.21883376424432982,0.23367519959601335,21.572517156600952
1780876589.9012845,4.950610931234391,-2.995239010419439,0.22197315477135474,0.2324076837993312,21.59457302093506
1780876589.921473,4.951114091689682,-2.9937594537462244,0.22169683645335594,0.23121874990719782,21.61476159095764
1780876589.9435081,4.951511379257294,-2.992815019008722,0.22008931865335488,0.23067377495679775,21.636796712875366
1780876589.9653652,4.951765936328981,-2.9924926048895606,0.21772557241621276,0.2308943972394264,21.658653736114502
1780876589.9864173,4.951862351845729,-2.992821508753284,0.2148518364696243,0.2319243838869589,21.67970585823059
1780876590.0090077,4.951810850383833,-2.993672340303819,0.2125899636987693,0.23355869220162884,21.702296257019043
1780876590.0309436,4.951534582452459,-2.995243389882739,0.21284188131651288,0.23534481584081401,21.72423219680786
1780876590.0524766,4.951211069784328,-2.9968311870951494,0.2155330627786245,0.23717380721746295,21.745765209197998
1780876590.0764387,4.950900058015257,-2.9982966248039054,0.21982808343172539,0.2388594731061957,21.76972723007202
1780876590.0969703,4.950747159714258,-2.9992341146014208,0.22333382740992969,0.23987863778271823,21.79025888442993
1780876590.1191924,4.950843331096591,-2.9992818960500798,0.22542869552604988,0.2402545213495202,21.812480926513672
1780876590.1443152,4.951092932467153,-2.99894987618684,0.22408863776937057,0.24051175102748523,21.83760380744934
1780876590.163328,4.951438903800978,-2.9983559293019852,0.22028290668529543,0.2404347454292184,21.856616497039795
1780876590.183946,4.951898917239802,-2.9972420993708306,0.21586471862771903,0.2396882287270845,21.87723445892334
1780876590.2051578,4.9523380977031515,-2.9960048326620914,0.2131340884653974,0.23877224695819343,21.898446321487427
1780876590.2264838,4.9527185756931065,-2.9947924395122087,0.21288388237800007,0.23788567699111596,21.919772386550903
1780876590.2499025,4.953036445026719,-2.9936561746186436,0.21508710936732603,0.2371018165787273,21.943191051483154
1780876590.270954,4.953252849319938,-2.9929031600954015,0.21815001038191906,0.2367948890759637,21.964242458343506
1780876590.2932863,4.953332776718616,-2.992798799584494,0.22048504312193795,0.23729006524370888,21.98657488822937
1780876590.3141696,4.953281883201096,-2.9933069354945343,0.2219721162472823,0.23854027068215267,22.007458209991455
1780876590.337633,4.9531084741041775,-2.9943865727072154,0.22246832731273902,0.24049481857012633,22.030921459197998
1780876590.3605084,4.952875604712993,-2.9958338979329016,0.22102636289642483,0.2429008894457665,22.053797006607056
1780876590.383579,4.9526748490816415,-2.9972890702002353,0.21703522426163635,0.24530883266598025,22.07686758041382
1780876590.4070134,4.952445261637918,-2.9986702569278947,0.21470724109886574,0.24764016613713924,22.10030198097229
1780876590.4271593,4.952212432864631,-2.999882797361431,0.21447781798573926,0.2497645537243205,22.120447874069214
1780876590.4484513,4.952120715613153,-3.0005084536862947,0.21449045854558788,0.2511419806776978,22.14173984527588
1780876590.471001,4.952212517000177,-3.0004255768588672,0.21421358597650444,0.2516122301271988,22.164289474487305
1780876590.4928386,4.952484537745803,-2.999645397249673,0.21368509360197613,0.251187573439009,22.186127185821533
1780876590.5152512,4.952818688220835,-2.998524040413381,0.21450858604172265,0.2503139057424182,22.208539724349976
1780876590.5356352,4.953141521715057,-2.9973058917515214,0.2175173268802005,0.24931119595745255,22.228923797607422
1780876590.56081,4.953518959159913,-2.9958852786092245,0.2210058293632576,0.24804432482736338,22.254098653793335
1780876590.5837226,4.953964745041104,-2.994454627910013,0.2213502681049973,0.24672750045054492,22.277011156082153
1780876590.6041691,4.954311608477044,-2.9935217056136127,0.22017273364555137,0.24601751568941488,22.297457695007324
1780876590.6266057,4.9544607346256955,-2.9933957751564493,0.2181524230911084,0.24606990479364121,22.319894313812256
1780876590.6478114,4.9544355333150945,-2.9939369747117697,0.2154865501497716,0.2469195306611489,22.341099977493286
1780876590.6709085,4.954288098275875,-2.9948349064957704,0.21363517446566582,0.24825057624462232,22.36419701576233
1780876590.6932638,4.954074138910729,-2.9957767500576638,0.21415707757664174,0.24966680419327858,22.386552333831787
1780876590.7138114,4.953833295585312,-2.996646985805564,0.21691795969534672,0.2511081623857603,22.407099962234497
1780876590.7351289,4.95365109814728,-2.9972360552839743,0.22100893319870324,0.252403927245453,22.428417444229126
1780876590.755098,4.953575524455126,-2.9976264020754635,0.2226784334425556,0.25341744883001205,22.448386669158936
1780876590.7782445,4.953580714901388,-2.997958479338868,0.22078269232450515,0.25433899395223314,22.471533060073853
1780876590.8025515,4.953724719654892,-2.997805912118802,0.21753609238782662,0.25463022811903,22.495840072631836
1780876590.8228803,4.953944341912051,-2.997278351030276,0.21461758603706965,0.25442871929596667,22.51616883277893
1780876590.8461273,4.9541262688364665,-2.996701982595617,0.2139411837177548,0.25416625197126486,22.53941583633423
1780876590.8693547,4.954269767329556,-2.9961055775893968,0.2155620015526278,0.2538832105575368,22.56264328956604
1780876590.887168,4.954380068994522,-2.9955264661325387,0.2191378984080107,0.2536269748951421,22.580456495285034
1780876590.913537,4.954400745938929,-2.995380473890474,0.22217836507489572,0.25377631000250034,22.606825590133667
1780876590.9339595,4.954320411042579,-2.995892377211363,0.22167831667252838,0.25403045662711854,22.62724804878235
1780876590.9565184,4.954286783977043,-2.9964338920225244,0.21776716953132733,0.25431270865533406,22.64980697631836
1780876590.9798155,4.954215198216242,-2.9969856360221487,0.21471802424024033,0.2546324945328209,22.67310404777527
1780876591.0007253,4.954104147170179,-2.9974914171897473,0.21390990820492845,0.25491722860881616,22.694013833999634
1780876591.024921,4.953913687162845,-2.9981339304437644,0.21539383127072456,0.2551401212360762,22.718209505081177
1780876591.0450728,4.953736388785251,-2.9986461851315687,0.21830044399008275,0.2551076379724915,22.738361358642578
1780876591.0698457,4.95373019105445,-2.998587939279216,0.22044755115202122,0.25433461916229305,22.763134241104126
1780876591.0933774,4.953892922530894,-2.997970568973387,0.22156454480605844,0.2528351962490003,22.78666591644287
1780876591.1153162,4.954149464471168,-2.997156489154247,0.22038287660634978,0.2509591921606109,22.80860471725464
1780876591.1419687,4.954444601455668,-2.9963185478401213,0.21717052662034156,0.24889677178274106,22.835257291793823
1780876591.1616318,4.95470654752975,-2.9954572422226193,0.2156137841734722,0.2468318372602063,22.854920387268066
1780876591.1880798,4.954913402359485,-2.9946600226124107,0.21608972219764705,0.24488816853615436,22.881368398666382
1780876591.2112896,4.955013193136958,-2.9942698230043967,0.21691101483589895,0.24353777831903933,22.90457820892334
1780876591.2330296,4.955017837348761,-2.9943194159161513,0.2170346143447188,0.24303621878677273,22.926318168640137
1780876591.2555597,4.954878849657971,-2.994994000563895,0.21646091892231203,0.24337391879440062,22.948848247528076
1780876591.2780838,4.954636381894803,-2.9960565631957805,0.21620492987914597,0.24425456350971508,22.971372365951538
1780876591.300979,4.954353173138677,-2.997138338943347,0.21785914767628267,0.2451934449010631,22.994267463684082
1780876591.3261006,4.954068764019382,-2.998179648173065,0.2203753121542717,0.24591087656359534,23.019389152526855
1780876591.3464222,4.953926883090734,-2.9987568687977006,0.2217992057309553,0.24592450474937877,23.039710760116577
1780876591.3693867,4.953942911749573,-2.998796576271524,0.22206740903706107,0.24523177505485005,23.06267523765564
1780876591.390589,4.954112111261466,-2.9983075843614397,0.2211844247805025,0.24384424026428775,23.083877563476562
1780876591.4187286,4.95441240548744,-2.997365735766469,0.2191729073858989,0.24177155994832678,23.112017154693604
1780876591.4406655,4.954755328356973,-2.9962381483512313,0.21715063569003135,0.23930926876202996,23.13395404815674
1780876591.4621158,4.955035782212644,-2.995254087826401,0.2164916410559234,0.2370691653774415,23.155404329299927
1780876591.4842033,4.955183289319459,-2.9948563531532013,0.2153491879334517,0.23563918141446205,23.177491903305054
1780876591.504374,4.9552141535189405,-2.994914065089703,0.21455406493411178,0.2348586087598763,23.197662591934204
1780876591.525857,4.955139974637424,-2.995248993983769,0.2158209189852682,0.23429317135905947,23.21914553642273
1780876591.5474188,4.954952879395257,-2.996059790661554,0.21719776179973174,0.2343922758720005,23.240707397460938
1780876591.568134,4.954663055286949,-2.997343444171982,0.21821673068524503,0.23516661649683002,23.261422634124756
1780876591.5937254,4.954390766640302,-2.9985071289078427,0.21995775397182118,0.23582403433793786,23.28701400756836
1780876591.6168308,4.954282807550367,-2.9990793289599837,0.2206549997035191,0.23578447753668286,23.31011939048767
1780876591.638058,4.954351689926972,-2.9990023732269866,0.220251918342487,0.2350203846023602,23.33134651184082
1780876591.6598537,4.954569164160039,-2.9983828659948912,0.21878531907675688,0.23353604557508856,23.353142261505127
1780876591.680507,4.954883385827844,-2.9973721131002824,0.21702850790937717,0.23153265340067897,23.37379550933838
1780876591.7074573,4.955163395714768,-2.996368867851758,0.2169858913760802,0.22956732724220785,23.40074586868286
1780876591.7297075,4.9553911543127445,-2.9955699569454763,0.2172481667099132,0.2281356178610654,23.422996044158936
1780876591.7510536,4.955491285190868,-2.995387468208976,0.21673650774885314,0.2275629801752519,23.444342136383057
1780876591.7755113,4.955456971929497,-2.995831709258023,0.21553112223305212,0.22785764796755714,23.468799829483032
1780876591.7964914,4.955331077802184,-2.9965985361996332,0.21511580836391606,0.22862512869056228,23.489779949188232
1780876591.8181686,4.955136893429174,-2.9974904299814713,0.21675846934088336,0.22948216714340663,23.511457204818726
1780876591.842713,4.9549052536972935,-2.9984467747764985,0.2199689480082277,0.23032388483640975,23.536001682281494
1780876591.8620048,4.9547534146085095,-2.99927571837303,0.22095848532519152,0.23099737324825398,23.555293321609497
1780876591.8843238,4.954725514922227,-2.9997589291827396,0.21978032020407093,0.23121501505952313,23.57761240005493
1780876591.9041405,4.9548437218854255,-2.999675409246077,0.21763494134783787,0.2306726283508116,23.597429037094116
1780876591.9257462,4.955042885742416,-2.99924441311794,0.21514741469782778,0.22946985339908998,23.61903476715088
1780876591.9473686,4.955223851063658,-2.998725653385793,0.21452560713000654,0.22815880536366873,23.64065718650818
1780876591.96813,4.955374835780552,-2.9981740282884486,0.21604420160129617,0.22683924744210948,23.661418676376343
1780876591.9915102,4.955499287294526,-2.9976394793545396,0.21932369242366712,0.22557816983562518,23.68479871749878
1780876592.01176,4.955610573733541,-2.997342767502439,0.2210824360806106,0.22461977857129511,23.70504856109619
1780876592.035311,4.955746689648276,-2.9972500535765523,0.2192959204202785,0.22378974661379836,23.728599548339844
1780876592.0578256,4.955797937563116,-2.9975915109158326,0.21638452967981334,0.223588124649563,23.75111413002014
1780876592.0807426,4.95578928011261,-2.9980318853463968,0.21498380894714017,0.22357478891794536,23.774031162261963
1780876592.1058044,4.9557395318246575,-2.998470604829835,0.2156706770096363,0.22360588557644423,23.799093008041382
1780876592.1250136,4.955661979203447,-2.9988905625641453,0.2182903098581562,0.22365151383274373,23.818302154541016
1780876592.1489353,4.95566010709167,-2.999035502570443,0.2207096679605776,0.22334404189941992,23.84222388267517
1780876592.1722326,4.955746023332791,-2.999102458136755,0.2197029386738431,0.22293943668868277,23.86552119255066
1780876592.193873,4.955927899563108,-2.9988820066074386,0.21684743632211118,0.2221620708535026,23.88716149330139
1780876592.218399,4.956098778573675,-2.998557701533112,0.21543152008476174,0.22127623809114283,23.91168761253357
1780876592.2399297,4.956232381329542,-2.9982266222009093,0.21603640769154245,0.22042288801257115,23.933218240737915
1780876592.2619379,4.956331904729684,-2.9979153185427068,0.21848847149403752,0.21963727376634345,23.9552264213562
1780876592.2836604,4.956371521775015,-2.997944068927176,0.22055479754107685,0.21934816584775874,23.976948976516724
1780876592.306146,4.956449316157396,-2.998098318034595,0.21930634950036174,0.21924239170137394,23.99943447113037
1780876592.3325112,4.95649082421663,-2.99851208653044,0.21662081124339372,0.21951972260408592,24.02579975128174
1780876592.3558338,4.956486100880118,-2.9989520739447086,0.2156380368036159,0.21987946081335163,24.04912233352661
1780876592.3741713,4.956447812561499,-2.9993667599822196,0.21663349702779283,0.2202437714859764,24.06745982170105
1780876592.3978937,4.95642125033161,-2.9996359405566393,0.21890344746883625,0.22044045714728178,24.091182231903076
1780876592.4188156,4.95653219634541,-2.9993981407328483,0.22021809915534485,0.2199521962544928,24.112104177474976
1780876592.442038,4.95674041732084,-2.9989745081471857,0.21869088067827672,0.21921552959461454,24.135326623916626
1780876592.4662142,4.956991641149649,-2.998394442732606,0.21658017003777036,0.21828288387348316,24.159502744674683
1780876592.4874272,4.957200797309007,-2.997831901868882,0.21633060609027382,0.2174121690266606,24.180715799331665
1780876592.5104668,4.957353822895766,-2.997406638923895,0.21750511763741825,0.21676714670446806,24.203755378723145
1780876592.5304968,4.957401044697432,-2.9975292479549744,0.2180079656536912,0.21690659893590603,24.223785400390625
1780876592.5528467,4.957338562901853,-2.998228007535267,0.2175690433582909,0.21787156497699733,24.246135234832764
1780876592.5752509,4.957212343041293,-2.999160186003045,0.21770474723967137,0.21920039119399082,24.268539428710938
1780876592.5975735,4.9571034062471515,-2.9999212646426234,0.21880614919755456,0.22032642923639756,24.29086208343506
1780876592.6230938,4.95713413883954,-3.0001387776140285,0.218953845880763,0.2207140168714279,24.31638240814209
1780876592.6439536,4.957308876451198,-2.9997978164282273,0.21808254067199137,0.2203407919454783,24.337242126464844
1780876592.6643844,4.957580110606356,-2.999047893052439,0.21694907625645088,0.21941245257036002,24.357672929763794
1780876592.6861222,4.957824626012692,-2.9982782205392975,0.21750404156381523,0.21848611541859864,24.37941074371338
1780876592.7063396,4.958001574672712,-2.9977753707182013,0.21861795607023435,0.21795574445900812,24.399628162384033
1780876592.73037,4.9580730668688915,-2.997844531774081,0.2187146985800244,0.21824326406783534,24.42365860939026
1780876592.7502,4.958037470553732,-2.9984746581945565,0.21779897625449804,0.21933518709428146,24.443488597869873
1780876592.7725224,4.957938137841937,-2.9993303969977485,0.21743716228938004,0.2207787139036732,24.465811014175415
1780876592.79548,4.95784383157554,-3.000046066997293,0.21826023405699105,0.22206052738435655,24.488768577575684
1780876592.8159678,4.957884715360708,-3.0002262106991466,0.2182657732449028,0.22261195092692354,24.50925636291504
1780876592.8394759,4.958071429251939,-2.999838555629828,0.21730462570311254,0.22238510026873026,24.532764434814453
1780876592.859477,4.9583117090842705,-2.9991749899521305,0.21684669295612452,0.22178767988832604,24.552765607833862
1780876592.8846805,4.9585214945303075,-2.998502919971751,0.21817499535619755,0.22120884597663704,24.577969074249268
1780876592.9065,4.958662390878835,-2.9981375330290962,0.2197047819178399,0.22107812893642187,24.599788665771484
1780876592.9266915,4.95871601860432,-2.9982822016164343,0.2199004908999495,0.2216787959637596,24.619980096817017
1780876592.949973,4.958707176582384,-2.9988430232654215,0.21833196941795613,0.2228740283346884,24.643261671066284
1780876592.9705958,4.958635857888477,-2.9996114441368107,0.21726274369465948,0.22439468353077352,24.66388440132141
1780876592.9943843,4.958576048033872,-3.0002091148425096,0.21732493487766108,0.2257079403718425,24.68767285346985
1780876593.0202982,4.958656751275953,-3.000246315569528,0.216621806398323,0.22625179623257452,24.713586807250977
1780876593.0410717,4.958804722549545,-2.9999532962351,0.21637075274320966,0.2263470393148861,24.734360218048096
1780876593.06355,4.958934293233667,-2.99959501056931,0.21790086999602037,0.22637903934353432,24.75683856010437
1780876593.0893383,4.959161798964331,-2.998853317950904,0.21911931366413176,0.22589080622257995,24.78262686729431
1780876593.1112504,4.959421365286454,-2.9981657862852478,0.2182165623183499,0.2254735909008474,24.80453896522522
1780876593.136313,4.959578962999065,-2.997976187681683,0.21657157673611108,0.2257745172991168,24.829601526260376
1780876593.156289,4.959680202194565,-2.9978934697708386,0.216414080166887,0.22626140101561099,24.84957766532898
1780876593.1776624,4.959725000776913,-2.997928874780583,0.21772907899658833,0.22694324790060172,24.870950937271118
1780876593.203141,4.959664195926114,-2.998479384759645,0.21835399031830816,0.22836286260632566,24.896429538726807
1780876593.2234972,4.959530473996036,-2.9993726229792244,0.2185612228247637,0.23028841728895522,24.916785717010498
1780876593.2478852,4.959503464126531,-2.9998396311891455,0.2182219509496713,0.23163197105045175,24.941173791885376
1780876593.2697508,4.959622227139127,-2.999752798622304,0.21692803624174042,0.23220470307076102,24.96303939819336
1780876593.2931468,4.95977268221195,-2.999450298189108,0.21653509070405452,0.2324897254727727,24.986435413360596
1780876593.3156474,4.9598961603177845,-2.9991150439469756,0.21796586565156584,0.23275536096968708,25.008935928344727
1780876593.3366272,4.960050428399495,-2.9986527931219977,0.21952438595920226,0.232860291784303,25.029915809631348
1780876593.361029,4.960245567623693,-2.9982781786081856,0.21800853356586336,0.2330809974109016,25.054317474365234
1780876593.382088,4.960369836167576,-2.998187653085367,0.21646626779302375,0.23372613275357423,25.075376510620117
1780876593.4068382,4.9604501402961985,-2.99811708978881,0.21677308511373763,0.23443156715149804,25.10012674331665
1780876593.4280653,4.960481772865898,-2.9981332214590055,0.21855220022130986,0.23528471159189124,25.1213538646698
1780876593.4495215,4.960426510872283,-2.9985912229519402,0.21940130787423245,0.23677347732261644,25.142810106277466
1780876593.472367,4.960410879666919,-2.9990843354699424,0.21764498727619122,0.23831606868323085,25.165655612945557
1780876593.4926708,4.960392850079988,-2.99948422219231,0.21688518334136916,0.23974763595526927,25.185959339141846
1780876593.5159652,4.960378719479422,-2.999744739233053,0.21746172795192048,0.24100601498249752,25.209253787994385
1780876593.5379658,4.960506580247382,-2.9994772718708793,0.217332736880141,0.24152474455207695,25.23125433921814
1780876593.5583425,4.960713209793299,-2.9988814324827473,0.2174075860519404,0.24158408859605895,25.251631021499634
1780876593.5828228,4.960889462240947,-2.9982936762690704,0.21905642407252912,0.2416762233746219,25.276111364364624
1780876593.6028712,4.961042433059348,-2.99792244702992,0.21927543792794613,0.24208167780008338,25.296159744262695
1780876593.6259396,4.9611151865234016,-2.998001707047597,0.21785693501045575,0.24313170390443517,25.319228172302246
1780876593.6474247,4.96110681555924,-2.9983654432869655,0.21673292356016216,0.24461290605079533,25.340713262557983
1780876593.6680546,4.961061230198791,-2.998722631507091,0.2174081781699801,0.24611139672639482,25.361343145370483
1780876593.6940153,4.961030680397764,-2.9989372180037854,0.21914570697929436,0.24742686411473613,25.387303829193115
1780876593.7153056,4.961125236617525,-2.9987914621555483,0.2191604475730576,0.2482246089485063,25.408594131469727
1780876593.737979,4.961315978433532,-2.998401689826321,0.21737666258297475,0.24867450879618502,25.431267499923706
1780876593.7614949,4.961490264300634,-2.9979550998283506,0.21701792920485746,0.24906271303313865,25.45478343963623
1780876593.7817993,4.961615726605152,-2.997588610337885,0.2180979152719591,0.24958769655441948,25.475087881088257
1780876593.8049386,4.961629640467042,-2.9977130074748377,0.2184998481007088,0.25082556605885387,25.4982271194458
1780876593.8290923,4.961529911138162,-2.9983428863175634,0.21800916534535503,0.25280086090900156,25.522380828857422
1780876593.8494182,4.9614216033849114,-2.998948379621424,0.21808244987383543,0.254764254124062,25.542706727981567
1780876593.8702521,4.9614618408107996,-2.9990335232517826,0.21730441518657842,0.25598318037446166,25.56354069709778
1780876593.8926203,4.961574453334966,-2.998813233151486,0.21685972789042646,0.2567677470564327,25.585908889770508
1780876593.918065,4.961664527713993,-2.998549321418131,0.2181323733224113,0.25751214773640285,25.611353635787964
1780876593.9414866,4.96184468708845,-2.9979854922488993,0.21891256512439075,0.2578306769265204,25.634775161743164
1780876593.961541,4.96202584459556,-2.9975927596170253,0.2174473454997809,0.25838485240130105,25.654829502105713
1780876593.98519,4.962141608103496,-2.9973721892773706,0.21688087751278065,0.25921304622362484,25.678478479385376
1780876594.0059924,4.962201018945482,-2.997254464582175,0.21769979661123592,0.2602118777276159,25.699280977249146
1780876594.0278313,4.962139433324921,-2.997639771604387,0.21781009193517067,0.2619474851777426,25.72111988067627
1780876594.0508792,4.962010619580248,-2.9982404400970117,0.21836325847480909,0.26401632198679437,25.744167804718018
1780876594.0701423,4.9619816225830755,-2.99847571996457,0.21871399717435147,0.26556253989367384,25.76343083381653
1780876594.092025,4.962118295748471,-2.998177992783639,0.21795685208730547,0.26632991228881675,25.785313606262207
1780876594.111921,4.962316216606548,-2.99763202846862,0.21756084147498145,0.2667386395967952,25.805209636688232
1780876594.1343324,4.962459565024247,-2.997202456641495,0.21829136624416975,0.26733365166784395,25.82762098312378
1780876594.157202,4.962478821589458,-2.9972898870260987,0.21812765790535044,0.26869025665728596,25.85049057006836
1780876594.1783943,4.962394685778313,-2.9977734293312017,0.21760692754895064,0.2706411178889141,25.87168288230896
1780876594.20401,4.962299205562657,-2.9981979546941795,0.2183229442324443,0.27252721982367145,25.897298574447632
1780876594.2240055,4.962348023907511,-2.9981520970558275,0.21831023995753923,0.27372397179764185,25.917294025421143
1780876594.2469883,4.962539441308467,-2.9976500209468204,0.21758616291776886,0.2742459383510365,25.940276861190796
1780876594.2708683,4.962716521949095,-2.9971133931968788,0.21810353181666334,0.2747300340002532,25.96415686607361
1780876594.2955184,4.962784518734615,-2.9969903361739147,0.21824071933998596,0.27583012422107434,25.98880696296692
1780876594.3182049,4.962728555606099,-2.9973609245034214,0.21754344012349658,0.27766811550119463,26.01149344444275
1780876594.3390834,4.962626335368179,-2.9978030743428694,0.21803203990778397,0.27963410756089857,26.032371997833252
1780876594.3624542,4.962622004116227,-2.997900661767867,0.21845514420981818,0.2810979332972465,26.055742740631104
1780876594.383868,4.962787130215095,-2.997484610425275,0.21783756412206504,0.28179317397594694,26.07715654373169
1780876594.404064,4.962978335260204,-2.9969316522956593,0.21795914055805746,0.28229071030207376,26.097352504730225
1780876594.4263804,4.963060356934881,-2.996771471056389,0.2178064869205085,0.2833784220410074,26.11966896057129
1780876594.4469323,4.963032005698546,-2.9970130459855238,0.21731519933820304,0.2850779301033395,26.140220880508423
1780876594.4679263,4.962966719564377,-2.9972704165498962,0.21837891742200996,0.2868233462247325,26.16121482849121
1780876594.4927418,4.962948275780607,-2.997434374635612,0.2183879539075622,0.28842768921046424,26.186030387878418
1780876594.5144832,4.96303366642326,-2.997330534401622,0.21720018522351522,0.2896256750997894,26.20777177810669
1780876594.5380242,4.9630988586321525,-2.997185267311296,0.2175606135970081,0.2907798066005469,26.23131275177002
1780876594.5632005,4.963157546641463,-2.9970041793718503,0.21878271122744017,0.2918950583077571,26.256489038467407
1780876594.5815213,4.963252964743358,-2.996871862667274,0.21752877650350794,0.2930685947348213,26.27480983734131
1780876594.6034534,4.963312030364295,-2.9967883659788614,0.217293668373425,0.2943341765315344,26.29674196243286
1780876594.6238222,4.963326882394309,-2.996755411621401,0.21846593554009294,0.2956938890004741,26.317110776901245
1780876594.6463983,4.963308407880929,-2.996944474829932,0.2179057140147491,0.2973849932090653,26.33968687057495
1780876594.6688201,4.963291521102217,-2.997128118039785,0.2173406758838104,0.29907419551839887,26.36210870742798
1780876594.6902196,4.9632824633073485,-2.9971991865763763,0.21797898639089688,0.3006111486061682,26.38350820541382
1780876594.7137423,4.96343584420398,-2.9968002123656374,0.2178281009273049,0.3014292099110065,26.407030820846558
1780876594.7339528,4.963605754452161,-2.996328158620012,0.21808269798963065,0.3021366874226814,26.427241325378418
1780876594.7574499,4.963641561009112,-2.9963380206521544,0.21753737420488983,0.30358127189491135,26.450738430023193
1780876594.778956,4.963597592544736,-2.9965714445006215,0.2174795741608782,0.3053852122359153,26.47224450111389
1780876594.7993605,4.9635496166591775,-2.9967371545744386,0.21859319871641206,0.3071023386256755,26.49264907836914
1780876594.82524,4.963613706715638,-2.9966799904236234,0.21768778868179944,0.30846453103477334,26.5185284614563
1780876594.84552,4.963725927149677,-2.9964422410425504,0.21727262208702683,0.3095543380254906,26.538808584213257
1780876594.8687165,4.963797775908272,-2.996238645464074,0.21830680147033074,0.3107148441671974,26.562005043029785
1780876594.8915699,4.963807904202268,-2.996316433992494,0.21793349458999964,0.31230389502489775,26.584858417510986
1780876594.912811,4.963781412950526,-2.996526892343553,0.21729835109744128,0.3141045029863312,26.606099605560303
1780876594.936678,4.963757017920591,-2.996643859563821,0.21792842886863384,0.31577947063638767,26.629966497421265
1780876594.9571364,4.963899204053098,-2.996301404358982,0.21779014141513947,0.3167377244608023,26.65042495727539
1780876594.982429,4.9640680238066555,-2.995866707165253,0.21794052591853993,0.31755133849790873,26.67571759223938
1780876595.0057206,4.9640991795474525,-2.995897830200879,0.2173514102452974,0.31909067274898106,26.69900918006897
1780876595.0281684,4.96406280959828,-2.9960830944013557,0.2175908051422863,0.3208890244515725,26.72145700454712
1780876595.0523214,4.964026038883727,-2.9962325607997777,0.21835087104086454,0.32264136737394544,26.745609998703003
1780876595.074004,4.964096797137664,-2.9961810371358157,0.21723717095896683,0.3240660701345863,26.767292499542236
1780876595.096164,4.964168082945324,-2.9960486907565924,0.21740128752166207,0.32537839688856174,26.78945255279541
1780876595.1190012,4.964230409574724,-2.995895132498216,0.21834697661893293,0.3266708524326871,26.812289714813232
1780876595.1392522,4.964311881635822,-2.995817085527607,0.21724398372408707,0.32806529192551803,26.83254075050354
1780876595.1627457,4.9643564398043,-2.9957666748327036,0.21747138863743212,0.32952354843958354,26.85603427886963
1780876595.1847036,4.964371951037901,-2.9957632311454625,0.2183004477139505,0.3310667735391588,26.877992153167725
1780876595.2076967,4.964407250232465,-2.995821869534091,0.21724604368511333,0.33269366133076694,26.90098524093628
1780876595.2310383,4.964414159413414,-2.995873683287066,0.21765501276096608,0.33432946147729403,26.92432689666748
1780876595.2516456,4.964491077787211,-2.995718371770052,0.21811077798072417,0.33564391357503,26.944934129714966
1780876595.2775214,4.964638735086734,-2.9954490406325758,0.21724722602304455,0.3367640041712008,26.970809936523438
1780876595.3024669,4.9647393856231945,-2.9952381277852886,0.21765578957224532,0.33799318951238266,26.995755434036255
1780876595.3203437,4.964700433799129,-2.995461235439898,0.21747463322378185,0.3399138258787957,27.01363229751587
1780876595.3455615,4.964631094995201,-2.9957310684346474,0.21796383258799598,0.3419261813603054,27.03885006904602
1780876595.3663197,4.96473664907469,-2.995554185099917,0.21768313845501022,0.34321991194289225,27.059608221054077
1780876595.3895216,4.964919145060721,-2.995156942449298,0.21763203017975394,0.3441576570309568,27.082810163497925
1780876595.4129407,4.964974851538502,-2.9951287048710973,0.21732045692500787,0.3456886491963491,27.106229305267334
1780876595.432701,4.964955392585491,-2.9952740244258296,0.2177046035485423,0.3475154300045933,27.12598967552185
1780876595.4577837,4.96493476152664,-2.995439131512199,0.21771464808354543,0.3493755990535039,27.15107226371765
1780876595.4787562,4.964989740870336,-2.9954339846446034,0.21719583064078746,0.3509562510730584,27.17204475402832
1780876595.5028718,4.965051758704303,-2.9953377952198426,0.21791160599145548,0.3524098447040718,27.196160316467285
1780876595.5240564,4.96522744895582,-2.9950049220709665,0.2174437414730205,0.353467050894114,27.217344999313354
1780876595.5451612,4.9653520743600446,-2.9947933145248777,0.2173784005814153,0.3547278139362353,27.238449811935425
1780876595.568015,4.965363293945127,-2.994887223922351,0.21738054080663163,0.3564914927469971,27.261303663253784
1780876595.5883265,4.9653034993667235,-2.9951433954159006,0.21784570129957428,0.3585283579812124,27.281615018844604
1780876595.6125572,4.965333428632223,-2.995226000531154,0.21720999722228215,0.36027671004424455,27.305845737457275
1780876595.634736,4.9653871341389975,-2.995187136645501,0.21762457026094276,0.3618410086676578,27.3280246257782
1780876595.656113,4.965582319410384,-2.994797146217447,0.21772211615667358,0.36283091774812526,27.349401473999023
1780876595.6783063,4.965688896900532,-2.994670787791937,0.21734900456812822,0.3642435507202837,27.37159490585327
1780876595.698382,4.965705577593007,-2.994761353357882,0.21742675161912692,0.3660262229162212,27.39167046546936
1780876595.7221909,4.965695808670414,-2.9949026853523937,0.21775839934131339,0.3678993326197215,27.4154794216156
1780876595.744114,4.965743818535638,-2.9949499130124546,0.2172137615742702,0.36961017323934264,27.437402486801147
1780876595.7658694,4.9658157670199765,-2.9948759091548265,0.21772236776870227,0.3711406468906784,27.459157943725586
1780876595.7874959,4.966016073340136,-2.994513140311751,0.21758621400340664,0.3721859086390822,27.48078441619873
1780876595.811944,4.966104173337382,-2.9944590687021875,0.2171740695262027,0.3737403443044256,27.505232572555542
1780876595.8385286,4.966121213011418,-2.994535545897096,0.21769629913987987,0.3755246837302959,27.531817197799683
1780876595.861702,4.966075083024243,-2.9948144439539157,0.21745869000542858,0.37764389432137513,27.554990530014038
1780876595.8820078,4.966141221812132,-2.994813985440238,0.21721935382974036,0.37930019412679616,27.57529640197754
1780876595.9059927,4.966280732894364,-2.9945994368584437,0.21753320334452123,0.3806160754384065,27.599281311035156
1780876595.92618,4.966465936088646,-2.9942844430661903,0.21774765139447183,0.38175839468911477,27.619468450546265
1780876595.9496045,4.966489391947602,-2.9944161064177774,0.21720464031600162,0.3836381085951448,27.642893075942993
1780876595.9726148,4.966462518386802,-2.9946204021897636,0.21766738780542103,0.385658980556288,27.665903329849243
1780876595.9927838,4.966589052057686,-2.9944646380430355,0.2177982901428267,0.38708313365823876,27.68607234954834
1780876596.0147355,4.966823469002918,-2.9940899665856016,0.21720067746211444,0.3881282109900255,27.70802402496338
1780876596.0381446,4.966956541881566,-2.9939465912769414,0.21697779888137986,0.38956713156370526,27.731433153152466
1780876596.0583282,4.966984542419135,-2.9940384474223305,0.21720888451358536,0.3914099373644273,27.751616716384888
1780876596.080678,4.966913685988292,-2.994353046300273,0.21779486042934157,0.3936336742777531,27.773966550827026
1780876596.1019232,4.966966703738448,-2.9944021476345815,0.21775926888382094,0.3954131924629589,27.795211791992188
1780876596.1265273,4.967182039874699,-2.9940909438541805,0.21729374653246386,0.3965809562964182,27.81981587409973
1780876596.1513937,4.967316642646371,-2.9939440689331103,0.21739531479783683,0.3980302246426701,27.844682216644287
1780876596.1729257,4.967311268705596,-2.994148227492557,0.2172445141004694,0.400072334993137,27.866214275360107
1780876596.1952655,4.967315938205894,-2.994283637636663,0.2179369477777557,0.4020157633646102,27.888554096221924
1780876596.2156732,4.967467291817735,-2.994156908061482,0.21710623901322504,0.4035017068025759,27.9089617729187
1780876596.23706,4.967631689660571,-2.9939447003308586,0.21744214558692404,0.4048593904744102,27.93034863471985
1780876596.2581856,4.967682354007059,-2.993992987277416,0.21786155925201983,0.40665765810993193,27.9514741897583
1780876596.2795026,4.967665369353119,-2.994257902066184,0.217210043763841,0.4088126202800293,27.97279119491577
1780876596.301405,4.967711885692638,-2.9943414322652893,0.21716480147853845,0.4106784763807454,27.994693517684937
1780876596.321854,4.9678824461192335,-2.9941407583983013,0.21723378720056416,0.4120628538938913,28.015142679214478
1780876596.3438656,4.968074052924261,-2.9938684726389653,0.21779479689789247,0.4133382521108153,28.03715419769287
1780876596.3671026,4.9682359924631285,-2.993746545377855,0.2168686617984848,0.414847085828268,28.060391187667847
1780876596.3875923,4.968349730001634,-2.99366535676028,0.21735361791308555,0.41645076977162887,28.080880880355835
1780876596.4110038,4.9683149972156455,-2.9939292328367344,0.21764363069558013,0.4186354012028932,28.104292392730713
1780876596.4310558,4.968299994083854,-2.9941961574983473,0.21699740770925283,0.42082452221129785,28.12434434890747
1780876596.4543695,4.968351775076349,-2.9942785971751467,0.21707047040119284,0.4227089273621587,28.147658109664917
1780876596.4771845,4.968545827418289,-2.994046199358367,0.2171553428948315,0.42406268728802843,28.170473098754883
1780876596.5019186,4.968774079732282,-2.993713658304563,0.21783623541812358,0.4252562757487919,28.195207118988037
1780876596.5247371,4.968942937210225,-2.993594818207022,0.21696684676537142,0.4267898885165611,28.21802568435669
1780876596.5454464,4.969045781860477,-2.993569990861202,0.2172054117265296,0.42850775036080613,28.23873496055603
1780876596.5674574,4.969041095682095,-2.993759695582801,0.21784112942539985,0.4305962742957785,28.260746002197266
1780876596.5904753,4.969032905827388,-2.9940253685190568,0.21711587131564122,0.4328018096611661,28.283763885498047
1780876596.612299,4.969100737405164,-2.9940941431169605,0.21700399574892903,0.434685296930275,28.30558753013611
1780876596.634193,4.969260090071147,-2.993944976993625,0.21741187514056048,0.4362043445468782,28.327481508255005
1780876596.6575599,4.969536324723411,-2.993551438103981,0.21778465054757792,0.43730701117139503,28.35084843635559
1780876596.6815734,4.969654325211427,-2.9935315464734424,0.21747914690529319,0.4390365398740501,28.3748619556427
1780876596.707238,4.969641713431431,-2.9937906374465317,0.21721773658131507,0.44125169456440894,28.400526523590088
1780876596.7272818,4.969688178794689,-2.9938851174961907,0.21773077047157544,0.443204139080037,28.420570373535156
1780876596.7510047,4.969952106071092,-2.9935620099409577,0.21747634674103986,0.4444310572474883,28.44429326057434
1780876596.7770967,4.970139413492415,-2.993398915950903,0.21726644348116933,0.44592835422957755,28.470385313034058
1780876596.7955346,4.9702003668774175,-2.993495776167299,0.2172548921881743,0.4478823991689813,28.488823175430298
1780876596.819312,4.970197836370586,-2.993696194598975,0.21777896496213028,0.4500241857559377,28.512600660324097
1780876596.8418124,4.970270005144235,-2.9937994891712387,0.21713511080584907,0.4519862357776301,28.53510093688965
1780876596.8649597,4.9703715890692095,-2.993790487337832,0.21758346517221067,0.4537762378350756,28.558248281478882
1780876596.8901262,4.970640867184379,-2.993458160353467,0.21766271596675044,0.4550061362723241,28.583414793014526
1780876596.9119673,4.970767952536557,-2.9934388839407315,0.21729142925400036,0.4567655171802105,28.605255842208862
1780876596.9367235,4.970810186380711,-2.993560179867889,0.21770325052581538,0.45878544244735053,28.630012035369873
1780876596.9574862,4.970878983296632,-2.9936551847188886,0.21740353116298408,0.4607545796714554,28.650774717330933
1780876596.9794974,4.970987396583945,-2.993654311289788,0.21757214475810596,0.4625656183278295,28.672785997390747
1780876597.0048509,4.971179688791582,-2.9934902380437745,0.2175567156155742,0.46409959794183564,28.698139429092407
1780876597.0265427,4.971356667518259,-2.993362853043211,0.2175415044562998,0.4656962515130303,28.719831228256226
1780876597.051062,4.971385188277318,-2.993530211855225,0.2175151888075137,0.4678024904598903,28.74435067176819
1780876597.071046,4.971437740556699,-2.9936284752745124,0.21794624656191236,0.4698056924420104,28.764334678649902
1780876597.0971181,4.97166039451936,-2.9934348887042046,0.21746512496931764,0.47129202665346703,28.790406703948975
1780876597.1194808,4.971801039680283,-2.9933803446979423,0.21745608437014352,0.47302368401898853,28.812769412994385
1780876597.1396604,4.9718328306763055,-2.9935227282220813,0.2178691273061836,0.47510828403799366,28.832948923110962
1780876597.1622949,4.971922404033963,-2.993586502813852,0.21744493283638222,0.47704872560206013,28.855583429336548
1780876597.1830268,4.972048682307902,-2.993544520987419,0.2178570642085539,0.47882246469035117,28.876315355300903
1780876597.209798,4.972244410933969,-2.993401728657783,0.21751383713920738,0.4804105914606023,28.90308666229248
1780876597.2330415,4.9723393980488595,-2.993435205231194,0.21757731638231181,0.4823110446449448,28.926330089569092
1780876597.254044,4.972384074996254,-2.993557593164674,0.2177778102422909,0.4843754527749091,28.947332620620728
1780876597.2780256,4.972532838425547,-2.993495509425443,0.2177338304218655,0.48611683989213006,28.971314191818237
1780876597.298526,4.972663470928589,-2.993468814378103,0.21759705214530653,0.4879207873647342,28.991814613342285
1780876597.322034,4.972762874920777,-2.9934863843865167,0.21779118668132225,0.4898106374149904,29.01532244682312
1780876597.3458095,4.972860526360321,-2.993519592429126,0.21778731094657006,0.4917258020162034,29.039098024368286
1780876597.3664505,4.9730202697999095,-2.993440018964267,0.21760767219637084,0.49344889805442094,29.059739112854004
1780876597.3875325,4.97313682488953,-2.9934281703843646,0.21774975278171485,0.49529206769657286,29.08082103729248
1780876597.4084857,4.973184223873839,-2.9935492075219323,0.21776674875651647,0.49737313059036836,29.101774215698242
1780876597.432178,4.973361917148476,-2.993427401321618,0.21787171228848037,0.499032379670318,29.1254665851593
1780876597.4534016,4.9734324687563305,-2.993512091301351,0.21769701692765597,0.5010473246242952,29.146690130233765
1780876597.4737277,4.973561662828951,-2.9934805663708675,0.21773072742881353,0.5028715922664002,29.16701626777649
1780876597.4962885,4.9736894554085245,-2.993451567562591,0.21774306440046162,0.5046970090406555,29.189577102661133
1780876597.5200915,4.973779725682851,-2.9934842568122835,0.2179032849857256,0.5066392259245838,29.213380098342896
1780876597.5397804,4.973945349116558,-2.9933940231452283,0.21775657679095356,0.5083616016456611,29.23306894302368
1780876597.5604594,4.9740000544463285,-2.9934919462435623,0.2178429088751124,0.5104196651327992,29.253747940063477
1780876597.58251,4.974116524014436,-2.993481668333158,0.217867673771486,0.5122930358080922,29.275798559188843
1780876597.609812,4.9742790058077375,-2.993393340770412,0.2177756852696484,0.5140264446466967,29.3031005859375
1780876597.6333735,4.974332203103032,-2.99348770234544,0.217935243514444,0.5160875342825566,29.326662063598633
1780876597.652942,4.974499400552127,-2.993391709050992,0.21780391990502174,0.5178142767683198,29.346230506896973
1780876597.6767392,4.974568280256155,-2.993457714798091,0.21792610283553823,0.5198279781985526,29.370027780532837
1780876597.6982749,4.974654971196424,-2.993500403869702,0.2178308493690496,0.5218034969484133,29.391563415527344
1780876597.7207708,4.974819986269521,-2.9934031210998593,0.21776926667905377,0.5235354000494645,29.41405940055847
1780876597.7441344,4.974883999627,-2.9934736158006,0.21789173070408038,0.5255644971121605,29.43742299079895
1780876597.7655382,4.97497187427513,-2.99350974231634,0.21781201371064457,0.5275367215533366,29.458826780319214
1780876597.7888877,4.975135971000197,-2.9934077898262372,0.21786940614944336,0.5292678118186442,29.482176303863525
1780876597.8098686,4.975219067307322,-2.9934436957941633,0.2179602851840112,0.5312432040226867,29.503157138824463
1780876597.8314633,4.975307322402719,-2.9934746126105525,0.2179061895064623,0.5332128829726095,29.524751901626587
1780876597.8526046,4.975437911797758,-2.9934329546541005,0.21784097312484738,0.535052918770953,29.54589319229126
1780876597.8730938,4.975539333702963,-2.9934364164277127,0.21785875026368628,0.5369792467474923,29.56638240814209
1780876597.8947632,4.975628996359971,-2.9934590625486446,0.21785669632134677,0.538938061118948,29.588051795959473
1780876597.915372,4.975765182115827,-2.9934005805529336,0.21789704955444256,0.540759961769254,29.608660459518433
1780876597.9372423,4.975834141929076,-2.993453188259673,0.2179341268315644,0.5427765894825249,29.630530834197998
1780876597.9600852,4.975946056757673,-2.9934356572460628,0.21791982973388763,0.5446745675419029,29.65337371826172
1780876597.9812508,4.976047427614423,-2.9934336426047126,0.2179347288677286,0.5465970171282137,29.67453932762146
1780876598.006944,4.976148109703728,-2.993430227148943,0.21796451746091006,0.5485227048254719,29.70023250579834
1780876598.0269992,4.976249628926333,-2.9934252674734316,0.21796261182739401,0.550445840664123,29.720287799835205
1780876598.0504732,4.976340322495386,-2.9934352892587937,0.2179760906530775,0.5523989876100126,29.743761777877808
1780876598.0745897,4.976437094467135,-2.9934356325029494,0.21795539019027912,0.5543337963656612,29.76787829399109
1780876598.0967615,4.97654979733038,-2.993410060799008,0.2179061917289373,0.5562266343997626,29.79005002975464
1780876598.120746,4.976625488797854,-2.993438481842113,0.21798618760894103,0.5582169861312316,29.814034461975098
1780876598.1410575,4.9767512254723805,-2.9933907740580037,0.21790923123153522,0.560071754709921,29.834346055984497
1780876598.16313,4.976827924111521,-2.993416591716786,0.21792051417749164,0.5620616533673708,29.85641860961914
1780876598.1858606,4.976906323654898,-2.9934381071148506,0.21793025179188946,0.5640432133896498,29.879149198532104
1780876598.2104516,4.977026190388577,-2.9933914240660338,0.21797397516449743,0.5659067903020603,29.903740167617798
1780876598.2349656,4.977104767509391,-2.9934125166498533,0.21791559632218488,0.567890107515181,29.92825412750244
1780876598.2597375,4.977209486153739,-2.993387268009411,0.21797206437396685,0.5697944990538195,29.953026056289673
1780876598.2839928,4.977283500095312,-2.993409944204967,0.2179726500302431,0.5717859491152293,29.97728133201599
1780876598.3081634,4.977377085657117,-2.9933999573765124,0.2179922569910301,0.5737179082125952,30.00145196914673
1780876598.3291771,4.977472619466549,-2.9933863044053752,0.21800356947320432,0.5758679965479718,30.022465705871582
1780876598.351046,4.977572685425916,-2.993364394865324,0.2179806144149136,0.5779953182825901,30.044334650039673
1780876598.3744729,4.977663602159295,-2.993357300350498,0.21793730538584272,0.5801402178064388,30.067761421203613
1780876598.3957102,4.977761017818131,-2.9933366160236967,0.217954072985068,0.5822559738083237,30.088998794555664
1780876598.4220457,4.977805595405628,-2.993394386768427,0.21794428562471913,0.584403827798031,30.115334272384644
1780876598.4427795,4.977934640084332,-2.9933211287587844,0.21802332134964447,0.5861979250313496,30.136068105697632
1780876598.4648092,4.978023137256713,-2.993317357153234,0.21781696663291053,0.5881107198384781,30.158097743988037
1780876598.4880521,4.978089039880667,-2.9933379302344623,0.21781577606284674,0.5900752412322685,30.18134069442749
1780876598.50918,4.978164635042334,-2.993335459201501,0.21807324844254722,0.5920035158882522,30.202468633651733
1780876598.5314064,4.978326165857323,-2.9932265705523045,0.21766325742517012,0.5939500581728385,30.224694967269897
1780876598.5532973,4.9783900062737105,-2.9932374319025934,0.2179182267605141,0.59611453322964,30.246585845947266
1780876598.575961,4.978354221498476,-2.9934044219957148,0.2178744430836008,0.5985555285959077,30.26924967765808
1780876598.5980694,4.978507110126749,-2.99329744147948,0.21774249640569363,0.6004872302580324,30.29135799407959
1780876598.621027,4.9786830678233125,-2.9931418063985653,0.2179658241213851,0.6024794183721189,30.31431555747986
1780876598.6424642,4.978733682219378,-2.9931947099206604,0.21747778268601675,0.60491859926384,30.335752725601196
1780876598.6631074,4.978751627003236,-2.993250191470682,0.21819320522033525,0.6073744541488457,30.356395959854126
1780876598.6850088,4.978844721560308,-2.993247088764166,0.21746422506368784,0.6096793181898956,30.378297328948975
1780876598.708563,4.9789527212069355,-2.9931808161435565,0.2179629167576565,0.6118971090237508,30.401851654052734
1780876598.7285435,4.979141368504062,-2.9930226988159068,0.21768104592482454,0.6141701406332629,30.42183208465576
1780876598.750567,4.979216863075951,-2.993028604344139,0.21740548459202705,0.6167246992625923,30.44385552406311
1780876598.7712765,4.9792425190189675,-2.9930648490671534,0.21821164900953233,0.6193350830475648,30.46456503868103
1780876598.793786,4.979270290347002,-2.9931538409825795,0.21740689909778135,0.6219856590229043,30.487074613571167
1780876598.8162518,4.979340796246437,-2.9931387022328253,0.21789675233746483,0.6245699009868275,30.50954031944275
1780876598.8364687,4.97960888457345,-2.9928729097920663,0.2176531022783326,0.6268554393208818,30.529757261276245
1780876598.858685,4.979787626367954,-2.9927298991891753,0.21755135746588936,0.6293397761196768,30.551973581314087
1780876598.8804903,4.97977787086389,-2.992840026597906,0.21757180816984606,0.6322650526248461,30.573778867721558
1780876598.9047446,4.979710833760518,-2.993009774702198,0.2181476694008988,0.6352847043657768,30.59803318977356
1780876598.9271455,4.979967914177514,-2.9927817071858915,0.2175560913044779,0.6378973452465697,30.620434045791626
1780876598.9479802,4.980181155908204,-2.9925909364769403,0.21763227755257536,0.6405852223046535,30.641268730163574
1780876598.9719527,4.980182305105603,-2.9926929659787644,0.21755861512460936,0.6437792166769292,30.665241241455078
1780876598.9972556,4.980137278289116,-2.9928377609163492,0.218026735832756,0.6470251248403036,30.69054412841797
1780876599.0166972,4.980399337956446,-2.992616461039171,0.21738136208246572,0.6499474272154764,30.709985733032227
1780876599.0415895,4.980823830008567,-2.9921454698929755,0.21758778482470853,0.6529768135084009,30.734878063201904
1780876599.061836,4.980929220870694,-2.9921133514403517,0.21687732483439753,0.6567618726060225,30.75512456893921
1780876599.0849388,4.980870534955616,-2.9922699214252844,0.21671799253537516,0.6608656044853394,30.77822732925415
1780876599.1072998,4.980773097975187,-2.992417510380607,0.21817994580663536,0.6649306174624066,30.800588369369507
1780876599.1287706,4.980580978006806,-2.99273021829786,0.21803367816672822,0.6688792674518318,30.822059154510498
1780876599.15014,4.98068954953008,-2.9926948044767028,0.21656619776030575,0.6720936779785731,30.84342861175537
1780876599.1704073,4.980860928452148,-2.992532729291996,0.2162333813143102,0.6750506234984357,30.863695859909058
1780876599.1942375,4.981011047811817,-2.9923354269317994,0.21765561700117028,0.6779425597966542,30.887526035308838
1780876599.216251,4.981198823182222,-2.992103133469406,0.21851910286580842,0.6805728315392656,30.909539461135864
1780876599.2369404,4.9813231370145505,-2.9920211639679373,0.21687088157155976,0.6831492457121673,30.93022894859314
1780876599.2609038,4.981416555943228,-2.991919861817072,0.2166406304124109,0.6857029944255499,30.954192399978638
1780876599.2819686,4.981470075539475,-2.9918075329565488,0.21806795961447942,0.6882521802478401,30.97525715827942
1780876599.303924,4.981439862882178,-2.9918275485493178,0.21822259988676895,0.6910050606027518,30.997212648391724
1780876599.3255625,4.981083102964649,-2.992285522696062,0.216657046403055,0.6938114465286915,31.018851041793823
1780876599.3459191,4.980696838957087,-2.992717356530266,0.21652639667011064,0.6964885577082978,31.039207696914673
1780876599.3678424,4.980639709522871,-2.9927554709781625,0.21592264752816756,0.6983892342699178,31.0611310005188
1780876599.389072,4.980766764975812,-2.9925481655613333,0.2158861099547853,0.699815209272181,31.08236050605774
1780876599.412546,4.980936284257981,-2.9922383272265787,0.21728708929957444,0.7010489922939884,31.105834484100342
1780876599.434692,4.981407138707824,-2.991589675420655,0.2179617712928634,0.7015275248673287,31.12798047065735
1780876599.4556568,4.981837547956854,-2.991006293859699,0.217886015786998,0.7021021980226632,31.148945331573486
1780876599.4804342,4.98190857146621,-2.9908691095248865,0.21675232487912754,0.7035255485176277,31.173722743988037
1780876599.5046268,4.981749007963066,-2.990983781812909,0.21584368987303426,0.7054578419822324,31.19791531562805
1780876599.5274057,4.98157171924955,-2.9910523162986125,0.2167624905348811,0.7074302365895235,31.220694303512573
1780876599.5504897,4.981271745392333,-2.9912290511052526,0.21862885488963538,0.7096334195668099,31.243778228759766
1780876599.5708292,4.980907054935139,-2.9915501979403887,0.2178987000857424,0.7120557940801326,31.26411771774292
1780876599.5953531,4.980726608298687,-2.991670006008713,0.21630172358021105,0.7140632218397105,31.288641691207886
1780876599.6155372,4.980562076140366,-2.991705183387315,0.2164274234807824,0.7159980503505494,31.308825731277466
1780876599.6388483,4.980514136040964,-2.9915626843455483,0.21768624932264471,0.7176831182716006,31.332136869430542
1780876599.661955,4.980830929529642,-2.9910235152719706,0.21801551341802905,0.7185649712118778,31.355243682861328
1780876599.6820035,4.981220782705477,-2.990413777774558,0.21768814132477815,0.7192776445743405,31.3752920627594
1780876599.7053006,4.9812683476565685,-2.990209022007403,0.21651751512525025,0.7207657438452273,31.39858913421631
1780876599.7296894,4.981220496393663,-2.990067557015712,0.2165034067554904,0.7224789230984845,31.422977924346924
1780876599.748421,4.98102998698686,-2.9900463464761775,0.21752837625653434,0.724453369645877,31.441709518432617
1780876599.7720501,4.980503180802863,-2.9904200970590495,0.2177455005573794,0.7271777442637788,31.465338706970215
1780876599.792719,4.979990117595529,-2.990759637517815,0.21822645394346696,0.7298437985669546,31.48600745201111
1780876599.8146846,4.979868646335153,-2.990678713291277,0.21770430296050713,0.7316979778041386,31.507973194122314
1780876599.836562,4.980058482049916,-2.9902501747136205,0.21685428641366264,0.7329280557501532,31.529850482940674
1780876599.8565147,4.9802350563008755,-2.9897806391320514,0.21761353478432552,0.7341141718099387,31.549803256988525
1780876599.880734,4.980232945257318,-2.98948874822014,0.2188217085626665,0.7356543076178861,31.5740225315094
1780876599.9036005,4.979968705556728,-2.989528617505302,0.2182585795293993,0.7378008198423824,31.59688901901245
1780876599.9268894,4.979777038465397,-2.989488823108507,0.21717648739950632,0.7403514031841567,31.62017798423767
1780876599.948895,4.9796051770056176,-2.989357322013749,0.21772807051505816,0.742891479258839,31.642183542251587
1780876599.9704998,4.979417157003745,-2.9892118097363887,0.21863221841415262,0.7454079885045211,31.663788318634033
1780876599.991778,4.979291854392066,-2.989043226656794,0.21730797907055,0.747815415162461,31.68506646156311
1780876600.0122423,4.979157338201359,-2.9888217493136127,0.21739709742487076,0.7501615389574088,31.705530881881714
1780876600.032917,4.97900831393314,-2.9885598679092222,0.2187351502021629,0.7524829195486271,31.726205587387085
1780876600.055622,4.97887505167561,-2.988329462292226,0.21768864182607847,0.7547990287872075,31.748910665512085
1780876600.0769346,4.978709558900576,-2.9880938262639716,0.2173047739543027,0.7571195672389583,31.770223140716553
1780876600.1004868,4.978503786811242,-2.9878349541310647,0.21852626681022577,0.759433144883384,31.7937753200531
1780876600.1209314,4.978281010163823,-2.9876208705768046,0.21804205598334991,0.7618091911824321,31.81421995162964
1780876600.1445122,4.978025712481543,-2.9874289732160935,0.21732057342606922,0.7642269443549168,31.83780074119568
1780876600.167737,4.977738197652173,-2.9872031379239274,0.21826132389106243,0.7666183130966457,31.86102557182312
1780876600.1882675,4.977524694093014,-2.986900531463908,0.21842200979804458,0.7688356769000197,31.881556034088135
1780876600.2143643,4.97738148247625,-2.9865386595267736,0.2174981264552977,0.7709082890597259,31.907652854919434
1780876600.239314,4.977208452508454,-2.9861410917823847,0.21820682811209502,0.77296757011392,31.932602643966675
1780876600.2634623,4.976857582684854,-2.9859141430574994,0.2185585085512286,0.775356298494267,31.956750869750977
1780876600.2853036,4.976403740374415,-2.985808184864831,0.21771053117896036,0.7779500686297336,31.97859215736389
1780876600.3063865,4.975969545202731,-2.9856246832589677,0.21814106258934118,0.7804253698670571,31.999675035476685
1780876600.3298264,4.975859841360038,-2.985109784871061,0.2179807062958654,0.7822294146080342,32.023114919662476
1780876600.350042,4.975785728649971,-2.9845193703405584,0.21860403930468472,0.7838972787865224,32.043330669403076
1780876600.372798,4.975392678424523,-2.9842459004487787,0.21859639796887242,0.7861821274787442,32.066086530685425
1780876600.396509,4.974754483906398,-2.9842108388979898,0.2181082964591963,0.7889366604715082,32.089797496795654
1780876600.415978,4.974321663650881,-2.9839491347544165,0.21768600797521867,0.7912424050081945,32.10926651954651
1780876600.4407156,4.9740359933478455,-2.9835042050002465,0.21788592642789942,0.7932051088427192,32.13400411605835
1780876600.4650424,4.973904413285375,-2.982876637692437,0.2185744549727976,0.7948124547710709,32.1583309173584
1780876600.4836798,4.973758274512784,-2.9822695696390755,0.218302465368583,0.7964306095243474,32.17696833610535
1780876600.5056527,4.973332395324883,-2.981926465858172,0.21771870883505554,0.79857663977588,32.198941230773926
1780876600.526328,4.972863974082669,-2.9815657368273105,0.21860032602832968,0.8007653599294091,32.219616651535034
1780876600.5482278,4.97226504978165,-2.981343273324954,0.21827863169608439,0.8032046818366751,32.24151635169983
1780876600.5696511,4.971718743224996,-2.9810530966875604,0.21794137582679443,0.8055034519538902,32.26293969154358
1780876600.591385,4.971320532381376,-2.9805831903004507,0.21819056481969848,0.8074632639240438,32.28467345237732
1780876600.6158502,4.971141997647349,-2.9798846985891356,0.21851331454197803,0.8089653874032887,32.309138774871826
1780876600.6411114,4.970805428563193,-2.9793166980705226,0.21883624151106612,0.8107459462875415,32.334399938583374
1780876600.6657312,4.970174406927806,-2.979039000852057,0.21809749126333047,0.8130853131839011,32.35901975631714
1780876600.6881084,4.9695111165372,-2.9787426278399747,0.21846835724922706,0.8154235357302957,32.381397008895874
1780876600.7142475,4.969171528142642,-2.978136108446349,0.21828817051803193,0.8171252182469235,32.407536029815674
1780876600.7371864,4.968939997732276,-2.977395433239102,0.2187073198398854,0.8185741852631896,32.43047499656677
1780876600.7576554,4.968415139522022,-2.9769182066327606,0.2187854642175188,0.820548086443913,32.45094394683838
1780876600.7810502,4.9676234480228745,-2.976682359146263,0.21845897124189248,0.823005791790262,32.47433876991272
1780876600.8031092,4.9670704217742845,-2.976208233228383,0.21800426249064161,0.8249827049212906,32.496397733688354
1780876600.8229516,4.966608384962678,-2.975605893073962,0.21853898653338075,0.8267460501862569,32.51624011993408
1780876600.8474772,4.96638235890893,-2.9747758599123446,0.21877208064751216,0.8280451414314687,32.5407657623291
1780876600.8678286,4.965877077869116,-2.9742025773407317,0.21827105669081323,0.8298442638309371,32.56111717224121
1780876600.8891556,4.965216608447314,-2.9737364205520898,0.21845805846020408,0.8318873429841895,32.582444190979004
1780876600.9133425,4.964529084750035,-2.9732678253565488,0.21889055866022486,0.833938939380225,32.60663104057312
1780876600.9348178,4.963962200503403,-2.972705537085166,0.21808172922482386,0.8357745470177775,32.628106355667114
1780876600.9576995,4.963383309390786,-2.972096027473891,0.21880792313425468,0.8375620371432344,32.65098810195923
1780876600.977976,4.9629170765163275,-2.9713890716149263,0.21860036420367104,0.8391314191233104,32.6712646484375
1780876601.0043213,4.962430948050366,-2.9706872917372142,0.21828602831727245,0.8407104365355824,32.69760990142822
1780876601.0279775,4.961830986753489,-2.970042706720723,0.21895419068139446,0.8424579420966447,32.72126603126526
1780876601.0489316,4.960948023634949,-2.9696588838087115,0.2185816583257229,0.8447157678030255,32.74222016334534
1780876601.072142,4.960182867959026,-2.9691508383501044,0.2182812711987711,0.8467277062518246,32.76543045043945
1780876601.0920446,4.95959874599932,-2.9684529175416148,0.21840281838252604,0.8483709061339795,32.78533315658569
1780876601.1150115,4.959195646082052,-2.9675682146710876,0.2189314960691612,0.8496584958148645,32.80830001831055
1780876601.1367147,4.958707578264938,-2.966751852524479,0.2189789646001849,0.8510883555354676,32.83000326156616
1780876601.1573117,4.957889127968676,-2.966224022637079,0.21840756513213772,0.8530957288011551,32.850600242614746
1780876601.1813207,4.957062739945441,-2.965655672913982,0.21899758711755318,0.8550626792447211,32.87460923194885
1780876601.2076771,4.9565840389486935,-2.964784158647108,0.21890061896434326,0.8563977872004855,32.90096569061279
1780876601.2270613,4.956105613775681,-2.9639050949641272,0.21841476559536416,0.857701292639419,32.92034983634949
1780876601.2501876,4.9554275019063185,-2.963168355531084,0.21840659559288772,0.8593171526242145,32.94347620010376
1780876601.2708988,4.954562176728113,-2.9625631069249696,0.21893090537933182,0.8612241063909529,32.96418738365173
1780876601.2939012,4.953612821913509,-2.9620272724558068,0.21881691040579235,0.8632649502651706,32.98718976974487
1780876601.3165975,4.952917174532544,-2.9612641245187525,0.21846622874990804,0.8648441909567639,33.009886026382446
1780876601.336802,4.95230552597908,-2.9603859833045414,0.21914088233580478,0.8662428910480893,33.03009057044983
1780876601.359786,4.951784685370873,-2.9594449780235843,0.21854375486293165,0.8674771060928173,33.05307459831238
1780876601.3800051,4.951108375241907,-2.9586028633434918,0.21857647174815906,0.8689392344707851,33.073293685913086
1780876601.4027464,4.9502053153995895,-2.957930575692743,0.21885645431713652,0.8707652519259641,33.09603500366211
1780876601.423866,4.949230760677732,-2.9573032710275067,0.21897535291478376,0.8727079592216178,33.117154598236084
1780876601.4438162,4.948438154932246,-2.9565230043939463,0.21849592965321718,0.8743262940818468,33.137104749679565
1780876601.4651449,4.947708800071208,-2.955644820604891,0.21912885288959288,0.8757853146816217,33.15843343734741
1780876601.4855006,4.9471999132406825,-2.954592145917058,0.21868741000346306,0.8768573321302942,33.178789138793945
1780876601.5078394,4.946533259251933,-2.9536487263100577,0.2184761089676767,0.878167644314864,33.201128005981445
1780876601.5293717,4.9456623901558405,-2.952848039577175,0.21866564380343304,0.8798100767052892,33.222660303115845
1780876601.550101,4.944598006214266,-2.952181972955946,0.21923394058160633,0.881748263006191,33.24338960647583
1780876601.5727146,4.943684082937822,-2.9514019405698613,0.21868978297488553,0.8834292152410645,33.266003131866455
1780876601.5957108,4.942919086294944,-2.950470715346663,0.21871223860458588,0.8848148691267497,33.28899931907654
1780876601.6199536,4.942212706509316,-2.949459845846686,0.2192941883881567,0.886072507644057,33.31324219703674
1780876601.6417468,4.941483285746956,-2.948484943494975,0.21858976380101725,0.8873765653578918,33.33503532409668
1780876601.661878,4.940664921405976,-2.947535742751763,0.21911248984609225,0.8887780483801233,33.35516667366028
1780876601.684812,4.939525809641884,-2.9468448514448515,0.21903641528645132,0.8907042251451252,33.378100633621216
1780876601.7057106,4.938565797636167,-2.946002741589351,0.21856361224867424,0.8923147724609395,33.39899921417236
1780876601.728752,4.937779040923342,-2.944985676095042,0.21886782525260615,0.8936705746324769,33.4220404624939
1780876601.752073,4.937147354554262,-2.9438250319249843,0.2193367083916362,0.8947355200251454,33.445361614227295
1780876601.7724905,4.93624705385127,-2.9428875550921605,0.21881758768088147,0.8962372431795895,33.465779066085815
1780876601.7949836,4.935207183539237,-2.942028860628848,0.2190722456010827,0.897933467434652,33.488272190093994
1780876601.8153236,4.934355707002766,-2.9410042243588967,0.21923551398473082,0.8992905911929423,33.50861215591431
1780876601.8386812,4.933650799772767,-2.9398640517429095,0.21882022229384535,0.9003858690108064,33.53196978569031
1780876601.8605921,4.932755645246151,-2.9388441622521584,0.21894707633295182,0.9017529634162127,33.55388069152832
1780876601.8807783,4.931632492841762,-2.9379871128780395,0.2192450294298595,0.9034734149770571,33.57406687736511
1780876601.9049623,4.930683751421812,-2.936986550180891,0.2190620063989336,0.9048902599182771,33.59825086593628
1780876601.9284275,4.92989711847909,-2.935843999161272,0.21896110254576662,0.9060110437651367,33.621716022491455
1780876601.9461799,4.928960303571172,-2.934789100365528,0.21939906770371298,0.9073392479616356,33.63946843147278
1780876601.9684434,4.927826977708967,-2.9338957049631467,0.21895535361285903,0.9089842994619897,33.66173195838928
1780876601.9885156,4.926865669398895,-2.932842759491345,0.21888124745310059,0.9103192246919463,33.681804180145264
1780876602.0145853,4.926056675078228,-2.931645512283676,0.21934632122830747,0.9113675867799369,33.707873821258545
1780876602.0371566,4.925179704659912,-2.9305062529666346,0.21888465955292707,0.9125174588170513,33.73044514656067
1780876602.0580711,4.924204559165484,-2.9294143829813475,0.21910702734259835,0.9137949992161456,33.751359701156616
1780876602.0818403,4.923087525552941,-2.928420949480783,0.21907716794447285,0.9152810417034285,33.77512884140015
1780876602.1023965,4.921992008967206,-2.927397894838911,0.2190676338684096,0.9167122395489287,33.795685052871704
1780876602.1260476,4.921145531847554,-2.9261683466361994,0.21908202509392238,0.9177157448484898,33.81933617591858
1780876602.1463673,4.920247996157221,-2.924958895327219,0.21925226203467232,0.9187711411487243,33.83965587615967
1780876602.1672368,4.91914720660043,-2.923901345799006,0.2190366987888105,0.9201442192419975,33.860525369644165
1780876602.1904442,4.918120585810943,-2.922760794301916,0.21925914858516807,0.9213679350888997,33.88373279571533
1780876602.2108316,4.917203161394348,-2.92153645067436,0.219021108314908,0.9224016656195655,33.904120206832886
1780876602.2372823,4.916134697712236,-2.9203976253472916,0.2193196584128075,0.9236431465305035,33.93057084083557
1780876602.262076,4.9149601941866266,-2.919338859527182,0.21910839725585807,0.9250486081114815,33.9553644657135
1780876602.2834501,4.913991774220583,-2.918104055177117,0.2191723030673107,0.9260960313619364,33.976738691329956
1780876602.3066452,4.91311187987543,-2.916789935508019,0.21913535461437536,0.9269778454584419,33.99993371963501
1780876602.327769,4.912050873055015,-2.915597297962348,0.21921761669127676,0.9281305323631361,34.02105760574341
1780876602.3522382,4.910849081150301,-2.9144997970835402,0.21908895368814518,0.92949155251471,34.04552674293518
1780876602.3752906,4.909783181700806,-2.9132856020785542,0.2190768850728871,0.9306151032964562,34.06857919692993
1780876602.3956304,4.908862793597234,-2.9119436820620006,0.21929249266403428,0.9314787254640136,34.088918924331665
1780876602.419178,4.907760326940612,-2.9107318539129508,0.21920708565475105,0.9326193878549471,34.11246657371521
1780876602.4395573,4.906619515602361,-2.909534538712201,0.21910294921549037,0.9338027188294875,34.132845878601074
1780876602.4616616,4.905590805857757,-2.9082359388880707,0.21924952030181036,0.9347863272760026,34.15495014190674
1780876602.4836946,4.904548490697995,-2.9069405108700255,0.21913310652860366,0.9357718565670652,34.17698311805725
1780876602.5048885,4.903358041637376,-2.9057362067795593,0.21920350692934987,0.9369741364417674,34.198177099227905
1780876602.5274625,4.902292020136743,-2.9044295045936925,0.21924232259446957,0.93796209848378,34.2207510471344
1780876602.5478635,4.90120776931584,-2.9031251586795626,0.21916839184478396,0.938957821081722,34.24115204811096
1780876602.5709252,4.900083050616947,-2.90183274947063,0.21932435757411742,0.9400013577671826,34.2642138004303
1780876602.5943983,4.899065496989421,-2.900458551364656,0.2191064539356607,0.9408592735495533,34.287686824798584
1780876602.61493,4.897852193262931,-2.899204559806566,0.21930454671481525,0.9420026702430757,34.308218479156494
1780876602.6375003,4.89672292540984,-2.8978851809017168,0.21916963168886358,0.943005714746592,34.3307888507843
1780876602.6613548,4.8956341753160375,-2.8965212432101985,0.2191352973424418,0.9439220034700213,34.35464334487915
1780876602.6811085,4.894469907256587,-2.895195746596429,0.2192778095050923,0.9449372992216567,34.37439703941345
1780876602.7070367,4.893283076464993,-2.8938815059532637,0.21916265366426216,0.945980371233631,34.400325298309326
1780876602.727612,4.892229079439994,-2.892454466612566,0.2192393626931517,0.9467886415080038,34.42090058326721
1780876602.7527492,4.89105189237437,-2.891105113469473,0.21933134919030178,0.947776964536061,34.44603776931763
1780876602.774617,4.889863043234197,-2.889758714927242,0.21910359557166034,0.9487739684703191,34.46790552139282
1780876602.7950659,4.888755300529865,-2.8883362093701113,0.21914968080359717,0.9496221343829232,34.488354444503784
1780876602.8157642,4.887592575437438,-2.8869424082229873,0.21918343299844376,0.9505385500979404,34.509052753448486
1780876602.836039,4.886406563767038,-2.8855536820279286,0.21922159835342753,0.9514820958014472,34.529327630996704
1780876602.8596973,4.885252157870963,-2.884133102247965,0.21918849980478902,0.9523561870158108,34.55298590660095
1780876602.8807766,4.88402662305813,-2.8827498828975475,0.21921967334369202,0.9533293974239312,34.57406520843506
1780876602.9009473,4.882868277459194,-2.8813086949274767,0.219224179701803,0.9541798929954979,34.59423589706421
1780876602.92355,4.881695454616439,-2.8798663096194583,0.21924725790557434,0.955039219858854,34.616838455200195
1780876602.9444487,4.88048131008273,-2.8784430732644637,0.21922887677708772,0.9559512784924138,34.63773727416992
1780876602.968796,4.879290501120015,-2.8769918213466563,0.21925045606902052,0.9568090488544598,34.66208457946777
1780876602.9915702,4.878096466130485,-2.8755322601468776,0.21924986789969936,0.9576583515551302,34.68485879898071
1780876603.0162995,4.8769126572886705,-2.8740562025556686,0.2192070152530227,0.9585110490878854,34.709588050842285
1780876603.0381238,4.875704873758185,-2.872585808115418,0.21918936725746174,0.9594228122931492,34.731412410736084
1780876603.060353,4.874466609239218,-2.8711252985930718,0.21921812270000532,0.9603651213768885,34.7536416053772
1780876603.0823705,4.8732542365925795,-2.8696380145022995,0.21918486992223513,0.9612513089808203,34.77565908432007
1780876603.10478,4.87206743141496,-2.86812157046912,0.2191913645275427,0.9620815655741932,34.79806852340698
1780876603.1260746,4.870823435554521,-2.86663614868024,0.21917650063483116,0.9629950610821236,34.81936311721802
1780876603.1515028,4.869630531335726,-2.8651038331550853,0.21920131255495248,0.9638115486348218,34.844791412353516
1780876603.1715565,4.868379242800525,-2.863604519493839,0.21913124315786556,0.9647083881867609,34.86484503746033
1780876603.1951742,4.8671268321046774,-2.862094615861093,0.21913624023981146,0.9655877061798384,34.88846278190613
1780876603.21881,4.865928266539175,-2.8605358279864213,0.21923103574866107,0.9663818001986053,34.91209864616394
1780876603.2391398,4.864653137665556,-2.859023013454158,0.21921766941520845,0.9673008322766812,34.93242835998535
1780876603.2602358,4.8634614411433095,-2.857445534645896,0.21909641552093737,0.9680730922420038,34.953524351119995
1780876603.2808716,4.8621562245083565,-2.8559341323611442,0.21911379341768297,0.9690090162379867,34.97416019439697
1780876603.3040347,4.860953589953452,-2.8543427412983675,0.21911900999495382,0.9697671133679844,34.99732327461243
1780876603.325636,4.859673829583353,-2.852795840107903,0.21912597294591535,0.9706505695557066,35.01892447471619
1780876603.3489997,4.858440931723835,-2.8512070898538076,0.21915960877095153,0.9714479658671458,35.042288303375244
1780876603.370961,4.857162344306585,-2.8496420940403433,0.2191327923320765,0.9723019733971459,35.06424951553345
1780876603.396016,4.855924300732234,-2.848040767032655,0.21913380279557937,0.9730796476221286,35.08930444717407
1780876603.41431,4.854626630546245,-2.8464696028544565,0.21916874757895882,0.973936983200403,35.107598543167114
1780876603.4368775,4.853361593422633,-2.8448700567539564,0.2191211145991183,0.974738293958616,35.13016605377197
1780876603.4587142,4.85211713616746,-2.843246617766975,0.21914747938683798,0.9754937752180828,35.152002811431885
1780876603.4812453,4.850803846794579,-2.841663611910739,0.21905036827301222,0.9763434696158244,35.17453384399414
1780876603.5042,4.849571743532887,-2.8400152337996882,0.219070273861121,0.9770487528485745,35.19748854637146
1780876603.5241947,4.848264517966693,-2.8384085602186286,0.21910347494460894,0.9778580535227412,35.21748328208923
1780876603.5480564,4.846977371610519,-2.8367808513378745,0.21913596303467392,0.9786190810159798,35.241344928741455
1780876603.5680354,4.8457020095207035,-2.8351381439775083,0.21911424575694918,0.9793532267679677,35.26132392883301
1780876603.59142,4.8444220697980205,-2.833491619818135,0.21906033854437304,0.9800764919630494,35.28470849990845
1780876603.6146162,4.843098589771334,-2.8318655869504017,0.21903545300647306,0.9808616161486539,35.3079047203064
1780876603.6361706,4.841846469915006,-2.8301851612120537,0.21895191994418156,0.9815324184843188,35.32945919036865
1780876603.658274,4.840494395007072,-2.828560610411679,0.2190095581871775,0.9823436687954734,35.3515625
1780876603.679847,4.839160841772593,-2.826920596446932,0.21890618184571634,0.9831197957647113,35.373135566711426
1780876603.7063475,4.837971274637634,-2.8251721866167907,0.21897631855919852,0.9836483928048398,35.399636030197144
1780876603.7277987,4.836683554844694,-2.823485737112047,0.2189239395274155,0.9843278891972993,35.42108726501465
1780876603.748581,4.835254483273437,-2.821882464022501,0.21898408854878484,0.9852194905199774,35.441869497299194
1780876603.7713501,4.833961790462637,-2.8201815115899627,0.21909554140911092,0.9858822014543351,35.46463871002197
1780876603.7918282,4.832762289482298,-2.818416564106086,0.21895456008663672,0.9863847767300173,35.485116720199585
1780876603.813294,4.831370174430459,-2.816765706460918,0.2191121083725233,0.9871789484253828,35.506582498550415
1780876603.8371027,4.829961619879535,-2.815126109627277,0.2189373467614444,0.9880013791503028,35.530391216278076
1780876603.8605251,4.828739782015205,-2.813349086534739,0.2191028154571449,0.9885098826130108,35.55381369590759
1780876603.883671,4.827446499143115,-2.8116211219663474,0.21886004222097483,0.9891226377556928,35.57695960998535
1780876603.9045086,4.826048659853771,-2.8099479345920826,0.21892579344950874,0.9898853600978041,35.59779715538025
1780876603.929804,4.824708084798523,-2.8082308379362346,0.2190217054064632,0.9905534247941876,35.62309265136719
1780876603.953006,4.8234796412756955,-2.8064375553503123,0.21890640200889916,0.991029271727478,35.646294593811035
1780876603.972938,4.822071133608288,-2.804749236919314,0.2191156293756682,0.9917779569126797,35.666226625442505
1780876603.9968963,4.820756603826545,-2.80300390617375,0.21883754517166237,0.9923742477815978,35.69018483161926
1780876604.0182118,4.819446850466337,-2.801241477225346,0.2188547359236897,0.9929468565932966,35.71150040626526
1780876604.0426502,4.818098340889553,-2.799495547117648,0.21907245660398614,0.9935699530814901,35.73593878746033
1780876604.0642183,4.816731628564775,-2.7977656324129407,0.2187544317908546,0.994218805546403,35.75750684738159
1780876604.0855649,4.815393184201405,-2.795996623155078,0.2190982004670361,0.9948018518628734,35.77885341644287
1780876604.1092982,4.814136917294715,-2.794182906690867,0.21884852234653782,0.995254304912244,35.802586793899536
1780876604.134442,4.812683157438434,-2.792481181633919,0.21897780570685796,0.9960066174940199,35.827730655670166
1780876604.1530728,4.811225715073665,-2.790785594898442,0.2187077886767844,0.9967676153954326,35.8463613986969
1780876604.1746478,4.809958067084006,-2.7889516336695763,0.2188853905967239,0.9972078603982482,35.86793637275696
1780876604.195116,4.808749846375027,-2.787073601922837,0.21899859108209374,0.9975389245374142,35.88840460777283
1780876604.2176218,4.807277784087713,-2.7853654537386747,0.21894766204298877,0.9982877825116319,35.9109103679657
1780876604.2409208,4.805995177159778,-2.783528366673031,0.21887501079542898,0.998732492207342,35.93420934677124
1780876604.260619,4.804678708816899,-2.781708268678508,0.21879371666031044,0.9992147602071819,35.95390748977661
1780876604.2826715,4.803220002804852,-2.779967756360853,0.21895673863805423,0.9999106802089717,35.97596001625061
1780876604.3028088,4.801814141833959,-2.7781936895653137,0.21892208552644843,1.0005175769776251,35.99609732627869
1780876604.3269446,4.8006141690477016,-2.776279167966912,0.21895323097053893,1.000790580089845,36.020233154296875
1780876604.3504329,4.799215792663253,-2.7744888996648363,0.21891051969282077,1.0013689813600894,36.043721437454224
1780876604.3715026,4.797740507654085,-2.772742175245261,0.21882829474672782,1.0020598910030474,36.064791202545166
1780876604.3927238,4.796406786249801,-2.7708971740151833,0.21888247824527135,1.002517469038736,36.08601236343384
1780876604.4149663,4.795126439683189,-2.7690145482954978,0.2188137916321535,1.0028817883088141,36.10825490951538
1780876604.438655,4.793732384765833,-2.7671938687337683,0.21903223377876926,1.003419035727279,36.131943464279175
1780876604.4629695,4.792237202915701,-2.765440368848763,0.21886367753860775,1.0041149133468288,36.15625810623169
1780876604.483298,4.790933670020183,-2.7635531150075447,0.2189970667329797,1.004493982175756,36.176586627960205
1780876604.5069702,4.789676962989379,-2.7616375854017203,0.2188129188685071,1.0047902266850137,36.20025873184204
1780876604.529567,4.788222030748058,-2.759836756759866,0.2189042894996377,1.005394667872027,36.22285556793213
1780876604.5515876,4.786789995653584,-2.758019195901574,0.21883119707623871,1.0059603602496487,36.24487614631653
1780876604.5752585,4.785484850225467,-2.7561100912457217,0.21909268604102203,1.0063077481188039,36.26854705810547
1780876604.5973532,4.784066972452263,-2.754279954077299,0.21874316274232078,1.0068316390330514,36.29064178466797
1780876604.6234238,4.782671329003196,-2.7524156267336086,0.21906109893709483,1.0073049557143952,36.316712379455566
1780876604.6433833,4.781413982102184,-2.750471631650315,0.21886622847128695,1.0075582396716278,36.33667182922363
1780876604.6662645,4.77992734365709,-2.7486614203759987,0.21890846371684328,1.0081569888634627,36.35955309867859
1780876604.6883845,4.778507090505345,-2.746805807685681,0.21885423584370056,1.0086479593665993,36.381673097610474
1780876604.7081316,4.777184349569583,-2.7448777278901457,0.2191234968672889,1.0089679065397643,36.40142011642456
1780876604.730357,4.775759573234258,-2.743021906868176,0.2188023155884991,1.009450993586082,36.42364549636841
1780876604.751076,4.774359310185775,-2.7411351325363054,0.2189191730939141,1.0098805582694013,36.44436454772949
1780876604.7729986,4.773000430985554,-2.739218998264983,0.21905430861883055,1.0102349969287978,36.46628713607788
1780876604.7946527,4.7715481260163966,-2.7373631803707963,0.2188352496577637,1.0107318956149474,36.4879412651062
1780876604.8148725,4.770217906767197,-2.735417872812576,0.21898638325393718,1.0110290198493557,36.50816106796265
1780876604.839371,4.76889813842459,-2.7334679731043927,0.21884192152196155,1.0113024531329806,36.53265953063965
1780876604.8638794,4.767372724646253,-2.7316338160786047,0.2190532293795833,1.0118851563491837,36.55716800689697
1780876604.8837564,4.766001155246532,-2.729706602422555,0.2189152479158822,1.0122277506310358,36.57704496383667
1780876604.9086337,4.764605904775416,-2.727785722566266,0.21891664876430245,1.0125914993771286,36.601922273635864
1780876604.9295816,4.763190928187161,-2.7258697378090972,0.21904490874111301,1.0129858596296666,36.622870206832886
1780876604.9537086,4.761847950196213,-2.7239099361163635,0.2189262457847595,1.013258233286452,36.64699721336365
1780876604.9790099,4.760360034957282,-2.72203044715409,0.219025763771285,1.013748375125198,36.672298431396484
1780876604.9985092,4.7589712414884735,-2.720086323809348,0.2190828860526249,1.0140765157890126,36.691797733306885
1780876605.01994,4.757612235952797,-2.718122219779411,0.2189526645351787,1.0143488717124534,36.71322846412659
1780876605.040329,4.75612678266301,-2.716228662129248,0.21898191155727662,1.0148101998651633,36.733617544174194
1780876605.064942,4.754772994144852,-2.714247055957341,0.2190688958308084,1.015058702873434,36.758230447769165
1780876605.0868385,4.75334457863502,-2.712308795899247,0.2190824159125232,1.0154109357568242,36.78012704849243
1780876605.107773,4.751899959028197,-2.710377584517298,0.21902291149531858,1.0157868316467678,36.80106163024902
1780876605.1288073,4.750501985882591,-2.7084102005692605,0.21905874357740127,1.0160803784991952,36.82209587097168
1780876605.1511896,4.749100641707412,-2.7064401567708622,0.21910764674553754,1.0163748848832856,36.844478130340576
1780876605.1729927,4.7476783906521405,-2.7044799509335538,0.2190745558982116,1.0166901876638619,36.866281270980835
1780876605.19495,4.74627609495622,-2.7025006256951842,0.21913537819200504,1.0169683492793098,36.88823866844177
1780876605.2169507,4.744843571765721,-2.700536975490541,0.21909961458617783,1.017289501522896,36.91023921966553
1780876605.2391927,4.743426812164898,-2.69855918331092,0.21907756367754178,1.0175795302396518,36.93248128890991
1780876605.2597017,4.741975166396522,-2.6965996273074464,0.21900400792836724,1.0179209039732893,36.95299029350281
1780876605.288147,4.74061384031761,-2.6945779746699747,0.21897447672177792,1.0181104057249524,36.98143553733826
1780876605.3122916,4.739124060272669,-2.6926277915282997,0.21909963743247332,1.0184867818737953,37.00558018684387
1780876605.3333938,4.7376727163734715,-2.6906532474095877,0.21904717277907199,1.0188058679027403,37.02668237686157
1780876605.3575666,4.736329615897503,-2.6886042430382706,0.21912182801207397,1.0189422836233586,37.05085515975952
1780876605.3787098,4.734830163704842,-2.6866481646363143,0.21917190823813043,1.0193160508201409,37.07199835777283
1780876605.4026172,4.733528013578276,-2.684571156968013,0.2189595458812284,1.0193793825919437,37.095905780792236
1780876605.4258242,4.732051973238816,-2.6825902513632793,0.21906249323595153,1.0196972200565693,37.119112730026245
1780876605.446894,4.730504354454715,-2.680652844722033,0.21893547153897722,1.020122497154082,37.14018249511719
1780876605.468903,4.7291205348574525,-2.67860562528271,0.21904864923336406,1.0202868671982799,37.16219162940979
1780876605.489175,4.727721614494215,-2.6765636420052985,0.2191132046920321,1.0204597543902612,37.18246364593506
1780876605.5141983,4.726200744293891,-2.674595126054887,0.21905419849086036,1.0208230663910314,37.20748686790466
1780876605.5364141,4.724860035647301,-2.6725061322314154,0.21926535609480238,1.0208968372660303,37.22970271110535
1780876605.5592468,4.723355296701496,-2.670522082496188,0.21904577959140703,1.0212206369431307,37.252535343170166
1780876605.5812745,4.721986070656396,-2.668443257852073,0.21913087579969445,1.0213279514101954,37.27456307411194
1780876605.604565,4.720580075675454,-2.6663876696277233,0.21900839377375292,1.0214822763698272,37.29785346984863
1780876605.6233609,4.719002473989513,-2.664426027277338,0.21915569310921024,1.0218949281632286,37.316649436950684
1780876605.645855,4.71753432277595,-2.6623976032903616,0.2191234517771477,1.022139934493346,37.33914351463318
1780876605.6660457,4.716207595801724,-2.6602732277833248,0.2192966465063731,1.0221544769494297,37.359334230422974
1780876605.6903174,4.71462831446551,-2.6583082922657812,0.21902862213488003,1.0225533879430495,37.38360595703125
1780876605.715011,4.71319669879741,-2.6562411262590833,0.21911120226258338,1.0227196178666844,37.40829944610596
1780876605.7354069,4.711869696048158,-2.6541040687902093,0.21923632287688455,1.0227208059290867,37.42869544029236
1780876605.7571342,4.710307870769103,-2.6521106674728756,0.21919306426481813,1.0230759290757803,37.45042276382446
1780876605.777421,4.708968499783245,-2.6499759683617996,0.21914096016746276,1.0230882661962308,37.470709562301636
1780876605.8039782,4.707560528214964,-2.647879417683267,0.2190745153832923,1.0231916516912545,37.49726676940918
1780876605.8281457,4.705959805264733,-2.645889356028432,0.21930884354949126,1.0235843605022845,37.52143430709839
1780876605.8498197,4.7045834284518415,-2.643766700674632,0.2191510588117043,1.0236397335011524,37.543108224868774
1780876605.8712168,4.703083791094662,-2.641710848154515,0.2191508178758253,1.0238648744893686,37.56450533866882
1780876605.8943858,4.701626500916918,-2.639621821216573,0.21926998406980286,1.0240240149564457,37.587674379348755
1780876605.9180148,4.700265167277413,-2.637477147000213,0.21908299705567014,1.024032002214696,37.61130332946777
1780876605.94167,4.698700003729375,-2.635443093476167,0.2193071685760698,1.0243375563410027,37.63495850563049
1780876605.9620302,4.697212522147128,-2.633365673691369,0.21911528999962465,1.0245286676681715,37.65531873703003
1780876605.9861717,4.695783638980851,-2.631242046568318,0.21919575600444072,1.0246165217510015,37.679460287094116
1780876606.0064352,4.694310763015397,-2.62913926885225,0.21939995879019183,1.0247622717385454,37.69972372055054
1780876606.029128,4.692825891939752,-2.6270495300230428,0.2191079674029729,1.0249316220789648,37.722416639328
1780876606.0524385,4.691371437785988,-2.6249278101511933,0.21920590638430634,1.0250425574629007,37.74572706222534
1780876606.074005,4.689930764347812,-2.6227925588066836,0.21940068982004282,1.025122427975452,37.76729345321655
1780876606.0970762,4.688354691949252,-2.6207434852979468,0.21917905833174695,1.0254042384166961,37.79036474227905
1780876606.1174338,4.686960526740642,-2.6185739023151076,0.2192076145311216,1.025409513922952,37.81072235107422
1780876606.1422346,4.685537228718549,-2.6164166162410014,0.21926507689900804,1.0254451214892466,37.83552312850952
1780876606.1647384,4.683909817689068,-2.6143785160243316,0.2193749162390691,1.025783916171937,37.85802698135376
1780876606.18496,4.682596017051104,-2.612150718058881,0.21924119596186314,1.0256514122596938,37.87824845314026
1780876606.2075675,4.681130146446481,-2.610010217839863,0.2191106979855904,1.0257316457183911,37.900856018066406
1780876606.2278583,4.679521366808442,-2.6079440351562924,0.2193223630119106,1.0260228640904812,37.921146869659424
1780876606.2500107,4.677969627066584,-2.605846727644329,0.21924240088070301,1.026229011325384,37.943299293518066
1780876606.2729204,4.676650665895242,-2.603599028609167,0.21936434501551644,1.0260783600998717,37.966208934783936
1780876606.2927969,4.675103874592467,-2.601488882943418,0.2192729403105981,1.0262551357202714,37.986085414886475
1780876606.3151882,4.673530296883308,-2.5993923586587933,0.21911894747478333,1.0264749610009147,38.00847673416138
1780876606.3382375,4.672132048229441,-2.5971745877996235,0.21948577721375956,1.0264203380644865,38.0315260887146
1780876606.357845,4.670750185326622,-2.594958122197356,0.21910759927572535,1.0263420471971978,38.05113363265991
1780876606.3813913,4.669204788145621,-2.592824198832706,0.21928990411736154,1.026488606664544,38.07467985153198
1780876606.4015493,4.667611588007969,-2.5907151560058876,0.21946532880151057,1.026705846956098,38.09483790397644
1780876606.4258373,4.6662976886536685,-2.5884405677416567,0.21928634988622117,1.0265081816381052,38.119125843048096
1780876606.4476616,4.664764750487603,-2.5862900570187106,0.2193131351245637,1.0266246625419946,38.140950202941895
1780876606.4687452,4.663107020767791,-2.584210885120759,0.21926935440781334,1.0269209236309287,38.162033796310425
1780876606.492071,4.661617059111866,-2.5820252454358488,0.21934284408840315,1.0269615451194891,38.185359477996826
1780876606.5129886,4.660300523384454,-2.5797332320466158,0.2192176949390109,1.0267415844208116,38.2062771320343
1780876606.5365908,4.658848726652231,-2.577517597941569,0.21918438271335228,1.0267119603754526,38.22987937927246
1780876606.5595422,4.6571731453201854,-2.5754261675917207,0.21946265443869958,1.0270009245480765,38.25283074378967
1780876606.5798187,4.6556748194517805,-2.57323312236144,0.21926901976829435,1.0270341659608961,38.273107290267944
1780876606.6045973,4.6542507222721445,-2.570982183185706,0.21950865898059838,1.0269384650422095,38.29788589477539
1780876606.6260726,4.652590543740454,-2.5688800085783052,0.21926332207297916,1.0271958754039634,38.319361209869385
1780876606.650602,4.651105571619625,-2.566661484457476,0.21930993747203126,1.027187922075333,38.34389066696167
1780876606.6731725,4.649736662326624,-2.5643655860435413,0.21946195075872468,1.0269965951087077,38.36646103858948
1780876606.693673,4.648147239645846,-2.562203364571913,0.2194655616542919,1.027125357039953,38.386961460113525
1780876606.714813,4.646674074914892,-2.559969373663291,0.21928200455899732,1.0270854974588222,38.4081015586853
1780876606.735898,4.645171675717109,-2.5577395708696433,0.21954172823645565,1.0270775220787254,38.42918658256531
1780876606.7578666,4.643528539208176,-2.5556013434207254,0.2193468159701739,1.027278523441213,38.45115518569946
1780876606.779572,4.642105486258153,-2.5533203827692903,0.2194102805410812,1.0271472542281979,38.47286057472229
1780876606.8005097,4.640665150731856,-2.5510498715379653,0.21922911843573903,1.0270336610151478,38.49379825592041
1780876606.8230658,4.639122423045408,-2.5488272431922376,0.21957788731748568,1.0270588874789457,38.51635432243347
1780876606.8435068,4.637504075036728,-2.54666129235346,0.2191945722331077,1.0272006003806045,38.53679537773132
1780876606.8649724,4.636001641398282,-2.544408149302708,0.2194252625296423,1.0271603653482249,38.558260917663574
1780876606.887936,4.634622606520702,-2.542082112053953,0.21939435449081746,1.0269294618021672,38.5812246799469
1780876606.9087927,4.633008458782052,-2.5398912571459173,0.2195487887399037,1.0270376224921227,38.602081298828125
1780876606.9319396,4.63146605916126,-2.5376614060675395,0.21925377521915998,1.0270463309681785,38.6252281665802
1780876606.9561942,4.62997838264026,-2.5353827373666893,0.21950221336971334,1.0269605256865333,38.64948272705078
1780876606.9808815,4.628506556971315,-2.5330996310702636,0.2194222691165956,1.0268494055818156,38.67417001724243
1780876607.0028853,4.626868502630882,-2.5309111665596675,0.21934946391652568,1.0269711640860155,38.696173906326294
1780876607.0238948,4.6253222429210465,-2.5286633605849387,0.2193174814984784,1.0269641563324559,38.717183351516724
1780876607.0463357,4.623915319919447,-2.5263239504757653,0.21940539768341252,1.026743487224973,38.73962426185608
1780876607.0686066,4.622419693005125,-2.5240371749905526,0.2194186474133471,1.0266458942501036,38.761895179748535
1780876607.0881774,4.620750468613869,-2.521847123326076,0.21961239365920518,1.0267941478021054,38.781466007232666
1780876607.1101484,4.619353286362516,-2.519497246362307,0.21941938382706652,1.0265458845103126,38.80343699455261
1780876607.1308398,4.617792065187766,-2.5172393783104328,0.21939134611986658,1.0265282435224528,38.82412838935852
1780876607.152794,4.616128883986204,-2.5150401240419873,0.21929055112146295,1.0266545461599303,38.84608244895935
1780876607.1761324,4.614558463668419,-2.512778074351984,0.2193661559651948,1.0266402019154732,38.86942100524902
1780876607.196088,4.61318145918869,-2.5103912339132624,0.2196501374900775,1.0263305294052962,38.889376640319824
1780876607.2199547,4.611593898679702,-2.5081429718271213,0.21921190843458135,1.0263329366730813,38.91324329376221
1780876607.240229,4.609978589919579,-2.5058908291383073,0.21960539119233335,1.026366056235803,38.93351745605469
1780876607.2615154,4.60860932384573,-2.5035008079377725,0.2193053124484087,1.0260420135697181,38.95480394363403
1780876607.285574,4.607079667190798,-2.501199400121906,0.21923321157001013,1.0259377109035412,38.97886252403259
1780876607.3067522,4.6053596610612235,-2.4990019322395645,0.21952294925199442,1.0261012168207788,39.000040769577026
1780876607.3319564,4.6038149043271765,-2.4967078964079477,0.2192275494466439,1.0260218009819546,39.02524495124817
1780876607.3524923,4.602360405567526,-2.4943415580499417,0.21954806955269995,1.0257931561009475,39.0457808971405
1780876607.3762646,4.600889856193897,-2.4919970986364803,0.21923297303052525,1.0255894118490687,39.06955313682556
1780876607.3985968,4.5992252616878115,-2.489754256532108,0.21944486441040223,1.0256508922029521,39.09188532829285
1780876607.419667,4.597575392480735,-2.4875093533789228,0.21919388053919478,1.0257026640374534,39.11295557022095
1780876607.4433599,4.596089797468788,-2.485149516365345,0.2195460989172997,1.0254999500210573,39.136648416519165
1780876607.4637957,4.594696398082946,-2.4827439979294366,0.2192218040050392,1.025163215722312,39.157084226608276
1780876607.4866974,4.593143593780941,-2.4804250383158917,0.21923862784195222,1.0250456212650079,39.179986000061035
1780876607.5110595,4.591427661019402,-2.478194143890536,0.21960975378004646,1.0251588505169833,39.20434808731079
1780876607.5319521,4.58985572492733,-2.475892139822017,0.2191245206065804,1.0250785337202073,39.22524070739746
1780876607.556178,4.588353720149311,-2.473521776095213,0.21967347380774901,1.0248740435192847,39.24946665763855
1780876607.5764115,4.586919226473036,-2.4711324685586042,0.21907304131153424,1.024578557319444,39.269700050354004
1780876607.6026945,4.5853889196955215,-2.4687768514056807,0.21946988003646267,1.024400559020906,39.29598307609558
1780876607.6247332,4.583566951036259,-2.4666055226940005,0.21940155244783002,1.0246568106762357,39.31802177429199
1780876607.6467075,4.582009304414449,-2.4642767892281308,0.21906370059174962,1.0245288249137996,39.339996099472046
1780876607.672141,4.580566493472794,-2.4618560623631267,0.21960545124779726,1.0242140147716725,39.365429639816284
1780876607.6927154,4.579202546337463,-2.459408379435574,0.21904797842289916,1.023788920447215,39.38600397109985
1780876607.717892,4.577663687376288,-2.457050998712373,0.21909025725562215,1.0236036019364843,39.41118049621582
1780876607.7419503,4.575915911862691,-2.4548099654916746,0.21955878963640846,1.0237157937792176,39.4352388381958
1780876607.7627265,4.574198291822625,-2.4525667345546522,0.2191078761321091,1.0237944307673672,39.45601511001587
1780876607.789812,4.572617546939157,-2.450224328677332,0.2193084812121909,1.0236575839981512,39.4831006526947
1780876607.8160753,4.571277564553764,-2.447731531401782,0.219556696173256,1.0231612132736725,39.509363889694214
1780876607.839989,4.56962854520849,-2.4454324713084503,0.21939888857474027,1.0231239031651835,39.53327751159668
1780876607.865166,4.5679196896895276,-2.443169777971499,0.21914633451807478,1.0231779891376345,39.558454513549805
1780876607.8865778,4.5663970960651925,-2.4407808869128833,0.21938871285459396,1.0229439266915854,39.57986640930176
1780876607.9087667,4.565061647639357,-2.4382796566420653,0.2193607893995989,1.0224299534811365,39.602055311203
1780876607.931031,4.563508077468585,-2.435914022862096,0.21917154278280518,1.0222337332878588,39.624319553375244
1780876607.9512672,4.561751336467991,-2.4336590349945335,0.21945239065562158,1.022320538477146,39.64455580711365
1780876607.9721289,4.56012854334071,-2.4313311523768917,0.21919294242493556,1.0222201881712731,39.665417432785034
1780876607.9926043,4.558656001962665,-2.4288968190298,0.21956622668769646,1.0218802085065146,39.685892820358276
1780876608.0163288,4.55712963882242,-2.426509605853688,0.2190965883743312,1.0216232721674725,39.709617376327515
1780876608.037748,4.555535177053462,-2.4241452826895573,0.21947827170377482,1.0214513491978217,39.73103666305542
1780876608.0598514,4.553887833580831,-2.421825146433179,0.21912712951788776,1.021361136145245,39.75313997268677
1780876608.082842,4.552252399120632,-2.4194847381517643,0.21937510595707163,1.0212410673235368,39.77613067626953
1780876608.103377,4.550805950235663,-2.417032294306499,0.21926106447254187,1.0208421774386167,39.79666566848755
1780876608.124795,4.549384538251656,-2.414562060475599,0.21923258272931476,1.02040920729341,39.81808352470398
1780876608.1477032,4.547686389302447,-2.412258879965694,0.21921538819104183,1.0203802453096813,39.840991735458374
1780876608.1676638,4.545955063580633,-2.409970216717136,0.21932188884496545,1.020395708684939,39.860952377319336
1780876608.1902428,4.544369281917533,-2.4075963738743935,0.21924834962626966,1.020192973353824,39.88353133201599
1780876608.21241,4.54295089472412,-2.4051127161013692,0.21930627037081496,1.0197379304163334,39.90569853782654
1780876608.2362971,4.541462590896251,-2.402677204934258,0.21909136965254683,1.019391461089361,39.929585695266724
1780876608.2585328,4.5397666418055636,-2.4003577996175074,0.21931180511630585,1.019340236469663,39.95182132720947
1780876608.2794788,4.538064535206008,-2.398042887491156,0.2193755999626855,1.019299584363928,39.97276735305786
1780876608.3059807,4.536592234095037,-2.3955880008417507,0.21936604485338654,1.0189114333792944,39.999269247055054
1780876608.327459,4.53498956313709,-2.3932123231169733,0.21923203554692336,1.0187192897168478,40.020747661590576
1780876608.351493,4.53331549832552,-2.390872410668263,0.21945981317182836,1.0186275764487416,40.04478144645691
1780876608.3748782,4.531896768104462,-2.388381989595236,0.21925039874272076,1.018155474992751,40.068166732788086
1780876608.3960943,4.530333853361451,-2.3859752817788564,0.21921551193020472,1.0178858832231876,40.0893828868866
1780876608.4194508,4.528576336519953,-2.3836806979264886,0.21943473142309172,1.017896693557078,40.1127393245697
1780876608.4407146,4.527018883633798,-2.3812714765365635,0.2192007208987676,1.0176138735169324,40.13400316238403
1780876608.4632602,4.525497977252812,-2.3788308161142453,0.21924834050959277,1.0172629571880396,40.156548738479614
1780876608.486282,4.523919459760263,-2.376423658044625,0.21939294346901886,1.016991427271079,40.17957067489624
1780876608.5065625,4.522206893622683,-2.3741042076500762,0.21919119991974848,1.0169187258144792,40.19985103607178
1780876608.5314524,4.519478350260358,-2.3724272053637026,0.21877617251333645,1.0165247184639874,40.224740982055664
1780876608.5566583,4.517302925931799,-2.3704482886453726,0.21740048518451358,1.0154037093897088,40.24994683265686
1780876608.5751913,4.515660616143955,-2.3681712501771375,0.215370179697196,1.0135463320538776,40.26847982406616
1780876608.5981858,4.5142097801042915,-2.3657647611493964,0.21476367253120557,1.011423867831125,40.29147434234619
1780876608.618904,4.51271864805983,-2.363359818010617,0.21631767461761223,1.0092280392186526,40.31219267845154
1780876608.640725,4.5114372259405995,-2.3608340421026948,0.2186280086691692,1.0066780744727328,40.33401346206665
1780876608.6653168,4.510672691391229,-2.3580316378200306,0.21992906635234288,1.00343471294474,40.35860538482666
1780876608.6856666,4.510112743527853,-2.3551695569882893,0.21909673020362008,0.9999707016658732,40.378955125808716
1780876608.7089446,4.509122135743047,-2.352635576915708,0.21687127624936395,0.9972083268677245,40.4022331237793
1780876608.7305255,4.507733378793344,-2.3503628961590697,0.21531509935468301,0.9949165307135015,40.42381405830383
1780876608.7542622,4.506265850799723,-2.3481155008411676,0.21586558484299861,0.9927827597060128,40.447550773620605
1780876608.7766237,4.504600834022624,-2.345991958183229,0.21769940487106723,0.9909936055702353,40.46991229057312
1780876608.7998583,4.502458193934082,-2.3442218316448193,0.21874275729531717,0.9899996063035008,40.493146896362305
1780876608.8231626,4.499995282375881,-2.342699611019192,0.21900316648351642,0.9897065282743309,40.51645112037659
1780876608.8437393,4.497734057244621,-2.3410621846265958,0.21925570393261581,0.989241980544044,40.53702783584595
1780876608.866509,4.49597993107699,-2.339130832444341,0.21847976224883575,0.988077336979412,40.559797525405884
1780876608.8898664,4.494721427641844,-2.3369074563321965,0.21688845376424748,0.9862242156766694,40.583154916763306
1780876608.910187,4.493597371656423,-2.3345872237356566,0.21650125272855375,0.9841705693002964,40.60347557067871
1780876608.9359455,4.492362417120013,-2.3323186842289654,0.2180328504270213,0.982122235299073,40.629234075546265
1780876608.9591267,4.49121753612053,-2.329995926818237,0.2204173667670979,0.9799896546038838,40.65241527557373
1780876608.9827726,4.490167732976437,-2.327701938078175,0.21960760550000874,0.9778218162214518,40.676061153411865
1780876609.005434,4.488900973888165,-2.325605648217698,0.21725865828389754,0.9760616813497602,40.69872260093689
1780876609.0279274,4.487681965545737,-2.3234556903160213,0.21653462359459838,0.9744411128492274,40.72121596336365
1780876609.0512838,4.486435333643726,-2.321299018222287,0.21773973941595065,0.9729116638072952,40.74457240104675
1780876609.072326,4.484932948383185,-2.3193253094265467,0.21941596490192958,0.97180690872616,40.76561450958252
1780876609.0949035,4.482978262162134,-2.317702227284321,0.22001137172594779,0.9714484656261186,40.7881920337677
1780876609.1186674,4.480845939494812,-2.316257440111412,0.2186201102159762,0.9713562262809994,40.81195592880249
1780876609.1390476,4.478886865601253,-2.3147104289745473,0.2171423011263822,0.9709306142223042,40.83233618736267
1780876609.1629846,4.477085620226181,-2.313039481045443,0.21691470917922612,0.9702970666497421,40.85627317428589
1780876609.1836576,4.475753435427472,-2.3110699675588258,0.21631387629793253,0.9690111095359466,40.876946210861206
1780876609.2067325,4.4745644499708215,-2.3089863406365962,0.21717945674976294,0.9675312883739675,40.90002107620239
1780876609.2314405,4.4736333045313454,-2.306742305294538,0.2180217480649528,0.9655321643100336,40.924729108810425
1780876609.2523062,4.473036910235723,-2.304287963608949,0.21883792955557171,0.9630901899615729,40.945594787597656
1780876609.2754917,4.472322681639486,-2.301917161830925,0.2204999385691047,0.9608705727004061,40.968780279159546
1780876609.2995234,4.471196128001876,-2.2998781590390602,0.2210170229561747,0.9593489287174597,40.99281191825867
1780876609.3176622,4.469708375420823,-2.2981337638302115,0.22028779403025817,0.958528945785206,41.010950803756714
1780876609.3425217,4.46787758804424,-2.2966626686599674,0.2185861721846235,0.9583863414390512,41.035810232162476
1780876609.3661268,4.465952083869736,-2.2952445171442704,0.2179700333058021,0.958418369355762,41.059415340423584
1780876609.3906808,4.464176819509087,-2.293707148792211,0.21840313238024558,0.958254190264209,41.08396935462952
1780876609.4147334,4.462923668882304,-2.2918323309700033,0.21800861445296216,0.9574096079954639,41.1080219745636
1780876609.4376216,4.4621357716964924,-2.289645295293902,0.21754052669895102,0.9560664224724214,41.13091015815735
1780876609.4615185,4.461365767758659,-2.2874214062056994,0.21881474583132762,0.9547036732797229,41.15480709075928
1780876609.4817781,4.460527960187184,-2.2852488931996757,0.2206763311488275,0.953471315504502,41.17506670951843
1780876609.5050702,4.459534921419632,-2.2832592253198825,0.2199339587181657,0.9525444572647572,41.19835877418518
1780876609.5275376,4.458256535473368,-2.281506149093754,0.21809814210335335,0.9523008236144257,41.220826148986816
1780876609.5480456,4.4568159577040625,-2.2798572591698685,0.21714560515494088,0.9523342392916536,41.241334199905396
1780876609.5699751,4.455344435024356,-2.278198112130224,0.21807758647818345,0.9524098151961642,41.26326370239258
1780876609.5918317,4.453858655332029,-2.2765313312444952,0.22042975895052358,0.952510633585054,41.285120248794556
1780876609.613812,4.452478714282709,-2.2748602475093382,0.22011537423555189,0.9526218701254212,41.30710053443909
1780876609.6374893,4.45140157095113,-2.273019952559583,0.2181566521913369,0.9525058623545171,41.33077788352966
1780876609.6592746,4.450336175197518,-2.2711424883239295,0.21782905872769093,0.952358939385558,41.35256314277649
1780876609.681997,4.449255256611259,-2.2692468943362742,0.21928318715459877,0.9522233958314619,41.375285625457764
1780876609.7046785,4.448070274747336,-2.2674390342436745,0.2206254878089965,0.9522579018097685,41.39796710014343
1780876609.7269144,4.447025381261991,-2.2656081096242318,0.21894915369789175,0.9524809655463162,41.42020297050476
1780876609.7506592,4.445862344295561,-2.263854711663234,0.2179051681092905,0.9529072262975564,41.44394779205322
1780876609.771105,4.444671303903863,-2.2620892215680755,0.2186526209243845,0.9533527913913353,41.464393615722656
1780876609.7929802,4.443365099213952,-2.260393410032191,0.22039774552620828,0.95395591265454,41.486268758773804
1780876609.8133214,4.442153311078726,-2.2586982217927085,0.2194284048369411,0.9547338057439507,41.50660991668701
1780876609.836111,4.441460972284765,-2.256632078433679,0.2183575713215162,0.955469847957362,41.52939963340759
1780876609.8607633,4.440655036106246,-2.254603338302061,0.2186459931720894,0.9563177318259815,41.554051876068115
1780876609.881014,4.439413437881219,-2.252884191142218,0.2182790591599214,0.9577772422973752,41.574302673339844
1780876609.9039867,4.437944186045913,-2.2513026024816547,0.2185192009518681,0.9595346613277904,41.597275257110596
1780876609.9239066,4.436394278404963,-2.2497375952351426,0.2201279664100462,0.9613670856247847,41.61719512939453
1780876609.946439,4.43478888806189,-2.2482459685496923,0.21969082926364705,0.9632851131828009,41.63972759246826
1780876609.9691167,4.433532454904532,-2.2465249119593675,0.2181732428550867,0.9646846199902468,41.662405252456665
1780876609.9895668,4.432326609527238,-2.2447252115506506,0.21812566719903145,0.9659559139625538,41.68285536766052
1780876610.0126805,4.431178662246885,-2.2428439424637574,0.2195199062427069,0.9670937344417094,41.7059690952301
1780876610.0386689,4.430433628194321,-2.2406921017995867,0.22015959430990392,0.9676320915135239,41.73195743560791
1780876610.0601172,4.42973544243362,-2.238539879711813,0.2188581246845342,0.9680956486513868,41.753405809402466
1780876610.08522,4.428879540433685,-2.236468754304199,0.21836432187638571,0.9687507474623036,41.77850866317749
1780876610.1063638,4.427754882797964,-2.2345592122109386,0.21833466529754433,0.9697535852076502,41.799652338027954
1780876610.127705,4.426319455135673,-2.2328519760257515,0.21840183549197092,0.971187635067861,41.82099366188049
1780876610.1501582,4.424748090678472,-2.2312026034351446,0.2196299304541473,0.9727723943484126,41.84344673156738
1780876610.1698005,4.422911090006477,-2.2297458699525325,0.21991320063776335,0.9747296520736661,41.863089084625244
1780876610.1953928,4.421474018866576,-2.228031903786891,0.21907446434615843,0.9761078351658483,41.888681411743164
1780876610.216014,4.420375255225639,-2.2260831904276825,0.21804164125155492,0.9769801245634788,41.90930247306824
1780876610.2394927,4.419290578560116,-2.224078143879541,0.21871914084651875,0.9777862484793252,41.93278121948242
1780876610.2625852,4.41830609661198,-2.2219760615988697,0.22039007449148781,0.9784132640215981,41.95587372779846
1780876610.2839036,4.417435923211902,-2.2198448819893866,0.21942692191635854,0.9788860555723238,41.97719216346741
1780876610.3071692,4.416403421853064,-2.21782091703663,0.21815966189356156,0.9795733375663875,42.000457763671875
1780876610.3275871,4.415332841843925,-2.2157741809690092,0.21865520490595275,0.9802766898426665,42.020875692367554
1780876610.3504343,4.413981520616716,-2.2138995439841804,0.21942665269981498,0.9813493089148917,42.0437228679657
1780876610.3723376,4.412198529156204,-2.2123247138956,0.21931467159917423,0.9830310382694707,42.06562614440918
1780876610.396571,4.410437107487963,-2.2107168062236267,0.2196577220467124,0.9846587746110984,42.08985948562622
1780876610.4199138,4.409137721519725,-2.2088125477515077,0.2190521181778539,0.985621222630062,42.11320233345032
1780876610.4419537,4.408154228353711,-2.2066926609229,0.21834878514933995,0.9861093788526292,42.135242223739624
1780876610.4649608,4.407166004238179,-2.2045313035742353,0.21932628754618458,0.9865562385696105,42.158249378204346
1780876610.4891715,4.406138152605808,-2.2023850033699053,0.22044582416775596,0.9870358836565867,42.18246006965637
1780876610.509108,4.4049395778303495,-2.2004001882082966,0.21896377437248202,0.9877727091297093,42.202396631240845
1780876610.5323267,4.403558120852215,-2.198513826910625,0.21811197126706589,0.9887528171107984,42.22561526298523
1780876610.5524855,4.4021474445587305,-2.1966003303664636,0.219014642163311,0.989728734499991,42.245774030685425
1780876610.5752008,4.400710938955395,-2.1946835795061026,0.22054076885593535,0.9907120453456484,42.268489360809326
1780876610.5989106,4.399336808154439,-2.1927850799567743,0.21898859096600662,0.9916307143417322,42.29219913482666
1780876610.622084,4.397379392061185,-2.191252307511395,0.21793017058824857,0.992432152329215,42.315372467041016
1780876610.6457343,4.395120175667551,-2.189905399294181,0.21774964515414752,0.9929674968950639,42.33902287483215
1780876610.6660933,4.393405541925038,-2.1882297372764756,0.21682972257124317,0.9927647965703983,42.359381914138794
1780876610.6917415,4.392232787705154,-2.1862230139917775,0.21537354449891621,0.9918175231800763,42.385030031204224
1780876610.7147036,4.391320015173015,-2.184028265186352,0.21538155933860126,0.9905842352708074,42.407992124557495
1780876610.7373755,4.390601704611177,-2.181676775606112,0.21749981183224482,0.9892569360290953,42.4306640625
1780876610.7593896,4.390105946243789,-2.179185752220183,0.22034360317372398,0.9876268376574906,42.452678203582764
1780876610.7823234,4.38983538468513,-2.176620314819894,0.2206572571331332,0.9857239002755929,42.47561192512512
1780876610.8023782,4.389238371235237,-2.1743269899234643,0.21905609241910837,0.9843332870095569,42.49566674232483
1780876610.824012,4.387990530350529,-2.1724920273841426,0.21659100899473172,0.9836938607112469,42.517300605773926
1780876610.8443208,4.386437029051331,-2.1708488904668437,0.21502624293276473,0.9834500971142681,42.537609338760376
1780876610.8682218,4.384814750918629,-2.169214812292736,0.21565349460767838,0.9833063272679681,42.56151032447815
1780876610.8927264,4.383142722131278,-2.16758647684633,0.21832434455411776,0.9832374208774963,42.58601498603821
1780876610.9128203,4.381388828766314,-2.1660293725615043,0.2212815345863523,0.9833917781518462,42.60610890388489
1780876610.938914,4.3797734977859655,-2.1644723906520955,0.2207074801009676,0.9836354789052582,42.63220262527466
1780876610.9597077,4.378353572061612,-2.1628496183700734,0.21751907705814066,0.9836523593118054,42.652996301651
1780876610.9842398,4.377046867256853,-2.1611277653178305,0.21560518655004676,0.9834932025270131,42.677528381347656
1780876611.009042,4.375775369640203,-2.1593456648076113,0.2158033605393658,0.9832934143303831,42.702330589294434
1780876611.0287547,4.374786083116034,-2.15734566225298,0.21803433489042065,0.9830436298195622,42.72204327583313
1780876611.0526206,4.373935652514188,-2.1552584846754312,0.22097708478567304,0.9825978548972127,42.745909214019775
1780876611.0735264,4.3732129478421795,-2.1531728702165056,0.22068080111500646,0.9820211115972626,42.766814947128296
1780876611.0966587,4.3723479610574545,-2.1512493253478078,0.21771582244020174,0.9816944032749806,42.789947271347046
1780876611.1183648,4.371566283719642,-2.149249954724089,0.2158909837448868,0.9815776389698172,42.81165337562561
1780876611.13939,4.370938018206779,-2.147112511678552,0.21612362470420854,0.9815279557245811,42.83267855644226
1780876611.162749,4.3700875013972915,-2.1451091378558105,0.21754831565518148,0.981788956432986,42.856037616729736
1780876611.1829114,4.368732377686911,-2.1434709445303723,0.21825133922869863,0.9828090106126464,42.87619996070862
1780876611.2092094,4.366816279008694,-2.1422352789666306,0.21810618599887052,0.9845778786591213,42.90249800682068
1780876611.2308044,4.364113370151267,-2.1415288705590942,0.21818689394476753,0.9867697920381575,42.92409300804138
1780876611.250834,4.3616845210297495,-2.1406409858237985,0.2187049681891623,0.9885786940114993,42.944122552871704
1780876611.2737117,4.3598019586793475,-2.1394215367400893,0.2183699262807155,0.989607266593115,42.967000246047974
1780876611.2952797,4.358476859119697,-2.137859209137457,0.217335203489008,0.9898308510005478,42.98856830596924
1780876611.3164685,4.357989623690969,-2.135765637712576,0.2157250655714915,0.9892242463294725,43.00975704193115
1780876611.3370464,4.358192538181969,-2.1332192592631,0.21451250333840569,0.9880258440251284,43.03033494949341
1780876611.3580756,4.358408923558615,-2.130629787885176,0.2154710905315946,0.9867550330285262,43.0513641834259
1780876611.3797195,4.358556955884315,-2.128063917110702,0.2183018252117927,0.9855541591537733,43.07300806045532
1780876611.4069188,4.358298700488106,-2.125797905836836,0.22078684041497446,0.9849702610050342,43.10020732879639
1780876611.4312582,4.357550155704589,-2.123896053097157,0.22228277485205705,0.9851404819892178,43.12454676628113
1780876611.4528625,4.35632354224475,-2.1223444899613693,0.22277143274851913,0.9860437497030938,43.146151065826416
1780876611.4732378,4.35463277668674,-2.121131166426164,0.22222049871101568,0.9876589222040852,43.166526317596436
1780876611.496625,4.352495217623537,-2.120243130914737,0.22059544839482237,0.989965466553012,43.189913511276245
1780876611.5209007,4.349734042170542,-2.119788412002499,0.2181062743663063,0.9928778335311179,43.214189291000366
1780876611.5403895,4.346932374184363,-2.1193711241695103,0.21528996004529705,0.9953889904956048,43.233678102493286
1780876611.562092,4.344742089162127,-2.1185669365041444,0.21202848653397174,0.9970153722171684,43.255380630493164
1780876611.5833862,4.342919578677106,-2.1174957034650204,0.2102711805890182,0.9980677527208375,43.27667474746704
1780876611.6089742,4.34150678586735,-2.116123087357712,0.21054646354776466,0.9985700033931657,43.30226278305054
1780876611.63231,4.341287380132603,-2.11398322898183,0.21109129644486363,0.9980500221114603,43.32559847831726
1780876611.651919,4.341385862871206,-2.111618045790168,0.21339239236901086,0.9970020977879157,43.34520745277405
1780876611.674102,4.341811114926721,-2.109042814770775,0.21680182013678032,0.995445212042096,43.367390632629395
1780876611.6940768,4.342711679320492,-2.1062026608655042,0.2195409792776335,0.9931781487489104,43.38736534118652
1780876611.715882,4.343382391885844,-2.1035498623227373,0.22166601495087054,0.9912576140124862,43.409170627593994
1780876611.7379618,4.343567191423973,-2.1012560499373554,0.22267293074208083,0.9900870100056123,43.43125033378601
1780876611.7582698,4.343254007111005,-2.099320352263273,0.22270156179091083,0.9896820480826651,43.451558351516724
1780876611.7812278,4.342432251583986,-2.097744190628641,0.2218714315802408,0.9900593984766584,43.47451639175415
1780876611.8019745,4.341093174875382,-2.0965287693316537,0.22028373306904106,0.9912329274549361,43.49526309967041
1780876611.824532,4.338786238503697,-2.0959620911740364,0.21801988741600162,0.9932191096657199,43.517820596694946
1780876611.8454733,4.335906319196313,-2.09577942891263,0.21536911961916907,0.9959161931548701,43.53876185417175
1780876611.866132,4.332979256139675,-2.09559617900347,0.21444398219087518,0.9987080270082007,43.559420585632324
1780876611.8879695,4.330212408005533,-2.09528001588531,0.21532577210612666,1.0012620825174654,43.581258058547974
1780876611.909186,4.328086434322024,-2.0945670000043366,0.21604817274147003,1.0029691615893022,43.60247445106506
1780876611.9314845,4.327115102852932,-2.093130167746872,0.21645075887332507,1.003723259459644,43.624773025512695
1780876611.953317,4.326755033038456,-2.09131897932093,0.2165225441493057,1.0035471147491615,43.646605491638184
1780876611.974021,4.326985233993408,-2.089148762323584,0.21618367294339427,1.0024710501749539,43.667309522628784
1780876611.9955938,4.327742706459518,-2.0866609509150056,0.21543930115245472,1.0005792967359834,43.68888235092163
1780876612.0158677,4.328613373982686,-2.0840828640125975,0.21613324453909005,0.9984663542021757,43.70915627479553
1780876612.0380228,4.329330270721876,-2.0815894835570377,0.218208458490093,0.9965544715298229,43.731311321258545
1780876612.0591164,4.329542831331102,-2.079453153472018,0.21961492234040636,0.9954200128223345,43.7524049282074
1780876612.0795882,4.329218527008912,-2.0776926133813034,0.22025843634245207,0.9951165318527266,43.77287673950195
1780876612.1050012,4.328356571778025,-2.0763034838195544,0.22020151184541661,0.9956446029552328,43.79828977584839
1780876612.1258647,4.326960764855735,-2.0752808054661767,0.21946761768071196,0.9969978116766862,43.81915330886841
1780876612.147375,4.325042986486856,-2.0746153546248385,0.21804721252787032,0.9991609730477808,43.84066367149353
1780876612.1703687,4.322642772501037,-2.0742784963934002,0.21600786042641246,1.0020822485746184,43.86365723609924
1780876612.1926982,4.320114969479465,-2.074002613392392,0.21527382231746872,1.0052008076235541,43.88598680496216
1780876612.2164001,4.317675659876542,-2.0736397185642477,0.2164059393913357,1.008165614652384,43.90968871116638
1780876612.2397165,4.315733469163485,-2.072977366919576,0.2173953793715778,1.0103812739192586,43.9330050945282
1780876612.2594528,4.314385732488973,-2.071962957547358,0.2178158466998343,1.0117017590637474,43.952741384506226
1780876612.2812736,4.313630533447186,-2.070595010160006,0.21772991036065217,1.01212833131539,43.97456216812134
1780876612.30112,4.313460178568729,-2.0688778589924546,0.21714453928772115,1.0116718733368328,43.99440860748291
1780876612.3242366,4.313856383219363,-2.0668237930162907,0.21601587783056722,1.010354692033144,44.01752519607544
1780876612.3471506,4.314633811080733,-2.0645348709289086,0.21508998829032497,1.0084330649290587,44.04043912887573
1780876612.3675756,4.315401680821708,-2.062219017040989,0.21618210883207267,1.0064785039094897,44.060864210128784
1780876612.3914654,4.315953513320254,-2.0600305952340316,0.21838120022603755,1.0048310927519264,44.08475399017334
1780876612.4174008,4.316049369556945,-2.0581623118657375,0.21981532964663764,1.0039942252102003,44.11068940162659
1780876612.4384649,4.315726991870035,-2.05657894593361,0.22047881638048333,1.0039765434758703,44.13175344467163
1780876612.4613683,4.314863703723526,-2.0553518815720264,0.22041989043522203,1.0047760125696055,44.15465688705444
1780876612.4828718,4.313465401523432,-2.054475247779593,0.21965015236389518,1.0063820542597277,44.17616033554077
1780876612.5069487,4.311545992076931,-2.0539388541314656,0.21815244499384848,1.0087762088739662,44.20023727416992
1780876612.5271451,4.308177155383038,-2.0543209883889735,0.2163192026404487,1.0118331174188588,44.220433712005615
1780876612.5485897,4.3049144577629885,-2.054614736175843,0.21585038982955598,1.0148067318265,44.241878271102905
1780876612.5711222,4.302224409654588,-2.0545637742660965,0.21518647252479653,1.016975883306106,44.264410734176636
1780876612.5922475,4.300204057291898,-2.0541089870974654,0.21429221678489854,1.0181780781407337,44.28553605079651
1780876612.6143482,4.298938836911564,-2.0531912097762874,0.21343018268011685,1.0183644820290958,44.307636737823486
1780876612.6352055,4.29855121446103,-2.0517312578107427,0.2127444142532694,1.0175079879154936,44.32849407196045
1780876612.6583033,4.2988483135161975,-2.0498506241367815,0.21222314147278792,1.015624821571567,44.35159182548523
1780876612.6804504,4.299779236109099,-2.0475832609545934,0.21184455299253455,1.0127870914872936,44.37373900413513
1780876612.7032497,4.300933433657335,-2.045152586776268,0.21332393966075444,1.0095773409816413,44.39653825759888
1780876612.7258196,4.3025880288916944,-2.042383549079112,0.21704912185613115,1.006309195565862,44.419108152389526
1780876612.7460032,4.304065832892028,-2.0397544812849886,0.2212089874062238,1.0034703166632273,44.43929171562195
1780876612.7669103,4.305014184716224,-2.037515523497886,0.22433413501688074,1.0014518085061273,44.46019887924194
1780876612.78837,4.30543416520368,-2.0356531441103733,0.22651368408961,1.0002423648061347,44.48165845870972
1780876612.8088436,4.305328829802953,-2.0341561551548417,0.22780836074953925,0.9998306146306719,44.502132177352905
1780876612.8298142,4.304703042245349,-2.033015377669354,0.22825069118285232,1.0002044222538409,44.52310276031494
1780876612.8496935,4.303563813968476,-2.0322230464174176,0.22784590410052796,1.001349338632381,44.54298210144043
1780876612.8716643,4.301923154200506,-2.031769707436011,0.22657903132023444,1.003247210499019,44.5649528503418
1780876612.8944788,4.299798841260375,-2.03164147096871,0.2244285491510328,1.005876474391691,44.587767362594604
1780876612.9156008,4.29721352426838,-2.0318200345583937,0.22137251058809795,1.009212689065806,44.60888934135437
1780876612.9372356,4.294206565777698,-2.0322742658584425,0.21746174489366518,1.0132104139754237,44.63052415847778
1780876612.9595706,4.291134040696716,-2.0327408038363712,0.21465061053729945,1.0173242120164767,44.65285921096802
1780876612.9799948,4.288453817964939,-2.0329445934864414,0.21280416972276234,1.0208685216456157,44.67328333854675
1780876613.0050814,4.286475263800156,-2.0327202351540725,0.21091633027258758,1.0233887639595673,44.6983699798584
1780876613.0280328,4.285229555737253,-2.032042298448901,0.20933316070203833,1.0248237388650079,44.72132134437561
1780876613.0521657,4.2847346444693475,-2.0308976065862328,0.2082601448112081,1.0251415949677805,44.74545431137085
1780876613.07561,4.28495315328498,-2.0293071657935875,0.2079377563366572,1.024393102472577,44.768898487091064
1780876613.0952218,4.285481386655659,-2.027483856285053,0.21023958352096947,1.0231270283042218,44.7885103225708
1780876613.1230314,4.286374904311964,-2.0254147295547344,0.2147191981191566,1.0214266774129968,44.816319942474365
1780876613.1458564,4.287931653244513,-2.0229733406471286,0.21876014589277235,1.0189268122665753,44.83914494514465
1780876613.1699874,4.289744421279097,-2.0204202644557028,0.22146899711454682,1.0160553166073214,44.86327600479126
1780876613.1925998,4.291086999638964,-2.0181912778718973,0.22291202028474785,1.0138537619230688,44.88588833808899
1780876613.213159,4.291960036565177,-2.0162719264830407,0.2234035135408364,1.0124188467037039,44.906447649002075
1780876613.236445,4.292422996223794,-2.0146176982755875,0.2231508873714392,1.011774877184135,44.92973351478577
1780876613.2570975,4.292296507611475,-2.0133334866867783,0.22235246140202738,1.011953366935625,44.95038604736328
1780876613.280542,4.291566446188667,-2.0124232042972996,0.22115638509082924,1.0129741568619615,44.973830461502075
1780876613.3024142,4.290227375948914,-2.011886931053602,0.21964903898678004,1.014842364113468,44.99570274353027
1780876613.3233733,4.288531964823563,-2.0115681781190164,0.21784317554711455,1.0175410358637258,45.01666188240051
1780876613.346096,4.2863230080640315,-2.0115629281195524,0.2157290015717516,1.021049461955581,45.039384603500366
1780876613.3688726,4.283635084922502,-2.011842672368929,0.2136955102380592,1.0252185821479785,45.0621612071991
1780876613.3945136,4.280874513712507,-2.0121211383692237,0.2137872278876281,1.0294512339978343,45.08780217170715
1780876613.417008,4.278211813981568,-2.0122984616470196,0.2161087657287547,1.0335260333964893,45.11029648780823
1780876613.437718,4.276062033309762,-2.0121738688012067,0.21863668530286307,1.0369021449358788,45.131006479263306
1780876613.461127,4.274532236337155,-2.0116980390346293,0.22059892808677367,1.0393896230303525,45.15441560745239
1780876613.4833934,4.273609955651711,-2.0108738519955835,0.22202112102563834,1.041010588037878,45.176681995391846
1780876613.5103726,4.273288665525694,-2.009702756343313,0.22287501846454302,1.0417949957504264,45.2036612033844
1780876613.5336282,4.273584042486275,-2.0081750497682456,0.22308216009015297,1.0417787059384942,45.226916790008545
1780876613.554533,4.274414152883429,-2.00634046897045,0.22251630096027974,1.0410060791961193,45.24782156944275
1780876613.577488,4.275738227329635,-2.0042246493265066,0.22103289052179634,1.039524914945491,45.27077651023865
1780876613.598041,4.277453456214992,-2.0018844111664076,0.21870285399832717,1.0374556153687005,45.29132962226868
1780876613.619132,4.278853506025619,-1.9997247826290165,0.21592952222529277,1.0357770274714744,45.31242060661316
1780876613.6415682,4.279630069124496,-1.9979251187558846,0.21273023559738954,1.0349066624642447,45.33485674858093
1780876613.6620739,4.27976377862053,-1.9964815611665268,0.20986114563402367,1.0348561095120692,45.35536241531372
1780876613.684862,4.279570317202689,-1.9951674575771732,0.20963457328218735,1.0352045227909974,45.37815046310425
1780876613.7085633,4.2788506214146995,-1.994125237282427,0.21101773233148466,1.0362199769950013,45.40185189247131
1780876613.7291563,4.277435988872059,-1.9934874079278637,0.2126005370325981,1.0381623598546428,45.42244482040405
1780876613.7523794,4.275352336519613,-1.993243412423943,0.2141569873155648,1.0409640335457482,45.44566798210144
1780876613.7728112,4.272832329981775,-1.9932470690048805,0.2162903869504505,1.0443170297577442,45.46609973907471
1780876613.793068,4.270259539790787,-1.993255188207871,0.22028697100079145,1.047697697133744,45.48635649681091
1780876613.8174052,4.267997876960885,-1.9931078889559326,0.22391286824654666,1.0506574146082368,45.51069378852844
1780876613.8395972,4.266135840904942,-1.9927795095643857,0.22546961898654044,1.0531117708501903,45.532885789871216
1780876613.8628564,4.264789887147836,-1.992174384348253,0.22588684635935752,1.0548770794165296,45.55614495277405
1780876613.8832932,4.26396366979722,-1.9912847963701903,0.2252701971824326,1.0559505111734602,45.576581716537476
1780876613.9085095,4.263664516834802,-1.9901021552198026,0.22372134633606397,1.0563266351896905,45.60179805755615
1780876613.9302058,4.263907065233579,-1.9886129526349532,0.22134049137923476,1.055999217819025,45.623494386672974
1780876613.9534347,4.264671738657072,-1.9868228403902628,0.2182140996692274,1.0549655160988731,45.64672327041626
1780876613.9768248,4.265785001585713,-1.9848112440203756,0.2152456639648679,1.0534230482840208,45.67011332511902
1780876613.9972389,4.2668525766566585,-1.9827673997567399,0.21446926885082163,1.0518614675250824,45.69052743911743
1780876614.0209324,4.267784357014412,-1.9807479643310015,0.2159075820037382,1.050423519532643,45.71422100067139
1780876614.044438,4.268211098949445,-1.9790066076764854,0.2175791482551742,1.0496011454490297,45.73772644996643
1780876614.066713,4.268011453141949,-1.9776262435181997,0.21881307458997584,1.0495509437820525,45.76000165939331
1780876614.0915916,4.26719615358853,-1.9765991363881346,0.2196094984054316,1.0502571436939903,45.7848801612854
1780876614.1122913,4.265788096625776,-1.9759124366817846,0.21990765902199488,1.0516923033209462,45.80557990074158
1780876614.1358001,4.263824879781766,-1.9755465738813405,0.21959433189296002,1.0538180861968272,45.82908868789673
1780876614.1593726,4.261339163051065,-1.9754857848028498,0.21851992084166205,1.0565886289097337,45.8526611328125
1780876614.1805112,4.2586374755872765,-1.9755329684894545,0.21799432918895048,1.059619325328642,45.8737998008728
1780876614.2043076,4.2562268597953015,-1.9753973341946744,0.21818655191781483,1.0622671332941627,45.89759612083435
1780876614.2246923,4.254436771127734,-1.9749216045081972,0.217746772258819,1.0641414206325681,45.917980909347534
1780876614.2479513,4.253276950174179,-1.9740947282690422,0.2168788474314796,1.0652143581864788,45.94123983383179
1780876614.270721,4.252756980310689,-1.972906883173703,0.21573176245172232,1.065470014924844,45.964009523391724
1780876614.291122,4.252878332734466,-1.9713545222460789,0.2143794800953674,1.0649054965081817,45.984410524368286
1780876614.3158514,4.253473126412648,-1.9695159614104965,0.2136381405041594,1.0637181532610533,46.00914001464844
1780876614.3368237,4.254154995620148,-1.9675731526229676,0.21529702489666913,1.062368118262432,46.03011226654053
1780876614.3602335,4.254850564757368,-1.965580313841018,0.21910429807750265,1.0609534582655868,46.05352210998535
1780876614.384352,4.25533887371416,-1.9637017562645396,0.22345273345302097,1.0597722840498696,46.077640533447266
1780876614.4055223,4.255632589472498,-1.9619887630792734,0.22498851665303632,1.0588392276728413,46.09881091117859
1780876614.4293756,4.255646296378995,-1.960469471345246,0.22421063956024884,1.0582494202817152,46.12266421318054
1780876614.4547474,4.25514187091338,-1.9592460526765576,0.2224526442586737,1.0582754159397947,46.14803600311279
1780876614.4759326,4.254096737381446,-1.958325470711384,0.2198997155211454,1.0589435310400637,46.16922116279602
1780876614.4981122,4.252494786836068,-1.9577113866162956,0.21671798580743754,1.0602758409598243,46.19140076637268
1780876614.519962,4.250548403623412,-1.9572613016385423,0.21422593253116948,1.062019610099732,46.21325063705444
1780876614.5431213,4.24855990062501,-1.9567785415583978,0.2141605365894909,1.0637842306125886,46.23640990257263
1780876614.5680087,4.2465827445682764,-1.9562402755869694,0.21647720867336165,1.0654940709448368,46.26129722595215
1780876614.5869362,4.244826669125932,-1.9555609117931343,0.2199936556746625,1.0669064054052573,46.28022480010986
1780876614.6140995,4.243631930742139,-1.9545918559716497,0.22266899109038424,1.0676313198562433,46.30738806724548
1780876614.635129,4.242985092684744,-1.9533365544043584,0.22435746262839792,1.06769095078484,46.32841753959656
1780876614.6587746,4.242848583323381,-1.9518119535390455,0.22496653810107758,1.067120481708459,46.35206317901611
1780876614.6816533,4.242963182810685,-1.9501835986675278,0.2230724715998222,1.0662458654471383,46.3749418258667
1780876614.7052503,4.243419550682192,-1.9483828102617449,0.21932101416953861,1.064943515151108,46.39853882789612
1780876614.7260973,4.244048454164055,-1.9464494058089523,0.21628097289129722,1.0633816942272656,46.41938591003418
1780876614.7478514,4.244586175143698,-1.94450832807092,0.21539662875603882,1.0618753018209404,46.441139936447144
1780876614.7697878,4.244888436441859,-1.9426534023969309,0.21622616108325743,1.0606147055943618,46.46307635307312
1780876614.7918813,4.244595033688409,-1.9411265627054752,0.21679673347522155,1.0600649328815068,46.485169887542725
1780876614.8119755,4.243682212823333,-1.9399449576049148,0.2169572443269377,1.0602645945764557,46.50526404380798
1780876614.8346307,4.2421675781533565,-1.939099844566718,0.21668502250937022,1.0612009430807863,46.52791929244995
1780876614.854283,4.240127103345038,-1.9385463396899616,0.21620686525425392,1.062780376311685,46.547571659088135
1780876614.87777,4.237957950633034,-1.9380273155009038,0.2174654806446516,1.0645019043518902,46.57105851173401
1780876614.9008543,4.235820985994389,-1.9374591037851498,0.22039846755402553,1.0661618672149302,46.59414291381836
1780876614.9218748,4.234129919174506,-1.9366594541838773,0.22274940188686312,1.067278106597648,46.61516332626343
1780876614.9456177,4.232962551826826,-1.9355903438601714,0.22398075797706543,1.0677489455268532,46.63890624046326
1780876614.966225,4.232301861880183,-1.9342557761425276,0.22409779265797683,1.0675872471982828,46.65951347351074
1780876614.991564,4.232136939505989,-1.9326587697251243,0.22310116652148704,1.066802225894997,46.684852600097656
1780876615.0148249,4.232457390617088,-1.930801677260919,0.22100453709471055,1.0654004862050286,46.70811343193054
1780876615.0362077,4.233145628529252,-1.9287352776655449,0.21838415284777152,1.063510416969974,46.729496240615845
1780876615.0601017,4.233727039138269,-1.9266868330673599,0.21710217820061972,1.0616999839339138,46.753390312194824
1780876615.0817447,4.233774524923113,-1.924928770081749,0.21554635180557197,1.0605327836874192,46.77503323554993
1780876615.1110747,4.2332560947653555,-1.9234777752414487,0.213894407170392,1.060064335640197,46.80436325073242
1780876615.133944,4.232512444718414,-1.9221037174717883,0.21431653889084698,1.0598650152968627,46.82723259925842
1780876615.1553771,4.23132914924182,-1.9209525877830689,0.2155755157070905,1.0602028916997837,46.848665714263916
1780876615.1822762,4.229548518940013,-1.9201413442838635,0.21639014824748476,1.0612973024765644,46.87556481361389
1780876615.2074378,4.2275074371472,-1.9194558962093926,0.21822155761428635,1.0627176011663702,46.900726318359375
1780876615.2279599,4.225443224070243,-1.9187616241003966,0.22138259066648583,1.0641599557516113,46.92124843597412
1780876615.249633,4.223515867428558,-1.9180423645951274,0.22218406595719295,1.0654549727245435,46.94292163848877
1780876615.2696598,4.222077799763107,-1.9170743159092325,0.2216865578360654,1.0661311078700129,46.96294832229614
1780876615.2936792,4.221169634458212,-1.9158242231313443,0.2202286208268573,1.0661226824017298,46.98696780204773
1780876615.315627,4.220805861509292,-1.9142774709559995,0.21795852134883734,1.0654051913708962,47.0089156627655
1780876615.3381066,4.220889910915267,-1.9124719751987667,0.21554353468200052,1.064085893331633,47.03139519691467
1780876615.3592215,4.221019847149944,-1.9105901866041972,0.21513811132435087,1.0626534059417576,47.052510023117065
1780876615.3809848,4.22112485676787,-1.908672221882392,0.21693059364392536,1.0612094931724485,47.074273347854614
1780876615.4031045,4.221079889883636,-1.9068118573161412,0.22008227141730308,1.0599362008252573,47.09639310836792
1780876615.4270966,4.220556613420127,-1.9052401350659345,0.22235923985859465,1.0593013438488654,47.12038516998291
1780876615.4476643,4.219566417815926,-1.9039532998694972,0.22339675764351036,1.0592914567776397,47.140952825546265
1780876615.469732,4.2184028224919805,-1.9028142617565929,0.22164993357358637,1.0595277602315853,47.163020610809326
1780876615.4989786,4.216814638684277,-1.9019300729958657,0.21855975677098272,1.0603363337918186,47.192267179489136
1780876615.5202475,4.2150191474419305,-1.9011374138842942,0.21616457546974124,1.0614215253688357,47.21353602409363
1780876615.542541,4.213240801223861,-1.900287812956234,0.2158424687450425,1.0624592092345289,47.2358295917511
1780876615.5633397,4.2115792162657915,-1.8993357034819565,0.2172909575048025,1.063313766309478,47.2566282749176
1780876615.5865319,4.2104310410614545,-1.898104524089121,0.21838640540344922,1.0634714151565934,47.27982044219971
1780876615.6086254,4.209849790875828,-1.8965696182864695,0.21873884149261358,1.06285572518442,47.30191397666931
1780876615.6313481,4.20982802266349,-1.8947329632186967,0.21830264193454468,1.061484391055572,47.324636697769165
1780876615.6540556,4.210240851661644,-1.892655639771419,0.2174590841907824,1.0594949049971039,47.347344160079956
1780876615.6743221,4.21066578802569,-1.8905331649004056,0.2181969795133986,1.0574423025046435,47.367610692977905
1780876615.69894,4.210751680224572,-1.8885917253448998,0.21915346742346553,1.0558362753824788,47.39222860336304
1780876615.7190766,4.210302381069891,-1.8869667745402634,0.219224519117905,1.0549758648972594,47.412365198135376
1780876615.7438407,4.209315239587352,-1.8856585219453967,0.21847911897970715,1.0548692486378943,47.4371292591095
1780876615.7659247,4.20779117358961,-1.884666007281095,0.21696503842903936,1.055522148299735,47.45921325683594
1780876615.786277,4.205946289393605,-1.8838446878749948,0.2158867913470447,1.0566327432203693,47.47956562042236
1780876615.810457,4.20407485827877,-1.8829967613074812,0.21683309830928532,1.0577627243187564,47.503745555877686
1780876615.8309362,4.202312439948906,-1.8820632365002605,0.21918480971770923,1.0587280931521157,47.52422475814819
1780876615.8530304,4.201042592058752,-1.8808746632374138,0.22075509517277617,1.058999029480585,47.546319007873535
1780876615.876503,4.200291185014031,-1.8794164750308437,0.2212792773930213,1.0585320880334566,47.56979155540466
1780876615.896326,4.200041870907927,-1.8776940733876493,0.22073090979262733,1.0573431649887226,47.58961462974548
1780876615.9226286,4.20027910980652,-1.8757136134612382,0.21908443934463873,1.0554468246120727,47.61591720581055
1780876615.9475007,4.200670895755856,-1.8736352551753972,0.21760274165855858,1.0532913939584247,47.640789270401
1780876615.9668174,4.200605637785622,-1.8718157071703436,0.21577724034412119,1.051783449311868,47.66010594367981
1780876615.9896777,4.200191906578974,-1.870176163650684,0.21461588679715052,1.0507726465714882,47.682966232299805
1780876616.011003,4.199521277926681,-1.868647599831277,0.21493955334520373,1.0501155967131943,47.704291582107544
1780876616.0350266,4.198289100268349,-1.8674474869205995,0.21489114720522667,1.0502962574978092,47.728315114974976
1780876616.0580502,4.196796131583539,-1.8663742568762252,0.21606128125964383,1.0508580296291532,47.751338720321655
1780876616.0781324,4.19504540625666,-1.8654352041915385,0.21811770794958654,1.0517943263367968,47.77142095565796
1780876616.0998228,4.192949105817057,-1.8647173335260168,0.21948258431074374,1.053272267778902,47.7931113243103
1780876616.1220424,4.191246059935278,-1.8637983839251064,0.22003458827014458,1.054183893431457,47.81533098220825
1780876616.1430278,4.190062487166553,-1.862607679546898,0.21953142417765853,1.0543239826752657,47.83631634712219
1780876616.1662116,4.1894022556085595,-1.8611372088944103,0.2180782763900953,1.0536736883903846,47.85950016975403
1780876616.1865592,4.189231069535539,-1.859396826315543,0.21596954896692028,1.0522687551835315,47.87984776496887
1780876616.2113094,4.189162998525889,-1.8575615339053637,0.21532311002576054,1.0506607085781372,47.904597997665405
1780876616.2353406,4.189071810779747,-1.8556946115813036,0.21669778815890764,1.0490438654675955,47.92862915992737
1780876616.259843,4.188810741871384,-1.853906583284758,0.21915130446606657,1.0476671960524202,47.953131675720215
1780876616.2821462,4.188072680537871,-1.8524208112455136,0.2206221152360744,1.0470421984099456,47.97543478012085
1780876616.3028946,4.186881831720044,-1.8512250293923531,0.22085603357745232,1.047137463242982,47.99618315696716
1780876616.3254533,4.185448348304505,-1.850219687360983,0.2187612666004155,1.0476414361934623,48.018741846084595
1780876616.346734,4.183727824066926,-1.849381717624136,0.2164892573599322,1.0486059727581631,48.04002261161804
1780876616.3726544,4.1820231428578385,-1.8484950456569715,0.2160433410162252,1.0495220365738955,48.065943002700806
1780876616.3963747,4.180592960326458,-1.8474350733541847,0.21636684976910747,1.0499948278830402,48.08966326713562
1780876616.4217775,4.179727045045091,-1.8460683601852932,0.21596585323128553,1.0495795985485437,48.115066051483154
1780876616.444348,4.1793854547959315,-1.844410979003224,0.21506894552505396,1.0483260730560549,48.13763666152954
1780876616.4646542,4.179180135799456,-1.8426422713432604,0.21568571570854153,1.0468130993506524,48.15794277191162
1780876616.4904299,4.178992648689534,-1.8408263193326413,0.21819422796662766,1.0452341346175835,48.18371844291687
1780876616.512066,4.178884330670431,-1.838986710202776,0.2200438975939746,1.0435374363167655,48.20535445213318
1780876616.535112,4.178654209872905,-1.8372883681284276,0.21886528312613532,1.0420725314795725,48.228400468826294
1780876616.5568445,4.177940286453445,-1.8358922546641105,0.21661791342927708,1.041395024241611,48.25013303756714
1780876616.5772507,4.176888032199494,-1.8346846158538317,0.21461902076358283,1.0412615543803545,48.27053928375244
1780876616.5988855,4.175769696675313,-1.833469598393097,0.21469278837469274,1.0412024074091448,48.292174100875854
1780876616.622095,4.174601142084467,-1.832244936189758,0.216796578276891,1.0411906689507298,48.31538367271423
1780876616.6426709,4.173336522097337,-1.831071191394381,0.2197704292858901,1.0413228032053823,48.33595943450928
1780876616.6650903,4.172045287895478,-1.829995324365286,0.21949267707745557,1.041553215176096,48.358378887176514
1780876616.6910307,4.170991904224092,-1.8288391781380822,0.21660956478315127,1.041434162005654,48.38431930541992
1780876616.71414,4.170111032645684,-1.827555586840868,0.21466789910015088,1.0409954514458457,48.4074285030365
1780876616.7399557,4.169242958331045,-1.826217587188532,0.21479116132085266,1.0404862603156264,48.43324422836304
1780876616.761223,4.16839475630648,-1.8248287537385475,0.21691096209949975,1.0399041665087179,48.454511642456055
1780876616.7851489,4.167832899343931,-1.823276153451145,0.2193012016246251,1.0388441143345997,48.478437423706055
1780876616.8096268,4.1675405818954365,-1.821625183806578,0.21922535291781728,1.03736537593202,48.502915382385254
1780876616.8307536,4.1671938139182565,-1.8200678636936067,0.21635070050464125,1.0360134733752897,48.5240421295166
1780876616.853106,4.166758009794441,-1.8185262211148412,0.21485845340078608,1.034776126879656,48.54639458656311
1780876616.8738575,4.166258439586304,-1.816976508536311,0.21537609387360482,1.0336071174866426,48.56714606285095
1780876616.8971713,4.165564662406655,-1.815519059404487,0.2170911247795847,1.0327417408913604,48.5904598236084
1780876616.9201925,4.164381706980416,-1.8143786374382491,0.21797175298782384,1.032715396206207,48.61348104476929
1780876616.9424436,4.1627215904696175,-1.8135513468822817,0.2178277364356163,1.033516716416929,48.63573217391968
1780876616.9647825,4.16094221721053,-1.812804661307311,0.21756276206200972,1.0345392499179065,48.65807104110718
1780876616.990431,4.159640451189616,-1.8117944169663551,0.2165301646372803,1.0347627233334435,48.683719635009766
1780876617.0118883,4.158825171381032,-1.8105095055110898,0.21489723202087124,1.0341565254683394,48.70517683029175
1780876617.0352175,4.158128411713202,-1.8091195484127893,0.21482402140257675,1.0333046181604413,48.728506088256836
1780876617.0559642,4.157488380707487,-1.8076570840583674,0.21661646402303766,1.0323145512951406,48.749252796173096
1780876617.0785775,4.15724268003005,-1.8059714527088544,0.21815260875235823,1.0306527540810944,48.77186608314514
1780876617.0997775,4.157337548921932,-1.8041197651117624,0.2181349240181447,1.028418463637169,48.79306602478027
1780876617.1201622,4.157062840034173,-1.8025241709328652,0.21664095724718171,1.026826926857705,48.81345081329346
1780876617.1422474,4.1564030760386546,-1.801163487767075,0.2149717961351385,1.025896406920392,48.83553600311279
1780876617.1633716,4.155655042015462,-1.7998136474313218,0.21517743851537532,1.0250837439676186,48.85666012763977
1780876617.1883717,4.154743866765937,-1.798534860935624,0.2167677744446676,1.0245243725105855,48.8816602230072
1780876617.2083879,4.153366114675838,-1.7975639369155894,0.2175976447638222,1.024782634765148,48.901676416397095
1780876617.2294466,4.151608879624118,-1.7968461209540556,0.2177695949780956,1.0257127197741713,48.9227352142334
1780876617.2524643,4.150155054449443,-1.795958652981992,0.2175228358147153,1.0261306383611615,48.9457528591156
1780876617.2726455,4.149216389147491,-1.7947836453194619,0.21629668635722565,1.0256647565160293,48.96593403816223
1780876617.2964518,4.148647028079976,-1.7933856613358459,0.21503750172014208,1.0245418432889117,48.9897403717041
1780876617.3161843,4.148109195035203,-1.7919258811080303,0.21566148110996075,1.0233150005034117,49.00947284698486
1780876617.3398473,4.147611413757408,-1.7904089925483935,0.21795780877336532,1.0219832124482249,49.03313589096069
1780876617.3635004,4.147356874257164,-1.7887809114467246,0.21890275320309477,1.0202488151055507,49.0567889213562
1780876617.3873029,4.146988572794359,-1.787292554529062,0.21687766502142558,1.0187522081174905,49.080591440200806
1780876617.4110262,4.14638201646906,-1.785938734156561,0.2152643441051897,1.0176582495393198,49.10431480407715
1780876617.434774,4.1457143773696,-1.7845772540696365,0.21557409971265223,1.0166259267451991,49.12806248664856
1780876617.454732,4.144896934585055,-1.7832813547580266,0.217203284484117,1.0158258514899519,49.14802050590515
1780876617.4771645,4.1436260656532085,-1.7822916734134244,0.2180104532839471,1.0158291379547046,49.17045307159424
1780876617.4976304,4.141991668096979,-1.781555902530425,0.21782397226713013,1.0164916757985445,49.190918922424316
1780876617.5191538,4.140707210275761,-1.7806284639801637,0.21670150824565393,1.0165607643447743,49.21244239807129
1780876617.5418775,4.139802259612432,-1.7794720598356393,0.21536840472969437,1.0159542858368038,49.23516607284546
1780876617.5628407,4.138941711096138,-1.7782474121582084,0.21584009126221854,1.015222391147402,49.25612926483154
1780876617.5848417,4.138326558537382,-1.7768565695894205,0.21698451629900803,1.0140436970885496,49.278130292892456
1780876617.6059372,4.138194833755024,-1.7751875442629768,0.21725207374546415,1.01202699836809,49.29922580718994
1780876617.6282372,4.138114558045539,-1.7734730516563204,0.2181343875857942,1.009887530548525,49.32152581214905
1780876617.650711,4.137622583581113,-1.772034184110451,0.21827101060268353,1.0084746561757472,49.34399962425232
1780876617.6703184,4.136661240236935,-1.7709156321452797,0.21734337391707736,1.0078965144798975,49.36360692977905
1780876617.691587,4.135367480873593,-1.770012620645394,0.2162332875642412,1.0079038059608862,49.384875535964966
1780876617.7120144,4.134045934801907,-1.7690899171245247,0.21683730526317305,1.0079215578266876,49.40530300140381
1780876617.7368872,4.13289635610078,-1.7680452107356945,0.21820658140718224,1.0076137971705297,49.43017578125
1780876617.759331,4.132232718859935,-1.7667214979632868,0.2185219581477275,1.00646850726093,49.452619552612305
1780876617.783526,4.13204236857753,-1.7651226869395875,0.21774598724419172,1.0045051927937152,49.47681450843811
1780876617.8054278,4.131939780964115,-1.763461443069268,0.2171698884756326,1.0023654145798258,49.49871635437012
1780876617.826348,4.13141506669616,-1.7620794078817101,0.21604462045785008,1.0009528941351933,49.51963663101196
1780876617.8485544,4.130731564189344,-1.7607706559542757,0.21613668262214342,0.9997939754841685,49.54184293746948
1780876617.8704333,4.129747925730745,-1.7596440390722998,0.21662787858435228,0.9991391384563091,49.563721895217896
1780876617.8903482,4.12843450019241,-1.7587345859916745,0.21709923498038408,0.9990619499719555,49.58363676071167
1780876617.9139786,4.127072882797364,-1.7578347586316467,0.21867590090862438,0.9990419852555394,49.60726714134216
1780876617.9346828,4.125874943716514,-1.7568821113992883,0.2181939777050475,0.9987707503499923,49.62797141075134
1780876617.9568222,4.125145226724536,-1.7556515785820064,0.2166716833880953,0.9976930802844262,49.650110721588135
1780876617.9797606,4.124558697971738,-1.754304342539866,0.21611310849284246,0.9963322007668793,49.673049211502075
1780876618.0006752,4.123966747379346,-1.752918215846581,0.21736223358673468,0.9949387127131653,49.69396376609802
1780876618.0248435,4.123400631190516,-1.7515057768253943,0.2191545470996575,0.9934816207713286,49.71813201904297
1780876618.0450864,4.122826056291992,-1.7501741000425146,0.2177530311561506,0.9920863563383815,49.73837494850159
1780876618.0670893,4.1220651685634415,-1.7489645587511016,0.21623394820355407,0.9910103046327414,49.76037788391113
1780876618.0894897,4.1212678857281535,-1.747733866907037,0.21653358660955083,0.9899550193698285,49.78277826309204
1780876618.1128526,4.120404368826533,-1.7465125651496145,0.21838314907188572,0.988977672302294,49.80614113807678
1780876618.1363263,4.119320867072286,-1.7454720599713203,0.21878877635687213,0.9884002908663074,49.829614877700806
1780876618.1603959,4.11827419357097,-1.744460952883674,0.21695064973088735,0.9877945039080451,49.853684425354004
1780876618.1800315,4.117229924522832,-1.7434096002574322,0.21667999216971195,0.9871441941534806,49.87332010269165
1780876618.205503,4.116261653512337,-1.7422754844867727,0.21778324649593486,0.9863293102006114,49.898791551589966
1780876618.2277548,4.115723663507581,-1.7408737850152465,0.21814012101742195,0.9847692102460908,49.921043395996094
1780876618.2535462,4.115558472313815,-1.7392364689313757,0.21793291810126778,0.9825663029585137,49.94683480262756
1780876618.2771122,4.115181036681944,-1.737732678251326,0.2178597836089919,0.9807100611601189,49.9704008102417
1780876618.2975154,4.114345271527868,-1.7365552545535017,0.21682711371401303,0.9796528488074969,49.990803956985474
1780876618.3225088,4.113331923271511,-1.7354738431427,0.21675392820853615,0.9788650177659335,50.01579737663269
1780876618.3433514,4.112268007957713,-1.7343876778317513,0.21837875414048855,0.9781134848110371,50.03663992881775
1780876618.364478,4.11106827344234,-1.733421026105063,0.2188467049660022,0.9776090275142479,50.0577666759491
1780876618.3860543,4.110105577049508,-1.732346443950184,0.21713187677393472,0.9767381761248739,50.07934284210205
1780876618.4078064,4.1092291758855355,-1.7311817119532904,0.21663248646007485,0.9756811390041857,50.10109496116638
1780876618.431858,4.108352041297706,-1.7299755038653502,0.21786838107676088,0.9745674934239448,50.12514662742615
1780876618.4522648,4.107797366138755,-1.7285539252724524,0.2189469442197075,0.9729064238783174,50.14555335044861
1780876618.481168,4.107474906194025,-1.727018574016849,0.21797679180041696,0.97087501669301,50.17445659637451
1780876618.5048544,4.107036612916058,-1.7255553526134957,0.21717568949081742,0.9690333799790691,50.198143005371094
1780876618.5292997,4.106408122123245,-1.7241950427934492,0.21729182285550108,0.9674778204998447,50.222588300704956
1780876618.55103,4.1053980468598565,-1.7231040346422488,0.21704778351939985,0.9665724545370207,50.24431848526001
1780876618.5713136,4.104290975568424,-1.7220467012390035,0.21820380072315865,0.9658010614246324,50.264602184295654
1780876618.5936518,4.102891627495418,-1.721206392948281,0.21872101498556099,0.9655305636638376,50.28694033622742
1780876618.617313,4.1017816356191075,-1.720197948300545,0.21784016768283218,0.9647938999378258,50.310601472854614
1780876618.6375897,4.100959382668335,-1.7189870389208934,0.21698246502752636,0.963550142688474,50.330878257751465
1780876618.6599534,4.100144473930885,-1.717727506610795,0.2178563330273267,0.9622526718545688,50.35324192047119
1780876618.6802022,4.0996083109760315,-1.7162686956375097,0.21882785676474845,0.9604829377152484,50.37349081039429
1780876618.70504,4.099316605693394,-1.7146703664331806,0.21828794951897787,0.9583170303063646,50.39832854270935
1780876618.7270396,4.098740560362513,-1.7132778431476035,0.21731285691660232,0.956620684678688,50.42032814025879
1780876618.7487638,4.098042461328024,-1.7119355855439413,0.21762653640848806,0.9550968008106278,50.442052364349365
1780876618.7727706,4.0969598741288475,-1.7108721472965966,0.2175038418882203,0.9542202204094465,50.46605920791626
1780876618.793706,4.0957702069333255,-1.709855574882568,0.2186083903461708,0.9534989257405009,50.48699450492859
1780876618.818046,4.09446831133436,-1.7089350703053157,0.2189303325786813,0.9529740015097472,50.51133465766907
1780876618.840976,4.093520639633458,-1.7077986564858654,0.21765136482260727,0.9518836976813443,50.53426456451416
1780876618.8636124,4.0927081519709105,-1.7065408399852864,0.21727781828774137,0.9505379323761112,50.55690097808838
1780876618.8848684,4.091912005163802,-1.7052297120938036,0.21853241623580846,0.9491288661445019,50.5781569480896
1780876618.908676,4.091428762199772,-1.7037048510554789,0.21918589924822401,0.9472061708415174,50.601964473724365
1780876618.9278038,4.090904071555412,-1.7022537319422906,0.21779669073763266,0.9453722301001237,50.621092319488525
1780876618.9495327,4.090276834300208,-1.7008425480162976,0.21763394686431292,0.9436841480624025,50.642821311950684
1780876618.9700072,4.089436788594382,-1.699563685010649,0.21814346191082734,0.9423275600492875,50.66329574584961
1780876618.9938056,4.0882043301014885,-1.6985825590405212,0.21801756385658402,0.9416325876253246,50.68709421157837
1780876619.0173385,4.086915366475925,-1.6976119390955082,0.21915831535746857,0.9410052412691039,50.71062707901001
1780876619.036031,4.085863497542699,-1.696486435975318,0.21941645171542315,0.9399922932194125,50.72931957244873
1780876619.0610497,4.085193014319698,-1.6951135665404755,0.21817903550272622,0.9383692800327701,50.75433826446533
1780876619.081632,4.084640820518151,-1.6936285413349437,0.21779497938529202,0.9365234349811189,50.77492046356201
1780876619.1065533,4.084027085274359,-1.692148435464675,0.2188989981844455,0.934745737937849,50.79984188079834
1780876619.1288965,4.083049079166236,-1.6909475901209845,0.2194057285841901,0.9335771232234285,50.822185039520264
1780876619.1498904,4.081711951281438,-1.6900390401767464,0.21864391202070238,0.9330243584633795,50.84317898750305
1780876619.1718621,4.080459075986306,-1.6890654394090827,0.21785433810528862,0.9323328034583351,50.865150690078735
1780876619.1925483,4.079425012134641,-1.6879134305640089,0.21755058866281335,0.9312626008789255,50.8858368396759
1780876619.2164721,4.07861230408958,-1.6865798640445573,0.2177656315604417,0.9298053738941139,50.90976071357727
1780876619.2386663,4.0780260064753975,-1.6850626748324118,0.21840011386302663,0.927955379696674,50.931954860687256
1780876619.2596767,4.077627479891577,-1.6833944047548302,0.21929950671537352,0.9257851898512364,50.952965259552
1780876619.280606,4.076984773927922,-1.6819273031442814,0.21922870269907915,0.9240274372870694,50.97389459609985
1780876619.301017,4.075922037147846,-1.6807956835071154,0.21814890242351415,0.9229785396941903,50.99430561065674
1780876619.3260725,4.074725664097869,-1.6797388161585667,0.21803579606788748,0.9221250918541077,51.01936101913452
1780876619.3473642,4.073568197294117,-1.6786173086579754,0.21927412700049298,0.9211769877868594,51.04065275192261
1780876619.3672206,4.072771979776461,-1.677240263878294,0.21953905337201676,0.9196463105310837,51.0605092048645
1780876619.38948,4.072228563020416,-1.675700685802693,0.21834604065962093,0.9177211267617089,51.08276867866516
1780876619.4107237,4.071665306643417,-1.6741394697849912,0.21840781508248835,0.9157938322690011,51.10401225090027
1780876619.4356947,4.070736773059777,-1.6728616003993335,0.2180483591899726,0.9144606770726842,51.12898325920105
1780876619.4584944,4.069600792127453,-1.6717282792634336,0.2182281880868127,0.9134624604638679,51.15178298950195
1780876619.4801342,4.068377211136473,-1.6706326630070136,0.2195240183143126,0.9125819000315065,51.17342281341553
1780876619.505376,4.067193745392958,-1.669554847359724,0.21861725014843572,0.9116781428182659,51.19866466522217
1780876619.5259564,4.066216999197849,-1.668311722735322,0.2177943730285962,0.9104172512650495,51.219244956970215
1780876619.5505927,4.065246811691962,-1.6670193168847183,0.21861507528696209,0.9091084334086474,51.24388122558594
1780876619.5725236,4.064597791075509,-1.6654782323495678,0.21916034884190924,0.9072738914841239,51.265812158584595
1780876619.5930912,4.064115485418742,-1.6638236453128534,0.21877204748601484,0.9051698344915451,51.28637981414795
1780876619.6158283,4.0632936218023215,-1.6624414642624974,0.2178945707146857,0.9036313272838576,51.30911684036255
1780876619.6391451,4.062381508906682,-1.661091399842693,0.21843110901602414,0.9022071306035029,51.33243370056152
1780876619.658413,4.061137175287465,-1.6600063202432556,0.218664770202628,0.9013331809525411,51.351701498031616
1780876619.6806564,4.05977376474147,-1.6590024137479547,0.21938606608623173,0.9006523732862828,51.373944997787476
1780876619.701423,4.058769969948226,-1.6577243562451385,0.219474485909408,0.8993856336162782,51.3947114944458
1780876619.7243457,4.058165388758443,-1.6561466915138627,0.21861207540567715,0.8974563179596782,51.41763424873352
1780876619.746634,4.057583556855984,-1.654523201900856,0.2186469974872318,0.8954593816058871,51.43992257118225
1780876619.766956,4.056640284404748,-1.6531945617656942,0.21816520449011872,0.894067883269706,51.46024465560913
1780876619.7926497,4.055511120090363,-1.651996939107522,0.21833456701399537,0.892977236657079,51.48593831062317
1780876619.81401,4.054261087539066,-1.6508695092331165,0.2194740743474954,0.8920594271345248,51.50729846954346
1780876619.8373172,4.053026869411941,-1.6497762418720923,0.21852548076792902,0.8911520809527786,51.53060579299927
1780876619.8583481,4.051961602003431,-1.648534466514182,0.21796848537589059,0.889949107108226,51.551636695861816
1780876619.8797586,4.050957151702089,-1.6472063961755892,0.21872900655871072,0.8886163016425357,51.573047161102295
1780876619.9040034,4.05033388038129,-1.6455805346166779,0.21881041288150452,0.8866574861381391,51.59729194641113
1780876619.9241295,4.049718399848799,-1.6439351902441925,0.2192343475905164,0.8846653116361969,51.61741805076599
1780876619.9469507,4.048703637013782,-1.642633440121587,0.2187204780357079,0.8833577768415992,51.640239238739014
1780876619.970934,4.047441473737636,-1.641530231532797,0.21828970782122822,0.8824693145673805,51.66422247886658
1780876619.992607,4.04619397996354,-1.6403767792385011,0.2192999911902292,0.8815275893666428,51.685895681381226
1780876620.0154285,4.0452760574855615,-1.6389662691987148,0.21954596524315062,0.8800385026283735,51.70871710777283
1780876620.035868,4.044627094743153,-1.6373601188561473,0.21854595470343519,0.878104353727748,51.729156494140625
1780876620.0587013,4.043924851579187,-1.6357672849413623,0.21854871667333703,0.8762325637388777,51.75198984146118
1780876620.082201,4.04286971876345,-1.6344755311732766,0.21804647263367372,0.8749678355591621,51.77548956871033
1780876620.102939,4.041711705277137,-1.6332377026656688,0.21875749462961597,0.8738561355260908,51.79622745513916
1780876620.1287293,4.04032149251133,-1.632197594310968,0.219179540085915,0.8731275719362896,51.82201790809631
1780876620.1510508,4.039137637883788,-1.6310178684278211,0.21818252272680397,0.8720794297191112,51.84433937072754
1780876620.1749134,4.0380333427027635,-1.6297405559062939,0.21832072810076233,0.8708674689201032,51.86820197105408
1780876620.197773,4.037187227871214,-1.6282374994836395,0.2185633355964896,0.8692134212516818,51.891061544418335
1780876620.2182212,4.03652689755363,-1.626568122693002,0.21911531064484227,0.8672219758826287,51.91150975227356
1780876620.240555,4.035594558729837,-1.6251273868850475,0.2195431428502985,0.8656897885065744,51.9338436126709
1780876620.2609138,4.034273880761334,-1.6240407319241863,0.218904180699373,0.8648511671496291,51.95420241355896
1780876620.2829344,4.032980952524188,-1.6229257739690945,0.21833725658589778,0.8639703097356772,51.97622299194336
1780876620.306315,4.031899163459639,-1.6216179826241661,0.21813002748786856,0.862715367919952,51.999603509902954
1780876620.3262858,4.031004895839808,-1.62013514547364,0.21838022338379853,0.8611075845239871,52.01957440376282
1780876620.348139,4.0302888784769095,-1.6184843630064516,0.21910648937603258,0.8591800353651138,52.04142761230469
1780876620.3721037,4.02945386503818,-1.616945365181605,0.21927573786558843,0.857465220555456,52.06539225578308
1780876620.3939724,4.028245109877579,-1.615751532760551,0.21846896030816065,0.8564265250075129,52.08726096153259
1780876620.4173791,4.026945848245462,-1.614607954969621,0.21872880323695634,0.8555206703584242,52.11066770553589
1780876620.4374573,4.025907947998342,-1.6132352150154983,0.2189089306814171,0.8541510533968744,52.13074588775635
1780876620.4601262,4.0251778695819125,-1.6116028361139485,0.2186798908841251,0.8522474529733426,52.153414726257324
1780876620.48446,4.024300734220753,-1.6100803066280729,0.21900754219218807,0.8505848923325647,52.177748680114746
1780876620.502606,4.023050609856779,-1.6089050985781685,0.21843950272145454,0.8496033458048835,52.19589447975159
1780876620.5259185,4.021718909620469,-1.6077759628675241,0.2188496009548222,0.8487347173902435,52.21920704841614
1780876620.5463064,4.020702125296882,-1.60637664910406,0.2188421904569597,0.8473152190769522,52.23959493637085
1780876620.57013,4.019955258092261,-1.6047427558349845,0.21863469742201538,0.8454180620796166,52.263418674468994
1780876620.592794,4.019035711534171,-1.603244519901599,0.2189311619705229,0.8438123384107143,52.28608250617981
1780876620.6142237,4.017753752851249,-1.6020873678313416,0.2184287454771758,0.8428656129108738,52.307512283325195
1780876620.6371953,4.016434737737803,-1.6009372489338154,0.2189082661769344,0.8419509074720377,52.33048391342163
1780876620.6580498,4.015473134184987,-1.5994826635034003,0.2186985469713288,0.8404134515747543,52.351338386535645
1780876620.679931,4.014715837077996,-1.5978403710723856,0.2186475721141702,0.8385017757664333,52.37321949005127
1780876620.701904,4.013707861265003,-1.5964176384369604,0.21863162373314518,0.837037760870988,52.39519262313843
1780876620.721904,4.012410378665637,-1.5952634606573557,0.2183254384858316,0.8361038764003581,52.41519260406494
1780876620.744294,4.011146686015064,-1.5940482242691127,0.21917459729602182,0.8350856580494899,52.43758249282837
1780876620.7652228,4.010195069907138,-1.5925815858777324,0.21872011072779518,0.833531924971334,52.45851135253906
1780876620.787372,4.00939176484091,-1.5909789021766303,0.2183249829795602,0.8317055269071059,52.48066067695618
1780876620.8111873,4.008403621722265,-1.5895252945978238,0.21850274316391713,0.8301931124331894,52.504475831985474
1780876620.8321314,4.007090463412458,-1.5883806420734534,0.21822482142026867,0.8292698513706842,52.52541995048523
1780876620.8555255,4.005779807001006,-1.5872025601886068,0.21916060493874118,0.8283215804042108,52.54881405830383
1780876620.8756807,4.004720318430784,-1.5858293679265179,0.21866126151856558,0.8269470301797996,52.56896924972534
1780876620.899425,4.003855923449318,-1.5842821598384589,0.21797157739517578,0.8252169377005067,52.592713594436646
1780876620.9211116,4.002927260097278,-1.5827545031180614,0.218719705496494,0.8235560795947272,52.614400148391724
1780876620.9412675,4.001666796794398,-1.5815489566918957,0.218857712210444,0.8225188490971727,52.63455605506897
1780876620.965075,4.000285793894802,-1.5804776446503288,0.2181707365510509,0.8217399478373988,52.658363580703735
1780876620.985762,3.9990815083497497,-1.5792300434965683,0.21791765988616082,0.8206235867235723,52.67905044555664
1780876621.009268,3.998054548814574,-1.5778040135032474,0.2181591103107675,0.819161338988426,52.70255661010742
1780876621.0305562,3.997216195358094,-1.5761934821668098,0.21869220162574105,0.817316227515791,52.72384476661682
1780876621.0525823,3.996372685129605,-1.5745990540132888,0.21872444815891495,0.8154908853185621,52.74587082862854
1780876621.0735168,3.995199158146855,-1.5733359630815573,0.21798050388107162,0.8143162270453832,52.76680541038513
1780876621.098492,3.9939616221395484,-1.5720994162686235,0.21855767631207287,0.8132379871456497,52.79178047180176
1780876621.1169047,3.9927653566872428,-1.5708341506580807,0.21867549365972502,0.8120779600418047,52.81019330024719
1780876621.1394608,3.9917228836507284,-1.5694517035261488,0.21782174913434119,0.8106374319434035,52.832749366760254
1780876621.159776,3.9906656413969324,-1.5680408094733536,0.21856588481715022,0.8091878899531411,52.85306453704834
1780876621.181753,3.9896312111019547,-1.5666281803280562,0.21846455455476846,0.8077182806844938,52.875041484832764
1780876621.2047184,3.988568467224696,-1.565259177112078,0.21787958327951282,0.8063236158849048,52.89800691604614
1780876621.2244942,3.9874289073140776,-1.5639229540673505,0.21881246926329728,0.8049732307985655,52.9177827835083
1780876621.2491457,3.9862276391257288,-1.5626866009194014,0.21820060029848992,0.803778116345593,52.942434310913086
1780876621.2691944,3.985036879426206,-1.561431214053536,0.2180448145628418,0.8025583490167527,52.962482929229736
1780876621.2901812,3.9839625558745975,-1.5600412111717201,0.21867369254005503,0.8010993745915762,52.98346972465515
1780876621.3118458,3.983123848787186,-1.5584526119702724,0.21822107757746115,0.7992025603719588,53.00513434410095
1780876621.3313406,3.9821126608423096,-1.5570248796788944,0.21800890780559487,0.7976090339073512,53.02462911605835
1780876621.3528574,3.9809141502289624,-1.5557693040947178,0.21822394067314826,0.7963801523733043,53.04614591598511
1780876621.3729327,3.979556095334248,-1.5546642888306623,0.2186737926362738,0.795466699710329,53.06622123718262
1780876621.3951745,3.978457641149117,-1.5533311273085388,0.21819048845051212,0.7940769953713023,53.08846306800842
1780876621.4166725,3.97734457594911,-1.551998912904266,0.2182592877271169,0.7924051118345705,53.10996103286743
1780876621.4363773,3.9762112598080064,-1.5506657676813436,0.21869198992746244,0.7904240957302253,53.12966585159302
1780876621.4587526,3.975295054460709,-1.5491358426347015,0.21818161412076922,0.7880400680645057,53.15204119682312
1780876621.4788034,3.974193920652609,-1.547771419580067,0.21792350058346543,0.7860158559972614,53.17209196090698
1780876621.5019197,3.9729313198371066,-1.54654183602226,0.21829217098428821,0.7843020024621286,53.19520831108093
1780876621.5246227,3.9715628579069713,-1.5454116625695744,0.21859519226441917,0.782808701261489,53.21791124343872
1780876621.545827,3.9705241480438347,-1.543960816222458,0.2181709552345734,0.7806728324694294,53.239115476608276
1780876621.5682974,3.96948405089437,-1.5424836133649513,0.21841328534363819,0.7785181558417307,53.26158595085144
1780876621.5886636,3.9681540334595917,-1.541304259640269,0.21818704746533402,0.7769674889136446,53.281952142715454
1780876621.611202,3.966891755170848,-1.5400339502026463,0.21840525247163486,0.7752725415622619,53.30449056625366
1780876621.6353402,3.965897033458437,-1.538493291933697,0.21825420754113542,0.7730362245592595,53.32862877845764
1780876621.6553292,3.9647159561344867,-1.5371278344731032,0.2182754031814097,0.7711699097071119,53.34861779212952
1780876621.6803732,3.963319882067684,-1.5359770935659944,0.2182943466506121,0.7697542325199995,53.3736617565155
1780876621.702087,3.9621605204958183,-1.5345744956040106,0.21820236255543726,0.7678597207030684,53.3953754901886
1780876621.7258656,3.961126702003601,-1.5330265714904265,0.21841689840388076,0.7656803395017047,53.41915416717529
1780876621.749947,3.959812619393269,-1.531771548708741,0.21822544300189656,0.764088394503446,53.443235635757446
1780876621.770263,3.958447494912938,-1.5305586807617204,0.21814463786067156,0.7626091499684176,53.46355152130127
1780876621.7930896,3.957285933375179,-1.5291229474181018,0.21816239347418995,0.7607044325251469,53.48637819290161
1780876621.8173285,3.956219796685863,-1.5275739263203565,0.21824998842571197,0.7585934809830484,53.51061701774597
1780876621.8363314,3.9550452068535566,-1.5261385122023494,0.2181523730892888,0.7567066845907302,53.52961993217468
1780876621.8577883,3.953688467103562,-1.524877234485401,0.21842026611410492,0.7551912591487469,53.551076889038086
1780876621.8781717,3.952361501708437,-1.5235938891774874,0.2180189222400991,0.7536372870699157,53.571460247039795
1780876621.9009688,3.951111994978807,-1.5222016860482475,0.21834131296401013,0.7519009223233049,53.59425735473633
1780876621.9249544,3.949999633624556,-1.520667770508613,0.2181475118250572,0.7498783341886126,53.61824297904968
1780876621.9453943,3.9487941531014514,-1.5192234963280689,0.21806664599182415,0.7480426116504351,53.63868284225464
1780876621.9701388,3.947409189944372,-1.5179544748509302,0.21834849486897764,0.7465772361709266,53.66342735290527
1780876621.991673,3.9460955415072685,-1.5166138938515186,0.21813691708223173,0.7449829778968491,53.684961557388306
1780876622.0164855,3.944888410334488,-1.515135312191499,0.21848354214749022,0.7431346920098605,53.709774017333984
1780876622.0403,3.9436305627513417,-1.513725611519217,0.21805924315802072,0.7414074022011103,53.733588457107544
1780876622.0640748,3.9423169660212665,-1.512343868342637,0.2184977477387284,0.7397740769700532,53.75736331939697
1780876622.0880313,3.9410053312725872,-1.510978589721578,0.2180868445443413,0.7381662859337963,53.78131985664368
1780876622.1081588,3.9397401847268356,-1.5095322091607772,0.2183665202088526,0.7364362920590288,53.80144739151001
1780876622.1317809,3.9385171109470773,-1.5080456032215437,0.2182859601122505,0.7346128935013336,53.825069427490234
1780876622.1543615,3.9370976751317084,-1.5067633644907394,0.2183049983764243,0.7332039261464418,53.84765005111694
1780876622.1749907,3.9357523852896983,-1.505397185258851,0.2181440615615817,0.7316486405153473,53.868279218673706
1780876622.1970103,3.934555717994501,-1.503846788963738,0.21838007682241276,0.7297612700012248,53.89029884338379
1780876622.2179785,3.9332319531785287,-1.5024402129778562,0.21825342556136035,0.7281430292240776,53.911267042160034
1780876622.2389004,3.9318422127727053,-1.5010953057465088,0.21830794281980753,0.7266639232655612,53.932188987731934
1780876622.2610455,3.9306268690615265,-1.49954568069668,0.21841820378860213,0.7248038411893045,53.954334020614624
1780876622.2815537,3.9291909879848363,-1.4982435528080869,0.21827492183813374,0.7234268220136988,53.97484230995178
1780876622.303246,3.927819270265205,-1.4968611997462558,0.218169928484638,0.7219153796368305,53.99653458595276
1780876622.3241272,3.9265915495604746,-1.4952965319449436,0.21842756233492222,0.7200654161086728,54.01741576194763
1780876622.3513808,3.9252499949599358,-1.4938674784413446,0.2182223986908609,0.7184693780552145,54.04466938972473
1780876622.3749297,3.9238534288923153,-1.492480522854375,0.2184553596627842,0.7169848273592869,54.06821823120117
1780876622.3964133,3.922575076396525,-1.490960428019445,0.2184030264658883,0.7152518089193718,54.089701890945435
1780876622.4204862,3.921113287685106,-1.4896421962782442,0.21835678180854287,0.7139052800353038,54.11377477645874
1780876622.4403555,3.919763658891001,-1.4881865291389453,0.21836713429878443,0.7123063395906151,54.133644104003906
1780876622.4617722,3.918501079707509,-1.4866239259464566,0.21827853271079742,0.7105181928619029,54.15506076812744
1780876622.4871356,3.917107197584809,-1.485202636111815,0.21834775116744176,0.7090111421198548,54.180424213409424
1780876622.5095754,3.915654863161349,-1.48384382664246,0.2183164518625716,0.7076356776952046,54.202863931655884
1780876622.530782,3.914325417530925,-1.4823292263793062,0.21847064181159734,0.7059806192778701,54.22407054901123
1780876622.5554872,3.912894395922493,-1.4809317531346762,0.21841555440789834,0.7045482288468694,54.24877572059631
1780876622.5762963,3.9115124216147863,-1.479465638494046,0.21847693079493707,0.7030108443956884,54.2695848941803
1780876622.5994332,3.9101781340839348,-1.4779377168294403,0.21844075611862646,0.7013671446512539,54.29272174835205
1780876622.6202998,3.9087135495006375,-1.476552069336602,0.2185383645066526,0.699999343783646,54.3135883808136
1780876622.6437304,3.9073403910869136,-1.475053283313106,0.2185712528134767,0.6984300767713343,54.337018966674805
1780876622.6675813,3.905894434189452,-1.4736352522847262,0.21851870997851705,0.6970220767566833,54.36086988449097
1780876622.6875513,3.9045550260234947,-1.472082518720595,0.2184209789862687,0.6953801252905052,54.380839824676514
1780876622.711108,3.903105570471582,-1.4706491315325505,0.21851721831489587,0.6939682960240301,54.404396533966064
1780876622.7321162,3.9016535865642674,-1.4692139069765393,0.21846706772076593,0.6925574638565948,54.4254047870636
1780876622.7532156,3.900229708124809,-1.467733109772795,0.2185484002375114,0.6910737658015131,54.44650411605835
1780876622.778131,3.898751383534333,-1.4663169861050425,0.21843148679477822,0.6897215842939879,54.4714195728302
1780876622.7983875,3.8973849847011386,-1.4647490992182663,0.21853395022236227,0.6881101381196633,54.49167609214783
1780876622.8215137,3.8959422155081684,-1.463270352259838,0.2185500072399816,0.6866542471516048,54.51480221748352
1780876622.8423352,3.894442090826219,-1.461852495622934,0.21853012028540694,0.6853163001235609,54.53562378883362
1780876622.8666515,3.8930179570232304,-1.4603302284825403,0.2186361303646246,0.6838023481900706,54.55994009971619
1780876622.889505,3.89151958872122,-1.458892122832646,0.2187317136848944,0.6824547119767725,54.58279347419739
1780876622.911494,3.8900997978536656,-1.4573538767907435,0.2186607615013837,0.680931475312657,54.604782581329346
1780876622.9337761,3.8885550876356825,-1.4559605475311266,0.21859236473903088,0.6796620778488043,54.62706470489502
1780876622.9542909,3.8871073568305268,-1.454434140349807,0.21868370334740636,0.6781765224184735,54.64757943153381
1780876622.9749885,3.8856677721679165,-1.4528957770419886,0.21855604166163548,0.6766730464853428,54.66827702522278
1780876622.9973745,3.884143692641209,-1.4514472035430377,0.21863949146496595,0.6753503712939093,54.69066309928894
1780876623.0179093,3.8826579727256836,-1.4499406442530283,0.2187960235453937,0.673932334422866,54.71119785308838
1780876623.0428462,3.8812008423268862,-1.4483965887457533,0.2187393689003695,0.6724474234092988,54.73613476753235
1780876623.0631328,3.879628566206764,-1.4469862304138328,0.21872092602373802,0.6712154390940119,54.75642132759094
1780876623.0870488,3.878176914400555,-1.4454106233424848,0.2188787754127814,0.669708262913776,54.7803373336792
1780876623.1101108,3.876626531161711,-1.4439595422823919,0.21876837244717903,0.6684241969055229,54.803399324417114
1780876623.130719,3.8751645922160955,-1.4423842346020341,0.21872847228802766,0.6669323300037515,54.824007511138916
1780876623.1541002,3.8736096408893026,-1.4409137914760444,0.21885210297360186,0.6656339514623584,54.84738874435425
1780876623.174953,3.8720283215179574,-1.439473717703567,0.2187694321652174,0.6644011431391856,54.86824154853821
1780876623.1975749,3.8705581822194843,-1.4378749231157615,0.2189314638079673,0.6629117634177213,54.8908634185791
1780876623.2206755,3.8689665795564867,-1.436431943512202,0.2187946332798906,0.6616873827344314,54.91396403312683
1780876623.2445853,3.867467040645445,-1.4348530071102916,0.21894012861084647,0.6602405411859245,54.93787384033203
1780876623.2666125,3.865883630816914,-1.4333781955692,0.21890188011744235,0.6589817131688775,54.959901094436646
1780876623.2900245,3.864340040029714,-1.4318408056368936,0.21892446807475993,0.6576276254915268,54.98331308364868
1780876623.3109703,3.862762200240881,-1.4303391372904337,0.21892107213355805,0.6563494249025528,55.00425887107849
1780876623.3323038,3.861217365817204,-1.4287853535597843,0.218905990421558,0.6549772759021728,55.02559232711792
1780876623.3535643,3.859655987053036,-1.4272412245756518,0.2189660424875256,0.6536408615488369,55.046852827072144
1780876623.3753912,3.858053586712023,-1.4257407964057238,0.21900602725863766,0.6523880787770384,55.06867980957031
1780876623.3983798,3.856482670542113,-1.4241921125183927,0.2189918946155426,0.6510678786388144,55.091668367385864
1780876623.4171607,3.8548739491309902,-1.4226811599272617,0.2190446175459343,0.649817002162461,55.11044931411743
1780876623.4393713,3.85327660538811,-1.4211468118377821,0.21904116329248463,0.6485340258635688,55.132659912109375
1780876623.460071,3.8516915691828117,-1.4195852716969366,0.21907064301916998,0.6472218318714287,55.15335965156555
1780876623.48054,3.850066668954018,-1.4180664076455713,0.21910516533944835,0.6459911176829163,55.17382860183716
1780876623.5024626,3.848458038113179,-1.41651659255009,0.21912294052801992,0.6447215067922745,55.19575119018555
1780876623.5239425,3.846841450287039,-1.4149676869480095,0.21909808440501868,0.6434622257129661,55.217231035232544
1780876623.5487173,3.8452076775444364,-1.4134322664113022,0.21908513481083028,0.6422341962340354,55.242005825042725
1780876623.5690114,3.843597870148241,-1.4118533960841257,0.21909057754611724,0.6409496733965963,55.26230001449585
1780876623.592061,3.8419352618682194,-1.4103343753456512,0.21911565301952476,0.6397759970594779,55.28534960746765
1780876623.6154037,3.84029909573713,-1.408770112599366,0.21913973680535265,0.6385356031673197,55.30869221687317
1780876623.6350546,3.838661410902193,-1.4071964402511805,0.2191894710122385,0.6372843960219674,55.32834315299988
1780876623.6560783,3.8369788737605073,-1.4056746069075665,0.21917721397952897,0.6361286890360036,55.349366903305054
1780876623.6770196,3.8353369026487103,-1.4040876255588268,0.21915754600556278,0.6348792584017957,55.37030816078186
1780876623.7002397,3.833661495742648,-1.4025332439674896,0.21921893953908958,0.6336972406577619,55.39352822303772
1780876623.7224283,3.8319926359770684,-1.4009603015274943,0.21925284612332663,0.632491415546653,55.415716886520386
1780876623.7423446,3.8303052700478966,-1.3994013185876508,0.2192999299368914,0.6313182919128355,55.435633182525635
1780876623.7641842,3.8286270847240633,-1.3978194927319068,0.21932575246402167,0.6301199092041578,55.457472801208496
1780876623.7847047,3.8269248923163395,-1.3962632615831811,0.21926287831866767,0.6289745871166765,55.47799324989319
1780876623.8068166,3.8252375214276952,-1.3946741935081726,0.21926046038027544,0.6277876677585663,55.500105142593384
1780876623.8322735,3.823519273583954,-1.3931158337877256,0.2192854231835431,0.6266530588130674,55.525562047958374
1780876623.8528697,3.821824374343605,-1.3915144851478107,0.21931057127609455,0.625462751086812,55.54615831375122
1780876623.8761582,3.8200773925572222,-1.3899744621866754,0.21932933699924598,0.6243804413602216,55.56944680213928
1780876623.8966768,3.8183916420215707,-1.3883404283727745,0.21928124317487094,0.6231614386317048,55.58996534347534
1780876623.9192302,3.8166265505507515,-1.3868045897804018,0.2192822664359274,0.6221060022235312,55.61251878738403
1780876623.941793,3.8149270795369783,-1.385163005994453,0.21939465722422524,0.6208982880728948,55.63508152961731
1780876623.962527,3.813164640728072,-1.3836005049449651,0.219440876351841,0.6198208567590315,55.65581560134888
1780876623.9836495,3.811399341449079,-1.3820345177779363,0.21936692115515125,0.618752390988548,55.6769380569458
1780876624.0086067,3.809654069221199,-1.380426638598437,0.21939564846035123,0.617626746793352,55.701895236968994
1780876624.0269608,3.8078974913082297,-1.3788221610221232,0.21947205939289827,0.6165217864542871,55.72024941444397
1780876624.0494504,3.8061373122593505,-1.377214652649891,0.2194332224015667,0.6154165061536148,55.74273896217346
1780876624.0703564,3.8043583643098926,-1.3756225773397759,0.21942275719543078,0.614351391686073,55.76364493370056
1780876624.0977697,3.8025810550109207,-1.374017101553252,0.21939317119158722,0.6132733483899457,55.79105830192566
1780876624.1227176,3.8007909824040755,-1.372418423573662,0.21936575618551377,0.6122140122855111,55.81600618362427
1780876624.1425924,3.799003536507787,-1.3708036586123242,0.2193756872738598,0.6111367978182365,55.83588099479675
1780876624.1639135,3.797193907152058,-1.369203243920815,0.21959510440563812,0.6100963354961451,55.85720205307007
1780876624.1868346,3.7954087430475805,-1.3675694529264537,0.21946072734962788,0.6090094932827252,55.880123138427734
1780876624.2089376,3.7935820767565396,-1.365982720768424,0.21931058654915703,0.6080040993215681,55.9022262096405
1780876624.2324114,3.7917505698441163,-1.3643775515627838,0.2196287389060854,0.6069870222435849,55.925699949264526
1780876624.2547674,3.789990135322801,-1.362677614082574,0.21941235855553373,0.6058274919812021,55.94805598258972
1780876624.2780678,3.788081180597487,-1.3611695524630116,0.2195059592113431,0.6049700953084258,55.97135639190674
1780876624.2989607,3.7862124255592153,-1.359599289353672,0.2194088502412017,0.6040312587916592,55.99224925041199
1780876624.3238816,3.784455739406123,-1.3578438061957714,0.21965402782864835,0.602826643319446,56.01717019081116
1780876624.347361,3.7825901016282844,-1.3562505289414726,0.219462189022678,0.6018648218358118,56.04064965248108
1780876624.3689218,3.7807224347960218,-1.3546429110880367,0.21943143381555869,0.6008976303371654,56.06221032142639
1780876624.3935318,3.7788782020074514,-1.3529820152807632,0.21967485184217986,0.5998636941995219,56.08682036399841
1780876624.4140296,3.77701814120126,-1.3513495308064867,0.21945249430249558,0.5988742958699511,56.10731816291809
1780876624.4349735,3.775127672942642,-1.3497417559107192,0.21944878493007716,0.597936942197574,56.12826204299927
1780876624.457808,3.7732318389046906,-1.348124760865868,0.2196952037991215,0.5970003117703451,56.15109658241272
1780876624.4798377,3.771422531268417,-1.3463835601577365,0.21949343171922164,0.5958804638860986,56.173126220703125
1780876624.5031068,3.76947491676474,-1.3448265818334337,0.21955817903404742,0.5950444310721448,56.19639539718628
1780876624.5242412,3.767568331004986,-1.3432007707475535,0.21951076398806801,0.5941157694517436,56.21752977371216
1780876624.5476751,3.7657254488628578,-1.3414650799046588,0.21966493298299278,0.5930302171437383,56.24096369743347
1780876624.5715487,3.7637092257782654,-1.3399828921016452,0.21956794438427688,0.5923266654059027,56.26483726501465
1780876624.5934343,3.7618082296201423,-1.3383154470580039,0.21959494747669034,0.5913624462586959,56.286722898483276
1780876624.617682,3.7599601914772167,-1.336558108097397,0.2195962959946503,0.5902402152570412,56.31097054481506
1780876624.6382406,3.757977699949013,-1.3349873606720024,0.21973378831985887,0.5893718388779625,56.33152914047241
1780876624.6622763,3.756084162756557,-1.3332794689093561,0.21967601104453016,0.5883088650132402,56.35556483268738
1780876624.6843152,3.754096715476721,-1.3317026722120242,0.21957246143741263,0.5874492973310392,56.37760376930237
1780876624.7050884,3.752189603254312,-1.3299891373389305,0.21963509713204332,0.5864016612786269,56.39837694168091
1780876624.7270362,3.7502050402433698,-1.328382500908604,0.21969112398961319,0.5855243084485995,56.42032480239868
1780876624.7532938,3.748263682616942,-1.3267020443041853,0.21967760123564822,0.584547454513241,56.446582317352295
1780876624.772619,3.7462980275594937,-1.325047761525181,0.21970348696517192,0.5836217746218129,56.46590757369995
1780876624.7948909,3.7443186519129488,-1.3234032107090241,0.21970709967303184,0.5827190778666607,56.488179445266724
1780876624.8157437,3.742368524222659,-1.321707276203455,0.21962930636415964,0.5817483114265016,56.509032249450684
1780876624.8369818,3.740371214680936,-1.3200687921049585,0.21965988351217627,0.5808761235090536,56.53027033805847
1780876624.8592043,3.738381496399278,-1.3184099433542653,0.21968384099023924,0.5799795741128948,56.55249285697937
1780876624.8793807,3.7363771404266255,-1.3167615825920478,0.21972781682857523,0.5791117277214299,56.57266926765442
1780876624.9014835,3.7344062888071665,-1.3150557370726847,0.21965654932100806,0.5781647496736824,56.59477210044861
1780876624.9218984,3.7323749740276635,-1.3134304754716808,0.2196538948425318,0.5773486817949562,56.61518692970276
1780876624.945747,3.730368915538185,-1.3117568894923262,0.21967228090029162,0.5764674335998698,56.63903546333313
1780876624.9681673,3.72836355621181,-1.3100714368475221,0.21969585656334775,0.5755812054541467,56.66145586967468
1780876624.9903283,3.726338552741939,-1.3084085511144836,0.21967024734852494,0.5747358618742666,56.68361687660217
1780876625.012509,3.7243025508914007,-1.3067520935820154,0.2196559546697478,0.5739075137374483,56.70579767227173
1780876625.0331495,3.7222672251959454,-1.3050833526915473,0.21971372167129485,0.5730701710262087,56.72643804550171
1780876625.0559871,3.720238854608057,-1.3033952816385679,0.21972218017376619,0.5722130328765935,56.74927568435669
1780876625.076874,3.7181864356066208,-1.3017375363526271,0.21966240818533997,0.5714092928312784,56.77016258239746
1780876625.0969846,3.7161469912732015,-1.3000497398566104,0.21965038189957717,0.5705663412796547,56.79027318954468
1780876625.1193924,3.714089872931981,-1.298376771356227,0.2197117142926097,0.5697577356575092,56.81268095970154
1780876625.1391206,3.7120312662016537,-1.2966998172728748,0.21969019012662291,0.5689472514015792,56.832409143447876
1780876625.161578,3.7099487471415866,-1.295054233922487,0.2195958804183023,0.5681926314868786,56.85486650466919
1780876625.184426,3.707904945817614,-1.2933331688246106,0.21968188014883816,0.5673332618983453,56.87771463394165
1780876625.2051063,3.705794230402919,-1.2917145679702515,0.2195864313480985,0.566632507921276,56.89839482307434
1780876625.2278447,3.7037633807696735,-1.2899572913724864,0.219603621270064,0.5657365027253798,56.921133279800415
1780876625.248469,3.7016528593524725,-1.2883172344418958,0.21962264034341428,0.5650193997314723,56.941757678985596
1780876625.2721713,3.6995733933550894,-1.2866204744900478,0.2196294462463533,0.5642262456920335,56.9654598236084
1780876625.2944546,3.6974778840671334,-1.2849417162391155,0.21961579559637567,0.5634645134698815,56.98774313926697
1780876625.314847,3.6953887037497988,-1.2832422586722347,0.21967555095495786,0.5626830287751838,57.00813555717468
1780876625.3374677,3.6932683507434247,-1.2815885817714487,0.2195972576984475,0.5619710376849163,57.03075623512268
1780876625.358275,3.691191243934083,-1.2798546286132804,0.21961997966690286,0.5611506559707529,57.05156350135803
1780876625.3812103,3.68903939344525,-1.278233476885503,0.21956836158200918,0.5605009541114594,57.074498891830444
1780876625.4048388,3.686950088816714,-1.276502896112608,0.21959300005489032,0.5596968569218141,57.098127365112305
1780876625.425576,3.6848155499986963,-1.2748372790688827,0.2196104058762482,0.5589968949057624,57.1188645362854
1780876625.4469023,3.6827237413450105,-1.2731002957776625,0.21952165270635007,0.5581940823633094,57.140190839767456
1780876625.4710255,3.6805579120825036,-1.2714670677875186,0.2195987234890298,0.5575537828903245,57.16431403160095
1780876625.4889688,3.678445760225451,-1.2697472722080632,0.21952037944184963,0.556787656203297,57.182257413864136
1780876625.5105627,3.676271396243983,-1.2681153528897222,0.2195519642033619,0.5561595896267297,57.20385122299194
1780876625.5307815,3.674160843833287,-1.2663771160851252,0.21948850309659634,0.5553797665800797,57.22407007217407
1780876625.5535097,3.671992466088545,-1.2647222131975564,0.21950839786836193,0.5547275207031319,57.246798276901245
1780876625.5764537,3.6698320571789953,-1.2630484281189762,0.2195262125662691,0.5540560216012373,57.269742250442505
1780876625.5996041,3.667713006103322,-1.2613044072074937,0.21943962483730103,0.5532808898633377,57.29289269447327
1780876625.621152,3.6655133736313994,-1.2596762066979763,0.21957523848731447,0.5526872186494085,57.31444048881531
1780876625.6412172,3.6634037843499083,-1.2579041762313894,0.21951340442171824,0.5518838428304012,57.334505796432495
1780876625.66489,3.6611668253813536,-1.2563325992136642,0.21940180503065865,0.5513766927440109,57.35817861557007
1780876625.6867135,3.6590003558348436,-1.2546365439914888,0.21942405913035815,0.5506976929257865,57.38000202178955
1780876625.7066135,3.656871727767547,-1.2528701010799281,0.2194986549799077,0.5499167893881314,57.39990210533142
1780876625.728734,3.6546568038419407,-1.251242597951482,0.21948032986959848,0.5493469168755585,57.422022581100464
1780876625.7497547,3.6525197679599164,-1.2494820750071023,0.21945216077849575,0.5485820365470992,57.44304323196411
1780876625.7703652,3.65029553625489,-1.2478548409405308,0.21953580488891938,0.548023010415621,57.463653802871704
1780876625.7907414,3.6481758944781815,-1.2460603091702436,0.21934320301017313,0.5472156200854084,57.48403000831604
1780876625.811293,3.6459260741147137,-1.2444621484792069,0.21949541445285953,0.546704370657686,57.504581451416016
1780876625.8339145,3.643721538334554,-1.2427943647424093,0.21933861433690405,0.5460953545590996,57.52720308303833
1780876625.8541307,3.641548824806795,-1.2410643249140287,0.21930820905888296,0.545397907123288,57.54741930961609
1780876625.8771715,3.6393387542219044,-1.2393839070001869,0.21948125288708517,0.5447795479192257,57.570460081100464
1780876625.9017203,3.6370910859045984,-1.2377724753785777,0.21937750229268574,0.5442628150901054,57.595008850097656
1780876625.922394,3.634967133118714,-1.2359484810973698,0.21930039422845243,0.5434393922752161,57.61568260192871
1780876625.9462404,3.632781021113061,-1.2342248067022903,0.21920614668940203,0.5427625933499947,57.63952898979187
1780876625.9666235,3.6304661924971735,-1.2326965706190507,0.21946351524777977,0.5423838266996279,57.659912109375
1780876625.988287,3.6282772322802197,-1.2309747326928209,0.21917494018111072,0.5417192778865045,57.681575536727905
1780876626.011686,3.626079197395481,-1.2292432774425261,0.21946373495183075,0.5410453931907835,57.70497465133667
1780876626.0319562,3.623765433045143,-1.2277208169156653,0.21918647951370615,0.5406796360951311,57.725244760513306
1780876626.0557163,3.6215632935959756,-1.2259965293962012,0.21922977863543003,0.5400246916589557,57.74900484085083
1780876626.0763428,3.619417421595913,-1.2241717497303335,0.2193232612511289,0.5392201727158801,57.76963138580322
1780876626.0991008,3.617139352802746,-1.2225682845763781,0.21936668527506606,0.5387464631114689,57.79238939285278
1780876626.1222475,3.6149076608322854,-1.2208907475394724,0.2191428166613414,0.5381646783894718,57.81553602218628
1780876626.1420906,3.6126803496650948,-1.219188654992793,0.21929464716949662,0.5375521126463187,57.835379123687744
1780876626.1631033,3.6104221927968343,-1.2175419865003108,0.21934014718679326,0.5370232669192143,57.85639190673828
1780876626.1883776,3.6082053484828545,-1.2158298824911833,0.2191119389835493,0.5363963765244586,57.88166618347168
1780876626.2078774,3.6059551812622863,-1.214155883781267,0.21927994075469306,0.5358326632273407,57.90116596221924
1780876626.231234,3.6036686477961015,-1.2125483551866438,0.21929236719883546,0.5353699740846416,57.92452263832092
1780876626.2511072,3.601501528609515,-1.210741133581371,0.2191127203991156,0.5346083519709355,57.944395780563354
1780876626.2752078,3.599237788945577,-1.20908747344862,0.2191528116328546,0.5340788182073553,57.968496322631836
1780876626.2964213,3.596921554470423,-1.2075182643470563,0.21917960656129346,0.5336823415691416,57.98970985412598
1780876626.3172665,3.5947002642409784,-1.2057830904469005,0.21931552841119595,0.5330383766750124,58.010555028915405
1780876626.339693,3.592448835857129,-1.2041030371704777,0.21928484242888127,0.5324747436884776,58.032981634140015
1780876626.3598661,3.590153471914632,-1.2024955610096153,0.21920867804051555,0.532023407742634,58.053154706954956
1780876626.382634,3.5879449788207074,-1.2007372471861182,0.21912834109986107,0.5313477336570234,58.07592248916626
1780876626.4035594,3.5856403726453085,-1.1991347288943397,0.21922355492146445,0.5309078135440153,58.096848011016846
1780876626.424212,3.5833696776015342,-1.1974759349810262,0.21920665058526326,0.530387924753434,58.11750054359436
1780876626.4471662,3.581139806170057,-1.1957465064193566,0.21915117936085102,0.5297591571063256,58.14045476913452
1780876626.4679787,3.578831684583409,-1.1941471614193673,0.21910376334798345,0.5293296557590565,58.16126728057861
1780876626.4901025,3.5765875113099597,-1.1924343504446917,0.21912015937023804,0.5287312384349185,58.183391094207764
1780876626.512859,3.5743101869407776,-1.190775884883981,0.219168026316087,0.5282135910881998,58.20614767074585
1780876626.5350404,3.5720235493847676,-1.189136929840715,0.2190618099057015,0.5277300586574647,58.22832894325256
1780876626.5571747,3.5697612552691615,-1.1874502094120094,0.21903970202127523,0.5271729996787249,58.250463247299194
1780876626.5778708,3.567459757645497,-1.1858209546326552,0.21926963531108198,0.526708983062294,58.271159410476685
1780876626.6003933,3.565197119089863,-1.184142442999339,0.21898993998556437,0.5261639564820726,58.29368185997009
1780876626.622079,3.5629164151527015,-1.1824813657720705,0.21898874740210034,0.5256501509809226,58.315367460250854
1780876626.642816,3.5606187720833753,-1.1808417707697152,0.21923193124881074,0.5251729679523773,58.33610463142395
1780876626.6654453,3.5583488279027695,-1.1791713323956468,0.21893657689560378,0.5246431069554234,58.358733892440796
1780876626.6864705,3.556056826222151,-1.1775230507970682,0.21901678084835793,0.5241520648841229,58.379759073257446
1780876626.7092412,3.55374359318757,-1.1759107751724682,0.21916327241988848,0.5237177735071574,58.4025297164917
1780876626.7316046,3.5515023907532406,-1.1741847998983517,0.2189202322449947,0.5231072706876807,58.42489314079285
1780876626.7522893,3.549198125818933,-1.1725506658931208,0.21912230529417345,0.5226384852098027,58.44557785987854
1780876626.7748084,3.546822387830737,-1.1710568872542853,0.21887101298336642,0.5223832003700029,58.46809697151184
1780876626.7955537,3.544563055626976,-1.1693464449905446,0.21897856356547898,0.521804207207996,58.488842248916626
1780876626.8209498,3.5423429137016598,-1.1675637759344302,0.21913428092529094,0.5211122238530272,58.514238357543945
1780876626.8457427,3.5399667791635614,-1.1660637980175876,0.2190180418159109,0.5208483486388094,58.53903126716614
1780876626.8662932,3.5377288969735963,-1.1643186597142925,0.21895442703946516,0.5202168486362666,58.5595817565918
1780876626.8897712,3.5354248159274815,-1.1626844359281463,0.21897368777081694,0.5197486350920482,58.583059787750244
1780876626.9138432,3.5330764877067686,-1.1611269783476568,0.21899400008512418,0.5194054413072191,58.60713171958923
1780876626.9333816,3.530849610630228,-1.159353908309811,0.21910133137690943,0.5187303337590485,58.626670122146606
1780876626.955101,3.5284655096293065,-1.1578636696656655,0.21894659176315417,0.5184832901768974,58.6483895778656
1780876626.976322,3.526157532513801,-1.1562374510033717,0.21886987170413702,0.5180335059470345,58.66961050033569
1780876626.9996173,3.5239329059733544,-1.1544497286698245,0.21915244538334147,0.51734081765896,58.69290590286255
1780876627.0210888,3.5215732564039817,-1.1529183837085375,0.2189336836635686,0.5170293766658354,58.71437740325928
1780876627.0424,3.519284694101548,-1.1512518377530683,0.2189413387424269,0.516521524682922,58.73568844795227
1780876627.0638137,3.516981481379676,-1.1496085341201139,0.2189859720750465,0.5160435224769859,58.757102251052856
1780876627.0840898,3.514654815989278,-1.1480107115020313,0.2189257384783856,0.5156392447313465,58.77737832069397
1780876627.1078858,3.5123828150421694,-1.1463082412932604,0.21903988408764782,0.5150734615522499,58.80117440223694
1780876627.131995,3.5100289075757245,-1.1447560501843415,0.2190526840557189,0.5147366262244581,58.82528352737427
1780876627.1522908,3.5077504962747565,-1.143075777268544,0.21884495564685935,0.5142036177652756,58.845579385757446
1780876627.1757834,3.505429331799818,-1.1414533275347734,0.21909439361809624,0.5137609247526633,58.86907196044922
1780876627.1976802,3.5030530804061746,-1.139948780334718,0.2188332588087678,0.5134948212127384,58.890968799591064
1780876627.222239,3.5007821531205003,-1.138240499648946,0.21899702551021763,0.512924274552196,58.91552758216858
1780876627.2465882,3.498498168098153,-1.1365665753195975,0.21881210943615612,0.5123978166282486,58.93987679481506
1780876627.2669842,3.496144534494893,-1.1349987328393385,0.21908837406467727,0.5120405700174215,58.960272789001465
1780876627.290376,3.4937983444642438,-1.1334346529836858,0.21896465566844142,0.5116843743857942,58.98366451263428
1780876627.3105395,3.491552945866204,-1.1316858595561745,0.21889494140817792,0.5110481433129186,59.003828048706055
1780876627.333994,3.48923173567729,-1.13006901130347,0.2189332597529132,0.5106103475285515,59.02728247642517
1780876627.356016,3.486838237230837,-1.1285761146316657,0.21905316321921034,0.5103670929606761,59.049304485321045
1780876627.3764806,3.484571841393491,-1.1268632676113985,0.21902235330812872,0.5097843230959018,59.06976914405823
1780876627.3992963,3.4821796885054175,-1.1253754943781906,0.21891930276579025,0.5095417504595989,59.09258484840393
1780876627.4196258,3.4798465948477326,-1.1237789977635744,0.21890405880964253,0.5091387517169883,59.11291432380676
1780876627.4409404,3.4775977456419938,-1.1220240672074884,0.2190411289206244,0.5084934449178773,59.13422894477844
1780876627.464936,3.4752334611581253,-1.1204839976965526,0.21900908541103598,0.5081714044906516,59.15822458267212
1780876627.484887,3.4728990784613933,-1.118892750005115,0.21883883136496307,0.5077725675036096,59.17817544937134
1780876627.5068521,3.4705820255379085,-1.1172567697669646,0.21898940170613365,0.5073087682220692,59.200140714645386
1780876627.5273619,3.4682627724820154,-1.1156364948258009,0.21892364264025355,0.5068644585062279,59.22065043449402
1780876627.5516732,3.465900334953525,-1.114089660346499,0.21886578516302582,0.5065314877155611,59.244961738586426
1780876627.574334,3.4635589654468335,-1.1124949692375794,0.21908263390842223,0.5061328655580333,59.26762247085571
1780876627.5953572,3.461312842408901,-1.1107462107320893,0.2188166973503925,0.5054892633149306,59.28864574432373
1780876627.6175559,3.4589463126147804,-1.1091995659820395,0.21892080224880356,0.5051554611221292,59.31084442138672
1780876627.6430302,3.4565339405834927,-1.1077339980736578,0.2190334825176543,0.5049504510347038,59.33631873130798
1780876627.6614344,3.454251955749242,-1.1060372274736339,0.21906042410228457,0.5043903982587228,59.35472297668457
1780876627.6827064,3.4518813290100048,-1.1045049527424387,0.2189071412704234,0.5040750480718259,59.37599492073059
1780876627.7030375,3.4495481809152393,-1.1028942174491696,0.2190128398372431,0.5036495940025585,59.39632606506348
1780876627.7250295,3.447227205376732,-1.1012675745058613,0.21894632869406813,0.5031909709564655,59.418318033218384
1780876627.7490501,3.444844975430394,-1.0997475505153116,0.21895221312364166,0.5028975844827972,59.442338705062866
1780876627.7721164,3.4425356599610484,-1.0980905101792358,0.21905744779787573,0.5024007681332918,59.465404987335205
1780876627.7949884,3.440204775462334,-1.096479902128829,0.2189523821554741,0.5019654238779143,59.488276958465576
1780876627.8198912,3.437796199659207,-1.0950036570935593,0.21896317050953049,0.5017364354914209,59.513179779052734
1780876627.8439128,3.4354644190987473,-1.0933861990631872,0.2190172555076965,0.5012970474000333,59.53720140457153
1780876627.8660898,3.433150509013928,-1.0917384174413887,0.2189464067039171,0.5008074171334567,59.55937838554382
1780876627.886015,3.430761486483932,-1.0902207305753309,0.21901679860915893,0.5005149156864572,59.5793035030365
1780876627.9085715,3.4283872278303775,-1.088680095935014,0.2189732244600258,0.5001901082639062,59.60186004638672
1780876627.9287271,3.426095789247112,-1.0869766943057786,0.21917042451446958,0.499620425378299,59.622015714645386
1780876627.9511375,3.423720099191717,-1.085445904464696,0.21890237097512785,0.49930183193332134,59.644426107406616
1780876627.974358,3.421341959400204,-1.0839006208200481,0.2190116648684028,0.4989698876045354,59.667646646499634
1780876627.995013,3.41900313052833,-1.0822892996676876,0.2190369543390419,0.49853523133146105,59.68830156326294
1780876628.0184157,3.4166533228951947,-1.080698703507179,0.21891963989950752,0.4981300036430003,59.71170425415039
1780876628.0388074,3.4142793936044176,-1.0791358476645023,0.21925342876722217,0.49777163445677175,59.73209595680237
1780876628.0609295,3.4119138103635116,-1.0775795043768184,0.2189749265990687,0.4974147324693643,59.754218101501465
1780876628.0823615,3.409562950338127,-1.0759799367726648,0.21904348264855297,0.49699891248590156,59.77565002441406
1780876628.10274,3.407183109802275,-1.074430556950955,0.2191699972668313,0.4966549586599722,59.79602861404419
1780876628.1254935,3.404799769677827,-1.07289366841259,0.219102357770639,0.49633153329038127,59.81878209114075
1780876628.1452634,3.402479322340132,-1.071236321489863,0.2190647994615413,0.4958265800989512,59.83855199813843
1780876628.1679568,3.400071875401119,-1.0697315057969592,0.21920798510068712,0.49554934963305186,59.86124539375305
1780876628.1910563,3.39772644464813,-1.0681151401357958,0.21921564261608897,0.4951079197274133,59.884344816207886
1780876628.2119617,3.395331322795906,-1.0665890336139332,0.2191957321742852,0.4947973949352029,59.90525031089783
1780876628.233631,3.392992241058033,-1.064957921906942,0.21913455315168962,0.4943322434349291,59.92691946029663
1780876628.253671,3.3905760462890355,-1.0634626250360835,0.21919716177895987,0.49406876321351767,59.946959495544434
1780876628.2759073,3.388221441239361,-1.0618526499898102,0.21920622886418833,0.4936360215646918,59.96919584274292
1780876628.2973495,3.38583560054429,-1.0603004492623627,0.219189264017296,0.49328500927834007,59.99063801765442
1780876628.3197074,3.3834597949063996,-1.0587267804796305,0.2191589725286409,0.49290768963691445,60.01299595832825
1780876628.3423557,3.38106242401835,-1.0571886849362309,0.2191784513967904,0.4925770850277926,60.03564429283142
1780876628.3665788,3.378689337430244,-1.0556035226889124,0.21917341086781705,0.49218327779943305,60.05986738204956
1780876628.3858378,3.376281241218602,-1.0540782169050258,0.21923019470503724,0.49187143650022236,60.07912635803223
1780876628.40969,3.373872013999629,-1.052558300877209,0.21914317199457947,0.4915719746977949,60.102978467941284
1780876628.4306169,3.3715371915199097,-1.0508843927430098,0.21935433577204502,0.4910477189252216,60.123905420303345
1780876628.4528515,3.3690797574593105,-1.0494535019550355,0.21913749094186502,0.49087361188794887,60.14614009857178
1780876628.475567,3.3667027304758816,-1.0478585408891237,0.21922017384107695,0.4904657713709284,60.16885566711426
1780876628.4969242,3.3643401480011934,-1.0462345619980469,0.21923858314390582,0.49001063140681467,60.19021272659302
1780876628.51973,3.3619197658318014,-1.0447150247767114,0.21930666340868882,0.4897135787682938,60.21301865577698
1780876628.5407197,3.3595669832648447,-1.043074341087351,0.219154506672299,0.4892329614664135,60.23400831222534
1780876628.563223,3.3571011152673327,-1.041630471485082,0.21929575195192763,0.48904275097017447,60.25651144981384
1780876628.5851471,3.3546867372153146,-1.0400945275229154,0.21927008636114778,0.4887197315249221,60.278435707092285
1780876628.607759,3.3523541703562105,-1.0383984577529457,0.21927139078081972,0.48816342149413483,60.301047563552856
1780876628.6322956,3.3499161395688875,-1.0368954394241745,0.2193847544441,0.48788609319798937,60.325584173202515
1780876628.6533782,3.347450953222547,-1.0354514060847073,0.2191919354704519,0.48769285812801755,60.34666681289673
1780876628.6750853,3.345086355452693,-1.0338021218957487,0.21931316728685837,0.48720944019467094,60.36837387084961
1780876628.6993458,3.342677459718596,-1.0322402666750121,0.21922592992966508,0.48684413197221765,60.39263439178467
1780876628.719494,3.3402299201385945,-1.0307370356661036,0.2194520730024799,0.48657241194038914,60.41278266906738
1780876628.7414021,3.3378826140900957,-1.0290587151594512,0.21920564182033644,0.48603969057847873,60.434690713882446
1780876628.7619612,3.3354236830227495,-1.027575173234886,0.21930819084024628,0.4857898232776723,60.45524978637695
1780876628.7849846,3.3329729992340082,-1.0260714592343738,0.21939918706989686,0.4855177023034418,60.478273153305054
1780876628.8095727,3.3306060923387024,-1.0244165902349762,0.2192371608759876,0.48501944792538154,60.5028612613678
1780876628.8311841,3.3281217355409045,-1.0229655682918857,0.21944818455091364,0.48481807042472447,60.52447271347046
1780876628.854039,3.3256512892517263,-1.0214992808895433,0.21930711458487984,0.4845947126301642,60.547327518463135
1780876628.874372,3.323280997311356,-1.0198247511796708,0.21949807103952793,0.4840779102528785,60.56766057014465
1780876628.8967085,3.3208346754514255,-1.0183048578930036,0.21935893493286557,0.4837738522435622,60.58999705314636
1780876628.9185734,3.3183956445158023,-1.0167630778768404,0.21929647752417586,0.4834436302851781,60.61186194419861
1780876628.9388547,3.3159618973762033,-1.0151997945611833,0.21942277198056928,0.4830825300765831,60.63214325904846
1780876628.9618301,3.3134946892360158,-1.013700597894695,0.21949977736333115,0.4828143745452058,60.65511870384216
1780876628.9823337,3.3111184274913232,-1.0120317427155694,0.21932807501205645,0.4823012354979035,60.67562222480774
1780876629.0060086,3.308636911256278,-1.0105511809287813,0.21940095794589254,0.48205604236182964,60.699297189712524
1780876629.0294783,3.306164532022846,-1.0090481568639698,0.2194694318277898,0.48178617779737465,60.7227668762207
1780876629.0517175,3.3037759163360163,-1.007391334519244,0.2192993604473789,0.4812892878244259,60.74500608444214
1780876629.0741508,3.3012649876636093,-1.0059506581486042,0.21948391905040102,0.4811024033929385,60.76743936538696
1780876629.100506,3.2988084040821084,-1.00441347993428,0.21934554053767846,0.48078201563703793,60.79379463195801
1780876629.1189198,3.296368144921194,-1.0028269390285827,0.21955375601891147,0.48039054923038726,60.81220841407776
1780876629.1428616,3.2938636980564415,-1.0013734661026994,0.21943909335874165,0.48018610168309017,60.83615016937256
1780876629.1631303,3.291450623568265,-0.9997312012524592,0.21952797121658335,0.4797176893954802,60.85641884803772
1780876629.1862526,3.2889824866665927,-0.9981942370828168,0.21956743229763073,0.47939502428559067,60.87954115867615
1780876629.2101996,3.2864774140549753,-0.9967307806821285,0.2194001923127772,0.479174963478167,60.90348815917969
1780876629.230534,3.284056656827604,-0.9950894244832516,0.21950401641195338,0.4787120576667707,60.92382264137268
1780876629.2551782,3.281615999123349,-0.9934912919076858,0.21940088566464827,0.4783016498162169,60.948466777801514
1780876629.2760231,3.279063818047039,-0.9920907214637049,0.21961146652221383,0.4781734825431405,60.96931171417236
1780876629.300388,3.2765842749764533,-0.9905675783387844,0.21930834085540146,0.47787107287756037,60.99367666244507
1780876629.3226883,3.2741391174019077,-0.9889528044355538,0.21947411949381915,0.4774457604231195,61.015976905822754
1780876629.3437762,3.27169966998298,-0.9873329043728611,0.21947125247592544,0.477008704768914,61.03706479072571
1780876629.3665283,3.2691257173753994,-0.9859632001162072,0.21956340761123305,0.4769219707326684,61.05981683731079
1780876629.3864777,3.2666738678309737,-0.9843650607985541,0.21935264165802798,0.4765183236528223,61.079766273498535
1780876629.408969,3.264203226421557,-0.9827778777202345,0.21964955663480373,0.47612412835925255,61.10225749015808
1780876629.4311297,3.261632726990018,-0.9814014707726425,0.21946415454743434,0.4759652452962069,61.12441825866699
1780876629.4512928,3.2591852216980537,-0.9797747429649971,0.21944964703350228,0.47546467552311267,61.14458131790161
1780876629.4759288,3.2567360590328587,-0.9781464505972084,0.2194024605857997,0.4749610728846356,61.169217348098755
1780876629.4962065,3.254222071228315,-0.9766319529746088,0.21962359665023146,0.4746199673820195,61.18949508666992
1780876629.5200605,3.251670342484546,-0.9752017185146095,0.21943655405378099,0.4744351394423365,61.21334910392761
1780876629.5423067,3.249211750712325,-0.9735715463217214,0.21961301522912077,0.4740041097439489,61.23559522628784
1780876629.562821,3.2466644243064566,-0.9721196227321058,0.219538394673314,0.4738120176583891,61.25610947608948
1780876629.5849655,3.2441605917406613,-0.97057715076445,0.21950741212408106,0.4735007266125626,61.27825403213501
1780876629.6052823,3.241710940449628,-0.9689244321581474,0.21944853104128423,0.47303508073628997,61.29857087135315
1780876629.62744,3.239171317662178,-0.9674373667041768,0.21957763580575188,0.47273539519428454,61.32072854042053
1780876629.6492307,3.2366284453884013,-0.9659592899929896,0.21949939249027334,0.472449563628083,61.34251928329468
1780876629.6694965,3.2341465017388447,-0.964354194040331,0.21951288207467845,0.4719907033726667,61.36278510093689
1780876629.690494,3.231614633753135,-0.9628422372132648,0.21955983390625244,0.4716598112655248,61.383782625198364
1780876629.716044,3.2290751491386382,-0.9613444936481071,0.2194871159194698,0.4713543677504415,61.409332513809204
1780876629.7398787,3.226561161813539,-0.9597877474323088,0.21952714076851174,0.4709706261212254,61.43316721916199
1780876629.7617395,3.2240202342146613,-0.9582758489387164,0.2197035063919101,0.470652850246708,61.45502805709839
1780876629.781539,3.2215123941857238,-0.9567067348678727,0.2195856513772326,0.470255076198443,61.47482752799988
1780876629.806293,3.2189542393451567,-0.955229823540328,0.21949747816279216,0.46998511560122225,61.49958157539368
1780876629.8304536,3.216442411129834,-0.9536496072808478,0.21960368972702263,0.46957967357617925,61.52374219894409
1780876629.8534079,3.2139555793291517,-0.9520283097018595,0.21943953709888564,0.4691108646176474,61.54669642448425
1780876629.8785896,3.211350105342442,-0.9506215396153874,0.21965351426647325,0.4689437880642693,61.57187819480896
1780876629.899914,3.2088186191344015,-0.9490782663265906,0.2194947844751342,0.4685927180302958,61.59320259094238
1780876629.923833,3.2062893954298928,-0.9475153882758691,0.2196285455107117,0.46820986541770093,61.61712145805359
1780876629.9480608,3.2036822887942407,-0.9461129951509577,0.21949619810346657,0.4680514225398742,61.64134931564331
1780876629.9716089,3.2011762137452484,-0.9444945781539782,0.21970690544927227,0.4675991672037769,61.664897441864014
1780876629.9951148,3.1986448118595208,-0.9429408292899991,0.2194207456454309,0.4672308733707382,61.688403367996216
1780876630.015292,3.1960684745562444,-0.9414538360826747,0.21957305131450053,0.4669603787229981,61.708580493927
1780876630.038195,3.193483209744136,-0.9399908199603694,0.21956910891390893,0.46672053868942154,61.731483459472656
1780876630.0605667,3.190997022689159,-0.9383277160419574,0.21947790206899156,0.4662091422388981,61.75385522842407
1780876630.082724,3.188459694172407,-0.9367637871478517,0.21939566333329397,0.4658310394824401,61.776012659072876
1780876630.1034899,3.1858142244017085,-0.9353970148816904,0.21964313995805126,0.46573067772159416,61.796778440475464
1780876630.123983,3.183247248532832,-0.9338985180573074,0.21940053306514956,0.46545337308788426,61.81727147102356
1780876630.146248,3.1807491750802557,-0.9322584262894577,0.21956092008373929,0.4649836975390853,61.83953666687012
1780876630.1682837,3.1782490055917254,-0.9306497056219188,0.21947083349407986,0.464547190866357,61.861572265625
1780876630.190114,3.175632301013904,-0.9292758374425087,0.21967736393870585,0.46443367618260467,61.883402585983276
1780876630.2126703,3.173075798040303,-0.9278145398412395,0.21936757638068827,0.4641941138917236,61.90595889091492
1780876630.2330172,3.1705638393582474,-0.9262513493047735,0.21976400398924908,0.46381191978063185,61.92630577087402
1780876630.2582953,3.1680696167421813,-0.9247006329824685,0.2193350734593774,0.46343390559892583,61.95158386230469
1780876630.2805977,3.16551949457578,-0.9232419782365047,0.21970026804357928,0.46318680658845857,61.973886251449585
1780876630.3010864,3.1629209267621703,-0.9219243348233335,0.2193936052311322,0.46312405484531194,61.99437499046326
1780876630.326434,3.1604440814625367,-0.9203634862873386,0.21934916890284742,0.4627365334456517,62.01972246170044
1780876630.3474712,3.1580122802850523,-0.9187091725844851,0.21971811910702851,0.4622192334716573,62.040759801864624
1780876630.3703473,3.1554878793794163,-0.9172908928251872,0.21923884049929193,0.4620118783103342,62.06363582611084
1780876630.3921432,3.1529448398407514,-0.9158814093704736,0.21975243646134024,0.4618276087631905,62.085431814193726
1780876630.4130068,3.150479263273697,-0.9143703595159473,0.2193263418754119,0.4614905790625361,62.106295347213745
1780876630.4350648,3.1480001050820707,-0.912868616451182,0.21960388002139497,0.4611713905008763,62.12835335731506
1780876630.4551513,3.145498816801068,-0.9114457758137132,0.21946813114984362,0.4609526128659578,62.14843988418579
1780876630.4775143,3.1430137646974097,-0.9099973707162138,0.21938872409971746,0.4606977584819436,62.17080283164978
1780876630.502204,3.1405411385511948,-0.9085270991775206,0.21964316919034113,0.4604121783735433,62.19549250602722
1780876630.5220327,3.138092175529471,-0.907041234543203,0.2193618295598734,0.460096848438198,62.21532130241394
1780876630.5453808,3.1356169371727316,-0.9055988326014858,0.2196305232041,0.4598436800495369,62.23866939544678
1780876630.568126,3.1331169640285643,-0.9042430556941695,0.21939720073009594,0.4597010819439715,62.261414527893066
1780876630.5889742,3.1307155576263885,-0.9026822602595302,0.2195317333674651,0.45928113605895327,62.28226280212402
1780876630.6102734,3.1283311203952495,-0.9011178589461831,0.21928134892884155,0.4588429898312638,62.30356192588806
1780876630.630006,3.125837633246118,-0.8997703037782331,0.21942580411470133,0.4587120602375414,62.3232946395874
1780876630.6537235,3.123307057990446,-0.898508353153903,0.2195882428846037,0.4587009734090657,62.34701204299927
1780876630.6769707,3.1209393888178205,-0.896946786351005,0.2193713115494578,0.45826704787818695,62.370259284973145
1780876630.6982996,3.11849736168648,-0.8955273725070391,0.21960073664153026,0.4580269949166116,62.39158821105957
1780876630.7202182,3.11599696191459,-0.894259116731347,0.2193982306452211,0.45804334252567,62.413506746292114
1780876630.7407339,3.113618891618796,-0.8927397977995412,0.2195492516616058,0.45775178501682756,62.434022426605225
1780876630.7625253,3.1112680508370603,-0.8911929526946263,0.2193169169348315,0.4574079480838815,62.45581388473511
1780876630.7855246,3.108806621349456,-0.8898694394406487,0.21941229433377218,0.4573707769607491,62.47881317138672
1780876630.805851,3.106372092322153,-0.8885054493530626,0.21942650562882066,0.4572772890186414,62.49913954734802
1780876630.826868,3.1040088511621056,-0.8870061303522817,0.21956778281359476,0.4569825904130642,62.52015662193298
1780876630.847108,3.1015328467842487,-0.88576126102275,0.21936128410669103,0.4570317214062367,62.54039645195007
1780876630.8702333,3.0991302822442632,-0.8843709167136395,0.2193528343211586,0.4568801545594532,62.56352186203003
1780876630.892279,3.096813714342109,-0.8828078298782921,0.2195577803181319,0.45648275963484597,62.585567474365234
1780876630.9136267,3.094400317342037,-0.8814721646175211,0.21937041009729372,0.45638972273811884,62.60691523551941
1780876630.9355114,3.092013838281338,-0.8800843521024181,0.21936016050014803,0.4562246425462497,62.62879991531372
1780876630.955424,3.089637919998031,-0.8786816288122427,0.2194853242467546,0.4560315793775578,62.64871263504028
1780876630.9774752,3.087224891709062,-0.8773748643320493,0.21944766869141205,0.45596824870573904,62.67076373100281
1780876631.0006108,3.0849104834542938,-0.8758744303377447,0.21948579132300258,0.45562806116625865,62.693899393081665
1780876631.0229495,3.0824824000166235,-0.8746206545777845,0.21946202556987673,0.4556269789917309,62.716238021850586
1780876631.0436184,3.08018013878857,-0.8731222303194216,0.21942567486303785,0.4552806346670497,62.73690700531006
1780876631.0687356,3.077778950050257,-0.8718393866640313,0.21932943605428354,0.45522516472558117,62.76202416419983
1780876631.093791,3.075425400401345,-0.8704685173673511,0.21928541375433497,0.45504876998580635,62.78707957267761
1780876631.1180634,3.0731012923742163,-0.8690376779911674,0.21951602656410774,0.45478018740428894,62.811352014541626
1780876631.1383362,3.070691945923473,-0.8678115002900012,0.2193162475043676,0.45479231515162866,62.83162474632263
1780876631.1599748,3.068388429704878,-0.8663679654164727,0.21941729559040826,0.4544988589930732,62.85326337814331
1780876631.1798937,3.066066619358395,-0.8649831503853131,0.21927912449597298,0.4542743756306029,62.87318229675293
1780876631.201865,3.0637059980689036,-0.8636805935303905,0.2193307607320219,0.4541675623513264,62.895153522491455
1780876631.2238393,3.0613927044982887,-0.8622902470368681,0.21947065508970073,0.45393122579040934,62.91712784767151
1780876631.2441175,3.0590578870735357,-0.8609679688075508,0.21933992295763763,0.4537820704593454,62.937406063079834
1780876631.2652636,3.0567339196738117,-0.8596311450922058,0.2192554282738276,0.45360923286983024,62.95855212211609
1780876631.291544,3.054417049320054,-0.8582882223614999,0.21924444771382734,0.45342359385536213,62.984832525253296
1780876631.3113396,3.0521063169861375,-0.856935597387268,0.2194672437326453,0.45322101089958977,63.00462818145752
1780876631.3341885,3.0497871773958836,-0.8556293107821825,0.21929657450952755,0.4530742162944694,63.02747702598572
1780876631.3556185,3.047484470648323,-0.8542957820865352,0.2191986471353546,0.45288604389910425,63.04890704154968
1780876631.3780487,3.045183195847576,-0.8529603177722459,0.21934595992349515,0.45269174949217916,63.07133722305298
1780876631.4001832,3.04287363311811,-0.8516610505409853,0.2193922021710776,0.4525432507778131,63.09347176551819
1780876631.4196146,3.040601102803148,-0.8503042267346294,0.21921399192962515,0.4523055255218811,63.112903118133545
1780876631.4414263,3.038289464009704,-0.8490326722708527,0.2191782324040499,0.45218406843816794,63.13471484184265
1780876631.4622705,3.0359866642320528,-0.8477484267810363,0.21930986337692812,0.4520457203558461,63.155559062957764
1780876631.483375,3.0337699482084157,-0.8463089437588623,0.2191712996678231,0.45167327854444217,63.176663637161255
1780876631.5056806,3.031448891087107,-0.8450826567152648,0.2193743184024392,0.451604436094013,63.19896912574768
1780876631.5258896,3.0291303319134566,-0.8438813016755706,0.21913192567222303,0.451563598707736,63.219178199768066
1780876631.5498443,3.0269152683482794,-0.8424624395827653,0.21923974924543382,0.45121352706799733,63.24313282966614
1780876631.5704057,3.0246307828882486,-0.8412037249582391,0.21919678155404923,0.4510785081451285,63.263694286346436
1780876631.5923288,3.022339025796729,-0.8399759870397113,0.21906981906196252,0.4509888828985691,63.28561735153198
1780876631.6174672,3.0201331657860955,-0.8385689354635323,0.2192226211555376,0.45063930178875644,63.31075572967529
1780876631.637054,3.017901820287068,-0.8372393053198355,0.21910192030418932,0.45038923552420584,63.330342531204224
1780876631.6589434,3.01557802458496,-0.8360976586243763,0.21929946758879498,0.4504098716808489,63.35223197937012
1780876631.6790454,3.013372553964449,-0.8347382514260915,0.21914367254018602,0.4501115353337397,63.372334003448486
1780876631.70345,3.011112349937997,-0.8334954814799511,0.21912922408826374,0.4499727078846272,63.39673852920532
1780876631.7264917,3.0088427563225006,-0.8322862972947536,0.2190790901619572,0.44988235274552135,63.419780254364014
1780876631.7471411,3.006659879108632,-0.8309001229799127,0.21921188210659603,0.449531901918073,63.4404296875
1780876631.7717438,3.0044312960490114,-0.8296268609233372,0.21921697743546467,0.4493357195068395,63.46503233909607
1780876631.7921097,3.002146866547939,-0.8284846309974366,0.21909979899588772,0.449325401435706,63.485398292541504
1780876631.8157735,2.9999656058063304,-0.8271284239037859,0.21923266152987306,0.4490065075223235,63.50906205177307
1780876631.8382068,2.9977639712619113,-0.8258361698752135,0.21914791080438242,0.44876756342347424,63.531495332717896
1780876631.8586738,2.9954978686296094,-0.8246874364589712,0.21905535908991083,0.44873304430521177,63.55196237564087
1780876631.8799837,2.993311322316716,-0.8233772396277772,0.2191638335390751,0.4484654481906425,63.57327222824097
1780876631.9004943,2.9911199890301186,-0.8220986669865112,0.21899203250195176,0.4482318602245883,63.593782901763916
1780876631.9252427,2.9888910147351835,-0.8208946046013613,0.21914952504780064,0.448107904994858,63.618531227111816
1780876631.9484198,2.986682339915069,-0.8196701794555501,0.21914880371779466,0.4479466886652137,63.64170837402344
1780876631.9689884,2.9845350403223962,-0.818333733198665,0.21896551937824008,0.44761770203391915,63.66227698326111
1780876631.9899087,2.9823246960404184,-0.817127906934183,0.2190620843475151,0.44747232765396827,63.683197259902954
1780876632.0141914,2.9800865291379046,-0.8159964274644823,0.2190335472557456,0.4474361891876111,63.70747995376587
1780876632.032666,2.9779555176591277,-0.8146444332934654,0.21923856934340885,0.4470727677584341,63.72595453262329
1780876632.0548847,2.975759430146201,-0.8134606836948396,0.21889316085506394,0.4469427333276661,63.748173236846924
1780876632.0751748,2.973558129681988,-0.8122696078578608,0.21922232310966258,0.44680860156321245,63.768463373184204
1780876632.0979164,2.971446511036817,-0.8109286494005769,0.21900449231495783,0.44644361491822515,63.79120492935181
1780876632.1196833,2.9692215085357794,-0.8098229429291518,0.2190183943772858,0.4464155155700116,63.81297183036804
1780876632.1403809,2.9670464220500676,-0.808629194593183,0.2189092630570076,0.446260720733445,63.83366942405701
1780876632.16412,2.9649327193333472,-0.8073034758962379,0.2191195307751621,0.4459087465340321,63.85740852355957
1780876632.1845245,2.9627795390383884,-0.8060889799500188,0.21899007981759883,0.4457092947284753,63.87781310081482
1780876632.2060356,2.9605715760418674,-0.804994022533999,0.218918381210332,0.4456812879084202,63.89932417869568
1780876632.2271712,2.9584150472993103,-0.8037974097357213,0.2189847426864187,0.44550584850709374,63.92045974731445
1780876632.248699,2.9563342512795296,-0.8024501964159142,0.2191191214022726,0.44510072188317995,63.94198751449585
1780876632.271107,2.9541150724287353,-0.801413018896363,0.21903786096164182,0.445143768767279,63.96439552307129
1780876632.2919295,2.9520138204319015,-0.8001391988754221,0.21895004370988563,0.44483965852227136,63.9852180480957
1780876632.3174872,2.9498999702002617,-0.7988977003698098,0.21892388581094582,0.4445745195931714,64.01077580451965
1780876632.3404896,2.9477224845988603,-0.7977974339006523,0.21905383049953908,0.4445155311662532,64.0337781906128
1780876632.3601031,2.945633231434385,-0.7965349951871923,0.21881164600976605,0.4442127092333745,64.05339169502258
1780876632.3824155,2.94354766195699,-0.7952579629905372,0.21902192450566998,0.4438845995644449,64.0757040977478
1780876632.4031694,2.941324362493778,-0.794290759880849,0.2189835960902515,0.44400500029795786,64.09645795822144
1780876632.425959,2.939216010189871,-0.7930987656690908,0.21881030398993304,0.44379320502417485,64.11924767494202
1780876632.4487371,2.937169669758574,-0.7917701310672808,0.21896064447489147,0.4433790840880647,64.14202570915222
1780876632.4691012,2.935103115300363,-0.7905078059208818,0.21887966957929703,0.44305216121962054,64.16238975524902
1780876632.4927154,2.9329150674264914,-0.7895021710160486,0.21899657096211844,0.44309998124377437,64.18600392341614
1780876632.5131793,2.930805524350189,-0.788347729455534,0.21891534397232415,0.4429293450249965,64.20646786689758
1780876632.5340447,2.9287557874617183,-0.7870710411166816,0.21903806226295772,0.44257031630968857,64.22733330726624
1780876632.5571344,2.926578612984441,-0.7860809725285555,0.21895366347298123,0.44262802612497865,64.25042295455933
1780876632.5784776,2.924501994237072,-0.784886481633308,0.21894890422057312,0.44238374415399484,64.2717661857605
1780876632.602279,2.9224765807227757,-0.783593851809258,0.21889319151556064,0.44198977882636736,64.2955675125122
1780876632.622415,2.920371122701617,-0.7824744809280789,0.21900087665542256,0.4418451529589742,64.31570363044739
1780876632.6437023,2.9182262060370574,-0.7814578303867071,0.21886560417057152,0.4418477481416172,64.33699083328247
1780876632.6663244,2.916172918543149,-0.7802474469576068,0.2189726914052686,0.44156572886928913,64.35961294174194
1780876632.6861022,2.914148618703339,-0.778995990794908,0.2187969702261111,0.4412131220458342,64.37939071655273
1780876632.709354,2.912042593952416,-0.7779110207772519,0.2190120869320298,0.44110362338146913,64.40264248847961
1780876632.73313,2.9099400771152992,-0.7768468441214028,0.21881554574442588,0.4410219908591966,64.42641854286194
1780876632.753741,2.9079217224785494,-0.7755970472801385,0.2189586798444638,0.44066597609521985,64.44702959060669
1780876632.7771091,2.9058932759305023,-0.7743920101401877,0.21883589869029488,0.44036465230665733,64.47039771080017
1780876632.7991738,2.903763758645036,-0.7733936663367599,0.21906965913326296,0.4403691832290644,64.4924623966217
1780876632.8224149,2.9017356053985797,-0.7722073623165393,0.21890654953380467,0.44009221089391204,64.51570343971252
1780876632.8447416,2.8996537171369208,-0.7711333265928849,0.21898070216153998,0.43997338636224015,64.53803014755249
1780876632.8651006,2.897599740109121,-0.7700119595711317,0.21899381327071768,0.4397865501824336,64.55838918685913
1780876632.8861659,2.89560302340419,-0.7687829507936697,0.21887724775093412,0.43943257599662733,64.57945442199707
1780876632.9071813,2.8935125088207188,-0.7677505009859272,0.21904242656007483,0.43936611646401946,64.60046982765198
1780876632.9286876,2.8914970846454566,-0.7665808355872255,0.21887761230218122,0.43909455663254704,64.62197613716125
1780876632.951588,2.889441093749766,-0.7654954287626198,0.21895848283746963,0.43893988529100536,64.64487648010254
1780876632.9731393,2.8873750449597995,-0.7644480474609394,0.21888558763452556,0.43884146554544934,64.66642785072327
1780876632.9959476,2.88539762848535,-0.7632092692956184,0.21902710597952013,0.4384585301885888,64.68923616409302
1780876633.017494,2.8833305292597293,-0.7621770490915001,0.2190449049410024,0.43837321706416077,64.71078252792358
1780876633.0401497,2.8813435807910315,-0.7609855219791821,0.21896293894641844,0.4380497653031874,64.73343825340271
1780876633.0614946,2.8792828264364614,-0.759954869586626,0.2189885763640482,0.4379596035876281,64.75478315353394
1780876633.081268,2.877262022926609,-0.7588514293489346,0.21895272204942348,0.4377607078883283,64.7745566368103
1780876633.1046085,2.8752547034249973,-0.7577249909258255,0.21895421557139721,0.4375208196185909,64.79789710044861
1780876633.12625,2.8732445080217355,-0.7566126766418798,0.2189568794464627,0.43730163913948417,64.81953859329224
1780876633.151506,2.8712059382359296,-0.7555681412334218,0.21896746950955337,0.4371762340679375,64.84479451179504
1780876633.1755562,2.8692190702942755,-0.7544179308078113,0.21906306793612,0.43689514716086997,64.86884474754333
1780876633.1973758,2.867185122630199,-0.7533823499187758,0.219003176995059,0.43677577209332696,64.89066433906555
1780876633.219049,2.865204223522412,-0.7522373577260839,0.21901404604571217,0.436492934262108,64.9123375415802
1780876633.2389534,2.863192206499161,-0.7511673204557511,0.21903362986981476,0.43632001935829834,64.9322419166565
1780876633.2628262,2.861218657971903,-0.7500272921911202,0.21893516595238485,0.4360343168772287,64.95611476898193
1780876633.2855096,2.8591802319233945,-0.7490295392719771,0.21893136098357713,0.4359588715294205,64.97879815101624
1780876633.306624,2.8572140518477753,-0.7478802625772251,0.21902795102399428,0.43565982798856595,64.99991250038147
1780876633.3296602,2.855204031923104,-0.7468384264234162,0.21899387616258245,0.4355094166821427,65.02294874191284
1780876633.3502042,2.853220506332297,-0.7457474825179928,0.21892285194521308,0.43528765840943784,65.04349279403687
1780876633.371784,2.8512301026777562,-0.7446750980297425,0.2189309595593181,0.43508738706644046,65.0650725364685
1780876633.394781,2.8492454340799953,-0.7435936669296622,0.21903980690888092,0.43487659911803345,65.0880696773529
1780876633.4194682,2.8472917668209927,-0.7424625264795947,0.21894408930210027,0.43458156938609704,65.11275672912598
1780876633.441772,2.8452616943553077,-0.7414931156098228,0.21901916299025864,0.4345253449154267,65.13506054878235
1780876633.4652526,2.8433004141043225,-0.7403832026380466,0.2191208736531423,0.4342604253599873,65.15854120254517
1780876633.484245,2.8413256045885027,-0.7393182026403806,0.21903111077793977,0.43405482275450513,65.1775336265564
1780876633.5070946,2.839344949544001,-0.7382718006761951,0.21892591947342013,0.4338741209503407,65.20038318634033
1780876633.5307148,2.8373809951009332,-0.7371907030207776,0.2189420864847016,0.43364159128965163,65.22400331497192
1780876633.5544677,2.835405092787228,-0.7361403749104222,0.2189899916589179,0.4334495493220256,65.24775624275208
1780876633.577104,2.833408072244031,-0.7351435113511163,0.21906218581432868,0.43333502712566485,65.2703926563263
1780876633.5970125,2.8315147279088633,-0.7339373192786378,0.2189046835160085,0.43290879666634474,65.29030108451843
1780876633.6215138,2.8295373099616112,-0.7329091397531876,0.21899548651615225,0.43273922809303045,65.31480240821838
1780876633.641589,2.8275174107248264,-0.731980290291808,0.21902061252516444,0.4327159240219274,65.33487749099731
1780876633.6637995,2.825604331083668,-0.7308255820525597,0.2191254589332719,0.4323580530544042,65.35708808898926
1780876633.6873171,2.823615768340548,-0.7298534007498473,0.21890379182582886,0.4322589094841822,65.38060569763184
1780876633.7078242,2.821676203872759,-0.7287649767406866,0.2190403670751781,0.43199707230493445,65.4011127948761
1780876633.7314694,2.8197492430365325,-0.7276680250693288,0.21890713759599764,0.4317101897547184,65.4247579574585
1780876633.752845,2.8177492409128257,-0.7267235619858573,0.219009495668628,0.4316478945429001,65.44613361358643
1780876633.7746983,2.8158044156613142,-0.7256702462934422,0.2190458406166561,0.4314254186146016,65.4679868221283
1780876633.7967944,2.8138893515011154,-0.7245618589651289,0.21895186538808212,0.4311163741840831,65.49008297920227
1780876633.8203835,2.811910751055367,-0.7235900081540083,0.21901499071679015,0.43100533283096887,65.51367211341858
1780876633.8436444,2.8099752687469732,-0.7225328891647678,0.21903797367900574,0.4307702340612103,65.53693294525146
1780876633.8649275,2.8080380773480047,-0.7214858755223728,0.21901843469618998,0.43054069046679544,65.5582160949707
1780876633.8895798,2.806076014561948,-0.7204994157110919,0.21898040942350722,0.430402972293086,65.58286833763123
1780876633.9169822,2.804171967436382,-0.7193823749522633,0.21914137546388265,0.43007127996256767,65.61027073860168
1780876633.9374557,2.80219911210993,-0.7184302357310388,0.21913325998316058,0.42997478903414876,65.6307442188263
1780876633.9607964,2.8003119899214206,-0.7172982301818487,0.21904148196889742,0.42961705500542635,65.65408492088318
1780876633.9811413,2.7983497533824213,-0.7163313011971169,0.21904327031949603,0.4294917945476806,65.67442989349365
1780876634.0040731,2.7964053393943678,-0.7153335235365096,0.21895009175299912,0.429323243230451,65.69736170768738
1780876634.0256944,2.7944862106312196,-0.7142705425963376,0.21919381260790105,0.42906014894334366,65.71898293495178
1780876634.0471973,2.7925563433797316,-0.7132607144574256,0.21894907969618127,0.4288645838911824,65.74048590660095
1780876634.069733,2.790623472706318,-0.7122464061645509,0.21898186234594444,0.42866498129148933,65.76302146911621
1780876634.0899088,2.788696927728962,-0.7112173493309861,0.21922165956348594,0.42844266098226313,65.7831974029541
1780876634.1116552,2.786762375389063,-0.7102323613901328,0.21892733105758638,0.4282758800644988,65.80494379997253
1780876634.1338472,2.7848432745958007,-0.7091959621958095,0.21910876360196863,0.42803993771233273,65.82713580131531
1780876634.1555908,2.7829498014808753,-0.7081160115061352,0.21917745533300267,0.42773435266633975,65.84887933731079
1780876634.178827,2.780966313716156,-0.7072472036894873,0.21898804102970987,0.42772908325825654,65.87211561203003
1780876634.20269,2.779062661298469,-0.7061981090289464,0.21903357800120102,0.4274672889811697,65.89597845077515
1780876634.2222345,2.7771888036446875,-0.7050876331364796,0.21904088763429694,0.4271110933126412,65.91552305221558
1780876634.2459486,2.7752482716190094,-0.7041208354198825,0.219266452228244,0.42696197467734365,65.93923711776733
1780876634.2657857,2.773305030602459,-0.7031836754979246,0.2190241736214436,0.42684916420130303,65.95907425880432
1780876634.2910972,2.7714347744048466,-0.702071971947728,0.2191734517367035,0.42649067642885896,65.98438572883606
1780876634.3141034,2.769514279215861,-0.7010880669842153,0.21904804791625784,0.42630503307644396,66.00739192962646
1780876634.3331249,2.7675727901497997,-0.7001492588875462,0.21899326128576233,0.4261858013213269,66.02641344070435
1780876634.3554902,2.7656535199618544,-0.6991522951398994,0.219281299234662,0.42598592847076944,66.04877877235413
1780876634.376588,2.76381139120653,-0.6980151114266753,0.2189676132694507,0.42557560049442955,66.0698766708374
1780876634.3979363,2.761882171721068,-0.6970578797970414,0.2189976188358536,0.42542079464129223,66.09122490882874
1780876634.421303,2.7599154763097378,-0.69617700913308,0.21923914556741084,0.42538089977221283,66.11459159851074
1780876634.4417493,2.7580568982110374,-0.695079084350719,0.21914521630706355,0.4250238090780254,66.13503789901733
1780876634.464293,2.756125930055311,-0.6941410873256691,0.21905794890856817,0.42489001011865657,66.15758156776428
1780876634.4848049,2.754195250950836,-0.6931998016930649,0.21913386347683778,0.4247570078240228,66.17809343338013
1780876634.5076072,2.752355594623918,-0.692058629706129,0.21926451410837597,0.42433303317811877,66.2008957862854
1780876634.529541,2.7503798986895553,-0.6912319130347723,0.2191576994847928,0.4243527534446496,66.222829580307
1780876634.551232,2.748492692494807,-0.6902107779283329,0.21910182558211733,0.42409791460566204,66.24452066421509
1780876634.575247,2.7466491030778823,-0.6890946084885226,0.21903705084298983,0.4237046255673169,66.26853561401367
1780876634.5950203,2.744742359114775,-0.6881178128647261,0.21908571820157657,0.4235055659694069,66.28830885887146
1780876634.6182437,2.742791532939951,-0.6872359401220379,0.21924764159414536,0.423446191286704,66.31153225898743
1780876634.6406107,2.7409391087743655,-0.6861485534296358,0.21924209146855783,0.423088531777962,66.33389925956726
1780876634.6616342,2.738988653876821,-0.6852854716553618,0.21910642261391097,0.4230442173119373,66.35492277145386
1780876634.683403,2.737090908216463,-0.6843053976477235,0.2190477633783758,0.42283803310043666,66.37669157981873
1780876634.7042673,2.7352442053981734,-0.6832057799811091,0.21915243443301055,0.4224597425009815,66.39755582809448
1780876634.7258422,2.7333586172766267,-0.6822006106408152,0.21919557423391112,0.42221059002323713,66.41913080215454
1780876634.7482736,2.73139596721612,-0.681368980149461,0.2192234499891544,0.42220955420161665,66.44156217575073
1780876634.7695339,2.7295457197276476,-0.6802880623520262,0.21932384994189325,0.4218529981249928,66.46282243728638
1780876634.7912016,2.7276364225768948,-0.6793532885343624,0.21912403105637582,0.42169694286488735,66.4844901561737
1780876634.810977,2.7257543889506293,-0.6783478937453897,0.21918942731850946,0.42144631151097567,66.5042655467987
1780876634.8329961,2.7238745609685053,-0.6773470632323467,0.21912651305431807,0.42119367724817636,66.52628469467163
1780876634.8563282,2.7219432613411954,-0.6764535578262874,0.21925552955378136,0.4210977990669136,66.54961681365967
1780876634.8760908,2.7200802239290254,-0.6754211128721104,0.21921436605696046,0.42080032138142087,66.5693793296814
1780876634.90135,2.718182774879027,-0.6744699670259707,0.21905241684629434,0.42061415012160897,66.59463858604431
1780876634.9255638,2.7162770907548235,-0.6735187947043959,0.21937430937750904,0.4204328968123523,66.61885237693787
1780876634.9453259,2.714416865006428,-0.6724956195801113,0.2191428829290028,0.4201420675946146,66.63861441612244
1780876634.96892,2.712504219596109,-0.6715791878222379,0.21913788646110235,0.4200009329934744,66.6622085571289
1780876634.9889438,2.710602984638965,-0.6706374009675458,0.2192057625558729,0.4198280411983202,66.68223237991333
1780876635.0153532,2.7087655735594165,-0.6695550723716118,0.21927063180090606,0.4194495776730456,66.70864176750183
1780876635.039792,2.706817108565561,-0.668726070268884,0.21929733101130064,0.41942949615224734,66.73308062553406
1780876635.059932,2.7049940625657003,-0.6676204696079217,0.21925690680320353,0.4190187437529094,66.7532205581665
1780876635.082502,2.7030762571927225,-0.6667324544910043,0.2191526934231844,0.4189078274567386,66.77579045295715
1780876635.1028476,2.7011953816815732,-0.66575400903075,0.21923296472547196,0.4186765841316049,66.79613614082336
1780876635.126426,2.699338393297123,-0.6647331311928997,0.21915852994671506,0.4183767449253315,66.81971454620361
1780876635.1505816,2.697399770528483,-0.6638859006116081,0.2193044510643686,0.4183248575571046,66.84387016296387
1780876635.1721294,2.6955518719024973,-0.6628438277170449,0.21931997555745267,0.4179955630412664,66.86541795730591
1780876635.1952853,2.6936213598388195,-0.6619957807924841,0.21917587789544238,0.41793617654275916,66.88857388496399
1780876635.2152429,2.691766579739501,-0.6609689081877282,0.21927435884062804,0.41762880439330274,66.90853142738342
1780876635.2386107,2.6898780434093537,-0.6600269249645051,0.21920610397504195,0.417432085327496,66.93189930915833
1780876635.263097,2.687999393604312,-0.6590621833221945,0.2191992793618724,0.4172088106608669,66.9563856124878
1780876635.2841787,2.686122494691781,-0.6580946372771732,0.2191903751319714,0.4169754918190067,66.97746729850769
1780876635.3070588,2.6842445289725676,-0.6571277001086335,0.2192752833804198,0.4167476811858126,67.00034737586975
1780876635.3277688,2.6823830638392807,-0.656133671703909,0.21917692657834115,0.4164726454313019,67.02105736732483
1780876635.3509107,2.680462438602491,-0.6552690259710514,0.21920255093272747,0.4163833267069652,67.04419922828674
1780876635.374664,2.6786008176147633,-0.6542699630892316,0.21929478999680302,0.4161049907656107,67.06795263290405
1780876635.394749,2.6767399270614707,-0.6532796455618526,0.21922330150404584,0.41583209009031474,67.08803749084473
1780876635.4171689,2.67482070841701,-0.6524173892533095,0.2192394404738094,0.4157429851131855,67.11045742034912
1780876635.4379125,2.672963966622455,-0.6514156431061942,0.21926679982570482,0.4154541105466336,67.13120102882385
1780876635.4658742,2.671070902044308,-0.6504987371952268,0.2192913922638124,0.4152829598420924,67.15916275978088
1780876635.4894524,2.669191781869181,-0.649553524914894,0.21929874605428415,0.4150731083200432,67.18274092674255
1780876635.512053,2.6673229734218826,-0.6485856648651239,0.219294159368684,0.414826282133685,67.20534157752991
1780876635.5367644,2.6654337212128274,-0.6476666453179348,0.21927819873736196,0.4146512899523973,67.23005294799805
1780876635.5569603,2.663559219513874,-0.6467172872688409,0.21924370195647416,0.41442734538870063,67.25024890899658
1780876635.5794344,2.6617012945639074,-0.6457295594988858,0.21923698476896591,0.4141525636181509,67.27272295951843
1780876635.6014428,2.6598048758452753,-0.6448285892482978,0.21930920705855284,0.4139958322380286,67.2947313785553
1780876635.6227207,2.6579327790854967,-0.6438782868665365,0.2192818292313073,0.41377160663475454,67.3160092830658
1780876635.6479905,2.6560488221081417,-0.6429567810994579,0.21924070523173866,0.41358344735603403,67.34127902984619
1780876635.6708834,2.6541867543403157,-0.6419843427945504,0.21926810430391874,0.41332288185404575,67.36417198181152
1780876635.6932204,2.6523045093976303,-0.6410611498003865,0.21927531403835637,0.41313188803927225,67.38650894165039
1780876635.7143428,2.6504272369144686,-0.6401277917477822,0.21926125569854032,0.41292426483263345,67.40763139724731
1780876635.7350938,2.648555418227432,-0.6391852402903078,0.21925363161254446,0.4127024009564835,67.428382396698
1780876635.7610548,2.64667530515677,-0.638258907439191,0.21931369327604108,0.4125033475415334,67.45434331893921
1780876635.7830563,2.6448042972262935,-0.6373187395427531,0.21926590116156505,0.4122802043156266,67.47634482383728
1780876635.804305,2.642920282863022,-0.6364089837820474,0.21926163604789586,0.4121035730274487,67.49759364128113
1780876635.8261056,2.641063688501298,-0.6354405750827427,0.21919976798162852,0.4118384423696462,67.51939415931702
1780876635.8465788,2.63917419948731,-0.6345456950566308,0.21921571786549635,0.41167814554191207,67.53986740112305
1780876635.8682234,2.6373168854656868,-0.6335793699022907,0.21921351783526447,0.41141536070339235,67.5615119934082
1780876635.8895168,2.635440142099473,-0.6326610734616515,0.21919275378105701,0.41121942073087236,67.58280539512634
1780876635.9096773,2.6335752234139567,-0.6317182547383339,0.2191483051637713,0.41098697604014234,67.60296583175659
1780876635.9322805,2.6316936592725617,-0.6308120254265072,0.21918328159496575,0.4108050856039025,67.62556910514832
1780876635.953907,2.629838288049763,-0.6298488609521387,0.21919988457400014,0.4105433074604363,67.64719557762146
1780876635.978496,2.627947119694068,-0.6289656987362283,0.21929316972001014,0.41039129719348466,67.67178463935852
1780876636.0015604,2.6260995629760178,-0.6279914480952811,0.21925320073399096,0.41010919352883235,67.69484901428223
1780876636.0250654,2.624209899082871,-0.6271185528161138,0.21914867498686377,0.4099695933552816,67.71835398674011
1780876636.048404,2.622357867319925,-0.6261558368229371,0.21915689736107344,0.4097014284767866,67.74169254302979
1780876636.0687563,2.620469505259048,-0.6252790436096747,0.2191682234545973,0.4095529578561239,67.76204490661621
1780876636.0918248,2.6186218230226816,-0.624307204393609,0.21924456744832582,0.4092726510802098,67.78511333465576
1780876636.1149082,2.6167548077822587,-0.6233875946397671,0.21920984616612263,0.4090585559050499,67.8081967830658
1780876636.135082,2.6148859706352283,-0.6224744386357077,0.21918511278042876,0.40885786692083936,67.82837057113647
1780876636.156672,2.6130000883183118,-0.6216010481454688,0.21917515324451903,0.40870854863110573,67.84996056556702
1780876636.177917,2.6111587664531895,-0.6206237673492935,0.21922865588027532,0.40841386941860947,67.8712055683136
1780876636.2036784,2.6092779653101217,-0.619741343233992,0.21925766130823632,0.40825059109583783,67.8969669342041
1780876636.2259414,2.607418295346492,-0.6188147248527082,0.2192498296243899,0.40802391520712256,67.91922998428345
1780876636.2458844,2.6055573936453174,-0.6178926903017768,0.2192450731608762,0.40780091497486826,67.93917298316956
1780876636.268606,2.6036812150299093,-0.617013824386857,0.21914213632096102,0.4076390095650231,67.96189451217651
1780876636.2898264,2.6018461734296165,-0.6160351886440739,0.2191647950123128,0.40733397835888674,67.98311495780945
1780876636.3157797,2.599964180696273,-0.615169268984659,0.2191497037815083,0.40718802193905557,68.00906825065613
1780876636.336615,2.5981061449177014,-0.6142515477108597,0.21912262179255818,0.40696607482681024,68.02990365028381
1780876636.3575678,2.5962566155361335,-0.6133151944100181,0.21911801169716877,0.4067180646002271,68.05085635185242
1780876636.3804955,2.594368881170352,-0.6124680837343955,0.21913636452020593,0.4065939720449254,68.0737841129303
1780876636.4031336,2.592528951320367,-0.6115133124423717,0.21916791012102255,0.40631863356223263,68.09642219543457
1780876636.421993,2.590663668480646,-0.610619295170878,0.2192024382536557,0.4061242524334272,68.11528158187866
1780876636.444142,2.5888111499386364,-0.609698182024922,0.21921842048695162,0.40589220915072843,68.1374306678772
1780876636.4640338,2.5869484784264003,-0.6088046648242675,0.2191952283973671,0.405697792179156,68.1573224067688
1780876636.486263,2.585096869076548,-0.6078911372843524,0.21912544972626163,0.405472179217476,68.17955160140991
1780876636.5077295,2.583237895649268,-0.6069914128253262,0.21918176900143596,0.40526790632636356,68.20101809501648
1780876636.5280147,2.5813993083060036,-0.6060563455526758,0.2190595425482397,0.40500695549338417,68.2213032245636
1780876636.549827,2.5795191258373356,-0.6052144557190007,0.2190449201744315,0.4048811738920266,68.24311566352844
1780876636.5710213,2.5776835703040915,-0.6042693004260768,0.21907006259328937,0.40460738558931997,68.26430988311768
1780876636.5954568,2.575832551051985,-0.6033628034550472,0.21911614987514946,0.4043836361547024,68.2887454032898
1780876636.617966,2.5739627448039357,-0.6025081479057838,0.21905196406291738,0.4042373011315439,68.31125450134277
1780876636.646111,2.5721178702270575,-0.6015913892489225,0.2191147066872458,0.40399697927929523,68.33939957618713
1780876636.6703632,2.5702591744464462,-0.6007176410517813,0.21903937080499636,0.40381944827768823,68.36365175247192
1780876636.6901116,2.568429373780495,-0.599775157017845,0.21901639985395685,0.40354007932025304,68.38340020179749
1780876636.7134397,2.566561743764365,-0.5989195448041,0.21909517773586887,0.4033850674723851,68.40672826766968
1780876636.735317,2.5647197972289515,-0.5980105258132637,0.2191176803471042,0.403154566213467,68.42860555648804
1780876636.756035,2.5628934054128876,-0.597070966671957,0.2190710430347493,0.4028726510957288,68.4493236541748
1780876636.7773533,2.5610195372200737,-0.5962428592532568,0.21906345714678094,0.4027539607900792,68.47064185142517
1780876636.797263,2.559182471861181,-0.5953297681608682,0.21909257218625353,0.40250903405107863,68.4905514717102
1780876636.82292,2.557322811532919,-0.5944771201256007,0.21905255085547182,0.4023528503581755,68.51620864868164
1780876636.845386,2.555489326209796,-0.5935604978618835,0.2191119259199498,0.40209865708772075,68.5386745929718
1780876636.8659613,2.5536251305030446,-0.5927277167124978,0.21900623871154626,0.401967317261235,68.55924987792969
1780876636.887611,2.551816759600532,-0.5917567088519179,0.2190768988971387,0.40163506028260976,68.580899477005
1780876636.907979,2.54995919081146,-0.5909079565774096,0.21908967676940927,0.40147823152056183,68.60126757621765
1780876636.9313166,2.5481193193057843,-0.5900231947877153,0.2190629298068395,0.40126470124551616,68.62460517883301
1780876636.9536085,2.546280934213027,-0.5891345611160709,0.21911975110228862,0.4010488806162833,68.64689707756042
1780876636.9739711,2.544444694519249,-0.5882452583945779,0.2191173490139524,0.4008259896486681,68.66725969314575
1780876636.996394,2.5426020205283573,-0.5873753649263233,0.2191026510206869,0.40063365847437016,68.6896824836731
1780876637.01625,2.5407769589870384,-0.5864695276580439,0.21902915744204732,0.4003838341178181,68.70953845977783
1780876637.0388098,2.5389207032674412,-0.5856372565116171,0.2190333469125863,0.40024119410321646,68.73209834098816
1780876637.0609832,2.5371100805646782,-0.5847003382709797,0.21901953513244082,0.39994653654100176,68.75427174568176
1780876637.0817199,2.53525397625788,-0.5838736176326782,0.21901503143430612,0.3998088620949254,68.7750084400177
1780876637.1066809,2.5334340842805245,-0.5829664273804044,0.21898533438734824,0.3995533322162057,68.79996943473816
1780876637.130558,2.5315785295056132,-0.5821439189811417,0.2190123440696311,0.39941737575759184,68.82384657859802
1780876637.1487992,2.5297694073348396,-0.5812129426872541,0.21906430051677148,0.39912786209472806,68.8420877456665
1780876637.1713142,2.5279262654051413,-0.5803675458949449,0.21907120394934942,0.39895535887431777,68.86460280418396
1780876637.1910508,2.526094083424266,-0.5795016501447616,0.21906155750489414,0.39875615470265124,68.88433933258057
1780876637.2132351,2.524294477971524,-0.5785666746463458,0.21894872734815796,0.39845079437988673,68.90652370452881
1780876637.2352931,2.5224192087207737,-0.5778076921870512,0.2189517520380002,0.3983993285884937,68.92858171463013
1780876637.2578874,2.5206061089206857,-0.5769025736671729,0.21901949413728353,0.3981396545773963,68.95117592811584
1780876637.2795649,2.518803336227747,-0.5759826783664654,0.21893046396115065,0.397852169535323,68.97285342216492
1780876637.3003082,2.5169516663127807,-0.5751790493040493,0.21890826988765036,0.3977323323608619,68.99359679222107
1780876637.3227394,2.515142119040403,-0.574274360821605,0.21899688520125485,0.3974692884780433,69.01602792739868
1780876637.3468447,2.513308633420476,-0.5734344435502433,0.21898757802305843,0.3972915895037614,69.04013323783875
1780876637.367068,2.5115118618233936,-0.5725082552109533,0.2190077369835733,0.3969939657362378,69.06035661697388
1780876637.3897111,2.509676566386936,-0.5716764660090694,0.21906869555460257,0.39682650586975754,69.08299970626831
1780876637.4104712,2.507828324588208,-0.5708851273929968,0.21897921112335364,0.39671787710490136,69.103759765625
1780876637.4326441,2.5060488059004458,-0.5699264422293586,0.21901889736590824,0.3963664382537573,69.12593269348145
1780876637.4540935,2.504194872497113,-0.5691499999762235,0.2190571717675263,0.396277324809005,69.14738202095032
1780876637.4743273,2.5024254550083906,-0.5681838131113156,0.21890944927357378,0.3959102492639488,69.16761589050293
1780876637.497286,2.500569531056264,-0.5674131208366576,0.21904313720879415,0.39582442306373,69.1905746459961
1780876637.5175447,2.498746128432623,-0.5665790732288948,0.218973007075959,0.3956487806070861,69.21083331108093
1780876637.5409527,2.496946551400742,-0.5656880540150802,0.21895472461290466,0.39538503115949464,69.23424124717712
1780876637.5628047,2.495142737980576,-0.5648081825637957,0.2190071475498391,0.39514072624265406,69.2560932636261
1780876637.5828092,2.4933050480080796,-0.5640171451338265,0.21893865933913922,0.39501845484034703,69.27609777450562
1780876637.6063912,2.491520370690086,-0.5630960004848061,0.21899684526894872,0.3947110374782987,69.29967975616455
1780876637.630784,2.4897013306137983,-0.5622631450592563,0.21902684912331996,0.3945253829757025,69.32407259941101
1780876637.6545599,2.4878683350003854,-0.561472686530043,0.21893971679152063,0.3944027205193903,69.34784841537476
1780876637.6757073,2.486082008202929,-0.5605646913776877,0.21899279416883902,0.3941074967542111,69.36899590492249
1780876637.6978114,2.484273395343649,-0.5597194203907035,0.21897264164489114,0.3939038538970596,69.39109992980957
1780876637.7218778,2.482454906651005,-0.5588968025950858,0.2190145882892422,0.39372904640174955,69.41516637802124
1780876637.742848,2.4806527871544026,-0.5580396078339211,0.21902234225707234,0.39350279573934266,69.43613648414612
1780876637.7656648,2.478855762770442,-0.5571755921586442,0.2189892139241049,0.3932660939619126,69.45895338058472
1780876637.7871869,2.477037497206583,-0.5563641585196785,0.21898948051375805,0.39310368786293726,69.48047542572021
1780876637.8071656,2.4752408627768636,-0.5555032387753898,0.21900976491401059,0.39286802060944837,69.50045418739319
1780876637.829298,2.4734427827688332,-0.5546490534451934,0.21900176628188656,0.3926411157089271,69.52258658409119
1780876637.8534973,2.4716351556017853,-0.5538201467161943,0.21902696778836742,0.39245033950189967,69.54678583145142
1780876637.8727434,2.469836549787912,-0.5529722861712506,0.21903280155823218,0.3922285521499749,69.56603193283081
1780876637.8945591,2.468031289015104,-0.552145326081924,0.21900624071022315,0.3920376612544656,69.58784770965576
1780876637.9148695,2.4662430430766777,-0.551283295077246,0.2189424379661435,0.3917905030323672,69.60815811157227
1780876637.939799,2.4644313983964836,-0.5504783009602858,0.21893128581103288,0.39163030488470785,69.63308763504028
1780876637.9631822,2.4626293404610413,-0.5496508797585791,0.21895615468972765,0.39143101781141,69.65647077560425
1780876637.9832237,2.460828503439698,-0.5488256381175765,0.21893845603570494,0.3912390912926593,69.67651224136353
1780876638.0058389,2.459033338985967,-0.5479874574309974,0.21896503185994795,0.39102076670183017,69.6991274356842
1780876638.027077,2.4572259011181483,-0.5471865735445935,0.21890970439662255,0.39086033836410294,69.72036552429199
1780876638.0499952,2.4554676640363904,-0.5462619732394983,0.2189697503739981,0.390516762511103,69.74328374862671
1780876638.0730498,2.4536530806696693,-0.54547912076677,0.21901304673701777,0.39037961046620673,69.76633834838867
1780876638.0934863,2.4518804217122794,-0.5446046134081569,0.2189170552045684,0.3901036511761591,69.78677487373352
1780876638.1164832,2.45007289903596,-0.5438125351263838,0.21891345960275985,0.38995006471289084,69.80977177619934
1780876638.136828,2.448278112685142,-0.5429915388310534,0.21892673777674432,0.38975011226990297,69.83011651039124
1780876638.1585617,2.4464919823283506,-0.5421527607625769,0.21895188849438224,0.3895269483358934,69.85185027122498
1780876638.1809504,2.444697686042303,-0.5413386250377604,0.21891854751964715,0.38933311887721445,69.87423896789551
1780876638.2032092,2.4429305553226004,-0.5404579466493293,0.21893547542006606,0.3890470786412372,69.89649772644043
1780876638.2272584,2.4411441270684664,-0.5396298127755531,0.21892647632779338,0.38883038784993573,69.9205470085144
1780876638.2476265,2.4393319229434387,-0.5388662347845465,0.21890278973924937,0.38871010863450195,69.94091510772705
1780876638.2704318,2.43755369005826,-0.5380168680107575,0.21900013133944976,0.38846166668358606,69.96372032165527
1780876638.2919586,2.4357417113870703,-0.53726200371892,0.2189341724750488,0.38835079443701304,69.98524713516235
1780876638.312454,2.43399095375689,-0.5363498965682812,0.2190673356740891,0.3880096962521016,70.00574254989624
1780876638.3353245,2.4321681119460603,-0.535632435843052,0.21888472614756224,0.3879471624244033,70.02861309051514
1780876638.3552146,2.43042030492007,-0.5347163612137069,0.21904464640614146,0.3876020738338344,70.04850316047668
1780876638.3778806,2.428615634982984,-0.5339564146016611,0.21893019703328528,0.3874731732073018,70.07116913795471
1780876638.4024858,2.4268648958418435,-0.5330590940015477,0.21893576232559317,0.38715225187309343,70.09577441215515
1780876638.4249942,2.4250971215883403,-0.5322110932309043,0.21887781047795032,0.3868948487673274,70.11828279495239
1780876638.4467607,2.423258326928105,-0.5315298787806796,0.2189805349238111,0.3868812625070852,70.14004921913147
1780876638.46684,2.4214929726496566,-0.5306748433300738,0.2190595418258999,0.3866162626543028,70.16012859344482
1780876638.4878616,2.4197442689246005,-0.5297916437332357,0.21889480555447147,0.3863056178531803,70.18115019798279
1780876638.5125036,2.417915215959919,-0.5290964215991684,0.21894947680302732,0.3862649732151757,70.20579218864441
1780876638.533681,2.4161310287687128,-0.5283024851128881,0.21884895991843867,0.3860840300558772,70.22696948051453
1780876638.5580795,2.4144056310298083,-0.5273535214885333,0.21898006136441892,0.3856781874093844,70.25136804580688
1780876638.5840917,2.4126282334006492,-0.5265417272828281,0.219020587473679,0.38546594246036925,70.2773802280426
1780876638.606453,2.410792982370317,-0.5258835715219665,0.21885251991173676,0.3854730877576884,70.29974150657654
1780876638.6302483,2.4090311686584944,-0.5250325235612003,0.2189757015626903,0.3852075155807846,70.32353687286377
1780876638.6509924,2.407308675047783,-0.5240987554514487,0.21882420232123323,0.38481535781288834,70.34428095817566
1780876638.673993,2.405506004616566,-0.5233474594639379,0.21906419951401848,0.3846867302155763,70.36728167533875
1780876638.700167,2.4036791925430308,-0.5226798454001369,0.2188602107040096,0.3846767312356434,70.3934555053711
1780876638.7190833,2.4019398546107174,-0.5217820626567595,0.21898584020107134,0.3843389281497993,70.41237187385559
1780876638.741226,2.4002152096198524,-0.5208628261947938,0.2188167164298689,0.38396370974465555,70.43451452255249
1780876638.7607398,2.3984106858632646,-0.5201289833447147,0.2189581934254069,0.3838537932251036,70.45402836799622
1780876638.783236,2.3966133478831253,-0.5193903864954608,0.21887261332405736,0.38374060055339143,70.47652459144592
1780876638.8036804,2.394875732320424,-0.5184905717660301,0.21908503391322268,0.3833942525288112,70.49696898460388
1780876638.8235528,2.3930971627167215,-0.517714169644825,0.21895547394473946,0.3832189957788712,70.51684141159058
1780876638.8460069,2.391310873511892,-0.5169561291522572,0.21880744713692177,0.38307038326063036,70.53929543495178
1780876638.8660753,2.3895333733780553,-0.5161557160140278,0.2191549638795233,0.3828657850471604,70.5593638420105
1780876638.8891754,2.38780799706577,-0.5152611471224826,0.2188274446259932,0.3825174957939934,70.58246397972107
1780876638.9129188,2.3860084518977525,-0.5145242232359256,0.21904043746599147,0.38239482053344354,70.60620737075806
1780876638.934008,2.3841903147343184,-0.5138603744522761,0.21879082669465083,0.3823776216084944,70.6272964477539
1780876638.9585686,2.382454699274979,-0.5129717888093408,0.21894927408248088,0.3820423354939706,70.65185713768005
1780876638.9791098,2.38073187176153,-0.5120619910137254,0.21888687028544637,0.38166895248680177,70.67239832878113
1780876639.0046704,2.3789391881560573,-0.511319090094285,0.21908487059901022,0.38153642821604716,70.69795894622803
1780876639.0268083,2.3771510675625103,-0.5105858123085272,0.21882437127315227,0.38141397062356397,70.72009682655334
1780876639.04695,2.3753917228742547,-0.5097548922863696,0.21911802015614112,0.38115754263188606,70.74023866653442
1780876639.0697334,2.3736730853280386,-0.5088506219899652,0.21891250972959228,0.38078681797265634,70.76302194595337
1780876639.0900755,2.3718574705525532,-0.5081716233503037,0.2190656382729554,0.38073908689867864,70.7833640575409
1780876639.113029,2.3700746155958705,-0.5074284731377641,0.21888187569453563,0.38060154695646453,70.80631756782532
1780876639.136018,2.3683440922410433,-0.5065393576100017,0.21899693452082342,0.38025575717502846,70.82930660247803
1780876639.155954,2.3665975775037067,-0.5057004846859374,0.21897594773440432,0.37997576383952314,70.84924244880676
1780876639.1780608,2.3647761804284966,-0.5050380639892538,0.21917283148909716,0.37995121501735163,70.8713493347168
1780876639.1983309,2.363052544234326,-0.5041536221377491,0.21897660024402793,0.3796072127640011,70.89161944389343
1780876639.2208834,2.361248387929889,-0.5034555879330026,0.21904731588128387,0.3795248600797283,70.91417193412781
1780876639.2449908,2.3594530932283893,-0.502752021937304,0.21885384497446025,0.3794364522040752,70.93827939033508
1780876639.2674227,2.357735743485745,-0.5018304293610094,0.2191054671041457,0.37904276080950705,70.96071124076843
1780876639.2891526,2.3559763620948533,-0.5010340922439979,0.21896109763359137,0.3788148085099472,70.98244118690491
1780876639.3119862,2.354157980273473,-0.5003749612859157,0.21909028106774098,0.37879002409754037,71.00527477264404
1780876639.330463,2.3524724847403666,-0.4993920902990764,0.2190320153247021,0.3783029355491614,71.02375149726868
1780876639.3523505,2.3506895950787343,-0.498657677919576,0.2188882091241663,0.3781608085940187,71.04563903808594
1780876639.3725715,2.348877293061941,-0.4979752999944436,0.21921778703407482,0.3781028876064507,71.06586003303528
1780876639.3971093,2.3471940382235355,-0.49699856643505275,0.21894865394487517,0.37761904705738836,71.09039783477783
1780876639.4208574,2.345430194592011,-0.4962156201836365,0.2188823503922307,0.37740757364408317,71.1141459941864
1780876639.440871,2.3435883071992007,-0.49561391071740724,0.21912413825043783,0.3774571925745338,71.13415956497192
1780876639.4628975,2.3418166602481385,-0.49485826521514525,0.21896647517205925,0.377285797701445,71.1561861038208
1780876639.4832058,2.340114655666719,-0.4939107435341128,0.21907526176446712,0.376845299771448,71.17649435997009
1780876639.5052671,2.338352096968541,-0.49312868941868937,0.21901182255388857,0.37663291127979015,71.19855570793152
1780876639.526229,2.3365238040501137,-0.492508296880214,0.21898255390201513,0.37664916696892803,71.21951746940613
1780876639.5468237,2.33475518756612,-0.4917375092846939,0.21900518478736936,0.37645559169617115,71.2401123046875
1780876639.5688314,2.333048309426036,-0.4907999672395097,0.2192039623875119,0.37602539172477734,71.26212000846863
1780876639.589133,2.331243708574529,-0.4901306171631119,0.21905057163468727,0.37596751947344487,71.2824215888977
1780876639.6101193,2.32951367386567,-0.4892599315809145,0.21909547952006175,0.3756325947981445,71.30340790748596
1780876639.6319203,2.3277625826656267,-0.4884513503717879,0.21900303001334856,0.375376871919638,71.32520890235901
1780876639.6534343,2.325941702374463,-0.4878046772989443,0.21920044903263933,0.3753548179573336,71.34672284126282
1780876639.6758447,2.3242231892571237,-0.48691363077654176,0.21911810896689393,0.3749855860567415,71.36913323402405
1780876639.6955845,2.3224149478907545,-0.4862450027561156,0.21913262751514634,0.3749263258539308,71.38887310028076
1780876639.7183056,2.320685135447425,-0.48538037547993756,0.21907949419580264,0.3745954490192691,71.41159415245056
1780876639.741995,2.3189061650209566,-0.4846380013186762,0.21908338666092567,0.37443010946378674,71.43528366088867
1780876639.7620022,2.3171313752015017,-0.4838887011182655,0.21899784724650737,0.3742586696110699,71.45529079437256
1780876639.786491,2.315382422542707,-0.4830597526291071,0.2191871726950832,0.373974559306645,71.47977948188782
1780876639.806516,2.313595588315379,-0.48234644935266746,0.21906998648463696,0.37384868480391376,71.49980449676514
1780876639.8297503,2.311844734339951,-0.48153758080755266,0.21895559640202597,0.37359097373984085,71.52303886413574
1780876639.853885,2.3100895610824286,-0.4807219096614467,0.2192386470950043,0.3733224223142475,71.54717350006104
1780876639.8741574,2.3082695143653846,-0.48009802530069295,0.21898559794451541,0.3733207333836379,71.56744599342346
1780876639.897208,2.3065242572673736,-0.4792688529160273,0.21903802186553328,0.3730344029983854,71.59049654006958
1780876639.9170315,2.304796981744298,-0.4783904631339155,0.21911322963272276,0.3726741276793213,71.61032009124756
1780876639.938038,2.302996895321947,-0.4777018985461901,0.2191961433127128,0.3725815498823071,71.63132667541504
1780876639.9625063,2.3012442571077516,-0.4768996242993056,0.2190687659259647,0.3723284300556493,71.6557948589325
1780876639.982849,2.2994687231802384,-0.47615032557109843,0.21904891238387308,0.37214677752928793,71.67613744735718
1780876640.0076566,2.2976916777590306,-0.47540055846026474,0.21912769246971692,0.3719697161644273,71.70094513893127
1780876640.0316892,2.2959447559496615,-0.4745789417533325,0.21909788954648457,0.37168383225764856,71.72497773170471
1780876640.0508924,2.2941577628795544,-0.4738556558307035,0.21915037690168881,0.37154230262076915,71.74418091773987
1780876640.0748763,2.292403208669986,-0.47305329568524124,0.21912577438740968,0.3712826860259488,71.76816487312317
1780876640.0950396,2.290639197345503,-0.47227168490531674,0.21915069078379842,0.37105775149117015,71.78832817077637
1780876640.1204574,2.2888758405120604,-0.47149093713406004,0.21912680223661302,0.37082743897450854,71.81374597549438
1780876640.143992,2.287084947638101,-0.47077985673331424,0.21911478653479438,0.37069817270452443,71.83728051185608
1780876640.1629295,2.2853316642496653,-0.46997048941679176,0.2191260628644033,0.370430044429928,71.85621809959412
1780876640.1872895,2.283539198391736,-0.46926166216895626,0.21912611928298595,0.3703008229292486,71.88057804107666
1780876640.20744,2.2817893452062212,-0.4684398301321551,0.21917748174214685,0.3700150847008832,71.90072846412659
1780876640.2296855,2.2800035483463263,-0.4677139539126413,0.2191705244944574,0.36986040521343355,71.92297410964966
1780876640.2524757,2.2782383282078214,-0.46693331007925304,0.21920833939193893,0.3696319758316511,71.9457643032074
1780876640.2736742,2.276474189978138,-0.46615020548823427,0.21919415578420648,0.36939494652392746,71.96696281433105
1780876640.2964594,2.2746995600349718,-0.46539444461691054,0.21918861974357096,0.369200263466829,71.98974800109863
1780876640.3185651,2.27292324659992,-0.46464155759935755,0.21919630599015477,0.36900608109344546,72.01185369491577
1780876640.3418162,2.2711539546081516,-0.4638704825018806,0.21918273170104263,0.36878641102593246,72.03510475158691
1780876640.3628986,2.2693816559047426,-0.46310516745043495,0.21920817338387458,0.36857526218783754,72.05618715286255
1780876640.3835094,2.2676112740916285,-0.4623356101802443,0.2192041475154021,0.36835611668142043,72.07679796218872
1780876640.4083762,2.2658341531485027,-0.4615833138744683,0.21920508433040709,0.3681614375369877,72.10166478157043
1780876640.429002,2.264061818427899,-0.4608174584964052,0.21921071903139172,0.3679481693770583,72.12229061126709
1780876640.4524806,2.262285677667098,-0.4600617602291406,0.21919463506164702,0.3677469214462601,72.1457691192627
1780876640.475768,2.260514973924972,-0.459290793235076,0.21919031290217902,0.3675251423676098,72.16905665397644
1780876640.4956756,2.258740151801566,-0.4585299466236901,0.2191978944488379,0.36731635759192294,72.18896412849426
1780876640.5182738,2.256960581618426,-0.4577822457119107,0.21916367839007392,0.36712432985206256,72.21156239509583
1780876640.5385225,2.2551979723705995,-0.4569884022034689,0.2191701799996003,0.3668688317396551,72.23181104660034
1780876640.5611436,2.2534127982095216,-0.4562515736347841,0.21921088842894584,0.36669246152088775,72.2544322013855
1780876640.5848963,2.2516381943833172,-0.45548602874802496,0.21923133211854595,0.3664745570435324,72.27818489074707
1780876640.6051064,2.249847534183141,-0.45476504383385663,0.21922885238378675,0.36632005562233516,72.29839491844177
1780876640.6272311,2.248121549745591,-0.45388331703700996,0.21905498153873795,0.3659377011369429,72.32051968574524
1780876640.6474996,2.2463122799670234,-0.4532026146105544,0.21919479127764996,0.3658354760384439,72.34078812599182
1780876640.670005,2.2445175028155107,-0.4524981850257703,0.21904238621134028,0.3657021259162363,72.36329364776611
1780876640.6921787,2.2427664666841167,-0.4516677220371393,0.21911627318945295,0.3653923811631703,72.3854672908783
1780876640.7126997,2.2409742830784327,-0.4509439126370581,0.2192294609174856,0.365229040495505,72.40598821640015
1780876640.7343829,2.2391886709131557,-0.45020929301030166,0.21920439944183698,0.36505199840891756,72.42767143249512
1780876640.7596784,2.237439868239482,-0.4493803591258764,0.2191154953784326,0.3647399368462647,72.45296692848206
1780876640.7765303,2.2356302054943167,-0.4487036026739236,0.21917461488602202,0.364642653920237,72.46981883049011
1780876640.800559,2.2338683597141906,-0.4479037030447691,0.21918958040454756,0.3643710522017267,72.49384760856628
1780876640.821741,2.2320910701744587,-0.44714606146513397,0.21917918239156092,0.3641599106862552,72.51502966880798
1780876640.8440237,2.2303068383372815,-0.446405420963193,0.21919180555914372,0.363967956415153,72.53731226921082
1780876640.867586,2.2285287124157795,-0.4456466466767335,0.21921211502963844,0.36375483191597713,72.56087446212769
1780876640.8871522,2.226747806221993,-0.44489895890993464,0.21916614842112656,0.3635532537680799,72.58044075965881
1780876640.909702,2.2249740967258687,-0.44413153734037564,0.219148943728208,0.36332617696898506,72.60299062728882
1780876640.9299386,2.2231946531790414,-0.44337717378770286,0.21917627690174205,0.36311308842558354,72.6232271194458
1780876640.9542153,2.2214006715556027,-0.4426617774468642,0.21917334904169367,0.3629576443173246,72.64750385284424
1780876640.9782374,2.2196402473250623,-0.4418582812103412,0.21915309520896198,0.3626758247054447,72.6715259552002
1780876641.0012672,2.217851735439288,-0.44112751476758627,0.21916259812760625,0.362498071303337,72.69455575942993
1780876641.023414,2.216061325255398,-0.44040120512143693,0.21917314713975894,0.3623224587574194,72.71670246124268
1780876641.044462,2.2142903611315146,-0.43962321584909947,0.21921216752262443,0.3620773363352692,72.73775053024292
1780876641.0660405,2.2125001295015894,-0.43889759481106555,0.2191904566185164,0.36190223494799056,72.75932908058167
1780876641.0889022,2.2107275001642446,-0.43812379047867367,0.21924052725196372,0.36166042764703654,72.78219079971313
1780876641.111127,2.208934311409136,-0.43740953255825,0.21919322707364927,0.361500705584036,72.80441546440125
1780876641.1341193,2.2071828102867586,-0.436585869015207,0.21911665349190776,0.36118728977034387,72.82740783691406
1780876641.154261,2.2053598943159862,-0.4359453425581387,0.21914240351631747,0.36112916048691446,72.84754967689514
1780876641.1760237,2.2036034804375424,-0.43512706215107727,0.21922329132938173,0.36082411104631085,72.86931228637695
1780876641.19838,2.201812909332911,-0.4344067297132065,0.21918658200742727,0.36065206775194447,72.89166855812073
1780876641.2200286,2.200034062573521,-0.4336607711947686,0.21901932597220036,0.36044428488800495,72.91331720352173
1780876641.242594,2.198262190379126,-0.4328874610934047,0.21902295501280733,0.3601989247830293,72.93588256835938
1780876641.2629979,2.1964681666976182,-0.4321673127060253,0.21914340262352766,0.36002640589788015,72.95628643035889
1780876641.2851923,2.194668988452032,-0.43147655268136287,0.21902086745039276,0.359895306138279,72.97848081588745
1780876641.3092186,2.1929291847983916,-0.4306170326855496,0.2190639253118482,0.3595270512759505,73.00250720977783
1780876641.3308048,2.191137984495039,-0.4298976089064571,0.21909048480547383,0.35935206240364614,73.02409338951111
1780876641.3550708,2.1893501148629344,-0.42917038218285736,0.21908130431117345,0.359171034127729,73.04835939407349
1780876641.3750641,2.187584487029327,-0.42838810326993415,0.21902569720052642,0.35890580572228714,73.06835269927979
1780876641.3974867,2.185764196669976,-0.42774672609798653,0.21902590397031532,0.3588409247321884,73.09077525138855
1780876641.4201734,2.1839994270351206,-0.4269516393408518,0.21917212509102224,0.3585623727352232,73.11346197128296
1780876641.4405706,2.1822458846027635,-0.4261434341952758,0.21902660036391425,0.3582582598543427,73.13385915756226
1780876641.4635284,2.1804251497151346,-0.42549807226491904,0.21917442357576292,0.3581869837820495,73.1568169593811
1780876641.4879653,2.1786757708465423,-0.4246760232816578,0.21908065687495337,0.3578639114405817,73.1812539100647
1780876641.5056467,2.1768623964933287,-0.4240168060933741,0.21914985771326703,0.35777154328196836,73.19893527030945
1780876641.5294213,2.1750984536513047,-0.42323009840450226,0.2191617964780273,0.3574971448834994,73.2227098941803
1780876641.5490656,2.1732899042020377,-0.42256953732495406,0.21904862810156936,0.3574001561030338,73.24235415458679
1780876641.5709891,2.1715427024793232,-0.42173519695550804,0.2191049330791577,0.35705900070144114,73.2642776966095
1780876641.5945916,2.1697420978016546,-0.4210487834912675,0.21909058141728105,0.35692424494290176,73.28788018226624
1780876641.6140156,2.1679721790587116,-0.4202804946119742,0.219100510172706,0.35667553319310485,73.30730414390564
1780876641.637272,2.166198936856627,-0.4195250300502449,0.2190545459296693,0.3564395738442041,73.33056044578552
1780876641.6572087,2.1644007058157184,-0.4188353439526437,0.21902628097357504,0.3562999724548437,73.35049724578857
1780876641.6814847,2.1626176351108937,-0.41810252410360055,0.21906299210280106,0.3560955171909477,73.37477326393127
1780876641.7086303,2.1608319938753158,-0.41738182577996835,0.2190442336814041,0.35591084647833604,73.40191888809204
1780876641.729141,2.1590800284714278,-0.4165686477158429,0.21905093947125115,0.35559399775420353,73.42242956161499
1780876641.7518911,2.157269678421026,-0.4159073877946445,0.21915720096582456,0.3554903986407023,73.44517970085144
1780876641.7719421,2.1555182633337386,-0.41510260313017827,0.21901464393911138,0.3551820219583943,73.46523070335388
1780876641.7947905,2.1537072763040785,-0.4144507231494342,0.2190271290767035,0.3550898158363278,73.48807907104492
1780876641.8170907,2.151939869684778,-0.413679006413876,0.2191198018634126,0.35483121651434857,73.51037931442261
1780876641.838893,2.1501639445090053,-0.41293785066871225,0.21908796472021724,0.35460933685330964,73.53218150138855
1780876641.861448,2.1483696806018107,-0.4122457792643115,0.21906713600327432,0.35445809670347295,73.5547366142273
1780876641.8813167,2.1466168883191648,-0.4114427563254497,0.2190224481068678,0.35414978951468257,73.57460522651672
1780876641.903436,2.1448085760699245,-0.4107895996017396,0.219024383836643,0.3540516525638644,73.59672451019287
1780876641.9271767,2.1430349520544336,-0.41004216095662577,0.21907960565019977,0.3538227572948962,73.62046527862549
1780876641.9495852,2.1412690087348163,-0.40927636234713427,0.21908419141401908,0.3535629716427362,73.64287376403809
1780876641.9721808,2.1394657208458434,-0.4086167293968989,0.21901064494797062,0.3534543850309344,73.66546940803528
1780876641.9924622,2.1377082547758897,-0.40782786229705076,0.21904304761121457,0.35316145831867907,73.68575072288513
1780876642.0166585,2.135931327018121,-0.40709552132212323,0.2190503546327971,0.3529507800539049,73.70994710922241
1780876642.038734,2.1341539594981245,-0.4063665211469349,0.21904151099204983,0.3527389711300053,73.73202252388
1780876642.0605838,2.1323742699973116,-0.40564488318838515,0.21901429215669538,0.3525417716071635,73.75387239456177
1780876642.0831506,2.1305912135524676,-0.404932406061644,0.21903296148251652,0.35235220033166037,73.77643918991089
1780876642.1037588,2.128809457364942,-0.4042188838744978,0.2190086885490885,0.3521635076759999,73.79704737663269
1780876642.1263652,2.127040471014884,-0.4034747833301614,0.21892793228250967,0.3519289907763996,73.81965374946594
1780876642.150219,2.1252533188413105,-0.4027764574990845,0.21893565113755448,0.35175883386069984,73.84350752830505
1780876642.1711116,2.123477824343237,-0.4020416547452255,0.21905945699946427,0.3515400532653903,73.86440014839172
1780876642.195066,2.121719621074345,-0.4012736437054699,0.21898480172689522,0.35126680052645654,73.88835453987122
1780876642.2197695,2.119924136625997,-0.4006002474426539,0.2190298055946386,0.351132795314391,73.91305804252625
1780876642.2392204,2.1181586321861827,-0.3998546175780856,0.2189568231253161,0.3508897406974487,73.93250894546509
1780876642.262976,2.1163711948306707,-0.399163944243337,0.21897689917356067,0.3507280299020792,73.95626449584961
1780876642.283448,2.114605563911307,-0.39841484347134326,0.21901290978865806,0.35048186998949404,73.97673654556274
1780876642.3064144,2.1128101216778723,-0.3977509674435164,0.21899577735037537,0.35035438667615004,73.99970293045044
1780876642.3312478,2.1110501614561725,-0.396987408651008,0.21903574073773086,0.3500857437174387,74.02453637123108
1780876642.3507476,2.109281690823975,-0.3962515641928942,0.21904871808292625,0.34985706351807977,74.04403614997864
1780876642.3732166,2.1074978854435336,-0.3955585627985765,0.21904169727995154,0.3496875882801742,74.06650519371033
1780876642.3939643,2.1057235225751443,-0.3948417417326351,0.2190490732482977,0.34947994222570333,74.0872528553009
1780876642.4156022,2.1039529624722704,-0.3941143601863184,0.21906430797914808,0.349261346375215,74.10889077186584
1780876642.4375238,2.1021815051640735,-0.3933931167410175,0.21904559840346058,0.34904808131122245,74.13081240653992
1780876642.4575124,2.100410691190008,-0.3926717036424211,0.21902659788092527,0.34883535147451106,74.15080094337463
1780876642.4792383,2.0986269267552653,-0.39198346369997494,0.2190560468037652,0.348667951807597,74.17252683639526
1780876642.4989626,2.096862520509036,-0.3912476286320207,0.21902579208398473,0.348429956466072,74.19225120544434
1780876642.521844,2.095089729987546,-0.39053468695100235,0.21902409169349774,0.34822747808419763,74.21513247489929
1780876642.543671,2.0933010689120137,-0.3898680875201776,0.21898258108885177,0.34808692783821016,74.23695945739746
1780876642.56414,2.0915443233422764,-0.3891128761342125,0.21897727852395463,0.34782108434759706,74.25742864608765
1780876642.5866733,2.0897679271598726,-0.3884129976278688,0.21900028264965976,0.34763330579733953,74.27996182441711
1780876642.6086226,2.087999677189585,-0.387689463403941,0.21906442010581267,0.3474111898846326,74.30191111564636
1780876642.632285,2.086224020693784,-0.38699034170456925,0.21906191963307486,0.3472232373116553,74.32557368278503
1780876642.6550124,2.084451097586934,-0.38628770081218383,0.2190329801763035,0.3470276818316913,74.34830093383789
1780876642.674879,2.0826823343454226,-0.3855726018059768,0.21904430339850609,0.34681502770352424,74.36816763877869
1780876642.6988363,2.080914261533416,-0.3848575358027011,0.21903372949863764,0.3466020921380881,74.39212489128113
1780876642.7199712,2.079142166988506,-0.38415464892483325,0.2190435180077993,0.34640302743314777,74.41325974464417
1780876642.743469,2.0773794649008104,-0.3834301418993913,0.21897946049991723,0.3461753713070994,74.43675756454468
1780876642.7673209,2.0755998740933395,-0.3827517257311685,0.21898619825438626,0.3460086549273189,74.46060943603516
1780876642.7869596,2.0738439836942697,-0.3820058760442554,0.21903022624888924,0.3457502741040077,74.48024821281433
1780876642.8142076,2.07205721859536,-0.38135267088498076,0.2189672750328059,0.3456192604405812,74.50749611854553
1780876642.8347447,2.0702985490136503,-0.3806177439130415,0.21899419484278826,0.3453714554648073,74.52803325653076
1780876642.8591766,2.0685320866322305,-0.3799083327508433,0.21900942433756485,0.34516179735208397,74.5524652004242
1780876642.8820283,2.066762105735076,-0.37920666065605063,0.2190529787037565,0.3449599976028779,74.57531690597534
1780876642.902617,2.064996866534825,-0.3784980889649382,0.21900248610733544,0.3447480857354428,74.59590554237366
1780876642.928919,2.0632241407389165,-0.37781248653439375,0.21897304504792958,0.3445665560808795,74.62220764160156
1780876642.9545462,2.0614666911000654,-0.3770823731300351,0.2189849818384587,0.34432308646698573,74.64783477783203
1780876642.972,2.059686714716465,-0.3764182049234328,0.21897683588164615,0.3441713726093898,74.66528844833374
1780876643.000426,2.0579352438024494,-0.3756770168482666,0.21893616318627016,0.34390958977661334,74.69371461868286
1780876643.0203357,2.0561548310976594,-0.3750143523415892,0.2189727566523587,0.34375818181408135,74.7136242389679
1780876643.0470939,2.054398281500962,-0.37428437646356566,0.219017194261605,0.3435110502123919,74.74038243293762
1780876643.0689223,2.0526234194215887,-0.3736143024129145,0.21897624103301966,0.3433488268539868,74.76221084594727
1780876643.09042,2.0508806805704305,-0.3728526685078449,0.21896623965125797,0.34305477417331076,74.7837085723877
1780876643.1129177,2.0490936358418392,-0.3722164287549622,0.218933360221355,0.34293802071243107,74.80620622634888
1780876643.1333115,2.0473446032982796,-0.3714743593041444,0.2189316076785158,0.3426698855629562,74.82660007476807
1780876643.1575458,2.0455700625777027,-0.3708042546667578,0.21894740745068378,0.34250294512594515,74.85083436965942
1780876643.1810424,2.0438099361534365,-0.3700925985142745,0.21900801615027612,0.3422797477288029,74.87433099746704
1780876643.2014093,2.042068094158484,-0.36934152481866384,0.2189049769322946,0.3419934014512602,74.89469790458679
1780876643.2253432,2.040269462232368,-0.3687412131773491,0.21894579989021806,0.34192416709071427,74.91863179206848
1780876643.2462208,2.0385294019369256,-0.3679783086443964,0.21899142965276663,0.3416247608705385,74.93950939178467
1780876643.2691045,2.036771345208138,-0.3672720078242842,0.21896959436048102,0.3414003372810068,74.96239304542542
1780876643.2909691,2.0349945395327484,-0.36661597671100143,0.21897924929252158,0.34125162560950706,74.98425769805908
1780876643.3110034,2.033246058729304,-0.3658872743520714,0.21892674194363407,0.3409939016433494,75.00429201126099
1780876643.3332455,2.0314524497767357,-0.3652833538877571,0.2189013624884441,0.34091433920115577,75.02653408050537
1780876643.354179,2.029718138048907,-0.36450653101502234,0.2190192964918247,0.34059220673549007,75.04746747016907
1780876643.3772943,2.027932954739691,-0.3638830569055172,0.21899366827750738,0.34048065161251184,75.0705828666687
1780876643.4001303,2.0262039398911713,-0.3631020902841689,0.21894463297447644,0.34015100900063366,75.09341883659363
1780876643.4202533,2.0244324154819644,-0.36243736271747135,0.21899411832648003,0.33997959165296265,75.11354184150696
1780876643.4420798,2.0226582967830202,-0.3617869160012155,0.21893319785637344,0.3398328358782088,75.13536834716797
1780876643.4620523,2.0209001114629803,-0.36108430742720277,0.21902633252375564,0.33960648900534807,75.15534090995789
1780876643.483756,2.0191043659816925,-0.3605041336398026,0.21887627706909277,0.3395554863691661,75.17704463005066
1780876643.505942,2.017383617615273,-0.3596921848688813,0.21905567523437797,0.3391800169765675,75.19923067092896
1780876643.5265906,2.015634739178001,-0.35897894405786795,0.21895800405929755,0.3389356872538265,75.21987915039062
1780876643.5499988,2.0138354568233474,-0.3584041206599966,0.21892777432241173,0.33888801582877814,75.2432873249054
1780876643.5707839,2.012094666180276,-0.3576600985182617,0.21899009172265566,0.3386054082453924,75.26407241821289
1780876643.5936785,2.0103398244398463,-0.35696324846103433,0.21892720852148534,0.33838199279717784,75.28696703910828
1780876643.6145315,2.0085877010850584,-0.3562527731198853,0.21899879805745176,0.3381456058675276,75.30782008171082
1780876643.6349025,2.0068351534572177,-0.3555488601024112,0.2189953745943382,0.33791100007720143,75.32819104194641
1780876643.6563754,2.0050498618100674,-0.3549396653005346,0.21895025961320128,0.33781457549025173,75.34966397285461
1780876643.6811373,2.003314742003593,-0.3541815858939977,0.21907017111321028,0.33750363480300116,75.37442588806152
1780876643.6995258,2.0015156987501106,-0.3536225664857408,0.2188901677318319,0.33747325097363756,75.39281439781189
1780876643.7231436,1.999783810477518,-0.35285331429435485,0.21906351982541586,0.337150872313277,75.41643214225769
1780876643.743247,1.998050985381593,-0.3521065777622377,0.21889976610731676,0.3368518570554926,75.43653559684753
1780876643.7650733,1.9962459013079017,-0.3515515387012426,0.2189778673582742,0.3368255625229004,75.45836186408997
1780876643.7890894,1.9944928842229006,-0.35085379654500237,0.21900802923118837,0.33660011254755595,75.48237800598145
1780876643.808523,1.9927735050336226,-0.35006723518449867,0.21889098109541233,0.3362435505309165,75.50181150436401
1780876643.8325267,1.9909858864127763,-0.34945872637939723,0.21909834509296897,0.3361411337437543,75.52581524848938
1780876643.8535926,1.989210904746083,-0.3488356444228825,0.21898986569388304,0.3360158132351465,75.54688119888306
1780876643.8778846,1.9875106147678017,-0.34799448223790524,0.2189041367605017,0.3355846483037048,75.57117319107056
1780876643.9015114,1.9857643624338737,-0.34728614550193593,0.2188449593466282,0.33533510498554886,75.59479999542236
1780876643.9243653,1.9839437377789721,-0.3467723896483318,0.2191177983212383,0.33536362389128804,75.61765384674072
1780876643.9464564,1.9822253827083873,-0.345992629146527,0.21893320726404586,0.33501683889132394,75.63974499702454
1780876643.9661918,1.9804573346452825,-0.34534614904791433,0.2189110021837959,0.33485173815528846,75.65948033332825
1780876643.9898274,1.9786750889966847,-0.34473456682400605,0.21897914797952572,0.33474198320844817,75.68311595916748
1780876644.0124362,1.9769443408482488,-0.34397684589188365,0.21910080781854893,0.3344224575424457,75.70572471618652
1780876644.0330749,1.97515766586465,-0.34339218287298584,0.2189772134046169,0.3343431736116198,75.72636342048645
1780876644.0545557,1.9734300131629106,-0.3426289280994655,0.21901835124403074,0.334018419734349,75.74784421920776
1780876644.0748243,1.9716518847924558,-0.34201583988753015,0.21897889812535767,0.3338964972292846,75.76811289787292
1780876644.0981789,1.9699133395924162,-0.3412843194075455,0.21902105726542126,0.3336153556007666,75.7914674282074
1780876644.120607,1.9681478324290669,-0.3406342138820307,0.21901547711463407,0.33344099400411054,75.81389546394348
1780876644.1409435,1.9663847243488226,-0.3399791264095027,0.21896722794045562,0.333262977538344,75.83423209190369
1780876644.1631527,1.9646322322150132,-0.33929023801310193,0.21898511577940816,0.33303551157404065,75.85644125938416
1780876644.1833243,1.9628760562100325,-0.3386124547568698,0.21900624964433535,0.3328237771298195,75.87661290168762
1780876644.2078435,1.9611175758192119,-0.3379430303857326,0.21900264320786383,0.33262904066683063,75.901132106781
1780876644.231478,1.9593545743443195,-0.3372879738743952,0.21897507987115555,0.3325392484111518,75.92476654052734
1780876644.2515757,1.9576136955206864,-0.3365648748531679,0.21901977595854635,0.3323552110693022,75.94486427307129
1780876644.2752683,1.9558441040284067,-0.3359225095203926,0.21910978880359935,0.33227731108784475,75.96855688095093
1780876644.2957768,1.9540851189907271,-0.3352570102604461,0.21906807625265678,0.3321683123038497,75.98906540870667
1780876644.3174117,1.9523173339507758,-0.33461782589617495,0.21901416800428722,0.3320377641312078,76.01070022583008
1780876644.3388782,1.9505685604064527,-0.3339180486872898,0.2190693016088252,0.3317786357042767,76.03216671943665
1780876644.3633206,1.9488074768425303,-0.3332572486070476,0.21904521509232358,0.3315683721542264,76.05660915374756
1780876644.3872638,1.9470590762906306,-0.33255262423184384,0.2191398477405143,0.33130239905335124,76.08055233955383
1780876644.410679,1.9453086754217936,-0.33186354507961385,0.21909087110372621,0.33105304580550055,76.10396766662598
1780876644.429207,1.943518360592655,-0.33128935736681864,0.21902646688280705,0.3309692190067004,76.12249565124512
1780876644.4513958,1.9417887549429391,-0.3305304268494147,0.21910663430847235,0.3306299870407301,76.14468431472778
1780876644.4726732,1.9400369452357833,-0.3298449799724906,0.21905137023807916,0.3303871094528006,76.16596174240112
1780876644.4959402,1.938250161461664,-0.3292534769648644,0.21911734299615676,0.33028141887044526,76.18922877311707
1780876644.5186472,1.936545024749609,-0.3284388791878056,0.2189184598675532,0.3299008690707588,76.2119357585907
1780876644.539009,1.9347690237066713,-0.3278123073247659,0.2190778080817209,0.3298340930767143,76.23229765892029
1780876644.5618157,1.9329472192347177,-0.32733945290360983,0.21884957083080558,0.3299772496366664,76.25510430335999
1780876644.5819488,1.931186797928157,-0.326675246503827,0.21886094000591388,0.32985491194738703,76.27523732185364
1780876644.6059134,1.9294931436678824,-0.3257990401733712,0.21914005767184444,0.32943548263839517,76.29920196533203
1780876644.628711,1.927715095513402,-0.3252026514764535,0.21886035404171683,0.3293933187524072,76.32199954986572
1780876644.6508086,1.9259276945882737,-0.324595226777002,0.21923723401061657,0.3293445884318231,76.34409713745117
1780876644.6718972,1.9242367369910707,-0.32374381519524603,0.21896994028752237,0.3289456021287398,76.36518573760986
1780876644.6924627,1.9224669041369293,-0.32310721118134206,0.21897937969028428,0.3288424623612727,76.385751247406
1780876644.713807,1.9206395225510855,-0.3226318075327004,0.21907329513162255,0.32896681836948716,76.40709567070007
1780876644.7367845,1.9189052196472278,-0.3218963646116079,0.21900871262548774,0.32872944334054743,76.43007302284241
1780876644.7595155,1.9171707225728152,-0.32115948438578046,0.21891395031762184,0.32848572027614775,76.45280408859253
1780876644.7829344,1.9153980272039752,-0.32051495201327485,0.21920233010131826,0.32836864036302416,76.47622299194336
1780876644.8030999,1.913594890374302,-0.31998774019430265,0.21898269355459196,0.32841200582760344,76.49638843536377
1780876644.8273015,1.9118586897935903,-0.3192426398844453,0.21914947650583635,0.3281572736715965,76.52059006690979
1780876644.850032,1.9101432190351204,-0.31845869314419034,0.21891231177794293,0.32783946272758424,76.54332065582275
1780876644.8730888,1.9083472769535508,-0.3178896820224344,0.2190479878132652,0.3278190702038044,76.56637740135193
1780876644.8977757,1.9065853001546924,-0.3172227643418617,0.2191145146248855,0.32766746917491396,76.59106421470642
1780876644.9190202,1.9048725562301616,-0.3164275334750784,0.21893298601444,0.32732730398779264,76.61230874061584
1780876644.9427578,1.9030723530758207,-0.3158684579138705,0.21909499501164847,0.32731612086487516,76.63604640960693
1780876644.9651246,1.9012993474054902,-0.3152375945649932,0.21907851747542448,0.327208208240787,76.65841317176819
1780876644.9860725,1.8995654804428246,-0.3144985200666028,0.2189619841502922,0.3269394970548891,76.67936110496521
1780876645.00943,1.897762175163354,-0.3139461764983274,0.2191249661146988,0.3269322440558131,76.70271849632263
1780876645.0319695,1.8959914984399642,-0.3133103833020121,0.21909377737508012,0.3268086969933446,76.72525811195374
1780876645.0551615,1.8942612446200142,-0.31254682720863614,0.21917161473111876,0.3265022108447413,76.74845004081726
1780876645.0789242,1.8924570420126405,-0.3120132122278217,0.21904438130926984,0.3265134429658474,76.77221274375916
1780876645.099077,1.8907198935869716,-0.31126321771208987,0.21923634487484997,0.32622466250850124,76.79236555099487
1780876645.1218877,1.8889855810263854,-0.3105326410068556,0.2189356176404553,0.32595662575280215,76.81517624855042
1780876645.1460586,1.8871770964857857,-0.3099913275765506,0.21911985566744357,0.3259510997982469,76.83934712409973
1780876645.1639102,1.8853877514921624,-0.3094155020429733,0.21895201931511996,0.3258972835128988,76.85719871520996
1780876645.189562,1.8836672250590105,-0.30861164381596423,0.21917355326725665,0.32552868078006725,76.88285064697266
1780876645.2157512,1.881898934317842,-0.30797393612579227,0.2189395827549754,0.3253802471814149,76.90903973579407
1780876645.23876,1.880113732048793,-0.30735800934905155,0.21921009065425917,0.32527198256065937,76.93204855918884
1780876645.2640696,1.8784075446637332,-0.30653751084156405,0.2189584755993904,0.3248701342101308,76.95735812187195
1780876645.2841406,1.876621477011701,-0.30593475485020394,0.21902957433637202,0.32476794414803667,76.97742915153503
1780876645.307962,1.8748034627077899,-0.30542519372182486,0.21908464408460723,0.32479667846907745,77.00125050544739
1780876645.3307085,1.8730643945971113,-0.30468350552214485,0.21916880881913697,0.324504528064816,77.02399706840515
1780876645.3525133,1.8713060771190815,-0.3040137613373651,0.2189148047752883,0.3243054186577279,77.04580187797546
1780876645.3771951,1.8695225382456433,-0.30338624581419843,0.2192198861975275,0.32416741519525694,77.0704836845398
1780876645.3992567,1.8677452888549182,-0.30277744816847696,0.21894918026963958,0.3240475951427264,77.0925452709198
1780876645.421018,1.8659990469818866,-0.30205041885115974,0.2190328736826843,0.3237694980033403,77.11430644989014
1780876645.441611,1.864260681727249,-0.30130722007551397,0.21903716709900875,0.32346251900877565,77.13489961624146
1780876645.4636898,1.862435367863357,-0.3008126449170067,0.21921818859260264,0.3235000422791998,77.15697836875916
1780876645.4867432,1.8606963365524043,-0.3000841206838148,0.21895685280895494,0.32321126009563095,77.18003177642822
1780876645.5088415,1.8589375583939878,-0.2993935303600216,0.21904528560120712,0.32296878062645984,77.20213007926941
1780876645.5349162,1.8571261858733041,-0.29885511076226967,0.21923413043307194,0.3229428264502152,77.22820472717285
1780876645.5552564,1.8554134077599207,-0.2980472950894834,0.21896541057699412,0.32253614690600596,77.24854493141174
1780876645.5775857,1.853631474225161,-0.29742587408865745,0.21903728225183144,0.3223843038678167,77.27087426185608
1780876645.6006987,1.8518071157774416,-0.2969305065632476,0.219087190521282,0.3224085443464517,77.29398727416992
1780876645.621841,1.85005311295288,-0.29622730017654203,0.21915323732415423,0.3221435459649946,77.31512951850891
1780876645.6450126,1.8483108512183504,-0.29550094686974654,0.21892891411260076,0.3218427166710418,77.33830118179321
1780876645.665229,1.8465213988412252,-0.29488783577489897,0.2192034294336951,0.32169637994360745,77.35851764678955
1780876645.6895206,1.8447083363714434,-0.2943751067197616,0.21896536311456363,0.32168789816950394,77.38280916213989
1780876645.711191,1.8429673077326696,-0.2936260681570147,0.21907669573070354,0.32135354319790643,77.40447950363159
1780876645.7341068,1.8412099034280973,-0.2929273181110431,0.21911902409065334,0.3210828347183483,77.42739534378052
1780876645.7586,1.8394069305683372,-0.292374935826317,0.21902697973221388,0.3210175310806225,77.45188856124878
1780876645.7805443,1.8376636271083362,-0.2916272020877442,0.2191781895269201,0.32067900410213035,77.47383284568787
1780876645.8043666,1.8358942749152685,-0.29096932245886836,0.21916789520483568,0.32045932584503056,77.49765515327454
1780876645.8259237,1.8340856485474744,-0.2904345092551926,0.219028603825352,0.3204109745336927,77.51921224594116
1780876645.845899,1.8323370312865759,-0.2897062564970571,0.219100257003503,0.3200989849078102,77.53918766975403
1780876645.869206,1.8305627452685171,-0.2890634669241105,0.21900085707843645,0.3198956747605868,77.56249451637268
1780876645.8930924,1.828777960313597,-0.28843673473618425,0.21917657696955917,0.31971999101300597,77.58638095855713
1780876645.913157,1.8270434279568866,-0.2876778584493271,0.21901995661141255,0.31935267303881965,77.60644555091858
1780876645.9352205,1.825227973409085,-0.2871431901284678,0.21918992990814165,0.31929796226568463,77.62850904464722
1780876645.9558725,1.8234782494021344,-0.28642341896768053,0.21911040579189556,0.3189872044997575,77.64916110038757
1780876645.9778507,1.8216833132583743,-0.28583060031462454,0.21919472692114395,0.3188459496670184,77.67113924026489
1780876645.9996586,1.8198950425605636,-0.2852274953306945,0.21908734951283415,0.3186909549749206,77.69294714927673
1780876646.0193064,1.8181414429797784,-0.28451531610883135,0.21905264786043357,0.3183830577646898,77.71259498596191
1780876646.041434,1.8163422588588372,-0.28393649967385515,0.2190766800122386,0.31825909103578276,77.73472261428833
1780876646.06343,1.8145765666764142,-0.28325650972289645,0.2191140270165749,0.31799571491377243,77.75671863555908
1780876646.084414,1.8127910316665263,-0.28264036210217985,0.2190524360670414,0.31781288665986196,77.77770256996155
1780876646.1060958,1.8110321788520207,-0.2819371228570649,0.21908457546335747,0.31751393054340404,77.79938435554504
1780876646.126599,1.8092677596122262,-0.28125514819158887,0.21904600092856635,0.3172407980320697,77.81988763809204
1780876646.152886,1.8074467082823045,-0.28073055943399156,0.2192275441112294,0.31718798252243374,77.84617447853088
1780876646.1767006,1.8057173585104476,-0.2799521097317143,0.21899749204416205,0.31677858390529234,77.86998915672302
1780876646.2006507,1.8039185596245293,-0.279366750357396,0.21906935458914947,0.3166323791429555,77.89393925666809
1780876646.2220907,1.8021098397689346,-0.27882092373751255,0.21895249405235642,0.31654578105823816,77.91537928581238
1780876646.2429144,1.8003450854645455,-0.2781198480655185,0.21919596458527338,0.31624621668470887,77.93620300292969
1780876646.2641137,1.798602030021825,-0.27738005750864514,0.21901708919667706,0.31588499217990407,77.95740222930908
1780876646.2853456,1.7967727203906687,-0.27688519110524457,0.21911313711284006,0.31586012399370844,77.97863411903381
1780876646.3075078,1.795011696149419,-0.2761924545006872,0.21902045193708164,0.31556380608198786,78.0007963180542
1780876646.3291805,1.7932238145078543,-0.27557325309355707,0.2190649132199012,0.3153661562711676,78.02246904373169
1780876646.3490787,1.791434868916608,-0.27496481842571024,0.21899541369645445,0.31518595278366135,78.04236721992493
1780876646.3720686,1.7896766608793433,-0.2742555818556426,0.21900896555268978,0.3148613129304323,78.06535720825195
1780876646.3920646,1.7878816613492445,-0.2736531382094295,0.21911819904398078,0.31468122915432684,78.08535313606262
1780876646.4148507,1.7860810076253912,-0.2730829670191497,0.21901143826805278,0.314547242946162,78.10813927650452
1780876646.4362776,1.7843350121511667,-0.27232969951800823,0.2191257700720567,0.3141590679961688,78.12956619262695
1780876646.4564972,1.7825577329249036,-0.27168711024695624,0.21905600580656248,0.31391892600621585,78.14978575706482
1780876646.4816303,1.780737743589499,-0.271175314908327,0.21892850416217102,0.3138563003271182,78.17491888999939
1780876646.5042741,1.7789600829009717,-0.2705254615580329,0.21894815438879403,0.3136058622185285,78.19756269454956
1780876646.5278523,1.7772121974869743,-0.2697696118933075,0.21921393998866964,0.3132078442514512,78.22114086151123
1780876646.548686,1.7753738728005004,-0.26932774561067835,0.21890095616193306,0.31323874416640685,78.24197459220886
1780876646.5693624,1.7735896000542355,-0.2687012317573715,0.21888021418403872,0.31301755745598747,78.26265096664429
1780876646.59271,1.7718670299328498,-0.2678635100744462,0.2192020727310423,0.312501573289504,78.28599858283997
1780876646.6148548,1.7700646199452044,-0.26730986398666273,0.2189037549993033,0.3123688834470446,78.30814337730408
1780876646.6348968,1.7682439400098509,-0.26678908497807596,0.21900619139734556,0.3122943088460719,78.32818531990051
1780876646.6568234,1.7665189676640622,-0.2659733961326727,0.21911856703645757,0.31180606682986767,78.35011196136475
1780876646.677374,1.764720643352077,-0.26539819106123175,0.21895806473994256,0.3116417812908132,78.3706624507904
1780876646.6984801,1.7628939757474702,-0.2649027157579369,0.21898506523565148,0.3115924656785536,78.39176869392395
1780876646.7209146,1.761162915151037,-0.2641093849270382,0.21905200854380727,0.31113067516809423,78.41420316696167
1780876646.7408867,1.759387156371438,-0.26346381042103695,0.2189096256130761,0.3108679187576886,78.43417525291443
1780876646.7637982,1.7575683443347385,-0.26293570801716404,0.2191291027004449,0.3107709800163434,78.45708680152893
1780876646.784102,1.7558237393817733,-0.2622024715684806,0.21887544003963832,0.31038462844525405,78.47739052772522
1780876646.8053663,1.754051692512739,-0.2615325824997442,0.21900153762771232,0.31008074706677924,78.49865484237671
1780876646.8285007,1.752210612958689,-0.26107960470043684,0.21913065896990522,0.3100842949001912,78.52178931236267
1780876646.8484473,1.750486398327346,-0.26027862254598316,0.21899158716219436,0.30960223262919495,78.54173588752747
1780876646.8700793,1.7487003109547719,-0.2596686167819109,0.21887005009329655,0.30937575949109863,78.56336784362793
1780876646.8899903,1.7468774338689737,-0.25915608517092936,0.21902280545038408,0.3092882977810536,78.58327889442444
1780876646.9124885,1.7450934838960894,-0.2585360293381683,0.21903621970689913,0.30904781669051573,78.60577702522278
1780876646.935626,1.7433523384674587,-0.25778729953585067,0.21889725465997412,0.30862842721680916,78.62891459465027
1780876646.956023,1.7415605683051258,-0.2571865969866602,0.21897249286871998,0.3084095213061717,78.64931154251099
1780876646.978534,1.7397510999215602,-0.2566487370667295,0.21890712246516175,0.30827807001373486,78.6718225479126
1780876646.9997666,1.737975099629165,-0.25598777407661694,0.2191831973124089,0.3079744957866577,78.69305515289307
1780876647.022964,1.736223752812639,-0.2552864360543681,0.21885912665180346,0.30761063210232376,78.71625256538391
1780876647.045386,1.7344094392825422,-0.2547471549216484,0.21908781425955573,0.3074716514185738,78.73867464065552
1780876647.065586,1.7325856681084184,-0.25427297580264213,0.21880747363542008,0.3074219670200833,78.7588746547699
1780876647.0886087,1.7308272955376742,-0.2535676184914554,0.21894048939710806,0.3070509091066196,78.78189730644226
1780876647.1096923,1.7290952763875722,-0.25277528391241305,0.2190995780589747,0.3065535052083401,78.80298089981079
1780876647.1310878,1.7272722407824677,-0.25229116735923335,0.2189994012908103,0.3064838614453027,78.82437634468079
1780876647.1546676,1.725512843327013,-0.2515962266364385,0.21900112764923638,0.306125033421873,78.84795618057251
1780876647.1761508,1.723762420909748,-0.2508836604924145,0.21887232321032762,0.30573057020526573,78.86943936347961
1780876647.1997182,1.7219324476977174,-0.25040283841617206,0.21909012479484327,0.3056591901677974,78.89300680160522
1780876647.220258,1.720171945626202,-0.24972291485331796,0.218944486860654,0.305314617570275,78.91354656219482
1780876647.242313,1.7184044309574804,-0.2490623219019118,0.21888077928093105,0.3049899181182347,78.93560147285461
1780876647.2676334,1.7165701239487587,-0.24859749919301655,0.21906219961603204,0.30493817816453905,78.96092200279236
1780876647.2879658,1.7148091262299363,-0.24792378253007533,0.21891100788603104,0.3045926443205449,78.98125433921814
1780876647.3110015,1.713044251668024,-0.24725206011275538,0.21888647827483268,0.3042467898879275,79.00429010391235
1780876647.3348522,1.7112476486344648,-0.24666851783414695,0.21910592656122044,0.3040261664389021,79.02814078330994
1780876647.3540645,1.7094427117561142,-0.2461367154600624,0.21894659819217174,0.30387462325340664,79.0473530292511
1780876647.376745,1.7076965954219148,-0.24539991254759785,0.2190637684631093,0.3034356001773517,79.07003355026245
1780876647.3974528,1.7059159984650472,-0.24478457297320463,0.21903309231002538,0.3031583665820339,79.09074139595032
1780876647.420398,1.70411323564212,-0.24424285655132935,0.21893382139348125,0.30298796193977573,79.11368656158447
1780876647.4460542,1.702348273345484,-0.24356444191993415,0.21910058195756005,0.3026262120613161,79.13934278488159
1780876647.4649467,1.7005498563712582,-0.2430139495644171,0.21901203737372324,0.30243653726185915,79.15823531150818
1780876647.4873834,1.6987811150429337,-0.24236888776606114,0.21885555848803107,0.30211447789309176,79.18067193031311
1780876647.5084803,1.6969993936892531,-0.24174338918442206,0.21906472963324652,0.30181691154457013,79.20176887512207
1780876647.5317707,1.6951967254658233,-0.2412037251855457,0.2190580662025788,0.30164109470360057,79.22505927085876
1780876647.554246,1.6934673198207806,-0.24043661210319328,0.2188814812360348,0.30114474686691484,79.24753451347351
1780876647.5753155,1.6916803205172757,-0.23984389022748073,0.21891452103327394,0.3008860714800381,79.26860404014587
1780876647.5985448,1.6898481268630667,-0.23939108114562255,0.21901360929212307,0.3008229412502681,79.29183340072632
1780876647.618845,1.6880964132247387,-0.23869402069913812,0.21895183442241234,0.3004187224990975,79.31213355064392
1780876647.6404438,1.6863183868225922,-0.23808217318017813,0.21883207940521043,0.3001293941153662,79.33373236656189
1780876647.6632917,1.684521135734745,-0.23750848765079136,0.21913508335834372,0.2998953386002192,79.35658025741577
1780876647.6843114,1.6827585844673272,-0.23686218133308093,0.21886592585744763,0.2995517421956553,79.3775999546051
1780876647.7056646,1.6809695737068167,-0.23628005195671672,0.21888627556764614,0.29929521800483805,79.3989531993866
1780876647.7261386,1.6791652156715209,-0.23574493264944715,0.2190471774670694,0.29911032580078434,79.41942715644836
1780876647.7513194,1.6774357351755016,-0.23498985952573181,0.21880352166053396,0.29861494755430407,79.44460797309875
1780876647.773565,1.675672968527369,-0.23432951102454475,0.21879429356340402,0.2982445926170465,79.46685361862183
1780876647.7941554,1.6738395645876316,-0.2338789995146372,0.21912290157543013,0.2981680063285257,79.4874439239502
1780876647.816859,1.6720479928312306,-0.23334284455450638,0.21869911630182567,0.2979678979852425,79.51014757156372
1780876647.8370576,1.6702853124154646,-0.23265847618870125,0.21911081739483726,0.2975689140156028,79.53034615516663
1780876647.8658383,1.6685738363389013,-0.23185668041638757,0.21878241663464817,0.29699263542489707,79.55912685394287
1780876647.8906107,1.6667850402132227,-0.23128415519127554,0.21883926780851679,0.29673465440574986,79.58389925956726
1780876647.9131396,1.6649220529977908,-0.23094300204218518,0.2190643447764705,0.29679940303432417,79.6064281463623
1780876647.9358597,1.6631682512081647,-0.23028183874836458,0.21873975340885946,0.29641968597069734,79.62914824485779
1780876647.9561362,1.6614242298675905,-0.2295423913270517,0.21917427222024743,0.2959273823838924,79.64942479133606
1780876647.9827073,1.6596090023051546,-0.22909183813605613,0.21874079322470175,0.2958270935515772,79.67599582672119
1780876648.005405,1.6577970623012808,-0.2285980310697137,0.21883214460827122,0.2956729102193201,79.69869351387024
1780876648.0263884,1.6560736831224505,-0.22781194561480414,0.21901181358593683,0.2951125195945785,79.71967697143555
1780876648.0476465,1.6543110852870437,-0.22717758597337084,0.21877272570724043,0.29475389052441514,79.74093508720398
1780876648.0721903,1.6525071017282675,-0.22665305043785086,0.21906443486780425,0.2945505960592101,79.76547884941101
1780876648.0934906,1.6507292651556187,-0.226080245474002,0.21869426584229965,0.2942735083615533,79.78677916526794
1780876648.1163213,1.6489561328708384,-0.22544780883858126,0.21911084077919088,0.2939163864078358,79.80960988998413
1780876648.1369088,1.647194480814792,-0.22483102429530638,0.21864877869089785,0.29357502034804206,79.83019733428955
1780876648.159847,1.645413740307661,-0.22422587953777923,0.21908062905086484,0.29325229673812014,79.85313558578491
1780876648.1830168,1.6436363371539657,-0.22366250514142677,0.21863482513804516,0.29297850002538084,79.87630534172058
1780876648.2059152,1.641843096469619,-0.22310960110259084,0.218952397881624,0.29272082436517977,79.89920377731323
1780876648.2302957,1.6400824823500155,-0.22247521901134584,0.21877949677396089,0.29235056516194113,79.92358422279358
1780876648.2509902,1.6383300190604941,-0.2218162503236713,0.21870015033704762,0.2919415310261604,79.94427871704102
1780876648.2741692,1.6365368845206085,-0.2212576265363871,0.21906764424816416,0.2916710763310135,79.96745777130127
1780876648.2963157,1.6347290969693473,-0.22081203285195672,0.21859757109121064,0.29154800105723844,79.98960423469543
1780876648.3189847,1.6329425725472833,-0.22022991371782416,0.21908417147851678,0.29124644711205416,80.01227331161499
1780876648.3413365,1.6312670534018698,-0.2193340080346627,0.21870978244644532,0.2904977170653815,80.03462505340576
1780876648.3618655,1.6295299572517865,-0.21862955677480392,0.21860532770332033,0.2900123975682227,80.0551540851593
1780876648.3850627,1.6277092311954933,-0.2181851665669514,0.21881570061676991,0.2898873210231727,80.07835125923157
1780876648.4073439,1.6258382389258967,-0.21791132460142315,0.21897000283753668,0.28999780798028496,80.10063242912292
1780876648.4318933,1.6240740437951577,-0.21732506605817964,0.2185117188373493,0.2896723764145861,80.12518191337585
1780876648.4562879,1.6223207977621419,-0.21663016311196973,0.2191482604627644,0.2892011359447251,80.14957642555237
1780876648.4767177,1.6206294733952074,-0.2158030700191285,0.21863853307763934,0.28853110927414427,80.170006275177
1780876648.4993653,1.6188750827035108,-0.21516146355971874,0.2185356235885536,0.288115355937407,80.19265389442444
1780876648.5217268,1.6170508885607784,-0.2147221895451486,0.2189941876224179,0.28798707605049323,80.21501541137695
1780876648.542208,1.615208526324126,-0.21439333009984723,0.21867559677411866,0.288007988120798,80.2354965209961
1780876648.565959,1.6134061488384253,-0.21391150806424708,0.21871512328702966,0.2878152984623563,80.25924754142761
1780876648.5857682,1.6116949277821888,-0.21311856789840952,0.21879379426890008,0.28718861551455177,80.27905678749084
1780876648.6069937,1.6099759820611246,-0.21233841744488227,0.21904615141276318,0.28657312505680643,80.30028223991394
1780876648.6310496,1.6081854765833865,-0.21185447996402998,0.21857842179607645,0.286364988558379,80.32433819770813
1780876648.651405,1.6063710459342082,-0.21137400326619746,0.21925508271221023,0.2861685639963092,80.34469366073608
1780876648.673743,1.6046147725061937,-0.21078955469689672,0.21857338822376113,0.28581528668185463,80.36703157424927
1780876648.693721,1.6028477497676907,-0.21015982982875986,0.21915159788902497,0.28540333589046885,80.3870096206665
1780876648.7184992,1.60109655919868,-0.2095484545122961,0.21860771581387656,0.2850073459572666,80.41178774833679
1780876648.7407355,1.5993269423080536,-0.20894549815802024,0.21897288389510983,0.2846288030945372,80.43402409553528
1780876648.7615066,1.5975371382574393,-0.20844534730075015,0.2187468821215683,0.2843844392432384,80.4547951221466
1780876648.785207,1.5957446863215543,-0.20794953430852878,0.21871906832551977,0.2841441305777437,80.47849559783936
1780876648.8080351,1.593996315562799,-0.2072705311139646,0.2190794469269639,0.2836531368827906,80.50132369995117
1780876648.8277462,1.5922933049635897,-0.20648879361836417,0.21876639668325706,0.28301225625301285,80.52103471755981
1780876648.852667,1.5905047582184801,-0.20598334197260548,0.21866681811395677,0.282750233919451,80.54595565795898
1780876648.8731372,1.588667490983766,-0.20561116576173544,0.2190672599476993,0.28267527141885473,80.56642580032349
1780876648.8979182,1.5868824147716674,-0.2051163086584606,0.2187064566052824,0.2824232872584247,80.59120678901672
1780876648.9215877,1.5851457391336772,-0.20441299311685654,0.2189155137501946,0.2818888519322691,80.61487627029419
1780876648.9427583,1.583420664449911,-0.2036869752812066,0.21886943962339614,0.28131159412895634,80.63604688644409
1780876648.9647493,1.5816121873172249,-0.2032480506150288,0.21890976712459873,0.2811320104805777,80.65803790092468
1780876648.985465,1.5798269506547093,-0.2027294392766339,0.2188607859876642,0.28084139790818696,80.67875361442566
1780876649.0065143,1.5780774827226167,-0.20207998621885628,0.21902590180800166,0.28036490166383476,80.6998028755188
1780876649.030991,1.5763044964440358,-0.2015332594658641,0.2187937103351609,0.2800277153617845,80.7242796421051
1780876649.0557096,1.5745170512057605,-0.20100007558715707,0.2191589647644314,0.2797128135067162,80.74899816513062
1780876649.0781622,1.57278173628809,-0.20033063446923244,0.21886170599505925,0.27920022841222547,80.77145075798035
1780876649.098569,1.570985850573698,-0.19983861103654052,0.21903308384465064,0.27892844361019975,80.79185748100281
1780876649.1207378,1.5691818632934331,-0.19940087924306224,0.21885723513720998,0.2787351422513229,80.81402635574341
1780876649.1448994,1.5674410328829622,-0.1987178254172138,0.21902681255219908,0.27820426074906823,80.83818793296814
1780876649.1655962,1.5657038561620489,-0.19804647405912035,0.21881344246585094,0.27767789211579874,80.85888481140137
1780876649.1902487,1.5639049243036,-0.1975567025614953,0.2191365322967664,0.27740384856967637,80.88353729248047
1780876649.2101736,1.5621144595709462,-0.19708282505122282,0.21880680568182045,0.2771467211628611,80.90346217155457
1780876649.2340617,1.5603720808859571,-0.19640262163509709,0.21899428791135114,0.2766107845967163,80.92735028266907
1780876649.2588325,1.558623438953019,-0.19577107637867677,0.21879379480595387,0.2761285986169222,80.9521210193634
1780876649.2790976,1.5568163159496597,-0.19530808192223806,0.219137758538275,0.2758817940427356,80.97238612174988
1780876649.3001475,1.555021534645551,-0.19484858161384175,0.21884354680309973,0.27563352079821435,80.99343609809875
1780876649.320169,1.5532814644057606,-0.1941625302732957,0.2189941887407432,0.2750786491639605,81.01345753669739
1780876649.3411841,1.5515125436316584,-0.19359020618573167,0.21894670241709274,0.27467066823543806,81.03447270393372
1780876649.3625567,1.549711841695787,-0.19312632736009838,0.2189998320869729,0.27441567473326156,81.05584526062012
1780876649.383094,1.5479814798855216,-0.19240974701159877,0.21908765939980354,0.27380652654632076,81.07638263702393
1780876649.408189,1.5461704266845773,-0.1919916211970146,0.2189849203835309,0.27360318697241937,81.10147762298584
1780876649.4288814,1.5444047683814859,-0.1914033260950068,0.21901133178668225,0.2731713906160511,81.12216997146606
1780876649.4502766,1.54265663323537,-0.1907535130142782,0.21899152149824033,0.2726454281796782,81.14356517791748
1780876649.472642,1.5408594968137495,-0.19027038502379764,0.21912221401559415,0.2723520351859623,81.16593050956726
1780876649.4932969,1.5391224814524214,-0.1895925575761859,0.2189313604642782,0.2717824031644662,81.18658542633057
1780876649.5153072,1.5373206602860137,-0.1891217659573685,0.21910671398686662,0.2714972290705422,81.20859575271606
1780876649.5410364,1.535536639735633,-0.18861277002609692,0.21888937895256733,0.27116125450961803,81.23432493209839
1780876649.5601985,1.5337833238624308,-0.18797199042638443,0.21894102488653555,0.2706418801497543,81.25348711013794
1780876649.5833418,1.5320325895464908,-0.18732789553996854,0.21896411539120877,0.27011157074051706,81.27663040161133
1780876649.6036525,1.5302057110414733,-0.18694723703426355,0.21912191144816592,0.2699415411708337,81.29694104194641
1780876649.6322672,1.5284681228236912,-0.18626323571658154,0.21896973510482606,0.2693569490059451,81.3255558013916
1780876649.6545763,1.5267201562127952,-0.18561954133358247,0.21880933359813487,0.26881952944106047,81.34786486625671
1780876649.6749752,1.5248985519519145,-0.18521431561897386,0.21902610176314402,0.26860801712227733,81.36826372146606
1780876649.6975367,1.5231068872339462,-0.18472027791298198,0.21893061693069,0.268276116664115,81.39082527160645
1780876649.7184951,1.5213528294332026,-0.1840702643773938,0.21915502643439638,0.2677252455532759,81.41178369522095
1780876649.7406576,1.519547387039297,-0.1836386655827105,0.21891141416756552,0.2674701978507903,81.43394613265991
1780876649.7626255,1.5177851754198446,-0.18302651621645918,0.21896788525068167,0.2669709632405972,81.45591402053833
1780876649.7849934,1.5160197377913143,-0.1824287810490526,0.21897316241744125,0.26648054569976143,81.47828197479248
1780876649.8094053,1.5142123191377814,-0.18197507110897607,0.21913103661162808,0.26619208539852135,81.50269389152527
1780876649.8296797,1.5124811480013391,-0.18126774534082138,0.21890131517421485,0.26555100296937617,81.52296829223633
1780876649.8533857,1.5106872705125818,-0.18076566279743228,0.21900924283084064,0.2651875304255542,81.5466742515564
1780876649.8756714,1.5088868437318705,-0.18028924560710366,0.21907019654952184,0.26486254865907455,81.56895995140076
1780876649.8969069,1.5071349201050386,-0.17964966792320844,0.2189273309688989,0.26430311876070967,81.59019541740417
1780876649.922474,1.5052151543523775,-0.17960318591377294,0.21923760328110814,0.2638810092757069,81.61576247215271
1780876649.9442742,1.5033390327277867,-0.17947814229046094,0.21878574364439604,0.2628397624490706,81.63756275177002
1780876649.9653387,1.501628161293033,-0.1788365958799794,0.21743950285145472,0.26110333815378794,81.65862727165222
1780876649.987533,1.49994249231018,-0.1780524569930955,0.21725726465007159,0.2591933491092986,81.68082165718079
1780876650.0076747,1.4982482764567666,-0.1772135760257111,0.2188361943783822,0.25728838110415886,81.70096325874329
1780876650.0313988,1.4966775077365682,-0.17597688989696378,0.22006198299023197,0.2555069650040114,81.72468733787537
1780876650.0522795,1.4950467356480623,-0.17515003295494527,0.2193949794144034,0.2542776156715423,81.74556803703308
1780876650.0764594,1.4932965597668963,-0.17488326950079733,0.21768504187226995,0.25381033979681966,81.7697479724884
1780876650.1002734,1.4914733406695015,-0.1748870675514938,0.21648638599449277,0.2537287847585148,81.7935619354248
1780876650.120118,1.4896210850303866,-0.17489250530107014,0.21717956901331337,0.2536689808136243,81.81340646743774
1780876650.1432948,1.4877734792763542,-0.17481786963420573,0.21932013978626097,0.253514809898844,81.83658337593079
1780876650.1631377,1.4860657454751078,-0.17432709315383718,0.22043377024309976,0.25279144186572466,81.85642623901367
1780876650.1871152,1.484474413890809,-0.1736207613632973,0.21883866340650726,0.251766197406849,81.88040375709534
1780876650.2113767,1.4829772014634202,-0.17258699064616834,0.21702854437627808,0.2502960386490809,81.90466523170471
1780876650.2310915,1.4814517474157853,-0.17155282514491815,0.2170084054688695,0.24884082419119657,81.92438006401062
1780876650.2537856,1.4798798871303993,-0.17062638336816893,0.21841749304583732,0.24754553877112606,81.94707417488098
1780876650.2778249,1.4782000372697819,-0.17021901440937096,0.21911609799128312,0.24695233682596118,81.97111344337463
1780876650.295984,1.4764072620238595,-0.17037127029958635,0.21876222279222107,0.24711580468253125,81.9892725944519
1780876650.3182766,1.4745444136048933,-0.1708408482618824,0.21834577638069275,0.2477229997515682,82.01156520843506
1780876650.338497,1.4727798810992634,-0.1709467011529601,0.2179065721610236,0.24785119534287503,82.03178548812866
1780876650.3623052,1.471175313239977,-0.1705071142998456,0.21668382902323577,0.24723956568508232,82.05559372901917
1780876650.3832502,1.4695975377423003,-0.16989402587777325,0.21673437648365954,0.24639860511015144,82.07653880119324
1780876650.4062498,1.4680322049724188,-0.16915174661245058,0.2182530649754598,0.2453964004985565,82.09953832626343
1780876650.4281964,1.4666147550880215,-0.16791313987355125,0.2190391543362256,0.24372588650996097,82.1214849948883
1780876650.4485118,1.4652344489224571,-0.16662799973545056,0.21894116299131994,0.24198067388505962,82.14180040359497
1780876650.4699554,1.4637405352343573,-0.16590793277581567,0.217805612129157,0.24099567663004962,82.16324400901794
1780876650.4913554,1.462157121792933,-0.16557666868202936,0.21667227774950132,0.2405450022651916,82.18464398384094
1780876650.514342,1.4605354437735207,-0.1652854555616565,0.21737234809279157,0.24016716730662857,82.20763063430786
1780876650.537034,1.4588667354511022,-0.16513065439590605,0.21928408361587304,0.23998125861134056,82.23032259941101
1780876650.5577688,1.4571556974346087,-0.16532423335035598,0.21941924234389235,0.24025948949812026,82.25105738639832
1780876650.5821528,1.4555481631011984,-0.16528943115647265,0.21747067594759664,0.24022785253345802,82.27544140815735
1780876650.6047535,1.453949386722588,-0.16513293099547555,0.21686720349893432,0.24004048819146284,82.2980420589447
1780876650.625774,1.4523513210704917,-0.16487370670228776,0.2178597019927149,0.23972753376973444,82.31906247138977
1780876650.6485515,1.4508899373843196,-0.16412410321573995,0.21834590436259396,0.23875841812341303,82.34184002876282
1780876650.6697996,1.449564167323158,-0.16289889144400324,0.21819899393697853,0.23714669931736054,82.36308813095093
1780876650.694109,1.4482230498294144,-0.161684578409927,0.2190925449941277,0.23555378100289026,82.3873975276947
1780876650.7166886,1.4467841548165186,-0.16096263925910242,0.21926200265201207,0.23461951655446533,82.4099771976471
1780876650.7368233,1.4452365551433506,-0.160803097962546,0.21837685953759425,0.23443730367332627,82.4301118850708
1780876650.7598364,1.4436127941696877,-0.1609857583116343,0.2175290172618019,0.234724662169298,82.453125
1780876650.7801251,1.4419641606407039,-0.16116121529557342,0.21840999801305128,0.2350181490080212,82.4734137058258
1780876650.8029294,1.4403926491689185,-0.1610262829272741,0.21951472247639084,0.23490467635147105,82.49621796607971
1780876650.826583,1.4389793025331497,-0.16034824611070847,0.21951805473513475,0.23406005041119027,82.51987147331238
1780876650.8471758,1.437709582898,-0.15916958579304377,0.21855375880901465,0.23254039354826617,82.54046440124512
1780876650.8690228,1.4364354171843643,-0.1579858174798087,0.21815835469034922,0.23101196104591182,82.56231141090393
1780876650.8889728,1.435055676857182,-0.1573239659222461,0.21709547502541354,0.2301795765641046,82.58226132392883
1780876650.9115448,1.433614411251209,-0.15686674851031585,0.21706299244564364,0.22963625570278445,82.6048333644867
1780876650.9329693,1.4321053885040373,-0.1566478775994326,0.21793278503061392,0.22941748988913258,82.62625789642334
1780876650.9534016,1.4305022580644817,-0.15690420342788308,0.21831869947421326,0.22983552406436658,82.64669013023376
1780876650.9763627,1.4288900698055258,-0.15714536051058778,0.21978072182923947,0.2302479632756933,82.66965126991272
1780876650.9985533,1.4273972831178985,-0.1570072859085624,0.22001075003266932,0.23015125862513486,82.69184184074402
1780876651.0187666,1.426053231574559,-0.1563593081827614,0.21897876315171302,0.22937120620442464,82.71205520629883
1780876651.0416548,1.4247978873549347,-0.1553632491656145,0.21780323204982244,0.22812330723114194,82.73494338989258
1780876651.0635314,1.4235137139996727,-0.15437503935644253,0.21828960150072313,0.22689648846176969,82.7568199634552
1780876651.0862381,1.4221485756952394,-0.15375756016985814,0.2187889114838914,0.22616305401175119,82.77952671051025
1780876651.1081057,1.4206773466342735,-0.15370908948329298,0.21826260242351533,0.22618426885931076,82.80139422416687
1780876651.1281018,1.4191406603263543,-0.15395038301377675,0.21801558148407768,0.22660259056833354,82.82139039039612
1780876651.1500425,1.4176012157014108,-0.15411395501091932,0.21914224744496208,0.22693129793659317,82.84333109855652
1780876651.170922,1.4161925959261534,-0.15379792781649562,0.21953666610570835,0.2266223321370795,82.86421060562134
1780876651.1949482,1.414934238363165,-0.15294210649923903,0.21882981308851093,0.22559169428096837,82.88823676109314
1780876651.2208498,1.4137398829693002,-0.15181577634408208,0.2183317219984096,0.2241977840740823,82.91413831710815
1780876651.242947,1.4124828831678675,-0.15092616514579307,0.2184608047980564,0.22312012984268392,82.93623566627502
1780876651.2653408,1.4111188139786184,-0.1506088479392534,0.21762077403052704,0.22279978321205185,82.95862936973572
1780876651.285116,1.4096905894437137,-0.15054749451763633,0.2174075990518881,0.22283157396660513,82.97840452194214
1780876651.3098302,1.4082316114888853,-0.15050204785942176,0.21895605683987296,0.22289758560668727,83.00311875343323
1780876651.331383,1.4067623512906884,-0.15058740175072366,0.21983083210710896,0.22313396070139024,83.02467155456543
1780876651.351618,1.405398103669512,-0.1504560520869308,0.2181040227412737,0.22307739079903843,83.04490661621094
1780876651.37371,1.4040744122887283,-0.1501020451152134,0.217071948075656,0.22272637035323584,83.06699848175049
1780876651.393985,1.402727851115714,-0.1497147673975191,0.21786806908088718,0.2223415202027592,83.08727359771729
1780876651.4174793,1.401415060939455,-0.14913471626480562,0.21954477942883194,0.22171022459736456,83.11076784133911
1780876651.43985,1.4002233576653684,-0.1482033201463972,0.21932043853486377,0.2206019869529623,83.13313865661621
1780876651.4617805,1.3990360705153546,-0.14740359563058003,0.2175928178620409,0.21965884932774316,83.15506911277771
1780876651.4858072,1.3978112090835983,-0.14664071084075742,0.21756715344315364,0.21877861502724993,83.17909574508667
1780876651.5056813,1.3965162163964209,-0.14615697218580612,0.21815336891363155,0.21827092228951273,83.19896984100342
1780876651.529699,1.3951192139410575,-0.14623034743034094,0.2178808977610239,0.21850003241699145,83.22298765182495
1780876651.552646,1.3936754344804556,-0.1464566545945977,0.21861650102776753,0.2189448976024302,83.24593448638916
1780876651.573617,1.3922586564648967,-0.1465277817229488,0.2200634705428111,0.21919222339235045,83.26690554618835
1780876651.5965803,1.3909601332749053,-0.14627203434568956,0.21943000832783108,0.2189984655078394,83.28986883163452
1780876651.616754,1.3897891742300956,-0.14553460005890667,0.21790989219289644,0.21816149330355117,83.3100426197052
1780876651.6391752,1.3886173607272287,-0.14470680510886585,0.21767554673023023,0.21720899864443588,83.33246374130249
1780876651.660747,1.3874097284135698,-0.14393092474787733,0.21897905465933243,0.21633419213699412,83.35403561592102
1780876651.6811292,1.3861177333457686,-0.14361539386935682,0.21971447308857134,0.21606559251252122,83.37441778182983
1780876651.7025206,1.3847334066160126,-0.14384113178441763,0.21929401307068297,0.21651144501265573,83.39580917358398
1780876651.7267988,1.3833493316232703,-0.14415027222434137,0.21813319284013571,0.21707576656924843,83.4200873374939
1780876651.7454338,1.3820190678814703,-0.14418556886418393,0.2174827841814478,0.21728271651261188,83.43872237205505
1780876651.772625,1.3807518137942971,-0.14390938108589663,0.21731697232480726,0.21708030374203524,83.46591353416443
1780876651.793454,1.3795463631818055,-0.14332642120151595,0.21767846005215138,0.21647406416580495,83.48674249649048
1780876651.8152587,1.3784037520206327,-0.1424454938034531,0.218472440196565,0.2154742451802356,83.50854730606079
1780876651.837632,1.3773050000458182,-0.14136755681816887,0.21954715349067336,0.2142127619255323,83.53092050552368
1780876651.8579566,1.3761514827427614,-0.14065840686087608,0.21955745651036312,0.21343139987158732,83.55124521255493
1780876651.8809564,1.3749022209368185,-0.14050313371389817,0.2184609062031298,0.21338105277924413,83.5742449760437
1780876651.9013124,1.373593630116047,-0.14060606006573348,0.2177626511063743,0.21368426304941757,83.59460091590881
1780876651.924134,1.3722600983097195,-0.1406938249735133,0.21876443819874972,0.21397892928041884,83.617422580719
1780876651.946314,1.3710094861455577,-0.14042958785037618,0.21970217811068296,0.2138107694180027,83.63960266113281
1780876651.9669502,1.3698980759635981,-0.13965365971720667,0.21939094585427799,0.21295579320999547,83.66023874282837
1780876651.99192,1.3688470752354593,-0.1386811063247632,0.21840063760290615,0.2118320277100869,83.68520855903625
1780876652.0125632,1.3677267144581962,-0.13801866825425813,0.2176494424958092,0.21111862964845862,83.70585179328918
1780876652.0352337,1.3665488728106336,-0.13756341433129782,0.2177914018795347,0.21068944018153868,83.72852230072021
1780876652.0580504,1.3652901935727941,-0.1375106865091436,0.21787342697055664,0.2107969320880514,83.75133895874023
1780876652.0788245,1.3639826851701276,-0.13762029082987895,0.21896251558643368,0.211127244576371,83.77211308479309
1780876652.1032972,1.3626501896114787,-0.13793373705489434,0.21935682607374074,0.21173250531987087,83.79658579826355
1780876652.1237159,1.3614505850212684,-0.13774024210587446,0.21869797311105893,0.21166217368716467,83.81700444221497
1780876652.14617,1.360348220939215,-0.13714077303116318,0.21771057048788084,0.21104618292834942,83.83945846557617
1780876652.1700988,1.3592262280016967,-0.13650657861436538,0.21835450494702516,0.210390822524122,83.8633873462677
1780876652.1907132,1.3580814566076245,-0.13592837920666173,0.2198407505900389,0.20981465115311337,83.88400173187256
1780876652.2174451,1.3569560887173815,-0.13552443968374817,0.2186140512261253,0.20945483386209407,83.91073369979858
1780876652.2378676,1.3557839791436175,-0.1353417956887779,0.2175728784592561,0.2093961117366323,83.93115615844727
1780876652.2589643,1.35458210290077,-0.13515819960816908,0.21828117123917684,0.2093466462848319,83.95225286483765
1780876652.282155,1.3533759753866368,-0.13494265537920094,0.2198580059123276,0.20925973525826258,83.97544360160828
1780876652.302464,1.3522449990382617,-0.13465845703290616,0.21851714365732858,0.2090682061680873,83.9957525730133
1780876652.3248172,1.3511342536810813,-0.1342619085101235,0.21754882123861016,0.20872753027406965,84.01810574531555
1780876652.3457556,1.3499957291499691,-0.13385549131102414,0.2183298759927677,0.20838334263656222,84.03904414176941
1780876652.3690648,1.3488494083409586,-0.13344679919355432,0.21982926072703293,0.208040442362174,84.06235337257385
1780876652.3916001,1.347754263358672,-0.13308541131134655,0.21838688909563628,0.2077452858270039,84.08488869667053
1780876652.4131005,1.3466390723074932,-0.132773089645474,0.2176263164333178,0.20752120957622822,84.10638904571533
1780876652.4368048,1.3454950946475968,-0.13245890919703385,0.21859765138300097,0.207304569036876,84.13009333610535
1780876652.4593427,1.3443440796639596,-0.13218738827840482,0.21972371603503402,0.20714591857986964,84.1526312828064
1780876652.4800236,1.343245422965178,-0.13194126171798967,0.2180929772552285,0.2070079856011846,84.17331218719482
1780876652.5016334,1.3421280384902388,-0.1316884072144947,0.21767002955205048,0.20686816128976648,84.19492197036743
1780876652.5224428,1.340985237811514,-0.13142254107410806,0.21895630979054329,0.20672022822234837,84.21573138237
1780876652.5457718,1.3398928300281505,-0.13100952192856444,0.2194393993259232,0.20637170755476575,84.2390604019165
1780876652.5691628,1.3388525999818872,-0.13054971554482717,0.2179994324485548,0.20595004751356782,84.26245141029358
1780876652.5889966,1.3377864977222496,-0.1300814594283755,0.21816136191188634,0.20552553934421347,84.28228521347046
1780876652.6121907,1.3366791476102031,-0.12973018253866989,0.21943582312871615,0.20526203091064943,84.3054792881012
1780876652.6333702,1.3355509355739552,-0.1296769413754116,0.21876207387897892,0.20539249540179938,84.32665872573853
1780876652.6570866,1.3344146164693462,-0.12967961754620455,0.21816788725476277,0.20560079417473354,84.35037517547607
1780876652.6794143,1.333281422301656,-0.12956956303117673,0.21877770084799744,0.2056669384033185,84.37270283699036
1780876652.7025757,1.3322717390107452,-0.12896132899615775,0.2185601518742337,0.20505856116452748,84.39586424827576
1780876652.72427,1.3312969415556615,-0.12816140546574784,0.2188775341345513,0.20418751629760923,84.41755867004395
1780876652.7455418,1.330251476709651,-0.12773523456503647,0.21899183295333632,0.20381683290744768,84.43883037567139
1780876652.7677963,1.329125225847602,-0.1277952751708564,0.2183047589699738,0.20410274844937604,84.46108484268188
1780876652.7919238,1.327970224962205,-0.12790393597740393,0.21880922677782788,0.2044660920040604,84.4852123260498
1780876652.8144574,1.3269055966711818,-0.1276203944358667,0.2190115342767516,0.20430149014970667,84.50774598121643
1780876652.8412075,1.32595537551589,-0.12687588941400216,0.21847195291066762,0.20350519048596993,84.53449606895447
1780876652.862539,1.3249834523163522,-0.12617410105597243,0.21878775891921184,0.2027652016379342,84.55582761764526
1780876652.8875465,1.3239262835580539,-0.12598014241152297,0.21827340449114313,0.20270865580301578,84.58083510398865
1780876652.9100811,1.3228192092794266,-0.12599625256135674,0.21837522474168336,0.20294628673200776,84.60336971282959
1780876652.9311423,1.3217083539468075,-0.1259581741654452,0.21944019833275719,0.20311689797344545,84.62443089485168
1780876652.9565992,1.3206941513505108,-0.12566384012197857,0.21846340371226897,0.20293195141910658,84.64988780021667
1780876652.9765267,1.3197145934885257,-0.12516835002536125,0.21806409287544026,0.2024715993371622,84.66981530189514
1780876652.9996886,1.3187041609271526,-0.12470125296887946,0.21916723077075864,0.20205625830370888,84.6929771900177
1780876653.0229175,1.3176739829603656,-0.12448222092187121,0.21883037411070297,0.2019712288073725,84.71620607376099
1780876653.042984,1.3166239436762064,-0.12442667548748124,0.2180747002017775,0.2021093484867631,84.73627257347107
1780876653.0657194,1.315554534847993,-0.12433632686241249,0.2188649775763539,0.2022098929900462,84.75900793075562
1780876653.085535,1.3145802298408573,-0.12384119155437069,0.21922481183894316,0.2017588087662494,84.77882361412048
1780876653.1094563,1.3136782843577668,-0.12313455759107089,0.2183094561763563,0.2010064322038323,84.80274486541748
1780876653.130253,1.3127319979694025,-0.12259135474272967,0.21810806029160704,0.20047721068062785,84.82354164123535
1780876653.1507423,1.3117205989734448,-0.1223815663163746,0.21801152505476598,0.20040822507560474,84.84403085708618
1780876653.1724663,1.3106557254272346,-0.12238300749834365,0.21863037415312944,0.20062951862863798,84.86575484275818
1780876653.1981359,1.3095527920478225,-0.12262002692923296,0.21902048194011092,0.20117954268149418,84.89142441749573
1780876653.2161832,1.3085641699595332,-0.12238591720114088,0.21863597525416203,0.2010833504655256,84.9094717502594
1780876653.2380965,1.3076556079233592,-0.12179756159711604,0.21808367853634322,0.20049490540297832,84.9313850402832
1780876653.2581377,1.3067184744741323,-0.1212309965588021,0.2189844258785192,0.1999408957038229,84.9514262676239
1780876653.281824,1.3057209279862194,-0.12105144690766306,0.21914535076361338,0.1999128612237211,84.97511267662048
1780876653.3039262,1.3046830970161427,-0.12119175035806871,0.21830383167133904,0.20032203714828611,84.99721479415894
1780876653.3259437,1.3036608855015357,-0.12119393821668777,0.21822851042624927,0.20055208315680417,85.0192322731018
1780876653.3493354,1.302721521332405,-0.12082401782329738,0.21801575051137412,0.20026592099196616,85.04262399673462
1780876653.370444,1.301799473750959,-0.12029528233829047,0.21876308505790262,0.19976754757527182,85.06373262405396
1780876653.3947635,1.3009427265252473,-0.11953486623732115,0.21879797982505625,0.19893946171876298,85.08805203437805
1780876653.4212933,1.3000101743436452,-0.11925097043112179,0.21798063755234554,0.19876228235890103,85.114581823349
1780876653.4415677,1.2990359383717358,-0.11909558134991252,0.21821109368463446,0.19877219652350497,85.13485622406006
1780876653.46356,1.2980260320431358,-0.11906251398819415,0.21919478427198835,0.19895310722158577,85.15684866905212
1780876653.484584,1.297060107693497,-0.11903100257731253,0.21815110623518688,0.1991294052588568,85.17787265777588
1780876653.508499,1.2960905632554611,-0.11892383514529262,0.2182969843766589,0.19920550131800674,85.20178747177124
1780876653.5312824,1.2951885919316437,-0.11848731043621864,0.21851518520940827,0.19883112793505298,85.22457098960876
1780876653.5510128,1.294343229816417,-0.11778870750802138,0.21883702893939222,0.19808667465261642,85.24430131912231
1780876653.5731754,1.2934287068594272,-0.11748133984219179,0.21882700011009074,0.19787814500976175,85.26646399497986
1780876653.5941472,1.292445304123342,-0.11759029419851409,0.21830909188726344,0.19824791722757507,85.28743577003479
1780876653.6171732,1.2914659934529724,-0.1176051224380557,0.2187221008828737,0.1984976980083859,85.31046175956726
1780876653.6405702,1.2906062887626844,-0.1171262617210721,0.21827771565138024,0.19805854769625597,85.33385872840881
1780876653.6614592,1.2897676771027908,-0.11649090955373442,0.2186281724171547,0.19740023040570698,85.3547477722168
1780876653.6864882,1.2888668502924976,-0.11617904490666611,0.2190043752757722,0.19718660855956927,85.3797767162323
1780876653.7069287,1.2878899143841784,-0.11635902799461242,0.21848137234654338,0.19765421882902245,85.400217294693
1780876653.7284632,1.2869348101638927,-0.1164229315580979,0.21818039505488104,0.19797051888962436,85.4217517375946
1780876653.7503827,1.286051567799429,-0.11614978573967076,0.21789786531848807,0.19781337918745923,85.44367122650146
1780876653.7715943,1.2851878075523622,-0.11570590434772379,0.2185352899802357,0.19742576369372955,85.46488285064697
1780876653.7958148,1.2843932771826645,-0.11496999712939247,0.21888200856824508,0.1966239501012108,85.48910331726074
1780876653.8158898,1.2835269457175933,-0.11467520187504085,0.21856994750349149,0.19642848541113267,85.50917840003967
1780876653.8371713,1.2825978552693043,-0.11473674985392947,0.2180779162413164,0.1967333022294806,85.53045988082886
1780876653.8588853,1.2816569537650622,-0.11474588258537131,0.2189206859136449,0.19697525613677502,85.55217385292053
1780876653.8810008,1.2808210277898082,-0.11432743027187099,0.21893463526440818,0.1966180360091112,85.57428932189941
1780876653.9045336,1.2800538098063705,-0.11365333943122818,0.2182989379831521,0.19589551628027202,85.59782218933105
1780876653.9289956,1.279228041673805,-0.1132642981034573,0.2178812375958931,0.1955676194970417,85.62228417396545
1780876653.9467402,1.2783503975367854,-0.11308895828223015,0.2181460807256727,0.1955423679962287,85.64002871513367
1780876653.9695907,1.2774173018655244,-0.11318969908920745,0.2187133623494985,0.1959061010423504,85.66287922859192
1780876653.989625,1.2764952067922164,-0.11331135903944357,0.2186509564500139,0.19629990765356897,85.68291354179382
1780876654.0134568,1.2756661460816523,-0.1130550321996853,0.21792287053208487,0.19616028740245461,85.70674538612366
1780876654.036577,1.2748226199396615,-0.11274801610424136,0.2186544338531849,0.19595538341312668,85.72986555099487
1780876654.0564158,1.2740402026704036,-0.1122224545720382,0.2186139810129894,0.19544021937284484,85.74970436096191
1780876654.0798514,1.2732559956875735,-0.11177367206678225,0.21819931032847317,0.19502901048389454,85.77313995361328
1780876654.1001005,1.2724153522169532,-0.11157316049610569,0.21824990346641784,0.1949632506276675,85.79338908195496
1780876654.1237915,1.271525827172128,-0.11160402687560511,0.21875809105261115,0.19522788224990073,85.81708002090454
1780876654.1453438,1.2706643699509983,-0.11157207094054895,0.21855655526219514,0.19540404075895612,85.83863234519958
1780876654.1652246,1.2698638314432111,-0.11128090501743597,0.21815231665391113,0.19521241875759898,85.85851311683655
1780876654.1862485,1.2690502508533648,-0.11094433319984626,0.21903068312333754,0.1949640818914311,85.8795371055603
1780876654.20856,1.268278242497233,-0.11059114090337874,0.21813537243011152,0.19468083293364025,85.9018485546112
1780876654.232219,1.2674823875461374,-0.11027665885092995,0.21830052761678206,0.19445778703248617,85.92550754547119
1780876654.2543294,1.2666368644836814,-0.11017565904407482,0.2189985984097838,0.19453262558352868,85.94761800765991
1780876654.2770133,1.2657890795806868,-0.11025515142239842,0.21821927434100058,0.1948569166763967,85.97030186653137
1780876654.298203,1.2649589742036884,-0.11018514210003362,0.21818743125747714,0.1949787443931399,85.9914915561676
1780876654.3204248,1.2641865477397527,-0.10982536591109673,0.21837382923620036,0.19469088539366197,86.01371335983276
1780876654.342496,1.2634610081918511,-0.10922115079911147,0.21875744387527782,0.1940628295442739,86.03578448295593
1780876654.3645184,1.2627034464238103,-0.10889790080484098,0.21815937197604865,0.19381610852889075,86.05780696868896
1780876654.3851957,1.2619025217167894,-0.10873816783954537,0.21836938833370495,0.19380712775473086,86.0784842967987
1780876654.4071753,1.2610628477008634,-0.10876733208703122,0.2187644284728369,0.19406182242384062,86.1004638671875
1780876654.4274359,1.2602552277003027,-0.10875379523208947,0.21823551168755076,0.19425420688881712,86.12072443962097
1780876654.450726,1.2594835327550202,-0.10851266954912415,0.21825654160596114,0.19413314161305628,86.14401459693909
1780876654.4750214,1.2587471395141487,-0.10806182008890705,0.21884178173806723,0.1937159612444148,86.1683099269867
1780876654.495169,1.258019653618637,-0.1076751646694574,0.21841672990122402,0.19337980283789769,86.18845748901367
1780876654.516682,1.257254555900676,-0.10748301111921953,0.21824153412837094,0.19332020145833262,86.20997047424316
1780876654.536752,1.2564534296736738,-0.10739893813649583,0.21893772149964372,0.1934146072153613,86.23004055023193
1780876654.560762,1.2556697589290382,-0.10738609044136029,0.2182584435035998,0.19360388727962796,86.25405049324036
1780876654.5850737,1.2548966358388844,-0.10724049025712254,0.21850528810757358,0.19361412269682177,86.27836227416992
1780876654.6065772,1.2541969673397113,-0.10675397482925554,0.21863304820289098,0.1931423727694721,86.29986572265625
1780876654.62836,1.2534656759504808,-0.10643617761366736,0.21880251093454653,0.19290204404288058,86.32164859771729
1780876654.6520178,1.2526849630386876,-0.106463053622459,0.2182890684803173,0.19314355510085512,86.34530639648438
1780876654.6698923,1.2519076188797644,-0.10638973731554814,0.21873524047390883,0.19325425658183892,86.3631808757782
1780876654.6918693,1.2512359680579137,-0.10586488514663878,0.21847542044753915,0.1927271080926216,86.38515782356262
1780876654.713364,1.2505410620450568,-0.1054518114562985,0.2184235584686604,0.19234923670079862,86.40665245056152
1780876654.7371087,1.2497840806218785,-0.10539263304201224,0.2182310351404051,0.19246994185927235,86.43039727210999
1780876654.7604804,1.2489996134136798,-0.10539539235063196,0.2189508611562673,0.19268194097428015,86.45376896858215
1780876654.7815561,1.2482650538751408,-0.10531284496306856,0.21818702220399455,0.19276908767703382,86.47484469413757
1780876654.8023112,1.247526783561437,-0.1051435477988221,0.21863659330444615,0.19273981669826235,86.4955997467041
1780876654.82321,1.2468705704690877,-0.10460756360961229,0.2186841613902815,0.19219470853950682,86.51649856567383
1780876654.8449464,1.2461841392503745,-0.10429980114376826,0.21818263102171295,0.19196043315757194,86.53823494911194
1780876654.8666632,1.2454533263199583,-0.1041484092967505,0.21854387744161732,0.19194970600635486,86.55995178222656
1780876654.8890202,1.2446752108302697,-0.10426386592112058,0.2188549568253011,0.19231561575282008,86.58230876922607
1780876654.9117846,1.243990016818089,-0.1039715119381915,0.21860091700071352,0.1921113773122629,86.60507321357727
1780876654.9332798,1.2433295220064533,-0.10354783275085949,0.21857098319821772,0.19171588642993243,86.62656831741333
1780876654.9575438,1.242609027356979,-0.10345362563901452,0.21849744986593686,0.1917820322416297,86.65083241462708
1780876654.980391,1.2418637470087577,-0.10346873887747937,0.21869517869388974,0.1920038801960544,86.67367959022522
1780876655.0028083,1.241159733037335,-0.1033424325151319,0.21842319047912293,0.19202535415309985,86.69609689712524
1780876655.0238283,1.2404899187187697,-0.1029951204121458,0.21868095880711597,0.19174392343848812,86.71711683273315
1780876655.0439734,1.2398402183598618,-0.1026000099860742,0.21854572011223675,0.1913841519259014,86.73726201057434
1780876655.0687914,1.2391350016559448,-0.10250105110749756,0.2185116876039464,0.19144221364261416,86.76207995414734
1780876655.0910707,1.238414280399628,-0.10246964598643644,0.21865417941408505,0.19159617880280067,86.78435921669006
1780876655.111491,1.237717188997922,-0.10237264702310286,0.2184974908069397,0.19165551257199454,86.80477952957153
1780876655.1352017,1.2370602246291427,-0.10203243948768309,0.21875581438080507,0.19138255190941855,86.82849025726318
1780876655.1550057,1.2364292022721532,-0.1016423594186346,0.21835743092088689,0.1910269974322123,86.84829425811768
1780876655.175824,1.2357496137927029,-0.10145670474077413,0.21855532834066016,0.1909605781121515,86.86911249160767
1780876655.2009645,1.2350176491430715,-0.10154627476737357,0.21887546622632917,0.19128084084240538,86.89425301551819
1780876655.2215343,1.2343550378173636,-0.10134239772575795,0.21863442949742043,0.1911931158636495,86.91482281684875
1780876655.2446945,1.2337288111849443,-0.10094515582595215,0.21866272973721637,0.1908312427120702,86.93798303604126
1780876655.2649395,1.2330403563516172,-0.10088296264547902,0.2186258768801015,0.1909319130837588,86.95822811126709
1780876655.2883043,1.2323400676470124,-0.10088641953404821,0.21870150006395978,0.19113244587098244,86.98159289360046
1780876655.3100815,1.2317110883028162,-0.10055153292087633,0.218640123557924,0.1908580780042719,87.0033700466156
1780876655.330656,1.231065656686244,-0.10029761057406003,0.21867065571996688,0.19069295952797205,87.02394461631775
1780876655.35352,1.2303982368603343,-0.10019622127492382,0.21855205932566946,0.19074131297288766,87.04680848121643
1780876655.3774962,1.2297328915289067,-0.1000517762957207,0.2187763693242822,0.1907326463395247,87.0707848072052
1780876655.3986592,1.2291010714347201,-0.0998174059048281,0.21840272415241083,0.19059388382961195,87.09194779396057
1780876655.4206712,1.228446789660331,-0.09960733612119393,0.2189900982867153,0.19049305174737707,87.11395978927612
1780876655.4408784,1.2278053979780326,-0.09947585889926301,0.2183191976025005,0.19049434951795696,87.13416695594788
1780876655.462084,1.2271419810557316,-0.09933088751920355,0.2190302865705335,0.190484865056062,87.1553726196289
1780876655.484088,1.22652370485685,-0.09909888841232817,0.2183721993378395,0.19034708251521248,87.17737650871277
1780876655.504418,1.2258949270032444,-0.09884146071372747,0.2186945136749383,0.19017773145657024,87.19770646095276
1780876655.5268953,1.2252366488115336,-0.09877272841697206,0.2186869314159249,0.1902661418354743,87.22018384933472
1780876655.5466526,1.2245758949694427,-0.09875995764532354,0.21848652456822165,0.19043273602676525,87.2399411201477
1780876655.5703542,1.22395456257166,-0.09850244004430268,0.21871098719542992,0.19026717527662562,87.26364278793335
1780876655.5937555,1.2233796053756962,-0.09803699250615375,0.21877945257158135,0.18980416920933152,87.28704404830933
1780876655.6154983,1.2227361484321004,-0.09798431044726988,0.21839018012849232,0.1899099973844347,87.30878686904907
1780876655.6365247,1.2220664554547855,-0.09797489490493293,0.2190529088476487,0.19008474184529156,87.32981324195862
1780876655.656864,1.2214593443390642,-0.09778141541312896,0.21840107037474915,0.18999860081757625,87.3501524925232
1780876655.6797893,1.2208532729723869,-0.09750259067268599,0.2187163072653891,0.18979644954359554,87.37307786941528
1780876655.7031684,1.2202271633374322,-0.09736306483721704,0.21870008064864388,0.1897830525091706,87.3964569568634
1780876655.7250907,1.2195887040501714,-0.0973296204124302,0.2184926462529451,0.18991685293188532,87.41837930679321
1780876655.7487655,1.218969416112756,-0.09712415397133739,0.21904283675874142,0.1898203207382272,87.44205403327942
1780876655.7691085,1.2184176457951008,-0.09669370919365278,0.21847964458567337,0.18940330335062594,87.46239709854126
1780876655.7909892,1.217819998332682,-0.09646327212376947,0.21837043962820227,0.18926066106243855,87.48427772521973
1780876655.8141012,1.2171718136463492,-0.0964586023419397,0.21876436263764806,0.1894329860582955,87.50738978385925
1780876655.8344111,1.216509910927474,-0.0965598839295959,0.21892237463115694,0.1897559522507919,87.5276997089386
1780876655.8556685,1.2159459233019008,-0.09622720563708757,0.21844352008818968,0.1894758236398708,87.5489571094513
1780876655.875984,1.2153651025656855,-0.0958881205894009,0.21900171667233376,0.18918658602304106,87.56927251815796
1780876655.90085,1.2147266042747196,-0.0959456237712809,0.2186850349447903,0.18943879352355797,87.59413862228394
1780876655.9231234,1.2140830255931991,-0.09602748229216757,0.2185115392562493,0.18973082563626242,87.61641192436218
1780876655.9436448,1.2134998915298274,-0.0957965008318132,0.21842181862429355,0.1895903380771351,87.63693332672119
1780876655.966044,1.2129459652662535,-0.09535979051340351,0.2189143588591313,0.18917181402199645,87.6593325138092
1780876655.9864075,1.2124069386347236,-0.09496640162811372,0.21835641366237463,0.1887999357895156,87.67969608306885
1780876656.0101976,1.2118163458260016,-0.09479200417203623,0.21836495745627185,0.18873240356987253,87.70348620414734
1780876656.033137,1.2111730579452058,-0.09486275862632731,0.21879326605625468,0.18900446424817652,87.7264256477356
1780876656.0534241,1.2105398948042396,-0.09491236681024674,0.2190016804216642,0.18925295734877423,87.74671268463135
1780876656.078623,1.2100053916711144,-0.09452553106319271,0.21854746457897087,0.18889537901162257,87.77191162109375
1780876656.1025872,1.2094416927119953,-0.09422435106558814,0.21881281464164326,0.18865273863205445,87.79587578773499
1780876656.1217473,1.2088109152471866,-0.09433315381465361,0.2186167749480147,0.1889722994630887,87.81503582000732
1780876656.1480608,1.2081966541841478,-0.09430434975412477,0.2189892614073379,0.18911184521658075,87.84134936332703
1780876656.1686924,1.207683842736806,-0.09382892190196444,0.21865354074000923,0.18863246867686634,87.86198091506958
1780876656.1917233,1.2071336445429899,-0.09354006335650378,0.21844072480137783,0.18840210968287696,87.88501191139221
1780876656.212129,1.2065334494979907,-0.09348352763164886,0.2186858389239633,0.18849702942830326,87.90541768074036
1780876656.233302,1.205898312000308,-0.0936219209760767,0.218807907097105,0.188857622738956,87.92659068107605
1780876656.2566142,1.205302674155281,-0.0936227704561799,0.21842850368482178,0.18902825475206075,87.94990277290344
1780876656.2779768,1.2047448784990642,-0.09337940302790826,0.21851766946784007,0.18886960347797555,87.97126531600952
1780876656.2992654,1.2042135101921214,-0.0929605189497559,0.21910968413645485,0.18846778602217107,87.99255394935608
1780876656.3231916,1.2036652556056104,-0.09275875746050331,0.21849645010329463,0.188354335608226,88.01648020744324
1780876656.3443463,1.2030773053060468,-0.09269146855493343,0.21874978004981063,0.18843228795348566,88.03763484954834
1780876656.367066,1.202487209042174,-0.0926559052020341,0.2187817830723808,0.18855340083763572,88.06035447120667
1780876656.3873014,1.2019252292156446,-0.09253576387724405,0.2183854007370356,0.18855486964899448,88.08059000968933
1780876656.4123511,1.201355651022938,-0.09233832147856619,0.21917210765515577,0.18845805539640104,88.10563969612122
1780876656.4362469,1.200841784755787,-0.09200968128937298,0.21846436949671735,0.1881725173728377,88.12953543663025
1780876656.4567575,1.2003009096264396,-0.09172756750966846,0.21877693779852814,0.1879528555551735,88.1500461101532
1780876656.4780679,1.1996929804206253,-0.09184395533793518,0.21871375337583568,0.18827557894990576,88.17135643959045
1780876656.4984534,1.1990982605196272,-0.09185946071973822,0.2190295859120722,0.18846915756850802,88.19174194335938
1780876656.5213993,1.1986044287206978,-0.09142762534147315,0.21863813366552498,0.18804542246641454,88.21468782424927
1780876656.5449746,1.198080303915808,-0.09111174869000381,0.2187071184042248,0.18777526358295482,88.23826313018799
1780876656.5651836,1.1974928108902465,-0.09116480631475703,0.21854319440183087,0.18801084639487353,88.25847220420837
1780876656.5881386,1.1968946792077535,-0.09119964849142878,0.2191363792314397,0.18822693087949283,88.28142714500427
1780876656.6100516,1.1963673726765236,-0.09101547826497663,0.21835696132923718,0.18813848845126202,88.3033401966095
1780876656.6328661,1.195825344370108,-0.09077937996246589,0.21894430842523585,0.18798264121862474,88.3261547088623
1780876656.6565433,1.1952938465433092,-0.09057262654495393,0.21867340541038355,0.18786183820303215,88.3498318195343
1780876656.6769125,1.1947506201309834,-0.09045099890740763,0.2183457389361425,0.18785746331534803,88.37020111083984
1780876656.701299,1.1941809007637385,-0.09034815733226002,0.2192333967780189,0.18788401728774584,88.39458751678467
1780876656.7235525,1.193645622014958,-0.09024997953862222,0.2183822571586655,0.18790919879972456,88.41684103012085
1780876656.74651,1.1930935893460641,-0.09012652989306522,0.21875724034589772,0.18790462682013676,88.43979859352112
1780876656.7686691,1.1925639873650855,-0.0899123712235068,0.21883902391043128,0.18777604774958778,88.46195769309998
1780876656.7898378,1.192052348790001,-0.08968564676222189,0.21829735717266935,0.18762539898114117,88.48312640190125
1780876656.8130655,1.1915051749712025,-0.08951073941364487,0.21912388621482295,0.18754989014308876,88.50635409355164
1780876656.8370838,1.1909419600279,-0.089570029248556,0.21851482659127994,0.18778859275979265,88.53037238121033
1780876656.8564339,1.1903674666503574,-0.08963785658752586,0.21854089138798144,0.1880419911777782,88.54972243309021
1780876656.8779662,1.1898466948142559,-0.08940339590307185,0.21874641686696447,0.18788922092800142,88.57125473022461
1780876656.9015956,1.189391677180485,-0.08885136572498813,0.21882396670536697,0.187295598644873,88.59488415718079
1780876656.9233081,1.1888714596562735,-0.08866739525147671,0.21866976023202792,0.18719781937895696,88.61659669876099
1780876656.9460752,1.18829199747685,-0.08881647954135884,0.21844763653527188,0.18755868397471787,88.63936376571655
1780876656.9657927,1.1877149441020638,-0.088852658817313,0.21926873743181302,0.1877742558819806,88.65908122062683
1780876656.9895968,1.1872401959370087,-0.0885016566804264,0.21864930988783116,0.18745398435405214,88.68288540840149
1780876657.0099247,1.186783960388663,-0.08801557621897135,0.21851209523862322,0.18694699905322043,88.70321321487427
1780876657.0362618,1.1862613805538806,-0.08788276739877494,0.21832492675078458,0.18691754014008488,88.7295503616333
1780876657.059044,1.1856883143958599,-0.08798490232177325,0.2186123115510064,0.1872156840824708,88.75233244895935
1780876657.081824,1.1851051764049572,-0.0881243158005317,0.21906311587912258,0.18756559146926932,88.77511262893677
1780876657.1039045,1.1845931446241373,-0.08804805136417185,0.21808334995176856,0.1876157538289407,88.79719305038452
1780876657.1241682,1.1840636359711287,-0.08792186085955325,0.2185665877888225,0.1876017471587481,88.81745672225952
1780876657.146929,1.1835760129616892,-0.08756561478998202,0.21915930809374543,0.18727730651786167,88.84021759033203
1780876657.1700807,1.183128310631234,-0.08716419024920147,0.2182775875710735,0.18687946992568527,88.86336922645569
1780876657.1918375,1.1826402468009334,-0.08685933659942201,0.2185597772408067,0.18661703868933976,88.8851261138916
1780876657.215556,1.1820807599780043,-0.08698880536088031,0.21836313415890118,0.18694496728496723,88.90884447097778
1780876657.235714,1.1814947291451547,-0.08716008454043474,0.2192478108825948,0.1873391299164684,88.92900252342224
1780876657.258548,1.1809834674609876,-0.08708109533297448,0.21874487230770545,0.1873873554933141,88.95183658599854
1780876657.2822638,1.1805297092948561,-0.08671628863044972,0.2181924410038013,0.18704041256346837,88.97555232048035
1780876657.3042996,1.1800421042138334,-0.08639004423298328,0.21906888000896213,0.18675041573471063,88.99758815765381
1780876657.3260844,1.1795104693257839,-0.086412781847474,0.21884345293132557,0.18693030512799425,89.01937294006348
1780876657.3462205,1.1789560926935911,-0.08659008163991369,0.21843830701484757,0.187323703752579,89.03950905799866
1780876657.3684585,1.1784330033600319,-0.08654100620320027,0.2186037493453029,0.18741515213591953,89.0617470741272
1780876657.3930414,1.1779888604740705,-0.08611565467594741,0.2185034883437778,0.18698657198835011,89.0863299369812
1780876657.4145744,1.1775147194906646,-0.085763627185841,0.21928648785165744,0.1866591307074401,89.10786294937134
1780876657.4391003,1.1770068231302822,-0.08576159148186173,0.21849000347404673,0.18680020188492108,89.13238883018494
1780876657.4587376,1.1764585148009818,-0.08589171239059651,0.2185876148653645,0.18713008410510046,89.15202617645264
1780876657.4815793,1.1759559080185549,-0.0857500582655806,0.21898545864175986,0.18709471611993145,89.17486786842346
1780876657.5034423,1.1755464086574785,-0.08519756209516058,0.2186993617767678,0.18648848592969358,89.19673085212708
1780876657.5236905,1.1750840474059752,-0.08495476045278569,0.21816426787573676,0.18630019129401898,89.21697902679443
1780876657.5473917,1.174576619414013,-0.08486135181465236,0.21857549153472075,0.18632217228959824,89.24068021774292
1780876657.5730484,1.1740067937207814,-0.08512297739499007,0.21885403344078935,0.18682940244764268,89.2663369178772
1780876657.5934083,1.1734875518418892,-0.08512676926710608,0.21907642841483288,0.18699078798485136,89.28669691085815
1780876657.6165278,1.1730718738594412,-0.0846729825343737,0.2185242750110219,0.186517749705839,89.30981636047363
1780876657.6369736,1.1726271309202903,-0.08431658578773264,0.2185471897831292,0.18617383439079038,89.33026218414307
1780876657.6579816,1.1721164597673588,-0.08434851773653317,0.21829119678386674,0.1863628320122359,89.35127019882202
1780876657.6815202,1.1715717971117647,-0.08445125042974395,0.21916652016831065,0.18665450946441453,89.37480878829956
1780876657.7016654,1.1710708619237793,-0.08450661624978356,0.2183174729584583,0.18687652210712447,89.39495396614075
1780876657.725303,1.1705761211429193,-0.08444400301192634,0.21840864824427525,0.186937807487789,89.41859149932861
1780876657.7468889,1.1701201149677642,-0.08413290014967337,0.2189439049566643,0.18666502892661363,89.44017744064331
1780876657.7716842,1.1697175896275642,-0.08366070383962024,0.2183792919890637,0.18615724792120947,89.4649727344513
1780876657.7937133,1.1692671169665558,-0.08339518329139602,0.21836543720212392,0.18593646963642385,89.48700189590454
1780876657.8147993,1.1687548137651682,-0.08345785956600087,0.2184168481905082,0.18616618565585163,89.50808787345886
1780876657.8384895,1.168202540283576,-0.08368854194855357,0.21895518674162345,0.18662954665662035,89.53177809715271
1780876657.858482,1.167718949485443,-0.0836928311518151,0.21825440239678853,0.18678088627020983,89.55177044868469
1780876657.8839488,1.1672430400425684,-0.08356382888565997,0.21855664195548904,0.18674954155251644,89.57723736763
1780876657.9062572,1.1668258479963733,-0.08312209753586582,0.21889518051918627,0.1862919396661571,89.59954571723938
1780876657.9282172,1.1664085297545284,-0.0827900952369349,0.21828055782503858,0.18597189460432162,89.62150573730469
1780876657.950295,1.1659440335561515,-0.08263388326425938,0.21845194187770242,0.18589856550420514,89.64358353614807
1780876657.971166,1.1654229922779618,-0.08277037637399734,0.21880968721259073,0.18622963890837418,89.66445446014404
1780876657.9926116,1.1649057683783575,-0.08293178986620227,0.2187405222324805,0.1865969680095283,89.68590021133423
1780876658.0163186,1.1644630417747541,-0.08275898752702147,0.21821612028413082,0.18649992937536108,89.70960712432861
1780876658.0363455,1.164004295735853,-0.08253486825449728,0.21908806964137276,0.18633835906477625,89.72963404655457
1780876658.0603971,1.1635877636636303,-0.08224840440049812,0.21842907466510147,0.18608117824626813,89.75368571281433
1780876658.0801766,1.16315000928931,-0.0820098013118164,0.21853968258824455,0.18589398143003777,89.77346515655518
1780876658.103182,1.1626528451725204,-0.08206941652112183,0.21881605120606748,0.1861131855264233,89.79647064208984
1780876658.1258001,1.1621447209328333,-0.08225716358556165,0.2185215343863105,0.18651570832729192,89.81908869743347
1780876658.146092,1.1616853068705166,-0.08217142642343939,0.21848460838219835,0.1865383466381676,89.8393805027008
1780876658.1696355,1.1612722694047786,-0.08181419005946017,0.21874471777205529,0.18618918189267042,89.8629240989685
1780876658.189722,1.1608491435964852,-0.08153370527560047,0.21882532772797997,0.1859383608831351,89.88301062583923
1780876658.2140186,1.1603750205550687,-0.08157511853276196,0.21855761857726588,0.18613251079614024,89.90730714797974
1780876658.2377532,1.159909091111707,-0.08150358310473889,0.21896337245958006,0.1861770717826765,89.9310417175293
1780876658.2591677,1.159498718531006,-0.08123574941352238,0.2185695804933908,0.1859445561951354,89.95245623588562
1780876658.2840471,1.1590441185950182,-0.08113026043936329,0.21889174047224935,0.18593448612275498,89.97733569145203
1780876658.3087273,1.158560284782821,-0.08125854559465205,0.2185391218561361,0.1862503075451567,90.0020158290863
1780876658.3285177,1.1581138416935766,-0.08115627190321484,0.21857530436847397,0.18624932393066285,90.02180624008179
1780876658.3507037,1.1577061715864496,-0.08082110344708388,0.21895467156744478,0.1859255802250157,90.04399228096008
1780876658.3710294,1.1572846454968901,-0.08065472209695804,0.2184818767227497,0.18582653320459563,90.06431794166565
1780876658.3927667,1.1568238450400068,-0.08061002956440999,0.218951473918705,0.1859025595406898,90.08605527877808
1780876658.419408,1.1563669517835224,-0.08063768983639909,0.2185691149616749,0.18607562601399863,90.11269664764404
1780876658.4393194,1.1559350321047444,-0.08049222695840028,0.21865260088742447,0.1860137122701584,90.13260793685913
1780876658.4626465,1.1555250897219564,-0.08022181073736732,0.2188911801494742,0.185773726294455,90.155935049057
1780876658.483025,1.1550770120742406,-0.08021836680298305,0.21862553117703754,0.1859011258734835,90.17631363868713
1780876658.5049124,1.1546403236087297,-0.0801126859292328,0.2187657350567897,0.18589316922458998,90.19820094108582
1780876658.5286715,1.154235600362336,-0.0798684096839899,0.21876343295986395,0.18568730701191782,90.22196006774902
1780876658.5487661,1.1537713470345266,-0.07994788539645757,0.21872060794488232,0.185928077233946,90.24205470085144
1780876658.570726,1.1533379687088199,-0.07988567037859745,0.2185321213200272,0.1859780399472335,90.26401448249817
1780876658.5909932,1.152935362081048,-0.07961755158339509,0.2188141764934024,0.185742774167025,90.28428173065186
1780876658.6167512,1.1525405177812384,-0.0793744986605811,0.21856082682896383,0.18553397121059412,90.31003975868225
1780876658.6405718,1.1520939401510129,-0.07937753566502376,0.2186717306749411,0.18566930929070669,90.33386039733887
1780876658.6616104,1.1516419282563635,-0.07942445571315086,0.2186709453986743,0.18586976591471416,90.35489892959595
1780876658.6854017,1.1512268005062163,-0.07927928330671512,0.21879074882786398,0.1858005613423055,90.37869024276733
1780876658.706143,1.1508387707025831,-0.07902699605449769,0.21856004491661912,0.1855801535752022,90.39943146705627
1780876658.729873,1.150415741425949,-0.0789431818645838,0.21860279132263707,0.18559206733449507,90.42316150665283
1780876658.7529316,1.1499664920828432,-0.07899150382158533,0.21877408839869295,0.1857923827812975,90.44622015953064
1780876658.775957,1.1495590484954625,-0.07886099038060781,0.21866859701443409,0.18574092504206252,90.46924567222595
1780876658.7987242,1.1491674733460566,-0.0786461656475863,0.21856047226813025,0.18557205133244725,90.49201273918152
1780876658.8204758,1.148762511478606,-0.07848593770725693,0.21873803822068924,0.1854768535773399,90.51376438140869
1780876658.8429635,1.1483091620114203,-0.07860451490700356,0.21878042816128326,0.18577190541180677,90.53625202178955
1780876658.8667126,1.1479239258079776,-0.07839687909538648,0.21855858963191002,0.1856128116214233,90.56000113487244
1780876658.8871374,1.1475220048715775,-0.07823018079007876,0.21883884868169431,0.18550787169390492,90.58042597770691
1780876658.9107985,1.147096329253753,-0.07825992165883411,0.21860280636139726,0.18567537797604672,90.6040871143341
1780876658.931614,1.1467074342374457,-0.07805424642912336,0.2187541693999315,0.18552159570274007,90.62490248680115
1780876658.9565597,1.1463379806865022,-0.0777980355542471,0.21849860761486098,0.1852865785689115,90.64984822273254
1780876658.9796085,1.145916474516293,-0.07779126311603732,0.21859718874177209,0.1854020066915707,90.67289710044861
1780876658.9998505,1.1454777640583276,-0.07788306787550113,0.2186830409184368,0.18565937579071523,90.69313907623291
1780876659.0245488,1.1450834755450408,-0.07776496742647719,0.21866609664097544,0.18562036763660217,90.7178373336792
1780876659.0486014,1.1447181478686497,-0.07750120797233091,0.21855914410523566,0.18537799222269946,90.74188995361328
1780876659.0664144,1.1443303873662896,-0.077356723704058,0.21857491572695406,0.1852982683347415,90.7597029209137
1780876659.089493,1.1438987178742268,-0.07742641581055107,0.21886986112222012,0.18552201651346856,90.78278160095215
1780876659.1097558,1.1435089722479703,-0.07735008308618797,0.2185093617205644,0.18553936140387783,90.80304431915283
1780876659.1323059,1.1431310491353421,-0.07715382741334427,0.21872826451677602,0.18539085424632873,90.82559442520142
1780876659.1564195,1.1427579520696183,-0.07697854675073246,0.2186479191775122,0.18526699892061416,90.84970808029175
1780876659.1756752,1.1423347803013761,-0.0770509520496026,0.21880767428653788,0.18549123538870482,90.8689637184143
1780876659.1993265,1.141973320924473,-0.07683347339739816,0.21865610736812763,0.18531220925806036,90.89261507987976
1780876659.2200332,1.1416009271030423,-0.0766743270411624,0.21859905427585916,0.1852085018791545,90.91332173347473
1780876659.2426171,1.1411796472428106,-0.07675525274006821,0.21881861637706113,0.18544373010380255,90.93590569496155
1780876659.2642221,1.1408170701131053,-0.0765779365185862,0.21857230099122493,0.18531875213626936,90.95751070976257
1780876659.285,1.1404466364936376,-0.07642198366568262,0.21860483509230277,0.18521744505203763,90.9782886505127
1780876659.3081892,1.1400321876594832,-0.07649461739699899,0.21881828549711896,0.1854419425188638,91.00147771835327
1780876659.3284934,1.1396879415378058,-0.07624382414816946,0.21858719740632526,0.18521225747155867,91.02178192138672
1780876659.35108,1.1393248563381853,-0.07609668436180814,0.21840867618851695,0.18512141659864945,91.0443685054779
1780876659.3735366,1.1389161548568687,-0.07614000675131857,0.2188150333879274,0.185301010589626,91.06682515144348
1780876659.3959665,1.1385178949989379,-0.07621673507485045,0.21847453717865412,0.18552688921942195,91.0892550945282
1780876659.4176493,1.1381593705558535,-0.0760480806696387,0.21851445075595635,0.18541148217609837,91.11093783378601
1780876659.4386325,1.1378243322106596,-0.0757550739419905,0.21858546495098075,0.1851182500598565,91.13192105293274
1780876659.463752,1.1374726768323509,-0.07558784241416183,0.21847507657097234,0.18500000592840138,91.1570405960083
1780876659.4867375,1.1370651818191206,-0.07569345507021598,0.2186206997508031,0.18526164655693123,91.18002605438232
1780876659.5084345,1.1366776093159523,-0.07572079046303905,0.21857597595899533,0.18542139288120651,91.20172309875488
1780876659.532447,1.1363483936345569,-0.07544772024769761,0.21857595697306229,0.1851543982900612,91.22573566436768
1780876659.5521097,1.135984539841715,-0.07534943031615265,0.21866336417191282,0.1851288758140015,91.24539828300476
1780876659.5752559,1.1355906771635835,-0.07545356077464116,0.21852822983765474,0.18538906344364037,91.2685444355011
1780876659.5967128,1.135247923495091,-0.07526650921954633,0.2185620453917465,0.18524664389471646,91.2900013923645
1780876659.6165607,1.134925535803193,-0.07497509924354938,0.2186750479262664,0.1849489273865661,91.30984926223755
1780876659.639373,1.1345411933660745,-0.07505414671756948,0.21850651096787627,0.18517078275380783,91.33266162872314
1780876659.6596248,1.1341695926407764,-0.07502051805490234,0.21879351367122604,0.18524163008924432,91.35291337966919
1780876659.6816833,1.1338600017350104,-0.07473000691675045,0.2185236906752334,0.18494595370033018,91.37497186660767
1780876659.705664,1.1334966577878722,-0.07470562501065164,0.21846418037811854,0.18501957167615846,91.39895248413086
1780876659.7262628,1.1331091423612925,-0.0747731995325122,0.21885910683839707,0.18522991992529647,91.41955137252808
1780876659.7483137,1.1327924573932269,-0.07455587923243874,0.21846823742346,0.1850364773861033,91.44160223007202
1780876659.7735405,1.1324454018846342,-0.07444109510280854,0.21868834364311604,0.18498327514999957,91.46682906150818
1780876659.7924652,1.1320606357103107,-0.074570767262151,0.21858898122127862,0.18527741683212273,91.48575377464294
1780876659.8159425,1.1317280348792735,-0.0744195759432755,0.21862393178297584,0.1851761797033582,91.50923109054565
1780876659.8360708,1.1314203537378882,-0.07415345100831834,0.21848144140657344,0.1849118872428024,91.52935934066772
1780876659.8594718,1.1310870548437217,-0.07401406221436575,0.21856981208061818,0.18482371716674173,91.55276036262512
1780876659.8826768,1.1307025705317049,-0.0741400259940817,0.2188184808492259,0.18511031216255258,91.5759654045105
1780876659.905572,1.1303771791417736,-0.07401374626934382,0.21849426234448974,0.1850431907381207,91.59886050224304
1780876659.9281695,1.1300572271665568,-0.07381049479949998,0.21874022133454962,0.1848644747797774,91.62145805358887
1780876659.949772,1.1296816077971557,-0.07394813251600726,0.21862340272805555,0.18516385521822443,91.64306044578552
1780876659.9718652,1.1293475993512199,-0.07387076327770574,0.21854196253179295,0.18516340352476668,91.66515374183655
1780876659.9939308,1.1290495383614862,-0.07357996126188154,0.21868172114370615,0.18486419563035827,91.6872193813324
1780876660.0140145,1.1287285871057389,-0.07345280629439424,0.21855338207697178,0.18478919875018818,91.70730304718018
1780876660.0354397,1.128360060808975,-0.07354418006662153,0.21881925782916398,0.1850232555521849,91.72872829437256
1780876660.056273,1.1280444999552641,-0.07342012536605785,0.21849960617347516,0.18495617935822217,91.74956154823303
1780876660.0815175,1.1277220067126466,-0.07327406707452763,0.21883373862878788,0.18485477210593615,91.77480602264404
1780876660.102972,1.1273612465963208,-0.07340402439855216,0.21854314992524804,0.18514029276899713,91.79626059532166
1780876660.1235814,1.1270374557789058,-0.07331674640399215,0.21850409284707512,0.18512494124092438,91.81686997413635
1780876660.1470797,1.1267460778271916,-0.07302839494208815,0.21881940028655625,0.18482527805131266,91.84036827087402
1780876660.1675158,1.1264097727709184,-0.07304610306982276,0.21856746272338853,0.1849485781395348,91.86080431938171
1780876660.1890705,1.1260776049801267,-0.07301374070963018,0.21863355123709408,0.18501066893057683,91.88235902786255
1780876660.2104907,1.1257881056379642,-0.07275460077227668,0.21879547282266326,0.1847486775651621,91.90377926826477
1780876660.230932,1.1254362845829455,-0.0728652753589415,0.2186507560297969,0.18500246331016612,91.9242205619812
1780876660.2525764,1.1251163436415452,-0.07281917557376562,0.21844276255123038,0.18504126052615444,91.94586491584778
1780876660.2721927,1.124824064866783,-0.0725749978928496,0.218753786013231,0.18480452019562232,91.96548128128052
1780876660.2945836,1.1245420443785894,-0.07234877259436198,0.21848334847663242,0.18458480818460465,91.98787212371826
1780876660.3179862,1.1242059853763915,-0.07238437611980114,0.21851402014151217,0.1847327771333518,92.01127481460571
1780876660.3386078,1.1238544528712238,-0.07249340398481063,0.21866271424956532,0.18498766365862185,92.03189635276794
1780876660.3610685,1.1235418631321663,-0.07245158646580192,0.21841141113852527,0.18502771461508072,92.05435705184937
1780876660.3814662,1.1232527388301958,-0.07221763089237741,0.21878722878052692,0.18480511225591734,92.07475471496582
1780876660.4095683,1.1229942539610296,-0.07190938771955127,0.21841342685401263,0.18446766628229483,92.10285687446594
1780876660.4334257,1.122682274307264,-0.07185337105475323,0.2184152681443277,0.18448507237088752,92.12671422958374
1780876660.4540365,1.1223206260230127,-0.07202637790167712,0.2188382066017412,0.18482552755388681,92.14732503890991
1780876660.4785693,1.1220042758505455,-0.0720562504089265,0.2183631679339557,0.18496645854356508,92.1718578338623
1780876660.5040696,1.1217011799476415,-0.07193877368720468,0.21873777223518498,0.18490136125075907,92.19735813140869
1780876660.5217094,1.121434452020877,-0.07169363849989725,0.21846006036606463,0.18465427258369083,92.21499800682068
1780876660.5466068,1.1211504879162442,-0.0715097799491601,0.2185953603886264,0.1844922430811149,92.23989534378052
1780876660.5669363,1.1208066417043114,-0.07165977219147963,0.21866030862977065,0.1847959363993823,92.26022481918335
1780876660.5888608,1.1204965763215977,-0.0716165086730739,0.2188746202273143,0.18483748952183365,92.28214931488037
1780876660.6119611,1.1202567228834517,-0.0712760682883943,0.2184243880408153,0.184453887230557,92.30524969100952
1780876660.6308281,1.1199676886444412,-0.07116492412230611,0.21833585406259198,0.18439002724548814,92.32411670684814
1780876660.6533406,1.1196265487349841,-0.07129970040245227,0.21864176718040498,0.18467213306286467,92.34662914276123
1780876660.6734722,1.1192965980142864,-0.07138807764385526,0.21885452325127075,0.18489491909261524,92.36676073074341
1780876660.6973825,1.1190514382622445,-0.07109694528421895,0.21845833610587487,0.18458161692018393,92.39067101478577
1780876660.7190788,1.1187672307283014,-0.07095060864216968,0.21868243576155036,0.1844673282589646,92.41236734390259
1780876660.7386875,1.118422411402638,-0.07116743641653928,0.21864969867491477,0.1848613576253939,92.4319760799408
1780876660.760658,1.1181287714436816,-0.0711009999840756,0.21869015378645218,0.1848673841522004,92.45394659042358
1780876660.7823067,1.1178996795267797,-0.07071482907624949,0.2186086402322976,0.18442006765870111,92.47559523582458
1780876660.8056135,1.1176084753446651,-0.07067066355864805,0.21841717874018388,0.18444412771657248,92.49890208244324
1780876660.8279028,1.1172694182965313,-0.0708522942161751,0.21866164467235985,0.18478982426862434,92.52119135856628
1780876660.8481624,1.1169783140185063,-0.07077797311937992,0.21886631626227504,0.1847830014298255,92.54145097732544
1780876660.8702435,1.1167524672246325,-0.07043074969773172,0.21847803219087386,0.18438838526133594,92.56353211402893
1780876660.890405,1.1164720772173558,-0.07034294391093456,0.21836846732759185,0.1843509839705053,92.5836935043335
1780876660.9135094,1.1161449696665076,-0.07046205946698873,0.21881170394314958,0.1846084687540266,92.60679793357849
1780876660.9355373,1.1158391561412124,-0.07054740855215891,0.2184385885951569,0.18481789895635892,92.62882590293884
1780876660.959139,1.1155598485695266,-0.07047271305065163,0.21838215244632686,0.1848024695118493,92.65242767333984
1780876660.9815574,1.1152935647713957,-0.07026467930542975,0.2189046735796401,0.1846065180966896,92.67484593391418
1780876661.002845,1.1150611437629925,-0.07000038497061073,0.2183624833688654,0.18432390287620137,92.69613361358643
1780876661.0242898,1.114778370927387,-0.06993513099746132,0.2184670744913517,0.18431739478018905,92.7175784111023
1780876661.0462754,1.114446886187889,-0.07011162542531113,0.21889248280004642,0.1846535631972035,92.73956394195557
1780876661.0661333,1.1141656855545155,-0.07009907767806593,0.21850475036372202,0.18472537362050367,92.75942182540894
1780876661.0885613,1.113912810463506,-0.0699023082636393,0.2185663536714143,0.1845389909794788,92.78184986114502
1780876661.109272,1.1136392766267824,-0.06979483384656912,0.2187827313446241,0.18447575372691816,92.80256056785583
1780876661.1331363,1.1133523231819007,-0.06984322608746835,0.2183301912557334,0.18462682252452378,92.82642483711243
1780876661.157534,1.1130564104022134,-0.06981721727976226,0.2190458296087459,0.1846824026413385,92.85082244873047
1780876661.1779735,1.1128237278678241,-0.06960209623862669,0.21838221968114274,0.18446749850440014,92.87126207351685
1780876661.2030127,1.1125681390221918,-0.06940647532390205,0.21875261500564983,0.1842810883106365,92.89630126953125
1780876661.2267318,1.1122459945959318,-0.06961900828034537,0.2186729059814743,0.18465803883916543,92.92002034187317
1780876661.2469437,1.1119601384652096,-0.06965305247449798,0.21844611101435407,0.18479464644435772,92.9402322769165
1780876661.271053,1.1117049395493313,-0.06947757440121542,0.2187679073109658,0.1846378996466882,92.96434164047241
1780876661.2909698,1.1114736487578207,-0.06922596299125801,0.2185471860795757,0.18437224388684825,92.98425841331482
1780876661.3155465,1.1112181707647644,-0.06908043326094504,0.2186581459831847,0.1842539775100107,93.00883507728577
1780876661.338126,1.1109040988023255,-0.06924973640042528,0.21879235846986492,0.18457132810625332,93.03141450881958
1780876661.3577638,1.110638010509883,-0.0691731008112473,0.21881045855302736,0.18455526839978909,93.05105233192444
1780876661.3807046,1.1104140325126806,-0.068903312906872,0.21858923458479432,0.18426115870466653,93.07399320602417
1780876661.400966,1.1101370723091095,-0.06888893932106475,0.21868628921333838,0.18432326823762324,93.09425449371338
1780876661.4252672,1.1098290580893988,-0.0690228482219526,0.2189769826578452,0.1845950174760329,93.11855578422546
1780876661.4474657,1.1096003943683967,-0.06879674733902887,0.21869975784923534,0.18436630908011686,93.14075422286987
1780876661.4683022,1.1093382317635982,-0.06872887863296911,0.21863641987533952,0.18435165377131835,93.16159081459045
1780876661.496365,1.109043353270126,-0.06882195010662914,0.21871689161758645,0.18456327463388433,93.18965363502502
1780876661.5162475,1.1087761860193084,-0.06878841866901694,0.2186563491786893,0.1846013304241474,93.20953607559204
1780876661.539101,1.1085386996651507,-0.06857083295797278,0.2188493678587674,0.18438282039024578,93.23238945007324
1780876661.5611765,1.1082806207609117,-0.06849852235158836,0.21878843262304057,0.1843631374804966,93.25446510314941
1780876661.581829,1.1079939915356807,-0.06857723925847009,0.21871494380194187,0.18455173127715963,93.27511763572693
1780876661.6057007,1.107736899345274,-0.06849719061396692,0.2187034529279792,0.18452487682342245,93.29898929595947
1780876661.6263957,1.1075029710109736,-0.06829298345906891,0.21868933908310342,0.18432370970229783,93.31968426704407
1780876661.6495721,1.1072378178704336,-0.06825883558236466,0.21870998892201948,0.18435507131660955,93.34286069869995
1780876661.674194,1.1069559988431366,-0.0683081401161531,0.21877968694293184,0.18450667329129455,93.36748266220093
1780876661.6957085,1.10670865267311,-0.06818833524018066,0.21880456041675522,0.18442171696028353,93.3889970779419
1780876661.719148,1.10646181464733,-0.06808200442254467,0.21861419065116783,0.18435418095575873,93.41243648529053
1780876661.7390585,1.1061963203599512,-0.0680258882223733,0.21897162541145906,0.1843572199655199,93.43234705924988
1780876661.761768,1.105920158479509,-0.06809039498336165,0.21875267827347047,0.18452548354351883,93.45505666732788
1780876661.7855105,1.1056830944260048,-0.0679189746838326,0.21880605550611198,0.18437143283965263,93.47879910469055
1780876661.8060036,1.1054265287659004,-0.06786568224832833,0.21872074039224673,0.1843738410142297,93.49929213523865
1780876661.8271637,1.1051519595734163,-0.0678951016341918,0.21883097939946566,0.184497125525656,93.52045226097107
1780876661.8503468,1.1049234329013888,-0.06768519447422959,0.21888930247261626,0.18428575341366304,93.54363536834717
1780876661.87276,1.1046437448792121,-0.06776504108034409,0.21882391062567272,0.1844741929456477,93.56604862213135
1780876661.897583,1.1044055725822641,-0.06761316799639301,0.2188902375224488,0.18434557182809108,93.5908715724945
1780876661.921466,1.104156516663271,-0.06754700387705607,0.2186697989948231,0.18433040388596122,93.61475467681885
1780876661.944004,1.1038921749424842,-0.06752677343367937,0.2188060351725898,0.18438263606391647,93.6372926235199
1780876661.9666839,1.1036420883904345,-0.06745816070437992,0.21878847267658755,0.18436593799443202,93.65997242927551
1780876661.9861825,1.1033981826008177,-0.06736507674546881,0.21861790662390568,0.18431541441250587,93.67947101593018
1780876662.0084429,1.1031409600790298,-0.06729510560319864,0.21898291492536912,0.18429759840389437,93.70173144340515
1780876662.029597,1.1028779593324018,-0.06732987856617126,0.21865850410499715,0.1844216936050298,93.7228856086731
1780876662.052828,1.1026394285970071,-0.06718259093664557,0.21882500747288056,0.18430108381733312,93.7461166381836
1780876662.0770006,1.1024092083423107,-0.0670324708147614,0.2186356698543462,0.18416770372659297,93.77028918266296
1780876662.0965173,1.1021291712516785,-0.0671062964910179,0.21889407322450977,0.1843459229905191,93.78980588912964
1780876662.1215386,1.10188519002238,-0.06703170578995843,0.2187005339214086,0.18432343224447933,93.81482720375061
1780876662.1423345,1.1016488828842577,-0.06688635511725048,0.21884650517151258,0.1841977079310979,93.83562302589417
1780876662.1647348,1.101368213889135,-0.06699390664024897,0.2188729091871387,0.18442418246659287,93.85802340507507
1780876662.1890018,1.101145912693439,-0.06679839815232842,0.21884071253648915,0.18423236675676158,93.88229036331177
1780876662.2110076,1.100877262292219,-0.06684769565556137,0.21883364218178722,0.18437416278400498,93.90429615974426
1780876662.234596,1.1006299906201051,-0.06678726136124834,0.21882138607477997,0.1843699960086722,93.92788457870483
1780876662.2555587,1.1003964276669231,-0.06664718656207902,0.21886840017185333,0.18425054287446585,93.94884729385376
1780876662.2780058,1.1001393113507298,-0.06665315029298428,0.21876843739793372,0.18433705270181555,93.97129440307617
1780876662.2997477,1.0999034814378446,-0.06652244806975692,0.21889817461184857,0.18423160113540327,93.9930362701416
1780876662.322763,1.0996390914409069,-0.06656609119651269,0.21886931359611556,0.18436825363115528,94.01605153083801
1780876662.3459148,1.0994195993361984,-0.0663677528408419,0.2188459325041499,0.18417026776472234,94.03920340538025
1780876662.3662293,1.0991568041313617,-0.0663958483949052,0.21892524352413437,0.18428379557671626,94.0595178604126
1780876662.389098,1.098919061015618,-0.06630940230427149,0.21882514341791062,0.18424088556678786,94.08238649368286
1780876662.4099553,1.0986726966960634,-0.06626849349120197,0.21873513666207514,0.184258168360234,94.10324382781982
1780876662.4300082,1.0984279606494667,-0.06620778232685501,0.21877255323338635,0.18425084639246947,94.1232967376709
1780876662.454341,1.098182808252655,-0.06614745998663715,0.21884751718282985,0.18424109384100706,94.14762949943542
1780876662.474619,1.0979284900401285,-0.06614971736048227,0.21885343506996552,0.18432118767831618,94.16790747642517
1780876662.498748,1.0977087272120558,-0.0659672206840361,0.218844189627485,0.18414223255035989,94.19203662872314
1780876662.5209627,1.097445374457305,-0.06601247311216872,0.21894298395269313,0.18428039007076435,94.21425127983093
1780876662.5414143,1.0972229293563733,-0.06586460803850146,0.21880136395253066,0.1841508540798209,94.23470282554626
1780876662.5645864,1.0969584707848987,-0.06592386208454686,0.218828527145155,0.18430467891033508,94.25787496566772
1780876662.5843983,1.0967206153363782,-0.06584561986136742,0.21886410369947598,0.18427299078964943,94.27768683433533
1780876662.6065238,1.0965014198976086,-0.06567868354381554,0.21878955674398834,0.1841154633710893,94.29981231689453
1780876662.6307228,1.0962388188099375,-0.06572484410634222,0.21892566613385442,0.18425191398165097,94.32401132583618
1780876662.651996,1.0960028570294928,-0.06566157757929067,0.21879523633681336,0.1842390895180941,94.3452844619751
1780876662.6775973,1.0957736020670372,-0.06555298304377193,0.21874431093872693,0.1841623286664742,94.37088584899902
1780876662.7012625,1.09552309527913,-0.06555325711911023,0.2187723040949643,0.18423481646243367,94.39455103874207
1780876662.719554,1.0952903732054655,-0.06546085771365895,0.2188178784835176,0.18418298659275134,94.41284251213074
1780876662.7424693,1.095041609903668,-0.06546019094542793,0.21880259590262388,0.1842526823025512,94.4357578754425
1780876662.7640054,1.0948067097184826,-0.06538926858191037,0.21880630347292435,0.18422959416681195,94.45729398727417
1780876662.7878659,1.0945840072931627,-0.06526289687717665,0.21871233265683798,0.18412571852249116,94.4811544418335
1780876662.8103063,1.0943317095301992,-0.06528172715218426,0.218773830465316,0.18422387527793394,94.5035948753357
1780876662.829915,1.0940983279162846,-0.06520792292815766,0.21880681185114573,0.18419621537406528,94.5232036113739
1780876662.8522303,1.093873104705693,-0.06510067754848067,0.2187350896543061,0.18411895583052917,94.54551887512207
1780876662.8722317,1.0936196439504966,-0.06513732825719985,0.21876306783365856,0.18424058191531856,94.56552028656006
1780876662.8941295,1.0933893256898775,-0.06505294018111947,0.21879839734719633,0.18419874590601815,94.58741807937622
1780876662.91855,1.0931668880898477,-0.0649386317307633,0.2187356342874143,0.18411028537878238,94.61183857917786
1780876662.9419577,1.0929171731894078,-0.06496023557199569,0.21879856264010195,0.18421181622489513,94.63524627685547
1780876662.9659455,1.0926943100218784,-0.06483959607049179,0.218869971028903,0.18411793460351333,94.65923404693604
1780876662.9870195,1.0924555631914095,-0.0648149249144493,0.2188600395595056,0.18415385553024777,94.6803081035614
1780876663.0106542,1.0922260950262277,-0.06474705766799023,0.21884418864808444,0.18413251251807772,94.70394277572632
1780876663.0341816,1.091990002670721,-0.06471197595487069,0.21884002205400144,0.18415430154746648,94.72747015953064
1780876663.055736,1.0917572713028727,-0.06466558691303381,0.21882125906014233,0.18415882035297404,94.7490246295929
1780876663.0792122,1.0915220492049373,-0.0646388024644981,0.21877803687414127,0.18419457452178456,94.77250075340271
1780876663.100926,1.0913052824990572,-0.06451415084756747,0.21873805796523127,0.1840907733885171,94.7942144870758
1780876663.1273377,1.0910625052748788,-0.0645267114424947,0.21875456925596207,0.18417780546380058,94.8206262588501
1780876663.1521935,1.0908398904848349,-0.06442395215245604,0.21886962231655419,0.1841077424396076,94.84548211097717
1780876663.1739073,1.090606895254479,-0.06439162843651196,0.21885616122657364,0.18413169972305266,94.86719584465027
1780876663.1958807,1.0903810331293304,-0.06432608452909852,0.2188227652214785,0.18411106102124197,94.889169216156
1780876663.2163146,1.0901516695042601,-0.0642871153696512,0.2187758935536272,0.18412550527027527,94.90960311889648
1780876663.2402806,1.0899310929176713,-0.06419255888004936,0.21883023056402034,0.18406492128778318,94.93356919288635
1780876663.263896,1.0896911415435262,-0.06420977484577854,0.2188303739603893,0.18415846144941295,94.95718455314636
1780876663.2859366,1.0894790566504224,-0.06408993257279727,0.21873666549958715,0.1840591774130793,94.9792251586914
1780876663.3073568,1.0892430395675672,-0.06409017971112806,0.21875419703711524,0.18412995755764783,95.00064539909363
1780876663.3273194,1.089024216423455,-0.06399702478480088,0.21882273608202965,0.18406916422090713,95.02060794830322
1780876663.3499038,1.0887934336587253,-0.06397666920951593,0.21885393219367713,0.18410944916601313,95.0431923866272
1780876663.3712497,1.0885773178859128,-0.06388490166190015,0.2188461269586614,0.18404946917548148,95.06453824043274
1780876663.3921967,1.0883401537333377,-0.0639244780338804,0.21868411652128072,0.1841727172332286,95.08548521995544
1780876663.4151194,1.0881320863874064,-0.06377517148626316,0.21886810766527273,0.18403476596687085,95.10840797424316
1780876663.439936,1.087897532599848,-0.06380595362390942,0.21874274134836483,0.18414274757604687,95.13322448730469
1780876663.461325,1.087696619577116,-0.06364117502416772,0.21875767524860687,0.18398356381109338,95.15461349487305
1780876663.4821098,1.0874711893992264,-0.06361458507172851,0.2187815162268963,0.18401181739511063,95.17539834976196
1780876663.5036623,1.0872269321559511,-0.06370675166347266,0.2186494126753433,0.1842067058813761,95.19695091247559
1780876663.5254233,1.0870180709221842,-0.06358750285394243,0.21877082922694335,0.1841108293034157,95.21871185302734
1780876663.549105,1.0868212401281534,-0.06343855012930635,0.2185674523686644,0.1839678259562909,95.24239349365234
1780876663.5681794,1.086582552795994,-0.06347579826214562,0.21878624370454067,0.18408497945744262,95.26146793365479
1780876663.5909865,1.0863523036828744,-0.06351005363615163,0.2186472918226606,0.18420157627634204,95.28427505493164
1780876663.6131995,1.086160509320884,-0.06331284323744729,0.21877337175023626,0.18399452345621903,95.30648803710938
1780876663.6353354,1.0859569293008116,-0.06320936758250521,0.2186797638518571,0.18391363032849561,95.32862401008606
1780876663.6576033,1.085707811497051,-0.06332611937979198,0.21882902156129164,0.18414261434044654,95.35089182853699
1780876663.678657,1.0855226534738402,-0.06314009192242037,0.21864345460700493,0.18395057790040603,95.37194561958313
1780876663.7014127,1.085307063097708,-0.06310912814857199,0.2185530470120293,0.18396838244783176,95.3947012424469
1780876663.7227523,1.0850665542272466,-0.06317305631119882,0.21889307987576712,0.18412652542064833,95.41604089736938
1780876663.7446465,1.0848867022587412,-0.06297682274700432,0.21866813819132558,0.18391727310573458,95.43793511390686
1780876663.7671854,1.0846629734714335,-0.06299414165169477,0.21868117296968478,0.18400353837069083,95.46047401428223
1780876663.7887106,1.0844423997081234,-0.06300470190072333,0.21861217988188322,0.184084214578764,95.48199915885925
1780876663.8113985,1.0842398919803167,-0.06290413069610079,0.21872050232106183,0.18400867232441342,95.50468707084656
1780876663.8316317,1.0840383379085499,-0.06281314709131183,0.218782435255344,0.18394402984850533,95.52492022514343
1780876663.8558,1.0838059970873182,-0.06291302552545985,0.2185983645626122,0.18414682095139057,95.54908847808838
1780876663.87938,1.08360580739088,-0.06281420769827503,0.21872680761513372,0.1840750126538886,95.57266855239868
1780876663.9007175,1.083418307365401,-0.06267470030687997,0.2186107652593143,0.1839407466143559,95.59400606155396
1780876663.9240642,1.0831913279524468,-0.0627334240643229,0.21867172129008727,0.18408498805922768,95.61735272407532
1780876663.9444618,1.0829849047780524,-0.0626984792136787,0.21863317829309944,0.18410123535284395,95.63775038719177
1780876663.966987,1.0828040378510164,-0.0625251953681657,0.21862313408636777,0.18392061725668718,95.66027545928955
1780876663.9887357,1.0825883844927606,-0.06253246445571928,0.21875100751504634,0.18399157348699635,95.68202424049377
1780876664.0091672,1.082380380606192,-0.06252434278989939,0.2186529011059483,0.18404379289624284,95.70245575904846
1780876664.0323231,1.0821937872226806,-0.06239597203539437,0.21864113151584555,0.18392667222654868,95.72561168670654
1780876664.0522363,1.0819786064424326,-0.06241332162361544,0.2187720438015813,0.18401098041311315,95.74552488327026
1780876664.0734386,1.0817856601824862,-0.062339379245714636,0.21864744182822543,0.18397053372920524,95.76672720909119
1780876664.0968137,1.0815730630924603,-0.06235933197444251,0.2186822773538103,0.18405735499949927,95.79010224342346
1780876664.1170356,1.0813791422829393,-0.06228909702828403,0.21866887303393398,0.18402296168637555,95.81032419204712
1780876664.138188,1.0811825410559086,-0.06223352933048148,0.21869174148722942,0.18400271634732412,95.83147644996643
1780876664.161788,1.0809850155078191,-0.06219394783889581,0.2186764090718433,0.1840098347105954,95.85507655143738
1780876664.179847,1.0807966395100137,-0.06211154283788949,0.21861674002493536,0.18395338630396374,95.87313556671143
1780876664.2038949,1.080594126434268,-0.06210272505159735,0.21862242687920028,0.184000870960765,95.89718341827393
1780876664.2239,1.0804038916007987,-0.06202922947074805,0.21865869914672856,0.18395915534659402,95.91718864440918
1780876664.2466679,1.080209805746123,-0.06198690727689543,0.21865879018662038,0.1839567030410958,95.93995642662048
1780876664.2697804,1.0800184565818327,-0.06192858839965264,0.2187016157204627,0.18393782217338295,95.96306896209717
1780876664.2889988,1.0798303826905704,-0.06186532009793763,0.21866691048469522,0.1839046114868399,95.98228740692139
1780876664.3120577,1.0796266709397233,-0.06188494702315187,0.21866968330995692,0.18399397669157658,96.00534629821777
1780876664.3328834,1.0794480212592668,-0.0617712335669858,0.2187386606303036,0.18389054434966923,96.02617192268372
1780876664.354292,1.079234888489738,-0.0618712244584535,0.21855548855303764,0.18408952353740915,96.04758048057556
1780876664.3765905,1.0790580345575973,-0.06174928816912343,0.2187059729198569,0.18397858385149757,96.0698790550232
1780876664.3969862,1.0788805457679482,-0.06166482066687045,0.2185288590853695,0.18391469267490201,96.09027481079102
1780876664.4210439,1.0786772076857538,-0.06168236558108561,0.21874937071860964,0.1839986338278372,96.11433243751526
1780876664.4414537,1.0785023022913391,-0.061598624777750764,0.21858865858417534,0.18393797909005727,96.13474225997925
1780876664.4634297,1.0783180542548991,-0.06155191969542919,0.2185189276002132,0.18392842912532537,96.15671825408936
1780876664.4861836,1.0781220978261608,-0.0615405172669396,0.21881981763212335,0.18397092923994052,96.17947220802307
1780876664.5070994,1.0779500347187054,-0.061471833233358336,0.21845169418969373,0.18392974094552095,96.20038795471191
1780876664.5315402,1.0777639942590387,-0.0614111869977032,0.2187386478658384,0.18390190494428005,96.22482872009277
1780876664.5519505,1.0775753493549078,-0.06143358199667702,0.21849957904022824,0.18398747918769232,96.24523901939392
1780876664.5749555,1.077394532920614,-0.06137252203544296,0.21860105186720513,0.18395983628432777,96.26824402809143
1780876664.5994327,1.0772348804501766,-0.06123389802759222,0.21850307478179157,0.18381983726264828,96.29272127151489
1780876664.620537,1.077032016038559,-0.06129619645315538,0.2186476506546227,0.18396046759762008,96.3138256072998
1780876664.6428611,1.076825098450382,-0.06142784598121344,0.2184493106575867,0.18420201809298575,96.3361496925354
1780876664.6630523,1.0766600532188546,-0.061303340179126156,0.2185862826576486,0.1840846241269567,96.35634088516235
1780876664.6840522,1.0765182387309549,-0.06104525325664065,0.21884719964762078,0.183775273065935,96.37734079360962
1780876664.7063615,1.0763113223100524,-0.06120369480672859,0.21853559586191298,0.18404780592866032,96.39965009689331
1780876664.7264624,1.076129993065572,-0.06121159403081606,0.21836170252836423,0.1841160354573823,96.41975092887878
1780876664.7496257,1.07597303613593,-0.061030957196809475,0.21879718505628892,0.18391969874831027,96.44291424751282
1780876664.7700803,1.0758343479446661,-0.060843393607855734,0.21841845051110392,0.18370616563955444,96.46336889266968
1780876664.794109,1.075645490439116,-0.060882755049770566,0.21847196553036816,0.18381190313243145,96.48739767074585
1780876664.8180404,1.0754383395856013,-0.06099904705306236,0.21877405959322993,0.18403231416604982,96.51132893562317
1780876664.8388162,1.0752949455221439,-0.060841762578244314,0.2185114289918551,0.18386412854994383,96.53210473060608
1780876664.862614,1.0751143213621905,-0.06083495548294438,0.218690022154214,0.18390466144832018,96.5559024810791
1780876664.8870482,1.074921311928886,-0.06094045575403528,0.21854144427331143,0.1841068655857825,96.58033680915833
1780876664.9058368,1.0747698052142887,-0.060792413616914356,0.21871561604237805,0.18395385836368838,96.59912538528442
1780876664.9277308,1.0746331212373463,-0.060612270557442685,0.2184520570651542,0.18374901561552015,96.62101936340332
1780876664.948382,1.0744491861146277,-0.06064769665387365,0.21861240894404912,0.1838484322841154,96.64167046546936
1780876664.9696677,1.0742627028926495,-0.06070120872114674,0.21876638828772518,0.18398005965103614,96.66295623779297
1780876664.9938307,1.074135936312206,-0.06047864256137932,0.2185396415183094,0.18371573414993403,96.68711924552917
1780876665.016215,1.0739607702782168,-0.060485347754213714,0.21867005401740736,0.18377491290575687,96.70950365066528
1780876665.0372744,1.0737628680725682,-0.06063993920167004,0.21854055344789877,0.18404412444935137,96.73056292533875
1780876665.0574014,1.0736005834004116,-0.06058727664015523,0.21867124224340315,0.18402203539679718,96.75068998336792
1780876665.080742,1.0734763170632278,-0.06035453028714393,0.218542272995372,0.18374342248400666,96.77403044700623
1780876665.1037624,1.0733133858377422,-0.06031612986521532,0.2186460919258273,0.1837383614903585,96.79705095291138
1780876665.1288369,1.0731098221621058,-0.06050295449044925,0.21868279833987592,0.18405137349432632,96.82212543487549
1780876665.1520548,1.0729684502768915,-0.060386981760176914,0.21849437140315436,0.1839387419167675,96.84534335136414
1780876665.1723375,1.0728222843070685,-0.060263712981542455,0.21859971721205237,0.1838144159403159,96.86562609672546
1780876665.1946847,1.0726625479252412,-0.06023010074406791,0.2186832583321386,0.1838163634252723,96.88797330856323
1780876665.216975,1.0724885295637159,-0.06029892189478029,0.2184644094029208,0.18395981364639624,96.9102635383606
1780876665.2378705,1.0723162606924734,-0.06031783536860954,0.21871691377091765,0.18403845487711923,96.93115901947021
1780876665.2596126,1.072207813595458,-0.06003360498503143,0.21860224009685159,0.18368713322943186,96.95290112495422
1780876665.280574,1.072055643040809,-0.05999129551421494,0.21850074166816918,0.18367383882383237,96.97386264801025
1780876665.30288,1.071852895967025,-0.06018658412595567,0.21871452015243673,0.1839942620463102,96.99616861343384
1780876665.3259242,1.0716990704346205,-0.060187834302820375,0.21832822013668193,0.18404512988099064,97.01921272277832
1780876665.3462515,1.0715522243570768,-0.06005834231610093,0.21888086512844385,0.18391503904669726,97.03954005241394
1780876665.3694718,1.0714361727202302,-0.05987959529405662,0.2183391284845315,0.1837077026193592,97.06276035308838
1780876665.3899727,1.0712842898767605,-0.0598068932091507,0.21867055175667827,0.18365183463840573,97.08326125144958
1780876665.4134867,1.0710766203948086,-0.06007411728184469,0.21865643884998345,0.1840728859329186,97.10677528381348
1780876665.436316,1.0709331197351535,-0.06003311122267286,0.21832923582699867,0.18406357291720532,97.12960457801819
1780876665.457449,1.0707980222151934,-0.05985931240330752,0.2188661844632912,0.1838706813603901,97.15073752403259
1780876665.4816775,1.0706913242478662,-0.0596465044403565,0.21837309124523624,0.1836153125121207,97.17496609687805
1780876665.5021186,1.0705362578731088,-0.05963910076783102,0.21840292996343091,0.1836476939422873,97.1954071521759
1780876665.5253108,1.0703397056299218,-0.05981337164566183,0.21888598948419416,0.18393995905959937,97.21859931945801
1780876665.5472167,1.0701931977879953,-0.059834765794155496,0.21829716532075558,0.1840153556099864,97.24050521850586
1780876665.5673075,1.0700446166707005,-0.05975637034647175,0.21881790854830704,0.18395487909298947,97.26059603691101
1780876665.5888495,1.0699401212343558,-0.059542216283387406,0.218353710876048,0.18369790317006007,97.28213810920715
1780876665.6163259,1.0698107608105336,-0.05939994962769841,0.21854378412833858,0.18354272818944928,97.30961441993713
1780876665.6378064,1.0696195734839549,-0.05960998690476629,0.21858321879031198,0.18387943493546377,97.33109498023987
1780876665.6607077,1.0694546906046778,-0.059650581399178636,0.21890025532465957,0.1839875552861976,97.35399627685547
1780876665.68086,1.0693714339129752,-0.05933777166737822,0.21845670417625643,0.18359244027702282,97.37414860725403
1780876665.706683,1.0692432144134685,-0.05923375870197221,0.21833049800597115,0.1834873439153064,97.39997148513794
1780876665.7308292,1.069062994073336,-0.059373738255509796,0.21860903785563945,0.18372698565026724,97.42411780357361
1780876665.7539325,1.0688743192638783,-0.05957908277139669,0.21867849560177646,0.18406093185263117,97.44722104072571
1780876665.7764225,1.068754966806199,-0.05946303407506303,0.2183453317392853,0.1839418994362383,97.46971106529236
1780876665.7968895,1.0686206664131006,-0.05932991484138551,0.21891427715529096,0.1838022237534478,97.49017810821533
1780876665.8202512,1.0684963707507509,-0.059272142451390945,0.2183403415299272,0.18376101594487615,97.51353979110718
1780876665.8414898,1.068340053488213,-0.05926022319776555,0.21896257481957007,0.18378960021556168,97.53477835655212
1780876665.864591,1.0681916393459296,-0.05934287936077555,0.21830972100660676,0.18394460606174867,97.55787944793701
1780876665.886298,1.0680289512831531,-0.05938441542149855,0.21881452387571823,0.18404980844512941,97.57958650588989
1780876665.909077,1.0679445062527553,-0.05909080786848722,0.21849125159443122,0.1836831242165644,97.60236549377441
1780876665.9318366,1.06784727406448,-0.058856765657319066,0.21829362344702288,0.183394874546007,97.62512516975403
1780876665.9540524,1.0676955380251125,-0.05888459003407794,0.21844453848756892,0.1834756090699905,97.64734101295471
1780876665.9755554,1.0674864899963994,-0.05920617809249929,0.21874286749657568,0.18396499501689778,97.66884398460388
1780876665.9972806,1.0673295242002012,-0.059294225687923155,0.21860240267477013,0.18413489398010352,97.69056916236877
1780876666.0174487,1.0672372326048307,-0.05905209404762683,0.21837931542979666,0.18383852987683902,97.71073722839355
1780876666.041964,1.0671134203523087,-0.058883603999518405,0.2190435407773829,0.183647039564522,97.73525261878967
1780876666.065144,1.0669672077949253,-0.05898910819773963,0.21831002992874896,0.18382928818949829,97.75843262672424
1780876666.0864367,1.0667928540721863,-0.05912320608937159,0.21876638363597872,0.18406110122454766,97.77972531318665
1780876666.1087587,1.0666983626308508,-0.05887862258101592,0.21871002502210576,0.1837652942542407,97.80204725265503
1780876666.1288433,1.066615032979713,-0.05861776560458692,0.21831006826904512,0.18343865613945454,97.82213187217712
1780876666.1498187,1.0664780780457297,-0.05859646581721334,0.21837118961576837,0.18344775722926432,97.84310722351074
1780876666.1707854,1.0662868124432237,-0.058833821472307646,0.2187758557518253,0.18381799372305352,97.86407399177551
1780876666.1913767,1.0661278123938478,-0.058943682299054015,0.21874788018759161,0.18401684450049327,97.8846652507782
1780876666.2129807,1.0660395363610184,-0.05870368487363855,0.21850331110618723,0.18372289122313212,97.90626931190491
1780876666.2330651,1.065904489537475,-0.058647550803231356,0.21886929065095173,0.1836822865149239,97.92635369300842
1780876666.2549598,1.0657239340645022,-0.05891319016312838,0.2185273054299763,0.18409144522966425,97.94824838638306
1780876666.2802243,1.0655822266389767,-0.05894617213019123,0.2184534274448206,0.18417831720824474,97.97351288795471
1780876666.300558,1.0654832835360109,-0.058715874081978175,0.21870827794675138,0.1839013477773408,97.99384665489197
1780876666.3222795,1.0653894308028065,-0.058487076403920306,0.21865014727516777,0.18362039300556887,98.0155680179596
1780876666.3461778,1.0652506862320286,-0.05852291590814517,0.21847166691102216,0.18370842120020292,98.039466381073
1780876666.3649082,1.0650899475773437,-0.058609164089350026,0.21886921271047957,0.18386917542002124,98.0581967830658
1780876666.3885348,1.0649580295088896,-0.058650083738439884,0.21832196947442456,0.1839634581443228,98.08182334899902
1780876666.412665,1.0648190599741998,-0.05860081613079893,0.2189741782380771,0.18394025716974305,98.10595345497131
1780876666.4378576,1.0647438491505488,-0.05833800129900508,0.21838405713247963,0.18361187835668602,98.13114619255066
1780876666.4603841,1.0646389289703324,-0.058159671871386535,0.2185276427697508,0.18340135695232274,98.15367269515991
1780876666.4800398,1.064470599980238,-0.05834602648331767,0.21848328238890127,0.18369682239501817,98.1733283996582
1780876666.504281,1.0642922895135176,-0.05853226956862586,0.21893320602652067,0.18399760695152878,98.19756960868835
1780876666.527025,1.0641853162689903,-0.05845699403426678,0.21827932739157363,0.1839308285209711,98.22031354904175
1780876666.5516806,1.0640610389051597,-0.05833465422436874,0.21897615930804556,0.1838033033752371,98.24496912956238
1780876666.5749679,1.0639542198490808,-0.058247342164890865,0.21840173906297863,0.18371697044240243,98.26825642585754
1780876666.5961843,1.063822744076854,-0.05821504997206153,0.21865178264427276,0.18371179322547349,98.28947281837463
1780876666.6209342,1.0636769209330266,-0.05827512722617832,0.21867584736006812,0.18383275410972288,98.31422281265259
1780876666.6420093,1.0635334808961845,-0.058350944945290716,0.2185410142830629,0.18397515871136072,98.33529782295227
1780876666.6667202,1.0634183918252715,-0.05821263016587223,0.2189223953030844,0.18382783574709727,98.36000871658325
1780876666.6895642,1.0633428646323266,-0.05794977363511294,0.21850329872642507,0.18349720883653475,98.38285279273987
1780876666.7105868,1.0632149688724482,-0.05792451819264344,0.21850940089420776,0.1834977543441063,98.40387535095215
1780876666.734593,1.0630365221915246,-0.05813148905492699,0.21891423547987232,0.18382263665138865,98.4278814792633
1780876666.7550364,1.0628995739674927,-0.05820586993772535,0.2184494723881581,0.18396498391555305,98.44832491874695
1780876666.7799957,1.0627739714519815,-0.0581325212028909,0.21885278626889784,0.18390439790179514,98.47328424453735
1780876666.8024068,1.0626912319734192,-0.05790059789147432,0.21853001897513677,0.18361938317774928,98.49569535255432
1780876666.8229666,1.0625737974834828,-0.057815634963054766,0.21860650305907472,0.18353665750033965,98.51625514030457
1780876666.8468945,1.0624039293198608,-0.057991528085944856,0.21894068020671678,0.18381862598015886,98.54018306732178
1780876666.8676953,1.062271940961272,-0.05803777465386121,0.2184960187675461,0.18392098017862857,98.5609838962555
1780876666.892708,1.0621551208999953,-0.05794138998721957,0.21872505222717445,0.1838258512769464,98.58599662780762
1780876666.9146745,1.0620479767726192,-0.05781896215769369,0.21861569625475544,0.18369329085467623,98.60796308517456
1780876666.9351475,1.0619305799478256,-0.057753120699682046,0.21859616491568834,0.18363930799367267,98.62843608856201
1780876666.9574602,1.0617784457019537,-0.05783948884358783,0.21880927083641993,0.18379474891541747,98.65074872970581
1780876666.977444,1.061621251962771,-0.05801615746431978,0.2185380336536669,0.18407487673452483,98.67073249816895
1780876667.0014782,1.0615108286714108,-0.05790771634548549,0.21850069717884774,0.18396659487015388,98.69476675987244
1780876667.023394,1.061416089083282,-0.057659861574169864,0.21904681480449917,0.18366276620995414,98.71668267250061
1780876667.0453513,1.0612974686120724,-0.057658993109246395,0.2184418555928762,0.1836926341950118,98.73863983154297
1780876667.0688498,1.0611406720856713,-0.05776996988429247,0.2187927533072673,0.18388454696232515,98.76213836669922
1780876667.0913367,1.0610216178122638,-0.05771662931474324,0.21867426088386027,0.18385022802700401,98.78462529182434
1780876667.112709,1.0609274382618945,-0.05755926467609684,0.2183728645451973,0.18366809063204936,98.80599761009216
1780876667.1355612,1.060792736618147,-0.05750661310631477,0.2191120756272453,0.18363321942329947,98.82884979248047
1780876667.1567218,1.0606455515800564,-0.057676978452108466,0.2183714442911074,0.18390118092796204,98.85001039505005
1780876667.179296,1.0604822914721035,-0.0578235539123599,0.21869455882351505,0.18414403506195143,98.87258458137512
1780876667.2029283,1.0604046931839106,-0.05755608448210129,0.218563856104544,0.18381439554499757,98.89621686935425
1780876667.2235081,1.060320487332071,-0.05728152085851079,0.21886231605893397,0.1834695637177246,98.91679668426514
1780876667.2449865,1.06016478895354,-0.0574662250424955,0.21845539329034466,0.18375604015487745,98.93827509880066
1780876667.267801,1.0599904403179454,-0.05766553030377821,0.21888198095345582,0.1840725133202259,98.96108961105347
1780876667.2891345,1.0599142719186494,-0.057409218997308054,0.2186056909121961,0.18375790341831255,98.9824230670929
1780876667.3118677,1.0598431760877434,-0.0570942475572222,0.21864458649027274,0.18335591462682466,99.00515627861023
1780876667.3343744,1.0597037940510599,-0.05719124338820105,0.21826286084019708,0.1835217287108062,99.02766299247742
1780876667.3581417,1.0595300875234512,-0.057348192596737624,0.21909967198712854,0.18377813326243864,99.05143022537231
1780876667.3785365,1.0593948273329676,-0.05746258453411482,0.2183319169606449,0.18397058892078277,99.07182502746582
1780876667.3998196,1.0592670984588943,-0.05746681882188502,0.21828279061592099,0.18401182757418866,99.09310817718506
1780876667.4219058,1.0591502717256114,-0.05731874189312875,0.21910411005058125,0.18385008346498122,99.11519432067871
1780876667.4431994,1.0590918218102048,-0.05703182476634671,0.2182660618843991,0.18348457102960403,99.13648796081543
1780876667.4659617,1.0590005953427613,-0.056812673947589924,0.2184685463708393,0.18321650232349818,99.15925025939941
1780876667.4863112,1.0588397093597366,-0.057006900369443086,0.21829640893241123,0.18351619217066428,99.17959976196289
1780876667.5099773,1.0586466310835472,-0.057280287885888966,0.21909721530282572,0.18393469492291104,99.20326590538025
1780876667.5322456,1.0585231324919704,-0.05729611879787358,0.21873502266379893,0.1839942555881695,99.22553420066833
1780876667.5553117,1.0584617563633179,-0.057003218993225885,0.21819134775983234,0.18362274706941228,99.2486002445221
1780876667.5770562,1.058361830887734,-0.05678739449463048,0.21887112446574652,0.18336031518486795,99.2703447341919
1780876667.5971875,1.0581878246490872,-0.05705678090000746,0.2187368580772952,0.1837622156076888,99.2904760837555
1780876667.6194146,1.0580144128759357,-0.05735236062135332,0.21832310925542023,0.18420874366032436,99.3127031326294
1780876667.6416206,1.0578885164217828,-0.057368234061911286,0.21818315461605006,0.1842653443871951,99.33490920066833
1780876667.662405,1.0577992403714422,-0.05713165560520662,0.21852056751291335,0.18397984299982184,99.35569357872009
1780876667.6879456,1.057740533739206,-0.05672094582342568,0.21904529142861226,0.18344718410358318,99.38123416900635
1780876667.7080493,1.0576097644824605,-0.05677028195603478,0.21885811716758768,0.1835438199700521,99.40133786201477
1780876667.7305272,1.0574199188869888,-0.05716527379446159,0.21845037458416358,0.18412227453728125,99.42381572723389
1780876667.7539935,1.0572858540045587,-0.05724623771869642,0.21810009151683607,0.1842727064656886,99.44728207588196
1780876667.7743325,1.0571768846491583,-0.057126607462066735,0.2184523543742557,0.1841444075313916,99.46762108802795
1780876667.798813,1.0571250262947764,-0.0566939849653794,0.2188510450983503,0.18358620684364624,99.49210166931152
1780876667.8272471,1.0570446286559732,-0.05649145147538064,0.2185219238870535,0.18333359610994826,99.52053570747375
1780876667.8465102,1.056904025398708,-0.056624274420138614,0.21813438647265718,0.18354921579685257,99.53979873657227
1780876667.8704395,1.05673592003794,-0.05675967014257823,0.2191402341797787,0.18377592954514466,99.56372809410095
1780876667.8930445,1.0566182876767138,-0.05681257928327123,0.21833004364745004,0.18388170224253297,99.58633303642273
1780876667.9162672,1.0565075909650372,-0.0567579706189053,0.21823866837851705,0.18383983560356398,99.60955572128296
1780876667.939385,1.0563845089448176,-0.05665904024130188,0.21918608338275722,0.18374252565869398,99.63267350196838
1780876667.959694,1.0563003643426163,-0.056559006917585704,0.21816735458578718,0.1836327687336503,99.65298247337341
1780876667.9846632,1.056188948528466,-0.056477715417724256,0.21839406281423426,0.18355558695063934,99.67795181274414
1780876668.0050006,1.0560480339240166,-0.056502151018503144,0.2190886429591928,0.18362564567454065,99.69828915596008
1780876668.0297258,1.055918895407295,-0.056635096768225486,0.21821813041190788,0.18383879438601802,99.72301435470581
1780876668.0530903,1.0557663791936174,-0.05674391056740319,0.21877239202408277,0.18402729749143987,99.7463788986206
1780876668.0733948,1.0556954344099114,-0.056461980740757284,0.21882825107440515,0.1836754713021067,99.76668334007263
1780876668.0950139,1.0556497870105241,-0.05610933456406854,0.21832831275845782,0.18321596511260463,99.78830242156982
1780876668.1180427,1.0555467787235207,-0.056029211610921996,0.21816077333127418,0.1831361137275369,99.81133127212524
1780876668.1398268,1.055387165669992,-0.05620952538544196,0.2184103839625212,0.18341771239032667,99.83311533927917
1780876668.1617565,1.0551908920225654,-0.056565975832886875,0.2188832009601336,0.18394657673084147,99.85504508018494
1780876668.1819236,1.0550701890359315,-0.05665024934528013,0.2181091409775858,0.1840966902920158,99.8752121925354
1780876668.2047684,1.0549502006034044,-0.0566183893552481,0.2184441738623996,0.18408695342783687,99.89805698394775
1780876668.224922,1.0548806818239038,-0.0562963967817432,0.2189084632508154,0.18368080971394196,99.91821050643921
1780876668.2484443,1.0548351198157033,-0.05597811639977655,0.21817842521035674,0.18326640589395993,99.94173288345337
1780876668.2714531,1.0547375272685198,-0.05586435126864904,0.21812743267299675,0.1831378608248695,99.96474170684814
1780876668.2935183,1.054585785139636,-0.056002636588773184,0.21851434268060269,0.18336252275213916,99.98680686950684
1780876668.3157473,1.054386933948972,-0.056391008660906856,0.21896485990870357,0.18393602538565546,100.00903582572937
1780876668.3375733,1.0542757434631516,-0.05637503589011435,0.21877149597355353,0.18395108863878917,100.03086185455322
1780876668.3589475,1.0542344213627735,-0.05601055137872046,0.2183715311074172,0.1834767615714732,100.05223608016968
1780876668.381388,1.0541444660255648,-0.05583578881757106,0.21860753183286744,0.18326329524603224,100.07467651367188
1780876668.401283,1.0539855927266735,-0.05609425760904682,0.2183049977117133,0.18365030527955195,100.09457159042358
1780876668.426296,1.0538159134991125,-0.05630528439548002,0.21903501989409482,0.1839814434352327,100.11958456039429
1780876668.4466197,1.0537468936386272,-0.05608836684577197,0.218671566571481,0.18371485180831293,100.13990831375122
1780876668.47171,1.0537054171566933,-0.05571632492193871,0.21842083127910128,0.18322692555627995,100.16499853134155
1780876668.4937053,1.0535988033266785,-0.05570310643577743,0.21806675509855558,0.18323560592957477,100.18699383735657
1780876668.5142767,1.0534469551367316,-0.055836043079826626,0.21866609775777887,0.18345193650567815,100.20756530761719
1780876668.5362706,1.0532568120769283,-0.05623008177153697,0.21877220730910457,0.18403243899659394,100.22955918312073
1780876668.560127,1.0531609672914692,-0.05619542019673109,0.21814151752509647,0.18401633948754093,100.25341558456421
1780876668.5792835,1.0530657378737738,-0.056048290229380245,0.21860971390637382,0.18384514639066474,100.27257204055786
1780876668.6009128,1.0529952877714241,-0.05579888155961155,0.21871377998504737,0.18353071595918102,100.29420137405396
1780876668.6209836,1.0529148597813223,-0.055685404144366166,0.21814166823966616,0.183400745516745,100.31427216529846
1780876668.643757,1.0527925419673387,-0.055671820314864895,0.21873398777916464,0.18341309708059583,100.33704566955566
1780876668.6681688,1.052612781085336,-0.056032961260997736,0.21873523593119268,0.18394570909751273,100.36145734786987
1780876668.6865144,1.0525047391173497,-0.05606396605498753,0.21821888053457947,0.18402090655045278,100.379802942276
1780876668.709464,1.0524012797999804,-0.05596654201172434,0.21872459085559562,0.18392049500358443,100.40275263786316
1780876668.7295458,1.0523593161137204,-0.055605423434754664,0.21856026751411073,0.18344826075498943,100.4228343963623
1780876668.7548873,1.052284355086982,-0.05544045324107873,0.21830663376271983,0.18324778547610698,100.44817590713501
1780876668.7759218,1.0521505390966395,-0.055556657075011354,0.21833903300233215,0.18343641539264421,100.46921038627625
1780876668.8015397,1.0519813398184328,-0.05580363936955345,0.21900689700397344,0.1838142451590521,100.49482822418213
1780876668.8237295,1.0518821422064457,-0.05581249546002352,0.21836162883114824,0.18385799666608893,100.51701807975769
1780876668.843858,1.0517987154723014,-0.055660898137180136,0.21849985422957097,0.1836778263430201,100.53714656829834
1780876668.8680835,1.051701462996794,-0.05555820242696082,0.2188189711045802,0.18356547858152883,100.56137204170227
1780876668.889544,1.0515909841449622,-0.05562328918744962,0.21832424867365036,0.1836829704764753,100.58283257484436
1780876668.9099967,1.0514609748420551,-0.05566589289154105,0.21900982430838617,0.18377629820874652,100.60328531265259
1780876668.9318824,1.0513782466094312,-0.05559995364471523,0.218345365231059,0.18371231884141181,100.62517094612122
1780876668.9521048,1.051274679934567,-0.05551485668435173,0.2189645463980912,0.18362584389558823,100.64539337158203
1780876668.9754374,1.0511727248088532,-0.05554348715394191,0.21837861126061217,0.18369195616439704,100.66872596740723
1780876668.998037,1.0510483904619323,-0.05560716534731222,0.21869435597029266,0.18381168352647403,100.69132566452026
1780876669.0189676,1.0509621374894644,-0.055500784018476475,0.2185978231332614,0.18369566541134397,100.71225619316101
1780876669.0431986,1.0508957175525933,-0.055297703769604856,0.2185269945585939,0.18344160926363884,100.73648715019226
1780876669.0632782,1.0507700915174716,-0.05538866745812272,0.21861974238937326,0.18359328284497423,100.7565667629242
1780876669.0851471,1.0506184588255645,-0.055623648329829446,0.21874702764917758,0.18395378205821178,100.77843570709229
1780876669.1079645,1.0505516794436947,-0.05545169086697721,0.21841387553020714,0.18374442563401683,100.80125308036804
1780876669.128069,1.050468114043013,-0.05527424849644725,0.21900657453603292,0.18352749441002292,100.8213574886322
1780876669.150748,1.0503526853649123,-0.055394089626937267,0.21842703335518293,0.18371811036254826,100.84403657913208
1780876669.1713502,1.0502157588923167,-0.055539191161761994,0.2187308010551348,0.1839533625678218,100.8646388053894
1780876669.1942046,1.0501631739346893,-0.05527923909605595,0.21858488415484933,0.18362215682392247,100.88749313354492
1780876669.217422,1.0500866105949724,-0.055127209361568945,0.2186354329600864,0.18343449424133773,100.91071057319641
1780876669.2380397,1.0499502805372034,-0.05532222435708701,0.21851816929592355,0.18373360659572224,100.93132829666138
1780876669.260856,1.0498340433991582,-0.055351265307818934,0.2189098836649145,0.18380823941985902,100.95414447784424
1780876669.2848012,1.0497904351855019,-0.05508737591675533,0.21845434383527157,0.18346739369075404,100.97808980941772
1780876669.3038127,1.0496998154702888,-0.05502388419471043,0.218443068287773,0.1834022627797527,100.99710130691528
1780876669.3298466,1.0495587072484969,-0.05521049544511949,0.21875494641530038,0.1836924708220149,101.0231351852417
1780876669.35002,1.0494451024967637,-0.0552941893658002,0.21854677867072533,0.1838398969824313,101.04330849647522
1780876669.3746753,1.0493699629418214,-0.055183327534495764,0.21834128247942655,0.18371154755251062,101.06796383857727
1780876669.396868,1.0492766328635728,-0.0550840141154302,0.21889676438600428,0.18360325048598902,101.09015655517578
1780876669.4167883,1.049187670199269,-0.055097698208923816,0.21824607066764748,0.18364556979402025,101.11007690429688
1780876669.442833,1.0490719955410202,-0.055111900929463976,0.21895343103757134,0.1836967259337854,101.13612151145935
1780876669.462254,1.0489889688327865,-0.055094188799197065,0.21829634338302245,0.18369654654474488,101.1555426120758
1780876669.48622,1.048887589748014,-0.05506162901402312,0.21880095048384016,0.18368059856281427,101.1795084476471
1780876669.5086539,1.0488018980305256,-0.055031826506088614,0.21839464369774478,0.18366445106751872,101.20194244384766
1780876669.5302145,1.048708242828181,-0.0550008479665546,0.21852360010813554,0.1836487243544518,101.22350311279297
1780876669.5539904,1.0486119897346085,-0.05497760884128206,0.2186390138749369,0.1836435880640419,101.24727892875671
1780876669.574669,1.0485164870763264,-0.055002407602329044,0.21838570355846482,0.18370363622273977,101.26795744895935
1780876669.5966184,1.048414357286315,-0.054977728156021366,0.21887406468564796,0.18369927795771623,101.28990697860718
1780876669.6189966,1.0483457522778328,-0.0548977267819233,0.21826557519743275,0.18361120370573847,101.31228518486023
1780876669.640371,1.0482437850899962,-0.054859649698664706,0.21895677123891638,0.1835862916776172,101.33365964889526
1780876669.6633055,1.0481392431968488,-0.054975218044566815,0.2183297920027225,0.1837708904546398,101.35659408569336
1780876669.6837862,1.048021159408022,-0.05506133518192799,0.21871612792185538,0.1839215050940508,101.37707471847534
1780876669.70741,1.0479852592546341,-0.05475292833585198,0.2186554437278282,0.1835186847872574,101.4006986618042
1780876669.7310307,1.0479223816805932,-0.054626877104652964,0.21826828690242103,0.18336319088854935,101.42431926727295
1780876669.751484,1.0478114245627557,-0.054687373179506726,0.218577379369443,0.18347192884240116,101.44477248191833
1780876669.7761378,1.047662030463723,-0.054965003018435335,0.21885011000553958,0.18388945740076146,101.46942639350891
1780876669.796517,1.0476067582936117,-0.054803876498384474,0.21847697436217448,0.18369216316866144,101.4898054599762
1780876669.820517,1.0475611888612444,-0.05454017476068374,0.2186237934893753,0.18334670492343186,101.51380562782288
1780876669.84358,1.047449282099333,-0.0546746089083081,0.2183931254375003,0.18355604438552398,101.53686857223511
1780876669.8640625,1.0473172354635576,-0.054835687211579186,0.21895795175338567,0.18381060136535865,101.55735111236572
1780876669.8861701,1.047257958639083,-0.05473486946115499,0.2183332583053236,0.18369414920437066,101.5794587135315
1780876669.9067264,1.0471870912182073,-0.05458295051607578,0.21882145376735906,0.1835070352970707,101.60001492500305
1780876669.9288666,1.047079128517618,-0.05471064364933157,0.2185317245638995,0.18370685332571846,101.62215518951416
1780876669.9537718,1.0469696623429756,-0.054818806145932736,0.21854271678712328,0.18388627256544687,101.64706039428711
1780876669.9742281,1.0469117212321686,-0.054640999160878855,0.21870245442163197,0.18366302109208554,101.66751670837402
1780876669.9993172,1.046847353257712,-0.0545301194210187,0.2184915636730183,0.18352932756047302,101.69260573387146
1780876670.0249238,1.0467555052705486,-0.054541136996320114,0.21864592305192249,0.18356967679145342,101.71821236610413
1780876670.0470035,1.0466514925351766,-0.05464116801592708,0.21850134886844003,0.18373270187159552,101.74029207229614
1780876670.0697286,1.0465478668344899,-0.054720836949351793,0.21863107301280826,0.18386972185405615,101.76301717758179
1780876670.0897672,1.0465072562612645,-0.05446799284158341,0.21867410902397477,0.18354301573536702,101.78305578231812
1780876670.1110654,1.0464459573113571,-0.054367496376278766,0.21835707924844552,0.18342108029154858,101.80435395240784
1780876670.135364,1.0463361807624714,-0.05446559591366824,0.21864809668646007,0.18358015970039254,101.82865262031555
1780876670.1555312,1.0462195273322537,-0.05463065158740218,0.21868735828876054,0.18383938939930466,101.84881973266602
1780876670.1771367,1.0461741933532955,-0.0544413695982664,0.21850062495568848,0.18359780801022474,101.8704252243042
1780876670.1969557,1.0460957840979286,-0.05437180465520982,0.21882688589893384,0.18352252526017399,101.89024424552917
1780876670.2217147,1.0459854642482465,-0.054564801708263416,0.21837812518878677,0.18381241485827893,101.91500329971313
1780876670.2426589,1.0458912177839237,-0.05459327569217012,0.21863138641276153,0.18388104336474242,101.93594741821289
1780876670.2635245,1.0458702188697442,-0.054263098652972304,0.2186233773797983,0.18344198648710108,101.95681309700012
1780876670.2840607,1.045792024357307,-0.054241840360826486,0.21856388757790035,0.18342920927914008,101.97734928131104
1780876670.305751,1.0456589847145383,-0.05452362325323771,0.2185356067014739,0.18384588521286016,101.99903964996338
1780876670.32828,1.0455769834835407,-0.054509302994542444,0.21865205907694504,0.18385488613234635,102.02156853675842
1780876670.3515599,1.0455583799450674,-0.05417846315305408,0.2186271298488541,0.18341316205959135,102.04484844207764
1780876670.3732026,1.0454768931800316,-0.05420335327857701,0.21840556067502365,0.18346454973984816,102.06649112701416
1780876670.3960721,1.0453537962516901,-0.05439624209106565,0.2188058929333006,0.18375965924603754,102.08936071395874
1780876670.4165418,1.0452914054282987,-0.054329444096141495,0.21851512257378836,0.18369032434329036,102.10983037948608
1780876670.4379153,1.0452537875779475,-0.054104951417903495,0.2185565495223589,0.18339711465399677,102.1312038898468
1780876670.4603155,1.0451550095878894,-0.05420097072076472,0.21862027657347538,0.1835482550193035,102.15360403060913
1780876670.480151,1.0450282452342836,-0.054465471601554905,0.21858966678412223,0.18394341089805266,102.17343950271606
1780876670.5015585,1.0449777191584717,-0.05435185270679334,0.2182681147258706,0.1838064035252014,102.1948471069336
1780876670.521378,1.0449192870577146,-0.054174822898508695,0.21895854341834184,0.1835838508098302,102.21466660499573
1780876670.5443995,1.0448764509154926,-0.05406825084225197,0.21821923144962968,0.18345085607067446,102.2376880645752
1780876670.5678241,1.0447987766578484,-0.0540244301740596,0.2186962358679947,0.1834117976796783,102.26111268997192
1780876670.588063,1.0446783432390165,-0.054279143060521215,0.21850025902512316,0.1837873106583725,102.2813515663147
1780876670.6120393,1.0445772389319927,-0.05443974094957928,0.2182498716681676,0.18403565778692776,102.30532789230347
1780876670.6320922,1.0445123379118488,-0.05436117726560988,0.2184657032636953,0.18394899912251006,102.32538080215454
1780876670.6564994,1.0444947373480122,-0.05401573228532988,0.21881672147879197,0.18348846429831767,102.34978795051575
1780876670.6778376,1.0444196590138306,-0.05403093444342437,0.21867833519271396,0.18352433343369778,102.37112617492676
1780876670.6981802,1.0442985638736448,-0.054296946800239394,0.21858138673211525,0.18391842929075075,102.39146876335144
1780876670.7217805,1.0442470167402502,-0.05420446168285145,0.2183120364381281,0.1838117479989556,102.41506910324097
1780876670.7443585,1.0441972012422562,-0.05401185827693972,0.21893753145407382,0.1835660534980743,102.4376471042633
1780876670.7633069,1.044152214829604,-0.05393242544248071,0.21825373988492844,0.18347007798376325,102.4565954208374
1780876670.7849004,1.0440726867592904,-0.05392204640797074,0.2187361849664153,0.1834778011236322,102.47818899154663
1780876670.8049114,1.0439781991514476,-0.05406566617535215,0.21846624506162884,0.18369716573116435,102.49819993972778
1780876670.8256195,1.0438801571872516,-0.05420111409550646,0.21854537271265112,0.18390816873625493,102.51890802383423
1780876670.8476918,1.0438455966876987,-0.05399917710729589,0.2185584552199799,0.18364963309583615,102.5409803390503
1780876670.868394,1.043801453372237,-0.0538272331300713,0.2188052967033566,0.18342615109505278,102.56168246269226
1780876670.889668,1.0436915868362167,-0.05406874099055624,0.21853247331203646,0.18378038689013376,102.5829565525055
1780876670.9102209,1.043615269512121,-0.05410108713334623,0.21848349036883788,0.1838507419670652,102.60350942611694
1780876670.9334269,1.043582052279596,-0.05388126063749534,0.21873780995149902,0.18356381729545035,102.62671542167664
1780876670.9555578,1.0435240915843156,-0.05383263820486234,0.2185403123396205,0.18351116602946504,102.64884638786316
1780876670.9766843,1.0434309287733161,-0.053965179159502885,0.21854020823846704,0.1837159116829774,102.66997289657593
1780876671.0005531,1.0433605276785718,-0.05394109501083295,0.2187824306708369,0.18370604408621993,102.69384169578552
1780876671.0210683,1.043335200720893,-0.05375165575920708,0.2183971145202806,0.18345896833784625,102.71435689926147
1780876671.0421777,1.0432626009469939,-0.0537313080404309,0.21877260695068979,0.18344760427775242,102.73546624183655
1780876671.0632534,1.0431413391106108,-0.05404080668761406,0.21853361842832603,0.18389945239922678,102.75654196739197
1780876671.0838888,1.0430717077195193,-0.05407255102828292,0.218331789801637,0.18396341432027885,102.77717733383179
1780876671.1071792,1.0430385510353142,-0.053859409856165136,0.21856769210161897,0.18368985474618782,102.80046772956848
1780876671.1276796,1.0430067580921158,-0.05363836646038878,0.21884879988666536,0.1833972854475885,102.82096815109253
1780876671.1493356,1.0429059179688627,-0.053863544914157915,0.21845401244757187,0.18372625403780773,102.84262418746948
1780876671.1716273,1.042811864390279,-0.053991075274925616,0.2186200791930391,0.18392841181264075,102.86491584777832
1780876671.1928482,1.0427951762998895,-0.05374069290393608,0.21847369581102175,0.18359827771681303,102.88613677024841
1780876671.2143304,1.042745206504411,-0.05359762416812795,0.2189872958706954,0.18341695089991017,102.9076189994812
1780876671.2344635,1.0426516304022393,-0.053813677300449524,0.2183727504890465,0.1837317145065276,102.92775201797485
1780876671.255909,1.042549864533352,-0.05398382469132968,0.2185935778711355,0.18399239976978699,102.94919753074646
1780876671.278013,1.0425325486571189,-0.053747429813965374,0.2183861868583943,0.18368238016031313,102.97130155563354
1780876671.2985098,1.0424922862562547,-0.0535463879810187,0.21902467041644105,0.18342122346172474,102.9917984008789
1780876671.3234656,1.0424098715087826,-0.05370463205164723,0.21843543422180547,0.18365430049364662,103.01675415039062
1780876671.3439574,1.0423075114487923,-0.053891780672479066,0.2185950418332702,0.183937468287386,103.03724598884583
1780876671.3681214,1.042282298196985,-0.053697365382328936,0.21845042504982934,0.18368625906923697,103.06140995025635
1780876671.391281,1.0422428113198106,-0.05351771830973086,0.21888027317080772,0.1834543811874383,103.08456945419312
1780876671.412571,1.042173277712472,-0.05360451008369053,0.21837793044112347,0.183589319610725,103.10585951805115
1780876671.4344065,1.0420842159946655,-0.05367611251434852,0.21900087380182287,0.1837116122614768,103.12769508361816
1780876671.458433,1.0420500271095807,-0.05358409512415768,0.21838649133643173,0.18359983251341383,103.15172147750854
1780876671.4770615,1.0419956989102466,-0.053481856219381126,0.21892741231043283,0.18347615002689288,103.17035007476807
1780876671.4997964,1.0419202491892727,-0.05360011379987224,0.21841293847145435,0.1836555049008437,103.19308495521545
1780876671.5209732,1.0418276776872661,-0.05373068821925011,0.21870406190487104,0.18385869828043866,103.21426177024841
1780876671.542209,1.041812802284881,-0.05347770436288739,0.21865981518642755,0.18352721967329444,103.23549747467041
1780876671.564061,1.0417736048077852,-0.05336623494070582,0.21849077310967138,0.18338364365999027,103.25734949111938
1780876671.5861027,1.0416835194618494,-0.05350600157803712,0.21862959837122736,0.18359680979795545,103.27939128875732
1780876671.610085,1.0416081047352,-0.053573118000797434,0.2186209844044775,0.18371038946232865,103.30337357521057
1780876671.630256,1.0415610389939483,-0.05349651080191758,0.21863965517695455,0.18362101040719736,103.3235445022583
1780876671.656608,1.0415101516142384,-0.05344120174555291,0.21855662229904887,0.18356042089425983,103.34989666938782
1780876671.6784387,1.041447612996466,-0.053446300523456655,0.2185948682346798,0.1835849804690648,103.37172722816467
1780876671.7008803,1.0413799729765938,-0.05347350153856922,0.2185960430463041,0.18364026556421642,103.39416885375977
1780876671.7239265,1.0413126078144184,-0.05350439000454788,0.2186523807440541,0.18370063346860022,103.41721510887146
1780876671.743902,1.041272509414057,-0.053389982790789395,0.21860846377364856,0.18356053041413212,103.43719053268433
1780876671.7651362,1.0412290330677227,-0.053285754804455986,0.21869927647968282,0.18343070460165478,103.45842480659485
1780876671.7889268,1.0411324252125704,-0.053461386784387124,0.21886300225600758,0.18369293699255262,103.4822154045105
1780876671.809012,1.0410963523816235,-0.05335003166937073,0.21862225569250135,0.18355758090560848,103.50230050086975
1780876671.8330982,1.0410558650832675,-0.05324603378076255,0.21854852492654922,0.18342627081752028,103.52638673782349
1780876671.8534281,1.0409662201255798,-0.05336826019221795,0.21886739500141736,0.18361386023573267,103.54671669006348
1780876671.8760102,1.0408928546370906,-0.053470233154136536,0.2185407885927126,0.18377268116905654,103.56929874420166
1780876671.9021735,1.0408503739822337,-0.05335425041764458,0.21869274320092566,0.18363265188238742,103.59546208381653
1780876671.9237006,1.0408108262351143,-0.0532371510531859,0.21870587389060628,0.18348233253593893,103.61698913574219
1780876671.9456663,1.040718171169553,-0.053405515380201246,0.2187790057801991,0.18373389285188502,103.6389548778534
1780876671.9659903,1.0406866343403316,-0.05325094469851247,0.21873152171236754,0.18353975132748612,103.6592788696289
1780876671.988557,1.040659902861383,-0.05309761555898028,0.21846960032564178,0.18333951521433,103.68184566497803
1780876672.012099,1.040581511039207,-0.05317525048682904,0.21865981477076912,0.18346326789322553,103.70538759231567
1780876672.0328124,1.040481440233297,-0.05338002979346246,0.21870316644437426,0.1837665511993496,103.72610092163086
1780876672.0558064,1.0404332372990606,-0.053325347527602956,0.21864130936450923,0.1837073706039707,103.74909496307373
1780876672.077368,1.0403996854411341,-0.05318159276903513,0.2186013688674686,0.18352462326594576,103.77065658569336
1780876672.0998135,1.0403499371497782,-0.0531118588508055,0.2187451796474569,0.18344292818956554,103.79310202598572
1780876672.122883,1.0402480372679928,-0.053332617482124756,0.21878296287510832,0.18376649791666821,103.81617164611816
1780876672.1427765,1.0402101099722958,-0.05323824317834658,0.21854555715525587,0.18365381559760596,103.83606505393982
1780876672.1662376,1.0401640489602055,-0.05312604888440336,0.2188689643277575,0.18351464095928183,103.85952615737915
1780876672.1888635,1.0400971112326958,-0.053197959090792744,0.21857635453376234,0.1836287420245526,103.88215208053589
1780876672.2109778,1.040033023207912,-0.053195800129913345,0.21876049881636173,0.18364561709752003,103.90426635742188
1780876672.2334695,1.0399957718808341,-0.05308537525889376,0.2187036294228194,0.18350809202007667,103.92675805091858
1780876672.2541595,1.0399207801644594,-0.05316723624622488,0.2186507341101509,0.1836354264903859,103.94744801521301
1780876672.2767205,1.0398340709675347,-0.053309716626793416,0.21867875922287225,0.18385225096842994,103.97000908851624
1780876672.2994974,1.0398107814235578,-0.05311881613277054,0.21862816880849129,0.18360534965909636,103.99278593063354
1780876672.3189576,1.0397600153136803,-0.05304421678947745,0.2188410443279971,0.18351566789377394,104.01224613189697
1780876672.34208,1.0396676480157112,-0.05323616216714594,0.21871196965027867,0.18379853493396325,104.03536868095398
1780876672.36281,1.0396324436632587,-0.053116473232461034,0.21858446436717144,0.18365146965382806,104.05609846115112
1780876672.3896742,1.0395899605449903,-0.05298916413707292,0.2188926294164036,0.18349035300490613,104.08296275138855
1780876672.4136944,1.0395085290151955,-0.053144479609031334,0.21855562831114064,0.1837194481840303,104.10698294639587
1780876672.4341528,1.0394483061396789,-0.05312257868422044,0.21876428985439755,0.18371134390178412,104.12744140625
1780876672.4585073,1.0394361811964206,-0.052872196777552435,0.21871578002130415,0.18337740913038925,104.15179586410522
1780876672.481745,1.0393630871856618,-0.052967574039529564,0.21851288041609226,0.18352351130098477,104.17503356933594
1780876672.5040948,1.039273414194507,-0.053095378294623415,0.21880022206060346,0.18371983268886005,104.19738340377808
1780876672.5263863,1.0392227053209337,-0.05308413394971581,0.21849279820758366,0.18371959722883524,104.21967482566833
1780876672.5472581,1.0391774570133734,-0.05297137624435334,0.2187874202623799,0.18358207128190251,104.24054670333862
1780876672.5688293,1.0391459809492223,-0.05283650856700434,0.21867615882105193,0.18340924399621095,104.26211786270142
1780876672.589613,1.0390588299653962,-0.052978335888013844,0.21876464107248667,0.1836209025282951,104.28290152549744
1780876672.614341,1.039000893815731,-0.05298147493622893,0.21862885149126796,0.1836442066661581,104.30762958526611
1780876672.6365426,1.0389529657779153,-0.05289194133941375,0.21892230891574851,0.1835355559319103,104.32983112335205
1780876672.6580493,1.0388811937256313,-0.052992797581256204,0.2185927034530254,0.18368969870919294,104.35133790969849
1780876672.6814213,1.038827127707603,-0.05294480180465685,0.218755375918886,0.1836445157067761,104.37470984458923
1780876672.7012537,1.038798587186105,-0.05279064892179523,0.21863621649867648,0.18344199316268206,104.39454221725464
1780876672.7258434,1.038718727540359,-0.05288839377801491,0.2188073760994904,0.18359449463593513,104.41913199424744
1780876672.7478716,1.0386554142209479,-0.052939795314513795,0.21847260838848415,0.18368183833297635,104.44116020202637
1780876672.768031,1.0385934275077513,-0.05292456919448921,0.21879219292273372,0.1836785498495317,104.46131944656372
1780876672.791146,1.038558322977962,-0.052818833837600734,0.2185135057127778,0.18354693421431634,104.48443460464478
1780876672.8118823,1.038508474836193,-0.05274192962639079,0.21878849510613063,0.1834562365006942,104.50517082214355
1780876672.833877,1.038417125130484,-0.05292963234125594,0.21862824806636139,0.1837307633193328,104.52716565132141
1780876672.8577054,1.0383478460868245,-0.05299089723411476,0.21856475328361005,0.18383435262188463,104.55099391937256
1780876672.8790479,1.038320328807846,-0.05279468338859523,0.21881520011747718,0.18358165006843574,104.572336435318
1780876672.9033582,1.0382712987042109,-0.05276028888592087,0.21860405120822737,0.1835441538010798,104.59664678573608
1780876672.9283094,1.0381867549632977,-0.052869877773339936,0.218893658622425,0.18371567444990422,104.6215980052948
1780876672.948447,1.0381668016443086,-0.05268580355572757,0.21863964162064836,0.1834767627255527,104.64173555374146
1780876672.9707193,1.0381177031802116,-0.05264067042466058,0.21856204600665505,0.18342686083730264,104.66400790214539
1780876672.9912667,1.0380197593117046,-0.05282125973702429,0.21883817065305677,0.18369380169348215,104.68455529212952
