t,x,y,z,yaw,time_s
1780780487.2966588,4.001765471065205,-0.49850815117200603,0.21813166851300167,-0.7015926535898016,0.0
1780780487.3177695,4.001971791906184,-0.498333807048858,0.2180593539377951,-0.7015926535898016,0.02111077308654785
1780780487.341278,4.002164021292107,-0.4981713704109834,0.2188303654540504,-0.701592653589802,0.04461932182312012
1780780487.365071,4.002379995375688,-0.4979888691568864,0.2179816136050826,-0.7015926535898016,0.06841230392456055
1780780487.3839924,4.002573323808352,-0.49782550380846885,0.21861854579889928,-0.7015926535898025,0.08733367919921875
1780780487.407158,4.002774691266094,-0.49765534536648026,0.21853661795864754,-0.701592653589802,0.11049914360046387
1780780487.4270258,4.002982869402159,-0.4974794318018645,0.21799323440596718,-0.7015926535898012,0.13036704063415527
1780780487.4523213,4.003166274098678,-0.4973244521553869,0.21903852319894324,-0.7015926535898012,0.15566253662109375
1780780487.4742713,4.0033706152050295,-0.497151780936905,0.2184896698405896,-0.7015926535898003,0.1776125431060791
1780780487.4969208,4.003571344068557,-0.49698216211635254,0.2181305330200449,-0.7015926535897989,0.20026206970214844
1780780487.5199485,4.003748535949697,-0.4968324323895863,0.2192610028499474,-0.7015926535898007,0.22328972816467285
1780780487.5420992,4.00395052043611,-0.49666175254936146,0.2185253016074602,-0.7015926535897989,0.24544048309326172
1780780487.5688767,4.004142909172644,-0.49649918125789416,0.2183497499071976,-0.7015926535897985,0.2722179889678955
1780780487.5907972,4.004315050966496,-0.49635371892862046,0.21940546800459165,-0.7015926535897976,0.29413843154907227
1780780487.6109161,4.00451272669641,-0.4961866800505524,0.21854487236640227,-0.7015926535897994,0.3142573833465576
1780780487.6327264,4.00469218318887,-0.49603503669415416,0.21881292739840047,-0.7015926535898003,0.33606767654418945
1780780487.6532428,4.004865848433127,-0.49588828702704624,0.2192315857790594,-0.7015926535897994,0.3565840721130371
1780780487.6773293,4.005053564540317,-0.49572966417559833,0.2185839369603207,-0.7015926535898012,0.38067054748535156
1780780487.7009954,4.005216340866177,-0.4955921158035263,0.2194666890748215,-0.7015926535897994,0.40433669090270996
1780780487.7211792,4.005397549141702,-0.4954389921648575,0.21881230439047403,-0.7015926535898012,0.42452049255371094
1780780487.748328,4.005566387415274,-0.49529632135845625,0.21887529388702912,-0.7015926535898003,0.45166921615600586
1780780487.7678757,4.005721676456042,-0.49516509985160884,0.2196282724166733,-0.7015926535898025,0.47121691703796387
1780780487.7956235,4.0058990262050855,-0.4950152367241572,0.2186412215635326,-0.701592653589802,0.498964786529541
1780780487.8179612,4.006051929700755,-0.49488603103775014,0.21915735916208834,-0.7015926535898012,0.5213024616241455
1780780487.8382103,4.00620150104378,-0.4947596410689798,0.21961674976767814,-0.701592653589798,0.5415515899658203
1780780487.8601215,4.006368266722566,-0.4946187216354357,0.21868728488533318,-0.7015926535897963,0.5634627342224121
1780780487.880602,4.006508495088161,-0.49450022661901294,0.2193869959271226,-0.7015926535897972,0.5839431285858154
1780780487.9030623,4.006651286466988,-0.49437956581898695,0.2195746791398999,-0.7015926535897976,0.6064035892486572
1780780487.9265358,4.0068051188747145,-0.49424957518832663,0.21881424434465005,-0.7015926535897972,0.6298770904541016
1780780487.946843,4.00693222652095,-0.49414216737133954,0.21968830343928264,-0.7015926535897972,0.650184154510498
1780780487.9681454,4.007070523450916,-0.49402530444622345,0.21940571296176012,-0.701592653589795,0.6714866161346436
1780780487.9927757,4.007206572084721,-0.493910341364192,0.21909277293560198,-0.7015926535897972,0.6961169242858887
1780780488.0101454,4.007321128164362,-0.4938135398042437,0.22000222360525154,-0.7015926535897954,0.7134866714477539
1780780488.0334184,4.007456081490917,-0.4936995022728308,0.21915992634085363,-0.7015926535897976,0.7367596626281738
1780780488.054138,4.007570221240277,-0.4936030525180502,0.21955384542749584,-0.7015926535897976,0.757479190826416
1780780488.07804,4.0076827043171015,-0.4935080026757515,0.21968315649242817,-0.7015926535897976,0.7813811302185059
1780780488.1024888,4.007801240172246,-0.4934078381473951,0.21916218841327234,-0.7015926535897967,0.8058300018310547
1780780488.1220348,4.007894792785614,-0.49332878482312426,0.22011749108742112,-0.7015926535897958,0.825376033782959
1780780488.1465087,4.008007715353275,-0.4932333636046523,0.2193165457124792,-0.7015926535897967,0.8498499393463135
1780780488.1673088,4.00810670550641,-0.49314971547988246,0.2192446761186489,-0.7015926535897958,0.870650053024292
1780780488.1902778,4.008185722324686,-0.49308294511470147,0.22028994441318298,-0.7015926535897972,0.8936190605163574
1780780488.2140925,4.008288922749945,-0.492995739248512,0.21925624887624875,-0.7015926535897963,0.9174337387084961
1780780488.23817,4.00837201879806,-0.4929255218745573,0.21936945145213618,-0.701592653589798,0.9415111541748047
1780780488.2616236,4.008438683042319,-0.49286918961478426,0.2203336064737929,-0.7015926535897989,0.9649648666381836
1780780488.2823098,4.008528808573266,-0.49279303222519616,0.21927710363696395,-0.7015926535897989,0.9856510162353516
1780780488.3045182,4.008595953375838,-0.49273629388663165,0.21957040569217465,-0.7015926535897998,1.007859468460083
1780780488.3270967,4.008653133697352,-0.4926879756800538,0.2202115112222931,-0.7015926535898012,1.03043794631958
1780780488.3487039,4.008727019878135,-0.49262554077846976,0.21935730257665928,-0.7015926535898016,1.0520451068878174
1780780488.3717773,4.008774863598735,-0.49258511213598954,0.22008179130881755,-0.7015926535898034,1.0751185417175293
1780780488.393896,4.008831678023048,-0.4925371031178898,0.21971764241929884,-0.701592653589806,1.0972373485565186
1780780488.4156218,4.008882551924693,-0.49249411392818165,0.21952907049741788,-0.7015926535898065,1.1189630031585693
1780780488.44005,4.008914764326281,-0.4924668939785026,0.22032310180892511,-0.7015926535898083,1.1433911323547363
1780780488.460111,4.008965640520542,-0.49242390285149934,0.21942450083594073,-0.7015926535898087,1.1634521484375
1780780488.481663,4.008992854123943,-0.492400906959274,0.21994429931449655,-0.7015926535898096,1.1850042343139648
1780780488.5018137,4.009021044819417,-0.4923770854099826,0.21996407258011502,-0.7015926535898109,1.2051548957824707
1780780488.523074,4.009054958700292,-0.49234842768546294,0.21929978904395195,-0.7015926535898096,1.2264151573181152
1780780488.547406,4.009062197803309,-0.4923423105377154,0.2202552891242026,-0.7015926535898114,1.2507472038269043
1780780488.5679142,4.0090831300327165,-0.49232462249823017,0.21979252091153115,-0.7015926535898123,1.2712554931640625
1780780488.5917535,4.0091005038665015,-0.49230994135500356,0.219311487278792,-0.7015926535898114,1.2950947284698486
1780780488.61204,4.009092246233609,-0.4923169191753678,0.22037919594293154,-0.7015926535898123,1.3153812885284424
1780780488.636589,4.009102552445962,-0.49230821027544636,0.21970127252336272,-0.7015926535898114,1.3399302959442139
1780780488.6606061,4.009103779852342,-0.4923071730991341,0.21940335778043643,-0.7015926535898132,1.3639473915100098
1780780488.6824512,4.009082179023579,-0.4923254261148368,0.22043648582158015,-0.7015926535898118,1.3857924938201904
1780780488.705899,4.0090816956483355,-0.4923258345739768,0.2195775190584398,-0.7015926535898127,1.4092402458190918
1780780488.7298553,4.0090635689093,-0.4923411519331335,0.2197231489129866,-0.7015926535898127,1.4331965446472168
1780780488.7504306,4.009035468180367,-0.49236489745938467,0.2202127592666219,-0.7015926535898114,1.4537718296051025
1780780488.7754214,4.009020907854136,-0.49237720114764794,0.21945484346531977,-0.7015926535898118,1.4787626266479492
1780780488.7990794,4.008980733669732,-0.49241114892005955,0.22025638003980821,-0.7015926535898127,1.5024206638336182
1780780488.8218868,4.00895468405908,-0.4924331612214165,0.21964185777483433,-0.7015926535898132,1.5252280235290527
1780780488.8446634,4.008917714535571,-0.4924644010085798,0.21957875293322293,-0.7015926535898158,1.5480046272277832
1780780488.8635666,4.008864524281142,-0.49250934755021125,0.22035889407715864,-0.7015926535898163,1.5669078826904297
1780780488.8902397,4.008832337082912,-0.49253654620268594,0.21931325193118756,-0.7015926535898185,1.593580961227417
1780780488.9132755,4.008776678073765,-0.49258357887809867,0.21970244388957566,-0.7015926535898163,1.6166167259216309
1780780488.9431658,4.008714308593324,-0.4926362819997359,0.22024287367440762,-0.7015926535898158,1.6465070247650146
1780780488.9692252,4.00867018748171,-0.49267356498326864,0.21921320721006224,-0.7015926535898158,1.6725664138793945
1780780488.9907637,4.008600283401996,-0.49273263495130604,0.2197866147956558,-0.701592653589814,1.6941049098968506
1780780489.0163207,4.008529520656948,-0.4927924305040884,0.22008274496643956,-0.7015926535898136,1.7196619510650635
1780780489.0377316,4.008472362088336,-0.49284073032914616,0.21919555378625952,-0.7015926535898145,1.7410728931427002
1780780489.0633595,4.008389118410663,-0.4929110724522321,0.21994512031958854,-0.7015926535898136,1.7667007446289062
1780780489.084607,4.0083140892205815,-0.4929744732133643,0.2197575175231239,-0.7015926535898132,1.7879481315612793
1780780489.104822,4.00824024254112,-0.49303687473575425,0.21931891879729185,-0.7015926535898123,1.8081631660461426
1780780489.1259615,4.008144420926491,-0.4931178453992221,0.22020145266513697,-0.7015926535898114,1.8293027877807617
1780780489.146546,4.008069088886232,-0.49318150207317496,0.21934422564286174,-0.7015926535898105,1.8498871326446533
1780780489.167613,4.007975575319754,-0.4932605224022542,0.21961347949534601,-0.7015926535898118,1.8709542751312256
1780780489.1923306,4.007878525531165,-0.4933425308906505,0.2198249691774061,-0.7015926535898123,1.8956718444824219
1780780489.212548,4.007791664362601,-0.49341592984635924,0.2191786774823191,-0.7015926535898127,1.9158892631530762
1780780489.2358143,4.007680384539271,-0.49350996292188565,0.22006542689742373,-0.7015926535898114,1.9391555786132812
1780780489.2733326,4.007588313031873,-0.4935877646899885,0.21930417443004485,-0.7015926535898132,1.9766738414764404
1780780489.2978737,4.007486355615489,-0.4936739201955274,0.2191055645236655,-0.7015926535898132,2.0012149810791016
1780780489.318938,4.007364514369537,-0.49377687782737795,0.22013725936511735,-0.7015926535898114,2.0222792625427246
1780780489.3393655,4.007268759792203,-0.493857791843351,0.21910200615026357,-0.7015926535898136,2.0427067279815674
1780780489.3622441,4.007156620103837,-0.49395255151739,0.21908880624048582,-0.7015926535898149,2.0655853748321533
1780780489.382464,4.00702809643527,-0.4940611558939213,0.22006759728911313,-0.7015926535898167,2.0858051776885986
1780780489.407367,4.006926358382469,-0.4941471260340285,0.21898312685673058,-0.7015926535898154,2.110708236694336
1780780489.4300337,4.006805173165278,-0.49424952931199734,0.21915193016869547,-0.7015926535898167,2.1333749294281006
1780780489.4499805,4.006673973517627,-0.49436039492992867,0.2198502509632203,-0.7015926535898154,2.1533217430114746
1780780489.4727397,4.006564595807722,-0.4944528206918391,0.21891523949601566,-0.7015926535898154,2.1760809421539307
1780780489.4963856,4.006432024324499,-0.4945648455308591,0.21951931268507957,-0.7015926535898154,2.1997268199920654
1780780489.5159855,4.006308906050614,-0.4946688822699583,0.2192410270081034,-0.7015926535898154,2.2193267345428467
1780780489.5413067,4.006185922344284,-0.4947728052975109,0.21893207963735511,-0.7015926535898163,2.244647979736328
1780780489.5647638,4.006045202454372,-0.49489171565915946,0.21973178811605373,-0.7015926535898136,2.2681050300598145
1780780489.5875537,4.005927847666568,-0.4949908821683675,0.21879697834391232,-0.7015926535898127,2.2908949851989746
1780780489.611238,4.005790760475142,-0.49510672284675367,0.2191986004549303,-0.7015926535898127,2.3145792484283447
1780780489.6313586,4.00565519451991,-0.4952212780583437,0.21932108701928346,-0.7015926535898114,2.334699869155884
1780780489.6547701,4.005532909122497,-0.495324611004665,0.21853872715906025,-0.70159265358981,2.3581113815307617
1780780489.6758955,4.005386451147948,-0.49544837013161386,0.2193916233341433,-0.7015926535898114,2.3792366981506348
1780780489.7017772,4.005255175754663,-0.4955592997557112,0.21903243225653785,-0.7015926535898109,2.405118465423584
1780780489.726476,4.005127877793262,-0.49566686839179064,0.2184340276474021,-0.7015926535898123,2.4298171997070312
1780780489.748049,4.00497723227516,-0.4957941660541838,0.2194280980355851,-0.7015926535898132,2.451390266418457
1780780489.772701,4.004848203368316,-0.4959031973644362,0.21882788778888115,-0.7015926535898118,2.4760422706604004
1780780489.796461,4.004717082346864,-0.4960139965420815,0.21841431893300822,-0.7015926535898109,2.499802350997925
1780780489.8212454,4.00456514897934,-0.49614238245604236,0.21941715581728516,-0.7015926535898105,2.5245866775512695
1780780489.8431492,4.004439382485913,-0.49624865697932485,0.21858329949847435,-0.7015926535898105,2.546490430831909
1780780489.863846,4.004301777956352,-0.49636493481598815,0.2186165569265728,-0.7015926535898105,2.5671873092651367
1780780489.8902075,4.004155744840662,-0.4964883349309942,0.21917484239334145,-0.7015926535898083,2.5935487747192383
1780780489.9116902,4.004031226315238,-0.4965935549030916,0.21833491980298111,-0.7015926535898078,2.6150314807891846
1780780489.9380038,4.003884462559062,-0.49671757241997877,0.219056084467583,-0.7015926535898056,2.6413450241088867
1780780489.9621437,4.003755355365723,-0.4968266698834649,0.21851291768104075,-0.701592653589806,2.66548490524292
1780780489.9857273,4.003622525963972,-0.49693891266740553,0.21834256089972565,-0.701592653589806,2.689068555831909
1780780490.009092,4.0034753632485405,-0.4970632673106887,0.21915558586437814,-0.7015926535898034,2.712433338165283
1780780490.0294762,4.003356720452234,-0.4971635222058875,0.21808788538838658,-0.7015926535898025,2.7328174114227295
1780780490.0523045,4.003219367121044,-0.4972795877762592,0.21837216246983987,-0.7015926535898029,2.755645751953125
1780780490.075054,4.0030772109731,-0.4973997117969172,0.21900298985032665,-0.7015926535898038,2.778395175933838
1780780490.0952516,4.002962285851284,-0.49749682520289007,0.2179125888669882,-0.7015926535898047,2.7985928058624268
1780780490.1193547,4.002825510696217,-0.4976124022059968,0.21838379322201265,-0.701592653589802,2.8226959705352783
1780780490.1400478,4.002689929030981,-0.49772697069276933,0.2188000285973586,-0.7015926535898034,2.8433890342712402
1780780490.1640098,4.0025775134189505,-0.49782196352633223,0.21782717620693187,-0.701592653589802,2.8673510551452637
1780780490.1870875,4.002442469740423,-0.4979360774064818,0.21847785949623622,-0.7015926535898029,2.8904287815093994
1780780490.2100227,4.002318373105057,-0.4980409408753194,0.21841288551516816,-0.7015926535898003,2.9133639335632324
1780780490.233765,4.002204503084398,-0.49813716270540803,0.21787749204018775,-0.7015926535897998,2.937106132507324
1780780490.257909,4.002070926195419,-0.4982500371269699,0.21874752078358742,-0.7015926535897998,2.9612503051757812
1780780490.2778583,4.001964203837863,-0.4983402190773756,0.217920017312391,-0.7015926535898012,2.9811995029449463
1780780490.3014092,4.001845162633064,-0.49844081063357,0.21809557829196025,-0.7015926535898003,3.0047504901885986
1780780490.323747,4.0017245503673005,-0.4985427297592178,0.21842148576454037,-0.7015926535898016,3.027088165283203
1780780490.3482609,4.00162344095947,-0.49862816868514637,0.21768452546224723,-0.7015926535898003,3.0516021251678467
1780780490.3748984,4.00150065766291,-0.4987319223635176,0.21852352388007232,-0.7015926535898012,3.078239679336548
1780780490.397176,4.001401724062065,-0.49881552270077595,0.21785283676458522,-0.7015926535898012,3.1005172729492188
1780780490.4213572,4.001300287440046,-0.49890123812747467,0.2175656203121202,-0.701592653589802,3.1246984004974365
1780780490.441939,4.0011809994689616,-0.49900203820478406,0.21860825209493964,-0.7015926535898029,3.145280361175537
1780780490.4666934,4.001094545469026,-0.4990750930970583,0.2176261670755897,-0.7015926535897998,3.170034646987915
1780780490.4888515,4.000997683583289,-0.4991569428047997,0.21752763660112573,-0.7015926535897989,3.192192792892456
1780780490.5099018,4.000886243257151,-0.49925111150754337,0.21854831459949448,-0.7015926535897985,3.213243007659912
1780780490.5325541,4.000809122648205,-0.49931627954815144,0.21749298989310337,-0.7015926535897989,3.2358953952789307
1780780490.5534306,4.00071766908594,-0.4993935591435916,0.2175800196717873,-0.7015926535897989,3.2567718029022217
1780780490.5777624,4.000617786451281,-0.49947796142828027,0.2183645295287892,-0.7015926535897985,3.2811036109924316
1780780490.6001792,4.000548125088243,-0.4995368262971811,0.2174069173782839,-0.7015926535897972,3.303520441055298
1780780490.6208413,4.000459018841984,-0.4996121223763237,0.2179338790307189,-0.7015926535897985,3.3241825103759766
1780780490.6430564,4.000381705898729,-0.4996774529422332,0.2177859363418502,-0.7015926535897976,3.346397638320923
1780780490.6635616,4.000312581088013,-0.4997358644165894,0.21740166164297328,-0.7015926535897967,3.3669028282165527
1780780490.6871588,4.000227148333808,-0.49980805634130715,0.21823786879808454,-0.7015926535897945,3.390500068664551
1780780490.7118208,4.0001716249138335,-0.49985497444189203,0.21732678564221128,-0.7015926535897936,3.4151620864868164
1780780490.7332633,4.000100796515806,-0.4999148254724004,0.2176561891399558,-0.7015926535897923,3.4366044998168945
1780780490.7577453,4.000032657246904,-0.4999724041495338,0.21792817160562827,-0.7015926535897936,3.4610865116119385
1780780490.7781172,3.9999864606265096,-0.5000114409682896,0.21707606838189633,-0.7015926535897923,3.4814584255218506
1780780490.8030019,3.9999183757781225,-0.5000689736592946,0.217860707114361,-0.701592653589791,3.506343126296997
1780780490.8262577,3.9998671630353253,-0.5001122491747225,0.2176680740349242,-0.7015926535897923,3.5295989513397217
1780780490.8464313,3.9998280466801353,-0.5001453030660027,0.21700277907338192,-0.7015926535897914,3.5497725009918213
1780780490.8686774,3.9997672969450058,-0.5001966374792031,0.217959796927482,-0.7015926535897932,3.572018623352051
1780780490.888578,3.9997305876992844,-0.500227657327835,0.21750231752344923,-0.7015926535897905,3.591919183731079
1780780490.9141626,3.9996988249145877,-0.5002544973446768,0.21702511339958694,-0.7015926535897905,3.6175038814544678
1780780490.9378762,3.9996473031001925,-0.5002980340301177,0.2180356080058501,-0.7015926535897918,3.6412174701690674
1780780490.9596164,3.9996258876567663,-0.500316130392504,0.217292944876361,-0.701592653589791,3.6629576683044434
1780780490.9835284,3.999597741926449,-0.5003399139455823,0.21726604214234568,-0.7015926535897905,3.6868696212768555
1780780491.0066974,3.999561388524624,-0.5003706331009252,0.2179311963321457,-0.7015926535897896,3.710038661956787
1780780491.027414,3.9995530141531184,-0.5003777095671222,0.21707516414440925,-0.7015926535897892,3.73075532913208
1780780491.0532625,3.9995247145291257,-0.5004016231626026,0.21775373395713155,-0.7015926535897883,3.756603717803955
1780780491.0738955,3.999515033843987,-0.5004098034828928,0.2173469696337798,-0.7015926535897887,3.7772367000579834
1780780491.1007617,3.9995075586308086,-0.5004161201471747,0.21712060784798348,-0.7015926535897901,3.804102897644043
1780780491.1277535,3.9994857497207605,-0.5004345489946007,0.21800354753180093,-0.7015926535897887,3.831094741821289
1780780491.1481872,3.9994971181632075,-0.5004249424947403,0.21697827851861043,-0.7015926535897887,3.8515284061431885
1780780491.1707296,3.999492791228089,-0.5004285988180943,0.21720817140953294,-0.7015926535897878,3.874070882797241
1780780491.191126,3.999483123850309,-0.5004367678934732,0.21796618584918895,-0.701592653589787,3.894467353820801
1780780491.2140272,3.9995063195174647,-0.500417167216043,0.21687919770256553,-0.7015926535897878,3.9173684120178223
1780780491.2389328,3.9995095717315814,-0.5004144190476287,0.21729865060053147,-0.7015926535897896,3.9422740936279297
1780780491.2606814,3.9995130734766384,-0.500411460021927,0.21787186065832526,-0.7015926535897896,3.964022636413574
1780780491.2836266,3.999545517765527,-0.5003840441240921,0.21687736677333383,-0.7015926535897901,3.9869678020477295
1780780491.304035,3.9995565878499355,-0.5003746897411313,0.2174795802748674,-0.7015926535897905,4.007376194000244
1780780491.3279045,3.999577361080622,-0.5003571360578883,0.21758741402358708,-0.7015926535897918,4.031245708465576
1780780491.3524044,3.9996140058132768,-0.5003261707237403,0.2170051978558603,-0.7015926535897923,4.055745601654053
1780780491.3734663,3.9996305508371828,-0.5003121899369634,0.21789879047559935,-0.7015926535897918,4.076807498931885
1780780491.3979666,3.999675160076626,-0.5002744944782876,0.2171633720273328,-0.7015926535897914,4.1013078689575195
1780780491.4183674,3.999710500565817,-0.5002446312489098,0.2172935582485801,-0.7015926535897923,4.121708631515503
1780780491.4451647,3.999742478063218,-0.5002176097966974,0.21776785100858412,-0.7015926535897905,4.148505926132202
1780780491.4690003,3.9997982689894593,-0.5001704656494103,0.2170003358929071,-0.7015926535897905,4.172341585159302
1780780491.4909253,3.9998325641195365,-0.5001414857637474,0.2178238749341602,-0.7015926535897901,4.1942665576934814
1780780491.5167475,3.9998894497399546,-0.500093416583899,0.21730180647849204,-0.7015926535897887,4.220088720321655
1780780491.5381439,3.999947604927042,-0.5000442746016773,0.2169697159811253,-0.7015926535897901,4.241485118865967
1780780491.5618064,3.9999867173758,-0.5000112240113898,0.21805281969703028,-0.7015926535897892,4.265147686004639
1780780491.5841622,4.00005874516409,-0.49995035947859656,0.21717880617559593,-0.7015926535897887,4.287503480911255
1780780491.60614,4.000122883061636,-0.49989616201868364,0.2170358654601816,-0.7015926535897896,4.309481143951416
1780780491.6280024,4.000170665593524,-0.49985578508155826,0.2181253814624568,-0.7015926535897892,4.331343650817871
1780780491.6480873,4.000253215366833,-0.499786029317792,0.2171513168304322,-0.7015926535897887,4.351428508758545
1780780491.6709738,4.000323130606825,-0.49972694991915495,0.21719502804489368,-0.7015926535897892,4.374315023422241
1780780491.6939936,4.000382082460669,-0.49967713474188946,0.21809021607069265,-0.7015926535897887,4.397334814071655
1780780491.713861,4.000472565437135,-0.49960067530561825,0.2171596624888838,-0.7015926535897905,4.4172022342681885
1780780491.736756,4.000544096613315,-0.49954023041730833,0.21764566181237568,-0.7015926535897905,4.440097332000732
1780780491.7596073,4.000623931023497,-0.499472769175031,0.21766298094394507,-0.7015926535897901,4.462948560714722
1780780491.7785912,4.000714690143448,-0.49939607639348726,0.21723712490898717,-0.7015926535897887,4.4819324016571045
1780780491.8022728,4.000786902362261,-0.499335056014208,0.21812978902431399,-0.701592653589791,4.5056140422821045
1780780491.8249764,4.000887982782732,-0.49924964158302065,0.21728707060163918,-0.7015926535897923,4.52831768989563
1780780491.8513672,4.000974565068419,-0.4991764782874152,0.21757491793981196,-0.7015926535897905,4.554708480834961
1780780491.8768353,4.001059829131259,-0.4991044289093632,0.21801224178396192,-0.701592653589791,4.580176591873169
1780780491.9006903,4.001168630961382,-0.49901248977427864,0.21713107662345,-0.7015926535897892,4.604031562805176
1780780491.9249096,4.0012545926330745,-0.49893985090655846,0.21787414409280081,-0.7015926535897887,4.62825083732605
1780780491.9489927,4.001352549074281,-0.49885707628346165,0.21787275901516895,-0.7015926535897896,4.652333974838257
1780780491.9738708,4.001464736237565,-0.49876227649242516,0.21716329219434205,-0.7015926535897878,4.6772119998931885
1780780491.9944022,4.001553754197505,-0.49868705501651117,0.21809205812047472,-0.7015926535897865,4.6977434158325195
1780780492.0159888,4.001661539095904,-0.49859597520357934,0.21781066082773903,-0.7015926535897874,4.719330072402954
1780780492.0400012,4.0017760660756085,-0.49849919823350425,0.217288104148865,-0.7015926535897852,4.743342399597168
1780780492.0600157,4.0018684533756765,-0.4984211296159878,0.2183108135129678,-0.7015926535897861,4.763356924057007
1780780492.0827014,4.001986745664972,-0.49832117090433237,0.2176880404908361,-0.7015926535897847,4.7860426902771
1780780492.1074624,4.002099037151765,-0.49822628295840693,0.21761539637106092,-0.7015926535897847,4.810803651809692
1780780492.1286838,4.002198992439312,-0.49814181928096846,0.21838773859948324,-0.7015926535897821,4.832025051116943
1780780492.150911,4.002325447220375,-0.4980349631445849,0.2175401455832499,-0.7015926535897821,4.854252338409424
1780780492.172993,4.002430993117683,-0.49794577532026896,0.21817364563211591,-0.7015926535897798,4.876334190368652
1780780492.1987498,4.002549405558609,-0.4978457150787299,0.21792594077914346,-0.7015926535897772,4.902091026306152
1780780492.2205677,4.0026706240113565,-0.49774328371622734,0.2176512885941879,-0.7015926535897776,4.923908948898315
1780780492.2415826,4.002773781520635,-0.49765611411466887,0.21859815366960564,-0.7015926535897758,4.9449238777160645
1780780492.2630591,4.002906458119093,-0.4975440004517417,0.2176330821015295,-0.7015926535897741,4.966400384902954
1780780492.2843707,4.003022948575254,-0.49744556431539055,0.21781251451713707,-0.7015926535897745,4.9877119064331055
1780780492.3088646,4.003129151033541,-0.49735582168745995,0.21868727269644575,-0.7015926535897727,5.0122058391571045
1780780492.3325148,4.003265633563593,-0.49724049195676434,0.21761685616750556,-0.701592653589771,5.035856008529663
1780780492.3541696,4.003381028852412,-0.49714298125280787,0.2179839281830378,-0.7015926535897723,5.057510852813721
1780780492.378324,4.003490987171965,-0.49705006486726844,0.21869870929280918,-0.7015926535897705,5.081665277481079
1780780492.3999028,4.003627878877839,-0.4969343893770293,0.21769093962522645,-0.7015926535897705,5.103244066238403
1780780492.424424,4.003741710609028,-0.49683819990210076,0.21823915386457618,-0.7015926535897719,5.12776517868042
1780780492.4481897,4.003858557769971,-0.4967394623450023,0.21851259174107188,-0.7015926535897736,5.151530981063843
1780780492.4682965,4.003990792388186,-0.49662772216183493,0.21787390594840197,-0.7015926535897741,5.171637773513794
1780780492.491253,4.004099713002042,-0.4965356826527591,0.2187678451183219,-0.7015926535897745,5.194594144821167
1780780492.5139234,4.004230598691011,-0.49642508233449784,0.21812556765957192,-0.7015926535897741,5.217264652252197
1780780492.5348692,4.004351582041768,-0.49632284963661294,0.21819720466541323,-0.7015926535897741,5.238210439682007
1780780492.555497,4.004463481252203,-0.496228293169937,0.2187925312867004,-0.7015926535897758,5.258838176727295
1780780492.5762763,4.004596615643137,-0.49611579266568395,0.21799158338461477,-0.7015926535897741,5.279617547988892
1780780492.5976925,4.004706195692862,-0.4960231959236744,0.2187699747663994,-0.7015926535897736,5.3010337352752686
1780780492.6215985,4.004830711698092,-0.4959179780811779,0.2183918906035238,-0.7015926535897723,5.324939727783203
1780780492.6429026,4.004956052357654,-0.4958120633937289,0.21799548442097663,-0.7015926535897723,5.346243858337402
1780780492.6680918,4.005058709690482,-0.4957253164485756,0.21908628127623173,-0.7015926535897727,5.3714330196380615
1780780492.6880283,4.0051874366782965,-0.49561654026431035,0.2183118744650398,-0.7015926535897741,5.391369581222534
1780780492.7099586,4.005307538587264,-0.49551505239760646,0.2181017446273858,-0.7015926535897732,5.413299798965454
1780780492.7326825,4.005407079832273,-0.4954309385921567,0.21922371325352588,-0.7015926535897732,5.436023712158203
1780780492.7585762,4.005535084938977,-0.49532277240797123,0.21831874649065358,-0.7015926535897732,5.461917400360107
1780780492.7807243,4.005649495597449,-0.4952260937310331,0.21829278189487053,-0.7015926535897727,5.484065532684326
1780780492.801393,4.0057478777842555,-0.49514295934669,0.2192583812743979,-0.7015926535897727,5.50473427772522
1780780492.8235047,4.005872878236397,-0.4950373321394812,0.21833904324592826,-0.7015926535897727,5.526845932006836
1780780492.844968,4.005977449447801,-0.4949489679389842,0.21875429790045584,-0.7015926535897741,5.548309326171875
1780780492.8653638,4.006083182106691,-0.49485962229840413,0.21890616003736976,-0.7015926535897745,5.568705081939697
1780780492.8887718,4.006198364864889,-0.4947622911859259,0.2184062462375447,-0.701592653589775,5.592113018035889
1780780492.9117644,4.0062911623760735,-0.49468387593402496,0.21930935499330573,-0.7015926535897745,5.615105628967285
1780780492.9357195,4.006406580288132,-0.4945863461131027,0.21851417296551104,-0.7015926535897732,5.639060735702515
1780780492.9581685,4.006506385886079,-0.4945020089255605,0.2187257160073659,-0.7015926535897732,5.66150975227356
1780780492.9785326,4.006598580379216,-0.49442410323271524,0.21927988314705146,-0.7015926535897723,5.681873798370361
1780780493.0028076,4.006711238242326,-0.4943289056934543,0.21834651269406083,-0.7015926535897701,5.706148862838745
1780780493.022361,4.006799058105197,-0.4942546966270581,0.21901145045560222,-0.7015926535897719,5.725702285766602
1780780493.0506322,4.006891136371266,-0.49417688914778235,0.21916441424954042,-0.7015926535897719,5.753973484039307
1780780493.0749593,4.006996230356726,-0.4940880831955759,0.21837250874754682,-0.7015926535897705,5.778300523757935
1780780493.0955815,4.0070756354429635,-0.4940209847382979,0.21922127485245643,-0.7015926535897723,5.798922777175903
1780780493.1186175,4.0071658022025,-0.49394479250995227,0.21909100282497398,-0.7015926535897727,5.821958780288696
1780780493.1394367,4.007261905978693,-0.49386358341584446,0.21848342326449818,-0.7015926535897745,5.842777967453003
1780780493.1619408,4.00733297608123,-0.4938035281414942,0.21946518826117228,-0.7015926535897745,5.86528205871582
1780780493.1843898,4.007422634799426,-0.49372776521549955,0.21893553646039765,-0.7015926535897727,5.887731075286865
1780780493.2051585,4.007505665351388,-0.493657603186751,0.21877609124148867,-0.7015926535897732,5.908499717712402
1780780493.2330883,4.007571690826797,-0.4936018106959839,0.21960103536426442,-0.7015926535897745,5.936429500579834
1780780493.2581112,4.007659827899871,-0.49352733358233325,0.21873343746983057,-0.7015926535897745,5.961452484130859
1780780493.2819207,4.0077258042441635,-0.4934715826080744,0.2192794634766096,-0.7015926535897754,5.985261917114258
1780780493.306573,4.007797646128811,-0.4934108751665741,0.21914852933001375,-0.7015926535897741,6.00991415977478
1780780493.327354,4.007871556617253,-0.49334841972466476,0.21878248013387178,-0.7015926535897741,6.030695199966431
1780780493.3502927,4.0079238043259044,-0.49330426964797824,0.21973669106439978,-0.7015926535897723,6.05363392829895
1780780493.3744223,4.007999968933249,-0.4932399094426806,0.21880206808874897,-0.701592653589771,6.077763557434082
1780780493.3946652,4.008059432914726,-0.4931896615100899,0.21888742707060663,-0.7015926535897705,6.0980064868927
1780780493.4192219,4.008103922002636,-0.4931520675812129,0.21982214930563398,-0.7015926535897705,6.122563123703003
1780780493.4397702,4.008174577006272,-0.49309236307149545,0.21873846955228393,-0.7015926535897719,6.14311146736145
1780780493.4616814,4.008223453484505,-0.49305106173373575,0.21900963347470406,-0.7015926535897719,6.165022611618042
1780780493.4840863,4.008261731577187,-0.49301871618651527,0.21980951878358784,-0.7015926535897727,6.187427520751953
1780780493.507005,4.00832397837287,-0.4929661167352886,0.2187591172821081,-0.7015926535897723,6.210346221923828
1780780493.5330586,4.00836231780315,-0.49293371935689967,0.21921032654634248,-0.7015926535897723,6.23639988899231
1780780493.553694,4.008397748416623,-0.49290377997118756,0.2196072247265699,-0.701592653589771,6.257035255432129
1780780493.5792732,4.008447690832502,-0.49286157790055496,0.21886977786815826,-0.7015926535897701,6.282614469528198
1780780493.6014705,4.00847244029299,-0.4928406642450724,0.21970815355379808,-0.7015926535897696,6.304811716079712
1780780493.6236732,4.008513441926357,-0.4928060172662059,0.21913112506485535,-0.7015926535897683,6.327014446258545
1780780493.648769,4.008544829870491,-0.4927794939951125,0.2191023919570599,-0.7015926535897674,6.352110147476196
1780780493.6692576,4.008562884743923,-0.49276423736343883,0.21976380717071195,-0.7015926535897674,6.372598886489868
1780780493.6914444,4.0086001640239175,-0.49273273582752436,0.21890208976087244,-0.7015926535897687,6.394785642623901
1780780493.7155395,4.00861324545372,-0.49272168182833637,0.21958030593836106,-0.7015926535897701,6.4188807010650635
1780780493.7380326,4.0086353361426825,-0.49270301487361406,0.2193197349443043,-0.7015926535897696,6.441373825073242
1780780493.7628307,4.008659048120168,-0.4926829779064166,0.21881882572742611,-0.7015926535897696,6.466171979904175
1780780493.7832057,4.0086581976365965,-0.49268369657745115,0.2198633624819369,-0.7015926535897687,6.486546993255615
1780780493.8103266,4.008678340549676,-0.49266667552178955,0.21916331358857202,-0.7015926535897687,6.513667821884155
1780780493.8322356,4.008690886990512,-0.49265607359609115,0.21884708366875633,-0.701592653589767,6.535576820373535
1780780493.8519948,4.008680690554578,-0.49266468973333505,0.21994909930468298,-0.7015926535897683,6.555335998535156
1780780493.874512,4.008694899332394,-0.4926526831086166,0.21908972247875733,-0.701592653589767,6.577853202819824
1780780493.8944304,4.008696609136568,-0.4926512382991254,0.21895694301063104,-0.7015926535897661,6.597771644592285
1780780493.9180706,4.008679529586096,-0.4926656707686564,0.21994268143181941,-0.7015926535897639,6.6214118003845215
1780780493.9407747,4.008686761578874,-0.4926595596291632,0.21901313574399114,-0.701592653589763,6.644115924835205
1780780493.9628358,4.008674254054836,-0.49267012866959925,0.2193223235161956,-0.7015926535897612,6.666177034378052
1780780493.9872675,4.008658631195349,-0.4926833302139777,0.21957474134999952,-0.701592653589759,6.690608739852905
1780780494.0114167,4.0086538386347454,-0.4926873799976644,0.21896759589301346,-0.701592653589759,6.714757919311523
1780780494.0307412,4.008625252716839,-0.4927115355156816,0.2198342014271641,-0.701592653589759,6.734082460403442
1780780494.0555103,4.008616401882323,-0.4927190146000785,0.21906875110954446,-0.7015926535897594,6.758851528167725
1780780494.078903,4.008593420566177,-0.492738434147775,0.21917226935819023,-0.7015926535897603,6.7822442054748535
1780780494.1018753,4.008559746211308,-0.4927668894693251,0.21979878826012952,-0.7015926535897603,6.805216550827026
1780780494.1239583,4.008546974934076,-0.49277768138506023,0.21879746638796363,-0.7015926535897576,6.82729959487915
1780780494.1444407,4.008509893785516,-0.4928090154970192,0.21935413743671453,-0.7015926535897594,6.8477818965911865
1780780494.165349,4.008473270070179,-0.49283996307122774,0.21963301888230982,-0.7015926535897576,6.868690252304077
1780780494.1862628,4.008451958109377,-0.49285797198928405,0.21873135325885978,-0.7015926535897563,6.889604091644287
1780780494.2091181,4.008405081795315,-0.4928975831591143,0.21947198915385455,-0.7015926535897576,6.912459373474121
1780780494.2308974,4.008365248020888,-0.4929312432801244,0.21946692305857754,-0.7015926535897559,6.93423867225647
1780780494.2521455,4.008334404487244,-0.4929573065164041,0.21874928234149563,-0.7015926535897563,6.95548677444458
1780780494.2751896,4.008278408452339,-0.4930046239835049,0.21965090276969348,-0.7015926535897568,6.9785308837890625
1780780494.2950087,4.008238228262092,-0.4930385768309403,0.21920482697294202,-0.7015926535897559,6.998349905014038
1780780494.3169348,4.008194456740214,-0.4930755644060412,0.21893578553845555,-0.7015926535897563,7.020276069641113
1780780494.3408678,4.008132327338777,-0.4931280646574158,0.21977718854498587,-0.7015926535897545,7.044209003448486
1780780494.362643,4.00809282188742,-0.49316144734063755,0.21888297648692137,-0.7015926535897528,7.06598424911499
1780780494.3848035,4.008032915343163,-0.4932120692452394,0.21932078342191072,-0.7015926535897559,7.088144779205322
1780780494.4057105,4.007976427655704,-0.49325980216592813,0.2192878186346304,-0.7015926535897576,7.109051704406738
1780780494.4289813,4.007925558542032,-0.49330278730972965,0.21881243161019168,-0.701592653589759,7.132322549819946
1780780494.4532819,4.007852577370292,-0.4933644574654603,0.21974218814246327,-0.7015926535897585,7.156623125076294
1780780494.4738877,4.007803341901601,-0.4934060621553975,0.21883609236093102,-0.701592653589759,7.177228927612305
1780780494.4967928,4.007740330320777,-0.493459307861236,0.21881152913929694,-0.7015926535897576,7.200134038925171
1780780494.5171251,4.007661303727897,-0.493526086486099,0.21977705350240187,-0.7015926535897581,7.220466375350952
1780780494.5392485,4.007610083038136,-0.4935693687168281,0.21868085785483954,-0.7015926535897581,7.242589712142944
1780780494.5633109,4.007539558194163,-0.4936289632397289,0.21884255893679036,-0.7015926535897572,7.2666521072387695
1780780494.5853715,4.007457248096523,-0.4936985164740584,0.2197010378537429,-0.7015926535897576,7.288712739944458
1780780494.6078002,4.007401709845955,-0.49374544710670987,0.2186112295796811,-0.7015926535897585,7.311141490936279
1780780494.628256,4.007324460968108,-0.4938107235364134,0.21895422584135338,-0.7015926535897581,7.331597328186035
1780780494.6535518,4.007242879575751,-0.49387966100413566,0.2194510639968043,-0.7015926535897585,7.356893062591553
1780780494.6775343,4.007180187392556,-0.493932636814313,0.2186203738897101,-0.7015926535897612,7.380875587463379
1780780494.6999378,4.007093543618669,-0.49400585206834424,0.21938079312775183,-0.7015926535897608,7.403279066085815
1780780494.7247124,4.0070227637555025,-0.4940656620861883,0.21887628669709705,-0.7015926535897599,7.428053617477417
1780780494.7492707,4.006946760282255,-0.4941298861308202,0.21874110132871646,-0.7015926535897603,7.452611923217773
1780780494.7687495,4.006856904073969,-0.49420581593882673,0.21944932147290513,-0.7015926535897608,7.472090721130371
1780780494.791697,4.006789901822998,-0.49426243381920687,0.21853711225951586,-0.7015926535897612,7.495038270950317
1780780494.8125515,4.0067010391404585,-0.49433752408345083,0.21911104221475555,-0.7015926535897625,7.515892744064331
1780780494.8340297,4.0066203558540305,-0.49440570263855166,0.21896607573876486,-0.7015926535897616,7.537370920181274
1780780494.8594632,4.006546835947142,-0.4944678280333479,0.21835972233665765,-0.7015926535897634,7.562804460525513
1780780494.8784754,4.006449739240054,-0.4945498761685604,0.2193427391721509,-0.7015926535897625,7.581816673278809
1780780494.9020882,4.006374165880826,-0.4946137367605656,0.2187317105169008,-0.7015926535897599,7.605429410934448
1780780494.9225717,4.0062961847586065,-0.49467963194745534,0.21831081465464677,-0.701592653589759,7.62591290473938
1780780494.9505491,4.006196192268107,-0.49476412706193157,0.2193801414644353,-0.7015926535897572,7.653890371322632
1780780494.9731045,4.0061223509747075,-0.49482652403302174,0.21858363817608112,-0.7015926535897568,7.676445722579956
1780780494.9947803,4.006040712028589,-0.4948955101345152,0.21834766844309714,-0.7015926535897568,7.698121547698975
1780780495.0168636,4.005940702247358,-0.49498001985991347,0.21934330689414852,-0.7015926535897568,7.720204830169678
1780780495.0374804,4.005868427308273,-0.49504109323873857,0.21842319532889662,-0.7015926535897559,7.740821599960327
1780780495.0601676,4.005780145172398,-0.4951156929325736,0.2186318665949466,-0.7015926535897576,7.7635087966918945
1780780495.0845094,4.005688459981185,-0.49519316825785614,0.21899144177723034,-0.7015926535897572,7.787850618362427
1780780495.1049101,4.005613742440401,-0.4952563056707798,0.2182852977266781,-0.7015926535897568,7.80825138092041
1780780495.1292682,4.005516514587194,-0.4953384646263783,0.21910942537675684,-0.7015926535897545,7.832609415054321
1780780495.1524918,4.005441122027449,-0.4954021724401815,0.2183973250704574,-0.7015926535897559,7.855833053588867
1780780495.174969,4.005356359619336,-0.4954737979126627,0.21840278259343862,-0.7015926535897559,7.878310203552246
1780780495.1964884,4.005261031353065,-0.49555435168956374,0.21909847047331596,-0.701592653589755,7.899829626083374
1780780495.2168455,4.005192065766496,-0.4956126286171929,0.2180554847244255,-0.7015926535897576,7.920186758041382
1780780495.2400134,4.005101630380066,-0.4956890478391869,0.21851574267203805,-0.7015926535897572,7.943354606628418
1780780495.2604234,4.00501158717764,-0.4957651356599703,0.21892007705931438,-0.7015926535897581,7.963764667510986
1780780495.2823412,4.004943626523628,-0.49582256340491493,0.2179371465790725,-0.7015926535897581,7.985682487487793
1780780495.303807,4.004852259054723,-0.49589977025021137,0.21858356149278357,-0.7015926535897581,8.007148265838623
1780780495.3240497,4.004767888694418,-0.4959710644365737,0.21871923331331886,-0.7015926535897581,8.027390956878662
1780780495.3486562,4.004699838164926,-0.49602856812760976,0.2179084373145119,-0.7015926535897608,8.051997423171997
1780780495.368707,4.004608391113766,-0.4961058422210726,0.21873229038338815,-0.701592653589763,8.07204818725586
1780780495.391852,4.004533525745848,-0.4961691045500836,0.21840127703865522,-0.7015926535897616,8.095193147659302
1780780495.4159055,4.004461461927767,-0.4962299995285764,0.2180410720488992,-0.701592653589763,8.1192467212677
1780780495.4361966,4.004371688346256,-0.4963058595157494,0.21890345574857586,-0.7015926535897621,8.139537811279297
1780780495.4610376,4.004308952835527,-0.4963588719383264,0.21801642389419992,-0.7015926535897634,8.164378881454468
1780780495.4873111,4.004229529813797,-0.49642598555135475,0.21836565807643366,-0.7015926535897643,8.19065237045288
1780780495.5061605,4.004153765948422,-0.4964900071238359,0.21845142327547273,-0.7015926535897625,8.20950174331665
1780780495.5278127,4.004090373154784,-0.4965435749600681,0.21788849211279487,-0.7015926535897608,8.231153964996338
1780780495.5509324,4.004005890739074,-0.4966149638348844,0.21880144232051998,-0.7015926535897612,8.254273653030396
1780780495.5756283,4.003948162832589,-0.4966637447587606,0.2179607004926251,-0.7015926535897603,8.278969526290894
1780780495.5998256,4.003881553391688,-0.4967200307088957,0.2178493651870879,-0.7015926535897599,8.30316686630249
1780780495.619071,4.003799406986631,-0.4967894456206014,0.21885514264876266,-0.7015926535897594,8.322412252426147
1780780495.6465106,4.003749781742588,-0.49683137967640395,0.2177851032890663,-0.7015926535897625,8.349851846694946
1780780495.6667545,4.0036847224317285,-0.49688635574402124,0.2178620155717145,-0.7015926535897621,8.37009572982788
1780780495.6906626,4.003608118814031,-0.4969510869194773,0.2187902978448435,-0.7015926535897639,8.394003868103027
1780780495.712762,4.003563728557126,-0.49698859733470957,0.21770129897728974,-0.7015926535897647,8.41610336303711
1780780495.733514,4.003500861176487,-0.4970417211892858,0.21796213715791657,-0.7015926535897643,8.43685531616211
1780780495.7586536,4.003433624122567,-0.4970985374815878,0.2185718381285071,-0.7015926535897639,8.461994886398315
1780780495.7821693,4.003391646803723,-0.49713400892892934,0.21768932407162736,-0.7015926535897639,8.48551058769226
1780780495.8052952,4.003327878484158,-0.49718789409005204,0.21838537244942874,-0.7015926535897625,8.508636474609375
1780780495.8288634,4.003280663846396,-0.4972277911483496,0.21799531964792107,-0.701592653589763,8.532204627990723
1780780495.849704,4.00323404129801,-0.49726718788247815,0.21778223008339512,-0.7015926535897643,8.553045272827148
1780780495.8737078,4.003173659052694,-0.49731821176142055,0.21855204563833677,-0.7015926535897639,8.577049016952515
1780780495.8955674,4.003141013212734,-0.4973457979728506,0.21763257544329714,-0.7015926535897647,8.59890866279602
1780780495.9177907,4.003089289137016,-0.49738950557206507,0.21813123647117344,-0.7015926535897652,8.621131896972656
1780780495.94011,4.003045523217123,-0.49742648841340903,0.21813168965834134,-0.7015926535897652,8.64345121383667
1780780495.962356,4.0030154576967645,-0.4974518942171035,0.2174502993542161,-0.7015926535897647,8.6656973361969
1780780495.9848723,4.002962880469019,-0.4974963227422366,0.21838795850426318,-0.7015926535897621,8.688213586807251
1780780496.0058799,4.002932505217697,-0.4975219902731167,0.2179102956755645,-0.7015926535897616,8.709221124649048
1780780496.0287385,4.002905517767941,-0.49754479506220894,0.21741574584889548,-0.7015926535897608,8.73207974433899
1780780496.0526552,4.002857125366988,-0.4975856873475975,0.218469297579717,-0.7015926535897612,8.755996465682983
1780780496.0771356,4.002836474745889,-0.4976031374239494,0.2177806978732204,-0.701592653589759,8.780476808547974
1780780496.1019835,4.002812945029817,-0.49762302037759143,0.21747305803814118,-0.7015926535897585,8.805324792861938
1780780496.1222525,4.0027710768818885,-0.4976583995739138,0.2184962046361156,-0.7015926535897585,8.825593709945679
1780780496.144044,4.002759882699794,-0.49766785882123155,0.2176310798484781,-0.701592653589759,8.847385168075562
1780780496.167707,4.002736175681857,-0.497687891597539,0.21777091260734455,-0.7015926535897585,8.871048212051392
1780780496.1885984,4.002708209948164,-0.49771152305084254,0.21825578412679356,-0.7015926535897572,8.891939640045166
1780780496.2114344,4.002702579082254,-0.49771628121475486,0.21749634982241148,-0.701592653589759,8.914775609970093
1780780496.2346227,4.002675294152321,-0.49773933737894094,0.21829604884318551,-0.7015926535897603,8.937963962554932
1780780496.2545981,4.00267055978746,-0.49774333798637505,0.2176828840139161,-0.7015926535897612,8.957939386367798
1780780496.2780783,4.002660660191686,-0.4977517032893497,0.21762208343333472,-0.7015926535897581,8.981419563293457
1780780496.2986784,4.0026393516418475,-0.49776970932509407,0.2184049426294907,-0.7015926535897576,9.00201964378357
1780780496.3231566,4.002648294283106,-0.49776215266265894,0.21736573898640504,-0.7015926535897572,9.026497840881348
1780780496.3470366,4.002637749403134,-0.49777106324020254,0.21776095246101695,-0.7015926535897554,9.05037784576416
1780780496.3700273,4.002626199331806,-0.49778082321911743,0.21830852411768348,-0.7015926535897568,9.073368549346924
1780780496.3947194,4.002641653614476,-0.4977677641246115,0.21728934447521572,-0.701592653589759,9.098060607910156
1780780496.4151607,4.002634811910096,-0.49777354546470753,0.21787245019594867,-0.7015926535897603,9.118501901626587
1780780496.4396107,4.002633207712754,-0.497774901034883,0.21817981275927084,-0.7015926535897608,9.142951965332031
1780780496.4622514,4.002653180130088,-0.4977580240506164,0.21730669528812585,-0.7015926535897603,9.165592670440674
1780780496.486071,4.002650352911324,-0.49776041309175384,0.21806959043676094,-0.7015926535897594,9.189412355422974
1780780496.5107856,4.002662454724668,-0.4977501868827781,0.21789758938143708,-0.7015926535897581,9.214126825332642
1780780496.533453,4.002681997069018,-0.49773367331646184,0.21747630570689788,-0.7015926535897608,9.236794233322144
1780780496.5588636,4.0026829482414925,-0.49773286956183316,0.2183758263838171,-0.7015926535897616,9.262204885482788
1780780496.5819213,4.002712264637304,-0.49770809677931915,0.21753889687760483,-0.7015926535897625,9.28526258468628
1780780496.6045597,4.0027271921305845,-0.49769548282953974,0.21782858100433086,-0.7015926535897621,9.30790090560913
1780780496.6278765,4.002743440773691,-0.49768175248886687,0.2180617626869958,-0.701592653589759,9.331217765808105
1780780496.6489015,4.0027764515643005,-0.4976538578888073,0.2174395760217267,-0.7015926535897581,9.352242708206177
1780780496.6757553,4.002787738450409,-0.49764432030524564,0.2183500243783787,-0.7015926535897581,9.379096508026123
1780780496.6993976,4.002825098838294,-0.49761275023197826,0.21761543445105389,-0.7015926535897585,9.402738809585571
1780780496.7226446,4.002856593304757,-0.49758613694796033,0.21744416987416312,-0.7015926535897621,9.42598581314087
1780780496.7457848,4.002871081874674,-0.49757389389482987,0.21850312376462896,-0.7015926535897621,9.44912600517273
1780780496.7660744,4.002918733191239,-0.4975336278365692,0.21749841218161808,-0.701592653589763,9.469415664672852
1780780496.7914832,4.002952978000959,-0.4975046904723415,0.2175158113198778,-0.7015926535897647,9.494824409484863
1780780496.8160324,4.002973708246478,-0.4974871731121923,0.21852527078076683,-0.7015926535897652,9.519373655319214
1780780496.838025,4.003027794434259,-0.497441469493796,0.21747454948131625,-0.7015926535897639,9.541366338729858
1780780496.8611908,4.00306478291346,-0.497410213688797,0.2176768416964979,-0.7015926535897647,9.564532041549683
1780780496.8819518,4.003094764303805,-0.4973848789761923,0.21840905385809323,-0.7015926535897647,9.585293054580688
1780780496.910784,4.00315215325563,-0.4973363844739568,0.21751044141633732,-0.701592653589763,9.61412525177002
1780780496.9350362,4.003188081633834,-0.49730602446977734,0.21815039874294653,-0.7015926535897625,9.63837742805481
1780780496.957317,4.003237477472825,-0.49726428426459435,0.21790953473961347,-0.7015926535897616,9.660658359527588
1780780496.9806929,4.003290360190594,-0.49721959759593093,0.21763898298335393,-0.7015926535897643,9.6840341091156
1780780497.0058239,4.003327264040909,-0.497188413303576,0.21847694858720076,-0.701592653589763,9.709165096282959
1780780497.0263329,4.003392093349072,-0.49713363159159535,0.21758261123142916,-0.7015926535897639,9.729674100875854
1780780497.0506814,4.003438614173827,-0.4970943208154198,0.21802449529183585,-0.7015926535897647,9.754022598266602
1780780497.0708787,4.003489250904041,-0.4970515320390356,0.21818814681162427,-0.7015926535897679,9.774219989776611
1780780497.0938964,4.003556490207658,-0.4969947138457087,0.2174484534252055,-0.701592653589767,9.797237634658813
1780780497.1172264,4.003600346533131,-0.4969576546103312,0.21834363006161647,-0.7015926535897679,9.820567607879639
1780780497.1370628,4.003662260215823,-0.4969053366444442,0.21802814098069334,-0.7015926535897656,9.840404033660889
1780780497.1588018,4.00373030671922,-0.4968478363555173,0.21747432892617932,-0.701592653589767,9.86214303970337
1780780497.179106,4.00377553912295,-0.4968096143139201,0.218512676344582,-0.7015926535897679,9.882447242736816
1780780497.2018845,4.003845008623745,-0.4967509115714131,0.21795819843621894,-0.7015926535897683,9.90522575378418
1780780497.2245255,4.0039136824067505,-0.49669288122205774,0.21759083977524632,-0.701592653589767,9.927866697311401
1780780497.2451847,4.003961873201889,-0.4966521592965229,0.21863963978162362,-0.7015926535897661,9.94852590560913
1780780497.2713864,4.004038402584866,-0.49658749085049053,0.2178530715620894,-0.701592653589767,9.974727630615234
1780780497.2945845,4.004103519539006,-0.49653246607346124,0.2179336256992583,-0.7015926535897661,9.997925758361816
1780780497.3176775,4.004160638974064,-0.4964841993168277,0.21853928073345338,-0.7015926535897679,10.021018743515015
1780780497.3403697,4.004240605661564,-0.49641662629828526,0.21774762556804086,-0.701592653589767,10.043710947036743
1780780497.3612847,4.00429804199352,-0.49636809175914604,0.21851671526224667,-0.7015926535897665,10.064625978469849
1780780497.3862588,4.004373870773671,-0.49630401533273183,0.2180220700802568,-0.7015926535897665,10.089600086212158
1780780497.4087615,4.004445962768778,-0.4962430965442388,0.21790033085190583,-0.701592653589767,10.112102746963501
1780780497.4337988,4.004503341283774,-0.4961946108612747,0.21876182839663186,-0.7015926535897661,10.137140035629272
1780780497.4560437,4.004589593475368,-0.49612172649999675,0.2177431816271159,-0.7015926535897665,10.159384965896606
1780780497.4768014,4.004656368629493,-0.4960653005197658,0.21807632435811897,-0.7015926535897647,10.180142641067505
1780780497.4997613,4.004717768130382,-0.49601341704501106,0.21875601496361377,-0.7015926535897634,10.203102588653564
1780780497.5202286,4.004806031878037,-0.49593883288948953,0.21771477877600873,-0.7015926535897674,10.223569869995117
1780780497.5439658,4.00487134041758,-0.4958836462199965,0.21823500907961427,-0.7015926535897683,10.247307062149048
1780780497.5659666,4.004936902283402,-0.495828245486097,0.2187002513454238,-0.7015926535897665,10.269307851791382
1780780497.586958,4.005024569178412,-0.4957541656797774,0.2177764276666872,-0.701592653589767,10.2902991771698
1780780497.611091,4.005088246830238,-0.4957003571342155,0.21847606387788163,-0.7015926535897661,10.314432144165039
1780780497.631745,4.0051614821175825,-0.49563847224709057,0.21845988363599605,-0.7015926535897674,10.335086345672607
1780780497.6534233,4.005243298959239,-0.4955693358212704,0.2179730984393932,-0.7015926535897656,10.356764554977417
1780780497.67773,4.005303827460317,-0.49551818835407585,0.21889165624072157,-0.7015926535897661,10.381071329116821
1780780497.7004995,4.005389174425681,-0.4954460689221778,0.21811220378683363,-0.7015926535897661,10.403840780258179
1780780497.7253454,4.0054603029093405,-0.49538596431492754,0.2183356513764613,-0.7015926535897652,10.428686618804932
1780780497.7489924,4.0055278329228505,-0.49532890046749634,0.21870911209051191,-0.7015926535897665,10.452333688735962
1780780497.7682874,4.005612281245309,-0.49525754040197567,0.21801906259596845,-0.7015926535897674,10.471628665924072
1780780497.7904675,4.0056730777954845,-0.49520616642937787,0.2189048957363712,-0.7015926535897679,10.49380874633789
1780780497.8162463,4.0057548148723345,-0.49513709740598494,0.21828015141217955,-0.7015926535897692,10.519587516784668
1780780497.8387935,4.005831412795271,-0.49507237104268553,0.2180384610068103,-0.701592653589767,10.542134761810303
1780780497.8611605,4.005887910077315,-0.4950246300144333,0.21912650041584764,-0.7015926535897652,10.564501762390137
1780780497.8814554,4.005973547268702,-0.4949522653373106,0.21818850453076644,-0.7015926535897643,10.584796667098999
1780780497.9056022,4.006046046473444,-0.4948910024507331,0.21813381137305435,-0.7015926535897647,10.608943462371826
1780780497.9275544,4.006101408053505,-0.49484422110724063,0.21919817303688796,-0.7015926535897643,10.630895614624023
1780780497.9525366,4.00618678505511,-0.49477207629428255,0.21818492738680578,-0.7015926535897647,10.655877828598022
1780780497.9761734,4.0062549988052165,-0.4947144346794424,0.21831393786889974,-0.7015926535897643,10.679514646530151
1780780497.9988086,4.006311796967253,-0.4946664394032023,0.2191401084917248,-0.7015926535897643,10.702149868011475
1780780498.0235221,4.006394118831757,-0.49459687622570375,0.21822246510105991,-0.7015926535897656,10.726863384246826
1780780498.044618,4.006454202380382,-0.49454610474982724,0.21878951536861613,-0.7015926535897679,10.74795913696289
1780780498.0705023,4.0065220240403905,-0.4944887944568476,0.218680529440984,-0.7015926535897661,10.77384352684021
1780780498.0920599,4.006593817913143,-0.4944281275860994,0.21833421507739764,-0.7015926535897634,10.795401096343994
1780780498.114575,4.006646305827197,-0.49438377453233884,0.21920838086780625,-0.7015926535897643,10.81791615486145
1780780498.137765,4.006723347968327,-0.49431867279818037,0.21833320827402908,-0.7015926535897647,10.841106176376343
1780780498.1602302,4.006781818211417,-0.49426926458903586,0.21869847426840955,-0.7015926535897634,10.863571405410767
1780780498.1822739,4.006838900771414,-0.4942210289923668,0.21900538982301906,-0.7015926535897625,10.885615110397339
1780780498.2039835,4.006912503590254,-0.4941588335357633,0.2181863591439723,-0.7015926535897652,10.90732479095459
1780780498.2241957,4.006961230202679,-0.4941176588367996,0.21900432702511538,-0.7015926535897643,10.927536964416504
1780780498.2456148,4.007021740440995,-0.49406652680190183,0.21884327950655338,-0.7015926535897647,10.94895601272583
1780780498.2657578,4.007089183275243,-0.4940095366222194,0.21820807173833578,-0.7015926535897656,10.969099044799805
1780780498.2898307,4.0071319166310655,-0.4939734263125933,0.21919544038945085,-0.7015926535897652,10.99317193031311
1780780498.312149,4.0071928968597295,-0.49392189712899,0.21876606972639248,-0.7015926535897639,11.015490293502808
1780780498.3321888,4.007253905336638,-0.49387034407520974,0.21831579752935257,-0.7015926535897665,11.035530090332031
1780780498.3576877,4.007291917307997,-0.49383822340439437,0.21935343435781032,-0.7015926535897674,11.061028957366943
1780780498.37836,4.007353550482334,-0.49378614247216523,0.21863522840064864,-0.7015926535897665,11.081701278686523
1780780498.4026666,4.007404191039005,-0.4937433504623674,0.21863227501745935,-0.7015926535897661,11.106007814407349
1780780498.4267077,4.007442622495521,-0.4937108753204666,0.21932094643671265,-0.7015926535897665,11.130048990249634
1780780498.447997,4.007502349130762,-0.49366040544161005,0.21848579715149294,-0.7015926535897652,11.151338338851929
1780780498.4734583,4.0075387832160185,-0.4936296181075902,0.2191855884759168,-0.7015926535897661,11.176799535751343
1780780498.500492,4.007587930405186,-0.49358808801514065,0.2187979401872787,-0.7015926535897647,11.20383334159851
1780780498.5198538,4.007634213456049,-0.4935489781613746,0.21858963325578057,-0.7015926535897665,11.22319507598877
1780780498.5445874,4.007662477984803,-0.4935250942218817,0.21949061709956905,-0.7015926535897665,11.247928619384766
1780780498.5675955,4.007716678879003,-0.49347929367488813,0.21848027313348184,-0.7015926535897656,11.270936727523804
1780780498.5932555,4.007751477702067,-0.4934498881612973,0.2187251906783322,-0.7015926535897647,11.296596765518188
1780780498.6166916,4.007776582039835,-0.4934286746293318,0.21949757271421197,-0.7015926535897652,11.320032835006714
1780780498.6383195,4.007827165031449,-0.49338593126284763,0.21842176391701798,-0.7015926535897656,11.341660737991333
1780780498.6600928,4.007854460137934,-0.4933628664993282,0.2188527498099642,-0.7015926535897647,11.363434076309204
1780780498.680244,4.007877238740559,-0.49334361824751743,0.21943641132054406,-0.7015926535897656,11.383585214614868
1780780498.7070215,4.0079217806667815,-0.4933059796694948,0.21844937781451584,-0.7015926535897643,11.410362720489502
1780780498.7296975,4.007941708249107,-0.49328914057146367,0.21905942866409997,-0.7015926535897643,11.433038711547852
1780780498.7553198,4.007965952878329,-0.4932686535057716,0.21917338551992138,-0.7015926535897625,11.458661079406738
1780780498.7800226,4.007999845512436,-0.49324001373507953,0.21859517041363624,-0.7015926535897639,11.48336386680603
1780780498.802049,4.008010460920921,-0.49323104355991426,0.21949314165738693,-0.7015926535897612,11.505390167236328
1780780498.8262699,4.008042213503037,-0.4932042121644023,0.21875916626792147,-0.7015926535897639,11.529611110687256
1780780498.8483453,4.00806057683114,-0.493188694884031,0.2188904604011384,-0.7015926535897634,11.551686525344849
1780780498.8687198,4.008071234851383,-0.4931796887013046,0.2193651222203623,-0.7015926535897625,11.57206106185913
1780780498.8942842,4.008099001776853,-0.4931562252438543,0.2185953601260819,-0.7015926535897612,11.597625494003296
1780780498.916102,4.0081022903354615,-0.493153446363813,0.21941721216745838,-0.7015926535897621,11.61944317817688
1780780498.9411974,4.008121894780885,-0.49313688032118214,0.21889094959301228,-0.7015926535897625,11.644538640975952
1780780498.9644213,4.008137962312408,-0.4931233030224407,0.21855364116585788,-0.701592653589763,11.667762517929077
1780780498.9873862,4.008131944073879,-0.49312838852186913,0.21963189604931238,-0.7015926535897634,11.690727472305298
1780780499.0099423,4.008151805191281,-0.49311160558766876,0.2187498341306061,-0.7015926535897625,11.71328353881836
1780780499.033111,4.00815988114691,-0.49310478128724233,0.21859843627947934,-0.7015926535897634,11.736452341079712
1780780499.0627267,4.008148482915465,-0.4931144129592415,0.2196796221922202,-0.7015926535897621,11.76606798171997
1780780499.088572,4.008164821666147,-0.4931006064763509,0.21869394972740155,-0.7015926535897612,11.791913270950317
1780780499.1105318,4.008165212677378,-0.49310027606615175,0.21872596670066954,-0.7015926535897616,11.813873052597046
1780780499.1350486,4.008151239876536,-0.4931120832868807,0.2196092087714169,-0.7015926535897621,11.838389873504639
1780780499.1555295,4.0081621818857345,-0.4931028371293432,0.21866371002728402,-0.7015926535897612,11.8588707447052
1780780499.1769762,4.008151455919003,-0.4931119007278423,0.2191350207002696,-0.7015926535897639,11.880317449569702
1780780499.2011888,4.008144509048412,-0.49311777093492454,0.21913619567949907,-0.7015926535897656,11.904530048370361
1780780499.2228737,4.008143619123636,-0.49311852293435393,0.2186925999439475,-0.7015926535897656,11.926214933395386
1780780499.246541,4.008121638819285,-0.49313709661246746,0.21956781695954344,-0.701592653589767,11.94988226890564
1780780499.2708101,4.008122644849068,-0.493136246502613,0.21870502588119786,-0.7015926535897661,11.974151372909546
1780780499.2901213,4.008106394074702,-0.4931499786442293,0.21897283605793846,-0.7015926535897647,11.993462562561035
1780780499.312565,4.0080853640041045,-0.4931677493609479,0.21938938187242418,-0.7015926535897652,12.01590633392334
1780780499.3335373,4.0080825746588475,-0.49317010639841746,0.2184852532710624,-0.7015926535897652,12.03687858581543
1780780499.3570986,4.008055018451961,-0.49319339179559063,0.21920594488443482,-0.7015926535897656,12.060439825057983
1780780499.3815937,4.008035370399448,-0.4932099946868483,0.21918074694258066,-0.7015926535897639,12.084934949874878
1780780499.402796,4.00802559785112,-0.4932182526328776,0.218445924311424,-0.7015926535897639,12.1061372756958
1780780499.426349,4.007990944882901,-0.493247534896994,0.21934992350966911,-0.7015926535897665,12.129690170288086
1780780499.4494162,4.0079708624641865,-0.49326450483403567,0.21904205425541273,-0.7015926535897674,12.152757406234741
1780780499.4746292,4.007953989056031,-0.49327876311029845,0.21849196347831712,-0.7015926535897683,12.17797040939331
1780780499.4968581,4.00791342367161,-0.4933130414524353,0.21948761289354124,-0.7015926535897683,12.200199365615845
1780780499.5178456,4.007894442857691,-0.49332908051733854,0.21883582843457852,-0.7015926535897656,12.221186876296997
1780780499.5422475,4.0078670422168265,-0.4933522344589479,0.21873379255725953,-0.701592653589763,12.245588779449463
1780780499.56427,4.0078254562901625,-0.49338737517418246,0.21947669046996413,-0.7015926535897616,12.267611265182495
1780780499.5900846,4.007806346671168,-0.4934035230812548,0.21859781182969423,-0.7015926535897616,12.293425798416138
1780780499.6135116,4.007765051627624,-0.49343841799600363,0.2192003440047674,-0.7015926535897616,12.316852807998657
1780780499.6355903,4.007733762784834,-0.4934648575250138,0.21892055856301526,-0.7015926535897616,12.338931560516357
1780780499.6566868,4.007702887008572,-0.4934909480067769,0.21861312600019858,-0.7015926535897634,12.36002802848816
1780780499.6773293,4.007652815853619,-0.4935332588638086,0.2195274056599732,-0.7015926535897625,12.380670547485352
1780780499.7007134,4.007628916076539,-0.4935534545244058,0.2185281120500373,-0.7015926535897643,12.404054641723633
1780780499.7237332,4.007587757282581,-0.4935882343062671,0.21867346050888603,-0.7015926535897621,12.427074432373047
1780780499.7442937,4.007535079647395,-0.49363274767715387,0.21951405812668617,-0.7015926535897639,12.447634935379028
1780780499.7672439,4.007509771821846,-0.4936541331592672,0.21840802164048198,-0.7015926535897639,12.470585107803345
1780780499.787802,4.007462795734209,-0.4936938286392275,0.21873980824129716,-0.7015926535897647,12.491143226623535
1780780499.8122182,4.007409266323283,-0.49373906177305005,0.21941912263958507,-0.7015926535897652,12.515559434890747
1780780499.8359067,4.00738039599745,-0.49376345761991874,0.21837474184072772,-0.7015926535897647,12.539247989654541
1780780499.856331,4.007328199686001,-0.4938075642652195,0.2188867221905581,-0.7015926535897639,12.559672355651855
1780780499.879771,4.007277971715181,-0.49385000763394843,0.21912358564238832,-0.7015926535897643,12.583112239837646
1780780499.9000876,4.007241713107712,-0.49388064668667525,0.21844766093581003,-0.7015926535897652,12.603428840637207
1780780499.9255369,4.007182118742584,-0.49393100479535446,0.21930469454009874,-0.7015926535897647,12.628878116607666
1780780499.9489312,4.0071432738640045,-0.4939638292849341,0.2186248448864239,-0.7015926535897647,12.652272462844849
1780780499.9701004,4.007094278698515,-0.4940052309151573,0.2186589109638037,-0.7015926535897634,12.673441648483276
1780780499.9951727,4.007036069159815,-0.49405441882528595,0.21921668708286454,-0.7015926535897639,12.698513984680176
1780780500.0197139,4.006998352147919,-0.4940862902510489,0.21837768588045667,-0.7015926535897643,12.723055124282837
1780780500.039093,4.006937439053858,-0.4941377627049325,0.21911826149789757,-0.7015926535897656,12.74243426322937
1780780500.0617952,4.006891219873923,-0.49417681858683044,0.21870210118698732,-0.701592653589767,12.765136480331421
1780780500.0860074,4.006845941945313,-0.49421507909761525,0.21826752998998222,-0.7015926535897692,12.789348602294922
1780780500.1088836,4.006778545751297,-0.4942720298656192,0.21932035624484922,-0.7015926535897674,12.812224864959717
1780780500.1331208,4.00673727300467,-0.49430690593914833,0.21850778056320208,-0.7015926535897674,12.836462020874023
1780780500.1555228,4.006687993271564,-0.494348548033164,0.2182595612603949,-0.7015926535897683,12.858864068984985
1780780500.1804934,4.006618922602068,-0.4944069137573991,0.2193436113496587,-0.7015926535897679,12.883834600448608
1780780500.2011626,4.006578873774367,-0.4944407556015644,0.21840074032799,-0.7015926535897674,12.90450382232666
1780780500.2252347,4.006526183683656,-0.4944852794975529,0.21833702324608933,-0.701592653589767,12.928575992584229
1780780500.251399,4.006458457251884,-0.4945425093212831,0.21926504649906323,-0.7015926535897665,12.954740285873413
1780780500.2720592,4.006418442814652,-0.4945763221049997,0.21830836975793788,-0.7015926535897652,12.975400447845459
1780780500.2933753,4.006359195997008,-0.49462638653097935,0.21868645043317744,-0.7015926535897652,12.996716499328613
1780780500.3135254,4.006302422964044,-0.4946743605727856,0.21880141814584042,-0.7015926535897634,13.016866683959961
1780780500.3369207,4.006256630129746,-0.4947130561863949,0.21826493901621088,-0.7015926535897639,13.04026198387146
1780780500.358402,4.006189818183058,-0.4947695132568774,0.219131614227262,-0.7015926535897639,13.061743259429932
1780780500.379558,4.006147519658124,-0.4948052561280542,0.21830055898219197,-0.701592653589763,13.082899332046509
1780780500.4055433,4.006091239333424,-0.4948528138241818,0.21847639612452469,-0.7015926535897608,13.108884572982788
1780780500.4256966,4.006029095335726,-0.4949053264096102,0.21899514607992462,-0.7015926535897599,13.129037857055664
1780780500.449046,4.005989784146301,-0.4949385449386624,0.2180270494713127,-0.7015926535897599,13.152387142181396
1780780500.4734344,4.005927313976247,-0.4949913331444942,0.21865727181932657,-0.7015926535897585,13.176775693893433
1780780500.4932437,4.005871345047523,-0.4950386277064742,0.21877605891304036,-0.7015926535897581,13.196584939956665
1780780500.5162659,4.005831070146963,-0.4950726605855083,0.2179506916143028,-0.7015926535897581,13.21960711479187
1780780500.5366848,4.005766914764461,-0.4951268728204636,0.2187659504164725,-0.7015926535897581,13.240025997161865
1780780500.559073,4.005716250850223,-0.495169684567747,0.2186029555433561,-0.7015926535897568,13.26241421699524
1780780500.5811865,4.005674385087651,-0.4952050617484085,0.21796334177949148,-0.7015926535897563,13.284527778625488
1780780500.6044018,4.005609445633049,-0.49525993653573736,0.21891302228785553,-0.7015926535897563,13.307743072509766
1780780500.6280239,4.005566427560708,-0.4952962874349779,0.21835240530052072,-0.7015926535897568,13.33136510848999
1780780500.64905,4.005519525531878,-0.4953359203341618,0.2181624475715737,-0.7015926535897554,13.352391242980957
1780780500.6747677,4.005457952212772,-0.49538795068784847,0.21895705480698038,-0.701592653589755,13.378108978271484
1780780500.6984916,4.005422383134211,-0.49541800707857986,0.21806048830238398,-0.7015926535897554,13.401832818984985
1780780500.7209375,4.005366985155163,-0.4954648191797509,0.2185775556513993,-0.701592653589755,13.424278736114502
1780780500.7436216,4.0053208227109725,-0.49550382711911845,0.21841859999619623,-0.7015926535897554,13.446962833404541
1780780500.768045,4.005280211860855,-0.49553814388043244,0.21802535291935457,-0.7015926535897563,13.471386194229126
1780780500.7868621,4.0052203405888225,-0.49558873597949016,0.21895236736911639,-0.7015926535897568,13.490203380584717
1780780500.811163,4.005188884819222,-0.4956153165640918,0.21799222255872028,-0.701592653589759,13.514504194259644
1780780500.8314722,4.005143533011051,-0.49565363950418573,0.21805221510678086,-0.7015926535897585,13.534813404083252
1780780500.8549044,4.005086025332064,-0.49570223433260746,0.21896181559454267,-0.7015926535897599,13.558245658874512
1780780500.8797088,4.005059644478518,-0.4957245265390437,0.21785491075551855,-0.7015926535897603,13.583050012588501
1780780500.9024048,4.005014128563061,-0.4957629881521912,0.21810278221653842,-0.7015926535897608,13.605746030807495
1780780500.9261246,4.004961167240485,-0.4958077412430622,0.2188798113167503,-0.7015926535897608,13.629465818405151
1780780500.9476993,4.0049373267248685,-0.49582788682685636,0.21780848719050191,-0.7015926535897572,13.65104055404663
1780780500.9746892,4.0048921711389704,-0.4958660439562632,0.2182385997928024,-0.7015926535897581,13.678030490875244
1780780500.9987044,4.0048477645038325,-0.4959035682113422,0.21861520151621566,-0.7015926535897603,13.702045679092407
1780780501.0220873,4.004822781407328,-0.49592467929266837,0.21785907917796005,-0.7015926535897616,13.725428581237793
1780780501.0464253,4.004775132038327,-0.49596494370521,0.21867854060166647,-0.7015926535897608,13.74976658821106
1780780501.0680356,4.004748655699736,-0.49598731659790485,0.21808434265856425,-0.7015926535897625,13.771376848220825
1780780501.0893013,4.004716166112463,-0.49601477077353556,0.2180389558465272,-0.7015926535897608,13.792642593383789
1780780501.1114943,4.004673551660875,-0.496050780607346,0.2186840488852051,-0.7015926535897612,13.814835548400879
1780780501.1317718,4.0046555597036395,-0.4960659840739126,0.217807976282753,-0.7015926535897612,13.835113048553467
1780780501.1552074,4.004616044850218,-0.49609937470201354,0.21847161448327407,-0.7015926535897608,13.858548641204834
1780780501.1757357,4.004590163768391,-0.49612124459404994,0.21819794063582512,-0.701592653589759,13.879076957702637
1780780501.1993177,4.004570339756461,-0.49613799617358145,0.2176850356295752,-0.7015926535897585,13.902658939361572
1780780501.2212808,4.004528561886492,-0.49617329908371127,0.2187173082747281,-0.7015926535897599,13.924622058868408
1780780501.2425296,4.004513320018977,-0.49618617868431014,0.21800714916384034,-0.7015926535897585,13.945870876312256
1780780501.2662692,4.00449430514603,-0.49620224652958905,0.21768143469718243,-0.7015926535897599,13.969610452651978
1780780501.2873812,4.004455256499626,-0.4962352432059574,0.21877378700618497,-0.7015926535897594,13.990722417831421
1780780501.3116295,4.004446474321609,-0.49624266427461167,0.21790712813574525,-0.7015926535897572,14.014970779418945
1780780501.3331556,4.004428611020281,-0.4962577590250568,0.21776739615704832,-0.701592653589759,14.036496877670288
1780780501.3537118,4.004394933773513,-0.4962862167903008,0.2187461998861951,-0.7015926535897608,14.057053089141846
1780780501.3766818,4.004391494851448,-0.4962891227296592,0.21781212952151527,-0.7015926535897621,14.080023050308228
1780780501.3983195,4.004371231214385,-0.49630624579884863,0.21811677466891635,-0.7015926535897612,14.10166072845459
1780780501.421787,4.0043517217518145,-0.4963227315795812,0.21836554228455346,-0.7015926535897599,14.125128269195557
1780780501.445036,4.00434814337107,-0.49632575536356144,0.21775643780861836,-0.7015926535897599,14.148377180099487
1780780501.4670486,4.0043232507893265,-0.4963467899585948,0.21862081911083214,-0.7015926535897608,14.170389890670776
1780780501.4902408,4.004323561313636,-0.4963465275610191,0.2178552913580756,-0.7015926535897612,14.19358205795288
1780780501.5143862,4.004312960180957,-0.4963554856729219,0.21795899199990973,-0.7015926535897608,14.217727422714233
1780780501.5332055,4.004294935687089,-0.4963707166334157,0.21858613645425143,-0.7015926535897612,14.236546754837036
1780780501.5566895,4.0043033871821745,-0.49636357499666783,0.21758762991155153,-0.7015926535897612,14.260030746459961
1780780501.5767698,4.004289885352296,-0.49637498424005716,0.21814675594628696,-0.7015926535897616,14.280111074447632
1780780501.6021,4.004280754202184,-0.4963827001952266,0.21842913157678157,-0.7015926535897612,14.30544114112854
1780780501.6249683,4.004292045288715,-0.49637315906224566,0.2175328136254826,-0.7015926535897608,14.328309535980225
1780780501.646123,4.004279917552039,-0.4963834071768164,0.21827835598387704,-0.7015926535897612,14.349464178085327
1780780501.6696131,4.004279047691484,-0.496384142221688,0.21827956934603124,-0.7015926535897603,14.372954368591309
1780780501.6901848,4.004291759531931,-0.49637340053090284,0.21756970727097677,-0.701592653589759,14.393526077270508
1780780501.7116294,4.004281292452169,-0.4963822453661319,0.21847873585988445,-0.701592653589759,14.414970636367798
1780780501.735723,4.004291295493904,-0.4963737926498106,0.21804186917841928,-0.7015926535897581,14.439064264297485
1780780501.756075,4.004301197166606,-0.4963654255918018,0.21778280490843896,-0.7015926535897576,14.459416151046753
1780780501.7792475,4.004295061374676,-0.49637061042557307,0.2186341490672472,-0.7015926535897581,14.482588768005371
1780780501.800024,4.004316531571564,-0.49635246779571207,0.21775197348644384,-0.701592653589759,14.503365278244019
1780780501.830555,4.004319820948819,-0.49634968822390196,0.21820172462266926,-0.7015926535897572,14.533896207809448
1780780501.8532019,4.004329945184779,-0.4963411330966899,0.21818174585890623,-0.7015926535897554,14.556543111801147
1780780501.874373,4.004349494487492,-0.49632461365045494,0.2177205274658953,-0.7015926535897554,14.577714204788208
1780780501.8971374,4.0043487089328575,-0.4963252774555913,0.21866420975605966,-0.7015926535897559,14.600478649139404
1780780501.9182174,4.004376214018809,-0.49630203525635735,0.21777401414536263,-0.7015926535897563,14.621558666229248
1780780501.9397023,4.0043922140337225,-0.4962885150101375,0.21776546296894916,-0.7015926535897559,14.643043518066406
1780780501.963076,4.004394236684951,-0.49628680584031526,0.21874701912273886,-0.701592653589755,14.666417360305786
1780780501.9880626,4.004428582483934,-0.49625778313868585,0.21766891975839187,-0.7015926535897528,14.691403865814209
1780780502.01092,4.004445348163383,-0.4962436158947523,0.21784855979996107,-0.7015926535897536,14.714261293411255
1780780502.0312407,4.004452398139505,-0.4962376585619907,0.21872519764688983,-0.7015926535897563,14.73458194732666
1780780502.0558896,4.004490354128628,-0.49620558519698205,0.21765545403952188,-0.7015926535897568,14.759230852127075
1780780502.0797362,4.004507998020659,-0.4961906758505946,0.21801828843791657,-0.7015926535897576,14.783077478408813
1780780502.1009836,4.004523513093973,-0.49617756538710633,0.2185354904585753,-0.701592653589759,14.804324865341187
1780780502.1238964,4.0045613293891735,-0.4961456100655006,0.2177266372536296,-0.7015926535897594,14.827237606048584
1780780502.1440103,4.004576296246016,-0.49613296285293546,0.21850861876211114,-0.7015926535897576,14.847351551055908
1780780502.1668432,4.00461002109904,-0.49610446485970683,0.2180269182178768,-0.7015926535897554,14.870184421539307
1780780502.1916666,4.004640433353332,-0.496078766060777,0.21791498199557774,-0.701592653589755,14.895007848739624
1780780502.2117176,4.004658338152248,-0.4960636362442628,0.21864654204716966,-0.7015926535897554,14.915058851242065
1780780502.233611,4.0047020385213505,-0.49602670879429467,0.21775904886057054,-0.7015926535897545,14.936952352523804
1780780502.257764,4.004724767834111,-0.49600750219313866,0.218357475527501,-0.7015926535897545,14.961105346679688
1780780502.2767992,4.004757664800582,-0.49597970377613676,0.21823776943290688,-0.7015926535897559,14.980140447616577
1780780502.2993164,4.0047996640417916,-0.49594421380407766,0.2176573843580631,-0.7015926535897563,15.002657651901245
1780780502.3189116,4.004818705448836,-0.4959281235370987,0.21866606744117087,-0.7015926535897568,15.022252798080444
1780780502.343117,4.0048614436504355,-0.49589200913271875,0.2180817585111671,-0.7015926535897576,15.04645824432373
1780780502.3678539,4.004903005507142,-0.4958568887569516,0.21768790093940596,-0.7015926535897572,15.071195125579834
1780780502.3883972,4.004923041335396,-0.49583995818953047,0.21878402257455803,-0.7015926535897581,15.09173846244812
1780780502.4141686,4.0049711716006975,-0.495799287412593,0.2180153425246105,-0.7015926535897581,15.117509841918945
1780780502.435979,4.005012262642226,-0.49576456488252524,0.21780733058143772,-0.7015926535897563,15.139320135116577
1780780502.461178,4.005035369393081,-0.4957450393406685,0.21883080708693073,-0.7015926535897568,15.164519309997559
1780780502.487635,4.00508778977953,-0.4957007433487218,0.21793944030550041,-0.701592653589755,15.1909761428833
1780780502.5090537,4.005124486999092,-0.49566973366237094,0.21817680838063086,-0.7015926535897541,15.212394952774048
1780780502.5307853,4.005158291052356,-0.4956411687437854,0.21856526686440172,-0.701592653589755,15.234126567840576
1780780502.5513694,4.005209981384346,-0.495597489658516,0.2178885642221324,-0.7015926535897541,15.254710674285889
1780780502.5786715,4.005239087477439,-0.495572894584869,0.21874198277327864,-0.7015926535897545,15.282012701034546
1780780502.6038022,4.005290749963381,-0.4955292390299148,0.21805968561294548,-0.7015926535897532,15.307143449783325
1780780502.626375,4.005333074892444,-0.4954934738468628,0.21809499329305257,-0.7015926535897532,15.329716205596924
1780780502.6488318,4.005364778843197,-0.4954666835455613,0.21882053820111408,-0.7015926535897519,15.352173089981079
1780780502.6692333,4.005423236021732,-0.49541728637615823,0.21780781615866554,-0.701592653589751,15.3725745677948
1780780502.6929915,4.0054598353799875,-0.49538635938403736,0.218298200485162,-0.7015926535897501,15.396332740783691
1780780502.716662,4.005496660325646,-0.4953552417672682,0.2187327111424129,-0.7015926535897505,15.420003175735474
1780780502.7376506,4.005555488839192,-0.4953055308143594,0.21778014956917166,-0.7015926535897514,15.440991878509521
1780780502.760167,4.00559032820265,-0.49527609104354303,0.21845677910658198,-0.7015926535897528,15.463508129119873
1780780502.7807996,4.005631755126293,-0.4952410846881847,0.21862265955068097,-0.7015926535897505,15.484140872955322
1780780502.8027806,4.005688996183525,-0.49519271515903884,0.2178420857319758,-0.7015926535897492,15.50612187385559
1780780502.826366,4.0057221023961205,-0.4951647399260083,0.21869603369082607,-0.7015926535897501,15.529707193374634
1780780502.8460388,4.005771086165715,-0.4951233479254821,0.218395020667099,-0.7015926535897514,15.54938006401062
1780780502.8695393,4.005822005108251,-0.49508032067556385,0.21806471455037268,-0.7015926535897523,15.572880506515503
1780780502.8904104,4.00585433094108,-0.4950530048748296,0.2189569048651989,-0.7015926535897523,15.593751668930054
1780780502.9129531,4.005912600147751,-0.4950037665443944,0.21809944040102242,-0.7015926535897541,15.616294384002686
1780780502.9359643,4.005953133292699,-0.4949695154450834,0.2184781719870214,-0.7015926535897545,15.639305591583252
1780780502.956037,4.005996148643339,-0.4949331668457181,0.21859322708636134,-0.7015926535897563,15.659378290176392
1780780502.981094,4.00605013534579,-0.494887547293879,0.21805931353702246,-0.701592653589755,15.68443512916565
1780780503.0067415,4.006081886835579,-0.4948607168213988,0.21900126662815186,-0.701592653589751,15.710082769393921
1780780503.0252504,4.006138692527459,-0.49481271518233216,0.21818901909832328,-0.7015926535897501,15.728591680526733
1780780503.046943,4.006185165544391,-0.4947734448044662,0.2181060441225498,-0.7015926535897523,15.750284194946289
1780780503.0683107,4.00621475265863,-0.49474844326092926,0.21914010954266538,-0.7015926535897528,15.771651983261108
1780780503.0916228,4.0062747079380365,-0.4946977801744152,0.21809761415722698,-0.7015926535897501,15.794964075088501
1780780503.1140695,4.006317702158905,-0.4946614494300152,0.2182019971980998,-0.7015926535897488,15.817410707473755
1780780503.1350281,4.006347582139786,-0.4946362004098907,0.21915759289989298,-0.7015926535897492,15.838369369506836
1780780503.158516,4.006407162164101,-0.4945858544194101,0.21809499568577723,-0.7015926535897492,15.861857175827026
1780780503.1796913,4.006446662214756,-0.4945524762998618,0.2183822023014995,-0.7015926535897479,15.88303256034851
1780780503.2017322,4.006479919402141,-0.4945243734909291,0.21901794724385423,-0.7015926535897479,15.905073404312134
1780780503.2238207,4.0065357265022685,-0.4944772156764725,0.2181605485668125,-0.7015926535897483,15.927161931991577
1780780503.244606,4.00656811775202,-0.494449844597484,0.2188817548712373,-0.701592653589747,15.947947263717651
1780780503.2657678,4.0066144944714965,-0.4944106555923726,0.21851603381457926,-0.701592653589747,15.969109058380127
1780780503.2856448,4.006659115046902,-0.49437295055464386,0.21832681533099405,-0.701592653589747,15.988986015319824
1780780503.307781,4.00668808464398,-0.49434847082212313,0.21912037841780752,-0.7015926535897479,16.011122226715088
1780780503.3298163,4.006741582488932,-0.4943032643620104,0.21822346612711035,-0.7015926535897465,16.03315758705139
1780780503.3514352,4.0067741242076895,-0.49427576613451396,0.21874472864737274,-0.701592653589747,16.054776430130005
1780780503.3743353,4.006811965637232,-0.4942437895740221,0.2187670607334069,-0.7015926535897461,16.07767653465271
1780780503.3944092,4.006860447563548,-0.4942028216383936,0.21810666375383758,-0.7015926535897492,16.097750425338745
1780780503.418253,4.006884602624623,-0.4941824102590927,0.21906549433585604,-0.7015926535897479,16.121594190597534
1780780503.4413478,4.006927630391201,-0.49414605116807825,0.21860778545347642,-0.7015926535897488,16.144689083099365
1780780503.465323,4.006971180820285,-0.4941092504196157,0.21813256133324055,-0.7015926535897514,16.16866421699524
1780780503.488697,4.006991416057654,-0.4940921513485822,0.21920559585657887,-0.7015926535897519,16.1920382976532
1780780503.513457,4.007035647028738,-0.49405477553219435,0.21853498641801855,-0.701592653589751,16.216798305511475
1780780503.538376,4.00707426261587,-0.4940221447972361,0.21824487119158714,-0.7015926535897501,16.24171733856201
1780780503.5621724,4.0070924728947634,-0.49400675684567974,0.2192855908463893,-0.7015926535897514,16.26551365852356
1780780503.5840175,4.00713728258335,-0.49396889200455046,0.21843635363743413,-0.7015926535897519,16.28735876083374
1780780503.6060872,4.007167167940772,-0.4939436384411694,0.21859191859413518,-0.7015926535897523,16.309428453445435
1780780503.6265357,4.007190140162216,-0.493924226578629,0.21909205290876954,-0.7015926535897514,16.32987689971924
1780780503.650322,4.007231489776704,-0.49388928555063616,0.21834642606385943,-0.701592653589751,16.353663206100464
1780780503.6736805,4.007249173899714,-0.49387434220848286,0.21916012293504367,-0.7015926535897496,16.37702178955078
1780780503.6943796,4.00728550393812,-0.49384364279556864,0.21855945612019476,-0.7015926535897501,16.39772081375122
1780780503.715827,4.007313832412293,-0.49381970482126436,0.21851072298293406,-0.7015926535897505,16.41916823387146
1780780503.7388515,4.007328308950739,-0.49380747193490276,0.21930545438667629,-0.7015926535897505,16.442192792892456
1780780503.7603376,4.007368598709051,-0.49377342650085043,0.21827627960456072,-0.7015926535897488,16.46367883682251
1780780503.784513,4.00738724341265,-0.4937576714540765,0.21868168807043578,-0.7015926535897488,16.48785424232483
1780780503.808527,4.007401945196266,-0.49374524823225757,0.21923883397357682,-0.7015926535897501,16.511868238449097
1780780503.8318524,4.007439250236227,-0.49371372492879395,0.2182274728338636,-0.7015926535897492,16.53519368171692
1780780503.8557854,4.007452255927644,-0.49370273492964933,0.21881869777668134,-0.7015926535897474,16.559126615524292
1780780503.8760202,4.0074672602563695,-0.49369005605279503,0.21913328901087983,-0.7015926535897461,16.57936143875122
1780780503.8979506,4.00749963196625,-0.4936627014852809,0.21826583315559378,-0.7015926535897457,16.60129189491272
1780780503.9184866,4.0075071999356595,-0.4936563064406294,0.21903465175768272,-0.7015926535897465,16.621827840805054
1780780503.940424,4.00752604753269,-0.4936403799459413,0.21886728290911053,-0.701592653589747,16.643765211105347
1780780503.9661305,4.007548809138132,-0.4936211460569973,0.21844965225282695,-0.7015926535897474,16.669471740722656
1780780503.9890897,4.007550885174945,-0.4936193917755773,0.21935297377987156,-0.7015926535897492,16.69243097305298
1780780504.0115066,4.007576884459493,-0.49359742200051476,0.21851797075968757,-0.7015926535897501,16.714847803115845
1780780504.0322292,4.007586083883363,-0.49358964835302155,0.21880950436673555,-0.7015926535897501,16.735570430755615
1780780504.0542696,4.00759367557307,-0.4935832332643714,0.21904382568446606,-0.7015926535897496,16.75761079788208
1780780504.0765593,4.007614081303354,-0.49356599012433666,0.21842140226830825,-0.7015926535897496,16.779900550842285
1780780504.0970616,4.007610889475585,-0.49356868726540565,0.21933192305440155,-0.7015926535897479,16.800402879714966
1780780504.1200538,4.007629563597179,-0.4935529073599952,0.21859564347692628,-0.7015926535897474,16.823395013809204
1780780504.1402357,4.007639672238262,-0.49354436541068436,0.21842231197386106,-0.7015926535897452,16.843576908111572
1780780504.1640413,4.007630724297453,-0.4935519265513198,0.21947928499546185,-0.7015926535897461,16.867382526397705
1780780504.188283,4.00765040737198,-0.4935352940659482,0.21847053606090563,-0.7015926535897457,16.891624212265015
1780780504.2084467,4.007654467702856,-0.49353186302707247,0.2184838358338703,-0.7015926535897452,16.91178798675537
1780780504.2313266,4.0076428716924655,-0.49354166182516834,0.219489108570633,-0.7015926535897465,16.934667825698853
1780780504.2513978,4.007660177163435,-0.4935270384495211,0.21843216236925464,-0.701592653589747,16.954739093780518
1780780504.276752,4.007658493040627,-0.4935284615578829,0.21862834997295927,-0.7015926535897448,16.980093240737915
1780780504.2982686,4.007647406294381,-0.4935378300203392,0.2193541012412673,-0.7015926535897479,17.001609802246094
1780780504.3186805,4.007659655275819,-0.4935274794521739,0.21844726650896465,-0.7015926535897465,17.022021770477295
1780780504.341366,4.0076488084137,-0.49353664520904084,0.21907923299445237,-0.7015926535897448,17.04470729827881
1780780504.3626587,4.007648268696047,-0.49353710127833667,0.21882922338248384,-0.7015926535897443,17.06599998474121
1780780504.384219,4.007648449845266,-0.4935369482046031,0.21854879399601412,-0.7015926535897465,17.087560176849365
1780780504.4059515,4.007630862849925,-0.4935518094724569,0.2193769372586735,-0.7015926535897465,17.10929274559021
1780780504.426265,4.007637426542187,-0.4935462630566578,0.21847111174935702,-0.701592653589747,17.129606246948242
1780780504.4500122,4.0076241135532396,-0.4935575127267039,0.21890168788928852,-0.7015926535897465,17.153353452682495
1780780504.474898,4.007612387758985,-0.4935674211940586,0.2190533168365054,-0.701592653589747,17.178239345550537
1780780504.4978416,4.007614120667136,-0.49356595686136656,0.2183004205823399,-0.701592653589747,17.20118284225464
1780780504.5214248,4.0075912273718375,-0.4935853020301618,0.2191827274736553,-0.7015926535897452,17.22476601600647
1780780504.5422413,4.007583477868082,-0.49359185047398535,0.21885319180291077,-0.7015926535897452,17.245582580566406
1780780504.56566,4.007579381898301,-0.49359531162825626,0.21828459463860447,-0.7015926535897443,17.269001245498657
1780780504.5893006,4.007551323442962,-0.49361902143270203,0.21930846427180792,-0.7015926535897452,17.29264187812805
1780780504.6108887,4.007544511775664,-0.4936247773910271,0.2187381910957266,-0.7015926535897452,17.31422996520996
1780780504.633882,4.007534919698213,-0.49363288283652945,0.21835458664553428,-0.7015926535897461,17.337223291397095
1780780504.6560888,4.007503742385027,-0.4936592281213963,0.21938736094383077,-0.701592653589747,17.359430074691772
1780780504.6782167,4.00749796212716,-0.49366411252369313,0.2185834092830845,-0.701592653589747,17.381557941436768
1780780504.7024596,4.007479385788332,-0.49367980980123816,0.21864650148360557,-0.7015926535897452,17.405800819396973
1780780504.7229729,4.007451422764736,-0.49370343896446817,0.21923452413080358,-0.7015926535897479,17.426314115524292
1780780504.748951,4.007443776927071,-0.4937098998089344,0.21842413792351092,-0.7015926535897465,17.4522922039032
1780780504.768878,4.007412798481085,-0.49373607704811295,0.21917475740253717,-0.7015926535897457,17.472219228744507
1780780504.7915626,4.007398111991878,-0.4937484873459323,0.21866075509012367,-0.701592653589747,17.494903802871704
1780780504.8170786,4.0073783187083185,-0.4937652129595438,0.21851938014725306,-0.7015926535897465,17.52041983604431
1780780504.8408244,4.007342922903012,-0.493795122931846,0.21936127463348376,-0.7015926535897439,17.54416561126709
1780780504.8640807,4.0073341806815925,-0.4938025102365914,0.21832194890632756,-0.7015926535897465,17.567421913146973
1780780504.884888,4.007305316195992,-0.4938269011483792,0.21863456826447128,-0.7015926535897479,17.588229179382324
1780780504.9076548,4.007270083980707,-0.4938566728847276,0.21929354366427922,-0.701592653589747,17.61099600791931
1780780504.9317427,4.0072598470073775,-0.4938653232766628,0.21823067834551016,-0.7015926535897505,17.6350839138031
1780780504.9519184,4.007226269532794,-0.49389369673295663,0.2187295048487757,-0.7015926535897501,17.655259609222412
1780780504.97546,4.0071920155767,-0.49392264182600326,0.2191730689988677,-0.7015926535897492,17.67880129814148
1780780504.9963126,4.007178422413961,-0.4939341282469934,0.2182268690113428,-0.7015926535897488,17.69965386390686
1780780505.0229077,4.007140623143263,-0.4939660691826465,0.21890435805293001,-0.7015926535897488,17.72624897956848
1780780505.0473993,4.007111477479871,-0.4939906976937726,0.21886565306594966,-0.7015926535897492,17.75074052810669
1780780505.0699158,4.007090058855869,-0.4940087967437899,0.2183559878777448,-0.7015926535897492,17.77325701713562
1780780505.0938487,4.007047224340001,-0.49404499253513084,0.21925183349622124,-0.7015926535897483,17.797189950942993
1780780505.1139905,4.007028255129914,-0.4940610217946263,0.21844914681879946,-0.7015926535897474,17.817331790924072
1780780505.1378102,4.006994905589119,-0.49408920264353967,0.21864941502403779,-0.7015926535897496,17.841151475906372
1780780505.1602197,4.0069577011317605,-0.494120640953236,0.21899963202320924,-0.7015926535897505,17.863560914993286
1780780505.1810272,4.006936880709423,-0.4941382345141119,0.2182860227082167,-0.7015926535897488,17.884368419647217
1780780505.2043817,4.006892565953778,-0.49417568112967875,0.2191484693849445,-0.7015926535897496,17.90772294998169
1780780505.2286777,4.006868835566829,-0.49419573365314196,0.21850007463246518,-0.7015926535897496,17.932018995285034
1780780505.2483437,4.006840012919734,-0.49422008921078137,0.21823471642145245,-0.701592653589751,17.951684951782227
1780780505.2727714,4.006791341977689,-0.4942612168674621,0.2192992041017582,-0.7015926535897505,17.976112604141235
1780780505.2928364,4.006771677613067,-0.4942778335426903,0.21833744757791115,-0.7015926535897514,17.996177673339844
1780780505.3146305,4.006739210241943,-0.49430526894535043,0.21825905476659693,-0.7015926535897501,18.017971754074097
1780780505.3392518,4.006689988236237,-0.4943468622588684,0.21929980214635872,-0.7015926535897514,18.042593002319336
1780780505.3610358,4.006670981297488,-0.49436292339963406,0.21826287024489133,-0.7015926535897505,18.064377069473267
1780780505.3850555,4.006635338820119,-0.494393041813433,0.2183682741489719,-0.7015926535897483,18.088396787643433
1780780505.4062676,4.006588807868411,-0.4944323611470331,0.2191709172847523,-0.7015926535897496,18.1096088886261
1780780505.4316912,4.006568348206522,-0.49444964986006273,0.21822981759338017,-0.7015926535897501,18.135032415390015
1780780505.4552014,4.006526322360546,-0.4944851623135365,0.21877349106963123,-0.701592653589751,18.15854263305664
1780780505.4790304,4.006492761141146,-0.4945135220339637,0.21864127056403113,-0.7015926535897501,18.182371616363525
1780780505.503589,4.0064640004418335,-0.49453782524482176,0.2182718602974345,-0.7015926535897505,18.20693016052246
1780780505.5242753,4.00641672552379,-0.4945777732408359,0.21912301412003632,-0.7015926535897505,18.227616548538208
1780780505.5470982,4.006395067292049,-0.49459607476289175,0.21822512473996142,-0.7015926535897488,18.250439405441284
1780780505.5699208,4.006355756134923,-0.4946292932646518,0.2185677549491243,-0.7015926535897483,18.27326202392578
1780780505.5907981,4.00631610350266,-0.4946628003178882,0.2188522429362729,-0.7015926535897465,18.29413938522339
1780780505.612968,4.006294294298286,-0.49468122941402337,0.21801113294144406,-0.701592653589747,18.316309213638306
1780780505.6331856,4.006248587603145,-0.4947198522387877,0.21880704456743663,-0.7015926535897483,18.33652687072754
1780780505.6558352,4.006216044890182,-0.494747351306402,0.2186243244854153,-0.7015926535897474,18.35917639732361
1780780505.6778455,4.0061919131587125,-0.49476774297184295,0.21796778420452584,-0.7015926535897465,18.381186723709106
1780780505.6990209,4.00614414960821,-0.4948081038694206,0.21893381765828704,-0.7015926535897492,18.40236210823059
1780780505.722339,4.006116339703244,-0.4948316036451741,0.21848365639068135,-0.7015926535897488,18.42568016052246
1780780505.7426927,4.006090141360042,-0.4948537416277051,0.2180129043387243,-0.7015926535897496,18.44603395462036
1780780505.7666867,4.006042139548463,-0.4948943038593698,0.21903005715313734,-0.7015926535897505,18.470027923583984
1780780505.7879484,4.0060198176328825,-0.49491316620396103,0.21829208576393255,-0.701592653589751,18.491289615631104
1780780505.80834,4.00598804043682,-0.49494001839861707,0.21826954255824907,-0.7015926535897501,18.51168131828308
1780780505.8334043,4.0059455341738905,-0.4949759368114335,0.21893879105407613,-0.7015926535897501,18.53674554824829
1780780505.8537683,4.005926619863902,-0.4949919196795443,0.218084991574181,-0.7015926535897528,18.557109594345093
1780780505.8796701,4.0058857773000245,-0.4950264322423689,0.21876609127642033,-0.7015926535897528,18.583011388778687
1780780505.90543,4.0058598102199765,-0.49504837480415886,0.21836042068476474,-0.7015926535897501,18.608771324157715
1780780505.9270453,4.005832935955938,-0.4950710839496664,0.21813445798894593,-0.7015926535897496,18.63038659095764
1780780505.950827,4.005789572206296,-0.4951077269512755,0.21901784496009696,-0.701592653589751,18.654168128967285
1780780505.9747293,4.00577489390451,-0.4951201303306039,0.21799093255861265,-0.7015926535897523,18.678070545196533
1780780505.9986095,4.005742419749057,-0.4951475714661224,0.21821929866067558,-0.7015926535897536,18.701950788497925
1780780506.0215971,4.00570208804794,-0.4951816523424556,0.21897539196340834,-0.7015926535897519,18.72493839263916
1780780506.042217,4.005690198867338,-0.49519169887366027,0.2178844041797527,-0.7015926535897528,18.745558261871338
1780780506.072406,4.0056565676609095,-0.4952201177341452,0.21830012849717684,-0.7015926535897545,18.775747299194336
1780780506.0972655,4.0056204988727275,-0.4952505963868056,0.21886894311911145,-0.701592653589755,18.800606727600098
1780780506.1167357,4.0056092357096755,-0.49526011392404085,0.21786816034660295,-0.7015926535897545,18.820076942443848
1780780506.140324,4.005574901420284,-0.49528912689989707,0.21846433311175684,-0.7015926535897554,18.84366536140442
1780780506.1624966,4.0055473284272916,-0.49531242648157603,0.21856508509176792,-0.7015926535897572,18.865837812423706
1780780506.184497,4.005532206803964,-0.4953252044740801,0.21797449499289923,-0.7015926535897594,18.88783836364746
1780780506.2064652,4.00549539926438,-0.49535630738246184,0.21885998465897158,-0.7015926535897599,18.909806489944458
1780780506.2263036,4.005482896955423,-0.4953668720160806,0.2181147127231217,-0.7015926535897594,18.92964482307434
1780780506.249369,4.0054590440246445,-0.4953870280908674,0.2182348843626119,-0.701592653589759,18.952710151672363
1780780506.2695575,4.005429632751278,-0.4954118810462999,0.2186987687839944,-0.7015926535897599,18.972898721694946
1780780506.292987,4.005420544056592,-0.49541956112601504,0.21791933965982244,-0.7015926535897594,18.996328353881836
1780780506.3167892,4.005388585484406,-0.4954465665861428,0.2187313445552636,-0.7015926535897603,19.020130395889282
1780780506.3370023,4.005376045870353,-0.4954571627431098,0.21819634067858246,-0.7015926535897603,19.040343523025513
1780780506.3594694,4.005362459324313,-0.4954686435728923,0.21785077081255202,-0.7015926535897585,19.06281065940857
1780780506.379972,4.005328477570723,-0.49549735865085054,0.2189206526880154,-0.701592653589759,19.08331322669983
1780780506.4067826,4.005323962402132,-0.49550117403423644,0.2180316747143526,-0.7015926535897599,19.110123872756958
1780780506.4293628,4.005309818738513,-0.4955131256365082,0.2178735806720544,-0.7015926535897585,19.13270401954651
1780780506.4536226,4.005277990843054,-0.4955400206728951,0.21894805272828793,-0.701592653589759,19.15696382522583
1780780506.476054,4.0052776300993465,-0.495540325506596,0.21795722195593614,-0.7015926535897603,19.17939519882202
1780780506.4958808,4.005263247320103,-0.49555247916506173,0.21798413264176822,-0.7015926535897585,19.199222087860107
1780780506.52192,4.005236527044084,-0.4955750581884456,0.21886241916565674,-0.7015926535897581,19.225261211395264
1780780506.5484767,4.005238391871283,-0.49557348238223314,0.217913457071668,-0.7015926535897581,19.25181794166565
1780780506.5698195,4.005220297334073,-0.49558877253037703,0.21838122207018593,-0.7015926535897585,19.273160696029663
1780780506.5936553,4.005208652394534,-0.495598612674319,0.21837962860767549,-0.7015926535897572,19.296996593475342
1780780506.6139572,4.005205936630486,-0.4956009075345906,0.21793410544626018,-0.7015926535897559,19.317298412322998
1780780506.6385202,4.0051838311406165,-0.49561958699629655,0.21880728764067012,-0.7015926535897568,19.341861486434937
1780780506.6625469,4.005188235516919,-0.4956158652340121,0.21794389086980717,-0.7015926535897554,19.365888118743896
1780780506.6851163,4.005177231824157,-0.4956251635150624,0.21821114225135477,-0.701592653589755,19.388457536697388
1780780506.7089498,4.00516371003426,-0.49563658962495816,0.2186276002520136,-0.7015926535897568,19.412291049957275
1780780506.7335331,4.005171776187611,-0.4956297736076008,0.2177246381040517,-0.7015926535897563,19.436874389648438
1780780506.7524333,4.005156521749807,-0.4956426638302769,0.21844624718919445,-0.7015926535897563,19.455774545669556
1780780506.7758532,4.005151905682184,-0.49564656447481964,0.21842285126923816,-0.7015926535897581,19.479194402694702
1780780506.7971742,4.005160106259955,-0.49563963486686635,0.21769077401213718,-0.7015926535897581,19.500515460968018
1780780506.8211482,4.005144807973947,-0.49565256214191483,0.21859724605031514,-0.7015926535897563,19.524489402770996
1780780506.84318,4.005147007701768,-0.49565070333978767,0.21829293469394848,-0.7015926535897568,19.546521186828613
1780780506.865362,4.005155041981227,-0.4956439142563356,0.21774711887070053,-0.7015926535897572,19.568703174591064
1780780506.887994,4.0051406727218914,-0.49565605649028194,0.21874683777849496,-0.7015926535897576,19.59133529663086
1780780506.9083238,4.005151044646065,-0.4956472920629138,0.21810041596576477,-0.7015926535897572,19.61166501045227
1780780506.9328306,4.005154970590213,-0.495643974582785,0.21800402297334034,-0.7015926535897585,19.63617181777954
1780780506.956318,4.00514633460203,-0.495651272118894,0.21875264378410977,-0.701592653589759,19.659659147262573
1780780506.977137,4.00516330523969,-0.49563693168228096,0.21788077632114153,-0.7015926535897603,19.68047833442688
1780780507.0004797,4.005159438615064,-0.495640199036547,0.21849020130231395,-0.7015926535897612,19.703820943832397
1780780507.0205538,4.005167962105963,-0.4956329965622851,0.21821814569068568,-0.7015926535897612,19.72389507293701
1780780507.0465908,4.00517911050364,-0.4956235760034683,0.21791901579086254,-0.7015926535897616,19.749932050704956
1780780507.070863,4.0051722847001745,-0.4956293439070606,0.2188415275272973,-0.7015926535897608,19.77420425415039
1780780507.0937998,4.0051946041469355,-0.49561048364865834,0.21785177253117666,-0.7015926535897608,19.797141075134277
1780780507.1176858,4.005200977317123,-0.49560509822679655,0.21800661164071844,-0.7015926535897585,19.821027040481567
1780780507.1383438,4.005197291821013,-0.4956082125248205,0.21885684137808176,-0.7015926535897585,19.8416850566864
1780780507.1651118,4.0052238353767535,-0.49558578283265436,0.21776172046653286,-0.7015926535897585,19.86845302581787
1780780507.187252,4.005229738057398,-0.4955807949813235,0.21810425004671055,-0.7015926535897581,19.89059329032898
1780780507.2084942,4.005230590118793,-0.49558007497700574,0.21879459128062076,-0.7015926535897585,19.911835432052612
1780780507.2305539,4.005258677541425,-0.4955563406947735,0.2177623820340571,-0.7015926535897594,19.933895111083984
1780780507.2508354,4.00526429954886,-0.49555159001640325,0.21828634273082403,-0.7015926535897576,19.954176664352417
1780780507.2724688,4.0052735059386295,-0.4955438104826241,0.2185356785328307,-0.7015926535897572,19.975810050964355
1780780507.296526,4.005298735355223,-0.4955224912572244,0.21787303424225343,-0.7015926535897563,19.99986720085144
1780780507.3172202,4.005301367853718,-0.49552026675755906,0.2187431784388698,-0.7015926535897532,20.020561456680298
1780780507.3388338,4.005326788981093,-0.49549878553375093,0.21807734803697476,-0.7015926535897523,20.04217505455017
1780780507.3589177,4.005343156392285,-0.4954849548323089,0.218125586156986,-0.7015926535897554,20.06225895881653
1780780507.3818715,4.005351329507029,-0.49547804843101306,0.21869768896050926,-0.7015926535897554,20.08521270751953
1780780507.4032953,4.0053818597584465,-0.4954522499227878,0.21787383943331168,-0.701592653589755,20.10663652420044
1780780507.4235141,4.005389765859348,-0.49544556915208937,0.21862938686850553,-0.7015926535897559,20.12685537338257
1780780507.44712,4.005413845998684,-0.4954252210827531,0.21822882105267913,-0.7015926535897572,20.150461196899414
1780780507.4699621,4.005439994248884,-0.4954031254295408,0.21781016542644863,-0.7015926535897576,20.173303365707397
1780780507.4919412,4.00544450087203,-0.4953993172671802,0.21887874009173544,-0.7015926535897581,20.195282459259033
1780780507.5164702,4.005476697585041,-0.4953721105745765,0.2180826851215633,-0.7015926535897572,20.21981143951416
1780780507.5372248,4.005501594504573,-0.4953510723140477,0.21785108720130705,-0.7015926535897603,20.24056601524353
1780780507.5626009,4.005507107848142,-0.49534641345823055,0.21895164562326086,-0.7015926535897612,20.265942096710205
1780780507.5857778,4.005543024353896,-0.4953160634864458,0.21802600780251166,-0.7015926535897603,20.289119005203247
1780780507.6045895,4.005566743755788,-0.495296020245516,0.21797953713846555,-0.7015926535897612,20.30793070793152
1780780507.627176,4.005575789725192,-0.4952883762692886,0.21892478659741912,-0.701592653589759,20.330517292022705
1780780507.6471922,4.005613646455249,-0.49525638677963923,0.2179859408079258,-0.7015926535897599,20.350533485412598
1780780507.6724432,4.0056324577832525,-0.4952404909328094,0.2183817814699296,-0.7015926535897576,20.375784397125244
1780780507.6957707,4.00565422703046,-0.4952220956010634,0.2185147111272448,-0.7015926535897581,20.39911198616028
1780780507.717194,4.005687560863371,-0.49519392802554213,0.217996500825737,-0.701592653589759,20.42053532600403
1780780507.7421837,4.005699907008795,-0.49518349535239226,0.2188813612896506,-0.7015926535897594,20.44552493095398
1780780507.762935,4.00573736094883,-0.4951518462261924,0.21806887190047092,-0.7015926535897594,20.466276168823242
1780780507.7868237,4.005760867501156,-0.4951319828462555,0.21826326196231322,-0.7015926535897594,20.49016499519348
1780780507.8094835,4.005778592616267,-0.4951170048651792,0.21880060937462745,-0.701592653589759,20.512824773788452
1780780507.830922,4.005819470666048,-0.4950824623162472,0.21785137332052365,-0.7015926535897581,20.534263134002686
1780780507.854822,4.005836992437218,-0.49506765616377135,0.21850034812141497,-0.7015926535897572,20.558163166046143
1780780507.8774412,4.005861033264906,-0.4950473413133511,0.21863796648841097,-0.7015926535897559,20.580782413482666
1780780507.9024682,4.005900778672456,-0.4950137558636433,0.21783154915057376,-0.7015926535897572,20.605809450149536
1780780507.9249742,4.00591633378616,-0.49500061156544284,0.21866565009500671,-0.7015926535897576,20.628315448760986
1780780507.9452147,4.005945236678502,-0.4949761881993968,0.21852153706186236,-0.7015926535897576,20.648555994033813
1780780507.9695919,4.005982682808041,-0.4949445456731789,0.21790081936985217,-0.7015926535897585,20.672933101654053
1780780507.9901624,4.005996649256196,-0.4949327438205622,0.21886931245072838,-0.7015926535897581,20.693503618240356
1780780508.0166192,4.006032196850915,-0.49490270558398963,0.21832748644120928,-0.7015926535897576,20.7199604511261
1780780508.0397856,4.006063386562878,-0.4948763498219749,0.21815627076024283,-0.7015926535897576,20.74312686920166
1780780508.0629067,4.006079405610481,-0.49486281349285327,0.21896956085342686,-0.7015926535897599,20.766247987747192
1780780508.0879633,4.0061208401594515,-0.4948278006939814,0.21809156912791824,-0.7015926535897599,20.79130458831787
1780780508.1091433,4.006141849993444,-0.49481004707749043,0.2186271745676873,-0.7015926535897599,20.81248450279236
1780780508.136302,4.006171409186795,-0.49478506912751197,0.218486625498517,-0.7015926535897608,20.839643239974976
1780780508.160931,4.0062057479094655,-0.49475605240547105,0.21811166470552934,-0.7015926535897625,20.864272356033325
1780780508.1808918,4.006220145571787,-0.494743886170587,0.21905693933767553,-0.7015926535897616,20.884232997894287
1780780508.2038896,4.006261965890794,-0.4947085473904015,0.21811476119159462,-0.7015926535897625,20.907230854034424
1780780508.2275844,4.006289068907166,-0.4946856449458314,0.21819266728912645,-0.7015926535897603,20.930925607681274
1780780508.2469113,4.006303190181473,-0.4946737122628563,0.21912010343908492,-0.7015926535897599,20.950252532958984
1780780508.269977,4.006347180115334,-0.4946365401264397,0.2180306152504192,-0.7015926535897594,20.973318338394165
1780780508.291049,4.00637115699674,-0.49461627931156216,0.21829587948569096,-0.701592653589759,20.99439024925232
1780780508.3135684,4.0063867058697245,-0.4946031402868562,0.21909015789240466,-0.701592653589759,21.0169095993042
1780780508.3373065,4.006429904090944,-0.49456663715918314,0.21803557568032647,-0.701592653589759,21.040647745132446
1780780508.3589857,4.0064508534643,-0.49454893463281413,0.21848242772335733,-0.701592653589759,21.062326908111572
1780780508.3853714,4.006471355677653,-0.4945316099631766,0.21887550765833141,-0.7015926535897594,21.088712692260742
1780780508.4089277,4.006509716089726,-0.4944991948548691,0.21813537650476364,-0.7015926535897616,21.112268924713135
1780780508.4321036,4.0065244404744735,-0.49448675253476393,0.21897085582973055,-0.7015926535897639,21.13544487953186
1780780508.4600432,4.0065586925435515,-0.4944578090362748,0.21839211228615543,-0.7015926535897621,21.163384437561035
1780780508.4794455,4.006585608830618,-0.4944350643806962,0.21836199035500192,-0.7015926535897643,21.18278670310974
1780780508.5031462,4.006601180733263,-0.4944219058955948,0.2190222102849034,-0.7015926535897643,21.20648741722107
1780780508.525614,4.006639455624098,-0.494389563053983,0.21816059011169353,-0.7015926535897652,21.228955268859863
1780780508.5491834,4.006655097260106,-0.4943763456431697,0.21883873751624325,-0.7015926535897661,21.252524614334106
1780780508.5724947,4.006682625830576,-0.4943530835991738,0.21857903103732002,-0.7015926535897652,21.27583599090576
1780780508.5929356,4.0067144770408305,-0.49432616886144504,0.21807968193668753,-0.7015926535897647,21.296276807785034
1780780508.615865,4.006723239086513,-0.4943187648049063,0.21912559481702795,-0.701592653589763,21.31920623779297
1780780508.6367266,4.006756371277705,-0.4942907676195808,0.2184282431255916,-0.7015926535897625,21.340067863464355
1780780508.6627767,4.006784116123749,-0.4942673228195674,0.2181150788194272,-0.7015926535897616,21.36611795425415
1780780508.6855104,4.0067906075464546,-0.4942618374726001,0.21922003135694,-0.7015926535897603,21.388851642608643
1780780508.7062078,4.006824965193135,-0.49423280475949316,0.21836499660094297,-0.7015926535897612,21.40954899787903
1780780508.7322445,4.006848688170399,-0.49421275849732316,0.21823671657965654,-0.7015926535897608,21.435585737228394
1780780508.7522154,4.006855244866935,-0.49420721799301404,0.2192269281237116,-0.7015926535897608,21.455556631088257
1780780508.7740102,4.006889493708977,-0.4941782772214145,0.21830322576321673,-0.7015926535897603,21.477351427078247
1780780508.7973044,4.006905519987475,-0.494164734782081,0.21861822113447726,-0.7015926535897594,21.500645637512207
1780780508.8195472,4.006920511818942,-0.49415206646559445,0.218876921540051,-0.7015926535897621,21.52288842201233
1780780508.8446224,4.006949105314797,-0.4941279045440988,0.21827698108407192,-0.7015926535897594,21.547963619232178
1780780508.864978,4.006955122112472,-0.4941228202622101,0.21915062110974065,-0.7015926535897608,21.56831932067871
1780780508.8860831,4.006983796971704,-0.4940985895874732,0.21839334718657846,-0.7015926535897612,21.58942437171936
1780780508.908807,4.006999939507524,-0.4940849489090045,0.2185051598812567,-0.7015926535897603,21.61214828491211
1780780508.9297676,4.007007008538488,-0.4940789754746214,0.21914018283434716,-0.7015926535897594,21.633108854293823
1780780508.9532297,4.007037848353119,-0.49405291538096135,0.21814848962095448,-0.7015926535897585,21.65657091140747
1780780508.9789088,4.007045442087328,-0.4940464985646778,0.21871458018500334,-0.7015926535897576,21.682250022888184
1780780508.9973528,4.007055398556763,-0.4940380852026314,0.21900338429867547,-0.7015926535897554,21.70069408416748
1780780509.021497,4.007083172081363,-0.4940146161688183,0.21811255354696563,-0.701592653589755,21.724838256835938
1780780509.0423112,4.007086288348135,-0.49401198287789433,0.21886378312109034,-0.7015926535897528,21.745652437210083
1780780509.0688684,4.007098430102941,-0.4940017229177995,0.21886995670911286,-0.7015926535897519,21.772209644317627
1780780509.091167,4.0071216604043425,-0.49398209297392637,0.2181642511482013,-0.7015926535897514,21.79450821876526
1780780509.1130044,4.007120555214064,-0.4939830268758489,0.21907759822110254,-0.7015926535897519,21.816345691680908
1780780509.1344535,4.007137373453037,-0.4939688152183532,0.2186440711829736,-0.7015926535897528,21.8377947807312
1780780509.1555889,4.007152088530724,-0.4939563807628506,0.21838792297815518,-0.7015926535897545,21.858930110931396
1780780509.1793709,4.007149351628799,-0.4939586934849381,0.21924219291845448,-0.7015926535897536,21.8827121257782
1780780509.2010117,4.007171398021745,-0.49394006396099616,0.21836177201858215,-0.7015926535897514,21.90435290336609
1780780509.2217002,4.007173829222661,-0.49393800956072476,0.21881329816016562,-0.7015926535897545,21.925041437149048
1780780509.2470028,4.007181065369357,-0.49393189491111,0.21879449008179996,-0.7015926535897541,21.95034408569336
1780780509.2688289,4.007195390975952,-0.49391978956436694,0.21833374496028127,-0.7015926535897523,21.972170114517212
1780780509.2914507,4.007188194558492,-0.49392587064219823,0.21927802570425406,-0.7015926535897501,21.994791984558105
1780780509.3127804,4.007206509187065,-0.49391039451364116,0.21838724874548154,-0.7015926535897528,22.01612162590027
1780780509.3334842,4.007211773405662,-0.4939059461720628,0.2183780396333035,-0.7015926535897532,22.03682541847229
1780780509.359553,4.0072016483019235,-0.49391450203255993,0.21935891362644058,-0.7015926535897523,22.062894344329834
1780780509.3804955,4.007220954845795,-0.4938981877210923,0.21827884639957026,-0.7015926535897532,22.083836793899536
1780780509.4050574,4.007221389808644,-0.4938978201711331,0.21845659684056554,-0.7015926535897523,22.10839867591858
1780780509.42902,4.007210613433635,-0.4939069263653623,0.21933118341508434,-0.7015926535897523,22.13236117362976
1780780509.449029,4.007227945610689,-0.49389228042268285,0.21825814640945407,-0.7015926535897514,22.15237021446228
1780780509.4738305,4.00722386279547,-0.49389573046115753,0.2186178549974371,-0.7015926535897505,22.17717170715332
1780780509.4947233,4.007215941250422,-0.49390242428238745,0.21913155372562518,-0.701592653589751,22.19806456565857
1780780509.5171669,4.007227840656654,-0.49389236911037787,0.21831818049786456,-0.7015926535897505,22.220508098602295
1780780509.5402663,4.007215880583548,-0.4939024755467828,0.21909578487241407,-0.7015926535897519,22.24360752105713
1780780509.5620506,4.007220464592487,-0.4938986019922981,0.2186088091773066,-0.7015926535897532,22.26539182662964
1780780509.5847092,4.00722017662055,-0.4938988453327887,0.2184912825715779,-0.7015926535897523,22.288050413131714
1780780509.6048052,4.007206098060737,-0.49391074192139567,0.21921716371282,-0.7015926535897519,22.308146476745605
1780780509.6275482,4.0072154212698745,-0.4939028636735468,0.21832295335067492,-0.7015926535897532,22.330889463424683
1780780509.6505132,4.0072028469318965,-0.4939134891727382,0.21891483090075353,-0.7015926535897528,22.353854417800903
1780780509.6729794,4.007198602016946,-0.4939170761878523,0.21878794373032018,-0.7015926535897528,22.376320600509644
1780780509.696604,4.007201640356183,-0.4939145087468336,0.21819978475103635,-0.7015926535897536,22.39994525909424
1780780509.723018,4.007180890324139,-0.4939320428268865,0.2192008789138023,-0.7015926535897559,22.426359176635742
1780780509.7422056,4.007181763348183,-0.49393130510882177,0.218608082799,-0.701592653589755,22.445546865463257
1780780509.7634714,4.007180056651378,-0.49393274729254155,0.21820543364402822,-0.7015926535897514,22.46681261062622
1780780509.7840722,4.007156029187627,-0.49395305085024005,0.21929293532535452,-0.701592653589751,22.48741340637207
1780780509.8058987,4.0071580268483125,-0.4939513627977934,0.21851469717709995,-0.7015926535897514,22.50923991203308
1780780509.8290334,4.0071519042629555,-0.4939565364718157,0.21829701502698876,-0.7015926535897505,22.532374620437622
1780780509.8514323,4.0071269458394525,-0.49397762670409634,0.2193109354983829,-0.7015926535897505,22.554773569107056
1780780509.8760176,4.007129337466189,-0.49397560574458194,0.2184091033805498,-0.7015926535897519,22.57935881614685
1780780509.898097,4.007115198963165,-0.49398755298607483,0.21863603261864484,-0.7015926535897532,22.601438283920288
1780780509.9219193,4.00709712813142,-0.4940028231027538,0.2190138230188392,-0.7015926535897541,22.625260591506958
1780780509.942902,4.007095381094967,-0.4940042993740663,0.21832580876853236,-0.7015926535897541,22.64624333381653
1780780509.9650886,4.007070517201545,-0.4940253097270474,0.21916805230696276,-0.7015926535897545,22.668429851531982
1780780509.986817,4.007066710993158,-0.494028526028711,0.21847390044809215,-0.7015926535897572,22.690158128738403
1780780510.0069933,4.007052779700989,-0.49404029817400635,0.2184972397500217,-0.7015926535897568,22.710334539413452
1780780510.0319886,4.007027539666887,-0.49406162637135514,0.21921073465284358,-0.7015926535897559,22.7353298664093
1780780510.055962,4.007027610572164,-0.4940615664553619,0.21818527372848123,-0.7015926535897554,22.759303331375122
1780780510.0809057,4.007005422731297,-0.4940803155048654,0.21866303922913816,-0.701592653589755,22.784246921539307
1780780510.1044226,4.006982681255249,-0.4940995323841761,0.2190847057731627,-0.7015926535897541,22.807763814926147
1780780510.125502,4.006980770075403,-0.49410114735905075,0.21811876296718918,-0.7015926535897554,22.828843355178833
1780780510.1495967,4.006954603914642,-0.4941232581469486,0.21878218046633557,-0.701592653589755,22.852937936782837
1780780510.1722276,4.0069342805742165,-0.494140431666353,0.21893458502239838,-0.701592653589755,22.875568866729736
1780780510.1958952,4.006928881361957,-0.49414499407954715,0.21814015745128476,-0.7015926535897572,22.89923644065857
1780780510.220523,4.006899171456522,-0.4941700993834383,0.21898042548317473,-0.7015926535897559,22.923864364624023
1780780510.241618,4.006884612199346,-0.49418240216833415,0.21866540948206145,-0.7015926535897545,22.94495916366577
1780780510.2690525,4.006871480977797,-0.49419349824227266,0.21832094618345924,-0.7015926535897554,22.97239375114441
1780780510.2944343,4.0068395985992655,-0.4942204393176494,0.21919907243348377,-0.7015926535897554,22.997775554656982
1780780510.3189569,4.006832960415306,-0.4942260486800196,0.21832716945287933,-0.701592653589755,23.022298097610474
1780780510.346097,4.006808481127822,-0.49424673403536845,0.2186915293185815,-0.7015926535897545,23.04943823814392
1780780510.3673089,4.006786201725006,-0.494265560456051,0.2187921027259939,-0.7015926535897554,23.070650100708008
1780780510.3968983,4.00677454639705,-0.49427540937835424,0.2182435182129261,-0.7015926535897554,23.100239515304565
1780780510.4213164,4.006740702604997,-0.4943040078767975,0.21917088270757862,-0.7015926535897554,23.12465763092041
1780780510.442151,4.0067315731846245,-0.4943117223703147,0.21834380887084492,-0.7015926535897545,23.14549231529236
1780780510.4671988,4.006712132202582,-0.4943281502839998,0.21824599867184666,-0.7015926535897528,23.17054009437561
1780780510.4928396,4.006675898981959,-0.4943587678844726,0.21926526125507723,-0.7015926535897519,23.196180820465088
1780780510.511371,4.006669858563292,-0.4943638721264429,0.21820777863782748,-0.7015926535897523,23.214712142944336
1780780510.5337179,4.006647043857306,-0.4943831508861214,0.21829721147039027,-0.7015926535897505,23.237059116363525
1780780510.5559843,4.006611292680875,-0.49441336115221385,0.21923788533884897,-0.7015926535897532,23.25932550430298
1780780510.5806043,4.006605286020199,-0.49441843686818854,0.21816028126731554,-0.701592653589751,23.283945560455322
1780780510.6038818,4.006579497502065,-0.49444022854255265,0.2184325420899809,-0.7015926535897519,23.307223081588745
1780780510.62524,4.006547737732022,-0.4944670660119675,0.21905338516144515,-0.7015926535897519,23.3285813331604
1780780510.6473958,4.006538800157472,-0.4944746183929605,0.21818110303204633,-0.7015926535897514,23.35073709487915
1780780510.6683655,4.0065068303275675,-0.49450163336602543,0.21888749810030833,-0.7015926535897514,23.37170672416687
1780780510.6933162,4.006489241399296,-0.494516496267234,0.2185070470302491,-0.7015926535897528,23.396657466888428
1780780510.7172887,4.006470354885546,-0.4945324556471175,0.21830317634513643,-0.7015926535897528,23.42062997817993
1780780510.7384448,4.006436280349557,-0.4945612491275559,0.21908216124460292,-0.7015926535897532,23.44178605079651
1780780510.7612388,4.006427329572646,-0.4945688126647363,0.2181708249594966,-0.7015926535897528,23.464580059051514
1780780510.782067,4.006397952561408,-0.49459363666816913,0.21867771264136626,-0.7015926535897528,23.485408306121826
1780780510.8052917,4.006374507391343,-0.49461344817920055,0.21868581153812244,-0.7015926535897536,23.50863289833069
1780780510.826868,4.0063624431085225,-0.49462364267433656,0.21801134231212446,-0.7015926535897541,23.53020930290222
1780780510.8472943,4.006326634503591,-0.49465390146835014,0.2189561080720792,-0.7015926535897563,23.55063557624817
1780780510.8689764,4.006310551959514,-0.4946674914529177,0.2184845831411918,-0.7015926535897559,23.572317600250244
1780780510.8891225,4.006295819816824,-0.49467994032859736,0.21799568366963606,-0.7015926535897563,23.592463731765747
1780780510.9119532,4.00625842666873,-0.49471153808472024,0.21905503274476992,-0.7015926535897576,23.615294456481934
1780780510.9360948,4.006246091368276,-0.4947219615937142,0.21837108676849776,-0.7015926535897612,23.63943600654602
1780780510.957571,4.00622903245306,-0.49473637662615194,0.21806775869090034,-0.7015926535897625,23.66091227531433
1780780510.9790251,4.006192310458798,-0.4947674072474863,0.21909527474681834,-0.7015926535897634,23.682366371154785
1780780510.9990933,4.006183452113674,-0.49477489267845703,0.21823327948987203,-0.7015926535897634,23.702434539794922
1780780511.022891,4.006160549328187,-0.4947942458666003,0.21837615118733855,-0.701592653589763,23.726232290267944
1780780511.0461805,4.006131686684982,-0.49481863522153746,0.2188637484518721,-0.701592653589763,23.749521732330322
1780780511.066439,4.006122552970293,-0.49482635334381203,0.218106016218101,-0.7015926535897625,23.769780158996582
1780780511.0882945,4.006090568957217,-0.49485338030186526,0.21890758973036364,-0.7015926535897643,23.791635751724243
1780780511.1082027,4.006078629821803,-0.49486346904561423,0.21829527641868274,-0.7015926535897639,23.811543941497803
1780780511.1333518,4.0060597965778895,-0.49487938341170806,0.2182350630393697,-0.7015926535897652,23.836693048477173
1780780511.1567607,4.006028103188964,-0.49490616478811034,0.21901841466655492,-0.7015926535897625,23.86010193824768
1780780511.1773255,4.006023896099397,-0.4949097198402232,0.21797847914113114,-0.7015926535897616,23.880666732788086
1780780511.2022994,4.005998986148911,-0.49493076911209843,0.21837311006938473,-0.701592653589763,23.905640602111816
1780780511.2272756,4.005971348031992,-0.4949541237244424,0.21891971971973823,-0.7015926535897643,23.930616855621338
1780780511.2498155,4.005968077070836,-0.4949568877343803,0.21789844749254508,-0.7015926535897661,23.95315670967102
1780780511.2736602,4.005941435115712,-0.4949794005754621,0.2184796841714848,-0.7015926535897639,23.977001428604126
1780780511.2939994,4.005918180012158,-0.4949990514775176,0.21878462977660293,-0.7015926535897652,23.9973406791687
1780780511.3185704,4.00591407936517,-0.49500251658409594,0.21790811624004675,-0.7015926535897652,24.02191162109375
1780780511.3403466,4.005886119629646,-0.49502614296885744,0.21866777405190413,-0.7015926535897656,24.04368782043457
1780780511.3619084,4.005871079084332,-0.49503885244925855,0.21849175955001032,-0.701592653589763,24.06524968147278
1780780511.3865569,4.005861553194141,-0.49504690196555867,0.21806587761294596,-0.7015926535897643,24.089898109436035
1780780511.4089577,4.005832376399314,-0.4950715567832019,0.21896091149976296,-0.701592653589763,24.1122989654541
1780780511.4325051,4.005829141951388,-0.49507428993892433,0.21811839145074852,-0.7015926535897634,24.135846376419067
1780780511.4568958,4.005810286346143,-0.4950902232006687,0.21840244288003355,-0.7015926535897634,24.160237073898315
1780780511.4791381,4.005791278302732,-0.4951062852748906,0.21862960227638434,-0.7015926535897643,24.18247938156128
1780780511.5021925,4.005786982198518,-0.49510991554567907,0.2180006201427803,-0.7015926535897608,24.205533742904663
1780780511.5247672,4.005760094377962,-0.49513263614664216,0.21890448919915417,-0.7015926535897612,24.228108406066895
1780780511.5469375,4.005757133967702,-0.4951351377365375,0.21816234992376457,-0.7015926535897594,24.25027871131897
1780780511.570606,4.005747022417218,-0.49514368214433757,0.21798335802847058,-0.7015926535897603,24.27394723892212
1780780511.5907187,4.005718975672412,-0.49516738205321287,0.21903466994003162,-0.7015926535897608,24.294059991836548
1780780511.613048,4.005721858573802,-0.49516494595944277,0.21802121598689336,-0.7015926535897612,24.316389322280884
1780780511.633445,4.005710359258888,-0.49517466304844615,0.2180298676024971,-0.7015926535897603,24.3367862701416
1780780511.6576097,4.005684410557047,-0.49519659008038297,0.2190305597922646,-0.7015926535897594,24.36095094680786
1780780511.6823447,4.005689717998615,-0.49519210521476187,0.2179700173981986,-0.7015926535897594,24.385685920715332
1780780511.7040532,4.005677137248549,-0.49520273613226035,0.21816254609235844,-0.7015926535897594,24.407394409179688
1780780511.7259974,4.005656560610189,-0.49522012369211577,0.21888482727206487,-0.7015926535897599,24.429338693618774
1780780511.7462773,4.005661575004421,-0.49521588645577347,0.21797541195209494,-0.7015926535897603,24.449618577957153
1780780511.7708936,4.005644523637591,-0.49523029510971334,0.21860470325238704,-0.7015926535897612,24.47423481941223
1780780511.794234,4.005639614995694,-0.49523444298378894,0.21835263150660664,-0.7015926535897621,24.497575283050537
1780780511.8180242,4.005637112964523,-0.49523655723665977,0.21807055617179824,-0.701592653589763,24.52136540412903
1780780511.8418376,4.005617957078195,-0.4952527442403039,0.2188970638642316,-0.7015926535897621,24.54517889022827
1780780511.8626437,4.005625198460491,-0.4952466251665323,0.21799051287921611,-0.7015926535897603,24.565984964370728
1780780511.8856907,4.005613654230624,-0.49525638020932944,0.2184203171448891,-0.7015926535897612,24.58903193473816
1780780511.907849,4.005605272529081,-0.49526346286951467,0.21857158876337873,-0.701592653589763,24.61119031906128
1780780511.9283426,4.005612337392042,-0.4952574929571594,0.2178190077407105,-0.7015926535897603,24.631683826446533
1780780511.9513702,4.0055956926220695,-0.4952715580308194,0.21870145872921848,-0.7015926535897599,24.654711484909058
1780780511.975206,4.005596094958727,-0.49527121805046975,0.21837276688605814,-0.7015926535897612,24.678547143936157
1780780511.9946988,4.00560183415136,-0.49526636834889465,0.21780546126272793,-0.7015926535897599,24.698040008544922
1780780512.0177991,4.005584509211934,-0.4952810081756752,0.21883046407480855,-0.7015926535897576,24.721140384674072
1780780512.038349,4.005590468241759,-0.49527597270846363,0.21826214869265748,-0.7015926535897585,24.741690158843994
1780780512.0617316,4.005595155028129,-0.49527201230554874,0.2178808334978476,-0.7015926535897585,24.7650728225708
1780780512.0830984,4.00557910876625,-0.49528557163113096,0.2189158205275766,-0.7015926535897585,24.786439657211304
1780780512.1046498,4.005590565714087,-0.49527589034292524,0.21811497703283933,-0.7015926535897599,24.80799102783203
1780780512.126999,4.005590361118958,-0.4952760632287966,0.2181812577278792,-0.7015926535897594,24.830340147018433
1780780512.147603,4.0055819197450395,-0.49528319631300954,0.2187726166086419,-0.7015926535897576,24.85094428062439
1780780512.173134,4.00559573918218,-0.49527151868684527,0.21796633454821487,-0.7015926535897572,24.87647533416748
1780780512.1969168,4.005587069718517,-0.49527884451022386,0.21872097779447677,-0.7015926535897563,24.90025806427002
1780780512.217265,4.005596354455503,-0.49527099877190234,0.21821164345935787,-0.7015926535897572,24.92060613632202
1780780512.2403207,4.005601821357201,-0.4952663791601428,0.21807518771612372,-0.7015926535897576,24.94366192817688
1780780512.261963,4.0055925349090735,-0.4952742263444029,0.21892201278326484,-0.7015926535897576,24.965304136276245
1780780512.2849166,4.0056118215640835,-0.49525792883931324,0.2178884477267941,-0.7015926535897568,24.988257884979248
1780780512.3083572,4.005611763033597,-0.49525797829842944,0.21820671536122796,-0.7015926535897568,25.011698484420776
1780780512.3286598,4.005606391373509,-0.49526251742963745,0.21887150803872668,-0.7015926535897568,25.03200101852417
1780780512.3533852,4.005627801546211,-0.49524442552109016,0.21781522595919037,-0.7015926535897568,25.056726455688477
1780780512.3741274,4.005626502508766,-0.49524552322669857,0.21832047694804468,-0.7015926535897572,25.077468633651733
1780780512.398596,4.00562562164968,-0.4952462675654883,0.2187707434141146,-0.7015926535897545,25.101937294006348
1780780512.4216332,4.0056469831921495,-0.49522821675019923,0.21783190802411706,-0.701592653589755,25.124974489212036
1780780512.4451423,4.005644735175521,-0.4952301163570744,0.21851668380785774,-0.7015926535897559,25.148483514785767
1780780512.4679604,4.00565227407108,-0.49522374588025003,0.21848568364818846,-0.701592653589755,25.17130160331726
1780780512.488584,4.005668738649727,-0.49520983307089184,0.217984134923751,-0.7015926535897545,25.191925287246704
1780780512.5124755,4.005664317239848,-0.49521356922679816,0.2188880153107053,-0.7015926535897545,25.215816736221313
1780780512.537673,4.005685160248089,-0.49519595658050236,0.21809399686290473,-0.701592653589755,25.24101424217224
1780780512.5625436,4.0056923115975005,-0.4951899135858322,0.21830300526787907,-0.7015926535897545,25.26588487625122
1780780512.5874624,4.005696321086247,-0.4951865255092978,0.21866214049850774,-0.7015926535897568,25.29080367088318
1780780512.6074333,4.005717873022709,-0.4951683138083037,0.2179579130127887,-0.7015926535897559,25.310774564743042
1780780512.6316688,4.005716307320014,-0.49516963684994203,0.2188295942969052,-0.7015926535897541,25.335010051727295
1780780512.6544855,4.005736416807672,-0.49515264403925086,0.2181909107949094,-0.7015926535897514,25.357826709747314
1780780512.675172,4.005752078932661,-0.495139409314951,0.21793536780317635,-0.7015926535897541,25.37851333618164
1780780512.6982584,4.005748259534839,-0.49514263676187875,0.21900957079036576,-0.7015926535897536,25.401599645614624
1780780512.7227957,4.005774540492855,-0.495120428968622,0.21805806658604263,-0.7015926535897523,25.42613697052002
1780780512.7410922,4.005788428440455,-0.49510869345012054,0.21798992348040197,-0.7015926535897514,25.444433450698853
1780780512.7643015,4.005785893118165,-0.49511083583447396,0.21904088053347667,-0.7015926535897532,25.467642784118652
1780780512.7847204,4.005814524920887,-0.49508664154311466,0.21801465364132752,-0.7015926535897532,25.488061666488647
1780780512.8120604,4.00582678450043,-0.49507628201939696,0.21813074002348193,-0.7015926535897528,25.515401601791382
1780780512.8337445,4.005828469608411,-0.4950748580785497,0.218944110161567,-0.7015926535897523,25.53708577156067
1780780512.8546526,4.005856965524967,-0.495050778612987,0.21801413604698397,-0.7015926535897541,25.55799388885498
1780780512.8776782,4.005864021145239,-0.49504481651083543,0.21856889045076044,-0.7015926535897532,25.581019401550293
1780780512.898778,4.005879956031175,-0.49503135129955067,0.21844795171535708,-0.701592653589751,25.602119207382202
1780780512.9208596,4.0059010492674405,-0.49501352720692177,0.21808999379146848,-0.7015926535897523,25.62420082092285
1780780512.9428058,4.005903704833338,-0.4950112832149638,0.21895257755372302,-0.7015926535897519,25.64614701271057
1780780512.9630008,4.005932427453872,-0.49498701218122915,0.21806639165726407,-0.7015926535897501,25.66634202003479
1780780512.9885263,4.005943525828333,-0.494977633892761,0.21842069457473506,-0.7015926535897492,25.69186758995056
1780780513.0092814,4.005954415506969,-0.49496843195531254,0.2187169174798691,-0.7015926535897488,25.71262264251709
1780780513.031734,4.005983379683858,-0.4949439568029311,0.21788769607526629,-0.7015926535897452,25.73507523536682
1780780513.0549147,4.00598835082473,-0.49493975611631075,0.21869540356886932,-0.7015926535897448,25.75825595855713
1780780513.0762398,4.006006583096672,-0.49492434958030773,0.2185245605095887,-0.7015926535897443,25.77958106994629
1780780513.1005533,4.006033249750487,-0.494901815868468,0.21787994662571306,-0.7015926535897465,25.803894519805908
1780780513.1208062,4.006036123983278,-0.4948993870997941,0.21885781576374638,-0.7015926535897448,25.82414746284485
1780780513.1431203,4.006058939082917,-0.49488010800747106,0.2184195434605507,-0.7015926535897434,25.846461534500122
1780780513.1644711,4.006083230210345,-0.4948595816501179,0.217960677039873,-0.701592653589743,25.867812395095825
1780780513.18493,4.00608549575174,-0.4948576672345592,0.2189896549600387,-0.701592653589743,25.88827133178711
1780780513.2070336,4.006113291278336,-0.4948341796087403,0.21826352246951658,-0.7015926535897443,25.910374879837036
1780780513.2272584,4.006131365199218,-0.49481890688169555,0.21825279450943874,-0.7015926535897417,25.930599689483643
1780780513.255544,4.0061384298520455,-0.49481293714690544,0.2189338307278258,-0.701592653589743,25.958885192871094
1780780513.2789705,4.006168771916368,-0.49478729765952384,0.21809178328770812,-0.7015926535897421,25.982311725616455
1780780513.299525,4.0061768409950025,-0.4947804791702596,0.2187846287904953,-0.7015926535897421,26.00286626815796
1780780513.3235843,4.006199389673792,-0.4947614252074465,0.21839063542248774,-0.701592653589743,26.026925563812256
1780780513.3434246,4.006220598252636,-0.4947435036486536,0.21817631003637183,-0.7015926535897434,26.04676580429077
1780780513.3705678,4.006224908540814,-0.49473986139220927,0.21907132073811372,-0.7015926535897412,26.073909044265747
1780780513.3949845,4.006257328515451,-0.4947124660402715,0.21805587260832002,-0.7015926535897354,26.098325729370117
1780780513.4212072,4.00627147845803,-0.4947005091321857,0.21829568597809582,-0.7015926535897341,26.12454843521118
1780780513.448335,4.006277260559423,-0.49469562317208304,0.21906315945037994,-0.7015926535897337,26.151676177978516
1780780513.4724636,4.006310752643325,-0.49466732187216383,0.21798331941121052,-0.7015926535897337,26.17580485343933
1780780513.4920743,4.006321987818721,-0.4946578279849075,0.21841017373516444,-0.7015926535897328,26.195415496826172
1780780513.514412,4.006330164714774,-0.4946509183883485,0.2189899920830875,-0.7015926535897332,26.217753171920776
1780780513.5349834,4.006362289045356,-0.49462377285995496,0.2179999313777247,-0.7015926535897323,26.238324642181396
1780780513.5615163,4.006370786993825,-0.4946165919694189,0.21860681315402516,-0.7015926535897328,26.264857530593872
1780780513.5850506,4.006385274237015,-0.49460435003739217,0.21871806456257842,-0.7015926535897323,26.288391828536987
1780780513.6044922,4.006411317631932,-0.49458234298842313,0.2181377243939644,-0.7015926535897345,26.307833433151245
1780780513.6274369,4.006415074109127,-0.49457916871034474,0.2190334589245273,-0.7015926535897359,26.330778121948242
1780780513.6481547,4.006442096571253,-0.49455633433528934,0.21829806421186057,-0.7015926535897368,26.35149598121643
1780780513.672963,4.006457010043801,-0.4945437322332335,0.21842804212057876,-0.7015926535897394,26.376304149627686
1780780513.6962938,4.006465568692603,-0.4945365000500294,0.21890160770656547,-0.701592653589739,26.399635076522827
1780780513.7210724,4.0064933092876025,-0.49451305884220986,0.21813149444759666,-0.7015926535897403,26.424413681030273
1780780513.7467299,4.006497511105795,-0.4945095082444857,0.21895287142226963,-0.7015926535897412,26.450071096420288
1780780513.7673094,4.00651997969053,-0.49449052196231746,0.21842685298137976,-0.7015926535897408,26.470650672912598
1780780513.7954571,4.006540415437527,-0.4944732534577199,0.21809010060544723,-0.7015926535897399,26.498798370361328
1780780513.8213053,4.006539730095304,-0.49447383258190514,0.21916884019851088,-0.7015926535897385,26.524646520614624
1780780513.8432026,4.006567121564026,-0.4944506863908886,0.21828817599599926,-0.7015926535897408,26.546543836593628
1780780513.8651834,4.006583960853474,-0.4944364569454305,0.21813830721754462,-0.7015926535897403,26.568524599075317
1780780513.8852077,4.006582321595951,-0.4944378421419717,0.21922100112083756,-0.7015926535897408,26.5885488986969
1780780513.9077718,4.006610628801845,-0.4944139221396736,0.2182377710001659,-0.7015926535897412,26.61111307144165
1780780513.931459,4.006624016998261,-0.494402608918219,0.21827222732302862,-0.7015926535897408,26.63480019569397
1780780513.9514384,4.006624168574187,-0.4944024808343469,0.2191579706177139,-0.7015926535897408,26.65477967262268
1780780513.9748657,4.006651328981605,-0.494379529893506,0.21821583415221438,-0.701592653589743,26.67820692062378
1780780513.995108,4.006657702707436,-0.494374144002116,0.21869043686911233,-0.7015926535897439,26.69844913482666
1780780514.017455,4.006669306904841,-0.494364338285875,0.2186953281635415,-0.7015926535897412,26.72079634666443
1780780514.0407174,4.006688494863161,-0.49434812418093016,0.2182559000585764,-0.7015926535897417,26.74405860900879
1780780514.0622673,4.006687464246111,-0.49434899506738544,0.21913519230402284,-0.7015926535897408,26.765608549118042
1780780514.089063,4.006711307587325,-0.49432884709591923,0.2182772532546202,-0.701592653589739,26.792404174804688
1780780514.1091323,4.006718800325704,-0.49432251562258617,0.21854993453323845,-0.7015926535897377,26.81247353553772
1780780514.1321175,4.006722648074376,-0.4943192642187764,0.2189715970848073,-0.7015926535897368,26.835458755493164
1780780514.1596982,4.006746452011362,-0.4942991495444595,0.21807324698011116,-0.7015926535897363,26.86303949356079
1780780514.1808257,4.006746140449032,-0.4942994128191781,0.21879958636277033,-0.7015926535897377,26.884166955947876
1780780514.2035306,4.006755081049707,-0.4942918578810636,0.21878048623860286,-0.7015926535897408,26.906871795654297
1780780514.2280886,4.006775326259723,-0.49427475038299523,0.2180522379680878,-0.701592653589743,26.931429862976074
1780780514.2495492,4.006771281244443,-0.49427816847996847,0.2189626682614922,-0.7015926535897425,26.952890396118164
1780780514.275762,4.00678319809313,-0.49426809856882903,0.2186617565316515,-0.7015926535897443,26.979103326797485
1780780514.296869,4.006799501724792,-0.4942543217620223,0.21811895128906492,-0.7015926535897434,27.000210285186768
1780780514.3201656,4.006792660447405,-0.49426010274130666,0.21912175613330606,-0.7015926535897425,27.02350687980652
1780780514.3425665,4.006808847302153,-0.49424642461269774,0.21847772837839793,-0.701592653589743,27.045907735824585
1780780514.3619921,4.006817443125434,-0.4942391610165176,0.2183835662561898,-0.701592653589743,27.065333366394043
1780780514.385563,4.006812506102092,-0.4942433328733275,0.21913435813405976,-0.7015926535897434,27.08890414237976
1780780514.4087143,4.006831403902061,-0.49422736395642386,0.21826394827992354,-0.7015926535897443,27.11205554008484
1780780514.4328797,4.006828630634432,-0.4942297074080622,0.2188749127869728,-0.7015926535897457,27.136220932006836
1780780514.4562008,4.006836803987618,-0.4942228008052796,0.21860390892323742,-0.7015926535897461,27.159542083740234
1780780514.4768689,4.006846277990474,-0.49421479513453587,0.2183055035123678,-0.701592653589747,27.18021011352539
1780780514.500114,4.006836932807728,-0.49422269195040647,0.21922876760629978,-0.7015926535897465,27.203455209732056
1780780514.5213466,4.006854924981136,-0.4942074883011714,0.21823898515576953,-0.7015926535897457,27.224687814712524
1780780514.544196,4.0068560711983,-0.49420651973093127,0.21839379205370948,-0.7015926535897461,27.24753713607788
1780780514.567657,4.0068461738909456,-0.4942148831001569,0.21924387240860582,-0.7015926535897474,27.270998239517212
1780780514.5888364,4.006864683449493,-0.49419924225292394,0.21814780542266823,-0.7015926535897488,27.29217767715454
1780780514.6119123,4.0068617822308115,-0.4942016938250703,0.21848946522087537,-0.701592653589747,27.315253496170044
1780780514.6321719,4.006852775877942,-0.4942093043247483,0.2191787356184961,-0.7015926535897474,27.3355131149292
1780780514.6606684,4.0068692698474955,-0.49419536667964453,0.21814471892496437,-0.7015926535897496,27.364009618759155
1780780514.687931,4.006862644504762,-0.4942009651909895,0.21866703614481334,-0.7015926535897483,27.39127230644226
1780780514.708226,4.006858372356686,-0.4942045752184937,0.2189143895951136,-0.7015926535897488,27.411567211151123
1780780514.7325735,4.006868635662896,-0.4941959025748907,0.21824921616723375,-0.701592653589747,27.435914754867554
1780780514.7540166,4.006855649149906,-0.4942068763679846,0.21911693142796138,-0.7015926535897465,27.45735788345337
1780780514.7766547,4.006863928049621,-0.4941998805768444,0.21844803396165363,-0.7015926535897465,27.47999596595764
1780780514.8021188,4.006862276729004,-0.49420127596687735,0.21849312397607548,-0.7015926535897492,27.505460023880005
1780780514.824654,4.0068514978565055,-0.49421038427152086,0.21906196164476824,-0.7015926535897492,27.527995347976685
1780780514.8502398,4.006861580891455,-0.4942018639597649,0.21823422891923258,-0.7015926535897488,27.55358099937439
1780780514.870932,4.006848482260711,-0.49421293249399845,0.21898604473158678,-0.7015926535897474,27.574273347854614
1780780514.8930857,4.006850234289398,-0.4942114520041758,0.21858123318759107,-0.701592653589747,27.596426963806152
1780780514.9157274,4.006853002703645,-0.49420911265371703,0.21815803856057864,-0.701592653589747,27.61906862258911
1780780514.9362068,4.006833560073518,-0.4942255419600594,0.21922214213828953,-0.7015926535897461,27.6395480632782
1780780514.9609962,4.006840375358636,-0.4942197829446236,0.21842096126087734,-0.7015926535897457,27.664337396621704
